datetime,carbon_intensity_actual,avg_carbon_intensity_forecast
2026-03-01T00:00:00.000000000,141.46,123.43175
2026-03-01T01:00:00.000000000,152.1,131.9862
2026-03-01T02:00:00.000000000,148.7,135.55427
2026-03-01T03:00:00.000000000,148.54,146.04151
2026-03-01T04:00:00.000000000,136.8,153.64204
2026-03-01T05:00:00.000000000,133.88,158.89417
2026-03-01T06:00:00.000000000,129.4,158.89648
2026-03-01T07:00:00.000000000,126.24,150.94909
2026-03-01T08:00:00.000000000,123.74,145.18126
2026-03-01T09:00:00.000000000,124.95,143.92356
2026-03-01T10:00:00.000000000,121.37,141.4348
2026-03-01T11:00:00.000000000,122.58,142.19013
2026-03-01T12:00:00.000000000,125.62,142.93469
2026-03-01T13:00:00.000000000,123.84,142.84809
2026-03-01T14:00:00.000000000,126.08,137.72237
2026-03-01T15:00:00.000000000,122.0,131.12091
2026-03-01T16:00:00.000000000,103.84,122.94056
2026-03-01T17:00:00.000000000,89.2,109.94147
2026-03-01T18:00:00.000000000,86.22,99.62015
2026-03-01T19:00:00.000000000,88.07,98.71339
2026-03-01T20:00:00.000000000,87.79,95.48364
2026-03-01T21:00:00.000000000,87.12,96.5649
2026-03-01T22:00:00.000000000,92.81,102.52923
2026-03-01T23:00:00.000000000,98.33,110.29705
2026-03-02T00:00:00.000000000,108.36,118.9236
2026-03-02T01:00:00.000000000,131.43,131.13541
2026-03-02T02:00:00.000000000,154.15,136.68376
2026-03-02T03:00:00.000000000,147.53,148.53545
2026-03-02T04:00:00.000000000,152.94,157.0042
2026-03-02T05:00:00.000000000,155.48,162.43743
2026-03-02T06:00:00.000000000,137.75,162.43037
2026-03-02T07:00:00.000000000,132.17,153.81967
2026-03-02T08:00:00.000000000,130.43,148.06406
2026-03-02T09:00:00.000000000,124.97,146.93302
2026-03-02T10:00:00.000000000,124.06,144.49088
2026-03-02T11:00:00.000000000,123.17,144.73539
2026-03-02T12:00:00.000000000,123.69,145.10798
2026-03-02T13:00:00.000000000,124.66,143.96252
2026-03-02T14:00:00.000000000,132.37,137.05874
2026-03-02T15:00:00.000000000,124.62,128.37114
2026-03-02T16:00:00.000000000,112.92,116.70968
2026-03-02T17:00:00.000000000,87.19,99.95008
2026-03-02T18:00:00.000000000,75.99,86.16801
2026-03-02T19:00:00.000000000,73.04,84.45141
2026-03-02T20:00:00.000000000,77.2,81.40844
2026-03-02T21:00:00.000000000,73.04,84.03985
2026-03-02T22:00:00.000000000,76.29,91.51241
2026-03-02T23:00:00.000000000,76.28,101.85961
2026-03-03T00:00:00.000000000,89.83,114.10954
2026-03-03T01:00:00.000000000,127.28,125.19356
2026-03-03T02:00:00.000000000,144.01,129.59516
2026-03-03T03:00:00.000000000,144.07,141.68855
2026-03-03T04:00:00.000000000,142.51,150.85867
2026-03-03T05:00:00.000000000,126.84,156.92413
2026-03-03T06:00:00.000000000,125.51,157.09103
2026-03-03T07:00:00.000000000,132.17,147.70741
2026-03-03T08:00:00.000000000,127.75,141.20893
2026-03-03T09:00:00.000000000,129.38,140.16398
2026-03-03T10:00:00.000000000,128.52,137.51792
2026-03-03T11:00:00.000000000,128.86,137.70866
2026-03-03T12:00:00.000000000,129.35,137.77582
2026-03-03T13:00:00.000000000,130.91,136.39859
2026-03-03T14:00:00.000000000,134.92,128.74822
2026-03-03T15:00:00.000000000,130.88,119.67926
2026-03-03T16:00:00.000000000,106.33,108.41289
2026-03-03T17:00:00.000000000,74.29,92.40835
2026-03-03T18:00:00.000000000,75.8,79.08099
2026-03-03T19:00:00.000000000,74.38,77.82676
2026-03-03T20:00:00.000000000,76.91,74.83957
2026-03-03T21:00:00.000000000,74.85,77.53264
2026-03-03T22:00:00.000000000,73.81,85.84496
2026-03-03T23:00:00.000000000,80.66,96.70217
2026-03-04T00:00:00.000000000,79.76,111.48231
2026-03-04T01:00:00.000000000,117.72,122.55015
2026-03-04T02:00:00.000000000,142.93,126.94855
2026-03-04T03:00:00.000000000,145.95,139.42137
2026-03-04T04:00:00.000000000,146.05,149.06732
2026-03-04T05:00:00.000000000,142.18,155.63823
2026-03-04T06:00:00.000000000,127.11,156.1216
2026-03-04T07:00:00.000000000,130.29,146.7872
2026-03-04T08:00:00.000000000,127.6,140.29729
2026-03-04T09:00:00.000000000,125.84,139.45868
2026-03-04T10:00:00.000000000,126.07,136.73065
2026-03-04T11:00:00.000000000,126.76,136.74451
2026-03-04T12:00:00.000000000,126.5,136.52425
2026-03-04T13:00:00.000000000,131.75,134.88376
2026-03-04T14:00:00.000000000,134.32,126.93521
2026-03-04T15:00:00.000000000,130.45,117.7
2026-03-04T16:00:00.000000000,96.67,106.42246
2026-03-04T17:00:00.000000000,74.07,90.42795
2026-03-04T18:00:00.000000000,75.76,76.91474
2026-03-04T19:00:00.000000000,79.31,75.60431
2026-03-04T20:00:00.000000000,79.2,72.40126
2026-03-04T21:00:00.000000000,82.82,74.90408
2026-03-04T22:00:00.000000000,81.8,83.23799
2026-03-04T23:00:00.000000000,69.07,94.11677
2026-03-05T00:00:00.000000000,76.33,111.80131
2026-03-05T01:00:00.000000000,101.45,123.09077
2026-03-05T02:00:00.000000000,135.18,127.60344
2026-03-05T03:00:00.000000000,149.14,140.09066
2026-03-05T04:00:00.000000000,155.33,149.70212
2026-03-05T05:00:00.000000000,150.55,156.13861
2026-03-05T06:00:00.000000000,131.45,156.43732
2026-03-05T07:00:00.000000000,125.11,146.85825
2026-03-05T08:00:00.000000000,120.28,140.20135
2026-03-05T09:00:00.000000000,123.5,139.19834
2026-03-05T10:00:00.000000000,122.18,136.35342
2026-03-05T11:00:00.000000000,122.5,136.15613
2026-03-05T12:00:00.000000000,122.2,135.703
2026-03-05T13:00:00.000000000,127.57,133.81514
2026-03-05T14:00:00.000000000,130.64,125.66643
2026-03-05T15:00:00.000000000,126.38,116.33977
2026-03-05T16:00:00.000000000,87.8,104.90813
2026-03-05T17:00:00.000000000,56.58,88.75922
2026-03-05T18:00:00.000000000,56.17,75.21695
2026-03-05T19:00:00.000000000,64.43,74.08518
2026-03-05T20:00:00.000000000,56.73,71.18884
2026-03-05T21:00:00.000000000,56.5,74.06164
2026-03-05T22:00:00.000000000,64.01,82.70029
2026-03-05T23:00:00.000000000,62.23,93.92057
2026-03-06T00:00:00.000000000,66.13,111.55588
2026-03-06T01:00:00.000000000,93.46,123.45284
2026-03-06T02:00:00.000000000,125.71,128.22297
2026-03-06T03:00:00.000000000,137.56,140.82375
2026-03-06T04:00:00.000000000,136.68,150.45849
2026-03-06T05:00:00.000000000,132.8,156.72258
2026-03-06T06:00:00.000000000,115.75,156.84319
2026-03-06T07:00:00.000000000,121.68,147.00022
2026-03-06T08:00:00.000000000,117.1,140.31108
2026-03-06T09:00:00.000000000,115.93,139.28344
2026-03-06T10:00:00.000000000,113.99,136.46649
2026-03-06T11:00:00.000000000,114.21,136.16334
2026-03-06T12:00:00.000000000,113.86,135.62793
2026-03-06T13:00:00.000000000,116.75,133.50736
2026-03-06T14:00:00.000000000,129.33,124.96254
2026-03-06T15:00:00.000000000,116.48,115.19206
2026-03-06T16:00:00.000000000,97.14,103.05981
2026-03-06T17:00:00.000000000,67.0,86.20358
2026-03-06T18:00:00.000000000,51.22,72.12033
2026-03-06T19:00:00.000000000,47.62,71.01886
2026-03-06T20:00:00.000000000,49.21,68.40923
2026-03-06T21:00:00.000000000,47.55,71.8276
2026-03-06T22:00:00.000000000,50.67,80.94559
2026-03-06T23:00:00.000000000,54.73,92.8013
2026-03-07T00:00:00.000000000,65.87,110.93979
2026-03-07T01:00:00.000000000,102.82,123.07241
2026-03-07T02:00:00.000000000,118.73,127.83586
2026-03-07T03:00:00.000000000,129.56,140.51343
2026-03-07T04:00:00.000000000,139.39,150.2233
2026-03-07T05:00:00.000000000,128.06,156.47231
2026-03-07T06:00:00.000000000,113.44,156.54529
2026-03-07T07:00:00.000000000,112.1,146.52571
2026-03-07T08:00:00.000000000,117.69,139.82543
2026-03-07T09:00:00.000000000,112.99,138.83681
2026-03-07T10:00:00.000000000,110.34,136.00971
2026-03-07T11:00:00.000000000,105.38,135.56101
2026-03-07T12:00:00.000000000,100.48,134.83223
2026-03-07T13:00:00.000000000,109.78,132.40788
2026-03-07T14:00:00.000000000,109.52,123.43147
2026-03-07T15:00:00.000000000,98.07,113.27648
2026-03-07T16:00:00.000000000,62.97,100.72208
2026-03-07T17:00:00.000000000,56.17,83.53354
2026-03-07T18:00:00.000000000,55.99,69.19286
2026-03-07T19:00:00.000000000,56.11,68.22902
2026-03-07T20:00:00.000000000,56.27,65.87977
2026-03-07T21:00:00.000000000,56.12,69.71261
2026-03-07T22:00:00.000000000,56.93,79.25107
2026-03-07T23:00:00.000000000,62.7,91.5787
2026-03-02T00:00:00.000000000,108.36,119.18529
2026-03-02T01:00:00.000000000,131.43,129.53851
2026-03-02T02:00:00.000000000,154.15,133.24385
2026-03-02T03:00:00.000000000,147.53,144.14768
2026-03-02T04:00:00.000000000,152.94,152.00202
2026-03-02T05:00:00.000000000,155.48,156.64681
2026-03-02T06:00:00.000000000,137.75,155.96544
2026-03-02T07:00:00.000000000,132.17,146.4211
2026-03-02T08:00:00.000000000,130.43,139.94409
2026-03-02T09:00:00.000000000,124.97,138.77242
2026-03-02T10:00:00.000000000,124.06,136.639
2026-03-02T11:00:00.000000000,123.17,137.931
2026-03-02T12:00:00.000000000,123.69,139.47972
2026-03-02T13:00:00.000000000,124.66,139.56106
2026-03-02T14:00:00.000000000,132.37,132.98594
2026-03-02T15:00:00.000000000,124.62,124.41089
2026-03-02T16:00:00.000000000,112.92,113.47527
2026-03-02T17:00:00.000000000,87.19,97.78457
2026-03-02T18:00:00.000000000,75.99,85.07313
2026-03-02T19:00:00.000000000,73.04,83.87582
2026-03-02T20:00:00.000000000,77.2,81.01025
2026-03-02T21:00:00.000000000,73.04,83.70403
2026-03-02T22:00:00.000000000,76.29,91.85434
2026-03-02T23:00:00.000000000,76.28,102.39853
2026-03-03T00:00:00.000000000,89.83,113.86562
2026-03-03T01:00:00.000000000,127.28,124.18076
2026-03-03T02:00:00.000000000,144.01,128.09533
2026-03-03T03:00:00.000000000,144.07,140.01946
2026-03-03T04:00:00.000000000,142.51,149.14089
2026-03-03T05:00:00.000000000,126.84,155.21462
2026-03-03T06:00:00.000000000,125.51,155.3446
2026-03-03T07:00:00.000000000,132.17,145.8499
2026-03-03T08:00:00.000000000,127.75,139.07677
2026-03-03T09:00:00.000000000,129.38,137.95196
2026-03-03T10:00:00.000000000,128.52,135.28841
2026-03-03T11:00:00.000000000,128.86,135.78199
2026-03-03T12:00:00.000000000,129.35,136.20066
2026-03-03T13:00:00.000000000,130.91,135.31542
2026-03-03T14:00:00.000000000,134.92,128.06918
2026-03-03T15:00:00.000000000,130.88,119.37576
2026-03-03T16:00:00.000000000,106.33,108.80925
2026-03-03T17:00:00.000000000,74.29,93.54082
2026-03-03T18:00:00.000000000,75.8,80.78287
2026-03-03T19:00:00.000000000,74.38,79.56745
2026-03-03T20:00:00.000000000,76.91,76.32051
2026-03-03T21:00:00.000000000,74.85,78.53545
2026-03-03T22:00:00.000000000,73.81,86.61191
2026-03-03T23:00:00.000000000,80.66,97.05143
2026-03-04T00:00:00.000000000,79.76,111.38134
2026-03-04T01:00:00.000000000,117.72,122.17601
2026-03-04T02:00:00.000000000,142.93,126.46437
2026-03-04T03:00:00.000000000,145.95,138.91191
2026-03-04T04:00:00.000000000,146.05,148.57227
2026-03-04T05:00:00.000000000,142.18,155.21621
2026-03-04T06:00:00.000000000,127.11,155.75249
2026-03-04T07:00:00.000000000,130.29,146.47447
2026-03-04T08:00:00.000000000,127.6,139.9207
2026-03-04T09:00:00.000000000,125.84,139.05869
2026-03-04T10:00:00.000000000,126.07,136.31689
2026-03-04T11:00:00.000000000,126.76,136.44356
2026-03-04T12:00:00.000000000,126.5,136.35641
2026-03-04T13:00:00.000000000,131.75,134.9206
2026-03-04T14:00:00.000000000,134.32,127.20662
2026-03-04T15:00:00.000000000,130.45,118.18885
2026-03-04T16:00:00.000000000,96.67,107.2513
2026-03-04T17:00:00.000000000,74.07,91.57879
2026-03-04T18:00:00.000000000,75.76,78.28405
2026-03-04T19:00:00.000000000,79.31,76.91856
2026-03-04T20:00:00.000000000,79.2,73.51513
2026-03-04T21:00:00.000000000,82.82,75.70257
2026-03-04T22:00:00.000000000,81.8,83.7996
2026-03-04T23:00:00.000000000,69.07,94.38699
2026-03-05T00:00:00.000000000,76.33,111.78597
2026-03-05T01:00:00.000000000,101.45,122.99619
2026-03-05T02:00:00.000000000,135.18,127.49966
2026-03-05T03:00:00.000000000,149.14,139.98931
2026-03-05T04:00:00.000000000,155.33,149.61338
2026-03-05T05:00:00.000000000,150.55,156.09372
2026-03-05T06:00:00.000000000,131.45,156.43088
2026-03-05T07:00:00.000000000,125.11,146.9029
2026-03-05T08:00:00.000000000,120.28,140.23632
2026-03-05T09:00:00.000000000,123.5,139.22432
2026-03-05T10:00:00.000000000,122.18,136.37589
2026-03-05T11:00:00.000000000,122.5,136.22454
2026-03-05T12:00:00.000000000,122.2,135.82826
2026-03-05T13:00:00.000000000,127.57,134.02444
2026-03-05T14:00:00.000000000,130.64,125.98717
2026-03-05T15:00:00.000000000,126.38,116.75715
2026-03-05T16:00:00.000000000,87.8,105.45884
2026-03-05T17:00:00.000000000,56.58,89.42572
2026-03-05T18:00:00.000000000,56.17,75.95103
2026-03-05T19:00:00.000000000,64.43,74.7702
2026-03-05T20:00:00.000000000,56.73,71.76717
2026-03-05T21:00:00.000000000,56.5,74.487
2026-03-05T22:00:00.000000000,64.01,82.99427
2026-03-05T23:00:00.000000000,62.23,94.07327
2026-03-06T00:00:00.000000000,66.13,111.56315
2026-03-06T01:00:00.000000000,93.46,123.44559
2026-03-06T02:00:00.000000000,125.71,128.22603
2026-03-06T03:00:00.000000000,137.56,140.83184
2026-03-06T04:00:00.000000000,136.68,150.47248
2026-03-06T05:00:00.000000000,132.8,156.75539
2026-03-06T06:00:00.000000000,115.75,156.89436
2026-03-06T07:00:00.000000000,121.68,147.07814
2026-03-06T08:00:00.000000000,117.1,140.39009
2026-03-06T09:00:00.000000000,115.93,139.35818
2026-03-06T10:00:00.000000000,113.99,136.54139
2026-03-06T11:00:00.000000000,114.21,136.25686
2026-03-06T12:00:00.000000000,113.86,135.74619
2026-03-06T13:00:00.000000000,116.75,133.65865
2026-03-06T14:00:00.000000000,129.33,125.16051
2026-03-06T15:00:00.000000000,116.48,115.42674
2026-03-06T16:00:00.000000000,97.14,103.33812
2026-03-06T17:00:00.000000000,67.0,86.51518
2026-03-06T18:00:00.000000000,51.22,72.44613
2026-03-06T19:00:00.000000000,47.62,71.31605
2026-03-06T20:00:00.000000000,49.21,68.65842
2026-03-06T21:00:00.000000000,47.55,72.01362
2026-03-06T22:00:00.000000000,50.67,81.07266
2026-03-06T23:00:00.000000000,54.73,92.87138
2026-03-07T00:00:00.000000000,65.87,110.94767
2026-03-07T01:00:00.000000000,102.82,123.08128
2026-03-07T02:00:00.000000000,118.73,127.85321
2026-03-07T03:00:00.000000000,129.56,140.53386
2026-03-07T04:00:00.000000000,139.39,150.24606
2026-03-07T05:00:00.000000000,128.06,156.502
2026-03-07T06:00:00.000000000,113.44,156.58239
2026-03-07T07:00:00.000000000,112.1,146.57429
2026-03-07T08:00:00.000000000,117.69,139.87603
2026-03-07T09:00:00.000000000,112.99,138.88567
2026-03-07T10:00:00.000000000,110.34,136.05936
2026-03-07T11:00:00.000000000,105.38,135.61765
2026-03-07T12:00:00.000000000,100.48,134.89864
2026-03-07T13:00:00.000000000,109.78,132.48596
2026-03-07T14:00:00.000000000,109.52,123.52669
2026-03-07T15:00:00.000000000,98.07,113.38374
2026-03-07T16:00:00.000000000,62.97,100.84101
2026-03-07T17:00:00.000000000,56.17,83.65934
2026-03-07T18:00:00.000000000,55.99,69.31892
2026-03-07T19:00:00.000000000,56.11,68.34178
2026-03-07T20:00:00.000000000,56.27,65.97378
2026-03-07T21:00:00.000000000,56.12,69.78378
2026-03-07T22:00:00.000000000,56.93,79.29937
2026-03-07T23:00:00.000000000,62.7,91.60697
2026-03-08T00:00:00.000000000,65.37,117.92063
2026-03-08T01:00:00.000000000,84.31,130.82051
2026-03-08T02:00:00.000000000,123.32,136.1791
2026-03-08T03:00:00.000000000,142.56,148.1301
2026-03-08T04:00:00.000000000,135.47,156.76098
2026-03-08T05:00:00.000000000,127.9,161.99854
2026-03-08T06:00:00.000000000,113.75,161.61637
2026-03-08T07:00:00.000000000,113.74,152.08387
2026-03-08T08:00:00.000000000,113.67,146.14296
2026-03-08T09:00:00.000000000,106.72,145.03887
2026-03-08T10:00:00.000000000,100.97,142.39152
2026-03-08T11:00:00.000000000,101.41,141.63274
2026-03-08T12:00:00.000000000,100.66,140.615
2026-03-08T13:00:00.000000000,104.18,137.78629
2026-03-08T14:00:00.000000000,106.9,128.92992
2026-03-08T15:00:00.000000000,97.13,118.8767
2026-03-08T16:00:00.000000000,67.5,105.71064
2026-03-08T17:00:00.000000000,67.64,87.83645
2026-03-08T18:00:00.000000000,67.91,73.53926
2026-03-08T19:00:00.000000000,67.13,72.8264
2026-03-08T20:00:00.000000000,68.1,71.45475
2026-03-08T21:00:00.000000000,68.61,76.33606
2026-03-08T22:00:00.000000000,76.35,85.94246
2026-03-08T23:00:00.000000000,71.61,98.4093
2026-03-03T00:00:00.000000000,89.83,112.75597
2026-03-03T01:00:00.000000000,127.28,122.89071
2026-03-03T02:00:00.000000000,144.01,126.61297
2026-03-03T03:00:00.000000000,144.07,138.51049
2026-03-03T04:00:00.000000000,142.51,147.56895
2026-03-03T05:00:00.000000000,126.84,153.19161
2026-03-03T06:00:00.000000000,125.51,152.69739
2026-03-03T07:00:00.000000000,132.17,142.25787
2026-03-03T08:00:00.000000000,127.75,134.49704
2026-03-03T09:00:00.000000000,129.38,132.89737
2026-03-03T10:00:00.000000000,128.52,130.19002
2026-03-03T11:00:00.000000000,128.86,131.33657
2026-03-03T12:00:00.000000000,129.35,132.73413
2026-03-03T13:00:00.000000000,130.91,132.90328
2026-03-03T14:00:00.000000000,134.92,126.22041
2026-03-03T15:00:00.000000000,130.88,117.7781
2026-03-03T16:00:00.000000000,106.33,107.52719
2026-03-03T17:00:00.000000000,74.29,92.39626
2026-03-03T18:00:00.000000000,75.8,79.66057
2026-03-03T19:00:00.000000000,74.38,78.31014
2026-03-03T20:00:00.000000000,76.91,74.69731
2026-03-03T21:00:00.000000000,74.85,76.58071
2026-03-03T22:00:00.000000000,73.81,84.79743
2026-03-03T23:00:00.000000000,80.66,95.4561
2026-03-04T00:00:00.000000000,79.76,110.72377
2026-03-04T01:00:00.000000000,117.72,121.33141
2026-03-04T02:00:00.000000000,142.93,125.51816
2026-03-04T03:00:00.000000000,145.95,138.00934
2026-03-04T04:00:00.000000000,146.05,147.74654
2026-03-04T05:00:00.000000000,142.18,154.42795
2026-03-04T06:00:00.000000000,127.11,154.92702
2026-03-04T07:00:00.000000000,130.29,145.49387
2026-03-04T08:00:00.000000000,127.6,138.70401
2026-03-04T09:00:00.000000000,125.84,137.75782
2026-03-04T10:00:00.000000000,126.07,134.98945
2026-03-04T11:00:00.000000000,126.76,135.29221
2026-03-04T12:00:00.000000000,126.5,135.44612
2026-03-04T13:00:00.000000000,131.75,134.30649
2026-03-04T14:00:00.000000000,134.32,126.78422
2026-03-04T15:00:00.000000000,130.45,117.89597
2026-03-04T16:00:00.000000000,96.67,107.18193
2026-03-04T17:00:00.000000000,74.07,91.69777
2026-03-04T18:00:00.000000000,75.76,78.48688
2026-03-04T19:00:00.000000000,79.31,77.04124
2026-03-04T20:00:00.000000000,79.2,73.41919
2026-03-04T21:00:00.000000000,82.82,75.34272
2026-03-04T22:00:00.000000000,81.8,83.34907
2026-03-04T23:00:00.000000000,69.07,93.82676
2026-03-05T00:00:00.000000000,76.33,111.48659
2026-03-05T01:00:00.000000000,101.45,122.63436
2026-03-05T02:00:00.000000000,135.18,127.12134
2026-03-05T03:00:00.000000000,149.14,139.64727
2026-03-05T04:00:00.000000000,155.33,149.32213
2026-03-05T05:00:00.000000000,150.55,155.8579
2026-03-05T06:00:00.000000000,131.45,156.22312
2026-03-05T07:00:00.000000000,125.11,146.68925
2026-03-05T08:00:00.000000000,120.28,139.97374
2026-03-05T09:00:00.000000000,123.5,138.95376
2026-03-05T10:00:00.000000000,122.18,136.09668
2026-03-05T11:00:00.000000000,122.5,135.99538
2026-03-05T12:00:00.000000000,122.2,135.66452
2026-03-05T13:00:00.000000000,127.57,133.94892
2026-03-05T14:00:00.000000000,130.64,125.98363
2026-03-05T15:00:00.000000000,126.38,116.80767
2026-03-05T16:00:00.000000000,87.8,105.59984
2026-03-05T17:00:00.000000000,56.58,89.6414
2026-03-05T18:00:00.000000000,56.17,76.18892
2026-03-05T19:00:00.000000000,64.43,74.95921
2026-03-05T20:00:00.000000000,56.73,71.84867
2026-03-05T21:00:00.000000000,56.5,74.43641
2026-03-05T22:00:00.000000000,64.01,82.86763
2026-03-05T23:00:00.000000000,62.23,93.86503
2026-03-06T00:00:00.000000000,66.13,111.44098
2026-03-06T01:00:00.000000000,93.46,123.3135
2026-03-06T02:00:00.000000000,125.71,128.09975
2026-03-06T03:00:00.000000000,137.56,140.72596
2026-03-06T04:00:00.000000000,136.68,150.39099
2026-03-06T05:00:00.000000000,132.8,156.70283
2026-03-06T06:00:00.000000000,115.75,156.86121
2026-03-06T07:00:00.000000000,121.68,147.05447
2026-03-06T08:00:00.000000000,117.1,140.35851
2026-03-06T09:00:00.000000000,115.93,139.32869
2026-03-06T10:00:00.000000000,113.99,136.50993
2026-03-06T11:00:00.000000000,114.21,136.23981
2026-03-06T12:00:00.000000000,113.86,135.74794
2026-03-06T13:00:00.000000000,116.75,133.68581
2026-03-06T14:00:00.000000000,129.33,125.21182
2026-03-06T15:00:00.000000000,116.48,115.49486
2026-03-06T16:00:00.000000000,97.14,103.4318
2026-03-06T17:00:00.000000000,67.0,86.62663
2026-03-06T18:00:00.000000000,51.22,72.55414
2026-03-06T19:00:00.000000000,47.62,71.39848
2026-03-06T20:00:00.000000000,49.21,68.69523
2026-03-06T21:00:00.000000000,47.55,71.9978
2026-03-06T22:00:00.000000000,50.67,81.02111
2026-03-06T23:00:00.000000000,54.73,92.78614
2026-03-07T00:00:00.000000000,65.87,110.90035
2026-03-07T01:00:00.000000000,102.82,123.0369
2026-03-07T02:00:00.000000000,118.73,127.81528
2026-03-07T03:00:00.000000000,129.56,140.50552
2026-03-07T04:00:00.000000000,139.39,150.22794
2026-03-07T05:00:00.000000000,128.06,156.49561
2026-03-07T06:00:00.000000000,113.44,156.58457
2026-03-07T07:00:00.000000000,112.1,146.5819
2026-03-07T08:00:00.000000000,117.69,139.88364
2026-03-07T09:00:00.000000000,112.99,138.8954
2026-03-07T10:00:00.000000000,110.34,136.06895
2026-03-07T11:00:00.000000000,105.38,135.6307
2026-03-07T12:00:00.000000000,100.48,134.91637
2026-03-07T13:00:00.000000000,109.78,132.50954
2026-03-07T14:00:00.000000000,109.52,123.55616
2026-03-07T15:00:00.000000000,98.07,113.41617
2026-03-07T16:00:00.000000000,62.97,100.877
2026-03-07T17:00:00.000000000,56.17,83.69556
2026-03-07T18:00:00.000000000,55.99,69.34822
2026-03-07T19:00:00.000000000,56.11,68.36012
2026-03-07T20:00:00.000000000,56.27,65.97576
2026-03-07T21:00:00.000000000,56.12,69.76871
2026-03-07T22:00:00.000000000,56.93,79.27188
2026-03-07T23:00:00.000000000,62.7,91.5696
2026-03-08T00:00:00.000000000,65.37,117.90839
2026-03-08T01:00:00.000000000,84.31,130.8105
2026-03-08T02:00:00.000000000,123.32,136.17183
2026-03-08T03:00:00.000000000,142.56,148.12581
2026-03-08T04:00:00.000000000,135.47,156.75965
2026-03-08T05:00:00.000000000,127.9,162.00063
2026-03-08T06:00:00.000000000,113.75,161.62111
2026-03-08T07:00:00.000000000,113.74,152.09062
2026-03-08T08:00:00.000000000,113.67,146.15044
2026-03-08T09:00:00.000000000,106.72,145.0471
2026-03-08T10:00:00.000000000,100.97,142.39979
2026-03-08T11:00:00.000000000,101.41,141.64136
2026-03-08T12:00:00.000000000,100.66,140.62416
2026-03-08T13:00:00.000000000,104.18,137.79594
2026-03-08T14:00:00.000000000,106.9,128.9405
2026-03-08T15:00:00.000000000,97.13,118.88744
2026-03-08T16:00:00.000000000,67.5,105.72122
2026-03-08T17:00:00.000000000,67.64,87.84596
2026-03-08T18:00:00.000000000,67.91,73.54584
2026-03-08T19:00:00.000000000,67.13,72.82981
2026-03-08T20:00:00.000000000,68.1,71.45395
2026-03-08T21:00:00.000000000,68.61,76.33125
2026-03-08T22:00:00.000000000,76.35,85.93431
2026-03-08T23:00:00.000000000,71.61,98.39894
2026-03-09T00:00:00.000000000,78.39,120.14094
2026-03-09T01:00:00.000000000,117.0,132.64075
2026-03-09T02:00:00.000000000,135.59,137.5691
2026-03-09T03:00:00.000000000,145.37,148.98488
2026-03-09T04:00:00.000000000,151.65,157.06779
2026-03-09T05:00:00.000000000,141.94,161.75803
2026-03-09T06:00:00.000000000,134.43,161.07349
2026-03-09T07:00:00.000000000,126.68,151.47886
2026-03-09T08:00:00.000000000,126.66,145.60814
2026-03-09T09:00:00.000000000,122.31,144.49255
2026-03-09T10:00:00.000000000,121.85,142.02218
2026-03-09T11:00:00.000000000,119.56,141.5752
2026-03-09T12:00:00.000000000,122.4,140.95273
2026-03-09T13:00:00.000000000,126.19,138.48932
2026-03-09T14:00:00.000000000,135.91,129.82211
2026-03-09T15:00:00.000000000,137.91,119.824
2026-03-09T16:00:00.000000000,98.87,106.71382
2026-03-09T17:00:00.000000000,75.46,89.00646
2026-03-09T18:00:00.000000000,71.37,75.05398
2026-03-09T19:00:00.000000000,66.27,74.5328
2026-03-09T20:00:00.000000000,63.98,73.44165
2026-03-09T21:00:00.000000000,69.83,78.54666
2026-03-09T22:00:00.000000000,67.22,88.28462
2026-03-09T23:00:00.000000000,73.59,100.7466
2026-03-04T00:00:00.000000000,79.76,110.49587
2026-03-04T01:00:00.000000000,117.72,120.77086
2026-03-04T02:00:00.000000000,142.93,124.27823
2026-03-04T03:00:00.000000000,145.95,136.39925
2026-03-04T04:00:00.000000000,146.05,145.86125
2026-03-04T05:00:00.000000000,142.18,152.23913
2026-03-04T06:00:00.000000000,127.11,152.67055
2026-03-04T07:00:00.000000000,130.29,143.19139
2026-03-04T08:00:00.000000000,127.6,136.6038
2026-03-04T09:00:00.000000000,125.84,136.01009
2026-03-04T10:00:00.000000000,126.07,133.67171
2026-03-04T11:00:00.000000000,126.76,134.61003
2026-03-04T12:00:00.000000000,126.5,135.47472
2026-03-04T13:00:00.000000000,131.75,134.81088
2026-03-04T14:00:00.000000000,134.32,127.15394
2026-03-04T15:00:00.000000000,130.45,117.78816
2026-03-04T16:00:00.000000000,96.67,106.65003
2026-03-04T17:00:00.000000000,74.07,90.95974
2026-03-04T18:00:00.000000000,75.76,77.5298
2026-03-04T19:00:00.000000000,79.31,76.03767
2026-03-04T20:00:00.000000000,79.2,72.34776
2026-03-04T21:00:00.000000000,82.82,74.40027
2026-03-04T22:00:00.000000000,81.8,82.72643
2026-03-04T23:00:00.000000000,69.07,93.50007
2026-03-05T00:00:00.000000000,76.33,111.1614
2026-03-05T01:00:00.000000000,101.45,122.27502
2026-03-05T02:00:00.000000000,135.18,126.69052
2026-03-05T03:00:00.000000000,149.14,139.22241
2026-03-05T04:00:00.000000000,155.33,148.92059
2026-03-05T05:00:00.000000000,150.55,155.47088
2026-03-05T06:00:00.000000000,131.45,155.85711
2026-03-05T07:00:00.000000000,125.11,146.3039
2026-03-05T08:00:00.000000000,120.28,139.58363
2026-03-05T09:00:00.000000000,123.5,138.6041
2026-03-05T10:00:00.000000000,122.18,135.79348
2026-03-05T11:00:00.000000000,122.5,135.79485
2026-03-05T12:00:00.000000000,122.2,135.58993
2026-03-05T13:00:00.000000000,127.57,133.97468
2026-03-05T14:00:00.000000000,130.64,126.00279
2026-03-05T15:00:00.000000000,126.38,116.75817
2026-03-05T16:00:00.000000000,87.8,105.49276
2026-03-05T17:00:00.000000000,56.58,89.49848
2026-03-05T18:00:00.000000000,56.17,75.97798
2026-03-05T19:00:00.000000000,64.43,74.69727
2026-03-05T20:00:00.000000000,56.73,71.51331
2026-03-05T21:00:00.000000000,56.5,74.05568
2026-03-05T22:00:00.000000000,64.01,82.50375
2026-03-05T23:00:00.000000000,62.23,93.52142
2026-03-06T00:00:00.000000000,66.13,111.27193
2026-03-06T01:00:00.000000000,93.46,123.15483
2026-03-06T02:00:00.000000000,125.71,127.94387
2026-03-06T03:00:00.000000000,137.56,140.59349
2026-03-06T04:00:00.000000000,136.68,150.28521
2026-03-06T05:00:00.000000000,132.8,156.61935
2026-03-06T06:00:00.000000000,115.75,156.79236
2026-03-06T07:00:00.000000000,121.68,146.98206
2026-03-06T08:00:00.000000000,117.1,140.28266
2026-03-06T09:00:00.000000000,115.93,139.26425
2026-03-06T10:00:00.000000000,113.99,136.45053
2026-03-06T11:00:00.000000000,114.21,136.19425
2026-03-06T12:00:00.000000000,113.86,135.72014
2026-03-06T13:00:00.000000000,116.75,133.67171
2026-03-06T14:00:00.000000000,129.33,125.19046
2026-03-06T15:00:00.000000000,116.48,115.45511
2026-03-06T16:00:00.000000000,97.14,103.37306
2026-03-06T17:00:00.000000000,67.0,86.54763
2026-03-06T18:00:00.000000000,51.22,72.44157
2026-03-06T19:00:00.000000000,47.62,71.26476
2026-03-06T20:00:00.000000000,49.21,68.53277
2026-03-06T21:00:00.000000000,47.55,71.81581
2026-03-06T22:00:00.000000000,50.67,80.8382
2026-03-06T23:00:00.000000000,54.73,92.60847
2026-03-07T00:00:00.000000000,65.87,110.82727
2026-03-07T01:00:00.000000000,102.82,122.97355
2026-03-07T02:00:00.000000000,118.73,127.7572
2026-03-07T03:00:00.000000000,129.56,140.45939
2026-03-07T04:00:00.000000000,139.39,150.19441
2026-03-07T05:00:00.000000000,128.06,156.47222
2026-03-07T06:00:00.000000000,113.44,156.56729
2026-03-07T07:00:00.000000000,112.1,146.56334
2026-03-07T08:00:00.000000000,117.69,139.86557
2026-03-07T09:00:00.000000000,112.99,138.88293
2026-03-07T10:00:00.000000000,110.34,136.05704
2026-03-07T11:00:00.000000000,105.38,135.61809
2026-03-07T12:00:00.000000000,100.48,134.90285
2026-03-07T13:00:00.000000000,109.78,132.49324
2026-03-07T14:00:00.000000000,109.52,123.53131
2026-03-07T15:00:00.000000000,98.07,113.38132
2026-03-07T16:00:00.000000000,62.97,100.83027
2026-03-07T17:00:00.000000000,56.17,83.63604
2026-03-07T18:00:00.000000000,55.99,69.27228
2026-03-07T19:00:00.000000000,56.11,68.27801
2026-03-07T20:00:00.000000000,56.27,65.88663
2026-03-07T21:00:00.000000000,56.12,69.67754
2026-03-07T22:00:00.000000000,56.93,79.18403
2026-03-07T23:00:00.000000000,62.7,91.48829
2026-03-08T00:00:00.000000000,65.37,117.89104
2026-03-08T01:00:00.000000000,84.31,130.79472
2026-03-08T02:00:00.000000000,123.32,136.1559
2026-03-08T03:00:00.000000000,142.56,148.11232
2026-03-08T04:00:00.000000000,135.47,156.74929
2026-03-08T05:00:00.000000000,127.9,161.99284
2026-03-08T06:00:00.000000000,113.75,161.61462
2026-03-08T07:00:00.000000000,113.74,152.08299
2026-03-08T08:00:00.000000000,113.67,146.14279
2026-03-08T09:00:00.000000000,106.72,145.04091
2026-03-08T10:00:00.000000000,100.97,142.39337
2026-03-08T11:00:00.000000000,101.41,141.63305
2026-03-08T12:00:00.000000000,100.66,140.61286
2026-03-08T13:00:00.000000000,104.18,137.78094
2026-03-08T14:00:00.000000000,106.9,128.92075
2026-03-08T15:00:00.000000000,97.13,118.86404
2026-03-08T16:00:00.000000000,67.5,105.69448
2026-03-08T17:00:00.000000000,67.64,87.81651
2026-03-08T18:00:00.000000000,67.91,73.51344
2026-03-08T19:00:00.000000000,67.13,72.79801
2026-03-08T20:00:00.000000000,68.1,71.4231
2026-03-08T21:00:00.000000000,68.61,76.3028
2026-03-08T22:00:00.000000000,76.35,85.90936
2026-03-08T23:00:00.000000000,71.61,98.37775
2026-03-09T00:00:00.000000000,78.39,120.13689
2026-03-09T01:00:00.000000000,117.0,132.63636
2026-03-09T02:00:00.000000000,135.59,137.5639
2026-03-09T03:00:00.000000000,145.37,148.97998
2026-03-09T04:00:00.000000000,151.65,157.0636
2026-03-09T05:00:00.000000000,141.94,161.75436
2026-03-09T06:00:00.000000000,134.43,161.06998
2026-03-09T07:00:00.000000000,126.68,151.47467
2026-03-09T08:00:00.000000000,126.66,145.60382
2026-03-09T09:00:00.000000000,122.31,144.48864
2026-03-09T10:00:00.000000000,121.85,142.01805
2026-03-09T11:00:00.000000000,119.56,141.57005
2026-03-09T12:00:00.000000000,122.4,140.94597
2026-03-09T13:00:00.000000000,126.19,138.48083
2026-03-09T14:00:00.000000000,135.91,129.81166
2026-03-09T15:00:00.000000000,137.91,119.81241
2026-03-09T16:00:00.000000000,98.87,106.70151
2026-03-09T17:00:00.000000000,75.46,88.99393
2026-03-09T18:00:00.000000000,71.37,75.04143
2026-03-09T19:00:00.000000000,66.27,74.52129
2026-03-09T20:00:00.000000000,63.98,73.43135
2026-03-09T21:00:00.000000000,69.83,78.53796
2026-03-09T22:00:00.000000000,67.22,88.27773
2026-03-09T23:00:00.000000000,73.59,100.74125
2026-03-10T00:00:00.000000000,82.06,117.03385
2026-03-10T01:00:00.000000000,108.0,127.56892
2026-03-10T02:00:00.000000000,130.8,131.17778
2026-03-10T03:00:00.000000000,144.33,142.54319
2026-03-10T04:00:00.000000000,148.31,151.04784
2026-03-10T05:00:00.000000000,148.71,156.45563
2026-03-10T06:00:00.000000000,140.99,156.19406
2026-03-10T07:00:00.000000000,133.83,146.54531
2026-03-10T08:00:00.000000000,130.23,140.21598
2026-03-10T09:00:00.000000000,129.2,139.1955
2026-03-10T10:00:00.000000000,124.53,136.54846
2026-03-10T11:00:00.000000000,120.93,136.33593
2026-03-10T12:00:00.000000000,121.71,135.78135
2026-03-10T13:00:00.000000000,125.23,133.69243
2026-03-10T14:00:00.000000000,134.38,125.31562
2026-03-10T15:00:00.000000000,132.16,115.87725
2026-03-10T16:00:00.000000000,105.33,104.39523
2026-03-10T17:00:00.000000000,80.94,88.59914
2026-03-10T18:00:00.000000000,74.64,75.97157
2026-03-10T19:00:00.000000000,74.61,75.71139
2026-03-10T20:00:00.000000000,69.92,74.06691
2026-03-10T21:00:00.000000000,72.69,78.10422
2026-03-10T22:00:00.000000000,71.66,87.45503
2026-03-10T23:00:00.000000000,69.65,99.02905
2026-03-05T00:00:00.000000000,76.33,111.94965
2026-03-05T01:00:00.000000000,101.45,122.39797
2026-03-05T02:00:00.000000000,135.18,126.13154
2026-03-05T03:00:00.000000000,149.14,138.20121
2026-03-05T04:00:00.000000000,155.33,147.50418
2026-03-05T05:00:00.000000000,150.55,153.55802
2026-03-05T06:00:00.000000000,131.45,153.57356
2026-03-05T07:00:00.000000000,125.11,143.61962
2026-03-05T08:00:00.000000000,120.28,136.54256
2026-03-05T09:00:00.000000000,123.5,135.42969
2026-03-05T10:00:00.000000000,122.18,132.82729
2026-03-05T11:00:00.000000000,122.5,133.55696
2026-03-05T12:00:00.000000000,122.2,134.29101
2026-03-05T13:00:00.000000000,127.57,133.59182
2026-03-05T14:00:00.000000000,130.64,126.04373
2026-03-05T15:00:00.000000000,126.38,116.89782
2026-03-05T16:00:00.000000000,87.8,105.88617
2026-03-05T17:00:00.000000000,56.58,90.24247
2026-03-05T18:00:00.000000000,56.17,77.05197
2026-03-05T19:00:00.000000000,64.43,75.78074
2026-03-05T20:00:00.000000000,56.73,72.47164
2026-03-05T21:00:00.000000000,56.5,74.85075
2026-03-05T22:00:00.000000000,64.01,83.39563
2026-03-05T23:00:00.000000000,62.23,94.38836
2026-03-06T00:00:00.000000000,66.13,111.37847
2026-03-06T01:00:00.000000000,93.46,123.02878
2026-03-06T02:00:00.000000000,125.71,127.68649
2026-03-06T03:00:00.000000000,137.56,140.26493
2026-03-06T04:00:00.000000000,136.68,149.90973
2026-03-06T05:00:00.000000000,132.8,156.21638
2026-03-06T06:00:00.000000000,115.75,156.3667
2026-03-06T07:00:00.000000000,121.68,146.52761
2026-03-06T08:00:00.000000000,117.1,139.70999
2026-03-06T09:00:00.000000000,115.93,138.62197
2026-03-06T10:00:00.000000000,113.99,135.82465
2026-03-06T11:00:00.000000000,114.21,135.77175
2026-03-06T12:00:00.000000000,113.86,135.56647
2026-03-06T13:00:00.000000000,116.75,133.82612
2026-03-06T14:00:00.000000000,129.33,125.59536
2026-03-06T15:00:00.000000000,116.48,116.02477
2026-03-06T16:00:00.000000000,97.14,104.19049
2026-03-06T17:00:00.000000000,67.0,87.60431
2026-03-06T18:00:00.000000000,51.22,73.66091
2026-03-06T19:00:00.000000000,47.62,72.41047
2026-03-06T20:00:00.000000000,49.21,69.49494
2026-03-06T21:00:00.000000000,47.55,72.51872
2026-03-06T22:00:00.000000000,50.67,81.37033
2026-03-06T23:00:00.000000000,54.73,92.93577
2026-03-07T00:00:00.000000000,65.87,110.83896
2026-03-07T01:00:00.000000000,102.82,122.92195
2026-03-07T02:00:00.000000000,118.73,127.69732
2026-03-07T03:00:00.000000000,129.56,140.3975
2026-03-07T04:00:00.000000000,139.39,150.13639
2026-03-07T05:00:00.000000000,128.06,156.43834
2026-03-07T06:00:00.000000000,113.44,156.55476
2026-03-07T07:00:00.000000000,112.1,146.5775
2026-03-07T08:00:00.000000000,117.69,139.85063
2026-03-07T09:00:00.000000000,112.99,138.84366
2026-03-07T10:00:00.000000000,110.34,136.01849
2026-03-07T11:00:00.000000000,105.38,135.64694
2026-03-07T12:00:00.000000000,100.48,135.02246
2026-03-07T13:00:00.000000000,109.78,132.72363
2026-03-07T14:00:00.000000000,109.52,123.87792
2026-03-07T15:00:00.000000000,98.07,113.81197
2026-03-07T16:00:00.000000000,62.97,101.3708
2026-03-07T17:00:00.000000000,56.17,84.26921
2026-03-07T18:00:00.000000000,55.99,69.9544
2026-03-07T19:00:00.000000000,56.11,68.90209
2026-03-07T20:00:00.000000000,56.27,66.40287
2026-03-07T21:00:00.000000000,56.12,70.05036
2026-03-07T22:00:00.000000000,56.93,79.44022
2026-03-07T23:00:00.000000000,62.7,91.6251
2026-03-08T00:00:00.000000000,65.37,117.8695
2026-03-08T01:00:00.000000000,84.31,130.77296
2026-03-08T02:00:00.000000000,123.32,136.15211
2026-03-08T03:00:00.000000000,142.56,148.11962
2026-03-08T04:00:00.000000000,135.47,156.76504
2026-03-08T05:00:00.000000000,127.9,162.02389
2026-03-08T06:00:00.000000000,113.75,161.66037
2026-03-08T07:00:00.000000000,113.74,152.14882
2026-03-08T08:00:00.000000000,113.67,146.20752
2026-03-08T09:00:00.000000000,106.72,145.10093
2026-03-08T10:00:00.000000000,100.97,142.45544
2026-03-08T11:00:00.000000000,101.41,141.71887
2026-03-08T12:00:00.000000000,100.66,140.73385
2026-03-08T13:00:00.000000000,104.18,137.94245
2026-03-08T14:00:00.000000000,106.9,129.12716
2026-03-08T15:00:00.000000000,97.13,119.09802
2026-03-08T16:00:00.000000000,67.5,105.95554
2026-03-08T17:00:00.000000000,67.64,88.09257
2026-03-08T18:00:00.000000000,67.91,73.78592
2026-03-08T19:00:00.000000000,67.13,73.03552
2026-03-08T20:00:00.000000000,68.1,71.60978
2026-03-08T21:00:00.000000000,68.61,76.42886
2026-03-08T22:00:00.000000000,76.35,85.98108
2026-03-08T23:00:00.000000000,71.61,98.40152
2026-03-09T00:00:00.000000000,78.39,120.12822
2026-03-09T01:00:00.000000000,117.0,132.63634
2026-03-09T02:00:00.000000000,135.59,137.57648
2026-03-09T03:00:00.000000000,145.37,148.99891
2026-03-09T04:00:00.000000000,151.65,157.08625
2026-03-09T05:00:00.000000000,141.94,161.78264
2026-03-09T06:00:00.000000000,134.43,161.10428
2026-03-09T07:00:00.000000000,126.68,151.51831
2026-03-09T08:00:00.000000000,126.66,145.65009
2026-03-09T09:00:00.000000000,122.31,144.53438
2026-03-09T10:00:00.000000000,121.85,142.0653
2026-03-09T11:00:00.000000000,119.56,141.62459
2026-03-09T12:00:00.000000000,122.4,141.01223
2026-03-09T13:00:00.000000000,126.19,138.55921
2026-03-09T14:00:00.000000000,135.91,129.9043
2026-03-09T15:00:00.000000000,137.91,119.91194
2026-03-09T16:00:00.000000000,98.87,106.80423
2026-03-09T17:00:00.000000000,75.46,89.0943
2026-03-09T18:00:00.000000000,71.37,75.13333
2026-03-09T19:00:00.000000000,66.27,74.59816
2026-03-09T20:00:00.000000000,63.98,73.48948
2026-03-09T21:00:00.000000000,69.83,78.57593
2026-03-09T22:00:00.000000000,67.22,88.29588
2026-03-09T23:00:00.000000000,73.59,100.74458
2026-03-10T00:00:00.000000000,82.06,117.03213
2026-03-10T01:00:00.000000000,108.0,127.57238
2026-03-10T02:00:00.000000000,130.8,131.1864
2026-03-10T03:00:00.000000000,144.33,142.5542
2026-03-10T04:00:00.000000000,148.31,151.06043
2026-03-10T05:00:00.000000000,148.71,156.47039
2026-03-10T06:00:00.000000000,140.99,156.2113
2026-03-10T07:00:00.000000000,133.83,146.56613
2026-03-10T08:00:00.000000000,130.23,140.23883
2026-03-10T09:00:00.000000000,129.2,139.21877
2026-03-10T10:00:00.000000000,124.53,136.57276
2026-03-10T11:00:00.000000000,120.93,136.36189
2026-03-10T12:00:00.000000000,121.71,135.80988
2026-03-10T13:00:00.000000000,125.23,133.72284
2026-03-10T14:00:00.000000000,134.38,125.34865
2026-03-10T15:00:00.000000000,132.16,115.91058
2026-03-10T16:00:00.000000000,105.33,104.42666
2026-03-10T17:00:00.000000000,80.94,88.6271
2026-03-10T18:00:00.000000000,74.64,75.99465
2026-03-10T19:00:00.000000000,74.61,75.72939
2026-03-10T20:00:00.000000000,69.92,74.07975
2026-03-10T21:00:00.000000000,72.69,78.11258
2026-03-10T22:00:00.000000000,71.66,87.45821
2026-03-10T23:00:00.000000000,69.65,99.02929
2026-03-11T00:00:00.000000000,76.13,115.94357
2026-03-11T01:00:00.000000000,93.03,126.11416
2026-03-11T02:00:00.000000000,151.21,129.94207
2026-03-11T03:00:00.000000000,156.61,141.57135
2026-03-11T04:00:00.000000000,149.82,150.35861
2026-03-11T05:00:00.000000000,138.12,156.10513
2026-03-11T06:00:00.000000000,133.88,155.94115
2026-03-11T07:00:00.000000000,120.37,146.29284
2026-03-11T08:00:00.000000000,125.88,139.41309
2026-03-11T09:00:00.000000000,125.89,138.04739
2026-03-11T10:00:00.000000000,126.44,135.19312
2026-03-11T11:00:00.000000000,126.36,135.30646
2026-03-11T12:00:00.000000000,124.7,135.24383
2026-03-11T13:00:00.000000000,131.12,133.95057
2026-03-11T14:00:00.000000000,130.09,126.59295
2026-03-11T15:00:00.000000000,124.0,118.08036
2026-03-11T16:00:00.000000000,97.19,107.75874
2026-03-11T17:00:00.000000000,63.94,92.79611
2026-03-11T18:00:00.000000000,60.99,80.57944
2026-03-11T19:00:00.000000000,63.78,79.85517
2026-03-11T20:00:00.000000000,65.24,77.23556
2026-03-11T21:00:00.000000000,66.39,79.96159
2026-03-11T22:00:00.000000000,60.89,88.31547
2026-03-11T23:00:00.000000000,60.16,98.92
2026-03-06T00:00:00.000000000,66.13,110.05349
2026-03-06T01:00:00.000000000,93.46,121.926
2026-03-06T02:00:00.000000000,125.71,126.16779
2026-03-06T03:00:00.000000000,137.56,138.67185
2026-03-06T04:00:00.000000000,136.68,148.23563
2026-03-06T05:00:00.000000000,132.8,154.00478
2026-03-06T06:00:00.000000000,115.75,153.59913
2026-03-06T07:00:00.000000000,121.68,142.76505
2026-03-06T08:00:00.000000000,117.1,135.40766
2026-03-06T09:00:00.000000000,115.93,134.17828
2026-03-06T10:00:00.000000000,113.99,131.54732
2026-03-06T11:00:00.000000000,114.21,131.9704
2026-03-06T12:00:00.000000000,113.86,132.46162
2026-03-06T13:00:00.000000000,116.75,131.13013
2026-03-06T14:00:00.000000000,129.33,122.37991
2026-03-06T15:00:00.000000000,116.48,111.93541
2026-03-06T16:00:00.000000000,97.14,99.12017
2026-03-06T17:00:00.000000000,67.0,81.75344
2026-03-06T18:00:00.000000000,51.22,67.18741
2026-03-06T19:00:00.000000000,47.62,66.07604
2026-03-06T20:00:00.000000000,49.21,63.50744
2026-03-06T21:00:00.000000000,47.55,67.28644
2026-03-06T22:00:00.000000000,50.67,77.22733
2026-03-06T23:00:00.000000000,54.73,89.97814
2026-03-07T00:00:00.000000000,65.87,109.9246
2026-03-07T01:00:00.000000000,102.82,122.02749
2026-03-07T02:00:00.000000000,118.73,126.67296
2026-03-07T03:00:00.000000000,129.56,139.4267
2026-03-07T04:00:00.000000000,139.39,149.24013
2026-03-07T05:00:00.000000000,128.06,155.49208
2026-03-07T06:00:00.000000000,113.44,155.50485
2026-03-07T07:00:00.000000000,112.1,145.25097
2026-03-07T08:00:00.000000000,117.69,138.38623
2026-03-07T09:00:00.000000000,112.99,137.40048
2026-03-07T10:00:00.000000000,110.34,134.58287
2026-03-07T11:00:00.000000000,105.38,134.23817
2026-03-07T12:00:00.000000000,100.48,133.6548
2026-03-07T13:00:00.000000000,109.78,131.35155
2026-03-07T14:00:00.000000000,109.52,122.27056
2026-03-07T15:00:00.000000000,98.07,111.95379
2026-03-07T16:00:00.000000000,62.97,99.26593
2026-03-07T17:00:00.000000000,56.17,81.97445
2026-03-07T18:00:00.000000000,55.99,67.50244
2026-03-07T19:00:00.000000000,56.11,66.53797
2026-03-07T20:00:00.000000000,56.27,64.16119
2026-03-07T21:00:00.000000000,56.12,68.03634
2026-03-07T22:00:00.000000000,56.93,77.77608
2026-03-07T23:00:00.000000000,62.7,90.30368
2026-03-08T00:00:00.000000000,65.37,117.61003
2026-03-08T01:00:00.000000000,84.31,130.44719
2026-03-08T02:00:00.000000000,123.32,135.73451
2026-03-08T03:00:00.000000000,142.56,147.69995
2026-03-08T04:00:00.000000000,135.47,156.37054
2026-03-08T05:00:00.000000000,127.9,161.63166
2026-03-08T06:00:00.000000000,113.75,161.24648
2026-03-08T07:00:00.000000000,113.74,151.64796
2026-03-08T08:00:00.000000000,113.67,145.65368
2026-03-08T09:00:00.000000000,106.72,144.55175
2026-03-08T10:00:00.000000000,100.97,141.89707
2026-03-08T11:00:00.000000000,101.41,141.14842
2026-03-08T12:00:00.000000000,100.66,140.13471
2026-03-08T13:00:00.000000000,104.18,137.31211
2026-03-08T14:00:00.000000000,106.9,128.41223
2026-03-08T15:00:00.000000000,97.13,118.32607
2026-03-08T16:00:00.000000000,67.5,105.16385
2026-03-08T17:00:00.000000000,67.64,87.31464
2026-03-08T18:00:00.000000000,67.91,73.02934
2026-03-08T19:00:00.000000000,67.13,72.34095
2026-03-08T20:00:00.000000000,68.1,70.97629
2026-03-08T21:00:00.000000000,68.61,75.87179
2026-03-08T22:00:00.000000000,76.35,85.54356
2026-03-08T23:00:00.000000000,71.61,98.05562
2026-03-09T00:00:00.000000000,78.39,120.04254
2026-03-09T01:00:00.000000000,117.0,132.50569
2026-03-09T02:00:00.000000000,135.59,137.40289
2026-03-09T03:00:00.000000000,145.37,148.82098
2026-03-09T04:00:00.000000000,151.65,156.91804
2026-03-09T05:00:00.000000000,141.94,161.62157
2026-03-09T06:00:00.000000000,134.43,160.94032
2026-03-09T07:00:00.000000000,126.68,151.32887
2026-03-09T08:00:00.000000000,126.66,145.44134
2026-03-09T09:00:00.000000000,122.31,144.32718
2026-03-09T10:00:00.000000000,121.85,141.85245
2026-03-09T11:00:00.000000000,119.56,141.40609
2026-03-09T12:00:00.000000000,122.4,140.77899
2026-03-09T13:00:00.000000000,126.19,138.31543
2026-03-09T14:00:00.000000000,135.91,129.63814
2026-03-09T15:00:00.000000000,137.91,119.63845
2026-03-09T16:00:00.000000000,98.87,106.54606
2026-03-09T17:00:00.000000000,75.46,88.86473
2026-03-09T18:00:00.000000000,71.37,74.93168
2026-03-09T19:00:00.000000000,66.27,74.42239
2026-03-09T20:00:00.000000000,63.98,73.33229
2026-03-09T21:00:00.000000000,69.83,78.43502
2026-03-09T22:00:00.000000000,67.22,88.18799
2026-03-09T23:00:00.000000000,73.59,100.65325
2026-03-10T00:00:00.000000000,82.06,116.99309
2026-03-10T01:00:00.000000000,108.0,127.51631
2026-03-10T02:00:00.000000000,130.8,131.11753
2026-03-10T03:00:00.000000000,144.33,142.48568
2026-03-10T04:00:00.000000000,148.31,150.99587
2026-03-10T05:00:00.000000000,148.71,156.4095
2026-03-10T06:00:00.000000000,140.99,156.15014
2026-03-10T07:00:00.000000000,133.83,146.49814
2026-03-10T08:00:00.000000000,130.23,140.16363
2026-03-10T09:00:00.000000000,129.2,139.14423
2026-03-10T10:00:00.000000000,124.53,136.49495
2026-03-10T11:00:00.000000000,120.93,136.28322
2026-03-10T12:00:00.000000000,121.71,135.7288
2026-03-10T13:00:00.000000000,125.23,133.64302
2026-03-10T14:00:00.000000000,134.38,125.26705
2026-03-10T15:00:00.000000000,132.16,115.83174
2026-03-10T16:00:00.000000000,105.33,104.35931
2026-03-10T17:00:00.000000000,80.94,88.57378
2026-03-10T18:00:00.000000000,74.64,75.95263
2026-03-10T19:00:00.000000000,74.61,75.69396
2026-03-10T20:00:00.000000000,69.92,74.04516
2026-03-10T21:00:00.000000000,72.69,78.07528
2026-03-10T22:00:00.000000000,71.66,87.42544
2026-03-10T23:00:00.000000000,69.65,98.99539
2026-03-11T00:00:00.000000000,76.13,115.92767
2026-03-11T01:00:00.000000000,93.03,126.09137
2026-03-11T02:00:00.000000000,151.21,129.91515
2026-03-11T03:00:00.000000000,156.61,141.54514
2026-03-11T04:00:00.000000000,149.82,150.33461
2026-03-11T05:00:00.000000000,138.12,156.08373
2026-03-11T06:00:00.000000000,133.88,155.92064
2026-03-11T07:00:00.000000000,120.37,146.27089
2026-03-11T08:00:00.000000000,125.88,139.38833
2026-03-11T09:00:00.000000000,125.89,138.02271
2026-03-11T10:00:00.000000000,126.44,135.16724
2026-03-11T11:00:00.000000000,126.36,135.28112
2026-03-11T12:00:00.000000000,124.7,135.21868
2026-03-11T13:00:00.000000000,131.12,133.92732
2026-03-11T14:00:00.000000000,130.09,126.57105
2026-03-11T15:00:00.000000000,124.0,118.06102
2026-03-11T16:00:00.000000000,97.19,107.7456
2026-03-11T17:00:00.000000000,63.94,92.78954
2026-03-11T18:00:00.000000000,60.99,80.57747
2026-03-11T19:00:00.000000000,63.78,79.85419
2026-03-11T20:00:00.000000000,65.24,77.23246
2026-03-11T21:00:00.000000000,66.39,79.95444
2026-03-11T22:00:00.000000000,60.89,88.30732
2026-03-11T23:00:00.000000000,60.16,98.90887
2026-03-12T00:00:00.000000000,79.51,113.569
2026-03-12T01:00:00.000000000,115.82,124.01726
2026-03-12T02:00:00.000000000,140.69,127.90098
2026-03-12T03:00:00.000000000,149.73,139.87616
2026-03-12T04:00:00.000000000,155.15,149.05249
2026-03-12T05:00:00.000000000,150.84,155.11036
2026-03-12T06:00:00.000000000,142.19,155.13357
2026-03-12T07:00:00.000000000,125.29,145.40881
2026-03-12T08:00:00.000000000,130.37,138.61243
2026-03-12T09:00:00.000000000,126.51,137.4987
2026-03-12T10:00:00.000000000,127.41,134.64354
2026-03-12T11:00:00.000000000,128.76,134.56571
2026-03-12T12:00:00.000000000,129.79,134.22268
2026-03-12T13:00:00.000000000,130.6,132.56938
2026-03-12T14:00:00.000000000,130.33,124.66653
2026-03-12T15:00:00.000000000,119.43,115.68232
2026-03-12T16:00:00.000000000,80.82,104.85375
2026-03-12T17:00:00.000000000,66.59,89.43854
2026-03-12T18:00:00.000000000,72.91,76.73218
2026-03-12T19:00:00.000000000,71.23,75.99961
2026-03-12T20:00:00.000000000,72.43,73.41493
2026-03-12T21:00:00.000000000,69.89,76.37065
2026-03-12T22:00:00.000000000,71.12,85.09003
2026-03-12T23:00:00.000000000,73.48,96.11022
2026-03-07T00:00:00.000000000,65.87,104.28137
2026-03-07T01:00:00.000000000,102.82,116.24793
2026-03-07T02:00:00.000000000,118.73,120.70994
2026-03-07T03:00:00.000000000,129.56,134.10465
2026-03-07T04:00:00.000000000,139.39,144.69875
2026-03-07T05:00:00.000000000,128.06,151.57771
2026-03-07T06:00:00.000000000,113.44,151.8935
2026-03-07T07:00:00.000000000,112.1,141.28419
2026-03-07T08:00:00.000000000,117.69,133.82087
2026-03-07T09:00:00.000000000,112.99,132.89904
2026-03-07T10:00:00.000000000,110.34,130.15903
2026-03-07T11:00:00.000000000,105.38,130.64557
2026-03-07T12:00:00.000000000,100.48,131.1669
2026-03-07T13:00:00.000000000,109.78,129.91267
2026-03-07T14:00:00.000000000,109.52,121.11852
2026-03-07T15:00:00.000000000,98.07,110.58637
2026-03-07T16:00:00.000000000,62.97,97.97291
2026-03-07T17:00:00.000000000,56.17,80.68955
2026-03-07T18:00:00.000000000,55.99,65.56735
2026-03-07T19:00:00.000000000,56.11,63.86466
2026-03-07T20:00:00.000000000,56.27,60.15777
2026-03-07T21:00:00.000000000,56.12,62.82043
2026-03-07T22:00:00.000000000,56.93,72.20686
2026-03-07T23:00:00.000000000,62.7,84.58179
2026-03-08T00:00:00.000000000,65.37,115.89545
2026-03-08T01:00:00.000000000,84.31,128.65271
2026-03-08T02:00:00.000000000,123.32,133.91691
2026-03-08T03:00:00.000000000,142.56,146.12169
2026-03-08T04:00:00.000000000,135.47,155.10016
2026-03-08T05:00:00.000000000,127.9,160.66592
2026-03-08T06:00:00.000000000,113.75,160.46125
2026-03-08T07:00:00.000000000,113.74,150.83035
2026-03-08T08:00:00.000000000,113.67,144.70129
2026-03-08T09:00:00.000000000,106.72,143.63275
2026-03-08T10:00:00.000000000,100.97,140.96777
2026-03-08T11:00:00.000000000,101.41,140.36227
2026-03-08T12:00:00.000000000,100.66,139.5251
2026-03-08T13:00:00.000000000,104.18,136.89825
2026-03-08T14:00:00.000000000,106.9,128.06425
2026-03-08T15:00:00.000000000,97.13,117.96956
2026-03-08T16:00:00.000000000,67.5,104.89764
2026-03-08T17:00:00.000000000,67.64,87.11653
2026-03-08T18:00:00.000000000,67.91,72.69582
2026-03-08T19:00:00.000000000,67.13,71.79294
2026-03-08T20:00:00.000000000,68.1,70.04741
2026-03-08T21:00:00.000000000,68.61,74.5618
2026-03-08T22:00:00.000000000,76.35,84.07793
2026-03-08T23:00:00.000000000,71.61,96.4545
2026-03-09T00:00:00.000000000,78.39,119.54312
2026-03-09T01:00:00.000000000,117.0,131.9815
2026-03-09T02:00:00.000000000,135.59,136.87905
2026-03-09T03:00:00.000000000,145.37,148.37283
2026-03-09T04:00:00.000000000,151.65,156.56866
2026-03-09T05:00:00.000000000,141.94,161.37919
2026-03-09T06:00:00.000000000,134.43,160.76621
2026-03-09T07:00:00.000000000,126.68,151.16628
2026-03-09T08:00:00.000000000,126.66,145.25682
2026-03-09T09:00:00.000000000,122.31,144.16091
2026-03-09T10:00:00.000000000,121.85,141.67893
2026-03-09T11:00:00.000000000,119.56,141.25044
2026-03-09T12:00:00.000000000,122.4,140.63913
2026-03-09T13:00:00.000000000,126.19,138.19997
2026-03-09T14:00:00.000000000,135.91,129.53245
2026-03-09T15:00:00.000000000,137.91,119.53612
2026-03-09T16:00:00.000000000,98.87,106.47974
2026-03-09T17:00:00.000000000,75.46,88.82816
2026-03-09T18:00:00.000000000,71.37,74.86516
2026-03-09T19:00:00.000000000,66.27,74.29981
2026-03-09T20:00:00.000000000,63.98,73.10463
2026-03-09T21:00:00.000000000,69.83,78.09776
2026-03-09T22:00:00.000000000,67.22,87.79694
2026-03-09T23:00:00.000000000,73.59,100.21119
2026-03-10T00:00:00.000000000,82.06,116.79707
2026-03-10T01:00:00.000000000,108.0,127.33092
2026-03-10T02:00:00.000000000,130.8,130.94458
2026-03-10T03:00:00.000000000,144.33,142.34559
2026-03-10T04:00:00.000000000,148.31,150.89235
2026-03-10T05:00:00.000000000,148.71,156.34217
2026-03-10T06:00:00.000000000,140.99,156.10624
2026-03-10T07:00:00.000000000,133.83,146.45984
2026-03-10T08:00:00.000000000,130.23,140.12531
2026-03-10T09:00:00.000000000,129.2,139.11909
2026-03-10T10:00:00.000000000,124.53,136.46773
2026-03-10T11:00:00.000000000,120.93,136.25508
2026-03-10T12:00:00.000000000,121.71,135.6987
2026-03-10T13:00:00.000000000,125.23,133.61238
2026-03-10T14:00:00.000000000,134.38,125.22931
2026-03-10T15:00:00.000000000,132.16,115.78553
2026-03-10T16:00:00.000000000,105.33,104.30736
2026-03-10T17:00:00.000000000,80.94,88.51121
2026-03-10T18:00:00.000000000,74.64,75.86252
2026-03-10T19:00:00.000000000,74.61,75.58362
2026-03-10T20:00:00.000000000,69.92,73.90309
2026-03-10T21:00:00.000000000,72.69,77.90506
2026-03-10T22:00:00.000000000,71.66,87.24359
2026-03-10T23:00:00.000000000,69.65,98.80695
2026-03-11T00:00:00.000000000,76.13,115.84986
2026-03-11T01:00:00.000000000,93.03,126.02376
2026-03-11T02:00:00.000000000,151.21,129.85409
2026-03-11T03:00:00.000000000,156.61,141.49766
2026-03-11T04:00:00.000000000,149.82,150.30156
2026-03-11T05:00:00.000000000,138.12,156.06349
2026-03-11T06:00:00.000000000,133.88,155.90849
2026-03-11T07:00:00.000000000,120.37,146.25913
2026-03-11T08:00:00.000000000,125.88,139.37805
2026-03-11T09:00:00.000000000,125.89,138.01872
2026-03-11T10:00:00.000000000,126.44,135.16293
2026-03-11T11:00:00.000000000,126.36,135.27372
2026-03-11T12:00:00.000000000,124.7,135.20696
2026-03-11T13:00:00.000000000,131.12,133.90997
2026-03-11T14:00:00.000000000,130.09,126.54411
2026-03-11T15:00:00.000000000,124.0,118.02462
2026-03-11T16:00:00.000000000,97.19,107.6981
2026-03-11T17:00:00.000000000,63.94,92.72983
2026-03-11T18:00:00.000000000,60.99,80.50148
2026-03-11T19:00:00.000000000,63.78,79.77197
2026-03-11T20:00:00.000000000,65.24,77.14296
2026-03-11T21:00:00.000000000,66.39,79.86229
2026-03-11T22:00:00.000000000,60.89,88.21757
2026-03-11T23:00:00.000000000,60.16,98.82454
2026-03-12T00:00:00.000000000,79.51,113.53748
2026-03-12T01:00:00.000000000,115.82,123.99178
2026-03-12T02:00:00.000000000,140.69,127.87831
2026-03-12T03:00:00.000000000,149.73,139.85889
2026-03-12T04:00:00.000000000,155.15,149.0407
2026-03-12T05:00:00.000000000,150.84,155.10261
2026-03-12T06:00:00.000000000,142.19,155.12806
2026-03-12T07:00:00.000000000,125.29,145.40209
2026-03-12T08:00:00.000000000,130.37,138.60649
2026-03-12T09:00:00.000000000,126.51,137.49555
2026-03-12T10:00:00.000000000,127.41,134.64027
2026-03-12T11:00:00.000000000,128.76,134.55992
2026-03-12T12:00:00.000000000,129.79,134.21358
2026-03-12T13:00:00.000000000,130.6,132.55579
2026-03-12T14:00:00.000000000,130.33,124.64615
2026-03-12T15:00:00.000000000,119.43,115.6557
2026-03-12T16:00:00.000000000,80.82,104.8194
2026-03-12T17:00:00.000000000,66.59,89.39646
2026-03-12T18:00:00.000000000,72.91,76.68192
2026-03-12T19:00:00.000000000,71.23,75.94824
2026-03-12T20:00:00.000000000,72.43,73.36339
2026-03-12T21:00:00.000000000,69.89,76.32195
2026-03-12T22:00:00.000000000,71.12,85.04571
2026-03-12T23:00:00.000000000,73.48,96.07172
2026-03-13T00:00:00.000000000,90.45,111.63182
2026-03-13T01:00:00.000000000,129.41,122.53899
2026-03-13T02:00:00.000000000,144.76,126.59115
2026-03-13T03:00:00.000000000,153.17,138.90361
2026-03-13T04:00:00.000000000,152.83,148.41215
2026-03-13T05:00:00.000000000,153.66,154.66501
2026-03-13T06:00:00.000000000,141.5,154.76243
2026-03-13T07:00:00.000000000,127.23,144.85628
2026-03-13T08:00:00.000000000,130.38,138.08429
2026-03-13T09:00:00.000000000,127.32,137.11941
2026-03-13T10:00:00.000000000,127.37,134.2288
2026-03-13T11:00:00.000000000,127.33,133.89412
2026-03-13T12:00:00.000000000,127.49,133.22562
2026-03-13T13:00:00.000000000,128.57,131.13941
2026-03-13T14:00:00.000000000,126.74,122.63097
2026-03-13T15:00:00.000000000,112.28,113.11698
2026-03-13T16:00:00.000000000,83.51,101.64777
2026-03-13T17:00:00.000000000,70.78,85.63713
2026-03-13T18:00:00.000000000,69.1,72.37441
2026-03-13T19:00:00.000000000,69.17,71.68623
2026-03-13T20:00:00.000000000,68.63,69.28585
2026-03-13T21:00:00.000000000,68.42,72.65619
2026-03-13T22:00:00.000000000,69.39,81.85868
2026-03-13T23:00:00.000000000,69.69,93.45393
2026-03-08T00:00:00.000000000,65.37,114.77719
2026-03-08T01:00:00.000000000,84.31,125.26936
2026-03-08T02:00:00.000000000,123.32,128.8165
2026-03-08T03:00:00.000000000,142.56,140.48254
2026-03-08T04:00:00.000000000,135.47,149.32897
2026-03-08T05:00:00.000000000,127.9,154.84678
2026-03-08T06:00:00.000000000,113.75,154.44047
2026-03-08T07:00:00.000000000,113.74,144.19138
2026-03-08T08:00:00.000000000,113.67,137.27184
2026-03-08T09:00:00.000000000,106.72,136.05377
2026-03-08T10:00:00.000000000,100.97,133.26461
2026-03-08T11:00:00.000000000,101.41,133.1751
2026-03-08T12:00:00.000000000,100.66,132.85513
2026-03-08T13:00:00.000000000,104.18,131.07607
2026-03-08T14:00:00.000000000,106.9,122.67669
2026-03-08T15:00:00.000000000,97.13,113.17006
2026-03-08T16:00:00.000000000,67.5,101.66891
2026-03-08T17:00:00.000000000,67.64,85.80474
2026-03-08T18:00:00.000000000,67.91,73.02116
2026-03-08T19:00:00.000000000,67.13,72.69802
2026-03-08T20:00:00.000000000,68.1,70.88771
2026-03-08T21:00:00.000000000,68.61,74.83453
2026-03-08T22:00:00.000000000,76.35,84.46429
2026-03-08T23:00:00.000000000,71.61,96.30548
2026-03-09T00:00:00.000000000,78.39,118.72364
2026-03-09T01:00:00.000000000,117.0,130.37779
2026-03-09T02:00:00.000000000,135.59,134.83765
2026-03-09T03:00:00.000000000,145.37,146.28624
2026-03-09T04:00:00.000000000,151.65,154.58978
2026-03-09T05:00:00.000000000,141.94,159.59781
2026-03-09T06:00:00.000000000,134.43,159.08914
2026-03-09T07:00:00.000000000,126.68,149.46052
2026-03-09T08:00:00.000000000,126.66,143.30944
2026-03-09T09:00:00.000000000,122.31,142.16696
2026-03-09T10:00:00.000000000,121.85,139.64629
2026-03-09T11:00:00.000000000,119.56,139.48389
2026-03-09T12:00:00.000000000,122.4,139.17263
2026-03-09T13:00:00.000000000,126.19,137.19731
2026-03-09T14:00:00.000000000,135.91,128.94325
2026-03-09T15:00:00.000000000,137.91,119.34278
2026-03-09T16:00:00.000000000,98.87,107.02556
2026-03-09T17:00:00.000000000,75.46,90.14128
2026-03-09T18:00:00.000000000,71.37,76.7114
2026-03-09T19:00:00.000000000,66.27,76.10403
2026-03-09T20:00:00.000000000,63.98,74.52984
2026-03-09T21:00:00.000000000,69.83,78.90531
2026-03-09T22:00:00.000000000,67.22,88.2549
2026-03-09T23:00:00.000000000,73.59,100.12723
2026-03-10T00:00:00.000000000,82.06,116.48639
2026-03-10T01:00:00.000000000,108.0,126.7785
2026-03-10T02:00:00.000000000,130.8,130.31426
2026-03-10T03:00:00.000000000,144.33,141.73474
2026-03-10T04:00:00.000000000,148.31,150.34032
2026-03-10T05:00:00.000000000,148.71,155.90968
2026-03-10T06:00:00.000000000,140.99,155.76169
2026-03-10T07:00:00.000000000,133.83,146.1911
2026-03-10T08:00:00.000000000,130.23,139.80348
2026-03-10T09:00:00.000000000,129.2,138.78791
2026-03-10T10:00:00.000000000,124.53,136.12099
2026-03-10T11:00:00.000000000,120.93,136.01901
2026-03-10T12:00:00.000000000,121.71,135.59661
2026-03-10T13:00:00.000000000,125.23,133.71412
2026-03-10T14:00:00.000000000,134.38,125.56055
2026-03-10T15:00:00.000000000,132.16,116.32014
2026-03-10T16:00:00.000000000,105.33,105.1624
2026-03-10T17:00:00.000000000,80.94,89.66221
2026-03-10T18:00:00.000000000,74.64,77.18537
2026-03-10T19:00:00.000000000,74.61,76.81689
2026-03-10T20:00:00.000000000,69.92,74.89287
2026-03-10T21:00:00.000000000,72.69,78.54148
2026-03-10T22:00:00.000000000,71.66,87.61621
2026-03-10T23:00:00.000000000,69.65,98.87299
2026-03-11T00:00:00.000000000,76.13,115.76152
2026-03-11T01:00:00.000000000,93.03,125.87176
2026-03-11T02:00:00.000000000,151.21,129.70364
2026-03-11T03:00:00.000000000,156.61,141.36344
2026-03-11T04:00:00.000000000,149.82,150.19377
2026-03-11T05:00:00.000000000,138.12,156.01192
2026-03-11T06:00:00.000000000,133.88,155.90438
2026-03-11T07:00:00.000000000,120.37,146.31173
2026-03-11T08:00:00.000000000,125.88,139.4301
2026-03-11T09:00:00.000000000,125.89,138.07265
2026-03-11T10:00:00.000000000,126.44,135.21505
2026-03-11T11:00:00.000000000,126.36,135.36483
2026-03-11T12:00:00.000000000,124.7,135.34472
2026-03-11T13:00:00.000000000,131.12,134.11903
2026-03-11T14:00:00.000000000,130.09,126.85157
2026-03-11T15:00:00.000000000,124.0,118.41703
2026-03-11T16:00:00.000000000,97.19,108.2084
2026-03-11T17:00:00.000000000,63.94,93.33844
2026-03-11T18:00:00.000000000,60.99,81.15767
2026-03-11T19:00:00.000000000,63.78,80.37406
2026-03-11T20:00:00.000000000,65.24,77.63422
2026-03-11T21:00:00.000000000,66.39,80.20192
2026-03-11T22:00:00.000000000,60.89,88.42803
2026-03-11T23:00:00.000000000,60.16,98.90023
2026-03-12T00:00:00.000000000,79.51,113.51896
2026-03-12T01:00:00.000000000,115.82,123.96288
2026-03-12T02:00:00.000000000,140.69,127.86085
2026-03-12T03:00:00.000000000,149.73,139.85017
2026-03-12T04:00:00.000000000,155.15,149.04215
2026-03-12T05:00:00.000000000,150.84,155.12642
2026-03-12T06:00:00.000000000,142.19,155.17305
2026-03-12T07:00:00.000000000,125.29,145.4754
2026-03-12T08:00:00.000000000,130.37,138.68602
2026-03-12T09:00:00.000000000,126.51,137.57662
2026-03-12T10:00:00.000000000,127.41,134.72254
2026-03-12T11:00:00.000000000,128.76,134.65644
2026-03-12T12:00:00.000000000,129.79,134.3281
2026-03-12T13:00:00.000000000,130.6,132.69512
2026-03-12T14:00:00.000000000,130.33,124.82301
2026-03-12T15:00:00.000000000,119.43,115.86198
2026-03-12T16:00:00.000000000,80.82,105.06108
2026-03-12T17:00:00.000000000,66.59,89.66415
2026-03-12T18:00:00.000000000,72.91,76.95722
2026-03-12T19:00:00.000000000,71.23,76.1965
2026-03-12T20:00:00.000000000,72.43,73.56685
2026-03-12T21:00:00.000000000,69.89,76.46785
2026-03-12T22:00:00.000000000,71.12,85.13797
2026-03-12T23:00:00.000000000,73.48,96.11263
2026-03-13T00:00:00.000000000,90.45,111.6191
2026-03-13T01:00:00.000000000,129.41,122.53079
2026-03-13T02:00:00.000000000,144.76,126.59241
2026-03-13T03:00:00.000000000,153.17,138.91097
2026-03-13T04:00:00.000000000,152.83,148.42513
2026-03-13T05:00:00.000000000,153.66,154.68707
2026-03-13T06:00:00.000000000,141.5,154.79329
2026-03-13T07:00:00.000000000,127.23,144.8982
2026-03-13T08:00:00.000000000,130.38,138.13042
2026-03-13T09:00:00.000000000,127.32,137.16711
2026-03-13T10:00:00.000000000,127.37,134.278
2026-03-13T11:00:00.000000000,127.33,133.94817
2026-03-13T12:00:00.000000000,127.49,133.2863
2026-03-13T13:00:00.000000000,128.57,131.20759
2026-03-13T14:00:00.000000000,126.74,122.71031
2026-03-13T15:00:00.000000000,112.28,113.20297
2026-03-13T16:00:00.000000000,83.51,101.73882
2026-03-13T17:00:00.000000000,70.78,85.72886
2026-03-13T18:00:00.000000000,69.1,72.46078
2026-03-13T19:00:00.000000000,69.17,71.75954
2026-03-13T20:00:00.000000000,68.63,69.34204
2026-03-13T21:00:00.000000000,68.42,72.6934
2026-03-13T22:00:00.000000000,69.39,81.87747
2026-03-13T23:00:00.000000000,69.69,93.45748
2026-03-14T00:00:00.000000000,88.09,110.1247
2026-03-14T01:00:00.000000000,133.67,121.74224
2026-03-14T02:00:00.000000000,149.6,126.27859
2026-03-14T03:00:00.000000000,150.24,138.99233
2026-03-14T04:00:00.000000000,157.48,148.83487
2026-03-14T05:00:00.000000000,144.11,155.32009
2026-03-14T06:00:00.000000000,138.56,155.54423
2026-03-14T07:00:00.000000000,126.05,145.62469
2026-03-14T08:00:00.000000000,130.61,138.88857
2026-03-14T09:00:00.000000000,126.23,137.9845
2026-03-14T10:00:00.000000000,121.34,135.07744
2026-03-14T11:00:00.000000000,113.06,134.59519
2026-03-14T12:00:00.000000000,112.43,133.77263
2026-03-14T13:00:00.000000000,104.86,131.42482
2026-03-14T14:00:00.000000000,114.55,122.62454
2026-03-14T15:00:00.000000000,104.51,112.78239
2026-03-14T16:00:00.000000000,79.11,100.77378
2026-03-14T17:00:00.000000000,49.36,84.12334
2026-03-14T18:00:00.000000000,50.98,70.18207
2026-03-14T19:00:00.000000000,50.84,69.26486
2026-03-14T20:00:00.000000000,51.0,66.73249
2026-03-14T21:00:00.000000000,50.73,70.19016
2026-03-14T22:00:00.000000000,50.78,79.49127
2026-03-14T23:00:00.000000000,63.09,91.41573
2026-03-09T00:00:00.000000000,78.39,116.24097
2026-03-09T01:00:00.000000000,117.0,124.64437
2026-03-09T02:00:00.000000000,135.59,127.14365
2026-03-09T03:00:00.000000000,145.37,138.19904
2026-03-09T04:00:00.000000000,151.65,146.67919
2026-03-09T05:00:00.000000000,141.94,152.14642
2026-03-09T06:00:00.000000000,134.43,151.70008
2026-03-09T07:00:00.000000000,126.68,141.61104
2026-03-09T08:00:00.000000000,126.66,134.28595
2026-03-09T09:00:00.000000000,122.31,132.83626
2026-03-09T10:00:00.000000000,121.85,129.98565
2026-03-09T11:00:00.000000000,119.56,130.55992
2026-03-09T12:00:00.000000000,122.4,131.01305
2026-03-09T13:00:00.000000000,126.19,130.4833
2026-03-09T14:00:00.000000000,135.91,123.52874
2026-03-09T15:00:00.000000000,137.91,115.44959
2026-03-09T16:00:00.000000000,98.87,106.17527
2026-03-09T17:00:00.000000000,75.46,92.53933
2026-03-09T18:00:00.000000000,71.37,81.60616
2026-03-09T19:00:00.000000000,66.27,81.38565
2026-03-09T20:00:00.000000000,63.98,78.91633
2026-03-09T21:00:00.000000000,69.83,81.40063
2026-03-09T22:00:00.000000000,67.22,89.89149
2026-03-09T23:00:00.000000000,73.59,100.06019
2026-03-10T00:00:00.000000000,82.06,115.6202
2026-03-10T01:00:00.000000000,108.0,124.69526
2026-03-10T02:00:00.000000000,130.8,127.72695
2026-03-10T03:00:00.000000000,144.33,139.09058
2026-03-10T04:00:00.000000000,148.31,147.82245
2026-03-10T05:00:00.000000000,148.71,153.75336
2026-03-10T06:00:00.000000000,140.99,153.83445
2026-03-10T07:00:00.000000000,133.83,144.45494
2026-03-10T08:00:00.000000000,130.23,137.77389
2026-03-10T09:00:00.000000000,129.2,136.68304
2026-03-10T10:00:00.000000000,124.53,133.90104
2026-03-10T11:00:00.000000000,120.93,134.16493
2026-03-10T12:00:00.000000000,121.71,134.15799
2026-03-10T13:00:00.000000000,125.23,133.02429
2026-03-10T14:00:00.000000000,134.38,125.75923
2026-03-10T15:00:00.000000000,132.16,117.41893
2026-03-10T16:00:00.000000000,105.33,107.73362
2026-03-10T17:00:00.000000000,80.94,93.64947
2026-03-10T18:00:00.000000000,74.64,82.15023
2026-03-10T19:00:00.000000000,74.61,81.64675
2026-03-10T20:00:00.000000000,69.92,78.95576
2026-03-10T21:00:00.000000000,72.69,81.32769
2026-03-10T22:00:00.000000000,71.66,89.48373
2026-03-10T23:00:00.000000000,69.65,99.5508
2026-03-11T00:00:00.000000000,76.13,115.58881
2026-03-11T01:00:00.000000000,93.03,125.29171
2026-03-11T02:00:00.000000000,151.21,129.03393
2026-03-11T03:00:00.000000000,156.61,140.69593
2026-03-11T04:00:00.000000000,149.82,149.58764
2026-03-11T05:00:00.000000000,138.12,155.60056
2026-03-11T06:00:00.000000000,133.88,155.65232
2026-03-11T07:00:00.000000000,120.37,146.26764
2026-03-11T08:00:00.000000000,125.88,139.35018
2026-03-11T09:00:00.000000000,125.89,137.98059
2026-03-11T10:00:00.000000000,126.44,135.09785
2026-03-11T11:00:00.000000000,126.36,135.40274
2026-03-11T12:00:00.000000000,124.7,135.55746
2026-03-11T13:00:00.000000000,131.12,134.63718
2026-03-11T14:00:00.000000000,130.09,127.80702
2026-03-11T15:00:00.000000000,124.0,119.79041
2026-03-11T16:00:00.000000000,97.19,110.19366
2026-03-11T17:00:00.000000000,63.94,95.87231
2026-03-11T18:00:00.000000000,60.99,84.03889
2026-03-11T19:00:00.000000000,63.78,83.10771
2026-03-11T20:00:00.000000000,65.24,79.9603
2026-03-11T21:00:00.000000000,66.39,81.90578
2026-03-11T22:00:00.000000000,60.89,89.60815
2026-03-11T23:00:00.000000000,60.16,99.48471
2026-03-12T00:00:00.000000000,79.51,113.53298
2026-03-12T01:00:00.000000000,115.82,123.86588
2026-03-12T02:00:00.000000000,140.69,127.77504
2026-03-12T03:00:00.000000000,149.73,139.77434
2026-03-12T04:00:00.000000000,155.15,148.98938
2026-03-12T05:00:00.000000000,150.84,155.15828
2026-03-12T06:00:00.000000000,142.19,155.28612
2026-03-12T07:00:00.000000000,125.29,145.70837
2026-03-12T08:00:00.000000000,130.37,138.93135
2026-03-12T09:00:00.000000000,126.51,137.81723
2026-03-12T10:00:00.000000000,127.41,134.96191
2026-03-12T11:00:00.000000000,128.76,134.96485
2026-03-12T12:00:00.000000000,129.79,134.72059
2026-03-12T13:00:00.000000000,130.6,133.21551
2026-03-12T14:00:00.000000000,130.33,125.53702
2026-03-12T15:00:00.000000000,119.43,116.74366
2026-03-12T16:00:00.000000000,80.82,106.16257
2026-03-12T17:00:00.000000000,66.59,90.9494
2026-03-12T18:00:00.000000000,72.91,78.34354
2026-03-12T19:00:00.000000000,71.23,77.48676
2026-03-12T20:00:00.000000000,72.43,74.66709
2026-03-12T21:00:00.000000000,69.89,77.29883
2026-03-12T22:00:00.000000000,71.12,85.72019
2026-03-12T23:00:00.000000000,73.48,96.43654
2026-03-13T00:00:00.000000000,90.45,111.57922
2026-03-13T01:00:00.000000000,129.41,122.48918
2026-03-13T02:00:00.000000000,144.76,126.58363
2026-03-13T03:00:00.000000000,153.17,138.92375
2026-03-13T04:00:00.000000000,152.83,148.45957
2026-03-13T05:00:00.000000000,153.66,154.76258
2026-03-13T06:00:00.000000000,141.5,154.90819
2026-03-13T07:00:00.000000000,127.23,145.06475
2026-03-13T08:00:00.000000000,130.38,138.31001
2026-03-13T09:00:00.000000000,127.32,137.34973
2026-03-13T10:00:00.000000000,127.37,134.46564
2026-03-13T11:00:00.000000000,127.33,134.16478
2026-03-13T12:00:00.000000000,127.49,133.54145
2026-03-13T13:00:00.000000000,128.57,131.51116
2026-03-13T14:00:00.000000000,126.74,123.08197
2026-03-13T15:00:00.000000000,112.28,113.62247
2026-03-13T16:00:00.000000000,83.51,102.20741
2026-03-13T17:00:00.000000000,70.78,86.22594
2026-03-13T18:00:00.000000000,69.1,72.9544
2026-03-13T19:00:00.000000000,69.17,72.19435
2026-03-13T20:00:00.000000000,68.63,69.69064
2026-03-13T21:00:00.000000000,68.42,72.9386
2026-03-13T22:00:00.000000000,69.39,82.02503
2026-03-13T23:00:00.000000000,69.69,93.51656
2026-03-14T00:00:00.000000000,88.09,110.09993
2026-03-14T01:00:00.000000000,133.67,121.73267
2026-03-14T02:00:00.000000000,149.6,126.29021
2026-03-14T03:00:00.000000000,150.24,139.01683
2026-03-14T04:00:00.000000000,157.48,148.87034
2026-03-14T05:00:00.000000000,144.11,155.37167
2026-03-14T06:00:00.000000000,138.56,155.61146
2026-03-14T07:00:00.000000000,126.05,145.7113
2026-03-14T08:00:00.000000000,130.61,138.98319
2026-03-14T09:00:00.000000000,126.23,138.08178
2026-03-14T10:00:00.000000000,121.34,135.17781
2026-03-14T11:00:00.000000000,113.06,134.70381
2026-03-14T12:00:00.000000000,112.43,133.8931
2026-03-14T13:00:00.000000000,104.86,131.55728
2026-03-14T14:00:00.000000000,114.55,122.77483
2026-03-14T15:00:00.000000000,104.51,112.94143
2026-03-14T16:00:00.000000000,79.11,100.93572
2026-03-14T17:00:00.000000000,49.36,84.27962
2026-03-14T18:00:00.000000000,50.98,70.32255
2026-03-14T19:00:00.000000000,50.84,69.38002
2026-03-14T20:00:00.000000000,51.0,66.81696
2026-03-14T21:00:00.000000000,50.73,70.24318
2026-03-14T22:00:00.000000000,50.78,79.51284
2026-03-14T23:00:00.000000000,63.09,91.41386
2026-03-15T00:00:00.000000000,74.27,114.02717
2026-03-15T01:00:00.000000000,78.86,127.11341
2026-03-15T02:00:00.000000000,109.96,132.59847
2026-03-15T03:00:00.000000000,125.27,145.15148
2026-03-15T04:00:00.000000000,148.43,154.48981
2026-03-15T05:00:00.000000000,135.71,160.34858
2026-03-15T06:00:00.000000000,123.15,160.27146
2026-03-15T07:00:00.000000000,112.51,150.55969
2026-03-15T08:00:00.000000000,119.37,144.36959
2026-03-15T09:00:00.000000000,115.65,143.37537
2026-03-15T10:00:00.000000000,111.92,140.62141
2026-03-15T11:00:00.000000000,116.33,139.79209
2026-03-15T12:00:00.000000000,114.25,138.65235
2026-03-15T13:00:00.000000000,113.89,135.69899
2026-03-15T14:00:00.000000000,110.24,126.54898
2026-03-15T15:00:00.000000000,98.52,116.24826
2026-03-15T16:00:00.000000000,67.92,102.95932
2026-03-15T17:00:00.000000000,57.59,84.9133
2026-03-15T18:00:00.000000000,58.22,70.14782
2026-03-15T19:00:00.000000000,55.96,69.2003
2026-03-15T20:00:00.000000000,59.86,67.39133
2026-03-15T21:00:00.000000000,62.0,71.95835
2026-03-15T22:00:00.000000000,60.9,81.62559
2026-03-15T23:00:00.000000000,65.85,94.25915
2026-03-10T00:00:00.000000000,82.06,111.65053
2026-03-10T01:00:00.000000000,108.0,121.8941
2026-03-10T02:00:00.000000000,130.8,125.32
2026-03-10T03:00:00.000000000,144.33,137.2806
2026-03-10T04:00:00.000000000,148.31,146.51347
2026-03-10T05:00:00.000000000,148.71,152.38582
2026-03-10T06:00:00.000000000,140.99,152.21198
2026-03-10T07:00:00.000000000,133.83,141.93052
2026-03-10T08:00:00.000000000,130.23,134.62462
2026-03-10T09:00:00.000000000,129.2,133.44518
2026-03-10T10:00:00.000000000,124.53,130.88695
2026-03-10T11:00:00.000000000,120.93,131.83313
2026-03-10T12:00:00.000000000,121.71,132.85389
2026-03-10T13:00:00.000000000,125.23,132.39906
2026-03-10T14:00:00.000000000,134.38,124.80426
2026-03-10T15:00:00.000000000,132.16,115.51123
2026-03-10T16:00:00.000000000,105.33,104.42096
2026-03-10T17:00:00.000000000,80.94,88.7871
2026-03-10T18:00:00.000000000,74.64,75.63054
2026-03-10T19:00:00.000000000,74.61,74.45109
2026-03-10T20:00:00.000000000,69.92,71.21599
2026-03-10T21:00:00.000000000,72.69,73.72629
2026-03-10T22:00:00.000000000,71.66,82.55477
2026-03-10T23:00:00.000000000,69.65,93.7854
2026-03-11T00:00:00.000000000,76.13,113.52942
2026-03-11T01:00:00.000000000,93.03,123.72914
2026-03-11T02:00:00.000000000,151.21,127.64373
2026-03-11T03:00:00.000000000,156.61,139.63746
2026-03-11T04:00:00.000000000,149.82,148.84093
2026-03-11T05:00:00.000000000,138.12,154.96144
2026-03-11T06:00:00.000000000,133.88,155.00746
2026-03-11T07:00:00.000000000,120.37,145.31435
2026-03-11T08:00:00.000000000,125.88,138.26436
2026-03-11T09:00:00.000000000,125.89,136.96741
2026-03-11T10:00:00.000000000,126.44,134.12263
2026-03-11T11:00:00.000000000,126.36,134.46361
2026-03-11T12:00:00.000000000,124.7,134.704
2026-03-11T13:00:00.000000000,131.12,133.74271
2026-03-11T14:00:00.000000000,130.09,126.52488
2026-03-11T15:00:00.000000000,124.0,118.00984
2026-03-11T16:00:00.000000000,97.19,107.7407
2026-03-11T17:00:00.000000000,63.94,92.73412
2026-03-11T18:00:00.000000000,60.99,80.20963
2026-03-11T19:00:00.000000000,63.78,79.12514
2026-03-11T20:00:00.000000000,65.24,75.92881
2026-03-11T21:00:00.000000000,66.39,78.10836
2026-03-11T22:00:00.000000000,60.89,86.2209
2026-03-11T23:00:00.000000000,60.16,96.65729
2026-03-12T00:00:00.000000000,79.51,112.57429
2026-03-12T01:00:00.000000000,115.82,123.12111
2026-03-12T02:00:00.000000000,140.69,127.09007
2026-03-12T03:00:00.000000000,149.73,139.23782
2026-03-12T04:00:00.000000000,155.15,148.59793
2026-03-12T05:00:00.000000000,150.84,154.82467
2026-03-12T06:00:00.000000000,142.19,154.95468
2026-03-12T07:00:00.000000000,125.29,145.24207
2026-03-12T08:00:00.000000000,130.37,138.43361
2026-03-12T09:00:00.000000000,126.51,137.37694
2026-03-12T10:00:00.000000000,127.41,134.52236
2026-03-12T11:00:00.000000000,128.76,134.46726
2026-03-12T12:00:00.000000000,129.79,134.15557
2026-03-12T13:00:00.000000000,130.6,132.52805
2026-03-12T14:00:00.000000000,130.33,124.59542
2026-03-12T15:00:00.000000000,119.43,115.54882
2026-03-12T16:00:00.000000000,80.82,104.64974
2026-03-12T17:00:00.000000000,66.59,89.13145
2026-03-12T18:00:00.000000000,72.91,76.23811
2026-03-12T19:00:00.000000000,71.23,75.3763
2026-03-12T20:00:00.000000000,72.43,72.61313
2026-03-12T21:00:00.000000000,69.89,75.42836
2026-03-12T22:00:00.000000000,71.12,84.09493
2026-03-12T23:00:00.000000000,73.48,95.10691
2026-03-13T00:00:00.000000000,90.45,111.40296
2026-03-13T01:00:00.000000000,129.41,122.34103
2026-03-13T02:00:00.000000000,144.76,126.41423
2026-03-13T03:00:00.000000000,153.17,138.76775
2026-03-13T04:00:00.000000000,152.83,148.31959
2026-03-13T05:00:00.000000000,153.66,154.61481
2026-03-13T06:00:00.000000000,141.5,154.74051
2026-03-13T07:00:00.000000000,127.23,144.84116
2026-03-13T08:00:00.000000000,130.38,138.07401
2026-03-13T09:00:00.000000000,127.32,137.12541
2026-03-13T10:00:00.000000000,127.37,134.23134
2026-03-13T11:00:00.000000000,127.33,133.88566
2026-03-13T12:00:00.000000000,127.49,133.20197
2026-03-13T13:00:00.000000000,128.57,131.09568
2026-03-13T14:00:00.000000000,126.74,122.56018
2026-03-13T15:00:00.000000000,112.28,113.02012
2026-03-13T16:00:00.000000000,83.51,101.52464
2026-03-13T17:00:00.000000000,70.78,85.48549
2026-03-13T18:00:00.000000000,69.1,72.17772
2026-03-13T19:00:00.000000000,69.17,71.47005
2026-03-13T20:00:00.000000000,68.63,69.04331
2026-03-13T21:00:00.000000000,68.42,72.39839
2026-03-13T22:00:00.000000000,69.39,81.60014
2026-03-13T23:00:00.000000000,69.69,93.20627
2026-03-14T00:00:00.000000000,88.09,110.08113
2026-03-14T01:00:00.000000000,133.67,121.70204
2026-03-14T02:00:00.000000000,149.6,126.23673
2026-03-14T03:00:00.000000000,150.24,138.95579
2026-03-14T04:00:00.000000000,157.48,148.80479
2026-03-14T05:00:00.000000000,144.11,155.29467
2026-03-14T06:00:00.000000000,138.56,155.52046
2026-03-14T07:00:00.000000000,126.05,145.59697
2026-03-14T08:00:00.000000000,130.61,138.86142
2026-03-14T09:00:00.000000000,126.23,137.96156
2026-03-14T10:00:00.000000000,121.34,135.05236
2026-03-14T11:00:00.000000000,113.06,134.56145
2026-03-14T12:00:00.000000000,112.43,133.7267
2026-03-14T13:00:00.000000000,104.86,131.36529
2026-03-14T14:00:00.000000000,114.55,122.54938
2026-03-14T15:00:00.000000000,104.51,112.69683
2026-03-14T16:00:00.000000000,79.11,100.67935
2026-03-14T17:00:00.000000000,49.36,84.02282
2026-03-14T18:00:00.000000000,50.98,70.0762
2026-03-14T19:00:00.000000000,50.84,69.16507
2026-03-14T20:00:00.000000000,51.0,66.64018
2026-03-14T21:00:00.000000000,50.73,70.10859
2026-03-14T22:00:00.000000000,50.78,79.42224
2026-03-14T23:00:00.000000000,63.09,91.35908
2026-03-15T00:00:00.000000000,74.27,114.02442
2026-03-15T01:00:00.000000000,78.86,127.09849
2026-03-15T02:00:00.000000000,109.96,132.57037
2026-03-15T03:00:00.000000000,125.27,145.11834
2026-03-15T04:00:00.000000000,148.43,154.45445
2026-03-15T05:00:00.000000000,135.71,160.30959
2026-03-15T06:00:00.000000000,123.15,160.22776
2026-03-15T07:00:00.000000000,112.51,150.50749
2026-03-15T08:00:00.000000000,119.37,144.31324
2026-03-15T09:00:00.000000000,115.65,143.31917
2026-03-15T10:00:00.000000000,111.92,140.5635
2026-03-15T11:00:00.000000000,116.33,139.73011
2026-03-15T12:00:00.000000000,114.25,138.58341
2026-03-15T13:00:00.000000000,113.89,135.6239
2026-03-15T14:00:00.000000000,110.24,126.46508
2026-03-15T15:00:00.000000000,98.52,116.16116
2026-03-15T16:00:00.000000000,67.92,102.87436
2026-03-15T17:00:00.000000000,57.59,84.83515
2026-03-15T18:00:00.000000000,58.22,70.07971
2026-03-15T19:00:00.000000000,55.96,69.14433
2026-03-15T20:00:00.000000000,59.86,67.34796
2026-03-15T21:00:00.000000000,62.0,71.92708
2026-03-15T22:00:00.000000000,60.9,81.60837
2026-03-15T23:00:00.000000000,65.85,94.25065
2026-03-16T00:00:00.000000000,81.55,115.63115
2026-03-16T01:00:00.000000000,134.34,128.93582
2026-03-16T02:00:00.000000000,151.95,134.52912
2026-03-16T03:00:00.000000000,157.44,146.88193
2026-03-16T04:00:00.000000000,153.69,155.93224
2026-03-16T05:00:00.000000000,142.66,161.53167
2026-03-16T06:00:00.000000000,138.98,161.37026
2026-03-16T07:00:00.000000000,138.48,151.82
2026-03-16T08:00:00.000000000,139.87,145.87056
2026-03-16T09:00:00.000000000,133.37,144.9141
2026-03-16T10:00:00.000000000,129.38,142.26971
2026-03-16T11:00:00.000000000,130.8,141.46031
2026-03-16T12:00:00.000000000,131.99,140.35854
2026-03-16T13:00:00.000000000,135.66,137.3671
2026-03-16T14:00:00.000000000,135.07,128.22869
2026-03-16T15:00:00.000000000,130.82,117.87383
2026-03-16T16:00:00.000000000,103.0,104.35391
2026-03-16T17:00:00.000000000,75.0,86.07502
2026-03-16T18:00:00.000000000,68.12,71.22298
2026-03-16T19:00:00.000000000,85.64,70.27779
2026-03-16T20:00:00.000000000,87.76,68.63834
2026-03-16T21:00:00.000000000,80.16,73.42677
2026-03-16T22:00:00.000000000,91.33,83.10367
2026-03-16T23:00:00.000000000,92.01,95.79917
2026-03-11T00:00:00.000000000,76.13,110.65239
2026-03-11T01:00:00.000000000,93.03,121.08544
2026-03-11T02:00:00.000000000,151.21,125.37963
2026-03-11T03:00:00.000000000,156.61,137.91047
2026-03-11T04:00:00.000000000,149.82,147.63706
2026-03-11T05:00:00.000000000,138.12,154.12136
2026-03-11T06:00:00.000000000,133.88,154.24786
2026-03-11T07:00:00.000000000,120.37,144.30654
2026-03-11T08:00:00.000000000,125.88,136.74606
2026-03-11T09:00:00.000000000,125.89,135.27272
2026-03-11T10:00:00.000000000,126.44,132.34308
2026-03-11T11:00:00.000000000,126.36,133.03191
2026-03-11T12:00:00.000000000,124.7,133.81886
2026-03-11T13:00:00.000000000,131.12,133.49613
2026-03-11T14:00:00.000000000,130.09,126.75056
2026-03-11T15:00:00.000000000,124.0,118.4678
2026-03-11T16:00:00.000000000,97.19,108.43629
2026-03-11T17:00:00.000000000,63.94,93.38478
2026-03-11T18:00:00.000000000,60.99,80.45511
2026-03-11T19:00:00.000000000,63.78,78.80855
2026-03-11T20:00:00.000000000,65.24,74.7362
2026-03-11T21:00:00.000000000,66.39,76.04751
2026-03-11T22:00:00.000000000,60.89,83.69507
2026-03-11T23:00:00.000000000,60.16,93.86232
2026-03-12T00:00:00.000000000,79.51,111.40282
2026-03-12T01:00:00.000000000,115.82,122.07704
2026-03-12T02:00:00.000000000,140.69,126.18201
2026-03-12T03:00:00.000000000,149.73,138.54842
2026-03-12T04:00:00.000000000,155.15,148.1333
2026-03-12T05:00:00.000000000,150.84,154.55852
2026-03-12T06:00:00.000000000,142.19,154.80162
2026-03-12T07:00:00.000000000,125.29,145.08569
2026-03-12T08:00:00.000000000,130.37,138.21407
2026-03-12T09:00:00.000000000,126.51,137.18366
2026-03-12T10:00:00.000000000,127.41,134.32089
2026-03-12T11:00:00.000000000,128.76,134.32892
2026-03-12T12:00:00.000000000,129.79,134.11344
2026-03-12T13:00:00.000000000,130.6,132.58713
2026-03-12T14:00:00.000000000,130.33,124.69467
2026-03-12T15:00:00.000000000,119.43,115.62588
2026-03-12T16:00:00.000000000,80.82,104.69042
2026-03-12T17:00:00.000000000,66.59,89.07006
2026-03-12T18:00:00.000000000,72.91,75.95728
2026-03-12T19:00:00.000000000,71.23,74.90068
2026-03-12T20:00:00.000000000,72.43,71.86512
2026-03-12T21:00:00.000000000,69.89,74.44235
2026-03-12T22:00:00.000000000,71.12,82.98896
2026-03-12T23:00:00.000000000,73.48,93.94772
2026-03-13T00:00:00.000000000,90.45,111.11669
2026-03-13T01:00:00.000000000,129.41,122.0961
2026-03-13T02:00:00.000000000,144.76,126.20467
2026-03-13T03:00:00.000000000,153.17,138.6136
2026-03-13T04:00:00.000000000,152.83,148.22248
2026-03-13T05:00:00.000000000,153.66,154.57397
2026-03-13T06:00:00.000000000,141.5,154.737
2026-03-13T07:00:00.000000000,127.23,144.84878
2026-03-13T08:00:00.000000000,130.38,138.08172
2026-03-13T09:00:00.000000000,127.32,137.14733
2026-03-13T10:00:00.000000000,127.37,134.24936
2026-03-13T11:00:00.000000000,127.33,133.90107
2026-03-13T12:00:00.000000000,127.49,133.21493
2026-03-13T13:00:00.000000000,128.57,131.10201
2026-03-13T14:00:00.000000000,126.74,122.55214
2026-03-13T15:00:00.000000000,112.28,112.99113
2026-03-13T16:00:00.000000000,83.51,101.47274
2026-03-13T17:00:00.000000000,70.78,85.40172
2026-03-13T18:00:00.000000000,69.1,72.03526
2026-03-13T19:00:00.000000000,69.17,71.2888
2026-03-13T20:00:00.000000000,68.63,68.80949
2026-03-13T21:00:00.000000000,68.42,72.1234
2026-03-13T22:00:00.000000000,69.39,81.30493
2026-03-13T23:00:00.000000000,69.69,92.90911
2026-03-14T00:00:00.000000000,88.09,110.01604
2026-03-14T01:00:00.000000000,133.67,121.6499
2026-03-14T02:00:00.000000000,149.6,126.193
2026-03-14T03:00:00.000000000,150.24,138.92471
2026-03-14T04:00:00.000000000,157.48,148.78655
2026-03-14T05:00:00.000000000,144.11,155.28857
2026-03-14T06:00:00.000000000,138.56,155.52249
2026-03-14T07:00:00.000000000,126.05,145.60144
2026-03-14T08:00:00.000000000,130.61,138.86941
2026-03-14T09:00:00.000000000,126.23,137.9753
2026-03-14T10:00:00.000000000,121.34,135.065
2026-03-14T11:00:00.000000000,113.06,134.56756
2026-03-14T12:00:00.000000000,112.43,133.72392
2026-03-14T13:00:00.000000000,104.86,131.35151
2026-03-14T14:00:00.000000000,114.55,122.5238
2026-03-14T15:00:00.000000000,104.51,112.66111
2026-03-14T16:00:00.000000000,79.11,100.6319
2026-03-14T17:00:00.000000000,49.36,83.96298
2026-03-14T18:00:00.000000000,50.98,70.00076
2026-03-14T19:00:00.000000000,50.84,69.08543
2026-03-14T20:00:00.000000000,51.0,66.55641
2026-03-14T21:00:00.000000000,50.73,70.02516
2026-03-14T22:00:00.000000000,50.78,79.3415
2026-03-14T23:00:00.000000000,63.09,91.28498
2026-03-15T00:00:00.000000000,74.27,114.01157
2026-03-15T01:00:00.000000000,78.86,127.08811
2026-03-15T02:00:00.000000000,109.96,132.56041
2026-03-15T03:00:00.000000000,125.27,145.11037
2026-03-15T04:00:00.000000000,148.43,154.44887
2026-03-15T05:00:00.000000000,135.71,160.30588
2026-03-15T06:00:00.000000000,123.15,160.22502
2026-03-15T07:00:00.000000000,112.51,150.50416
2026-03-15T08:00:00.000000000,119.37,144.31101
2026-03-15T09:00:00.000000000,115.65,143.31873
2026-03-15T10:00:00.000000000,111.92,140.56271
2026-03-15T11:00:00.000000000,116.33,139.72593
2026-03-15T12:00:00.000000000,114.25,138.57426
2026-03-15T13:00:00.000000000,113.89,135.609
2026-03-15T14:00:00.000000000,110.24,126.44432
2026-03-15T15:00:00.000000000,98.52,116.13638
2026-03-15T16:00:00.000000000,67.92,102.84548
2026-03-15T17:00:00.000000000,57.59,84.8029
2026-03-15T18:00:00.000000000,58.22,70.04464
2026-03-15T19:00:00.000000000,55.96,69.11097
2026-03-15T20:00:00.000000000,59.86,67.31736
2026-03-15T21:00:00.000000000,62.0,71.90083
2026-03-15T22:00:00.000000000,60.9,81.58645
2026-03-15T23:00:00.000000000,65.85,94.23333
2026-03-16T00:00:00.000000000,81.55,115.62899
2026-03-16T01:00:00.000000000,134.34,128.9335
2026-03-16T02:00:00.000000000,151.95,134.52596
2026-03-16T03:00:00.000000000,157.44,146.87874
2026-03-16T04:00:00.000000000,153.69,155.92931
2026-03-16T05:00:00.000000000,142.66,161.52879
2026-03-16T06:00:00.000000000,138.98,161.3672
2026-03-16T07:00:00.000000000,138.48,151.81623
2026-03-16T08:00:00.000000000,139.87,145.86692
2026-03-16T09:00:00.000000000,133.37,144.91094
2026-03-16T10:00:00.000000000,129.38,142.26636
2026-03-16T11:00:00.000000000,130.8,141.45565
2026-03-16T12:00:00.000000000,131.99,140.35188
2026-03-16T13:00:00.000000000,135.66,137.35825
2026-03-16T14:00:00.000000000,135.07,128.21756
2026-03-16T15:00:00.000000000,130.82,117.86137
2026-03-16T16:00:00.000000000,103.0,104.3404
2026-03-16T17:00:00.000000000,75.0,86.06103
2026-03-16T18:00:00.000000000,68.12,71.20905
2026-03-16T19:00:00.000000000,85.64,70.26539
2026-03-16T20:00:00.000000000,87.76,68.62787
2026-03-16T21:00:00.000000000,80.16,73.41866
2026-03-16T22:00:00.000000000,91.33,83.09787
2026-03-16T23:00:00.000000000,92.01,95.79535
2026-03-17T00:00:00.000000000,96.43,112.56536
2026-03-17T01:00:00.000000000,128.06,124.20333
2026-03-17T02:00:00.000000000,154.86,128.41268
2026-03-17T03:00:00.000000000,165.64,140.62601
2026-03-17T04:00:00.000000000,153.99,149.93204
2026-03-17T05:00:00.000000000,150.44,155.81124
2026-03-17T06:00:00.000000000,144.63,155.67365
2026-03-17T07:00:00.000000000,142.83,145.59314
2026-03-17T08:00:00.000000000,144.78,139.1258
2026-03-17T09:00:00.000000000,140.93,138.3069
2026-03-17T10:00:00.000000000,132.85,135.5199
2026-03-17T11:00:00.000000000,128.98,134.80612
2026-03-17T12:00:00.000000000,128.66,133.64403
2026-03-17T13:00:00.000000000,138.64,130.80466
2026-03-17T14:00:00.000000000,139.57,121.43056
2026-03-17T15:00:00.000000000,117.39,111.14909
2026-03-17T16:00:00.000000000,80.92,98.5499
2026-03-17T17:00:00.000000000,76.72,81.54662
2026-03-17T18:00:00.000000000,77.5,67.70992
2026-03-17T19:00:00.000000000,80.52,67.36474
2026-03-17T20:00:00.000000000,88.34,65.82635
2026-03-17T21:00:00.000000000,104.87,70.43416
2026-03-17T22:00:00.000000000,107.53,80.56412
2026-03-17T23:00:00.000000000,115.08,93.19684
2026-03-12T00:00:00.000000000,79.51,111.27299
2026-03-12T01:00:00.000000000,115.82,122.14659
2026-03-12T02:00:00.000000000,140.69,125.6623
2026-03-12T03:00:00.000000000,149.73,137.68424
2026-03-12T04:00:00.000000000,155.15,146.91733
2026-03-12T05:00:00.000000000,150.84,152.61571
2026-03-12T06:00:00.000000000,142.19,152.29248
2026-03-12T07:00:00.000000000,125.29,141.73189
2026-03-12T08:00:00.000000000,130.37,134.52204
2026-03-12T09:00:00.000000000,126.51,133.44645
2026-03-12T10:00:00.000000000,127.41,130.91604
2026-03-12T11:00:00.000000000,128.76,131.55829
2026-03-12T12:00:00.000000000,129.79,132.18708
2026-03-12T13:00:00.000000000,130.6,131.10705
2026-03-12T14:00:00.000000000,130.33,122.67125
2026-03-12T15:00:00.000000000,119.43,112.622
2026-03-12T16:00:00.000000000,80.82,100.55771
2026-03-12T17:00:00.000000000,66.59,84.09021
2026-03-12T18:00:00.000000000,72.91,70.34841
2026-03-12T19:00:00.000000000,71.23,69.42389
2026-03-12T20:00:00.000000000,72.43,66.79968
2026-03-12T21:00:00.000000000,69.89,70.26975
2026-03-12T22:00:00.000000000,71.12,79.95754
2026-03-12T23:00:00.000000000,73.48,92.17545
2026-03-13T00:00:00.000000000,90.45,111.01348
2026-03-13T01:00:00.000000000,129.41,121.95002
2026-03-13T02:00:00.000000000,144.76,125.88198
2026-03-13T03:00:00.000000000,153.17,138.21556
2026-03-13T04:00:00.000000000,152.83,147.75904
2026-03-13T05:00:00.000000000,153.66,153.95476
2026-03-13T06:00:00.000000000,141.5,153.96323
2026-03-13T07:00:00.000000000,127.23,143.82716
2026-03-13T08:00:00.000000000,130.38,136.92717
2026-03-13T09:00:00.000000000,127.32,135.95396
2026-03-13T10:00:00.000000000,127.37,133.07115
2026-03-13T11:00:00.000000000,127.33,132.78083
2026-03-13T12:00:00.000000000,127.49,132.17547
2026-03-13T13:00:00.000000000,128.57,130.09407
2026-03-13T14:00:00.000000000,126.74,121.39018
2026-03-13T15:00:00.000000000,112.28,111.65201
2026-03-13T16:00:00.000000000,83.51,99.97113
2026-03-13T17:00:00.000000000,70.78,83.81165
2026-03-13T18:00:00.000000000,69.1,70.41909
2026-03-13T19:00:00.000000000,69.17,69.79648
2026-03-13T20:00:00.000000000,68.63,67.4906
2026-03-13T21:00:00.000000000,68.42,71.04987
2026-03-13T22:00:00.000000000,69.39,80.54163
2026-03-13T23:00:00.000000000,69.69,92.43794
2026-03-14T00:00:00.000000000,88.09,109.99813
2026-03-14T01:00:00.000000000,133.67,121.56865
2026-03-14T02:00:00.000000000,149.6,126.03736
2026-03-14T03:00:00.000000000,150.24,138.73853
2026-03-14T04:00:00.000000000,157.48,148.57948
2026-03-14T05:00:00.000000000,144.11,155.04308
2026-03-14T06:00:00.000000000,138.56,155.23338
2026-03-14T07:00:00.000000000,126.05,145.24315
2026-03-14T08:00:00.000000000,130.61,138.46458
2026-03-14T09:00:00.000000000,126.23,137.55554
2026-03-14T10:00:00.000000000,121.34,134.63676
2026-03-14T11:00:00.000000000,113.06,134.14342
2026-03-14T12:00:00.000000000,112.43,133.30354
2026-03-14T13:00:00.000000000,104.86,130.93684
2026-03-14T14:00:00.000000000,114.55,122.07917
2026-03-14T15:00:00.000000000,104.51,112.19871
2026-03-14T16:00:00.000000000,79.11,100.17951
2026-03-14T17:00:00.000000000,49.36,83.54427
2026-03-14T18:00:00.000000000,50.98,69.6292
2026-03-14T19:00:00.000000000,50.84,68.77063
2026-03-14T20:00:00.000000000,51.0,66.29695
2026-03-14T21:00:00.000000000,50.73,69.81994
2026-03-14T22:00:00.000000000,50.78,79.21251
2026-03-14T23:00:00.000000000,63.09,91.20929
2026-03-15T00:00:00.000000000,74.27,113.99453
2026-03-15T01:00:00.000000000,78.86,127.0366
2026-03-15T02:00:00.000000000,109.96,132.47964
2026-03-15T03:00:00.000000000,125.27,145.02015
2026-03-15T04:00:00.000000000,148.43,154.35576
2026-03-15T05:00:00.000000000,135.71,160.20809
2026-03-15T06:00:00.000000000,123.15,160.11921
2026-03-15T07:00:00.000000000,112.51,150.3809
2026-03-15T08:00:00.000000000,119.37,144.17191
2026-03-15T09:00:00.000000000,115.65,143.17553
2026-03-15T10:00:00.000000000,111.92,140.4162
2026-03-15T11:00:00.000000000,116.33,139.58376
2026-03-15T12:00:00.000000000,114.25,138.4356
2026-03-15T13:00:00.000000000,113.89,135.47854
2026-03-15T14:00:00.000000000,110.24,126.31332
2026-03-15T15:00:00.000000000,98.52,116.0097
2026-03-15T16:00:00.000000000,67.92,102.73749
2026-03-15T17:00:00.000000000,57.59,84.72072
2026-03-15T18:00:00.000000000,58.22,69.98788
2026-03-15T19:00:00.000000000,55.96,69.06944
2026-03-15T20:00:00.000000000,59.86,67.28456
2026-03-15T21:00:00.000000000,62.0,71.87117
2026-03-15T22:00:00.000000000,60.9,81.57023
2026-03-15T23:00:00.000000000,65.85,94.21917
2026-03-16T00:00:00.000000000,81.55,115.61657
2026-03-16T01:00:00.000000000,134.34,128.90792
2026-03-16T02:00:00.000000000,151.95,134.49133
2026-03-16T03:00:00.000000000,157.44,146.8424
2026-03-16T04:00:00.000000000,153.69,155.89396
2026-03-16T05:00:00.000000000,142.66,161.4951
2026-03-16T06:00:00.000000000,138.98,161.33366
2026-03-16T07:00:00.000000000,138.48,151.7797
2026-03-16T08:00:00.000000000,139.87,145.82557
2026-03-16T09:00:00.000000000,133.37,144.86862
2026-03-16T10:00:00.000000000,129.38,142.22311
2026-03-16T11:00:00.000000000,130.8,141.41563
2026-03-16T12:00:00.000000000,131.99,140.31522
2026-03-16T13:00:00.000000000,135.66,137.32724
2026-03-16T14:00:00.000000000,135.07,128.19012
2026-03-16T15:00:00.000000000,130.82,117.83816
2026-03-16T16:00:00.000000000,103.0,104.32706
2026-03-16T17:00:00.000000000,75.0,86.05911
2026-03-16T18:00:00.000000000,68.12,71.21612
2026-03-16T19:00:00.000000000,85.64,70.27426
2026-03-16T20:00:00.000000000,87.76,68.63432
2026-03-16T21:00:00.000000000,80.16,73.41961
2026-03-16T22:00:00.000000000,91.33,83.09773
2026-03-16T23:00:00.000000000,92.01,95.79036
2026-03-17T00:00:00.000000000,96.43,112.56019
2026-03-17T01:00:00.000000000,128.06,124.19402
2026-03-17T02:00:00.000000000,154.86,128.40146
2026-03-17T03:00:00.000000000,165.64,140.61487
2026-03-17T04:00:00.000000000,153.99,149.92164
2026-03-17T05:00:00.000000000,150.44,155.80224
2026-03-17T06:00:00.000000000,144.63,155.66545
2026-03-17T07:00:00.000000000,142.83,145.58509
2026-03-17T08:00:00.000000000,144.78,139.1162
2026-03-17T09:00:00.000000000,140.93,138.29681
2026-03-17T10:00:00.000000000,132.85,135.50932
2026-03-17T11:00:00.000000000,128.98,134.7971
2026-03-17T12:00:00.000000000,128.66,133.63693
2026-03-17T13:00:00.000000000,138.64,130.80058
2026-03-17T14:00:00.000000000,139.57,121.42941
2026-03-17T15:00:00.000000000,117.39,111.15072
2026-03-17T16:00:00.000000000,80.92,98.5563
2026-03-17T17:00:00.000000000,76.72,81.55768
2026-03-17T18:00:00.000000000,77.5,67.72399
2026-03-17T19:00:00.000000000,80.52,67.37813
2026-03-17T20:00:00.000000000,88.34,65.8368
2026-03-17T21:00:00.000000000,104.87,70.44007
2026-03-17T22:00:00.000000000,107.53,80.56717
2026-03-17T23:00:00.000000000,115.08,93.19614
2026-03-18T00:00:00.000000000,126.26,111.01983
2026-03-18T01:00:00.000000000,149.82,122.34204
2026-03-18T02:00:00.000000000,166.99,126.45381
2026-03-18T03:00:00.000000000,175.72,138.84681
2026-03-18T04:00:00.000000000,174.09,148.39449
2026-03-18T05:00:00.000000000,170.75,154.48952
2026-03-18T06:00:00.000000000,166.47,154.37546
2026-03-18T07:00:00.000000000,163.48,144.10228
2026-03-18T08:00:00.000000000,156.03,137.24872
2026-03-18T09:00:00.000000000,154.24,136.29722
2026-03-18T10:00:00.000000000,150.85,133.36468
2026-03-18T11:00:00.000000000,150.38,132.75747
2026-03-18T12:00:00.000000000,150.88,131.74797
2026-03-18T13:00:00.000000000,152.32,129.19937
2026-03-18T14:00:00.000000000,150.36,120.0873
2026-03-18T15:00:00.000000000,131.94,110.08891
2026-03-18T16:00:00.000000000,107.12,98.00788
2026-03-18T17:00:00.000000000,97.72,81.45057
2026-03-18T18:00:00.000000000,100.02,67.83161
2026-03-18T19:00:00.000000000,108.82,67.40915
2026-03-18T20:00:00.000000000,118.96,65.50247
2026-03-18T21:00:00.000000000,123.16,69.60595
2026-03-18T22:00:00.000000000,136.93,79.51496
2026-03-18T23:00:00.000000000,136.2,91.89147
2026-03-13T00:00:00.000000000,90.45,112.95464
2026-03-13T01:00:00.000000000,129.41,123.67487
2026-03-13T02:00:00.000000000,144.76,127.11362
2026-03-13T03:00:00.000000000,153.17,138.93846
2026-03-13T04:00:00.000000000,152.83,147.96421
2026-03-13T05:00:00.000000000,153.66,153.47836
2026-03-13T06:00:00.000000000,141.5,152.99375
2026-03-13T07:00:00.000000000,127.23,142.36837
2026-03-13T08:00:00.000000000,130.38,135.21094
2026-03-13T09:00:00.000000000,127.32,134.01986
2026-03-13T10:00:00.000000000,127.37,131.31884
2026-03-13T11:00:00.000000000,127.33,131.4819
2026-03-13T12:00:00.000000000,127.49,131.49548
2026-03-13T13:00:00.000000000,128.57,129.87776
2026-03-13T14:00:00.000000000,126.74,121.17524
2026-03-13T15:00:00.000000000,112.28,111.1799
2026-03-13T16:00:00.000000000,83.51,99.19806
2026-03-13T17:00:00.000000000,70.78,82.91932
2026-03-13T18:00:00.000000000,69.1,69.62938
2026-03-13T19:00:00.000000000,69.17,69.20451
2026-03-13T20:00:00.000000000,68.63,67.28621
2026-03-13T21:00:00.000000000,68.42,71.34733
2026-03-13T22:00:00.000000000,69.39,81.36459
2026-03-13T23:00:00.000000000,69.69,93.7299
2026-03-14T00:00:00.000000000,88.09,110.35521
2026-03-14T01:00:00.000000000,133.67,121.83398
2026-03-14T02:00:00.000000000,149.6,126.19374
2026-03-14T03:00:00.000000000,150.24,138.79244
2026-03-14T04:00:00.000000000,157.48,148.53133
2026-03-14T05:00:00.000000000,144.11,154.85928
2026-03-14T06:00:00.000000000,138.56,154.93973
2026-03-14T07:00:00.000000000,126.05,144.83732
2026-03-14T08:00:00.000000000,130.61,137.97074
2026-03-14T09:00:00.000000000,126.23,136.99859
2026-03-14T10:00:00.000000000,121.34,134.10119
2026-03-14T11:00:00.000000000,113.06,133.71183
2026-03-14T12:00:00.000000000,112.43,133.01703
2026-03-14T13:00:00.000000000,104.86,130.78866
2026-03-14T14:00:00.000000000,114.55,121.98764
2026-03-14T15:00:00.000000000,104.51,112.11538
2026-03-14T16:00:00.000000000,79.11,100.11381
2026-03-14T17:00:00.000000000,49.36,83.5184
2026-03-14T18:00:00.000000000,50.98,69.67434
2026-03-14T19:00:00.000000000,50.84,68.85283
2026-03-14T20:00:00.000000000,51.0,66.42577
2026-03-14T21:00:00.000000000,50.73,69.99444
2026-03-14T22:00:00.000000000,50.78,79.45455
2026-03-14T23:00:00.000000000,63.09,91.49618
2026-03-15T00:00:00.000000000,74.27,114.04246
2026-03-15T01:00:00.000000000,78.86,127.0529
2026-03-15T02:00:00.000000000,109.96,132.47329
2026-03-15T03:00:00.000000000,125.27,144.99673
2026-03-15T04:00:00.000000000,148.43,154.31623
2026-03-15T05:00:00.000000000,135.71,160.14865
2026-03-15T06:00:00.000000000,123.15,160.04285
2026-03-15T07:00:00.000000000,112.51,150.28538
2026-03-15T08:00:00.000000000,119.37,144.05115
2026-03-15T09:00:00.000000000,115.65,143.03788
2026-03-15T10:00:00.000000000,111.92,140.28075
2026-03-15T11:00:00.000000000,116.33,139.48109
2026-03-15T12:00:00.000000000,114.25,138.37963
2026-03-15T13:00:00.000000000,113.89,135.47399
2026-03-15T14:00:00.000000000,110.24,126.34312
2026-03-15T15:00:00.000000000,98.52,116.05848
2026-03-15T16:00:00.000000000,67.92,102.81225
2026-03-15T17:00:00.000000000,57.59,84.8218
2026-03-15T18:00:00.000000000,58.22,70.11177
2026-03-15T19:00:00.000000000,55.96,69.18874
2026-03-15T20:00:00.000000000,59.86,67.39046
2026-03-15T21:00:00.000000000,62.0,71.95538
2026-03-15T22:00:00.000000000,60.9,81.64478
2026-03-15T23:00:00.000000000,65.85,94.27787
2026-03-16T00:00:00.000000000,81.55,115.61473
2026-03-16T01:00:00.000000000,134.34,128.89892
2026-03-16T02:00:00.000000000,151.95,134.48067
2026-03-16T03:00:00.000000000,157.44,146.83127
2026-03-16T04:00:00.000000000,153.69,155.88243
2026-03-16T05:00:00.000000000,142.66,161.48373
2026-03-16T06:00:00.000000000,138.98,161.32237
2026-03-16T07:00:00.000000000,138.48,151.76808
2026-03-16T08:00:00.000000000,139.87,145.80805
2026-03-16T09:00:00.000000000,133.37,144.84704
2026-03-16T10:00:00.000000000,129.38,142.20221
2026-03-16T11:00:00.000000000,130.8,141.40611
2026-03-16T12:00:00.000000000,131.99,140.32199
2026-03-16T13:00:00.000000000,135.66,137.35248
2026-03-16T14:00:00.000000000,135.07,128.23072
2026-03-16T15:00:00.000000000,130.82,117.8878
2026-03-16T16:00:00.000000000,103.0,104.38763
2026-03-16T17:00:00.000000000,75.0,86.12838
2026-03-16T18:00:00.000000000,68.12,71.28913
2026-03-16T19:00:00.000000000,85.64,70.33926
2026-03-16T20:00:00.000000000,87.76,68.68583
2026-03-16T21:00:00.000000000,80.16,73.45407
2026-03-16T22:00:00.000000000,91.33,83.11974
2026-03-16T23:00:00.000000000,92.01,95.79976
2026-03-17T00:00:00.000000000,96.43,112.55521
2026-03-17T01:00:00.000000000,128.06,124.1883
2026-03-17T02:00:00.000000000,154.86,128.39715
2026-03-17T03:00:00.000000000,165.64,140.61199
2026-03-17T04:00:00.000000000,153.99,149.92024
2026-03-17T05:00:00.000000000,150.44,155.80307
2026-03-17T06:00:00.000000000,144.63,155.66813
2026-03-17T07:00:00.000000000,142.83,145.58946
2026-03-17T08:00:00.000000000,144.78,139.11944
2026-03-17T09:00:00.000000000,140.93,138.29916
2026-03-17T10:00:00.000000000,132.85,135.512
2026-03-17T11:00:00.000000000,128.98,134.80348
2026-03-17T12:00:00.000000000,128.66,133.64852
2026-03-17T13:00:00.000000000,138.64,130.81798
2026-03-17T14:00:00.000000000,139.57,121.4524
2026-03-17T15:00:00.000000000,117.39,111.17691
2026-03-17T16:00:00.000000000,80.92,98.58604
2026-03-17T17:00:00.000000000,76.72,81.58965
2026-03-17T18:00:00.000000000,77.5,67.75562
2026-03-17T19:00:00.000000000,80.52,67.40517
2026-03-17T20:00:00.000000000,88.34,65.857
2026-03-17T21:00:00.000000000,104.87,70.45237
2026-03-17T22:00:00.000000000,107.53,80.57312
2026-03-17T23:00:00.000000000,115.08,93.19643
2026-03-18T00:00:00.000000000,126.26,111.01704
2026-03-18T01:00:00.000000000,149.82,122.33989
2026-03-18T02:00:00.000000000,166.99,126.45288
2026-03-18T03:00:00.000000000,175.72,138.84683
2026-03-18T04:00:00.000000000,174.09,148.39539
2026-03-18T05:00:00.000000000,170.75,154.49161
2026-03-18T06:00:00.000000000,166.47,154.37859
2026-03-18T07:00:00.000000000,163.48,144.10646
2026-03-18T08:00:00.000000000,156.03,137.25297
2026-03-18T09:00:00.000000000,154.24,136.30142
2026-03-18T10:00:00.000000000,150.85,133.36906
2026-03-18T11:00:00.000000000,150.38,132.76289
2026-03-18T12:00:00.000000000,150.88,131.75487
2026-03-18T13:00:00.000000000,152.32,129.20783
2026-03-18T14:00:00.000000000,150.36,120.09742
2026-03-18T15:00:00.000000000,131.94,110.09984
2026-03-18T16:00:00.000000000,107.12,98.01942
2026-03-18T17:00:00.000000000,97.72,81.4621
2026-03-18T18:00:00.000000000,100.02,67.84222
2026-03-18T19:00:00.000000000,108.82,67.41779
2026-03-18T20:00:00.000000000,118.96,65.50848
2026-03-18T21:00:00.000000000,123.16,69.6092
2026-03-18T22:00:00.000000000,136.93,79.51581
2026-03-18T23:00:00.000000000,136.2,91.8904
2026-03-19T00:00:00.000000000,143.5,109.41996
2026-03-19T01:00:00.000000000,173.73,120.53218
2026-03-19T02:00:00.000000000,186.38,124.59548
2026-03-19T03:00:00.000000000,187.44,137.2178
2026-03-19T04:00:00.000000000,190.54,147.06269
2026-03-19T05:00:00.000000000,188.52,153.51841
2026-03-19T06:00:00.000000000,179.09,153.62079
2026-03-19T07:00:00.000000000,165.26,143.40511
2026-03-19T08:00:00.000000000,153.2,136.47726
2026-03-19T09:00:00.000000000,154.46,135.57909
2026-03-19T10:00:00.000000000,148.15,132.52541
2026-03-19T11:00:00.000000000,143.45,131.82658
2026-03-19T12:00:00.000000000,145.94,130.68172
2026-03-19T13:00:00.000000000,146.95,128.0885
2026-03-19T14:00:00.000000000,144.49,118.97678
2026-03-19T15:00:00.000000000,134.24,109.07624
2026-03-19T16:00:00.000000000,128.58,97.29341
2026-03-19T17:00:00.000000000,165.54,81.03677
2026-03-19T18:00:00.000000000,156.56,67.52454
2026-03-19T19:00:00.000000000,166.76,67.06818
2026-03-19T20:00:00.000000000,180.82,64.92143
2026-03-19T21:00:00.000000000,186.11,68.67733
2026-03-19T22:00:00.000000000,187.36,78.4063
2026-03-19T23:00:00.000000000,189.88,90.55497
2026-03-14T00:00:00.000000000,88.09,112.11641
2026-03-14T01:00:00.000000000,133.67,123.48717
2026-03-14T02:00:00.000000000,149.6,127.44056
2026-03-14T03:00:00.000000000,150.24,139.56652
2026-03-14T04:00:00.000000000,157.48,148.78824
2026-03-14T05:00:00.000000000,144.11,154.35942
2026-03-14T06:00:00.000000000,138.56,153.84349
2026-03-14T07:00:00.000000000,126.05,143.13211
2026-03-14T08:00:00.000000000,130.61,135.90027
2026-03-14T09:00:00.000000000,126.23,134.65361
2026-03-14T10:00:00.000000000,121.34,131.92119
2026-03-14T11:00:00.000000000,113.06,132.015
2026-03-14T12:00:00.000000000,112.43,132.00828
2026-03-14T13:00:00.000000000,104.86,130.32029
2026-03-14T14:00:00.000000000,114.55,121.57201
2026-03-14T15:00:00.000000000,104.51,111.46645
2026-03-14T16:00:00.000000000,79.11,99.14443
2026-03-14T17:00:00.000000000,49.36,82.34879
2026-03-14T18:00:00.000000000,50.98,68.53168
2026-03-14T19:00:00.000000000,50.84,67.88554
2026-03-14T20:00:00.000000000,51.0,65.82041
2026-03-14T21:00:00.000000000,50.73,69.89019
2026-03-14T22:00:00.000000000,50.78,79.90158
2026-03-14T23:00:00.000000000,63.09,92.48496
2026-03-15T00:00:00.000000000,74.27,114.34429
2026-03-15T01:00:00.000000000,78.86,127.27497
2026-03-15T02:00:00.000000000,109.96,132.5906
2026-03-15T03:00:00.000000000,125.27,145.01768
2026-03-15T04:00:00.000000000,148.43,154.23476
2026-03-15T05:00:00.000000000,135.71,159.91825
2026-03-15T06:00:00.000000000,123.15,159.68812
2026-03-15T07:00:00.000000000,112.51,149.79245
2026-03-15T08:00:00.000000000,119.37,143.44913
2026-03-15T09:00:00.000000000,115.65,142.3639
2026-03-15T10:00:00.000000000,111.92,139.62511
2026-03-15T11:00:00.000000000,116.33,138.94441
2026-03-15T12:00:00.000000000,114.25,138.01733
2026-03-15T13:00:00.000000000,113.89,135.28101
2026-03-15T14:00:00.000000000,110.24,126.21288
2026-03-15T15:00:00.000000000,98.52,115.93035
2026-03-15T16:00:00.000000000,67.92,102.68671
2026-03-15T17:00:00.000000000,57.59,84.71734
2026-03-15T18:00:00.000000000,58.22,70.05937
2026-03-15T19:00:00.000000000,55.96,69.16508
2026-03-15T20:00:00.000000000,59.86,67.40776
2026-03-15T21:00:00.000000000,62.0,72.01677
2026-03-15T22:00:00.000000000,60.9,81.78405
2026-03-15T23:00:00.000000000,65.85,94.47571
2026-03-16T00:00:00.000000000,81.55,115.64472
2026-03-16T01:00:00.000000000,134.34,128.89762
2026-03-16T02:00:00.000000000,151.95,134.45488
2026-03-16T03:00:00.000000000,157.44,146.78939
2026-03-16T04:00:00.000000000,153.69,155.8254
2026-03-16T05:00:00.000000000,142.66,161.40525
2026-03-16T06:00:00.000000000,138.98,161.22476
2026-03-16T07:00:00.000000000,138.48,151.64567
2026-03-16T08:00:00.000000000,139.87,145.65583
2026-03-16T09:00:00.000000000,133.37,144.6769
2026-03-16T10:00:00.000000000,129.38,142.03487
2026-03-16T11:00:00.000000000,130.8,141.27618
2026-03-16T12:00:00.000000000,131.99,140.24563
2026-03-16T13:00:00.000000000,135.66,137.33388
2026-03-16T14:00:00.000000000,135.07,128.24689
2026-03-16T15:00:00.000000000,130.82,117.92055
2026-03-16T16:00:00.000000000,103.0,104.44351
2026-03-16T17:00:00.000000000,75.0,86.20774
2026-03-16T18:00:00.000000000,68.12,71.38745
2026-03-16T19:00:00.000000000,85.64,70.43104
2026-03-16T20:00:00.000000000,87.76,68.76179
2026-03-16T21:00:00.000000000,80.16,73.50759
2026-03-16T22:00:00.000000000,91.33,83.16648
2026-03-16T23:00:00.000000000,92.01,95.83423
2026-03-17T00:00:00.000000000,96.43,112.54886
2026-03-17T01:00:00.000000000,128.06,124.17222
2026-03-17T02:00:00.000000000,154.86,128.37755
2026-03-17T03:00:00.000000000,165.64,140.59205
2026-03-17T04:00:00.000000000,153.99,149.90098
2026-03-17T05:00:00.000000000,150.44,155.78531
2026-03-17T06:00:00.000000000,144.63,155.65085
2026-03-17T07:00:00.000000000,142.83,145.57083
2026-03-17T08:00:00.000000000,144.78,139.09286
2026-03-17T09:00:00.000000000,140.93,138.26778
2026-03-17T10:00:00.000000000,132.85,135.48087
2026-03-17T11:00:00.000000000,128.98,134.78447
2026-03-17T12:00:00.000000000,128.66,133.64617
2026-03-17T13:00:00.000000000,138.64,130.83471
2026-03-17T14:00:00.000000000,139.57,121.48483
2026-03-17T15:00:00.000000000,117.39,111.21903
2026-03-17T16:00:00.000000000,80.92,98.64161
2026-03-17T17:00:00.000000000,76.72,81.65678
2026-03-17T18:00:00.000000000,77.5,67.8284
2026-03-17T19:00:00.000000000,80.52,67.47011
2026-03-17T20:00:00.000000000,88.34,65.9072
2026-03-17T21:00:00.000000000,104.87,70.48394
2026-03-17T22:00:00.000000000,107.53,80.59205
2026-03-17T23:00:00.000000000,115.08,93.20222
2026-03-18T00:00:00.000000000,126.26,111.01056
2026-03-18T01:00:00.000000000,149.82,122.33171
2026-03-18T02:00:00.000000000,166.99,126.44569
2026-03-18T03:00:00.000000000,175.72,138.84111
2026-03-18T04:00:00.000000000,174.09,148.39142
2026-03-18T05:00:00.000000000,170.75,154.49028
2026-03-18T06:00:00.000000000,166.47,154.37926
2026-03-18T07:00:00.000000000,163.48,144.10878
2026-03-18T08:00:00.000000000,156.03,137.2537
2026-03-18T09:00:00.000000000,154.24,136.30114
2026-03-18T10:00:00.000000000,150.85,133.36889
2026-03-18T11:00:00.000000000,150.38,132.76657
2026-03-18T12:00:00.000000000,150.88,131.76387
2026-03-18T13:00:00.000000000,152.32,129.22304
2026-03-18T14:00:00.000000000,150.36,120.11876
2026-03-18T15:00:00.000000000,131.94,110.12509
2026-03-18T16:00:00.000000000,107.12,98.04947
2026-03-18T17:00:00.000000000,97.72,81.49555
2026-03-18T18:00:00.000000000,100.02,67.87612
2026-03-18T19:00:00.000000000,108.82,67.4471
2026-03-18T20:00:00.000000000,118.96,65.53041
2026-03-18T21:00:00.000000000,123.16,69.62228
2026-03-18T22:00:00.000000000,136.93,79.522
2026-03-18T23:00:00.000000000,136.2,91.89017
2026-03-19T00:00:00.000000000,143.5,109.41661
2026-03-19T01:00:00.000000000,173.73,120.52911
2026-03-19T02:00:00.000000000,186.38,124.59351
2026-03-19T03:00:00.000000000,187.44,137.21682
2026-03-19T04:00:00.000000000,190.54,147.06274
2026-03-19T05:00:00.000000000,188.52,153.51989
2026-03-19T06:00:00.000000000,179.09,153.62349
2026-03-19T07:00:00.000000000,165.26,143.40894
2026-03-19T08:00:00.000000000,153.2,136.48106
2026-03-19T09:00:00.000000000,154.46,135.5828
2026-03-19T10:00:00.000000000,148.15,132.52923
2026-03-19T11:00:00.000000000,143.45,131.83156
2026-03-19T12:00:00.000000000,145.94,130.68825
2026-03-19T13:00:00.000000000,146.95,128.09681
2026-03-19T14:00:00.000000000,144.49,118.98702
2026-03-19T15:00:00.000000000,134.24,109.08756
2026-03-19T16:00:00.000000000,128.58,97.30584
2026-03-19T17:00:00.000000000,165.54,81.04967
2026-03-19T18:00:00.000000000,156.56,67.53678
2026-03-19T19:00:00.000000000,166.76,67.07834
2026-03-19T20:00:00.000000000,180.82,64.92861
2026-03-19T21:00:00.000000000,186.11,68.68128
2026-03-19T22:00:00.000000000,187.36,78.40748
2026-03-19T23:00:00.000000000,189.88,90.55386
2026-03-20T00:00:00.000000000,197.73,108.94344
2026-03-20T01:00:00.000000000,219.4,120.1062
2026-03-20T02:00:00.000000000,227.18,124.25303
2026-03-20T03:00:00.000000000,230.88,136.98176
2026-03-20T04:00:00.000000000,219.49,146.93601
2026-03-20T05:00:00.000000000,214.77,153.5164
2026-03-20T06:00:00.000000000,219.25,153.70331
2026-03-20T07:00:00.000000000,220.76,143.54403
2026-03-20T08:00:00.000000000,208.1,136.62752
2026-03-20T09:00:00.000000000,206.59,135.75301
2026-03-20T10:00:00.000000000,205.51,132.67625
2026-03-20T11:00:00.000000000,199.26,131.94792
2026-03-20T12:00:00.000000000,199.22,130.76577
2026-03-20T13:00:00.000000000,199.89,128.14915
2026-03-20T14:00:00.000000000,199.78,119.04836
2026-03-20T15:00:00.000000000,178.7,109.16713
2026-03-20T16:00:00.000000000,144.56,97.41409
2026-03-20T17:00:00.000000000,133.45,81.15727
2026-03-20T18:00:00.000000000,149.23,67.58576
2026-03-20T19:00:00.000000000,156.84,67.06058
2026-03-20T20:00:00.000000000,165.8,64.80215
2026-03-20T21:00:00.000000000,176.41,68.4365
2026-03-20T22:00:00.000000000,194.72,78.07009
2026-03-20T23:00:00.000000000,185.77,90.14772
2026-03-15T00:00:00.000000000,74.27,114.96423
2026-03-15T01:00:00.000000000,78.86,127.4473
2026-03-15T02:00:00.000000000,109.96,131.97593
2026-03-15T03:00:00.000000000,125.27,143.90804
2026-03-15T04:00:00.000000000,148.43,152.65999
2026-03-15T05:00:00.000000000,135.71,157.44585
2026-03-15T06:00:00.000000000,123.15,156.29351
2026-03-15T07:00:00.000000000,112.51,145.2022
2026-03-15T08:00:00.000000000,119.37,138.14629
2026-03-15T09:00:00.000000000,115.65,136.75051
2026-03-15T10:00:00.000000000,111.92,133.94959
2026-03-15T11:00:00.000000000,116.33,133.3307
2026-03-15T12:00:00.000000000,114.25,132.51526
2026-03-15T13:00:00.000000000,113.89,129.84668
2026-03-15T14:00:00.000000000,110.24,120.3061
2026-03-15T15:00:00.000000000,98.52,109.65576
2026-03-15T16:00:00.000000000,67.92,96.18204
2026-03-15T17:00:00.000000000,57.59,78.21467
2026-03-15T18:00:00.000000000,58.22,63.93999
2026-03-15T19:00:00.000000000,55.96,63.87633
2026-03-15T20:00:00.000000000,59.86,63.14958
2026-03-15T21:00:00.000000000,62.0,68.90932
2026-03-15T22:00:00.000000000,60.9,80.00142
2026-03-15T23:00:00.000000000,65.85,93.81157
2026-03-16T00:00:00.000000000,81.55,115.69072
2026-03-16T01:00:00.000000000,134.34,128.53883
2026-03-16T02:00:00.000000000,151.95,133.69278
2026-03-16T03:00:00.000000000,157.44,145.84912
2026-03-16T04:00:00.000000000,153.69,154.77916
2026-03-16T05:00:00.000000000,142.66,160.18973
2026-03-16T06:00:00.000000000,138.98,159.81676
2026-03-16T07:00:00.000000000,138.48,149.92423
2026-03-16T08:00:00.000000000,139.87,143.70087
2026-03-16T09:00:00.000000000,133.37,142.64259
2026-03-16T10:00:00.000000000,129.38,139.96694
2026-03-16T11:00:00.000000000,130.8,139.26001
2026-03-16T12:00:00.000000000,131.99,138.27559
2026-03-16T13:00:00.000000000,135.66,135.44659
2026-03-16T14:00:00.000000000,135.07,126.28845
2026-03-16T15:00:00.000000000,130.82,115.95321
2026-03-16T16:00:00.000000000,103.0,102.61961
2026-03-16T17:00:00.000000000,75.0,84.63584
2026-03-16T18:00:00.000000000,68.12,70.12561
2026-03-16T19:00:00.000000000,85.64,69.42856
2026-03-16T20:00:00.000000000,87.76,67.99396
2026-03-16T21:00:00.000000000,80.16,72.93979
2026-03-16T22:00:00.000000000,91.33,82.91071
2026-03-16T23:00:00.000000000,92.01,95.74596
2026-03-17T00:00:00.000000000,96.43,112.53022
2026-03-17T01:00:00.000000000,128.06,123.97195
2026-03-17T02:00:00.000000000,154.86,128.04608
2026-03-17T03:00:00.000000000,165.64,140.21021
2026-03-17T04:00:00.000000000,153.99,149.49377
2026-03-17T05:00:00.000000000,150.44,155.35404
2026-03-17T06:00:00.000000000,144.63,155.18142
2026-03-17T07:00:00.000000000,142.83,145.03488
2026-03-17T08:00:00.000000000,144.78,138.47408
2026-03-17T09:00:00.000000000,140.93,137.61636
2026-03-17T10:00:00.000000000,132.85,134.80634
2026-03-17T11:00:00.000000000,128.98,134.14254
2026-03-17T12:00:00.000000000,128.66,133.04146
2026-03-17T13:00:00.000000000,138.64,130.3009
2026-03-17T14:00:00.000000000,139.57,120.99857
2026-03-17T15:00:00.000000000,117.39,110.79876
2026-03-17T16:00:00.000000000,80.92,98.36598
2026-03-17T17:00:00.000000000,76.72,81.54871
2026-03-17T18:00:00.000000000,77.5,67.87235
2026-03-17T19:00:00.000000000,80.52,67.57422
2026-03-17T20:00:00.000000000,88.34,66.02031
2026-03-17T21:00:00.000000000,104.87,70.55864
2026-03-17T22:00:00.000000000,107.53,80.67846
2026-03-17T23:00:00.000000000,115.08,93.24753
2026-03-18T00:00:00.000000000,126.26,110.98656
2026-03-18T01:00:00.000000000,149.82,122.23897
2026-03-18T02:00:00.000000000,166.99,126.31772
2026-03-18T03:00:00.000000000,175.72,138.70377
2026-03-18T04:00:00.000000000,174.09,148.25388
2026-03-18T05:00:00.000000000,170.75,154.36027
2026-03-18T06:00:00.000000000,166.47,154.24939
2026-03-18T07:00:00.000000000,163.48,143.97205
2026-03-18T08:00:00.000000000,156.03,137.08755
2026-03-18T09:00:00.000000000,154.24,136.12125
2026-03-18T10:00:00.000000000,150.85,133.18
2026-03-18T11:00:00.000000000,150.38,132.59967
2026-03-18T12:00:00.000000000,150.88,131.62436
2026-03-18T13:00:00.000000000,152.32,129.12828
2026-03-18T14:00:00.000000000,150.36,120.06903
2026-03-18T15:00:00.000000000,131.94,110.1207
2026-03-18T16:00:00.000000000,107.12,98.12151
2026-03-18T17:00:00.000000000,97.72,81.64399
2026-03-18T18:00:00.000000000,100.02,68.08225
2026-03-18T19:00:00.000000000,108.82,67.65366
2026-03-18T20:00:00.000000000,118.96,65.70663
2026-03-18T21:00:00.000000000,123.16,69.74292
2026-03-18T22:00:00.000000000,136.93,79.6087
2026-03-18T23:00:00.000000000,136.2,91.92691
2026-03-19T00:00:00.000000000,143.5,109.39812
2026-03-19T01:00:00.000000000,173.73,120.48937
2026-03-19T02:00:00.000000000,186.38,124.5482
2026-03-19T03:00:00.000000000,187.44,137.17286
2026-03-19T04:00:00.000000000,190.54,147.02304
2026-03-19T05:00:00.000000000,188.52,153.48959
2026-03-19T06:00:00.000000000,179.09,153.59932
2026-03-19T07:00:00.000000000,165.26,143.38945
2026-03-19T08:00:00.000000000,153.2,136.45277
2026-03-19T09:00:00.000000000,154.46,135.54987
2026-03-19T10:00:00.000000000,148.15,132.4936
2026-03-19T11:00:00.000000000,143.45,131.80732
2026-03-19T12:00:00.000000000,145.94,130.67883
2026-03-19T13:00:00.000000000,146.95,128.10923
2026-03-19T14:00:00.000000000,144.49,119.02384
2026-03-19T15:00:00.000000000,134.24,109.14576
2026-03-19T16:00:00.000000000,128.58,97.39554
2026-03-19T17:00:00.000000000,165.54,81.16761
2026-03-19T18:00:00.000000000,156.56,67.67171
2026-03-19T19:00:00.000000000,166.76,67.20388
2026-03-19T20:00:00.000000000,180.82,65.03065
2026-03-19T21:00:00.000000000,186.11,68.74936
2026-03-19T22:00:00.000000000,187.36,78.45021
2026-03-19T23:00:00.000000000,189.88,90.56786
2026-03-20T00:00:00.000000000,197.73,108.93226
2026-03-20T01:00:00.000000000,219.4,120.09051
2026-03-20T02:00:00.000000000,227.18,124.23866
2026-03-20T03:00:00.000000000,230.88,136.96998
2026-03-20T04:00:00.000000000,219.49,146.92758
2026-03-20T05:00:00.000000000,214.77,153.51369
2026-03-20T06:00:00.000000000,219.25,153.70507
2026-03-20T07:00:00.000000000,220.76,143.55001
2026-03-20T08:00:00.000000000,208.1,136.6317
2026-03-20T09:00:00.000000000,206.59,135.75609
2026-03-20T10:00:00.000000000,205.51,132.67888
2026-03-20T11:00:00.000000000,199.26,131.95542
2026-03-20T12:00:00.000000000,199.22,130.77971
2026-03-20T13:00:00.000000000,199.89,128.1718
2026-03-20T14:00:00.000000000,199.78,119.08122
2026-03-20T15:00:00.000000000,178.7,109.2079
2026-03-20T16:00:00.000000000,144.56,97.46519
2026-03-20T17:00:00.000000000,133.45,81.21646
2026-03-20T18:00:00.000000000,149.23,67.64785
2026-03-20T19:00:00.000000000,156.84,67.11582
2026-03-20T20:00:00.000000000,165.8,64.84517
2026-03-20T21:00:00.000000000,176.41,68.46396
2026-03-20T22:00:00.000000000,194.72,78.08494
2026-03-20T23:00:00.000000000,185.77,90.15008
2026-03-21T00:00:00.000000000,212.9,109.65853
2026-03-21T01:00:00.000000000,220.91,121.27275
2026-03-21T02:00:00.000000000,228.18,125.60851
2026-03-21T03:00:00.000000000,224.92,138.30122
2026-03-21T04:00:00.000000000,219.89,148.14568
2026-03-21T05:00:00.000000000,220.2,154.50057
2026-03-21T06:00:00.000000000,219.7,154.51333
2026-03-21T07:00:00.000000000,218.31,144.24201
2026-03-21T08:00:00.000000000,210.44,137.45847
2026-03-21T09:00:00.000000000,207.82,136.60727
2026-03-21T10:00:00.000000000,206.91,133.55298
2026-03-21T11:00:00.000000000,203.96,132.55618
2026-03-21T12:00:00.000000000,203.23,131.03738
2026-03-21T13:00:00.000000000,202.6,127.97162
2026-03-21T14:00:00.000000000,199.08,118.45555
2026-03-21T15:00:00.000000000,184.41,108.24593
2026-03-21T16:00:00.000000000,146.11,95.94344
2026-03-21T17:00:00.000000000,141.34,79.15979
2026-03-21T18:00:00.000000000,136.86,65.31074
2026-03-21T19:00:00.000000000,136.24,64.99003
2026-03-21T20:00:00.000000000,147.8,63.23068
2026-03-21T21:00:00.000000000,163.95,67.54359
2026-03-21T22:00:00.000000000,173.13,77.64172
2026-03-21T23:00:00.000000000,184.04,90.25335
2026-03-16T00:00:00.000000000,81.55,111.72144
2026-03-16T01:00:00.000000000,134.34,122.69281
2026-03-16T02:00:00.000000000,151.95,126.58614
2026-03-16T03:00:00.000000000,157.44,138.84325
2026-03-16T04:00:00.000000000,153.69,148.31503
2026-03-16T05:00:00.000000000,142.66,154.5227
2026-03-16T06:00:00.000000000,138.98,154.66338
2026-03-16T07:00:00.000000000,138.48,144.71803
2026-03-16T08:00:00.000000000,139.87,138.03624
2026-03-16T09:00:00.000000000,133.37,137.12188
2026-03-16T10:00:00.000000000,129.38,134.35036
2026-03-16T11:00:00.000000000,130.8,134.16618
2026-03-16T12:00:00.000000000,131.99,133.70125
2026-03-16T13:00:00.000000000,135.66,131.67276
2026-03-16T14:00:00.000000000,135.07,122.93445
2026-03-16T15:00:00.000000000,130.82,113.03103
2026-03-16T16:00:00.000000000,103.0,101.09959
2026-03-16T17:00:00.000000000,75.0,84.78933
2026-03-16T18:00:00.000000000,68.12,71.28345
2026-03-16T19:00:00.000000000,85.64,70.55432
2026-03-16T20:00:00.000000000,87.76,68.25002
2026-03-16T21:00:00.000000000,80.16,71.85477
2026-03-16T22:00:00.000000000,91.33,81.30362
2026-03-16T23:00:00.000000000,92.01,93.14875
2026-03-17T00:00:00.000000000,96.43,111.2647
2026-03-17T01:00:00.000000000,128.06,122.17192
2026-03-17T02:00:00.000000000,154.86,126.0407
2026-03-17T03:00:00.000000000,165.64,138.31747
2026-03-17T04:00:00.000000000,153.99,147.81497
2026-03-17T05:00:00.000000000,150.44,154.01567
2026-03-17T06:00:00.000000000,144.63,154.07089
2026-03-17T07:00:00.000000000,142.83,144.04089
2026-03-17T08:00:00.000000000,144.78,137.32234
2026-03-17T09:00:00.000000000,140.93,136.46435
2026-03-17T10:00:00.000000000,132.85,133.57978
2026-03-17T11:00:00.000000000,128.98,133.1036
2026-03-17T12:00:00.000000000,128.66,132.22187
2026-03-17T13:00:00.000000000,138.64,129.85478
2026-03-17T14:00:00.000000000,139.57,120.94366
2026-03-17T15:00:00.000000000,117.39,111.11927
2026-03-17T16:00:00.000000000,80.92,99.35912
2026-03-17T17:00:00.000000000,76.72,83.18698
2026-03-17T18:00:00.000000000,77.5,69.85579
2026-03-17T19:00:00.000000000,80.52,69.3898
2026-03-17T20:00:00.000000000,88.34,67.30756
2026-03-17T21:00:00.000000000,104.87,71.09459
2026-03-17T22:00:00.000000000,107.53,80.71902
2026-03-17T23:00:00.000000000,115.08,92.6957
2026-03-18T00:00:00.000000000,126.26,110.56257
2026-03-18T01:00:00.000000000,149.82,121.68418
2026-03-18T02:00:00.000000000,166.99,125.76259
2026-03-18T03:00:00.000000000,175.72,138.21767
2026-03-18T04:00:00.000000000,174.09,147.86273
2026-03-18T05:00:00.000000000,170.75,154.11859
2026-03-18T06:00:00.000000000,166.47,154.11738
2026-03-18T07:00:00.000000000,163.48,143.92621
2026-03-18T08:00:00.000000000,156.03,137.00094
2026-03-18T09:00:00.000000000,154.24,136.02829
2026-03-18T10:00:00.000000000,150.85,133.06627
2026-03-18T11:00:00.000000000,150.38,132.56903
2026-03-18T12:00:00.000000000,150.88,131.6985
2026-03-18T13:00:00.000000000,152.32,129.36198
2026-03-18T14:00:00.000000000,150.36,120.49314
2026-03-18T15:00:00.000000000,131.94,110.70682
2026-03-18T16:00:00.000000000,107.12,98.94852
2026-03-18T17:00:00.000000000,97.72,82.67361
2026-03-18T18:00:00.000000000,100.02,69.1914
2026-03-18T19:00:00.000000000,108.82,68.6378
2026-03-18T20:00:00.000000000,118.96,66.43402
2026-03-18T21:00:00.000000000,123.16,70.13532
2026-03-18T22:00:00.000000000,136.93,79.74649
2026-03-18T23:00:00.000000000,136.2,91.80117
2026-03-19T00:00:00.000000000,143.5,109.24497
2026-03-19T01:00:00.000000000,173.73,120.32056
2026-03-19T02:00:00.000000000,186.38,124.40578
2026-03-19T03:00:00.000000000,187.44,137.06653
2026-03-19T04:00:00.000000000,190.54,146.95787
2026-03-19T05:00:00.000000000,188.52,153.48622
2026-03-19T06:00:00.000000000,179.09,153.64529
2026-03-19T07:00:00.000000000,165.26,143.48095
2026-03-19T08:00:00.000000000,153.2,136.54142
2026-03-19T09:00:00.000000000,154.46,135.63948
2026-03-19T10:00:00.000000000,148.15,132.58067
2026-03-19T11:00:00.000000000,143.45,131.92645
2026-03-19T12:00:00.000000000,145.94,130.84004
2026-03-19T13:00:00.000000000,146.95,128.32744
2026-03-19T14:00:00.000000000,144.49,119.31353
2026-03-19T15:00:00.000000000,134.24,109.48847
2026-03-19T16:00:00.000000000,128.58,97.80557
2026-03-19T17:00:00.000000000,165.54,81.62421
2026-03-19T18:00:00.000000000,156.56,68.12903
2026-03-19T19:00:00.000000000,166.76,67.59609
2026-03-19T20:00:00.000000000,180.82,65.31569
2026-03-19T21:00:00.000000000,186.11,68.90579
2026-03-19T22:00:00.000000000,187.36,78.50089
2026-03-19T23:00:00.000000000,189.88,90.52038
2026-03-20T00:00:00.000000000,197.73,108.87611
2026-03-20T01:00:00.000000000,219.4,120.04269
2026-03-20T02:00:00.000000000,227.18,124.20918
2026-03-20T03:00:00.000000000,230.88,136.95709
2026-03-20T04:00:00.000000000,219.49,146.93144
2026-03-20T05:00:00.000000000,214.77,153.54083
2026-03-20T06:00:00.000000000,219.25,153.75203
2026-03-20T07:00:00.000000000,220.76,143.6165
2026-03-20T08:00:00.000000000,208.1,136.70253
2026-03-20T09:00:00.000000000,206.59,135.8296
2026-03-20T10:00:00.000000000,205.51,132.75365
2026-03-20T11:00:00.000000000,199.26,132.04
2026-03-20T12:00:00.000000000,199.22,130.87756
2026-03-20T13:00:00.000000000,199.89,128.28515
2026-03-20T14:00:00.000000000,199.78,119.21531
2026-03-20T15:00:00.000000000,178.7,109.35418
2026-03-20T16:00:00.000000000,144.56,97.62262
2026-03-20T17:00:00.000000000,133.45,81.37636
2026-03-20T18:00:00.000000000,149.23,67.79534
2026-03-20T19:00:00.000000000,156.84,67.23566
2026-03-20T20:00:00.000000000,165.8,64.92671
2026-03-20T21:00:00.000000000,176.41,68.50404
2026-03-20T22:00:00.000000000,194.72,78.0886
2026-03-20T23:00:00.000000000,185.77,90.12404
2026-03-21T00:00:00.000000000,212.9,109.63963
2026-03-21T01:00:00.000000000,220.91,121.26195
2026-03-21T02:00:00.000000000,228.18,125.60661
2026-03-21T03:00:00.000000000,224.92,138.3059
2026-03-21T04:00:00.000000000,219.89,148.15634
2026-03-21T05:00:00.000000000,220.2,154.51875
2026-03-21T06:00:00.000000000,219.7,154.53825
2026-03-21T07:00:00.000000000,218.31,144.27379
2026-03-21T08:00:00.000000000,210.44,137.49345
2026-03-21T09:00:00.000000000,207.82,136.64394
2026-03-21T10:00:00.000000000,206.91,133.59069
2026-03-21T11:00:00.000000000,203.96,132.59597
2026-03-21T12:00:00.000000000,203.23,131.0802
2026-03-21T13:00:00.000000000,202.6,128.01689
2026-03-21T14:00:00.000000000,199.08,118.50474
2026-03-21T15:00:00.000000000,184.41,108.29583
2026-03-21T16:00:00.000000000,146.11,95.99143
2026-03-21T17:00:00.000000000,141.34,79.20289
2026-03-21T18:00:00.000000000,136.86,65.34507
2026-03-21T19:00:00.000000000,136.24,65.01452
2026-03-21T20:00:00.000000000,147.8,63.24389
2026-03-21T21:00:00.000000000,163.95,67.54638
2026-03-21T22:00:00.000000000,173.13,77.63449
2026-03-21T23:00:00.000000000,184.04,90.23978
2026-03-22T00:00:00.000000000,189.85,112.89341
2026-03-22T01:00:00.000000000,202.05,125.96879
2026-03-22T02:00:00.000000000,207.03,131.2814
2026-03-22T03:00:00.000000000,208.23,143.91096
2026-03-22T04:00:00.000000000,209.89,153.39653
2026-03-22T05:00:00.000000000,209.42,159.34287
2026-03-22T06:00:00.000000000,209.62,159.26095
2026-03-22T07:00:00.000000000,201.25,149.37397
2026-03-22T08:00:00.000000000,191.97,143.19892
2026-03-22T09:00:00.000000000,191.76,142.36055
2026-03-22T10:00:00.000000000,192.57,139.54336
2026-03-22T11:00:00.000000000,195.51,138.37592
2026-03-22T12:00:00.000000000,206.03,136.7227
2026-03-22T13:00:00.000000000,199.48,133.22443
2026-03-22T14:00:00.000000000,201.7,123.50108
2026-03-22T15:00:00.000000000,189.82,112.88084
2026-03-22T16:00:00.000000000,159.68,99.35987
2026-03-22T17:00:00.000000000,140.53,81.19429
2026-03-22T18:00:00.000000000,139.8,66.38868
2026-03-22T19:00:00.000000000,139.19,65.77171
2026-03-22T20:00:00.000000000,139.89,64.35733
2026-03-22T21:00:00.000000000,148.69,69.42081
2026-03-22T22:00:00.000000000,170.78,79.62347
2026-03-22T23:00:00.000000000,178.09,92.73255
2026-03-17T00:00:00.000000000,96.43,114.85048
2026-03-17T01:00:00.000000000,128.06,125.29652
2026-03-17T02:00:00.000000000,154.86,128.56451
2026-03-17T03:00:00.000000000,165.64,140.02489
2026-03-17T04:00:00.000000000,153.99,148.68046
2026-03-17T05:00:00.000000000,150.44,153.95198
2026-03-17T06:00:00.000000000,144.63,153.45119
2026-03-17T07:00:00.000000000,142.83,143.13994
2026-03-17T08:00:00.000000000,144.78,136.28498
2026-03-17T09:00:00.000000000,140.93,135.20601
2026-03-17T10:00:00.000000000,132.85,132.69591
2026-03-17T11:00:00.000000000,128.98,133.088
2026-03-17T12:00:00.000000000,128.66,133.35681
2026-03-17T13:00:00.000000000,138.64,131.9995
2026-03-17T14:00:00.000000000,139.57,123.62074
2026-03-17T15:00:00.000000000,117.39,113.83861
2026-03-17T16:00:00.000000000,80.92,102.03304
2026-03-17T17:00:00.000000000,76.72,85.94229
2026-03-17T18:00:00.000000000,77.5,72.90904
2026-03-17T19:00:00.000000000,80.52,72.45205
2026-03-17T20:00:00.000000000,88.34,70.51619
2026-03-17T21:00:00.000000000,104.87,74.46744
2026-03-17T22:00:00.000000000,107.53,84.21423
2026-03-17T23:00:00.000000000,115.08,96.22805
2026-03-18T00:00:00.000000000,126.26,111.13883
2026-03-18T01:00:00.000000000,149.82,122.20255
2026-03-18T02:00:00.000000000,166.99,126.24692
2026-03-18T03:00:00.000000000,175.72,138.59914
2026-03-18T04:00:00.000000000,174.09,148.12855
2026-03-18T05:00:00.000000000,170.75,154.2624
2026-03-18T06:00:00.000000000,166.47,154.19406
2026-03-18T07:00:00.000000000,163.48,143.98408
2026-03-18T08:00:00.000000000,156.03,136.99467
2026-03-18T09:00:00.000000000,154.24,135.94259
2026-03-18T10:00:00.000000000,150.85,133.0498
2026-03-18T11:00:00.000000000,150.38,132.79214
2026-03-18T12:00:00.000000000,150.88,132.25282
2026-03-18T13:00:00.000000000,152.32,130.23846
2026-03-18T14:00:00.000000000,150.36,121.61316
2026-03-18T15:00:00.000000000,131.94,111.92225
2026-03-18T16:00:00.000000000,107.12,100.22924
2026-03-18T17:00:00.000000000,97.72,83.9942
2026-03-18T18:00:00.000000000,100.02,70.5373
2026-03-18T19:00:00.000000000,108.82,69.86159
2026-03-18T20:00:00.000000000,118.96,67.51641
2026-03-18T21:00:00.000000000,123.16,71.06253
2026-03-18T22:00:00.000000000,136.93,80.53824
2026-03-18T23:00:00.000000000,136.2,92.4722
2026-03-19T00:00:00.000000000,143.5,109.29095
2026-03-19T01:00:00.000000000,173.73,120.37969
2026-03-19T02:00:00.000000000,186.38,124.49304
2026-03-19T03:00:00.000000000,187.44,137.1601
2026-03-19T04:00:00.000000000,190.54,147.05417
2026-03-19T05:00:00.000000000,188.52,153.59074
2026-03-19T06:00:00.000000000,179.09,153.76358
2026-03-19T07:00:00.000000000,165.26,143.62045
2026-03-19T08:00:00.000000000,153.2,136.67202
2026-03-19T09:00:00.000000000,154.46,135.75353
2026-03-19T10:00:00.000000000,148.15,132.71144
2026-03-19T11:00:00.000000000,143.45,132.12096
2026-03-19T12:00:00.000000000,145.94,131.12347
2026-03-19T13:00:00.000000000,146.95,128.69824
2026-03-19T14:00:00.000000000,144.49,119.76185
2026-03-19T15:00:00.000000000,134.24,109.96835
2026-03-19T16:00:00.000000000,128.58,98.3032
2026-03-19T17:00:00.000000000,165.54,82.12065
2026-03-19T18:00:00.000000000,156.56,68.60226
2026-03-19T19:00:00.000000000,166.76,67.99999
2026-03-19T20:00:00.000000000,180.82,65.63602
2026-03-19T21:00:00.000000000,186.11,69.13974
2026-03-19T22:00:00.000000000,187.36,78.6576
2026-03-19T23:00:00.000000000,189.88,90.61637
2026-03-20T00:00:00.000000000,197.73,108.8606
2026-03-20T01:00:00.000000000,219.4,120.04588
2026-03-20T02:00:00.000000000,227.18,124.23288
2026-03-20T03:00:00.000000000,230.88,136.99199
2026-03-20T04:00:00.000000000,219.49,146.97537
2026-03-20T05:00:00.000000000,214.77,153.59617
2026-03-20T06:00:00.000000000,219.25,153.81918
2026-03-20T07:00:00.000000000,220.76,143.6972
2026-03-20T08:00:00.000000000,208.1,136.78728
2026-03-20T09:00:00.000000000,206.59,135.91386
2026-03-20T10:00:00.000000000,205.51,132.84341
2026-03-20T11:00:00.000000000,199.26,132.14439
2026-03-20T12:00:00.000000000,199.22,131.00284
2026-03-20T13:00:00.000000000,199.89,128.42893
2026-03-20T14:00:00.000000000,199.78,119.37725
2026-03-20T15:00:00.000000000,178.7,109.52024
2026-03-20T16:00:00.000000000,144.56,97.78407
2026-03-20T17:00:00.000000000,133.45,81.52516
2026-03-20T18:00:00.000000000,149.23,67.923
2026-03-20T19:00:00.000000000,156.84,67.33555
2026-03-20T20:00:00.000000000,165.8,64.99606
2026-03-20T21:00:00.000000000,176.41,68.54546
2026-03-20T22:00:00.000000000,194.72,78.10316
2026-03-20T23:00:00.000000000,185.77,90.12131
2026-03-21T00:00:00.000000000,212.9,109.63033
2026-03-21T01:00:00.000000000,220.91,121.26373
2026-03-21T02:00:00.000000000,228.18,125.61766
2026-03-21T03:00:00.000000000,224.92,138.32215
2026-03-21T04:00:00.000000000,219.89,148.17654
2026-03-21T05:00:00.000000000,220.2,154.54322
2026-03-21T06:00:00.000000000,219.7,154.5672
2026-03-21T07:00:00.000000000,218.31,144.30776
2026-03-21T08:00:00.000000000,210.44,137.53094
2026-03-21T09:00:00.000000000,207.82,136.68272
2026-03-21T10:00:00.000000000,206.91,133.63143
2026-03-21T11:00:00.000000000,203.96,132.63887
2026-03-21T12:00:00.000000000,203.23,131.12648
2026-03-21T13:00:00.000000000,202.6,128.06465
2026-03-21T14:00:00.000000000,199.08,118.55412
2026-03-21T15:00:00.000000000,184.41,108.34298
2026-03-21T16:00:00.000000000,146.11,96.03173
2026-03-21T17:00:00.000000000,141.34,79.23383
2026-03-21T18:00:00.000000000,136.86,65.36482
2026-03-21T19:00:00.000000000,136.24,65.02557
2026-03-21T20:00:00.000000000,147.8,63.24712
2026-03-21T21:00:00.000000000,163.95,67.54447
2026-03-21T22:00:00.000000000,173.13,77.62656
2026-03-21T23:00:00.000000000,184.04,90.23005
2026-03-22T00:00:00.000000000,189.85,112.89207
2026-03-22T01:00:00.000000000,202.05,125.97207
2026-03-22T02:00:00.000000000,207.03,131.28794
2026-03-22T03:00:00.000000000,208.23,143.91898
2026-03-22T04:00:00.000000000,209.89,153.40533
2026-03-22T05:00:00.000000000,209.42,159.35224
2026-03-22T06:00:00.000000000,209.62,159.27109
2026-03-22T07:00:00.000000000,201.25,149.38531
2026-03-22T08:00:00.000000000,191.97,143.21176
2026-03-22T09:00:00.000000000,191.76,142.374
2026-03-22T10:00:00.000000000,192.57,139.55727
2026-03-22T11:00:00.000000000,195.51,138.38933
2026-03-22T12:00:00.000000000,206.03,136.73564
2026-03-22T13:00:00.000000000,199.48,133.23606
2026-03-22T14:00:00.000000000,201.7,123.51168
2026-03-22T15:00:00.000000000,189.82,112.88975
2026-03-22T16:00:00.000000000,159.68,99.36528
2026-03-22T17:00:00.000000000,140.53,81.19557
2026-03-22T18:00:00.000000000,139.8,66.38598
2026-03-22T19:00:00.000000000,139.19,65.76734
2026-03-22T20:00:00.000000000,139.89,64.35233
2026-03-22T21:00:00.000000000,148.69,69.41642
2026-03-22T22:00:00.000000000,170.78,79.61879
2026-03-22T23:00:00.000000000,178.09,92.72909
2026-03-23T00:00:00.000000000,188.01,113.66619
2026-03-23T01:00:00.000000000,198.58,126.97327
2026-03-23T02:00:00.000000000,206.04,132.15505
2026-03-23T03:00:00.000000000,215.74,144.58958
2026-03-23T04:00:00.000000000,210.0,153.84952
2026-03-23T05:00:00.000000000,202.73,159.48044
2026-03-23T06:00:00.000000000,183.05,159.22218
2026-03-23T07:00:00.000000000,177.99,149.20688
2026-03-23T08:00:00.000000000,178.84,143.22788
2026-03-23T09:00:00.000000000,179.99,142.5231
2026-03-23T10:00:00.000000000,177.55,139.83942
2026-03-23T11:00:00.000000000,178.43,138.58727
2026-03-23T12:00:00.000000000,180.73,136.7975
2026-03-23T13:00:00.000000000,180.51,132.9876
2026-03-23T14:00:00.000000000,193.74,122.75801
2026-03-23T15:00:00.000000000,176.54,111.63705
2026-03-23T16:00:00.000000000,147.06,97.45435
2026-03-23T17:00:00.000000000,111.67,78.77754
2026-03-23T18:00:00.000000000,120.77,63.72044
2026-03-23T19:00:00.000000000,122.36,63.35082
2026-03-23T20:00:00.000000000,128.04,62.4765
2026-03-23T21:00:00.000000000,137.69,68.29609
2026-03-23T22:00:00.000000000,158.49,79.1137
2026-03-23T23:00:00.000000000,163.17,92.84567
2026-03-18T00:00:00.000000000,126.26,120.15468
2026-03-18T01:00:00.000000000,149.82,129.52403
2026-03-18T02:00:00.000000000,166.99,132.10722
2026-03-18T03:00:00.000000000,175.72,142.61327
2026-03-18T04:00:00.000000000,174.09,150.35076
2026-03-18T05:00:00.000000000,170.75,154.92807
2026-03-18T06:00:00.000000000,166.47,153.96631
2026-03-18T07:00:00.000000000,163.48,143.68633
2026-03-18T08:00:00.000000000,156.03,136.86262
2026-03-18T09:00:00.000000000,154.24,135.45785
2026-03-18T10:00:00.000000000,150.85,132.73617
2026-03-18T11:00:00.000000000,150.38,132.67524
2026-03-18T12:00:00.000000000,150.88,132.29209
2026-03-18T13:00:00.000000000,152.32,130.50025
2026-03-18T14:00:00.000000000,150.36,122.28976
2026-03-18T15:00:00.000000000,131.94,113.17669
2026-03-18T16:00:00.000000000,107.12,102.38632
2026-03-18T17:00:00.000000000,97.72,87.54477
2026-03-18T18:00:00.000000000,100.02,76.15833
2026-03-18T19:00:00.000000000,108.82,76.7
2026-03-18T20:00:00.000000000,118.96,75.86759
2026-03-18T21:00:00.000000000,123.16,80.45911
2026-03-18T22:00:00.000000000,136.93,90.37404
2026-03-18T23:00:00.000000000,136.2,102.10182
2026-03-19T00:00:00.000000000,143.5,111.62843
2026-03-19T01:00:00.000000000,173.73,122.15154
2026-03-19T02:00:00.000000000,186.38,125.93297
2026-03-19T03:00:00.000000000,187.44,138.14575
2026-03-19T04:00:00.000000000,190.54,147.60203
2026-03-19T05:00:00.000000000,188.52,153.78497
2026-03-19T06:00:00.000000000,179.09,153.74115
2026-03-19T07:00:00.000000000,165.26,143.60056
2026-03-19T08:00:00.000000000,153.2,136.5538
2026-03-19T09:00:00.000000000,154.46,135.43975
2026-03-19T10:00:00.000000000,148.15,132.42216
2026-03-19T11:00:00.000000000,143.45,132.05508
2026-03-19T12:00:00.000000000,145.94,131.3424
2026-03-19T13:00:00.000000000,146.95,129.30176
2026-03-19T14:00:00.000000000,144.49,120.84086
2026-03-19T15:00:00.000000000,134.24,111.48905
2026-03-19T16:00:00.000000000,128.58,100.38783
2026-03-19T17:00:00.000000000,165.54,84.79764
2026-03-19T18:00:00.000000000,156.56,71.93983
2026-03-19T19:00:00.000000000,166.76,71.47739
2026-03-19T20:00:00.000000000,180.82,69.19555
2026-03-19T21:00:00.000000000,186.11,72.56622
2026-03-19T22:00:00.000000000,187.36,81.87205
2026-03-19T23:00:00.000000000,189.88,93.45457
2026-03-20T00:00:00.000000000,197.73,109.27267
2026-03-20T01:00:00.000000000,219.4,120.31963
2026-03-20T02:00:00.000000000,227.18,124.4751
2026-03-20T03:00:00.000000000,230.88,137.17057
2026-03-20T04:00:00.000000000,219.49,147.09661
2026-03-20T05:00:00.000000000,214.77,153.69688
2026-03-20T06:00:00.000000000,219.25,153.91798
2026-03-20T07:00:00.000000000,220.76,143.84085
2026-03-20T08:00:00.000000000,208.1,136.88885
2026-03-20T09:00:00.000000000,206.59,135.95523
2026-03-20T10:00:00.000000000,205.51,132.89516
2026-03-20T11:00:00.000000000,199.26,132.31683
2026-03-20T12:00:00.000000000,199.22,131.33668
2026-03-20T13:00:00.000000000,199.89,128.96459
2026-03-20T14:00:00.000000000,199.78,120.14253
2026-03-20T15:00:00.000000000,178.7,110.46308
2026-03-20T16:00:00.000000000,144.56,98.93553
2026-03-20T17:00:00.000000000,133.45,82.85621
2026-03-20T18:00:00.000000000,149.23,69.39498
2026-03-20T19:00:00.000000000,156.84,68.73649
2026-03-20T20:00:00.000000000,165.8,66.26473
2026-03-20T21:00:00.000000000,176.41,69.60979
2026-03-20T22:00:00.000000000,194.72,78.97514
2026-03-20T23:00:00.000000000,185.77,90.77824
2026-03-21T00:00:00.000000000,212.9,109.65986
2026-03-21T01:00:00.000000000,220.91,121.28112
2026-03-21T02:00:00.000000000,228.18,125.65856
2026-03-21T03:00:00.000000000,224.92,138.37217
2026-03-21T04:00:00.000000000,219.89,148.23534
2026-03-21T05:00:00.000000000,220.2,154.62642
2026-03-21T06:00:00.000000000,219.7,154.67503
2026-03-21T07:00:00.000000000,218.31,144.44944
2026-03-21T08:00:00.000000000,210.44,137.66394
2026-03-21T09:00:00.000000000,207.82,136.79963
2026-03-21T10:00:00.000000000,206.91,133.75342
2026-03-21T11:00:00.000000000,203.96,132.80955
2026-03-21T12:00:00.000000000,203.23,131.36467
2026-03-21T13:00:00.000000000,202.6,128.38076
2026-03-21T14:00:00.000000000,199.08,118.95744
2026-03-21T15:00:00.000000000,184.41,108.80288
2026-03-21T16:00:00.000000000,146.11,96.54944
2026-03-21T17:00:00.000000000,141.34,79.78919
2026-03-21T18:00:00.000000000,136.86,65.92808
2026-03-21T19:00:00.000000000,136.24,65.52684
2026-03-21T20:00:00.000000000,147.8,63.6593
2026-03-21T21:00:00.000000000,163.95,67.84908
2026-03-21T22:00:00.000000000,173.13,77.83403
2026-03-21T23:00:00.000000000,184.04,90.34828
2026-03-22T00:00:00.000000000,189.85,112.88142
2026-03-22T01:00:00.000000000,202.05,125.97488
2026-03-22T02:00:00.000000000,207.03,131.3129
2026-03-22T03:00:00.000000000,208.23,143.95534
2026-03-22T04:00:00.000000000,209.89,153.44975
2026-03-22T05:00:00.000000000,209.42,159.40936
2026-03-22T06:00:00.000000000,209.62,159.34082
2026-03-22T07:00:00.000000000,201.25,149.47197
2026-03-22T08:00:00.000000000,191.97,143.30049
2026-03-22T09:00:00.000000000,191.76,142.45939
2026-03-22T10:00:00.000000000,192.57,139.64507
2026-03-22T11:00:00.000000000,195.51,138.49233
2026-03-22T12:00:00.000000000,206.03,136.86171
2026-03-22T13:00:00.000000000,199.48,133.38638
2026-03-22T14:00:00.000000000,201.7,123.69042
2026-03-22T15:00:00.000000000,189.82,113.08324
2026-03-22T16:00:00.000000000,159.68,99.56784
2026-03-22T17:00:00.000000000,140.53,81.39699
2026-03-22T18:00:00.000000000,139.8,66.57426
2026-03-22T19:00:00.000000000,139.19,65.92609
2026-03-22T20:00:00.000000000,139.89,64.47403
2026-03-22T21:00:00.000000000,148.69,69.49803
2026-03-22T22:00:00.000000000,170.78,79.66204
2026-03-22T23:00:00.000000000,178.09,92.74282
2026-03-23T00:00:00.000000000,188.01,113.6606
2026-03-23T01:00:00.000000000,198.58,126.97745
2026-03-23T02:00:00.000000000,206.04,132.16999
2026-03-23T03:00:00.000000000,215.74,144.60992
2026-03-23T04:00:00.000000000,210.0,153.87341
2026-03-23T05:00:00.000000000,202.73,159.50889
2026-03-23T06:00:00.000000000,183.05,159.25523
2026-03-23T07:00:00.000000000,177.99,149.24618
2026-03-23T08:00:00.000000000,178.84,143.26932
2026-03-23T09:00:00.000000000,179.99,142.56407
2026-03-23T10:00:00.000000000,177.55,139.88153
2026-03-23T11:00:00.000000000,178.43,138.6332
2026-03-23T12:00:00.000000000,180.73,136.84974
2026-03-23T13:00:00.000000000,180.51,133.04548
2026-03-23T14:00:00.000000000,193.74,122.82309
2026-03-23T15:00:00.000000000,176.54,111.70449
2026-03-23T16:00:00.000000000,147.06,97.52027
2026-03-23T17:00:00.000000000,111.67,78.83807
2026-03-23T18:00:00.000000000,120.77,63.77216
2026-03-23T19:00:00.000000000,122.36,63.39177
2026-03-23T20:00:00.000000000,128.04,62.50559
2026-03-23T21:00:00.000000000,137.69,68.31392
2026-03-23T22:00:00.000000000,158.49,79.11979
2026-03-23T23:00:00.000000000,163.17,92.8445
2026-03-24T00:00:00.000000000,167.98,109.92976
2026-03-24T01:00:00.000000000,185.61,122.67881
2026-03-24T02:00:00.000000000,203.82,127.05511
2026-03-24T03:00:00.000000000,191.09,139.60681
2026-03-24T04:00:00.000000000,184.36,149.17659
2026-03-24T05:00:00.000000000,185.48,154.85987
2026-03-24T06:00:00.000000000,184.51,154.40097
2026-03-24T07:00:00.000000000,176.32,143.61338
2026-03-24T08:00:00.000000000,180.74,137.20719
2026-03-24T09:00:00.000000000,179.01,136.69081
2026-03-24T10:00:00.000000000,174.72,133.90393
2026-03-24T11:00:00.000000000,175.23,132.51762
2026-03-24T12:00:00.000000000,175.53,130.4703
2026-03-24T13:00:00.000000000,176.52,126.37574
2026-03-24T14:00:00.000000000,175.37,115.32532
2026-03-24T15:00:00.000000000,160.01,103.62195
2026-03-24T16:00:00.000000000,116.7,89.29498
2026-03-24T17:00:00.000000000,111.42,70.75536
2026-03-24T18:00:00.000000000,112.15,55.7708
2026-03-24T19:00:00.000000000,112.46,55.99831
2026-03-24T20:00:00.000000000,122.83,55.565
2026-03-24T21:00:00.000000000,137.92,61.91897
2026-03-24T22:00:00.000000000,148.11,73.75842
2026-03-24T23:00:00.000000000,137.08,88.31905
2026-03-19T00:00:00.000000000,143.5,127.84858
2026-03-19T01:00:00.000000000,173.73,136.87266
2026-03-19T02:00:00.000000000,186.38,139.71138
2026-03-19T03:00:00.000000000,187.44,149.33019
2026-03-19T04:00:00.000000000,190.54,156.00253
2026-03-19T05:00:00.000000000,188.52,160.0228
2026-03-19T06:00:00.000000000,179.09,158.96091
2026-03-19T07:00:00.000000000,165.26,149.66494
2026-03-19T08:00:00.000000000,153.2,143.36719
2026-03-19T09:00:00.000000000,154.46,141.51044
2026-03-19T10:00:00.000000000,148.15,138.68789
2026-03-19T11:00:00.000000000,143.45,138.41337
2026-03-19T12:00:00.000000000,145.94,137.79468
2026-03-19T13:00:00.000000000,146.95,135.91682
2026-03-19T14:00:00.000000000,144.49,128.74507
2026-03-19T15:00:00.000000000,134.24,120.78737
2026-03-19T16:00:00.000000000,128.58,111.19372
2026-03-19T17:00:00.000000000,165.54,97.49117
2026-03-19T18:00:00.000000000,156.56,87.44924
2026-03-19T19:00:00.000000000,166.76,88.21641
2026-03-19T20:00:00.000000000,180.82,87.65756
2026-03-19T21:00:00.000000000,186.11,91.94311
2026-03-19T22:00:00.000000000,187.36,100.67609
2026-03-19T23:00:00.000000000,189.88,111.1479
2026-03-20T00:00:00.000000000,197.73,114.59525
2026-03-20T01:00:00.000000000,219.4,125.06053
2026-03-20T02:00:00.000000000,227.18,128.99696
2026-03-20T03:00:00.000000000,230.88,140.88208
2026-03-20T04:00:00.000000000,219.49,149.93521
2026-03-20T05:00:00.000000000,214.77,155.87714
2026-03-20T06:00:00.000000000,219.25,155.78255
2026-03-20T07:00:00.000000000,220.76,145.99851
2026-03-20T08:00:00.000000000,208.1,139.12752
2026-03-20T09:00:00.000000000,206.59,137.84047
2026-03-20T10:00:00.000000000,205.51,134.86489
2026-03-20T11:00:00.000000000,199.26,134.58538
2026-03-20T12:00:00.000000000,199.22,134.00564
2026-03-20T13:00:00.000000000,199.89,132.14076
2026-03-20T14:00:00.000000000,199.78,124.20328
2026-03-20T15:00:00.000000000,178.7,115.30983
2026-03-20T16:00:00.000000000,144.56,104.59549
2026-03-20T17:00:00.000000000,133.45,89.31219
2026-03-20T18:00:00.000000000,149.23,76.82788
2026-03-20T19:00:00.000000000,156.84,76.28964
2026-03-20T20:00:00.000000000,165.8,73.96816
2026-03-20T21:00:00.000000000,176.41,77.12264
2026-03-20T22:00:00.000000000,194.72,85.91184
2026-03-20T23:00:00.000000000,185.77,96.98366
2026-03-21T00:00:00.000000000,212.9,110.70131
2026-03-21T01:00:00.000000000,220.91,122.28031
2026-03-21T02:00:00.000000000,228.18,126.73355
2026-03-21T03:00:00.000000000,224.92,139.34233
2026-03-21T04:00:00.000000000,219.89,149.07394
2026-03-21T05:00:00.000000000,220.2,155.38824
2026-03-21T06:00:00.000000000,219.7,155.42886
2026-03-21T07:00:00.000000000,218.31,145.32971
2026-03-21T08:00:00.000000000,210.44,138.55177
2026-03-21T09:00:00.000000000,207.82,137.59111
2026-03-21T10:00:00.000000000,206.91,134.59191
2026-03-21T11:00:00.000000000,203.96,133.83069
2026-03-21T12:00:00.000000000,203.23,132.64384
2026-03-21T13:00:00.000000000,202.6,129.94757
2026-03-21T14:00:00.000000000,199.08,120.88284
2026-03-21T15:00:00.000000000,184.41,110.97034
2026-03-21T16:00:00.000000000,146.11,98.91008
2026-03-21T17:00:00.000000000,141.34,82.27302
2026-03-21T18:00:00.000000000,136.86,68.51649
2026-03-21T19:00:00.000000000,136.24,67.95135
2026-03-21T20:00:00.000000000,147.8,65.89563
2026-03-21T21:00:00.000000000,163.95,69.82598
2026-03-21T22:00:00.000000000,173.13,79.49408
2026-03-21T23:00:00.000000000,184.04,91.70564
2026-03-22T00:00:00.000000000,189.85,113.07952
2026-03-22T01:00:00.000000000,202.05,126.23331
2026-03-22T02:00:00.000000000,207.03,131.65808
2026-03-22T03:00:00.000000000,208.23,144.30967
2026-03-22T04:00:00.000000000,209.89,153.79004
2026-03-22T05:00:00.000000000,209.42,159.75051
2026-03-22T06:00:00.000000000,209.62,159.701
2026-03-22T07:00:00.000000000,201.25,149.89404
2026-03-22T08:00:00.000000000,191.97,143.7365
2026-03-22T09:00:00.000000000,191.76,142.86971
2026-03-22T10:00:00.000000000,192.57,140.07143
2026-03-22T11:00:00.000000000,195.51,138.98337
2026-03-22T12:00:00.000000000,206.03,137.454
2026-03-22T13:00:00.000000000,199.48,134.08081
2026-03-22T14:00:00.000000000,201.7,124.50711
2026-03-22T15:00:00.000000000,189.82,113.96323
2026-03-22T16:00:00.000000000,159.68,100.47289
2026-03-22T17:00:00.000000000,140.53,82.2879
2026-03-22T18:00:00.000000000,139.8,67.42739
2026-03-22T19:00:00.000000000,139.19,66.67828
2026-03-22T20:00:00.000000000,139.89,65.11528
2026-03-22T21:00:00.000000000,148.69,70.01747
2026-03-22T22:00:00.000000000,170.78,80.04345
2026-03-22T23:00:00.000000000,178.09,93.02042
2026-03-23T00:00:00.000000000,188.01,113.6992
2026-03-23T01:00:00.000000000,198.58,127.05752
2026-03-23T02:00:00.000000000,206.04,132.29343
2026-03-23T03:00:00.000000000,215.74,144.74605
2026-03-23T04:00:00.000000000,210.0,154.01215
2026-03-23T05:00:00.000000000,202.73,159.65314
2026-03-23T06:00:00.000000000,183.05,159.40973
2026-03-23T07:00:00.000000000,177.99,149.42364
2026-03-23T08:00:00.000000000,178.84,143.45558
2026-03-23T09:00:00.000000000,179.99,142.74437
2026-03-23T10:00:00.000000000,177.55,140.06824
2026-03-23T11:00:00.000000000,178.43,138.83813
2026-03-23T12:00:00.000000000,180.73,137.0849
2026-03-23T13:00:00.000000000,180.51,133.30719
2026-03-23T14:00:00.000000000,193.74,123.11746
2026-03-23T15:00:00.000000000,176.54,112.00973
2026-03-23T16:00:00.000000000,147.06,97.81656
2026-03-23T17:00:00.000000000,111.67,79.10983
2026-03-23T18:00:00.000000000,120.77,64.01141
2026-03-23T19:00:00.000000000,122.36,63.5904
2026-03-23T20:00:00.000000000,128.04,62.66436
2026-03-23T21:00:00.000000000,137.69,68.43545
2026-03-23T22:00:00.000000000,158.49,79.19711
2026-03-23T23:00:00.000000000,163.17,92.89575
2026-03-24T00:00:00.000000000,167.98,109.9327
2026-03-24T01:00:00.000000000,185.61,122.69979
2026-03-24T02:00:00.000000000,203.82,127.09128
2026-03-24T03:00:00.000000000,191.09,139.64897
2026-03-24T04:00:00.000000000,184.36,149.22213
2026-03-24T05:00:00.000000000,185.48,154.90881
2026-03-24T06:00:00.000000000,184.51,154.45446
2026-03-24T07:00:00.000000000,176.32,143.67375
2026-03-24T08:00:00.000000000,180.74,137.27246
2026-03-24T09:00:00.000000000,179.01,136.75641
2026-03-24T10:00:00.000000000,174.72,133.97273
2026-03-24T11:00:00.000000000,175.23,132.59018
2026-03-24T12:00:00.000000000,175.53,130.54901
2026-03-24T13:00:00.000000000,176.52,126.45764
2026-03-24T14:00:00.000000000,175.37,115.41108
2026-03-24T15:00:00.000000000,160.01,103.70517
2026-03-24T16:00:00.000000000,116.7,89.36729
2026-03-24T17:00:00.000000000,111.42,70.81242
2026-03-24T18:00:00.000000000,112.15,55.81153
2026-03-24T19:00:00.000000000,112.46,56.02624
2026-03-24T20:00:00.000000000,122.83,55.58302
2026-03-24T21:00:00.000000000,137.92,61.93107
2026-03-24T22:00:00.000000000,148.11,73.76173
2026-03-24T23:00:00.000000000,137.08,88.32019
2026-03-25T00:00:00.000000000,137.29,107.8175
2026-03-25T01:00:00.000000000,171.11,119.69947
2026-03-25T02:00:00.000000000,195.83,123.71288
2026-03-25T03:00:00.000000000,194.56,136.44693
2026-03-25T04:00:00.000000000,193.09,146.34754
2026-03-25T05:00:00.000000000,192.1,152.54717
2026-03-25T06:00:00.000000000,194.05,152.39689
2026-03-25T07:00:00.000000000,185.35,141.71421
2026-03-25T08:00:00.000000000,181.46,135.03226
2026-03-25T09:00:00.000000000,178.97,134.50147
2026-03-25T10:00:00.000000000,177.94,131.4954
2026-03-25T11:00:00.000000000,178.73,130.19118
2026-03-25T12:00:00.000000000,172.92,128.22557
2026-03-25T13:00:00.000000000,173.33,124.48567
2026-03-25T14:00:00.000000000,174.87,113.87944
2026-03-25T15:00:00.000000000,151.4,102.73688
2026-03-25T16:00:00.000000000,103.57,89.48199
2026-03-25T17:00:00.000000000,107.44,72.013
2026-03-25T18:00:00.000000000,111.31,57.67587
2026-03-25T19:00:00.000000000,123.79,57.83544
2026-03-25T20:00:00.000000000,131.55,56.79131
2026-03-25T21:00:00.000000000,125.04,62.16538
2026-03-25T22:00:00.000000000,141.84,73.40116
2026-03-25T23:00:00.000000000,115.49,87.16454
2026-03-20T00:00:00.000000000,197.73,162.87088
2026-03-20T01:00:00.000000000,219.4,164.73146
2026-03-20T02:00:00.000000000,227.18,163.12966
2026-03-20T03:00:00.000000000,230.88,166.35658
2026-03-20T04:00:00.000000000,219.49,166.75337
2026-03-20T05:00:00.000000000,214.77,166.59261
2026-03-20T06:00:00.000000000,219.25,163.73829
2026-03-20T07:00:00.000000000,220.76,156.32353
2026-03-20T08:00:00.000000000,208.1,150.78117
2026-03-20T09:00:00.000000000,206.59,146.99467
2026-03-20T10:00:00.000000000,205.51,143.96073
2026-03-20T11:00:00.000000000,199.26,144.43502
2026-03-20T12:00:00.000000000,199.22,144.76412
2026-03-20T13:00:00.000000000,199.89,145.03051
2026-03-20T14:00:00.000000000,199.78,142.31396
2026-03-20T15:00:00.000000000,178.7,139.3519
2026-03-20T16:00:00.000000000,144.56,136.35355
2026-03-20T17:00:00.000000000,133.45,130.49163
2026-03-20T18:00:00.000000000,149.23,129.79995
2026-03-20T19:00:00.000000000,156.84,133.6421
2026-03-20T20:00:00.000000000,165.8,135.96497
2026-03-20T21:00:00.000000000,176.41,140.23498
2026-03-20T22:00:00.000000000,194.72,146.66357
2026-03-20T23:00:00.000000000,185.77,152.39942
2026-03-21T00:00:00.000000000,212.9,129.43611
2026-03-21T01:00:00.000000000,220.91,137.39535
2026-03-21T02:00:00.000000000,228.18,140.42742
2026-03-21T03:00:00.000000000,224.92,149.90333
2026-03-21T04:00:00.000000000,219.89,156.42971
2026-03-21T05:00:00.000000000,220.2,160.73368
2026-03-21T06:00:00.000000000,219.7,159.90475
2026-03-21T07:00:00.000000000,218.31,151.3804
2026-03-21T08:00:00.000000000,210.44,144.80527
2026-03-21T09:00:00.000000000,207.82,142.53265
2026-03-21T10:00:00.000000000,206.91,139.51666
2026-03-21T11:00:00.000000000,203.96,139.81789
2026-03-21T12:00:00.000000000,203.23,139.98741
2026-03-21T13:00:00.000000000,202.6,139.43385
2026-03-21T14:00:00.000000000,199.08,134.42834
2026-03-21T15:00:00.000000000,184.41,128.48884
2026-03-21T16:00:00.000000000,146.11,121.41596
2026-03-21T17:00:00.000000000,141.34,109.73732
2026-03-21T18:00:00.000000000,136.86,101.0721
2026-03-21T19:00:00.000000000,136.24,101.21156
2026-03-21T20:00:00.000000000,147.8,99.0944
2026-03-21T21:00:00.000000000,163.95,100.96487
2026-03-21T22:00:00.000000000,173.13,107.38953
2026-03-21T23:00:00.000000000,184.04,115.4942
2026-03-22T00:00:00.000000000,189.85,117.1008
2026-03-22T01:00:00.000000000,202.05,129.8381
2026-03-22T02:00:00.000000000,207.03,135.63335
2026-03-22T03:00:00.000000000,208.23,147.87796
2026-03-22T04:00:00.000000000,209.89,156.75319
2026-03-22T05:00:00.000000000,209.42,162.43238
2026-03-22T06:00:00.000000000,209.62,162.40199
2026-03-22T07:00:00.000000000,201.25,153.36682
2026-03-22T08:00:00.000000000,191.97,147.30862
2026-03-22T09:00:00.000000000,191.76,146.07138
2026-03-22T10:00:00.000000000,192.57,143.35899
2026-03-22T11:00:00.000000000,195.51,143.03202
2026-03-22T12:00:00.000000000,206.03,142.65941
2026-03-22T13:00:00.000000000,199.48,140.72647
2026-03-22T14:00:00.000000000,201.7,133.07196
2026-03-22T15:00:00.000000000,189.82,123.9676
2026-03-22T16:00:00.000000000,159.68,111.85819
2026-03-22T17:00:00.000000000,140.53,94.67013
2026-03-22T18:00:00.000000000,139.8,80.54434
2026-03-22T19:00:00.000000000,139.19,79.07168
2026-03-22T20:00:00.000000000,139.89,76.42014
2026-03-22T21:00:00.000000000,148.69,79.67202
2026-03-22T22:00:00.000000000,170.78,87.83296
2026-03-22T23:00:00.000000000,178.09,98.97548
2026-03-23T00:00:00.000000000,188.01,114.43799
2026-03-23T01:00:00.000000000,198.58,127.99918
2026-03-23T02:00:00.000000000,206.04,133.63811
2026-03-23T03:00:00.000000000,215.74,146.16198
2026-03-23T04:00:00.000000000,210.0,155.39678
2026-03-23T05:00:00.000000000,202.73,161.09982
2026-03-23T06:00:00.000000000,183.05,160.98823
2026-03-23T07:00:00.000000000,177.99,151.33318
2026-03-23T08:00:00.000000000,178.84,145.41104
2026-03-23T09:00:00.000000000,179.99,144.57343
2026-03-23T10:00:00.000000000,177.55,141.96051
2026-03-23T11:00:00.000000000,178.43,141.08092
2026-03-23T12:00:00.000000000,180.73,139.87082
2026-03-23T13:00:00.000000000,180.51,136.67358
2026-03-23T14:00:00.000000000,193.74,127.17204
2026-03-23T15:00:00.000000000,176.54,116.45518
2026-03-23T16:00:00.000000000,147.06,102.51412
2026-03-23T17:00:00.000000000,111.67,83.85546
2026-03-23T18:00:00.000000000,120.77,68.63301
2026-03-23T19:00:00.000000000,122.36,67.68188
2026-03-23T20:00:00.000000000,128.04,66.10993
2026-03-23T21:00:00.000000000,137.69,71.13296
2026-03-23T22:00:00.000000000,158.49,81.10848
2026-03-23T23:00:00.000000000,163.17,94.17095
2026-03-24T00:00:00.000000000,167.98,109.93905
2026-03-24T01:00:00.000000000,185.61,122.8752
2026-03-24T02:00:00.000000000,203.82,127.46245
2026-03-24T03:00:00.000000000,191.09,140.10713
2026-03-24T04:00:00.000000000,184.36,149.73942
2026-03-24T05:00:00.000000000,185.48,155.50845
2026-03-24T06:00:00.000000000,184.51,155.14404
2026-03-24T07:00:00.000000000,176.32,144.48241
2026-03-24T08:00:00.000000000,180.74,138.10844
2026-03-24T09:00:00.000000000,179.01,137.5675
2026-03-24T10:00:00.000000000,174.72,134.82107
2026-03-24T11:00:00.000000000,175.23,133.55907
2026-03-24T12:00:00.000000000,175.53,131.6978
2026-03-24T13:00:00.000000000,176.52,127.7732
2026-03-24T14:00:00.000000000,175.37,116.90703
2026-03-24T15:00:00.000000000,160.01,105.26273
2026-03-24T16:00:00.000000000,116.7,90.90412
2026-03-24T17:00:00.000000000,111.42,72.25174
2026-03-24T18:00:00.000000000,112.15,57.08728
2026-03-24T19:00:00.000000000,112.46,57.06302
2026-03-24T20:00:00.000000000,122.83,56.36236
2026-03-24T21:00:00.000000000,137.92,62.46521
2026-03-24T22:00:00.000000000,148.11,74.04721
2026-03-24T23:00:00.000000000,137.08,88.44015
2026-03-25T00:00:00.000000000,137.29,107.75536
2026-03-25T01:00:00.000000000,171.11,119.72759
2026-03-25T02:00:00.000000000,195.83,123.81931
2026-03-25T03:00:00.000000000,194.56,136.59643
2026-03-25T04:00:00.000000000,193.09,146.53134
2026-03-25T05:00:00.000000000,192.1,152.76813
2026-03-25T06:00:00.000000000,194.05,152.65614
2026-03-25T07:00:00.000000000,185.35,142.01521
2026-03-25T08:00:00.000000000,181.46,135.35985
2026-03-25T09:00:00.000000000,178.97,134.83637
2026-03-25T10:00:00.000000000,177.94,131.84842
2026-03-25T11:00:00.000000000,178.73,130.56789
2026-03-25T12:00:00.000000000,172.92,128.63785
2026-03-25T13:00:00.000000000,173.33,124.9182
2026-03-25T14:00:00.000000000,174.87,114.3325
2026-03-25T15:00:00.000000000,151.4,103.17443
2026-03-25T16:00:00.000000000,103.57,89.86407
2026-03-25T17:00:00.000000000,107.44,72.31744
2026-03-25T18:00:00.000000000,111.31,57.88792
2026-03-25T19:00:00.000000000,123.79,57.96928
2026-03-25T20:00:00.000000000,131.55,56.85555
2026-03-25T21:00:00.000000000,125.04,62.18154
2026-03-25T22:00:00.000000000,141.84,73.36231
2026-03-25T23:00:00.000000000,115.49,87.10527
2026-03-26T00:00:00.000000000,129.25,107.16556
2026-03-26T01:00:00.000000000,145.93,119.22312
2026-03-26T02:00:00.000000000,168.24,123.46405
2026-03-26T03:00:00.000000000,173.74,136.3941
2026-03-26T04:00:00.000000000,170.38,146.47846
2026-03-26T05:00:00.000000000,183.92,152.85335
2026-03-26T06:00:00.000000000,174.2,152.8035
2026-03-26T07:00:00.000000000,178.74,142.16917
2026-03-26T08:00:00.000000000,179.75,135.43931
2026-03-26T09:00:00.000000000,174.67,134.87644
2026-03-26T10:00:00.000000000,174.33,131.84358
2026-03-26T11:00:00.000000000,173.61,130.56292
2026-03-26T12:00:00.000000000,183.84,128.65018
2026-03-26T13:00:00.000000000,186.93,124.97802
2026-03-26T14:00:00.000000000,180.63,114.48262
2026-03-26T15:00:00.000000000,155.27,103.40068
2026-03-26T16:00:00.000000000,107.73,90.1684
2026-03-26T17:00:00.000000000,103.62,72.62775
2026-03-26T18:00:00.000000000,115.2,58.1236
2026-03-26T19:00:00.000000000,109.21,58.08566
2026-03-26T20:00:00.000000000,111.52,56.78698
2026-03-26T21:00:00.000000000,127.27,61.9123
2026-03-26T22:00:00.000000000,149.51,72.94342
2026-03-26T23:00:00.000000000,130.02,86.58315
2026-03-21T00:00:00.000000000,212.9,181.72786
2026-03-21T01:00:00.000000000,220.91,190.59985
2026-03-21T02:00:00.000000000,228.18,191.81957
2026-03-21T03:00:00.000000000,224.92,194.02691
2026-03-21T04:00:00.000000000,219.89,192.69089
2026-03-21T05:00:00.000000000,220.2,190.60181
2026-03-21T06:00:00.000000000,219.7,187.15038
2026-03-21T07:00:00.000000000,218.31,180.45851
2026-03-21T08:00:00.000000000,210.44,177.76588
2026-03-21T09:00:00.000000000,207.82,175.28365
2026-03-21T10:00:00.000000000,206.91,173.96625
2026-03-21T11:00:00.000000000,203.96,172.89188
2026-03-21T12:00:00.000000000,203.23,170.91158
2026-03-21T13:00:00.000000000,202.6,166.92544
2026-03-21T14:00:00.000000000,199.08,159.05504
2026-03-21T15:00:00.000000000,184.41,150.56155
2026-03-21T16:00:00.000000000,146.11,139.18529
2026-03-21T17:00:00.000000000,141.34,125.44502
2026-03-21T18:00:00.000000000,136.86,120.0188
2026-03-21T19:00:00.000000000,136.24,125.01066
2026-03-21T20:00:00.000000000,147.8,132.1302
2026-03-21T21:00:00.000000000,163.95,143.32699
2026-03-21T22:00:00.000000000,173.13,154.29712
2026-03-21T23:00:00.000000000,184.04,166.17112
2026-03-22T00:00:00.000000000,189.85,143.30826
2026-03-22T01:00:00.000000000,202.05,155.36243
2026-03-22T02:00:00.000000000,207.03,159.95328
2026-03-22T03:00:00.000000000,208.23,168.0704
2026-03-22T04:00:00.000000000,209.89,172.17358
2026-03-22T05:00:00.000000000,209.42,173.82023
2026-03-22T06:00:00.000000000,209.62,171.8656
2026-03-22T07:00:00.000000000,201.25,163.85768
2026-03-22T08:00:00.000000000,191.97,159.38097
2026-03-22T09:00:00.000000000,191.76,157.33914
2026-03-22T10:00:00.000000000,192.57,155.19702
2026-03-22T11:00:00.000000000,195.51,154.88777
2026-03-22T12:00:00.000000000,206.03,154.63171
2026-03-22T13:00:00.000000000,199.48,152.35991
2026-03-22T14:00:00.000000000,201.7,145.2633
2026-03-22T15:00:00.000000000,189.82,136.53666
2026-03-22T16:00:00.000000000,159.68,124.29604
2026-03-22T17:00:00.000000000,140.53,107.88758
2026-03-22T18:00:00.000000000,139.8,96.63811
2026-03-22T19:00:00.000000000,139.19,97.33222
2026-03-22T20:00:00.000000000,139.89,98.26427
2026-03-22T21:00:00.000000000,148.69,104.68234
2026-03-22T22:00:00.000000000,170.78,113.5099
2026-03-22T23:00:00.000000000,178.09,124.96747
2026-03-23T00:00:00.000000000,188.01,121.80659
2026-03-23T01:00:00.000000000,198.58,135.50887
2026-03-23T02:00:00.000000000,206.04,141.27738
2026-03-23T03:00:00.000000000,215.74,152.74842
2026-03-23T04:00:00.000000000,210.0,160.53639
2026-03-23T05:00:00.000000000,202.73,164.83479
2026-03-23T06:00:00.000000000,183.05,163.94324
2026-03-23T07:00:00.000000000,177.99,154.46159
2026-03-23T08:00:00.000000000,178.84,148.79469
2026-03-23T09:00:00.000000000,179.99,147.5794
2026-03-23T10:00:00.000000000,177.55,145.12132
2026-03-23T11:00:00.000000000,178.43,144.55396
2026-03-23T12:00:00.000000000,180.73,143.95866
2026-03-23T13:00:00.000000000,180.51,141.38164
2026-03-23T14:00:00.000000000,193.74,132.69016
2026-03-23T15:00:00.000000000,176.54,122.50142
2026-03-23T16:00:00.000000000,147.06,108.64065
2026-03-23T17:00:00.000000000,111.67,89.98405
2026-03-23T18:00:00.000000000,120.77,75.30263
2026-03-23T19:00:00.000000000,122.36,74.55104
2026-03-23T20:00:00.000000000,128.04,73.56942
2026-03-23T21:00:00.000000000,137.69,79.02062
2026-03-23T22:00:00.000000000,158.49,88.76403
2026-03-23T23:00:00.000000000,163.17,101.60977
2026-03-24T00:00:00.000000000,167.98,111.56114
2026-03-24T01:00:00.000000000,185.61,124.61229
2026-03-24T02:00:00.000000000,203.82,129.3067
2026-03-24T03:00:00.000000000,191.09,141.76324
2026-03-24T04:00:00.000000000,184.36,151.13653
2026-03-24T05:00:00.000000000,185.48,156.63875
2026-03-24T06:00:00.000000000,184.51,156.13172
2026-03-24T07:00:00.000000000,176.32,145.49912
2026-03-24T08:00:00.000000000,180.74,139.13184
2026-03-24T09:00:00.000000000,179.01,138.46017
2026-03-24T10:00:00.000000000,174.72,135.80064
2026-03-24T11:00:00.000000000,175.23,134.74278
2026-03-24T12:00:00.000000000,175.53,133.18751
2026-03-24T13:00:00.000000000,176.52,129.54045
2026-03-24T14:00:00.000000000,175.37,118.95025
2026-03-24T15:00:00.000000000,160.01,107.42356
2026-03-24T16:00:00.000000000,116.7,93.03018
2026-03-24T17:00:00.000000000,111.42,74.28449
2026-03-24T18:00:00.000000000,112.15,59.11501
2026-03-24T19:00:00.000000000,112.46,58.97186
2026-03-24T20:00:00.000000000,122.83,58.24914
2026-03-24T21:00:00.000000000,137.92,64.33503
2026-03-24T22:00:00.000000000,148.11,75.78113
2026-03-24T23:00:00.000000000,137.08,90.08645
2026-03-25T00:00:00.000000000,137.29,108.03265
2026-03-25T01:00:00.000000000,171.11,120.07389
2026-03-25T02:00:00.000000000,195.83,124.22259
2026-03-25T03:00:00.000000000,194.56,136.98711
2026-03-25T04:00:00.000000000,193.09,146.89637
2026-03-25T05:00:00.000000000,192.1,153.10489
2026-03-25T06:00:00.000000000,194.05,152.9873
2026-03-25T07:00:00.000000000,185.35,142.36705
2026-03-25T08:00:00.000000000,181.46,135.72226
2026-03-25T09:00:00.000000000,178.97,135.17425
2026-03-25T10:00:00.000000000,177.94,132.21847
2026-03-25T11:00:00.000000000,178.73,130.99914
2026-03-25T12:00:00.000000000,172.92,129.15679
2026-03-25T13:00:00.000000000,173.33,125.50648
2026-03-25T14:00:00.000000000,174.87,114.98156
2026-03-25T15:00:00.000000000,151.4,103.82803
2026-03-25T16:00:00.000000000,103.57,90.46941
2026-03-25T17:00:00.000000000,107.44,72.85468
2026-03-25T18:00:00.000000000,111.31,58.36775
2026-03-25T19:00:00.000000000,123.79,58.37927
2026-03-25T20:00:00.000000000,131.55,57.22301
2026-03-25T21:00:00.000000000,125.04,62.52534
2026-03-25T22:00:00.000000000,141.84,73.65857
2026-03-25T23:00:00.000000000,115.49,87.38112
2026-03-26T00:00:00.000000000,129.25,107.20345
2026-03-26T01:00:00.000000000,145.93,119.29727
2026-03-26T02:00:00.000000000,168.24,123.56404
2026-03-26T03:00:00.000000000,173.74,136.49973
2026-03-26T04:00:00.000000000,170.38,146.5849
2026-03-26T05:00:00.000000000,183.92,152.9586
2026-03-26T06:00:00.000000000,174.2,152.91274
2026-03-26T07:00:00.000000000,178.74,142.28775
2026-03-26T08:00:00.000000000,179.75,135.56798
2026-03-26T09:00:00.000000000,174.67,135.00457
2026-03-26T10:00:00.000000000,174.33,131.98167
2026-03-26T11:00:00.000000000,173.61,130.71165
2026-03-26T12:00:00.000000000,183.84,128.81496
2026-03-26T13:00:00.000000000,186.93,125.15015
2026-03-26T14:00:00.000000000,180.63,114.65923
2026-03-26T15:00:00.000000000,155.27,103.56662
2026-03-26T16:00:00.000000000,107.73,90.30383
2026-03-26T17:00:00.000000000,103.62,72.7265
2026-03-26T18:00:00.000000000,115.2,58.18866
2026-03-26T19:00:00.000000000,109.21,58.12792
2026-03-26T20:00:00.000000000,111.52,56.81762
2026-03-26T21:00:00.000000000,127.27,61.94264
2026-03-26T22:00:00.000000000,149.51,72.9653
2026-03-26T23:00:00.000000000,130.02,86.60892
2026-03-27T00:00:00.000000000,132.89,108.14999
2026-03-27T01:00:00.000000000,180.81,120.02762
2026-03-27T02:00:00.000000000,198.2,124.28873
2026-03-27T03:00:00.000000000,196.93,137.114
2026-03-27T04:00:00.000000000,200.05,147.0961
2026-03-27T05:00:00.000000000,203.09,153.46549
2026-03-27T06:00:00.000000000,182.72,153.4402
2026-03-27T07:00:00.000000000,186.4,142.97395
2026-03-27T08:00:00.000000000,183.84,136.30321
2026-03-27T09:00:00.000000000,178.37,135.69358
2026-03-27T10:00:00.000000000,178.58,132.62151
2026-03-27T11:00:00.000000000,176.92,131.2773
2026-03-27T12:00:00.000000000,178.41,129.26926
2026-03-27T13:00:00.000000000,182.89,125.59827
2026-03-27T14:00:00.000000000,178.49,115.33376
2026-03-27T15:00:00.000000000,162.05,104.56346
2026-03-27T16:00:00.000000000,117.8,91.67992
2026-03-27T17:00:00.000000000,95.67,74.44116
2026-03-27T18:00:00.000000000,94.93,60.24941
2026-03-27T19:00:00.000000000,97.55,60.24088
2026-03-27T20:00:00.000000000,101.09,58.936
2026-03-27T21:00:00.000000000,117.13,63.91404
2026-03-27T22:00:00.000000000,140.75,74.69539
2026-03-27T23:00:00.000000000,127.77,88.0153
2026-03-22T00:00:00.000000000,189.85,179.09338
2026-03-22T01:00:00.000000000,202.05,188.09686
2026-03-22T02:00:00.000000000,207.03,188.71625
2026-03-22T03:00:00.000000000,208.23,191.35033
2026-03-22T04:00:00.000000000,209.89,190.92091
2026-03-22T05:00:00.000000000,209.42,189.74781
2026-03-22T06:00:00.000000000,209.62,187.11891
2026-03-22T07:00:00.000000000,201.25,180.29775
2026-03-22T08:00:00.000000000,191.97,177.342
2026-03-22T09:00:00.000000000,191.76,175.33089
2026-03-22T10:00:00.000000000,192.57,175.69299
2026-03-22T11:00:00.000000000,195.51,177.94562
2026-03-22T12:00:00.000000000,206.03,179.38695
2026-03-22T13:00:00.000000000,199.48,177.48066
2026-03-22T14:00:00.000000000,201.7,169.14128
2026-03-22T15:00:00.000000000,189.82,158.42369
2026-03-22T16:00:00.000000000,159.68,145.03562
2026-03-22T17:00:00.000000000,140.53,129.60944
2026-03-22T18:00:00.000000000,139.8,121.7771
2026-03-22T19:00:00.000000000,139.19,124.38413
2026-03-22T20:00:00.000000000,139.89,129.18843
2026-03-22T21:00:00.000000000,148.69,138.99473
2026-03-22T22:00:00.000000000,170.78,149.91625
2026-03-22T23:00:00.000000000,178.09,162.19684
2026-03-23T00:00:00.000000000,188.01,143.50541
2026-03-23T01:00:00.000000000,198.58,155.9265
2026-03-23T02:00:00.000000000,206.04,160.19952
2026-03-23T03:00:00.000000000,215.74,168.13883
2026-03-23T04:00:00.000000000,210.0,172.15321
2026-03-23T05:00:00.000000000,202.73,173.44165
2026-03-23T06:00:00.000000000,183.05,171.31476
2026-03-23T07:00:00.000000000,177.99,162.86235
2026-03-23T08:00:00.000000000,178.84,158.37803
2026-03-23T09:00:00.000000000,179.99,156.53926
2026-03-23T10:00:00.000000000,177.55,155.0759
2026-03-23T11:00:00.000000000,178.43,155.78594
2026-03-23T12:00:00.000000000,180.73,156.70356
2026-03-23T13:00:00.000000000,180.51,155.10412
2026-03-23T14:00:00.000000000,193.74,147.57822
2026-03-23T15:00:00.000000000,176.54,137.77023
2026-03-23T16:00:00.000000000,147.06,124.10805
2026-03-23T17:00:00.000000000,111.67,106.44874
2026-03-23T18:00:00.000000000,120.77,94.10378
2026-03-23T19:00:00.000000000,122.36,94.3353
2026-03-23T20:00:00.000000000,128.04,95.23186
2026-03-23T21:00:00.000000000,137.69,102.16461
2026-03-23T22:00:00.000000000,158.49,111.75498
2026-03-23T23:00:00.000000000,163.17,124.09351
2026-03-24T00:00:00.000000000,167.98,119.85483
2026-03-24T01:00:00.000000000,185.61,132.46499
2026-03-24T02:00:00.000000000,203.82,136.99658
2026-03-24T03:00:00.000000000,191.09,148.24101
2026-03-24T04:00:00.000000000,184.36,156.20855
2026-03-24T05:00:00.000000000,185.48,160.57833
2026-03-24T06:00:00.000000000,184.51,159.52121
2026-03-24T07:00:00.000000000,176.32,149.2521
2026-03-24T08:00:00.000000000,180.74,142.97066
2026-03-24T09:00:00.000000000,179.01,141.68162
2026-03-24T10:00:00.000000000,174.72,139.17563
2026-03-24T11:00:00.000000000,175.23,138.65421
2026-03-24T12:00:00.000000000,175.53,137.87528
2026-03-24T13:00:00.000000000,176.52,135.02472
2026-03-24T14:00:00.000000000,175.37,125.64981
2026-03-24T15:00:00.000000000,160.01,115.04705
2026-03-24T16:00:00.000000000,116.7,101.47178
2026-03-24T17:00:00.000000000,111.42,83.53562
2026-03-24T18:00:00.000000000,112.15,69.47703
2026-03-24T19:00:00.000000000,112.46,69.40105
2026-03-24T20:00:00.000000000,122.83,68.90373
2026-03-24T21:00:00.000000000,137.92,74.85868
2026-03-24T22:00:00.000000000,148.11,85.56945
2026-03-24T23:00:00.000000000,137.08,99.0839
2026-03-25T00:00:00.000000000,137.29,109.5787
2026-03-25T01:00:00.000000000,171.11,121.64184
2026-03-25T02:00:00.000000000,195.83,125.91457
2026-03-25T03:00:00.000000000,194.56,138.5302
2026-03-25T04:00:00.000000000,193.09,148.25132
2026-03-25T05:00:00.000000000,192.1,154.31785
2026-03-25T06:00:00.000000000,194.05,154.16142
2026-03-25T07:00:00.000000000,185.35,143.66774
2026-03-25T08:00:00.000000000,181.46,137.02266
2026-03-25T09:00:00.000000000,178.97,136.32781
2026-03-25T10:00:00.000000000,177.94,133.46557
2026-03-25T11:00:00.000000000,178.73,132.52669
2026-03-25T12:00:00.000000000,172.92,131.07821
2026-03-25T13:00:00.000000000,173.33,127.82821
2026-03-25T14:00:00.000000000,174.87,117.75016
2026-03-25T15:00:00.000000000,151.4,106.8497
2026-03-25T16:00:00.000000000,103.57,93.6252
2026-03-25T17:00:00.000000000,107.44,76.05432
2026-03-25T18:00:00.000000000,111.31,61.62231
2026-03-25T19:00:00.000000000,123.79,61.3904
2026-03-25T20:00:00.000000000,131.55,60.01283
2026-03-25T21:00:00.000000000,125.04,65.04776
2026-03-25T22:00:00.000000000,141.84,75.82523
2026-03-25T23:00:00.000000000,115.49,89.23004
2026-03-26T00:00:00.000000000,129.25,107.4037
2026-03-26T01:00:00.000000000,145.93,119.58044
2026-03-26T02:00:00.000000000,168.24,123.94378
2026-03-26T03:00:00.000000000,173.74,136.89748
2026-03-26T04:00:00.000000000,170.38,146.9868
2026-03-26T05:00:00.000000000,183.92,153.37766
2026-03-26T06:00:00.000000000,174.2,153.36633
2026-03-26T07:00:00.000000000,178.74,142.80411
2026-03-26T08:00:00.000000000,179.75,136.09938
2026-03-26T09:00:00.000000000,174.67,135.50972
2026-03-26T10:00:00.000000000,174.33,132.52146
2026-03-26T11:00:00.000000000,173.61,131.3412
2026-03-26T12:00:00.000000000,183.84,129.5723
2026-03-26T13:00:00.000000000,186.93,126.02359
2026-03-26T14:00:00.000000000,180.63,115.65227
2026-03-26T15:00:00.000000000,155.27,104.60031
2026-03-26T16:00:00.000000000,107.73,91.32185
2026-03-26T17:00:00.000000000,103.62,73.68883
2026-03-26T18:00:00.000000000,115.2,59.07382
2026-03-26T19:00:00.000000000,109.21,58.87899
2026-03-26T20:00:00.000000000,111.52,57.43827
2026-03-26T21:00:00.000000000,127.27,62.442
2026-03-26T22:00:00.000000000,149.51,73.32949
2026-03-26T23:00:00.000000000,130.02,86.87927
2026-03-27T00:00:00.000000000,132.89,108.15279
2026-03-27T01:00:00.000000000,180.81,120.08466
2026-03-27T02:00:00.000000000,198.2,124.3928
2026-03-27T03:00:00.000000000,196.93,137.23831
2026-03-27T04:00:00.000000000,200.05,147.23422
2026-03-27T05:00:00.000000000,203.09,153.61937
2026-03-27T06:00:00.000000000,182.72,153.61342
2026-03-27T07:00:00.000000000,186.4,143.17241
2026-03-27T08:00:00.000000000,183.84,136.51725
2026-03-27T09:00:00.000000000,178.37,135.90866
2026-03-27T10:00:00.000000000,178.58,132.84906
2026-03-27T11:00:00.000000000,176.92,131.52326
2026-03-27T12:00:00.000000000,178.41,129.54255
2026-03-27T13:00:00.000000000,182.89,125.88912
2026-03-27T14:00:00.000000000,178.49,115.64268
2026-03-27T15:00:00.000000000,162.05,104.86611
2026-03-27T16:00:00.000000000,117.8,91.95018
2026-03-27T17:00:00.000000000,95.67,74.66529
2026-03-27T18:00:00.000000000,94.93,60.42062
2026-03-27T19:00:00.000000000,97.55,60.36424
2026-03-27T20:00:00.000000000,101.09,59.01843
2026-03-27T21:00:00.000000000,117.13,63.96816
2026-03-27T22:00:00.000000000,140.75,74.71444
2026-03-27T23:00:00.000000000,127.77,88.02039
2026-03-28T00:00:00.000000000,137.98,108.1012
2026-03-28T01:00:00.000000000,165.52,119.7682
2026-03-28T02:00:00.000000000,185.6,123.90684
2026-03-28T03:00:00.000000000,193.79,136.68958
2026-03-28T04:00:00.000000000,194.6,146.66054
2026-03-28T05:00:00.000000000,197.9,153.09566
2026-03-28T06:00:00.000000000,188.48,153.16297
2026-03-28T07:00:00.000000000,185.65,142.8015
2026-03-28T08:00:00.000000000,180.36,136.13684
2026-03-28T09:00:00.000000000,178.13,135.55054
2026-03-28T10:00:00.000000000,173.92,132.5146
2026-03-28T11:00:00.000000000,172.59,131.34281
2026-03-28T12:00:00.000000000,172.57,129.54494
2026-03-28T13:00:00.000000000,173.2,126.11162
2026-03-28T14:00:00.000000000,159.72,116.04158
2026-03-28T15:00:00.000000000,135.36,105.39226
2026-03-28T16:00:00.000000000,95.32,92.70751
2026-03-28T17:00:00.000000000,93.72,75.6775
2026-03-28T18:00:00.000000000,95.8,61.59541
2026-03-28T19:00:00.000000000,94.48,61.47216
2026-03-28T20:00:00.000000000,89.54,59.94055
2026-03-28T21:00:00.000000000,97.42,64.62641
2026-03-28T22:00:00.000000000,105.03,75.19164
2026-03-28T23:00:00.000000000,106.55,88.26405
2026-03-23T00:00:00.000000000,188.01,170.54542
2026-03-23T01:00:00.000000000,198.58,180.34479
2026-03-23T02:00:00.000000000,206.04,181.27937
2026-03-23T03:00:00.000000000,215.74,184.66616
2026-03-23T04:00:00.000000000,210.0,184.85005
2026-03-23T05:00:00.000000000,202.73,183.35245
2026-03-23T06:00:00.000000000,183.05,180.22663
2026-03-23T07:00:00.000000000,177.99,172.39998
2026-03-23T08:00:00.000000000,178.84,168.96922
2026-03-23T09:00:00.000000000,179.99,167.03975
2026-03-23T10:00:00.000000000,177.55,167.73109
2026-03-23T11:00:00.000000000,178.43,171.01416
2026-03-23T12:00:00.000000000,180.73,173.99439
2026-03-23T13:00:00.000000000,180.51,173.31636
2026-03-23T14:00:00.000000000,193.74,165.42049
2026-03-23T15:00:00.000000000,176.54,154.40706
2026-03-23T16:00:00.000000000,147.06,139.99313
2026-03-23T17:00:00.000000000,111.67,123.0581
2026-03-23T18:00:00.000000000,120.77,113.32013
2026-03-23T19:00:00.000000000,122.36,114.78488
2026-03-23T20:00:00.000000000,128.04,118.35463
2026-03-23T21:00:00.000000000,137.69,127.87855
2026-03-23T22:00:00.000000000,158.49,139.07476
2026-03-23T23:00:00.000000000,163.17,152.06153
2026-03-24T00:00:00.000000000,167.98,130.06365
2026-03-24T01:00:00.000000000,185.61,142.08926
2026-03-24T02:00:00.000000000,203.82,146.34697
2026-03-24T03:00:00.000000000,191.09,156.04322
2026-03-24T04:00:00.000000000,184.36,162.20901
2026-03-24T05:00:00.000000000,185.48,165.2175
2026-03-24T06:00:00.000000000,184.51,163.58876
2026-03-24T07:00:00.000000000,176.32,154.01213
2026-03-24T08:00:00.000000000,180.74,148.11977
2026-03-24T09:00:00.000000000,179.01,146.25724
2026-03-24T10:00:00.000000000,174.72,143.93148
2026-03-24T11:00:00.000000000,175.23,143.88685
2026-03-24T12:00:00.000000000,175.53,143.80242
2026-03-24T13:00:00.000000000,176.52,141.65437
2026-03-24T14:00:00.000000000,175.37,133.60358
2026-03-24T15:00:00.000000000,160.01,124.0587
2026-03-24T16:00:00.000000000,116.7,111.46565
2026-03-24T17:00:00.000000000,111.42,94.58271
2026-03-24T18:00:00.000000000,112.15,81.96621
2026-03-24T19:00:00.000000000,112.46,82.11898
2026-03-24T20:00:00.000000000,122.83,82.01515
2026-03-24T21:00:00.000000000,137.92,87.90907
2026-03-24T22:00:00.000000000,148.11,97.71977
2026-03-24T23:00:00.000000000,137.08,110.2505
2026-03-25T00:00:00.000000000,137.29,113.48493
2026-03-25T01:00:00.000000000,171.11,125.19793
2026-03-25T02:00:00.000000000,195.83,129.39634
2026-03-25T03:00:00.000000000,194.56,141.46609
2026-03-25T04:00:00.000000000,193.09,150.58404
2026-03-25T05:00:00.000000000,192.1,156.22588
2026-03-25T06:00:00.000000000,194.05,155.89072
2026-03-25T07:00:00.000000000,185.35,145.64385
2026-03-25T08:00:00.000000000,181.46,139.00097
2026-03-25T09:00:00.000000000,178.97,137.97602
2026-03-25T10:00:00.000000000,177.94,135.1787
2026-03-25T11:00:00.000000000,178.73,134.56941
2026-03-25T12:00:00.000000000,172.92,133.57771
2026-03-25T13:00:00.000000000,173.33,130.84942
2026-03-25T14:00:00.000000000,174.87,121.55057
2026-03-25T15:00:00.000000000,151.4,111.26874
2026-03-25T16:00:00.000000000,103.57,98.6637
2026-03-25T17:00:00.000000000,107.44,81.6694
2026-03-25T18:00:00.000000000,111.31,67.87992
2026-03-25T19:00:00.000000000,123.79,67.57497
2026-03-25T20:00:00.000000000,131.55,66.11445
2026-03-25T21:00:00.000000000,125.04,70.82011
2026-03-25T22:00:00.000000000,141.84,81.01805
2026-03-25T23:00:00.000000000,115.49,93.78766
2026-03-26T00:00:00.000000000,129.25,108.06556
2026-03-26T01:00:00.000000000,145.93,120.24839
2026-03-26T02:00:00.000000000,168.24,124.70343
2026-03-26T03:00:00.000000000,173.74,137.61492
2026-03-26T04:00:00.000000000,170.38,147.64503
2026-03-26T05:00:00.000000000,183.92,154.01697
2026-03-26T06:00:00.000000000,174.2,154.02771
2026-03-26T07:00:00.000000000,178.74,143.56654
2026-03-26T08:00:00.000000000,179.75,136.85679
2026-03-26T09:00:00.000000000,174.67,136.1892
2026-03-26T10:00:00.000000000,174.33,133.24395
2026-03-26T11:00:00.000000000,173.61,132.2298
2026-03-26T12:00:00.000000000,183.84,130.69373
2026-03-26T13:00:00.000000000,186.93,127.39343
2026-03-26T14:00:00.000000000,180.63,117.30834
2026-03-26T15:00:00.000000000,155.27,106.42899
2026-03-26T16:00:00.000000000,107.73,93.27118
2026-03-26T17:00:00.000000000,103.62,75.69451
2026-03-26T18:00:00.000000000,115.2,61.1039
2026-03-26T19:00:00.000000000,109.21,60.7285
2026-03-26T20:00:00.000000000,111.52,59.08591
2026-03-26T21:00:00.000000000,127.27,63.84819
2026-03-26T22:00:00.000000000,149.51,74.46691
2026-03-26T23:00:00.000000000,130.02,87.77567
2026-03-27T00:00:00.000000000,132.89,108.21207
2026-03-27T01:00:00.000000000,180.81,120.19683
2026-03-27T02:00:00.000000000,198.2,124.57223
2026-03-27T03:00:00.000000000,196.93,137.44148
2026-03-27T04:00:00.000000000,200.05,147.4533
2026-03-27T05:00:00.000000000,203.09,153.86632
2026-03-27T06:00:00.000000000,182.72,153.89417
2026-03-27T07:00:00.000000000,186.4,143.50138
2026-03-27T08:00:00.000000000,183.84,136.85705
2026-03-27T09:00:00.000000000,178.37,136.23577
2026-03-27T10:00:00.000000000,178.58,133.19402
2026-03-27T11:00:00.000000000,176.92,131.92105
2026-03-27T12:00:00.000000000,178.41,130.01578
2026-03-27T13:00:00.000000000,182.89,126.43312
2026-03-27T14:00:00.000000000,178.49,116.26453
2026-03-27T15:00:00.000000000,162.05,105.51824
2026-03-27T16:00:00.000000000,117.8,92.60212
2026-03-27T17:00:00.000000000,95.67,75.28913
2026-03-27T18:00:00.000000000,94.93,60.99324
2026-03-27T19:00:00.000000000,97.55,60.84507
2026-03-27T20:00:00.000000000,101.09,59.40111
2026-03-27T21:00:00.000000000,117.13,64.25524
2026-03-27T22:00:00.000000000,140.75,74.90209
2026-03-27T23:00:00.000000000,127.77,88.13669
2026-03-28T00:00:00.000000000,137.98,108.08681
2026-03-28T01:00:00.000000000,165.52,119.78899
2026-03-28T02:00:00.000000000,185.6,123.95936
2026-03-28T03:00:00.000000000,193.79,136.75803
2026-03-28T04:00:00.000000000,194.6,146.74118
2026-03-28T05:00:00.000000000,197.9,153.19049
2026-03-28T06:00:00.000000000,188.48,153.27322
2026-03-28T07:00:00.000000000,185.65,142.93033
2026-03-28T08:00:00.000000000,180.36,136.27718
2026-03-28T09:00:00.000000000,178.13,135.69347
2026-03-28T10:00:00.000000000,173.92,132.66504
2026-03-28T11:00:00.000000000,172.59,131.50341
2026-03-28T12:00:00.000000000,172.57,129.72064
2026-03-28T13:00:00.000000000,173.2,126.2967
2026-03-28T14:00:00.000000000,159.72,116.23768
2026-03-28T15:00:00.000000000,135.36,105.58472
2026-03-28T16:00:00.000000000,95.32,92.88025
2026-03-28T17:00:00.000000000,93.72,75.82113
2026-03-28T18:00:00.000000000,95.8,61.70395
2026-03-28T19:00:00.000000000,94.48,61.54876
2026-03-28T20:00:00.000000000,89.54,59.9883
2026-03-28T21:00:00.000000000,97.42,64.65299
2026-03-28T22:00:00.000000000,105.03,75.19333
2026-03-28T23:00:00.000000000,106.55,88.25459
2026-03-29T00:00:00.000000000,114.29,113.65572
2026-03-29T01:00:00.000000000,150.78,125.68438
2026-03-29T02:00:00.000000000,178.42,130.37524
2026-03-29T03:00:00.000000000,180.48,142.66774
2026-03-29T04:00:00.000000000,184.44,151.95822
2026-03-29T05:00:00.000000000,194.08,157.91708
2026-03-29T06:00:00.000000000,185.33,157.90797
2026-03-29T07:00:00.000000000,179.31,148.18808
2026-03-29T08:00:00.000000000,175.56,141.98366
2026-03-29T09:00:00.000000000,169.81,141.15002
2026-03-29T10:00:00.000000000,170.31,138.33119
2026-03-29T11:00:00.000000000,171.89,137.39966
2026-03-29T12:00:00.000000000,165.93,135.98638
2026-03-29T13:00:00.000000000,166.77,132.92413
2026-03-29T14:00:00.000000000,165.57,123.69335
2026-03-29T15:00:00.000000000,156.4,113.60011
2026-03-29T16:00:00.000000000,126.21,100.97375
2026-03-29T17:00:00.000000000,115.79,83.80462
2026-03-29T18:00:00.000000000,118.11,69.87024
2026-03-29T19:00:00.000000000,122.47,69.37367
2026-03-29T20:00:00.000000000,126.64,67.78706
2026-03-29T21:00:00.000000000,129.42,72.33744
2026-03-29T22:00:00.000000000,144.76,82.1379
2026-03-29T23:00:00.000000000,137.36,94.53501
2026-03-24T00:00:00.000000000,167.98,146.46556
2026-03-24T01:00:00.000000000,185.61,157.81699
2026-03-24T02:00:00.000000000,203.82,160.60416
2026-03-24T03:00:00.000000000,191.09,167.37793
2026-03-24T04:00:00.000000000,184.36,170.4355
2026-03-24T05:00:00.000000000,185.48,170.43882
2026-03-24T06:00:00.000000000,184.51,167.23943
2026-03-24T07:00:00.000000000,176.32,157.52007
2026-03-24T08:00:00.000000000,180.74,152.3163
2026-03-24T09:00:00.000000000,179.01,150.07095
2026-03-24T10:00:00.000000000,174.72,148.68457
2026-03-24T11:00:00.000000000,175.23,149.69551
2026-03-24T12:00:00.000000000,175.53,150.87044
2026-03-24T13:00:00.000000000,176.52,149.38885
2026-03-24T14:00:00.000000000,175.37,141.35756
2026-03-24T15:00:00.000000000,160.01,131.22134
2026-03-24T16:00:00.000000000,116.7,117.5271
2026-03-24T17:00:00.000000000,111.42,100.29132
2026-03-24T18:00:00.000000000,112.15,88.86557
2026-03-24T19:00:00.000000000,112.46,90.16699
2026-03-24T20:00:00.000000000,122.83,92.48601
2026-03-24T21:00:00.000000000,137.92,100.9436
2026-03-24T22:00:00.000000000,148.11,112.14641
2026-03-24T23:00:00.000000000,137.08,125.68768
2026-03-25T00:00:00.000000000,137.29,119.46037
2026-03-25T01:00:00.000000000,171.11,130.78093
2026-03-25T02:00:00.000000000,195.83,134.62906
2026-03-25T03:00:00.000000000,194.56,145.70953
2026-03-25T04:00:00.000000000,193.09,153.73184
2026-03-25T05:00:00.000000000,192.1,158.37305
2026-03-25T06:00:00.000000000,194.05,157.46441
2026-03-25T07:00:00.000000000,185.35,147.23004
2026-03-25T08:00:00.000000000,181.46,140.606
2026-03-25T09:00:00.000000000,178.97,139.17359
2026-03-25T10:00:00.000000000,177.94,136.51514
2026-03-25T11:00:00.000000000,178.73,136.22162
2026-03-25T12:00:00.000000000,172.92,135.66785
2026-03-25T13:00:00.000000000,173.33,133.33684
2026-03-25T14:00:00.000000000,174.87,124.59495
2026-03-25T15:00:00.000000000,151.4,114.72986
2026-03-25T16:00:00.000000000,103.57,102.47807
2026-03-25T17:00:00.000000000,107.44,85.93778
2026-03-25T18:00:00.000000000,111.31,72.96143
2026-03-25T19:00:00.000000000,123.79,72.97389
2026-03-25T20:00:00.000000000,131.55,72.05622
2026-03-25T21:00:00.000000000,125.04,77.13845
2026-03-25T22:00:00.000000000,141.84,87.2818
2026-03-25T23:00:00.000000000,115.49,99.88985
2026-03-26T00:00:00.000000000,129.25,110.09325
2026-03-26T01:00:00.000000000,145.93,122.04377
2026-03-26T02:00:00.000000000,168.24,126.38527
2026-03-26T03:00:00.000000000,173.74,138.98054
2026-03-26T04:00:00.000000000,170.38,148.67405
2026-03-26T05:00:00.000000000,183.92,154.7699
2026-03-26T06:00:00.000000000,174.2,154.62723
2026-03-26T07:00:00.000000000,178.74,144.19936
2026-03-26T08:00:00.000000000,179.75,137.4364
2026-03-26T09:00:00.000000000,174.67,136.58035
2026-03-26T10:00:00.000000000,174.33,133.66748
2026-03-26T11:00:00.000000000,173.61,132.83383
2026-03-26T12:00:00.000000000,183.84,131.54696
2026-03-26T13:00:00.000000000,186.93,128.52759
2026-03-26T14:00:00.000000000,180.63,118.80289
2026-03-26T15:00:00.000000000,155.27,108.20772
2026-03-26T16:00:00.000000000,107.73,95.3456
2026-03-26T17:00:00.000000000,103.62,78.06612
2026-03-26T18:00:00.000000000,115.2,63.83674
2026-03-26T19:00:00.000000000,109.21,63.48363
2026-03-26T20:00:00.000000000,111.52,61.87545
2026-03-26T21:00:00.000000000,127.27,66.5563
2026-03-26T22:00:00.000000000,149.51,76.98544
2026-03-26T23:00:00.000000000,130.02,90.05023
2026-03-27T00:00:00.000000000,132.89,108.56627
2026-03-27T01:00:00.000000000,180.81,120.52273
2026-03-27T02:00:00.000000000,198.2,124.91726
2026-03-27T03:00:00.000000000,196.93,137.75123
2026-03-27T04:00:00.000000000,200.05,147.72262
2026-03-27T05:00:00.000000000,203.09,154.11341
2026-03-27T06:00:00.000000000,182.72,154.13854
2026-03-27T07:00:00.000000000,186.4,143.77842
2026-03-27T08:00:00.000000000,183.84,137.11537
2026-03-27T09:00:00.000000000,178.37,136.44649
2026-03-27T10:00:00.000000000,178.58,133.42123
2026-03-27T11:00:00.000000000,176.92,132.23378
2026-03-27T12:00:00.000000000,178.41,130.4479
2026-03-27T13:00:00.000000000,182.89,126.99649
2026-03-27T14:00:00.000000000,178.49,116.97253
2026-03-27T15:00:00.000000000,162.05,106.31896
2026-03-27T16:00:00.000000000,117.8,93.48325
2026-03-27T17:00:00.000000000,95.67,76.22566
2026-03-27T18:00:00.000000000,94.93,61.97147
2026-03-27T19:00:00.000000000,97.55,61.75215
2026-03-27T20:00:00.000000000,101.09,60.22163
2026-03-27T21:00:00.000000000,117.13,64.96229
2026-03-27T22:00:00.000000000,140.75,75.48795
2026-03-27T23:00:00.000000000,127.77,88.60524
2026-03-28T00:00:00.000000000,137.98,108.12023
2026-03-28T01:00:00.000000000,165.52,119.83541
2026-03-28T02:00:00.000000000,185.6,124.03077
2026-03-28T03:00:00.000000000,193.79,136.83735
2026-03-28T04:00:00.000000000,194.6,146.8262
2026-03-28T05:00:00.000000000,197.9,153.28782
2026-03-28T06:00:00.000000000,188.48,153.38519
2026-03-28T07:00:00.000000000,185.65,143.06345
2026-03-28T08:00:00.000000000,180.36,136.41103
2026-03-28T09:00:00.000000000,178.13,135.81894
2026-03-28T10:00:00.000000000,173.92,132.7981
2026-03-28T11:00:00.000000000,172.59,131.66534
2026-03-28T12:00:00.000000000,172.57,129.923
2026-03-28T13:00:00.000000000,173.2,126.53995
2026-03-28T14:00:00.000000000,159.72,116.52505
2026-03-28T15:00:00.000000000,135.36,105.89366
2026-03-28T16:00:00.000000000,95.32,93.20101
2026-03-28T17:00:00.000000000,93.72,76.14085
2026-03-28T18:00:00.000000000,95.8,62.00987
2026-03-28T19:00:00.000000000,94.48,61.81252
2026-03-28T20:00:00.000000000,89.54,60.20288
2026-03-28T21:00:00.000000000,97.42,64.81547
2026-03-28T22:00:00.000000000,105.03,75.30461
2026-03-28T23:00:00.000000000,106.55,88.32474
2026-03-29T00:00:00.000000000,114.29,113.65606
2026-03-29T01:00:00.000000000,150.78,125.69914
2026-03-29T02:00:00.000000000,178.42,130.40538
2026-03-29T03:00:00.000000000,180.48,142.70436
2026-03-29T04:00:00.000000000,184.44,151.99859
2026-03-29T05:00:00.000000000,194.08,157.96285
2026-03-29T06:00:00.000000000,185.33,157.96019
2026-03-29T07:00:00.000000000,179.31,148.25033
2026-03-29T08:00:00.000000000,175.56,142.05055
2026-03-29T09:00:00.000000000,169.81,141.21672
2026-03-29T10:00:00.000000000,170.31,138.40069
2026-03-29T11:00:00.000000000,171.89,137.4755
2026-03-29T12:00:00.000000000,165.93,136.07215
2026-03-29T13:00:00.000000000,166.77,133.01834
2026-03-29T14:00:00.000000000,165.57,123.79821
2026-03-29T15:00:00.000000000,156.4,113.70792
2026-03-29T16:00:00.000000000,126.21,101.07802
2026-03-29T17:00:00.000000000,115.79,83.89996
2026-03-29T18:00:00.000000000,118.11,69.95246
2026-03-29T19:00:00.000000000,122.47,69.44005
2026-03-29T20:00:00.000000000,126.64,67.83698
2026-03-29T21:00:00.000000000,129.42,72.37216
2026-03-29T22:00:00.000000000,144.76,82.15568
2026-03-29T23:00:00.000000000,137.36,94.54235
2026-03-30T00:00:00.000000000,144.9,116.77709
2026-03-30T01:00:00.000000000,184.42,129.10532
2026-03-30T02:00:00.000000000,210.01,133.84019
2026-03-30T03:00:00.000000000,213.67,145.66904
2026-03-30T04:00:00.000000000,212.16,154.3573
2026-03-30T05:00:00.000000000,209.67,159.66839
2026-03-30T06:00:00.000000000,205.53,159.3152
2026-03-30T07:00:00.000000000,197.51,149.62991
2026-03-30T08:00:00.000000000,188.62,143.7011
2026-03-30T09:00:00.000000000,183.23,142.84718
2026-03-30T10:00:00.000000000,176.46,140.22091
2026-03-30T11:00:00.000000000,176.54,139.34968
2026-03-30T12:00:00.000000000,172.39,138.03944
2026-03-30T13:00:00.000000000,180.68,134.93203
2026-03-30T14:00:00.000000000,179.07,125.64167
2026-03-30T15:00:00.000000000,165.97,115.38031
2026-03-30T16:00:00.000000000,153.0,102.28009
2026-03-30T17:00:00.000000000,145.36,84.6778
2026-03-30T18:00:00.000000000,149.32,70.66902
2026-03-30T19:00:00.000000000,135.75,70.33566
2026-03-30T20:00:00.000000000,166.49,69.2711
2026-03-30T21:00:00.000000000,177.66,74.46953
2026-03-30T22:00:00.000000000,174.26,84.55871
2026-03-30T23:00:00.000000000,175.91,97.29026
2026-03-25T00:00:00.000000000,137.29,131.19963
2026-03-25T01:00:00.000000000,171.11,142.65085
2026-03-25T02:00:00.000000000,195.83,146.47584
2026-03-25T03:00:00.000000000,194.56,155.90012
2026-03-25T04:00:00.000000000,193.09,161.94652
2026-03-25T05:00:00.000000000,192.1,165.07316
2026-03-25T06:00:00.000000000,194.05,163.6455
2026-03-25T07:00:00.000000000,185.35,154.46241
2026-03-25T08:00:00.000000000,181.46,149.11131
2026-03-25T09:00:00.000000000,178.97,147.57735
2026-03-25T10:00:00.000000000,177.94,145.22247
2026-03-25T11:00:00.000000000,178.73,144.59059
2026-03-25T12:00:00.000000000,172.92,143.56739
2026-03-25T13:00:00.000000000,173.33,140.53359
2026-03-25T14:00:00.000000000,174.87,131.96036
2026-03-25T15:00:00.000000000,151.4,122.35458
2026-03-25T16:00:00.000000000,103.57,109.93967
2026-03-25T17:00:00.000000000,107.44,93.49428
2026-03-25T18:00:00.000000000,111.31,81.51622
2026-03-25T19:00:00.000000000,123.79,82.29477
2026-03-25T20:00:00.000000000,131.55,82.91084
2026-03-25T21:00:00.000000000,125.04,89.36084
2026-03-25T22:00:00.000000000,141.84,99.44344
2026-03-25T23:00:00.000000000,115.49,111.92003
2026-03-26T00:00:00.000000000,129.25,114.83168
2026-03-26T01:00:00.000000000,145.93,126.63476
2026-03-26T02:00:00.000000000,168.24,130.8889
2026-03-26T03:00:00.000000000,173.74,142.79965
2026-03-26T04:00:00.000000000,170.38,151.71273
2026-03-26T05:00:00.000000000,183.92,157.16257
2026-03-26T06:00:00.000000000,174.2,156.70128
2026-03-26T07:00:00.000000000,178.74,146.47456
2026-03-26T08:00:00.000000000,179.75,139.90322
2026-03-26T09:00:00.000000000,174.67,138.80314
2026-03-26T10:00:00.000000000,174.33,135.96738
2026-03-26T11:00:00.000000000,173.61,135.16531
2026-03-26T12:00:00.000000000,183.84,133.92479
2026-03-26T13:00:00.000000000,186.93,130.93151
2026-03-26T14:00:00.000000000,180.63,121.5446
2026-03-26T15:00:00.000000000,155.27,111.28406
2026-03-26T16:00:00.000000000,107.73,98.65332
2026-03-26T17:00:00.000000000,103.62,81.65365
2026-03-26T18:00:00.000000000,115.2,68.00502
2026-03-26T19:00:00.000000000,109.21,67.89886
2026-03-26T20:00:00.000000000,111.52,66.76482
2026-03-26T21:00:00.000000000,127.27,71.78682
2026-03-26T22:00:00.000000000,149.51,82.10488
2026-03-26T23:00:00.000000000,130.02,94.993
2026-03-27T00:00:00.000000000,132.89,109.59187
2026-03-27T01:00:00.000000000,180.81,121.56889
2026-03-27T02:00:00.000000000,198.2,125.99887
2026-03-27T03:00:00.000000000,196.93,138.70776
2026-03-27T04:00:00.000000000,200.05,148.52706
2026-03-27T05:00:00.000000000,203.09,154.77844
2026-03-27T06:00:00.000000000,182.72,154.73533
2026-03-27T07:00:00.000000000,186.4,144.41646
2026-03-27T08:00:00.000000000,183.84,137.78632
2026-03-27T09:00:00.000000000,178.37,137.05644
2026-03-27T10:00:00.000000000,178.58,134.07382
2026-03-27T11:00:00.000000000,176.92,132.95271
2026-03-27T12:00:00.000000000,178.41,131.26267
2026-03-27T13:00:00.000000000,182.89,127.90077
2026-03-27T14:00:00.000000000,178.49,118.009
2026-03-27T15:00:00.000000000,162.05,107.4381
2026-03-27T16:00:00.000000000,117.8,94.61428
2026-03-27T17:00:00.000000000,95.67,77.34747
2026-03-27T18:00:00.000000000,94.93,63.14889
2026-03-27T19:00:00.000000000,97.55,62.90626
2026-03-27T20:00:00.000000000,101.09,61.41317
2026-03-27T21:00:00.000000000,117.13,66.1808
2026-03-27T22:00:00.000000000,140.75,76.642
2026-03-27T23:00:00.000000000,127.77,89.69767
2026-03-28T00:00:00.000000000,137.98,108.31761
2026-03-28T01:00:00.000000000,165.52,120.06367
2026-03-28T02:00:00.000000000,185.6,124.28652
2026-03-28T03:00:00.000000000,193.79,137.07814
2026-03-28T04:00:00.000000000,194.6,147.04436
2026-03-28T05:00:00.000000000,197.9,153.48468
2026-03-28T06:00:00.000000000,188.48,153.57626
2026-03-28T07:00:00.000000000,185.65,143.27066
2026-03-28T08:00:00.000000000,180.36,136.63062
2026-03-28T09:00:00.000000000,178.13,136.02698
2026-03-28T10:00:00.000000000,173.92,133.02237
2026-03-28T11:00:00.000000000,172.59,131.91417
2026-03-28T12:00:00.000000000,172.57,130.20709
2026-03-28T13:00:00.000000000,173.2,126.85167
2026-03-28T14:00:00.000000000,159.72,116.86858
2026-03-28T15:00:00.000000000,135.36,106.24553
2026-03-28T16:00:00.000000000,95.32,93.53376
2026-03-28T17:00:00.000000000,93.72,76.44482
2026-03-28T18:00:00.000000000,95.8,62.29559
2026-03-28T19:00:00.000000000,94.48,62.07061
2026-03-28T20:00:00.000000000,89.54,60.4503
2026-03-28T21:00:00.000000000,97.42,65.05866
2026-03-28T22:00:00.000000000,105.03,75.52349
2026-03-28T23:00:00.000000000,106.55,88.5302
2026-03-29T00:00:00.000000000,114.29,113.70134
2026-03-29T01:00:00.000000000,150.78,125.7645
2026-03-29T02:00:00.000000000,178.42,130.48604
2026-03-29T03:00:00.000000000,180.48,142.78459
2026-03-29T04:00:00.000000000,184.44,152.07362
2026-03-29T05:00:00.000000000,194.08,158.03212
2026-03-29T06:00:00.000000000,185.33,158.02845
2026-03-29T07:00:00.000000000,179.31,148.32517
2026-03-29T08:00:00.000000000,175.56,142.13226
2026-03-29T09:00:00.000000000,169.81,141.297
2026-03-29T10:00:00.000000000,170.31,138.48546
2026-03-29T11:00:00.000000000,171.89,137.56449
2026-03-29T12:00:00.000000000,165.93,136.16879
2026-03-29T13:00:00.000000000,166.77,133.11863
2026-03-29T14:00:00.000000000,165.57,123.90359
2026-03-29T15:00:00.000000000,156.4,113.81105
2026-03-29T16:00:00.000000000,126.21,101.16767
2026-03-29T17:00:00.000000000,115.79,83.9721
2026-03-29T18:00:00.000000000,118.11,70.01021
2026-03-29T19:00:00.000000000,122.47,69.488
2026-03-29T20:00:00.000000000,126.64,67.8816
2026-03-29T21:00:00.000000000,129.42,72.41773
2026-03-29T22:00:00.000000000,144.76,82.19491
2026-03-29T23:00:00.000000000,137.36,94.58207
2026-03-30T00:00:00.000000000,144.9,116.79086
2026-03-30T01:00:00.000000000,184.42,129.12772
2026-03-30T02:00:00.000000000,210.01,133.86833
2026-03-30T03:00:00.000000000,213.67,145.69732
2026-03-30T04:00:00.000000000,212.16,154.38376
2026-03-30T05:00:00.000000000,209.67,159.69233
2026-03-30T06:00:00.000000000,205.53,159.33815
2026-03-30T07:00:00.000000000,197.51,149.65431
2026-03-30T08:00:00.000000000,188.62,143.72805
2026-03-30T09:00:00.000000000,183.23,142.87402
2026-03-30T10:00:00.000000000,176.46,140.24896
2026-03-30T11:00:00.000000000,176.54,139.37757
2026-03-30T12:00:00.000000000,172.39,138.06794
2026-03-30T13:00:00.000000000,180.68,134.95941
2026-03-30T14:00:00.000000000,179.07,125.66832
2026-03-30T15:00:00.000000000,165.97,115.40452
2026-03-30T16:00:00.000000000,153.0,102.29758
2026-03-30T17:00:00.000000000,145.36,84.68741
2026-03-30T18:00:00.000000000,149.32,70.67256
2026-03-30T19:00:00.000000000,135.75,70.33713
2026-03-30T20:00:00.000000000,166.49,69.2735
2026-03-30T21:00:00.000000000,177.66,74.47507
2026-03-30T22:00:00.000000000,174.26,84.56446
2026-03-30T23:00:00.000000000,175.91,97.2989
2026-03-31T00:00:00.000000000,178.92,110.33143
2026-03-31T01:00:00.000000000,194.3,122.14782
2026-03-31T02:00:00.000000000,178.01,126.02242
2026-03-31T03:00:00.000000000,188.24,138.33006
2026-03-31T04:00:00.000000000,208.5,147.75727
2026-03-31T05:00:00.000000000,207.9,153.42834
2026-03-31T06:00:00.000000000,204.69,152.91526
2026-03-31T07:00:00.000000000,190.37,142.06054
2026-03-31T08:00:00.000000000,186.19,135.28593
2026-03-31T09:00:00.000000000,183.58,134.54746
2026-03-31T10:00:00.000000000,180.89,131.64068
2026-03-31T11:00:00.000000000,180.01,130.53369
2026-03-31T12:00:00.000000000,180.95,128.83539
2026-03-31T13:00:00.000000000,182.7,125.3139
2026-03-31T14:00:00.000000000,180.71,114.89259
2026-03-31T15:00:00.000000000,182.78,103.83727
2026-03-31T16:00:00.000000000,189.76,90.56349
2026-03-31T17:00:00.000000000,191.17,73.09448
2026-03-31T18:00:00.000000000,190.65,58.97596
2026-03-31T19:00:00.000000000,181.74,59.26632
2026-03-31T20:00:00.000000000,183.15,58.51716
2026-03-31T21:00:00.000000000,181.91,64.20798
2026-03-31T22:00:00.000000000,186.61,75.60516
2026-03-31T23:00:00.000000000,199.5,89.50802
2026-03-26T00:00:00.000000000,129.25,129.17827
2026-03-26T01:00:00.000000000,145.93,141.54866
2026-03-26T02:00:00.000000000,168.24,146.2196
2026-03-26T03:00:00.000000000,173.74,156.32148
2026-03-26T04:00:00.000000000,170.38,162.96087
2026-03-26T05:00:00.000000000,183.92,166.54998
2026-03-26T06:00:00.000000000,174.2,165.26874
2026-03-26T07:00:00.000000000,178.74,156.03569
2026-03-26T08:00:00.000000000,179.75,150.64092
2026-03-26T09:00:00.000000000,174.67,149.08356
2026-03-26T10:00:00.000000000,174.33,146.43249
2026-03-26T11:00:00.000000000,173.61,145.04341
2026-03-26T12:00:00.000000000,183.84,143.08775
2026-03-26T13:00:00.000000000,186.93,139.15667
2026-03-26T14:00:00.000000000,180.63,130.074
2026-03-26T15:00:00.000000000,155.27,120.2969
2026-03-26T16:00:00.000000000,107.73,107.53427
2026-03-26T17:00:00.000000000,103.62,90.5281
2026-03-26T18:00:00.000000000,115.2,78.00417
2026-03-26T19:00:00.000000000,109.21,78.80599
2026-03-26T20:00:00.000000000,111.52,79.55563
2026-03-26T21:00:00.000000000,127.27,86.26799
2026-03-26T22:00:00.000000000,149.51,96.51378
2026-03-26T23:00:00.000000000,130.02,109.37749
2026-03-27T00:00:00.000000000,132.89,114.36196
2026-03-27T01:00:00.000000000,180.81,126.42976
2026-03-27T02:00:00.000000000,198.2,130.91866
2026-03-27T03:00:00.000000000,196.93,142.98921
2026-03-27T04:00:00.000000000,200.05,152.03663
2026-03-27T05:00:00.000000000,203.09,157.5869
2026-03-27T06:00:00.000000000,182.72,157.17664
2026-03-27T07:00:00.000000000,186.4,147.0212
2026-03-27T08:00:00.000000000,183.84,140.62734
2026-03-27T09:00:00.000000000,178.37,139.67529
2026-03-27T10:00:00.000000000,178.58,136.79623
2026-03-27T11:00:00.000000000,176.92,135.65633
2026-03-27T12:00:00.000000000,178.41,133.96351
2026-03-27T13:00:00.000000000,182.89,130.54264
2026-03-27T14:00:00.000000000,178.49,120.88645
2026-03-27T15:00:00.000000000,162.05,110.5355
2026-03-27T16:00:00.000000000,117.8,97.6983
2026-03-27T17:00:00.000000000,95.67,80.43132
2026-03-27T18:00:00.000000000,94.93,66.61155
2026-03-27T19:00:00.000000000,97.55,66.60199
2026-03-27T20:00:00.000000000,101.09,65.6738
2026-03-27T21:00:00.000000000,117.13,70.95908
2026-03-27T22:00:00.000000000,140.75,81.42989
2026-03-27T23:00:00.000000000,127.77,94.47877
2026-03-28T00:00:00.000000000,137.98,109.38905
2026-03-28T01:00:00.000000000,165.52,121.211
2026-03-28T02:00:00.000000000,185.6,125.47893
2026-03-28T03:00:00.000000000,193.79,138.14005
2026-03-28T04:00:00.000000000,194.6,147.94329
2026-03-28T05:00:00.000000000,197.9,154.21457
2026-03-28T06:00:00.000000000,188.48,154.21567
2026-03-28T07:00:00.000000000,185.65,143.9295
2026-03-28T08:00:00.000000000,180.36,137.34343
2026-03-28T09:00:00.000000000,178.13,136.6921
2026-03-28T10:00:00.000000000,173.92,133.74043
2026-03-28T11:00:00.000000000,172.59,132.66849
2026-03-28T12:00:00.000000000,172.57,131.0165
2026-03-28T13:00:00.000000000,173.2,127.68874
2026-03-28T14:00:00.000000000,159.72,117.76436
2026-03-28T15:00:00.000000000,135.36,107.1589
2026-03-28T16:00:00.000000000,95.32,94.36598
2026-03-28T17:00:00.000000000,93.72,77.18541
2026-03-28T18:00:00.000000000,95.8,63.04402
2026-03-28T19:00:00.000000000,94.48,62.8267
2026-03-28T20:00:00.000000000,89.54,61.31666
2026-03-28T21:00:00.000000000,97.42,66.0564
2026-03-28T22:00:00.000000000,105.03,76.53871
2026-03-28T23:00:00.000000000,106.55,89.57274
2026-03-29T00:00:00.000000000,114.29,113.96757
2026-03-29T01:00:00.000000000,150.78,126.07752
2026-03-29T02:00:00.000000000,178.42,130.82727
2026-03-29T03:00:00.000000000,180.48,143.09793
2026-03-29T04:00:00.000000000,184.44,152.34302
2026-03-29T05:00:00.000000000,194.08,158.25244
2026-03-29T06:00:00.000000000,185.33,158.22262
2026-03-29T07:00:00.000000000,179.31,148.52546
2026-03-29T08:00:00.000000000,175.56,142.35059
2026-03-29T09:00:00.000000000,169.81,141.50376
2026-03-29T10:00:00.000000000,170.31,138.70647
2026-03-29T11:00:00.000000000,171.89,137.79491
2026-03-29T12:00:00.000000000,165.93,136.41808
2026-03-29T13:00:00.000000000,166.77,133.37446
2026-03-29T14:00:00.000000000,165.57,124.17012
2026-03-29T15:00:00.000000000,156.4,114.07133
2026-03-29T16:00:00.000000000,126.21,101.387
2026-03-29T17:00:00.000000000,115.79,84.14496
2026-03-29T18:00:00.000000000,118.11,70.16273
2026-03-29T19:00:00.000000000,122.47,69.63602
2026-03-29T20:00:00.000000000,126.64,68.05552
2026-03-29T21:00:00.000000000,129.42,72.62915
2026-03-29T22:00:00.000000000,144.76,82.41177
2026-03-29T23:00:00.000000000,137.36,94.81699
2026-03-30T00:00:00.000000000,144.9,116.86434
2026-03-30T01:00:00.000000000,184.42,129.22056
2026-03-30T02:00:00.000000000,210.01,133.97218
2026-03-30T03:00:00.000000000,213.67,145.79427
2026-03-30T04:00:00.000000000,212.16,154.4678
2026-03-30T05:00:00.000000000,209.67,159.76063
2026-03-30T06:00:00.000000000,205.53,159.39742
2026-03-30T07:00:00.000000000,197.51,149.7138
2026-03-30T08:00:00.000000000,188.62,143.7929
2026-03-30T09:00:00.000000000,183.23,142.9358
2026-03-30T10:00:00.000000000,176.46,140.31453
2026-03-30T11:00:00.000000000,176.54,139.44417
2026-03-30T12:00:00.000000000,172.39,138.13842
2026-03-30T13:00:00.000000000,180.68,135.0292
2026-03-30T14:00:00.000000000,179.07,125.73763
2026-03-30T15:00:00.000000000,165.97,115.46858
2026-03-30T16:00:00.000000000,153.0,102.34452
2026-03-30T17:00:00.000000000,145.36,84.71528
2026-03-30T18:00:00.000000000,149.32,70.69006
2026-03-30T19:00:00.000000000,135.75,70.35392
2026-03-30T20:00:00.000000000,166.49,69.29998
2026-03-30T21:00:00.000000000,177.66,74.51641
2026-03-30T22:00:00.000000000,174.26,84.61091
2026-03-30T23:00:00.000000000,175.91,97.3558
2026-03-31T00:00:00.000000000,178.92,110.35744
2026-03-31T01:00:00.000000000,194.3,122.17766
2026-03-31T02:00:00.000000000,178.01,126.05334
2026-03-31T03:00:00.000000000,188.24,138.35766
2026-03-31T04:00:00.000000000,208.5,147.78053
2026-03-31T05:00:00.000000000,207.9,153.44646
2026-03-31T06:00:00.000000000,204.69,152.93031
2026-03-31T07:00:00.000000000,190.37,142.07498
2026-03-31T08:00:00.000000000,186.19,135.30207
2026-03-31T09:00:00.000000000,183.58,134.56276
2026-03-31T10:00:00.000000000,180.89,131.65734
2026-03-31T11:00:00.000000000,180.01,130.54996
2026-03-31T12:00:00.000000000,180.95,128.85135
2026-03-31T13:00:00.000000000,182.7,125.32801
2026-03-31T14:00:00.000000000,180.71,114.90489
2026-03-31T15:00:00.000000000,182.78,103.84723
2026-03-31T16:00:00.000000000,189.76,90.56819
2026-03-31T17:00:00.000000000,191.17,73.09429
2026-03-31T18:00:00.000000000,190.65,58.97434
2026-03-31T19:00:00.000000000,181.74,59.26636
2026-03-31T20:00:00.000000000,183.15,58.52265
2026-03-31T21:00:00.000000000,181.91,64.22053
2026-03-31T22:00:00.000000000,186.61,75.62145
2026-03-31T23:00:00.000000000,199.5,89.52871
2026-04-01T00:00:00.000000000,200.25,110.60631
2026-04-01T01:00:00.000000000,200.14,120.69999
2026-04-01T02:00:00.000000000,191.11,123.9157
2026-04-01T03:00:00.000000000,198.58,136.0148
2026-04-01T04:00:00.000000000,198.75,145.43478
2026-04-01T05:00:00.000000000,198.91,151.52474
2026-04-01T06:00:00.000000000,190.84,151.30863
2026-04-01T07:00:00.000000000,191.68,140.82791
2026-04-01T08:00:00.000000000,185.34,133.75424
2026-04-01T09:00:00.000000000,181.44,132.81725
2026-04-01T10:00:00.000000000,176.32,129.59469
2026-04-01T11:00:00.000000000,177.52,128.6383
2026-04-01T12:00:00.000000000,177.13,127.09079
2026-04-01T13:00:00.000000000,177.3,124.25641
2026-04-01T14:00:00.000000000,179.54,114.97224
2026-04-01T15:00:00.000000000,174.26,105.2849
2026-04-01T16:00:00.000000000,152.01,94.15321
2026-04-01T17:00:00.000000000,127.35,78.80956
2026-04-01T18:00:00.000000000,131.05,66.36216
2026-04-01T19:00:00.000000000,123.45,66.71915
2026-04-01T20:00:00.000000000,123.3,65.29685
2026-04-01T21:00:00.000000000,116.98,69.50238
2026-04-01T22:00:00.000000000,119.21,79.68651
2026-04-01T23:00:00.000000000,119.63,91.90227
2026-03-27T00:00:00.000000000,132.89,129.1422
2026-03-27T01:00:00.000000000,180.81,140.80287
2026-03-27T02:00:00.000000000,198.2,144.75909
2026-03-27T03:00:00.000000000,196.93,154.64538
2026-03-27T04:00:00.000000000,200.05,161.31241
2026-03-27T05:00:00.000000000,203.09,165.25089
2026-03-27T06:00:00.000000000,182.72,164.58677
2026-03-27T07:00:00.000000000,186.4,156.00293
2026-03-27T08:00:00.000000000,183.84,151.31635
2026-03-27T09:00:00.000000000,178.37,150.3073
2026-03-27T10:00:00.000000000,178.58,148.14371
2026-03-27T11:00:00.000000000,176.92,147.33966
2026-03-27T12:00:00.000000000,178.41,145.9574
2026-03-27T13:00:00.000000000,182.89,142.39309
2026-03-27T14:00:00.000000000,178.49,133.23553
2026-03-27T15:00:00.000000000,162.05,123.02635
2026-03-27T16:00:00.000000000,117.8,109.97746
2026-03-27T17:00:00.000000000,95.67,93.0623
2026-03-27T18:00:00.000000000,94.93,80.47446
2026-03-27T19:00:00.000000000,97.55,80.965
2026-03-27T20:00:00.000000000,101.09,81.38316
2026-03-27T21:00:00.000000000,117.13,87.76678
2026-03-27T22:00:00.000000000,140.75,97.75965
2026-03-27T23:00:00.000000000,127.77,110.13593
2026-03-28T00:00:00.000000000,137.98,114.08381
2026-03-28T01:00:00.000000000,165.52,125.97663
2026-03-28T02:00:00.000000000,185.6,130.33991
2026-03-28T03:00:00.000000000,193.79,142.39601
2026-03-28T04:00:00.000000000,194.6,151.47287
2026-03-28T05:00:00.000000000,197.9,157.16525
2026-03-28T06:00:00.000000000,188.48,156.95319
2026-03-28T07:00:00.000000000,185.65,147.01713
2026-03-28T08:00:00.000000000,180.36,140.74837
2026-03-28T09:00:00.000000000,178.13,139.91413
2026-03-28T10:00:00.000000000,173.92,137.13662
2026-03-28T11:00:00.000000000,172.59,136.22549
2026-03-28T12:00:00.000000000,172.57,134.79759
2026-03-28T13:00:00.000000000,173.2,131.62412
2026-03-28T14:00:00.000000000,159.72,122.12728
2026-03-28T15:00:00.000000000,135.36,111.8063
2026-03-28T16:00:00.000000000,95.32,99.06473
2026-03-28T17:00:00.000000000,93.72,81.92721
2026-03-28T18:00:00.000000000,95.8,68.09855
2026-03-28T19:00:00.000000000,94.48,67.88807
2026-03-28T20:00:00.000000000,89.54,66.6435
2026-03-28T21:00:00.000000000,97.42,71.57745
2026-03-28T22:00:00.000000000,105.03,81.77837
2026-03-28T23:00:00.000000000,106.55,94.5484
2026-03-29T00:00:00.000000000,114.29,115.09662
2026-03-29T01:00:00.000000000,150.78,127.37472
2026-03-29T02:00:00.000000000,178.42,132.27491
2026-03-29T03:00:00.000000000,180.48,144.4433
2026-03-29T04:00:00.000000000,184.44,153.51636
2026-03-29T05:00:00.000000000,194.08,159.26482
2026-03-29T06:00:00.000000000,185.33,159.17283
2026-03-29T07:00:00.000000000,179.31,149.579
2026-03-29T08:00:00.000000000,175.56,143.5021
2026-03-29T09:00:00.000000000,169.81,142.60896
2026-03-29T10:00:00.000000000,170.31,139.87141
2026-03-29T11:00:00.000000000,171.89,139.03055
2026-03-29T12:00:00.000000000,165.93,137.77667
2026-03-29T13:00:00.000000000,166.77,134.82534
2026-03-29T14:00:00.000000000,165.57,125.769
2026-03-29T15:00:00.000000000,156.4,115.72775
2026-03-29T16:00:00.000000000,126.21,102.96792
2026-03-29T17:00:00.000000000,115.79,85.60255
2026-03-29T18:00:00.000000000,118.11,71.56489
2026-03-29T19:00:00.000000000,122.47,70.95706
2026-03-29T20:00:00.000000000,126.64,69.37975
2026-03-29T21:00:00.000000000,129.42,73.96687
2026-03-29T22:00:00.000000000,144.76,83.63009
2026-03-29T23:00:00.000000000,137.36,95.97225
2026-03-30T00:00:00.000000000,144.9,117.16501
2026-03-30T01:00:00.000000000,184.42,129.61589
2026-03-30T02:00:00.000000000,210.01,134.44115
2026-03-30T03:00:00.000000000,213.67,146.24755
2026-03-30T04:00:00.000000000,212.16,154.87588
2026-03-30T05:00:00.000000000,209.67,160.12034
2026-03-30T06:00:00.000000000,205.53,159.73808
2026-03-30T07:00:00.000000000,197.51,150.08455
2026-03-30T08:00:00.000000000,188.62,144.19643
2026-03-30T09:00:00.000000000,183.23,143.32699
2026-03-30T10:00:00.000000000,176.46,140.72465
2026-03-30T11:00:00.000000000,176.54,139.87298
2026-03-30T12:00:00.000000000,172.39,138.60561
2026-03-30T13:00:00.000000000,180.68,135.51827
2026-03-30T14:00:00.000000000,179.07,126.26017
2026-03-30T15:00:00.000000000,165.97,115.99044
2026-03-30T16:00:00.000000000,153.0,102.81026
2026-03-30T17:00:00.000000000,145.36,85.10447
2026-03-30T18:00:00.000000000,149.32,71.02385
2026-03-30T19:00:00.000000000,135.75,70.65063
2026-03-30T20:00:00.000000000,166.49,69.59276
2026-03-30T21:00:00.000000000,177.66,74.8201
2026-03-30T22:00:00.000000000,174.26,84.88337
2026-03-30T23:00:00.000000000,175.91,97.62886
2026-03-31T00:00:00.000000000,178.92,110.46407
2026-03-31T01:00:00.000000000,194.3,122.30984
2026-03-31T02:00:00.000000000,178.01,126.20144
2026-03-31T03:00:00.000000000,188.24,138.49737
2026-03-31T04:00:00.000000000,208.5,147.90632
2026-03-31T05:00:00.000000000,207.9,153.55753
2026-03-31T06:00:00.000000000,204.69,153.03598
2026-03-31T07:00:00.000000000,190.37,142.18749
2026-03-31T08:00:00.000000000,186.19,135.42575
2026-03-31T09:00:00.000000000,183.58,134.68313
2026-03-31T10:00:00.000000000,180.89,131.78541
2026-03-31T11:00:00.000000000,180.01,130.68133
2026-03-31T12:00:00.000000000,180.95,128.98859
2026-03-31T13:00:00.000000000,182.7,125.46372
2026-03-31T14:00:00.000000000,180.71,115.04187
2026-03-31T15:00:00.000000000,182.78,103.97752
2026-03-31T16:00:00.000000000,189.76,90.67527
2026-03-31T17:00:00.000000000,191.17,73.17605
2026-03-31T18:00:00.000000000,190.65,59.04086
2026-03-31T19:00:00.000000000,181.74,59.32659
2026-03-31T20:00:00.000000000,183.15,58.59112
2026-03-31T21:00:00.000000000,181.91,64.30457
2026-03-31T22:00:00.000000000,186.61,75.70628
2026-03-31T23:00:00.000000000,199.5,89.62155
2026-04-01T00:00:00.000000000,200.25,110.64296
2026-04-01T01:00:00.000000000,200.14,120.74456
2026-04-01T02:00:00.000000000,191.11,123.96377
2026-04-01T03:00:00.000000000,198.58,136.05916
2026-04-01T04:00:00.000000000,198.75,145.47388
2026-04-01T05:00:00.000000000,198.91,151.5579
2026-04-01T06:00:00.000000000,190.84,151.33913
2026-04-01T07:00:00.000000000,191.68,140.85948
2026-04-01T08:00:00.000000000,185.34,133.79002
2026-04-01T09:00:00.000000000,181.44,132.85247
2026-04-01T10:00:00.000000000,176.32,129.63256
2026-04-01T11:00:00.000000000,177.52,128.6758
2026-04-01T12:00:00.000000000,177.13,127.12804
2026-04-01T13:00:00.000000000,177.3,124.29055
2026-04-01T14:00:00.000000000,179.54,115.00372
2026-04-01T15:00:00.000000000,174.26,105.31207
2026-04-01T16:00:00.000000000,152.01,94.17067
2026-04-01T17:00:00.000000000,127.35,78.81769
2026-04-01T18:00:00.000000000,131.05,66.36561
2026-04-01T19:00:00.000000000,123.45,66.723
2026-04-01T20:00:00.000000000,123.3,65.30706
2026-04-01T21:00:00.000000000,116.98,69.522
2026-04-01T22:00:00.000000000,119.21,79.71013
2026-04-01T23:00:00.000000000,119.63,91.93164
2026-04-02T00:00:00.000000000,116.36,117.56542
2026-04-02T01:00:00.000000000,153.89,123.72397
2026-04-02T02:00:00.000000000,184.48,125.14584
2026-04-02T03:00:00.000000000,184.21,135.62078
2026-04-02T04:00:00.000000000,185.43,143.79806
2026-04-02T05:00:00.000000000,163.06,149.57125
2026-04-02T06:00:00.000000000,161.51,149.45445
2026-04-02T07:00:00.000000000,167.22,140.16099
2026-04-02T08:00:00.000000000,148.34,133.19219
2026-04-02T09:00:00.000000000,140.61,132.01607
2026-04-02T10:00:00.000000000,145.79,128.86362
2026-04-02T11:00:00.000000000,149.71,128.9795
2026-04-02T12:00:00.000000000,151.64,128.60492
2026-04-02T13:00:00.000000000,147.06,127.82706
2026-04-02T14:00:00.000000000,135.31,121.48796
2026-04-02T15:00:00.000000000,97.34,114.75201
2026-04-02T16:00:00.000000000,78.77,107.86691
2026-04-02T17:00:00.000000000,79.24,96.80101
2026-04-02T18:00:00.000000000,76.25,88.17993
2026-04-02T19:00:00.000000000,80.88,88.78798
2026-04-02T20:00:00.000000000,78.16,86.44042
2026-04-02T21:00:00.000000000,78.48,88.03871
2026-04-02T22:00:00.000000000,80.83,95.58866
2026-04-02T23:00:00.000000000,80.73,104.07501
2026-03-28T00:00:00.000000000,137.98,133.48146
2026-03-28T01:00:00.000000000,165.52,146.27237
2026-03-28T02:00:00.000000000,185.6,150.38316
2026-03-28T03:00:00.000000000,193.79,159.60062
2026-03-28T04:00:00.000000000,194.6,165.2818
2026-03-28T05:00:00.000000000,197.9,167.62059
2026-03-28T06:00:00.000000000,188.48,165.66599
2026-03-28T07:00:00.000000000,185.65,155.92044
2026-03-28T08:00:00.000000000,180.36,150.77878
2026-03-28T09:00:00.000000000,178.13,149.3107
2026-03-28T10:00:00.000000000,173.92,147.39774
2026-03-28T11:00:00.000000000,172.59,146.91229
2026-03-28T12:00:00.000000000,172.57,146.0995
2026-03-28T13:00:00.000000000,173.2,142.71117
2026-03-28T14:00:00.000000000,159.72,132.99955
2026-03-28T15:00:00.000000000,135.36,121.8833
2026-03-28T16:00:00.000000000,95.32,107.22319
2026-03-28T17:00:00.000000000,93.72,88.73082
2026-03-28T18:00:00.000000000,95.8,75.41493
2026-03-28T19:00:00.000000000,94.48,76.33726
2026-03-28T20:00:00.000000000,89.54,78.02726
2026-03-28T21:00:00.000000000,97.42,86.26388
2026-03-28T22:00:00.000000000,105.03,97.82525
2026-03-28T23:00:00.000000000,106.55,112.05068
2026-03-29T00:00:00.000000000,114.29,120.20242
2026-03-29T01:00:00.000000000,150.78,133.10093
2026-03-29T02:00:00.000000000,178.42,138.25021
2026-03-29T03:00:00.000000000,180.48,149.73296
2026-03-29T04:00:00.000000000,184.44,157.81169
2026-03-29T05:00:00.000000000,194.08,162.43667
2026-03-29T06:00:00.000000000,185.33,161.67037
2026-03-29T07:00:00.000000000,179.31,152.00669
2026-03-29T08:00:00.000000000,175.56,146.17999
2026-03-29T09:00:00.000000000,169.81,145.0758
2026-03-29T10:00:00.000000000,170.31,142.53345
2026-03-29T11:00:00.000000000,171.89,141.77914
2026-03-29T12:00:00.000000000,165.93,140.76938
2026-03-29T13:00:00.000000000,166.77,137.87779
2026-03-29T14:00:00.000000000,165.57,128.8853
2026-03-29T15:00:00.000000000,156.4,118.70963
2026-03-29T16:00:00.000000000,126.21,105.2899
2026-03-29T17:00:00.000000000,115.79,87.24902
2026-03-29T18:00:00.000000000,118.11,73.09808
2026-03-29T19:00:00.000000000,122.47,72.721
2026-03-29T20:00:00.000000000,126.64,71.92512
2026-03-29T21:00:00.000000000,129.42,77.45058
2026-03-29T22:00:00.000000000,144.76,87.49001
2026-03-29T23:00:00.000000000,137.36,100.34149
2026-03-30T00:00:00.000000000,144.9,118.57307
2026-03-30T01:00:00.000000000,184.42,131.2407
2026-03-30T02:00:00.000000000,210.01,136.15432
2026-03-30T03:00:00.000000000,213.67,147.77644
2026-03-30T04:00:00.000000000,212.16,156.12673
2026-03-30T05:00:00.000000000,209.67,161.03773
2026-03-30T06:00:00.000000000,205.53,160.44314
2026-03-30T07:00:00.000000000,197.51,150.73302
2026-03-30T08:00:00.000000000,188.62,144.88791
2026-03-30T09:00:00.000000000,183.23,143.94337
2026-03-30T10:00:00.000000000,176.46,141.39449
2026-03-30T11:00:00.000000000,176.54,140.5738
2026-03-30T12:00:00.000000000,172.39,139.38923
2026-03-30T13:00:00.000000000,180.68,136.32443
2026-03-30T14:00:00.000000000,179.07,127.07031
2026-03-30T15:00:00.000000000,165.97,116.74048
2026-03-30T16:00:00.000000000,153.0,103.33641
2026-03-30T17:00:00.000000000,145.36,85.39637
2026-03-30T18:00:00.000000000,149.32,71.24723
2026-03-30T19:00:00.000000000,135.75,70.93363
2026-03-30T20:00:00.000000000,166.49,70.10274
2026-03-30T21:00:00.000000000,177.66,75.61967
2026-03-30T22:00:00.000000000,174.26,85.82105
2026-03-30T23:00:00.000000000,175.91,98.75657
2026-03-31T00:00:00.000000000,178.92,110.96122
2026-03-31T01:00:00.000000000,194.3,122.8219
2026-03-31T02:00:00.000000000,178.01,126.701
2026-03-31T03:00:00.000000000,188.24,138.92083
2026-03-31T04:00:00.000000000,208.5,148.24082
2026-03-31T05:00:00.000000000,207.9,153.79297
2026-03-31T06:00:00.000000000,204.69,153.20779
2026-03-31T07:00:00.000000000,190.37,142.33671
2026-03-31T08:00:00.000000000,186.19,135.5814
2026-03-31T09:00:00.000000000,183.58,134.80908
2026-03-31T10:00:00.000000000,180.89,131.92866
2026-03-31T11:00:00.000000000,180.01,130.83341
2026-03-31T12:00:00.000000000,180.95,129.15527
2026-03-31T13:00:00.000000000,182.7,125.62846
2026-03-31T14:00:00.000000000,180.71,115.20522
2026-03-31T15:00:00.000000000,182.78,104.13042
2026-03-31T16:00:00.000000000,189.76,90.78773
2026-03-31T17:00:00.000000000,191.17,73.25885
2026-03-31T18:00:00.000000000,190.65,59.14723
2026-03-31T19:00:00.000000000,181.74,59.47189
2026-03-31T20:00:00.000000000,183.15,58.82475
2026-03-31T21:00:00.000000000,181.91,64.63725
2026-03-31T22:00:00.000000000,186.61,76.09121
2026-03-31T23:00:00.000000000,199.5,90.05653
2026-04-01T00:00:00.000000000,200.25,110.81956
2026-04-01T01:00:00.000000000,200.14,120.90956
2026-04-01T02:00:00.000000000,191.11,124.11595
2026-04-01T03:00:00.000000000,198.58,136.18184
2026-04-01T04:00:00.000000000,198.75,145.565
2026-04-01T05:00:00.000000000,198.91,151.61704
2026-04-01T06:00:00.000000000,190.84,151.37735
2026-04-01T07:00:00.000000000,191.68,140.89062
2026-04-01T08:00:00.000000000,185.34,133.81932
2026-04-01T09:00:00.000000000,181.44,132.86887
2026-04-01T10:00:00.000000000,176.32,129.65225
2026-04-01T11:00:00.000000000,177.52,128.69971
2026-04-01T12:00:00.000000000,177.13,127.15792
2026-04-01T13:00:00.000000000,177.3,124.32487
2026-04-01T14:00:00.000000000,179.54,115.0458
2026-04-01T15:00:00.000000000,174.26,105.3611
2026-04-01T16:00:00.000000000,152.01,94.22366
2026-04-01T17:00:00.000000000,127.35,78.87944
2026-04-01T18:00:00.000000000,131.05,66.45142
2026-04-01T19:00:00.000000000,123.45,66.82504
2026-04-01T20:00:00.000000000,123.3,65.43647
2026-04-01T21:00:00.000000000,116.98,69.67611
2026-04-01T22:00:00.000000000,119.21,79.87521
2026-04-01T23:00:00.000000000,119.63,92.10222
2026-04-02T00:00:00.000000000,116.36,117.63326
2026-04-02T01:00:00.000000000,153.89,123.7806
2026-04-02T02:00:00.000000000,184.48,125.19551
2026-04-02T03:00:00.000000000,184.21,135.65834
2026-04-02T04:00:00.000000000,185.43,143.82345
2026-04-02T05:00:00.000000000,163.06,149.586
2026-04-02T06:00:00.000000000,161.51,149.46248
2026-04-02T07:00:00.000000000,167.22,140.16891
2026-04-02T08:00:00.000000000,148.34,133.19901
2026-04-02T09:00:00.000000000,140.61,132.01767
2026-04-02T10:00:00.000000000,145.79,128.86593
2026-04-02T11:00:00.000000000,149.71,128.98507
2026-04-02T12:00:00.000000000,151.64,128.61462
2026-04-02T13:00:00.000000000,147.06,127.84224
2026-04-02T14:00:00.000000000,135.31,121.51208
2026-04-02T15:00:00.000000000,97.34,114.78487
2026-04-02T16:00:00.000000000,78.77,107.91061
2026-04-02T17:00:00.000000000,79.24,96.8568
2026-04-02T18:00:00.000000000,76.25,88.25128
2026-04-02T19:00:00.000000000,80.88,88.86503
2026-04-02T20:00:00.000000000,78.16,86.5237
2026-04-02T21:00:00.000000000,78.48,88.12367
2026-04-02T22:00:00.000000000,80.83,95.67104
2026-04-02T23:00:00.000000000,80.73,104.15128
2026-04-03T00:00:00.000000000,104.64,112.60616
2026-04-03T01:00:00.000000000,136.15,121.66492
2026-04-03T02:00:00.000000000,131.34,124.63328
2026-04-03T03:00:00.000000000,149.97,136.32707
2026-04-03T04:00:00.000000000,162.26,145.44321
2026-04-03T05:00:00.000000000,148.22,151.59295
2026-04-03T06:00:00.000000000,151.45,151.57932
2026-04-03T07:00:00.000000000,147.23,141.67094
2026-04-03T08:00:00.000000000,147.23,134.33266
2026-04-03T09:00:00.000000000,140.61,133.11016
2026-04-03T10:00:00.000000000,145.79,130.14013
2026-04-03T11:00:00.000000000,149.71,130.47038
2026-04-03T12:00:00.000000000,151.64,130.53217
2026-04-03T13:00:00.000000000,147.06,129.54405
2026-04-03T14:00:00.000000000,135.31,122.25498
2026-04-03T15:00:00.000000000,97.34,113.98417
2026-04-03T16:00:00.000000000,78.77,104.58498
2026-04-03T17:00:00.000000000,79.24,90.65946
2026-04-03T18:00:00.000000000,76.25,79.06237
2026-04-03T19:00:00.000000000,80.88,78.48694
2026-04-03T20:00:00.000000000,78.16,75.40526
2026-04-03T21:00:00.000000000,78.48,77.46991
2026-04-03T22:00:00.000000000,80.83,85.79458
2026-04-03T23:00:00.000000000,80.73,96.14218
2026-03-29T00:00:00.000000000,114.29,133.88076
2026-03-29T01:00:00.000000000,150.78,147.74093
2026-03-29T02:00:00.000000000,178.42,152.87571
2026-03-29T03:00:00.000000000,180.48,162.52604
2026-03-29T04:00:00.000000000,184.44,168.40076
2026-03-29T05:00:00.000000000,194.08,170.98492
2026-03-29T06:00:00.000000000,185.33,169.24223
2026-03-29T07:00:00.000000000,179.31,159.97863
2026-03-29T08:00:00.000000000,175.56,155.33333
2026-03-29T09:00:00.000000000,169.81,154.15841
2026-03-29T10:00:00.000000000,170.31,152.18865
2026-03-29T11:00:00.000000000,171.89,151.11512
2026-03-29T12:00:00.000000000,165.93,149.60411
2026-03-29T13:00:00.000000000,166.77,145.60122
2026-03-29T14:00:00.000000000,165.57,135.63419
2026-03-29T15:00:00.000000000,156.4,124.39016
2026-03-29T16:00:00.000000000,126.21,109.16459
2026-03-29T17:00:00.000000000,115.79,89.83959
2026-03-29T18:00:00.000000000,118.11,75.93534
2026-03-29T19:00:00.000000000,122.47,76.76732
2026-03-29T20:00:00.000000000,126.64,78.56022
2026-03-29T21:00:00.000000000,129.42,86.97296
2026-03-29T22:00:00.000000000,144.76,98.3789
2026-03-29T23:00:00.000000000,137.36,112.67923
2026-03-30T00:00:00.000000000,144.9,122.43313
2026-03-30T01:00:00.000000000,184.42,135.57077
2026-03-30T02:00:00.000000000,210.01,140.65469
2026-03-30T03:00:00.000000000,213.67,151.75301
2026-03-30T04:00:00.000000000,212.16,159.35404
2026-03-30T05:00:00.000000000,209.67,163.45084
2026-03-30T06:00:00.000000000,205.53,162.36704
2026-03-30T07:00:00.000000000,197.51,152.65307
2026-03-30T08:00:00.000000000,188.62,147.10047
2026-03-30T09:00:00.000000000,183.23,146.08724
2026-03-30T10:00:00.000000000,176.46,143.62357
2026-03-30T11:00:00.000000000,176.54,142.60097
2026-03-30T12:00:00.000000000,172.39,141.21529
2026-03-30T13:00:00.000000000,180.68,137.82922
2026-03-30T14:00:00.000000000,179.07,128.37731
2026-03-30T15:00:00.000000000,165.97,117.88496
2026-03-30T16:00:00.000000000,153.0,103.96599
2026-03-30T17:00:00.000000000,145.36,85.53792
2026-03-30T18:00:00.000000000,149.32,71.39563
2026-03-30T19:00:00.000000000,135.75,71.4685
2026-03-30T20:00:00.000000000,166.49,71.47065
2026-03-30T21:00:00.000000000,177.66,77.93024
2026-03-30T22:00:00.000000000,174.26,88.58001
2026-03-30T23:00:00.000000000,175.91,102.02789
2026-03-31T00:00:00.000000000,178.92,112.43228
2026-03-31T01:00:00.000000000,194.3,124.28543
2026-03-31T02:00:00.000000000,178.01,128.09447
2026-03-31T03:00:00.000000000,188.24,140.07633
2026-03-31T04:00:00.000000000,208.5,149.12782
2026-03-31T05:00:00.000000000,207.9,154.39702
2026-03-31T06:00:00.000000000,204.69,153.63035
2026-03-31T07:00:00.000000000,190.37,142.7083
2026-03-31T08:00:00.000000000,186.19,135.99404
2026-03-31T09:00:00.000000000,183.58,135.15542
2026-03-31T10:00:00.000000000,180.89,132.30606
2026-03-31T11:00:00.000000000,180.01,131.17378
2026-03-31T12:00:00.000000000,180.95,129.44646
2026-03-31T13:00:00.000000000,182.7,125.83837
2026-03-31T14:00:00.000000000,180.71,115.3736
2026-03-31T15:00:00.000000000,182.78,104.28421
2026-03-31T16:00:00.000000000,189.76,90.86725
2026-03-31T17:00:00.000000000,191.17,73.30852
2026-03-31T18:00:00.000000000,190.65,59.33273
2026-03-31T19:00:00.000000000,181.74,59.83346
2026-03-31T20:00:00.000000000,183.15,59.50223
2026-03-31T21:00:00.000000000,181.91,65.64178
2026-03-31T22:00:00.000000000,186.61,77.2728
2026-03-31T23:00:00.000000000,199.5,91.38276
2026-04-01T00:00:00.000000000,200.25,111.36686
2026-04-01T01:00:00.000000000,200.14,121.39815
2026-04-01T02:00:00.000000000,191.11,124.55141
2026-04-01T03:00:00.000000000,198.58,136.52045
2026-04-01T04:00:00.000000000,198.75,145.8027
2026-04-01T05:00:00.000000000,198.91,151.756
2026-04-01T06:00:00.000000000,190.84,151.45019
2026-04-01T07:00:00.000000000,191.68,140.94153
2026-04-01T08:00:00.000000000,185.34,133.86328
2026-04-01T09:00:00.000000000,181.44,132.87441
2026-04-01T10:00:00.000000000,176.32,129.66161
2026-04-01T11:00:00.000000000,177.52,128.71208
2026-04-01T12:00:00.000000000,177.13,127.17388
2026-04-01T13:00:00.000000000,177.3,124.34648
2026-04-01T14:00:00.000000000,179.54,115.09088
2026-04-01T15:00:00.000000000,174.26,105.43901
2026-04-01T16:00:00.000000000,152.01,94.33643
2026-04-01T17:00:00.000000000,127.35,79.04453
2026-04-01T18:00:00.000000000,131.05,66.71589
2026-04-01T19:00:00.000000000,123.45,67.15491
2026-04-01T20:00:00.000000000,123.3,65.86035
2026-04-01T21:00:00.000000000,116.98,70.17643
2026-04-01T22:00:00.000000000,119.21,80.41058
2026-04-01T23:00:00.000000000,119.63,92.64703
2026-04-02T00:00:00.000000000,116.36,117.84901
2026-04-02T01:00:00.000000000,153.89,123.94939
2026-04-02T02:00:00.000000000,184.48,125.33672
2026-04-02T03:00:00.000000000,184.21,135.75896
2026-04-02T04:00:00.000000000,185.43,143.88472
2026-04-02T05:00:00.000000000,163.06,149.6144
2026-04-02T06:00:00.000000000,161.51,149.46949
2026-04-02T07:00:00.000000000,167.22,140.17591
2026-04-02T08:00:00.000000000,148.34,133.20038
2026-04-02T09:00:00.000000000,140.61,132.00179
2026-04-02T10:00:00.000000000,145.79,128.85017
2026-04-02T11:00:00.000000000,149.71,128.97945
2026-04-02T12:00:00.000000000,151.64,128.62124
2026-04-02T13:00:00.000000000,147.06,127.86863
2026-04-02T14:00:00.000000000,135.31,121.57154
2026-04-02T15:00:00.000000000,97.34,114.87924
2026-04-02T16:00:00.000000000,78.77,108.0519
2026-04-02T17:00:00.000000000,79.24,97.04929
2026-04-02T18:00:00.000000000,76.25,88.50424
2026-04-02T19:00:00.000000000,80.88,89.13932
2026-04-02T20:00:00.000000000,78.16,86.81686
2026-04-02T21:00:00.000000000,78.48,88.41643
2026-04-02T22:00:00.000000000,80.83,95.9514
2026-04-02T23:00:00.000000000,80.73,104.40473
2026-04-03T00:00:00.000000000,104.64,112.6956
2026-04-03T01:00:00.000000000,136.15,121.72936
2026-04-03T02:00:00.000000000,131.34,124.68628
2026-04-03T03:00:00.000000000,149.97,136.36339
2026-04-03T04:00:00.000000000,162.26,145.46402
2026-04-03T05:00:00.000000000,148.22,151.60381
2026-04-03T06:00:00.000000000,151.45,151.58463
2026-04-03T07:00:00.000000000,147.23,141.68081
2026-04-03T08:00:00.000000000,147.23,134.33893
2026-04-03T09:00:00.000000000,140.61,133.10838
2026-04-03T10:00:00.000000000,145.79,130.13833
2026-04-03T11:00:00.000000000,149.71,130.47732
2026-04-03T12:00:00.000000000,151.64,130.54967
2026-04-03T13:00:00.000000000,147.06,129.57744
2026-04-03T14:00:00.000000000,135.31,122.3124
2026-04-03T15:00:00.000000000,97.34,114.06504
2026-04-03T16:00:00.000000000,78.77,104.69688
2026-04-03T17:00:00.000000000,79.24,90.80204
2026-04-03T18:00:00.000000000,76.25,79.23501
2026-04-03T19:00:00.000000000,80.88,78.66297
2026-04-03T20:00:00.000000000,78.16,75.57863
2026-04-03T21:00:00.000000000,78.48,77.6292
2026-04-03T22:00:00.000000000,80.83,85.93693
2026-04-03T23:00:00.000000000,80.73,96.26142
2026-04-04T00:00:00.000000000,104.64,109.08338
2026-04-04T01:00:00.000000000,136.15,119.26833
2026-04-04T02:00:00.000000000,131.34,123.11603
2026-04-04T03:00:00.000000000,149.97,135.7142
2026-04-04T04:00:00.000000000,162.26,145.66543
2026-04-04T05:00:00.000000000,148.22,152.57211
2026-04-04T06:00:00.000000000,151.45,153.09642
2026-04-04T07:00:00.000000000,147.23,143.4309
2026-04-05T08:00:00.000000000,160.33,136.42253
2026-04-05T09:00:00.000000000,163.35,135.51255
2026-04-05T10:00:00.000000000,166.78,132.48105
2026-04-05T11:00:00.000000000,168.86,132.36951
2026-04-05T12:00:00.000000000,165.62,131.92597
2026-04-05T13:00:00.000000000,166.93,130.32024
2026-04-05T14:00:00.000000000,157.19,122.40175
2026-04-05T15:00:00.000000000,125.73,113.51262
2026-04-05T16:00:00.000000000,73.32,103.13527
2026-04-05T17:00:00.000000000,60.28,88.10546
2026-04-05T18:00:00.000000000,72.96,75.29936
2026-04-05T19:00:00.000000000,77.67,74.28763
2026-04-05T20:00:00.000000000,104.94,70.94309
2026-04-05T21:00:00.000000000,110.68,73.0455
2026-04-05T22:00:00.000000000,129.53,81.41044
2026-04-05T23:00:00.000000000,128.73,92.07363
2026-03-30T00:00:00.000000000,144.9,136.08578
2026-03-30T01:00:00.000000000,184.42,148.18189
2026-03-30T02:00:00.000000000,210.01,153.07468
2026-03-30T03:00:00.000000000,213.67,162.38325
2026-03-30T04:00:00.000000000,212.16,167.91788
2026-03-30T05:00:00.000000000,209.67,170.9061
2026-03-30T06:00:00.000000000,205.53,169.73801
2026-03-30T07:00:00.000000000,197.51,161.76396
2026-03-30T08:00:00.000000000,188.62,157.22143
2026-03-30T09:00:00.000000000,183.23,155.61475
2026-03-30T10:00:00.000000000,176.46,153.37604
2026-03-30T11:00:00.000000000,176.54,152.89755
2026-03-30T12:00:00.000000000,172.39,152.32906
2026-03-30T13:00:00.000000000,180.68,149.87001
2026-03-30T14:00:00.000000000,179.07,142.47002
2026-03-30T15:00:00.000000000,165.97,133.59585
2026-03-30T16:00:00.000000000,153.0,121.32926
2026-03-30T17:00:00.000000000,145.36,104.70539
2026-03-30T18:00:00.000000000,149.32,92.6932
2026-03-30T19:00:00.000000000,135.75,92.78963
2026-03-30T20:00:00.000000000,166.49,92.81649
2026-03-30T21:00:00.000000000,177.66,98.41878
2026-03-30T22:00:00.000000000,174.26,107.00534
2026-03-30T23:00:00.000000000,175.91,118.17576
2026-03-31T00:00:00.000000000,178.92,117.86447
2026-03-31T01:00:00.000000000,194.3,129.38795
2026-03-31T02:00:00.000000000,178.01,133.29834
2026-03-31T03:00:00.000000000,188.24,144.61276
2026-03-31T04:00:00.000000000,208.5,152.891
2026-03-31T05:00:00.000000000,207.9,157.71935
2026-03-31T06:00:00.000000000,204.69,156.86488
2026-03-31T07:00:00.000000000,190.37,146.52127
2026-03-31T08:00:00.000000000,186.19,139.93314
2026-03-31T09:00:00.000000000,183.58,138.66408
2026-03-31T10:00:00.000000000,180.89,135.90013
2026-03-31T11:00:00.000000000,180.01,135.20238
2026-03-31T12:00:00.000000000,180.95,134.08325
2026-03-31T13:00:00.000000000,182.7,131.17532
2026-03-31T14:00:00.000000000,180.71,121.90118
2026-03-31T15:00:00.000000000,182.78,111.7573
2026-03-31T16:00:00.000000000,189.76,99.24769
2026-03-31T17:00:00.000000000,191.17,82.4764
2026-03-31T18:00:00.000000000,190.65,69.30485
2026-03-31T19:00:00.000000000,181.74,69.53457
2026-03-31T20:00:00.000000000,183.15,68.87974
2026-03-31T21:00:00.000000000,181.91,74.33633
2026-03-31T22:00:00.000000000,186.61,84.88442
2026-03-31T23:00:00.000000000,199.5,97.91037
2026-04-01T00:00:00.000000000,200.25,113.37065
2026-04-01T01:00:00.000000000,200.14,123.2286
2026-04-01T02:00:00.000000000,191.11,126.42995
2026-04-01T03:00:00.000000000,198.58,138.16955
2026-04-01T04:00:00.000000000,198.75,147.20286
2026-04-01T05:00:00.000000000,198.91,153.0485
2026-04-01T06:00:00.000000000,190.84,152.7551
2026-04-01T07:00:00.000000000,191.68,142.50108
2026-04-01T08:00:00.000000000,185.34,135.45839
2026-04-01T09:00:00.000000000,181.44,134.29543
2026-04-01T10:00:00.000000000,176.32,131.1318
2026-04-01T11:00:00.000000000,177.52,130.4144
2026-04-01T12:00:00.000000000,177.13,129.18823
2026-04-01T13:00:00.000000000,177.3,126.72092
2026-04-01T14:00:00.000000000,179.54,118.01408
2026-04-01T15:00:00.000000000,174.26,108.77987
2026-04-01T16:00:00.000000000,152.01,98.09237
2026-04-01T17:00:00.000000000,127.35,83.15065
2026-04-01T18:00:00.000000000,131.05,71.14049
2026-04-01T19:00:00.000000000,123.45,71.39975
2026-04-01T20:00:00.000000000,123.3,69.8708
2026-04-01T21:00:00.000000000,116.98,73.793
2026-04-01T22:00:00.000000000,119.21,83.50447
2026-04-01T23:00:00.000000000,119.63,95.21165
2026-04-02T00:00:00.000000000,116.36,118.6191
2026-04-02T01:00:00.000000000,153.89,124.64832
2026-04-02T02:00:00.000000000,184.48,126.06581
2026-04-02T03:00:00.000000000,184.21,136.39825
2026-04-02T04:00:00.000000000,185.43,144.42877
2026-04-02T05:00:00.000000000,163.06,150.12989
2026-04-02T06:00:00.000000000,161.51,150.01452
2026-04-02T07:00:00.000000000,167.22,140.88338
2026-04-02T08:00:00.000000000,148.34,133.99086
2026-04-02T09:00:00.000000000,140.61,132.77037
2026-04-02T10:00:00.000000000,145.79,129.6597
2026-04-02T11:00:00.000000000,149.71,129.87152
2026-04-02T12:00:00.000000000,151.64,129.61502
2026-04-02T13:00:00.000000000,147.06,128.9789
2026-04-02T14:00:00.000000000,135.31,122.899
2026-04-02T15:00:00.000000000,97.34,116.3713
2026-04-02T16:00:00.000000000,78.77,109.71009
2026-04-02T17:00:00.000000000,79.24,98.84447
2026-04-02T18:00:00.000000000,76.25,90.41895
2026-04-02T19:00:00.000000000,80.88,90.98332
2026-04-02T20:00:00.000000000,78.16,88.56085
2026-04-02T21:00:00.000000000,78.48,89.98798
2026-04-02T22:00:00.000000000,80.83,97.27725
2026-04-02T23:00:00.000000000,80.73,105.48222
2026-04-03T00:00:00.000000000,104.64,113.00729
2026-04-03T01:00:00.000000000,136.15,122.02708
2026-04-03T02:00:00.000000000,131.34,125.00622
2026-04-03T03:00:00.000000000,149.97,136.65075
2026-04-03T04:00:00.000000000,162.26,145.71341
2026-04-03T05:00:00.000000000,148.22,151.8439
2026-04-03T06:00:00.000000000,151.45,151.8398
2026-04-03T07:00:00.000000000,147.23,142.00452
2026-04-03T08:00:00.000000000,147.23,134.69614
2026-04-03T09:00:00.000000000,140.61,133.45654
2026-04-03T10:00:00.000000000,145.79,130.50207
2026-04-03T11:00:00.000000000,149.71,130.87293
2026-04-03T12:00:00.000000000,151.64,130.98519
2026-04-03T13:00:00.000000000,147.06,130.05868
2026-04-03T14:00:00.000000000,135.31,122.88207
2026-04-03T15:00:00.000000000,97.34,114.70266
2026-04-03T16:00:00.000000000,78.77,105.39646
2026-04-03T17:00:00.000000000,79.24,91.54782
2026-04-03T18:00:00.000000000,76.25,80.01871
2026-04-03T19:00:00.000000000,80.88,79.40944
2026-04-03T20:00:00.000000000,78.16,76.27822
2026-04-03T21:00:00.000000000,78.48,78.25682
2026-04-03T22:00:00.000000000,80.83,86.46293
2026-04-03T23:00:00.000000000,80.73,96.69004
2026-04-04T00:00:00.000000000,104.64,109.2061
2026-04-04T01:00:00.000000000,136.15,119.39036
2026-04-04T02:00:00.000000000,131.34,123.25031
2026-04-04T03:00:00.000000000,149.97,135.83758
2026-04-04T04:00:00.000000000,162.26,145.7752
2026-04-04T05:00:00.000000000,148.22,152.67904
2026-04-04T06:00:00.000000000,151.45,153.20991
2026-04-04T07:00:00.000000000,147.23,143.57132
2026-04-05T08:00:00.000000000,160.33,136.57633
2026-04-05T09:00:00.000000000,163.35,135.66204
2026-04-05T10:00:00.000000000,166.78,132.63664
2026-04-05T11:00:00.000000000,168.86,132.53717
2026-04-05T12:00:00.000000000,165.62,132.10937
2026-04-05T13:00:00.000000000,166.93,130.52088
2026-04-05T14:00:00.000000000,157.19,122.63601
2026-04-05T15:00:00.000000000,125.73,113.77156
2026-04-05T16:00:00.000000000,73.32,103.41433
2026-04-05T17:00:00.000000000,60.28,88.39806
2026-04-05T18:00:00.000000000,72.96,75.60273
2026-04-05T19:00:00.000000000,77.67,74.57446
2026-04-05T20:00:00.000000000,104.94,71.21128
2026-04-05T21:00:00.000000000,110.68,73.28653
2026-04-05T22:00:00.000000000,129.53,81.61192
2026-04-05T23:00:00.000000000,128.73,92.23838
2026-04-06T00:00:00.000000000,130.0,113.54538
2026-04-06T01:00:00.000000000,179.28,125.35116
2026-04-06T02:00:00.000000000,174.99,130.2464
2026-04-06T03:00:00.000000000,169.35,142.6348
2026-04-06T04:00:00.000000000,178.35,152.00818
2026-04-06T05:00:00.000000000,162.51,158.21196
2026-04-06T06:00:00.000000000,175.67,158.45255
2026-04-06T07:00:00.000000000,165.43,149.12465
2026-04-06T08:00:00.000000000,168.13,142.85508
2026-04-06T09:00:00.000000000,169.89,141.93009
2026-04-06T10:00:00.000000000,167.8,139.17948
2026-04-06T11:00:00.000000000,171.11,138.8064
2026-04-06T12:00:00.000000000,169.13,138.16184
2026-04-06T13:00:00.000000000,169.96,136.01345
2026-04-06T14:00:00.000000000,173.88,127.79724
2026-04-06T15:00:00.000000000,174.12,118.38979
2026-04-06T16:00:00.000000000,171.24,106.50813
2026-04-06T17:00:00.000000000,169.34,89.83629
2026-04-06T18:00:00.000000000,164.3,76.02772
2026-04-06T19:00:00.000000000,150.56,74.87175
2026-04-06T20:00:00.000000000,154.33,72.24445
2026-04-06T21:00:00.000000000,132.29,75.51775
2026-04-06T22:00:00.000000000,149.04,84.19713
2026-04-06T23:00:00.000000000,147.42,95.54991
2026-03-31T00:00:00.000000000,178.92,157.58531
2026-03-31T01:00:00.000000000,194.3,165.37358
2026-03-31T02:00:00.000000000,178.01,166.60184
2026-03-31T03:00:00.000000000,188.24,171.55848
2026-03-31T04:00:00.000000000,208.5,173.04843
2026-03-31T05:00:00.000000000,207.9,172.60792
2026-03-31T06:00:00.000000000,204.69,169.25916
2026-03-31T07:00:00.000000000,190.37,160.47222
2026-03-31T08:00:00.000000000,186.19,155.25799
2026-03-31T09:00:00.000000000,183.58,151.92876
2026-03-31T10:00:00.000000000,180.89,149.42352
2026-03-31T11:00:00.000000000,180.01,149.00907
2026-03-31T12:00:00.000000000,180.95,148.35486
2026-03-31T13:00:00.000000000,182.7,146.15742
2026-03-31T14:00:00.000000000,180.71,139.69615
2026-03-31T15:00:00.000000000,182.78,132.547
2026-03-31T16:00:00.000000000,189.76,123.11565
2026-03-31T17:00:00.000000000,191.17,110.60035
2026-03-31T18:00:00.000000000,190.65,104.24887
2026-03-31T19:00:00.000000000,181.74,107.50378
2026-03-31T20:00:00.000000000,183.15,111.2723
2026-03-31T21:00:00.000000000,181.91,119.43121
2026-03-31T22:00:00.000000000,186.61,129.34584
2026-03-31T23:00:00.000000000,199.5,140.24859
2026-04-01T00:00:00.000000000,200.25,129.04308
2026-04-01T01:00:00.000000000,200.14,136.76586
2026-04-01T02:00:00.000000000,191.11,139.07659
2026-04-01T03:00:00.000000000,198.58,148.32969
2026-04-01T04:00:00.000000000,198.75,154.74953
2026-04-01T05:00:00.000000000,198.91,158.75444
2026-04-01T06:00:00.000000000,190.84,157.58121
2026-04-01T07:00:00.000000000,191.68,148.31074
2026-04-01T08:00:00.000000000,185.34,141.49508
2026-04-01T09:00:00.000000000,181.44,139.23758
2026-04-01T10:00:00.000000000,176.32,136.1164
2026-04-01T11:00:00.000000000,177.52,135.99695
2026-04-01T12:00:00.000000000,177.13,135.54665
2026-04-01T13:00:00.000000000,177.3,134.23706
2026-04-01T14:00:00.000000000,179.54,128.07178
2026-04-01T15:00:00.000000000,174.26,121.32534
2026-04-01T16:00:00.000000000,152.01,113.58628
2026-04-01T17:00:00.000000000,127.35,101.66759
2026-04-01T18:00:00.000000000,131.05,93.12155
2026-04-01T19:00:00.000000000,123.45,94.1005
2026-04-01T20:00:00.000000000,123.3,93.15031
2026-04-01T21:00:00.000000000,116.98,96.42833
2026-04-01T22:00:00.000000000,119.21,104.33301
2026-04-01T23:00:00.000000000,119.63,113.6941
2026-04-02T00:00:00.000000000,116.36,125.07738
2026-04-02T01:00:00.000000000,153.89,129.8033
2026-04-02T02:00:00.000000000,184.48,130.81731
2026-04-02T03:00:00.000000000,184.21,140.10337
2026-04-02T04:00:00.000000000,185.43,147.10506
2026-04-02T05:00:00.000000000,163.06,152.22867
2026-04-02T06:00:00.000000000,161.51,151.94235
2026-04-02T07:00:00.000000000,167.22,143.62494
2026-04-02T08:00:00.000000000,148.34,137.07176
2026-04-02T09:00:00.000000000,140.61,135.56136
2026-04-02T10:00:00.000000000,145.79,132.55438
2026-04-02T11:00:00.000000000,149.71,133.13665
2026-04-02T12:00:00.000000000,151.64,133.29905
2026-04-02T13:00:00.000000000,147.06,133.3474
2026-04-02T14:00:00.000000000,135.31,128.74883
2026-04-02T15:00:00.000000000,97.34,123.64244
2026-04-02T16:00:00.000000000,78.77,118.76999
2026-04-02T17:00:00.000000000,79.24,109.64453
2026-04-02T18:00:00.000000000,76.25,102.97502
2026-04-02T19:00:00.000000000,80.88,103.7354
2026-04-02T20:00:00.000000000,78.16,101.21011
2026-04-02T21:00:00.000000000,78.48,101.7719
2026-04-02T22:00:00.000000000,80.83,107.68643
2026-04-02T23:00:00.000000000,80.73,114.19791
2026-04-03T00:00:00.000000000,104.64,115.80676
2026-04-03T01:00:00.000000000,136.15,124.22781
2026-04-03T02:00:00.000000000,131.34,127.07284
2026-04-03T03:00:00.000000000,149.97,138.2879
2026-04-03T04:00:00.000000000,162.26,146.93139
2026-04-03T05:00:00.000000000,148.22,152.89583
2026-04-03T06:00:00.000000000,151.45,152.89144
2026-04-03T07:00:00.000000000,147.23,143.48386
2026-04-03T08:00:00.000000000,147.23,136.27953
2026-04-03T09:00:00.000000000,140.61,134.88637
2026-04-03T10:00:00.000000000,145.79,131.96537
2026-04-03T11:00:00.000000000,149.71,132.5651
2026-04-03T12:00:00.000000000,151.64,132.94001
2026-04-03T13:00:00.000000000,147.06,132.43302
2026-04-03T14:00:00.000000000,135.31,126.07445
2026-04-03T15:00:00.000000000,97.34,118.67619
2026-04-03T16:00:00.000000000,78.77,110.32548
2026-04-03T17:00:00.000000000,79.24,97.35553
2026-04-03T18:00:00.000000000,76.25,86.63146
2026-04-03T19:00:00.000000000,80.88,85.97145
2026-04-03T20:00:00.000000000,78.16,82.58757
2026-04-03T21:00:00.000000000,78.48,83.94715
2026-04-03T22:00:00.000000000,80.83,91.35696
2026-04-03T23:00:00.000000000,80.73,100.66696
2026-04-04T00:00:00.000000000,104.64,110.38482
2026-04-04T01:00:00.000000000,136.15,120.33015
2026-04-04T02:00:00.000000000,131.34,124.16847
2026-04-04T03:00:00.000000000,149.97,136.59591
2026-04-04T04:00:00.000000000,162.26,146.37629
2026-04-04T05:00:00.000000000,148.22,153.24393
2026-04-04T06:00:00.000000000,151.45,153.80804
2026-04-04T07:00:00.000000000,147.23,144.38477
2026-04-05T08:00:00.000000000,160.33,137.43476
2026-04-05T09:00:00.000000000,163.35,136.44535
2026-04-05T10:00:00.000000000,166.78,133.43914
2026-04-05T11:00:00.000000000,168.86,133.47162
2026-04-05T12:00:00.000000000,165.62,133.20586
2026-04-05T13:00:00.000000000,166.93,131.84907
2026-04-05T14:00:00.000000000,157.19,124.36793
2026-04-05T15:00:00.000000000,125.73,115.86312
2026-04-05T16:00:00.000000000,73.32,105.93001
2026-04-05T17:00:00.000000000,60.28,91.2901
2026-04-05T18:00:00.000000000,72.96,78.8154
2026-04-05T19:00:00.000000000,77.67,77.70243
2026-04-05T20:00:00.000000000,104.94,74.15602
2026-04-05T21:00:00.000000000,110.68,75.88558
2026-04-05T22:00:00.000000000,129.53,83.79686
2026-04-05T23:00:00.000000000,128.73,93.96967
2026-04-06T00:00:00.000000000,130.0,113.74165
2026-04-06T01:00:00.000000000,179.28,125.55978
2026-04-06T02:00:00.000000000,174.99,130.52972
2026-04-06T03:00:00.000000000,169.35,142.92177
2026-04-06T04:00:00.000000000,178.35,152.28201
2026-04-06T05:00:00.000000000,162.51,158.50351
2026-04-06T06:00:00.000000000,175.67,158.78057
2026-04-06T07:00:00.000000000,165.43,149.55038
2026-04-06T08:00:00.000000000,168.13,143.31533
2026-04-06T09:00:00.000000000,169.89,142.38051
2026-04-06T10:00:00.000000000,167.8,139.64659
2026-04-06T11:00:00.000000000,171.11,139.33602
2026-04-06T12:00:00.000000000,169.13,138.78358
2026-04-06T13:00:00.000000000,169.96,136.74348
2026-04-06T14:00:00.000000000,173.88,128.68334
2026-04-06T15:00:00.000000000,174.12,119.38264
2026-04-06T16:00:00.000000000,171.24,107.58896
2026-04-06T17:00:00.000000000,169.34,90.96034
2026-04-06T18:00:00.000000000,164.3,77.15784
2026-04-06T19:00:00.000000000,150.56,75.90202
2026-04-06T20:00:00.000000000,154.33,73.14182
2026-04-06T21:00:00.000000000,132.29,76.24648
2026-04-06T22:00:00.000000000,149.04,84.7389
2026-04-06T23:00:00.000000000,147.42,95.9254
2026-04-07T00:00:00.000000000,121.02,112.48898
2026-04-07T01:00:00.000000000,138.79,124.15991
2026-04-07T02:00:00.000000000,167.82,128.50539
2026-04-07T03:00:00.000000000,182.42,140.75541
2026-04-07T04:00:00.000000000,184.73,150.06386
2026-04-07T05:00:00.000000000,177.81,155.92613
2026-04-07T06:00:00.000000000,176.44,155.73393
2026-04-07T07:00:00.000000000,170.48,145.61838
2026-04-07T08:00:00.000000000,166.73,138.9599
2026-04-07T09:00:00.000000000,160.72,138.01826
2026-04-07T10:00:00.000000000,159.41,135.21372
2026-04-07T11:00:00.000000000,166.32,134.6857
2026-04-07T12:00:00.000000000,164.95,133.79269
2026-04-07T13:00:00.000000000,166.07,131.28617
2026-04-07T14:00:00.000000000,164.41,122.28821
2026-04-07T15:00:00.000000000,135.97,112.29481
2026-04-07T16:00:00.000000000,101.47,99.9696
2026-04-07T17:00:00.000000000,90.99,83.08642
2026-04-07T18:00:00.000000000,104.13,69.2667
2026-04-07T19:00:00.000000000,94.25,68.71213
2026-04-07T20:00:00.000000000,112.74,66.83111
2026-04-07T21:00:00.000000000,116.46,71.06094
2026-04-07T22:00:00.000000000,128.12,80.89767
2026-04-07T23:00:00.000000000,136.38,93.31711
2026-04-01T00:00:00.000000000,200.25,172.24582
2026-04-01T01:00:00.000000000,200.14,176.9931
2026-04-01T02:00:00.000000000,191.11,176.93937
2026-04-01T03:00:00.000000000,198.58,179.8248
2026-04-01T04:00:00.000000000,198.75,179.25167
2026-04-01T05:00:00.000000000,198.91,178.90264
2026-04-01T06:00:00.000000000,190.84,176.98654
2026-04-01T07:00:00.000000000,191.68,172.07458
2026-04-01T08:00:00.000000000,185.34,169.77058
2026-04-01T09:00:00.000000000,181.44,166.92269
2026-04-01T10:00:00.000000000,176.32,164.37981
2026-04-01T11:00:00.000000000,177.52,163.27128
2026-04-01T12:00:00.000000000,177.13,161.76289
2026-04-01T13:00:00.000000000,177.3,159.29139
2026-04-01T14:00:00.000000000,179.54,154.80157
2026-04-01T15:00:00.000000000,174.26,149.95873
2026-04-01T16:00:00.000000000,152.01,143.48022
2026-04-01T17:00:00.000000000,127.35,134.71522
2026-04-01T18:00:00.000000000,131.05,132.24467
2026-04-01T19:00:00.000000000,123.45,136.14627
2026-04-01T20:00:00.000000000,123.3,140.14639
2026-04-01T21:00:00.000000000,116.98,146.881
2026-04-01T22:00:00.000000000,119.21,153.72043
2026-04-01T23:00:00.000000000,119.63,160.38885
2026-04-02T00:00:00.000000000,116.36,159.44278
2026-04-02T01:00:00.000000000,153.89,161.3682
2026-04-02T02:00:00.000000000,184.48,159.44348
2026-04-02T03:00:00.000000000,184.21,162.89451
2026-04-02T04:00:00.000000000,185.43,163.68646
2026-04-02T05:00:00.000000000,163.06,164.03052
2026-04-02T06:00:00.000000000,161.51,161.88125
2026-04-02T07:00:00.000000000,167.22,155.28522
2026-04-02T08:00:00.000000000,148.34,151.10529
2026-04-02T09:00:00.000000000,140.61,148.71796
2026-04-02T10:00:00.000000000,145.79,146.4347
2026-04-02T11:00:00.000000000,149.71,147.08298
2026-04-02T12:00:00.000000000,151.64,147.29754
2026-04-02T13:00:00.000000000,147.06,147.08316
2026-04-02T14:00:00.000000000,135.31,143.46229
2026-04-02T15:00:00.000000000,97.34,139.41092
2026-04-02T16:00:00.000000000,78.77,135.22381
2026-04-02T17:00:00.000000000,79.24,128.39531
2026-04-02T18:00:00.000000000,76.25,126.6396
2026-04-02T19:00:00.000000000,80.88,130.25815
2026-04-02T20:00:00.000000000,78.16,132.44451
2026-04-02T21:00:00.000000000,78.48,136.93408
2026-04-02T22:00:00.000000000,80.83,143.59635
2026-04-02T23:00:00.000000000,80.73,149.54786
2026-04-03T00:00:00.000000000,104.64,130.68116
2026-04-03T01:00:00.000000000,136.15,137.31131
2026-04-03T02:00:00.000000000,131.34,139.03624
2026-04-03T03:00:00.000000000,149.97,147.71283
2026-04-03T04:00:00.000000000,162.26,153.69191
2026-04-03T05:00:00.000000000,148.22,157.62841
2026-04-03T06:00:00.000000000,151.45,156.69347
2026-04-03T07:00:00.000000000,147.23,148.19085
2026-04-03T08:00:00.000000000,147.23,141.7369
2026-04-03T09:00:00.000000000,140.61,139.77297
2026-04-03T10:00:00.000000000,145.79,137.11614
2026-04-03T11:00:00.000000000,149.71,138.00001
2026-04-03T12:00:00.000000000,151.64,138.66359
2026-04-03T13:00:00.000000000,147.06,138.56105
2026-04-03T14:00:00.000000000,135.31,133.66866
2026-04-03T15:00:00.000000000,97.34,127.78693
2026-04-03T16:00:00.000000000,78.77,121.22336
2026-04-03T17:00:00.000000000,79.24,110.38143
2026-04-03T18:00:00.000000000,76.25,102.53087
2026-04-03T19:00:00.000000000,80.88,103.00281
2026-04-03T20:00:00.000000000,78.16,101.0001
2026-04-03T21:00:00.000000000,78.48,102.87576
2026-04-03T22:00:00.000000000,80.83,109.4983
2026-04-03T23:00:00.000000000,80.73,117.45899
2026-04-04T00:00:00.000000000,104.64,116.65209
2026-04-04T01:00:00.000000000,136.15,125.57691
2026-04-04T02:00:00.000000000,131.34,128.9697
2026-04-04T03:00:00.000000000,149.97,140.35822
2026-04-04T04:00:00.000000000,162.26,149.07682
2026-04-04T05:00:00.000000000,148.22,155.22465
2026-04-04T06:00:00.000000000,151.45,155.471
2026-04-04T07:00:00.000000000,147.23,146.52287
2026-04-05T08:00:00.000000000,160.33,139.73905
2026-04-05T09:00:00.000000000,163.35,138.40041
2026-04-05T10:00:00.000000000,166.78,135.46546
2026-04-05T11:00:00.000000000,168.86,135.78922
2026-04-05T12:00:00.000000000,165.62,135.86405
2026-04-05T13:00:00.000000000,166.93,135.02609
2026-04-05T14:00:00.000000000,157.19,128.63723
2026-04-05T15:00:00.000000000,125.73,121.20974
2026-04-05T16:00:00.000000000,73.32,112.5894
2026-04-05T17:00:00.000000000,60.28,99.28628
2026-04-05T18:00:00.000000000,72.96,88.29069
2026-04-05T19:00:00.000000000,77.67,87.46371
2026-04-05T20:00:00.000000000,104.94,84.09874
2026-04-05T21:00:00.000000000,110.68,85.46478
2026-04-05T22:00:00.000000000,129.53,92.5601
2026-04-05T23:00:00.000000000,128.73,101.64975
2026-04-06T00:00:00.000000000,130.0,115.09516
2026-04-06T01:00:00.000000000,179.28,126.80593
2026-04-06T02:00:00.000000000,174.99,131.86892
2026-04-06T03:00:00.000000000,169.35,144.10164
2026-04-06T04:00:00.000000000,178.35,153.24462
2026-04-06T05:00:00.000000000,162.51,159.33256
2026-04-06T06:00:00.000000000,175.67,159.58859
2026-04-06T07:00:00.000000000,165.43,150.59337
2026-04-06T08:00:00.000000000,168.13,144.44665
2026-04-06T09:00:00.000000000,169.89,143.44188
2026-04-06T10:00:00.000000000,167.8,140.76739
2026-04-06T11:00:00.000000000,171.11,140.66467
2026-04-06T12:00:00.000000000,169.13,140.41835
2026-04-06T13:00:00.000000000,169.96,138.74683
2026-04-06T14:00:00.000000000,173.88,131.19674
2026-04-06T15:00:00.000000000,174.12,122.27115
2026-04-06T16:00:00.000000000,171.24,110.81396
2026-04-06T17:00:00.000000000,169.34,94.42046
2026-04-06T18:00:00.000000000,164.3,80.81717
2026-04-06T19:00:00.000000000,150.56,79.39267
2026-04-06T20:00:00.000000000,154.33,76.39464
2026-04-06T21:00:00.000000000,132.29,79.11634
2026-04-06T22:00:00.000000000,149.04,87.12434
2026-04-06T23:00:00.000000000,147.42,97.8299
2026-04-07T00:00:00.000000000,121.02,112.68234
2026-04-07T01:00:00.000000000,138.79,124.41803
2026-04-07T02:00:00.000000000,167.82,128.87154
2026-04-07T03:00:00.000000000,182.42,141.1383
2026-04-07T04:00:00.000000000,184.73,150.44018
2026-04-07T05:00:00.000000000,177.81,156.31974
2026-04-07T06:00:00.000000000,176.44,156.16648
2026-04-07T07:00:00.000000000,170.48,146.14485
2026-04-07T08:00:00.000000000,166.73,139.51242
2026-04-07T09:00:00.000000000,160.72,138.551
2026-04-07T10:00:00.000000000,159.41,135.77444
2026-04-07T11:00:00.000000000,166.32,135.33928
2026-04-07T12:00:00.000000000,164.95,134.58335
2026-04-07T13:00:00.000000000,166.07,132.21864
2026-04-07T14:00:00.000000000,164.41,123.39114
2026-04-07T15:00:00.000000000,135.97,113.49025
2026-04-07T16:00:00.000000000,101.47,101.21207
2026-04-07T17:00:00.000000000,90.99,84.32023
2026-04-07T18:00:00.000000000,104.13,70.45155
2026-04-07T19:00:00.000000000,94.25,69.75344
2026-04-07T20:00:00.000000000,112.74,67.70538
2026-04-07T21:00:00.000000000,116.46,71.75205
2026-04-07T22:00:00.000000000,128.12,81.39104
2026-04-07T23:00:00.000000000,136.38,93.65517
2026-04-08T00:00:00.000000000,144.68,111.47374
2026-04-08T01:00:00.000000000,143.62,122.87649
2026-04-08T02:00:00.000000000,183.19,127.07551
2026-04-08T03:00:00.000000000,175.21,139.411
2026-04-08T04:00:00.000000000,160.66,148.86142
2026-04-08T05:00:00.000000000,168.0,154.8398
2026-04-08T06:00:00.000000000,170.44,154.64659
2026-04-08T07:00:00.000000000,165.27,144.36815
2026-04-08T08:00:00.000000000,136.14,137.45611
2026-04-08T09:00:00.000000000,128.43,136.44143
2026-04-08T10:00:00.000000000,130.51,133.55819
2026-04-08T11:00:00.000000000,136.94,133.11803
2026-04-08T12:00:00.000000000,154.22,132.34205
2026-04-08T13:00:00.000000000,158.13,130.03205
2026-04-08T14:00:00.000000000,158.32,121.15954
2026-04-08T15:00:00.000000000,122.99,111.29948
2026-04-08T16:00:00.000000000,93.57,99.27422
2026-04-08T17:00:00.000000000,83.78,82.6805
2026-04-08T18:00:00.000000000,81.39,69.02078
2026-04-08T19:00:00.000000000,82.29,68.45565
2026-04-08T20:00:00.000000000,104.69,66.38746
2026-04-08T21:00:00.000000000,118.87,70.3518
2026-04-08T22:00:00.000000000,136.5,80.12044
2026-04-08T23:00:00.000000000,136.83,92.42052
2026-04-02T00:00:00.000000000,116.36,135.69195
2026-04-02T01:00:00.000000000,153.89,145.99394
2026-04-02T02:00:00.000000000,184.48,150.45598
2026-04-02T03:00:00.000000000,184.21,159.50215
2026-04-02T04:00:00.000000000,185.43,164.9752
2026-04-02T05:00:00.000000000,163.06,168.26464
2026-04-02T06:00:00.000000000,161.51,167.26094
2026-04-02T07:00:00.000000000,167.22,159.88518
2026-04-02T08:00:00.000000000,148.34,155.01683
2026-04-02T09:00:00.000000000,140.61,153.20632
2026-04-02T10:00:00.000000000,145.79,150.78971
2026-04-02T11:00:00.000000000,149.71,150.80391
2026-04-02T12:00:00.000000000,151.64,150.77956
2026-04-02T13:00:00.000000000,147.06,149.45131
2026-04-02T14:00:00.000000000,135.31,144.1089
2026-04-02T15:00:00.000000000,97.34,137.40069
2026-04-02T16:00:00.000000000,78.77,128.2144
2026-04-02T17:00:00.000000000,79.24,114.24989
2026-04-02T18:00:00.000000000,76.25,104.03478
2026-04-02T19:00:00.000000000,80.88,103.8725
2026-04-02T20:00:00.000000000,78.16,102.46594
2026-04-02T21:00:00.000000000,78.48,105.64719
2026-04-02T22:00:00.000000000,80.83,112.09747
2026-04-02T23:00:00.000000000,80.73,120.89069
2026-04-03T00:00:00.000000000,104.64,119.83523
2026-04-03T01:00:00.000000000,136.15,130.2128
2026-04-03T02:00:00.000000000,131.34,133.97674
2026-04-03T03:00:00.000000000,149.97,144.94811
2026-04-03T04:00:00.000000000,162.26,152.94318
2026-04-03T05:00:00.000000000,148.22,157.96435
2026-04-03T06:00:00.000000000,151.45,157.44904
2026-04-03T07:00:00.000000000,147.23,147.95695
2026-04-03T08:00:00.000000000,147.23,141.3226
2026-04-03T09:00:00.000000000,140.61,139.85739
2026-04-03T10:00:00.000000000,145.79,137.21366
2026-04-03T11:00:00.000000000,149.71,137.50124
2026-04-03T12:00:00.000000000,151.64,137.63802
2026-04-03T13:00:00.000000000,147.06,136.34821
2026-04-03T14:00:00.000000000,135.31,129.11665
2026-04-03T15:00:00.000000000,97.34,120.60464
2026-04-03T16:00:00.000000000,78.77,110.1107
2026-04-03T17:00:00.000000000,79.24,95.02767
2026-04-03T18:00:00.000000000,76.25,82.94264
2026-04-03T19:00:00.000000000,80.88,82.35771
2026-04-03T20:00:00.000000000,78.16,80.09935
2026-04-03T21:00:00.000000000,78.48,83.28205
2026-04-03T22:00:00.000000000,80.83,91.71551
2026-04-03T23:00:00.000000000,80.73,102.53788
2026-04-04T00:00:00.000000000,104.64,111.88654
2026-04-04T01:00:00.000000000,136.15,122.40957
2026-04-04T02:00:00.000000000,131.34,126.38725
2026-04-04T03:00:00.000000000,149.97,138.63947
2026-04-04T04:00:00.000000000,162.26,148.13121
2026-04-04T05:00:00.000000000,148.22,154.55144
2026-04-04T06:00:00.000000000,151.45,154.81923
2026-04-04T07:00:00.000000000,147.23,145.19306
2026-04-05T08:00:00.000000000,160.33,138.39016
2026-04-05T09:00:00.000000000,163.35,137.37738
2026-04-05T10:00:00.000000000,166.78,134.46722
2026-04-05T11:00:00.000000000,168.86,134.3324
2026-04-05T12:00:00.000000000,165.62,133.88964
2026-04-05T13:00:00.000000000,166.93,132.14762
2026-04-05T14:00:00.000000000,157.19,124.1687
2026-04-05T15:00:00.000000000,125.73,115.14636
2026-04-05T16:00:00.000000000,73.32,104.36519
2026-04-05T17:00:00.000000000,60.28,88.96674
2026-04-05T18:00:00.000000000,72.96,76.09077
2026-04-05T19:00:00.000000000,77.67,75.20221
2026-04-05T20:00:00.000000000,104.94,72.31451
2026-04-05T21:00:00.000000000,110.68,74.98208
2026-04-05T22:00:00.000000000,129.53,83.55798
2026-04-05T23:00:00.000000000,128.73,94.49828
2026-04-06T00:00:00.000000000,130.0,114.3151
2026-04-06T01:00:00.000000000,179.28,126.2497
2026-04-06T02:00:00.000000000,174.99,131.18552
2026-04-06T03:00:00.000000000,169.35,143.47218
2026-04-06T04:00:00.000000000,178.35,152.6971
2026-04-06T05:00:00.000000000,162.51,158.71981
2026-04-06T06:00:00.000000000,175.67,158.84801
2026-04-06T07:00:00.000000000,165.43,149.48996
2026-04-06T08:00:00.000000000,168.13,143.26913
2026-04-06T09:00:00.000000000,169.89,142.31878
2026-04-06T10:00:00.000000000,167.8,139.60103
2026-04-06T11:00:00.000000000,171.11,139.21267
2026-04-06T12:00:00.000000000,169.13,138.56649
2026-04-06T13:00:00.000000000,169.96,136.37373
2026-04-06T14:00:00.000000000,173.88,128.10712
2026-04-06T15:00:00.000000000,174.12,118.63001
2026-04-06T16:00:00.000000000,171.24,106.58195
2026-04-06T17:00:00.000000000,169.34,89.75246
2026-04-06T18:00:00.000000000,164.3,75.89418
2026-04-06T19:00:00.000000000,150.56,74.79692
2026-04-06T20:00:00.000000000,154.33,72.34237
2026-04-06T21:00:00.000000000,132.29,75.83606
2026-04-06T22:00:00.000000000,149.04,84.6367
2026-04-06T23:00:00.000000000,147.42,96.13303
2026-04-07T00:00:00.000000000,121.02,112.71048
2026-04-07T01:00:00.000000000,138.79,124.37362
2026-04-07T02:00:00.000000000,167.82,128.67078
2026-04-07T03:00:00.000000000,182.42,140.8662
2026-04-07T04:00:00.000000000,184.73,150.11735
2026-04-07T05:00:00.000000000,177.81,155.90116
2026-04-07T06:00:00.000000000,176.44,155.64688
2026-04-07T07:00:00.000000000,170.48,145.47532
2026-04-07T08:00:00.000000000,166.73,138.81354
2026-04-07T09:00:00.000000000,160.72,137.86616
2026-04-07T10:00:00.000000000,159.41,135.06429
2026-04-07T11:00:00.000000000,166.32,134.50727
2026-04-07T12:00:00.000000000,164.95,133.57459
2026-04-07T13:00:00.000000000,166.07,131.01516
2026-04-07T14:00:00.000000000,164.41,121.94548
2026-04-07T15:00:00.000000000,135.97,111.90218
2026-04-07T16:00:00.000000000,101.47,99.51939
2026-04-07T17:00:00.000000000,90.99,82.60582
2026-04-07T18:00:00.000000000,104.13,68.80894
2026-04-07T19:00:00.000000000,94.25,68.33622
2026-04-07T20:00:00.000000000,112.74,66.58102
2026-04-07T21:00:00.000000000,116.46,70.95374
2026-04-07T22:00:00.000000000,128.12,80.90989
2026-04-07T23:00:00.000000000,136.38,93.43206
2026-04-08T00:00:00.000000000,144.68,111.56405
2026-04-08T01:00:00.000000000,143.62,122.88617
2026-04-08T02:00:00.000000000,183.19,126.99755
2026-04-08T03:00:00.000000000,175.21,139.28384
2026-04-08T04:00:00.000000000,160.66,148.69678
2026-04-08T05:00:00.000000000,168.0,154.62755
2026-04-08T06:00:00.000000000,170.44,154.38721
2026-04-08T07:00:00.000000000,165.27,144.05072
2026-04-08T08:00:00.000000000,136.14,137.11373
2026-04-08T09:00:00.000000000,128.43,136.09287
2026-04-08T10:00:00.000000000,130.51,133.19618
2026-04-08T11:00:00.000000000,136.94,132.72432
2026-04-08T12:00:00.000000000,154.22,131.89963
2026-04-08T13:00:00.000000000,158.13,129.54649
2026-04-08T14:00:00.000000000,158.32,120.61889
2026-04-08T15:00:00.000000000,122.99,110.74276
2026-04-08T16:00:00.000000000,93.57,98.73478
2026-04-08T17:00:00.000000000,83.78,82.1909
2026-04-08T18:00:00.000000000,81.39,68.61155
2026-04-08T19:00:00.000000000,82.29,68.14089
2026-04-08T20:00:00.000000000,104.69,66.17687
2026-04-08T21:00:00.000000000,118.87,70.2371
2026-04-08T22:00:00.000000000,136.5,80.10322
2026-04-08T23:00:00.000000000,136.83,92.464
2026-04-09T00:00:00.000000000,156.89,111.31037
2026-04-09T01:00:00.000000000,179.98,122.56356
2026-04-09T02:00:00.000000000,201.69,126.69491
2026-04-09T03:00:00.000000000,191.16,139.03137
2026-04-09T04:00:00.000000000,169.63,148.50339
2026-04-09T05:00:00.000000000,165.9,154.50093
2026-04-09T06:00:00.000000000,161.49,154.2823
2026-04-09T07:00:00.000000000,166.26,143.93559
2026-04-09T08:00:00.000000000,167.51,136.90419
2026-04-09T09:00:00.000000000,162.47,135.82854
2026-04-09T10:00:00.000000000,173.25,132.89471
2026-04-09T11:00:00.000000000,175.05,132.47057
2026-04-09T12:00:00.000000000,172.05,131.71802
2026-04-09T13:00:00.000000000,170.02,129.48239
2026-04-09T14:00:00.000000000,167.65,120.69656
2026-04-09T15:00:00.000000000,139.65,110.94909
2026-04-09T16:00:00.000000000,103.51,99.11712
2026-04-09T17:00:00.000000000,99.44,82.70839
2026-04-09T18:00:00.000000000,104.24,69.19401
2026-04-09T19:00:00.000000000,109.17,68.65734
2026-04-09T20:00:00.000000000,110.67,66.54381
2026-04-09T21:00:00.000000000,142.47,70.40329
2026-04-09T22:00:00.000000000,140.84,80.12736
2026-04-09T23:00:00.000000000,130.98,92.34615
2026-04-03T00:00:00.000000000,104.64,117.97513
2026-04-03T01:00:00.000000000,136.15,129.75916
2026-04-03T02:00:00.000000000,131.34,133.37737
2026-04-03T03:00:00.000000000,149.97,144.40157
2026-04-03T04:00:00.000000000,162.26,152.30993
2026-04-03T05:00:00.000000000,148.22,156.22757
2026-04-03T06:00:00.000000000,151.45,154.50315
2026-04-03T07:00:00.000000000,147.23,143.14409
2026-04-03T08:00:00.000000000,147.23,136.2188
2026-04-03T09:00:00.000000000,140.61,134.97567
2026-04-03T10:00:00.000000000,145.79,132.36012
2026-04-03T11:00:00.000000000,149.71,131.71631
2026-04-03T12:00:00.000000000,151.64,130.69515
2026-04-03T13:00:00.000000000,147.06,127.76379
2026-04-03T14:00:00.000000000,135.31,117.86285
2026-04-03T15:00:00.000000000,97.34,107.10285
2026-04-03T16:00:00.000000000,78.77,93.67699
2026-04-03T17:00:00.000000000,79.24,76.01779
2026-04-03T18:00:00.000000000,76.25,62.46996
2026-04-03T19:00:00.000000000,80.88,63.23909
2026-04-03T20:00:00.000000000,78.16,63.54218
2026-04-03T21:00:00.000000000,78.48,70.33388
2026-04-03T22:00:00.000000000,80.83,82.28551
2026-04-03T23:00:00.000000000,80.73,96.66935
2026-04-04T00:00:00.000000000,104.64,111.23958
2026-04-04T01:00:00.000000000,136.15,121.90517
2026-04-04T02:00:00.000000000,131.34,125.48083
2026-04-04T03:00:00.000000000,149.97,137.61095
2026-04-04T04:00:00.000000000,162.26,146.98691
2026-04-04T05:00:00.000000000,148.22,152.96078
2026-04-04T06:00:00.000000000,151.45,152.74737
2026-04-04T07:00:00.000000000,147.23,142.35619
2026-04-05T08:00:00.000000000,160.33,135.38852
2026-04-05T09:00:00.000000000,163.35,134.44685
2026-04-05T10:00:00.000000000,166.78,131.49053
2026-04-05T11:00:00.000000000,168.86,130.95522
2026-04-05T12:00:00.000000000,165.62,129.98534
2026-04-05T13:00:00.000000000,166.93,127.5613
2026-04-05T14:00:00.000000000,157.19,118.5022
2026-04-05T15:00:00.000000000,125.73,108.65317
2026-04-05T16:00:00.000000000,73.32,96.98638
2026-04-05T17:00:00.000000000,60.28,80.97269
2026-04-05T18:00:00.000000000,72.96,67.88841
2026-04-05T19:00:00.000000000,77.67,67.74144
2026-04-05T20:00:00.000000000,104.94,65.97259
2026-04-05T21:00:00.000000000,110.68,70.07222
2026-04-05T22:00:00.000000000,129.53,80.09107
2026-04-05T23:00:00.000000000,128.73,92.3721
2026-04-06T00:00:00.000000000,130.0,114.42849
2026-04-06T01:00:00.000000000,179.28,126.13159
2026-04-06T02:00:00.000000000,174.99,130.72333
2026-04-06T03:00:00.000000000,169.35,142.8482
2026-04-06T04:00:00.000000000,178.35,151.9649
2026-04-06T05:00:00.000000000,162.51,157.804
2026-04-06T06:00:00.000000000,175.67,157.73791
2026-04-06T07:00:00.000000000,165.43,148.07833
2026-04-06T08:00:00.000000000,168.13,141.73287
2026-04-06T09:00:00.000000000,169.89,140.76619
2026-04-06T10:00:00.000000000,167.8,138.00792
2026-04-06T11:00:00.000000000,171.11,137.49293
2026-04-06T12:00:00.000000000,169.13,136.64915
2026-04-06T13:00:00.000000000,169.96,134.246
2026-04-06T14:00:00.000000000,173.88,125.64927
2026-04-06T15:00:00.000000000,174.12,115.98645
2026-04-06T16:00:00.000000000,171.24,103.84999
2026-04-06T17:00:00.000000000,169.34,87.07752
2026-04-06T18:00:00.000000000,164.3,73.4182
2026-04-06T19:00:00.000000000,150.56,72.69062
2026-04-06T20:00:00.000000000,154.33,70.68761
2026-04-06T21:00:00.000000000,132.29,74.66824
2026-04-06T22:00:00.000000000,149.04,83.98427
2026-04-06T23:00:00.000000000,147.42,95.87213
2026-04-07T00:00:00.000000000,121.02,112.83098
2026-04-07T01:00:00.000000000,138.79,124.32921
2026-04-07T02:00:00.000000000,167.82,128.46792
2026-04-07T03:00:00.000000000,182.42,140.58097
2026-04-07T04:00:00.000000000,184.73,149.77425
2026-04-07T05:00:00.000000000,177.81,155.48713
2026-04-07T06:00:00.000000000,176.44,155.15895
2026-04-07T07:00:00.000000000,170.48,144.89017
2026-04-07T08:00:00.000000000,166.73,138.1698
2026-04-07T09:00:00.000000000,160.72,137.20436
2026-04-07T10:00:00.000000000,159.41,134.38042
2026-04-07T11:00:00.000000000,166.32,133.79654
2026-04-07T12:00:00.000000000,164.95,132.81659
2026-04-07T13:00:00.000000000,166.07,130.2271
2026-04-07T14:00:00.000000000,164.41,121.10229
2026-04-07T15:00:00.000000000,135.97,111.05847
2026-04-07T16:00:00.000000000,101.47,98.74266
2026-04-07T17:00:00.000000000,90.99,81.94613
2026-04-07T18:00:00.000000000,104.13,68.30193
2026-04-07T19:00:00.000000000,94.25,67.96996
2026-04-07T20:00:00.000000000,112.74,66.35271
2026-04-07T21:00:00.000000000,116.46,70.83868
2026-04-07T22:00:00.000000000,128.12,80.92625
2026-04-07T23:00:00.000000000,136.38,93.51441
2026-04-08T00:00:00.000000000,144.68,111.61047
2026-04-08T01:00:00.000000000,143.62,122.85284
2026-04-08T02:00:00.000000000,183.19,126.90553
2026-04-08T03:00:00.000000000,175.21,139.16204
2026-04-08T04:00:00.000000000,160.66,148.55557
2026-04-08T05:00:00.000000000,168.0,154.46848
2026-04-08T06:00:00.000000000,170.44,154.20734
2026-04-08T07:00:00.000000000,165.27,143.8442
2026-04-08T08:00:00.000000000,136.14,136.87784
2026-04-08T09:00:00.000000000,128.43,135.8436
2026-04-08T10:00:00.000000000,130.51,132.93694
2026-04-08T11:00:00.000000000,136.94,132.47036
2026-04-08T12:00:00.000000000,154.22,131.64889
2026-04-08T13:00:00.000000000,158.13,129.31306
2026-04-08T14:00:00.000000000,158.32,120.39929
2026-04-08T15:00:00.000000000,122.99,110.55094
2026-04-08T16:00:00.000000000,93.57,98.60379
2026-04-08T17:00:00.000000000,83.78,82.13291
2026-04-08T18:00:00.000000000,81.39,68.62719
2026-04-08T19:00:00.000000000,82.29,68.19348
2026-04-08T20:00:00.000000000,104.69,66.25021
2026-04-08T21:00:00.000000000,118.87,70.30997
2026-04-08T22:00:00.000000000,136.5,80.18896
2026-04-08T23:00:00.000000000,136.83,92.53698
2026-04-09T00:00:00.000000000,156.89,111.31638
2026-04-09T01:00:00.000000000,179.98,122.53884
2026-04-09T02:00:00.000000000,201.69,126.65326
2026-04-09T03:00:00.000000000,191.16,138.98262
2026-04-09T04:00:00.000000000,169.63,148.45141
2026-04-09T05:00:00.000000000,165.9,154.44867
2026-04-09T06:00:00.000000000,161.49,154.22754
2026-04-09T07:00:00.000000000,166.26,143.87661
2026-04-09T08:00:00.000000000,167.51,136.83291
2026-04-09T09:00:00.000000000,162.47,135.75083
2026-04-09T10:00:00.000000000,173.25,132.81344
2026-04-09T11:00:00.000000000,175.05,132.39771
2026-04-09T12:00:00.000000000,172.05,131.65532
2026-04-09T13:00:00.000000000,170.02,129.43713
2026-04-09T14:00:00.000000000,167.65,120.66941
2026-04-09T15:00:00.000000000,139.65,110.94119
2026-04-09T16:00:00.000000000,103.51,99.14154
2026-04-09T17:00:00.000000000,99.44,82.7658
2026-04-09T18:00:00.000000000,104.24,69.2787
2026-04-09T19:00:00.000000000,109.17,68.74545
2026-04-09T20:00:00.000000000,110.67,66.6238
2026-04-09T21:00:00.000000000,142.47,70.46436
2026-04-09T22:00:00.000000000,140.84,80.17711
2026-04-09T23:00:00.000000000,130.98,92.37678
2026-04-10T00:00:00.000000000,130.25,111.23365
2026-04-10T01:00:00.000000000,160.39,122.44528
2026-04-10T02:00:00.000000000,180.23,126.58723
2026-04-10T03:00:00.000000000,173.19,138.93997
2026-04-10T04:00:00.000000000,179.94,148.43111
2026-04-10T05:00:00.000000000,185.33,154.4535
2026-04-10T06:00:00.000000000,177.55,154.24017
2026-04-10T07:00:00.000000000,173.82,143.89013
2026-04-10T08:00:00.000000000,177.14,136.80348
2026-04-10T09:00:00.000000000,176.83,135.69309
2026-04-10T10:00:00.000000000,176.43,132.74332
2026-04-10T11:00:00.000000000,179.52,132.35992
2026-04-10T12:00:00.000000000,177.19,131.66571
2026-04-10T13:00:00.000000000,178.2,129.51516
2026-04-10T14:00:00.000000000,180.06,120.82984
2026-04-10T15:00:00.000000000,177.11,111.16946
2026-04-10T16:00:00.000000000,165.25,99.44751
2026-04-10T17:00:00.000000000,116.45,83.12044
2026-04-10T18:00:00.000000000,98.53,69.64893
2026-04-10T19:00:00.000000000,102.01,69.06783
2026-04-10T20:00:00.000000000,95.16,66.86089
2026-04-10T21:00:00.000000000,111.83,70.59744
2026-04-10T22:00:00.000000000,113.26,80.23007
2026-04-10T23:00:00.000000000,117.08,92.35953
2026-04-04T00:00:00.000000000,104.64,112.39399
2026-04-04T01:00:00.000000000,136.15,123.37604
2026-04-04T02:00:00.000000000,131.34,127.06053
2026-04-04T03:00:00.000000000,149.97,139.06526
2026-04-04T04:00:00.000000000,162.26,148.2897
2026-04-04T05:00:00.000000000,148.22,154.32128
2026-04-04T06:00:00.000000000,151.45,154.41834
2026-04-04T07:00:00.000000000,147.23,144.6831
2026-04-05T08:00:00.000000000,160.33,138.57279
2026-04-05T09:00:00.000000000,163.35,138.11719
2026-04-05T10:00:00.000000000,166.78,135.3553
2026-04-05T11:00:00.000000000,168.86,134.46172
2026-04-05T12:00:00.000000000,165.62,132.91983
2026-04-05T13:00:00.000000000,166.93,129.77403
2026-04-05T14:00:00.000000000,157.19,120.2132
2026-04-05T15:00:00.000000000,125.73,110.00216
2026-04-05T16:00:00.000000000,73.32,97.78102
2026-04-05T17:00:00.000000000,60.28,81.33547
2026-04-05T18:00:00.000000000,72.96,67.99707
2026-04-05T19:00:00.000000000,77.67,67.95587
2026-04-05T20:00:00.000000000,104.94,66.57022
2026-04-05T21:00:00.000000000,110.68,71.16424
2026-04-05T22:00:00.000000000,129.53,81.28543
2026-04-05T23:00:00.000000000,128.73,93.67833
2026-04-06T00:00:00.000000000,130.0,114.85203
2026-04-06T01:00:00.000000000,179.28,126.74793
2026-04-06T02:00:00.000000000,174.99,131.41661
2026-04-06T03:00:00.000000000,169.35,143.50846
2026-04-06T04:00:00.000000000,178.35,152.56269
2026-04-06T05:00:00.000000000,162.51,158.34414
2026-04-06T06:00:00.000000000,175.67,158.28173
2026-04-06T07:00:00.000000000,165.43,148.71069
2026-04-06T08:00:00.000000000,168.13,142.56172
2026-04-06T09:00:00.000000000,169.89,141.68992
2026-04-06T10:00:00.000000000,167.8,138.97159
2026-04-06T11:00:00.000000000,171.11,138.31281
2026-04-06T12:00:00.000000000,169.13,137.26735
2026-04-06T13:00:00.000000000,169.96,134.59986
2026-04-06T14:00:00.000000000,173.88,125.78638
2026-04-06T15:00:00.000000000,174.12,115.9556
2026-04-06T16:00:00.000000000,171.24,103.55389
2026-04-06T17:00:00.000000000,169.34,86.54712
2026-04-06T18:00:00.000000000,164.3,72.76026
2026-04-06T19:00:00.000000000,150.56,72.11446
2026-04-06T20:00:00.000000000,154.33,70.3274
2026-04-06T21:00:00.000000000,132.29,74.59695
2026-04-06T22:00:00.000000000,149.04,84.06789
2026-04-06T23:00:00.000000000,147.42,96.13475
2026-04-07T00:00:00.000000000,121.02,113.01464
2026-04-07T01:00:00.000000000,138.79,124.5704
2026-04-07T02:00:00.000000000,167.82,128.71362
2026-04-07T03:00:00.000000000,182.42,140.79953
2026-04-07T04:00:00.000000000,184.73,149.95597
2026-04-07T05:00:00.000000000,177.81,155.62037
2026-04-07T06:00:00.000000000,176.44,155.26424
2026-04-07T07:00:00.000000000,170.48,144.98762
2026-04-07T08:00:00.000000000,166.73,138.31407
2026-04-07T09:00:00.000000000,160.72,137.37041
2026-04-07T10:00:00.000000000,159.41,134.5559
2026-04-07T11:00:00.000000000,166.32,133.91559
2026-04-07T12:00:00.000000000,164.95,132.85829
2026-04-07T13:00:00.000000000,166.07,130.16855
2026-04-07T14:00:00.000000000,164.41,120.94666
2026-04-07T15:00:00.000000000,135.97,110.83087
2026-04-07T16:00:00.000000000,101.47,98.41064
2026-04-07T17:00:00.000000000,90.99,81.52862
2026-04-07T18:00:00.000000000,104.13,67.85221
2026-04-07T19:00:00.000000000,94.25,67.57881
2026-04-07T20:00:00.000000000,112.74,66.07833
2026-04-07T21:00:00.000000000,116.46,70.71187
2026-04-07T22:00:00.000000000,128.12,80.90207
2026-04-07T23:00:00.000000000,136.38,93.59394
2026-04-08T00:00:00.000000000,144.68,111.69192
2026-04-08T01:00:00.000000000,143.62,122.94163
2026-04-08T02:00:00.000000000,183.19,126.9827
2026-04-08T03:00:00.000000000,175.21,139.2217
2026-04-08T04:00:00.000000000,160.66,148.5957
2026-04-08T05:00:00.000000000,168.0,154.48247
2026-04-08T06:00:00.000000000,170.44,154.20254
2026-04-08T07:00:00.000000000,165.27,143.82551
2026-04-08T08:00:00.000000000,136.14,136.8682
2026-04-08T09:00:00.000000000,128.43,135.83779
2026-04-08T10:00:00.000000000,130.51,132.93284
2026-04-08T11:00:00.000000000,136.94,132.4465
2026-04-08T12:00:00.000000000,154.22,131.59783
2026-04-08T13:00:00.000000000,158.13,129.2278
2026-04-08T14:00:00.000000000,158.32,120.27695
2026-04-08T15:00:00.000000000,122.99,110.40307
2026-04-08T16:00:00.000000000,93.57,98.42359
2026-04-08T17:00:00.000000000,83.78,81.93105
2026-04-08T18:00:00.000000000,81.39,68.42609
2026-04-08T19:00:00.000000000,82.29,68.02442
2026-04-08T20:00:00.000000000,104.69,66.13414
2026-04-08T21:00:00.000000000,118.87,70.25612
2026-04-08T22:00:00.000000000,136.5,80.18328
2026-04-08T23:00:00.000000000,136.83,92.57485
2026-04-09T00:00:00.000000000,156.89,111.35028
2026-04-09T01:00:00.000000000,179.98,122.56858
2026-04-09T02:00:00.000000000,201.69,126.67385
2026-04-09T03:00:00.000000000,191.16,138.99427
2026-04-09T04:00:00.000000000,169.63,148.45422
2026-04-09T05:00:00.000000000,165.9,154.44017
2026-04-09T06:00:00.000000000,161.49,154.21013
2026-04-09T07:00:00.000000000,166.26,143.85145
2026-04-09T08:00:00.000000000,167.51,136.8078
2026-04-09T09:00:00.000000000,162.47,135.7254
2026-04-09T10:00:00.000000000,173.25,132.78788
2026-04-09T11:00:00.000000000,175.05,132.36645
2026-04-09T12:00:00.000000000,172.05,131.61597
2026-04-09T13:00:00.000000000,170.02,129.38832
2026-04-09T14:00:00.000000000,167.65,120.60932
2026-04-09T15:00:00.000000000,139.65,110.87451
2026-04-09T16:00:00.000000000,103.51,99.06856
2026-04-09T17:00:00.000000000,99.44,82.69127
2026-04-09T18:00:00.000000000,104.24,69.21057
2026-04-09T19:00:00.000000000,109.17,68.69145
2026-04-09T20:00:00.000000000,110.67,66.58997
2026-04-09T21:00:00.000000000,142.47,70.45222
2026-04-09T22:00:00.000000000,140.84,80.18302
2026-04-09T23:00:00.000000000,130.98,92.39701
2026-04-10T00:00:00.000000000,130.25,111.24623
2026-04-10T01:00:00.000000000,160.39,122.45376
2026-04-10T02:00:00.000000000,180.23,126.59106
2026-04-10T03:00:00.000000000,173.19,138.94003
2026-04-10T04:00:00.000000000,179.94,148.42776
2026-04-10T05:00:00.000000000,185.33,154.44608
2026-04-10T06:00:00.000000000,177.55,154.22933
2026-04-10T07:00:00.000000000,173.82,143.87609
2026-04-10T08:00:00.000000000,177.14,136.78827
2026-04-10T09:00:00.000000000,176.83,135.67708
2026-04-10T10:00:00.000000000,176.43,132.727
2026-04-10T11:00:00.000000000,179.52,132.34253
2026-04-10T12:00:00.000000000,177.19,131.64668
2026-04-10T13:00:00.000000000,178.2,129.4946
2026-04-10T14:00:00.000000000,180.06,120.80707
2026-04-10T15:00:00.000000000,177.11,111.14609
2026-04-10T16:00:00.000000000,165.25,99.42469
2026-04-10T17:00:00.000000000,116.45,83.09992
2026-04-10T18:00:00.000000000,98.53,69.63293
2026-04-10T19:00:00.000000000,102.01,69.05697
2026-04-10T20:00:00.000000000,95.16,66.85625
2026-04-10T21:00:00.000000000,111.83,70.59864
2026-04-10T22:00:00.000000000,113.26,80.23655
2026-04-10T23:00:00.000000000,117.08,92.36939
2026-04-11T00:00:00.000000000,120.99,111.14038
2026-04-11T01:00:00.000000000,168.89,122.36181
2026-04-11T02:00:00.000000000,175.84,126.51185
2026-04-11T03:00:00.000000000,195.5,138.87923
2026-04-11T04:00:00.000000000,188.75,148.38655
2026-04-11T05:00:00.000000000,192.13,154.43064
2026-04-11T06:00:00.000000000,180.32,154.23887
2026-04-11T07:00:00.000000000,180.82,143.90771
2026-04-11T08:00:00.000000000,172.75,136.8319
2026-04-11T09:00:00.000000000,172.67,135.73531
2026-04-11T10:00:00.000000000,175.86,132.79434
2026-04-11T11:00:00.000000000,172.66,132.42754
2026-04-11T12:00:00.000000000,168.08,131.75283
2026-04-11T13:00:00.000000000,163.36,129.618
2026-04-11T14:00:00.000000000,151.4,120.94103
2026-04-11T15:00:00.000000000,125.24,111.27634
2026-04-11T16:00:00.000000000,77.44,99.54822
2026-04-11T17:00:00.000000000,68.83,83.21093
2026-04-11T18:00:00.000000000,68.85,69.71407
2026-04-11T19:00:00.000000000,68.03,69.10447
2026-04-11T20:00:00.000000000,76.98,66.85928
2026-04-11T21:00:00.000000000,90.57,70.56236
2026-04-11T22:00:00.000000000,92.36,80.17101
2026-04-11T23:00:00.000000000,111.22,92.28489
2026-04-06T00:00:00.000000000,130.0,129.37478
2026-04-06T01:00:00.000000000,179.28,139.3281
2026-04-06T02:00:00.000000000,174.99,141.52097
2026-04-06T03:00:00.000000000,169.35,150.55579
2026-04-06T04:00:00.000000000,178.35,156.84954
2026-04-06T05:00:00.000000000,162.51,160.39914
2026-04-06T06:00:00.000000000,175.67,159.8188
2026-04-06T07:00:00.000000000,165.43,151.79506
2026-04-06T08:00:00.000000000,168.13,149.00191
2026-04-06T09:00:00.000000000,169.89,149.75326
2026-04-06T10:00:00.000000000,167.8,148.53773
2026-04-06T11:00:00.000000000,171.11,147.55801
2026-04-06T12:00:00.000000000,169.13,145.44642
2026-04-06T13:00:00.000000000,169.96,140.92983
2026-04-06T14:00:00.000000000,173.88,130.24036
2026-04-06T15:00:00.000000000,174.12,118.73179
2026-04-06T16:00:00.000000000,171.24,104.66644
2026-04-06T17:00:00.000000000,169.34,87.50313
2026-04-06T18:00:00.000000000,164.3,75.35323
2026-04-06T19:00:00.000000000,150.56,77.22374
2026-04-06T20:00:00.000000000,154.33,79.48591
2026-04-06T21:00:00.000000000,132.29,87.64036
2026-04-06T22:00:00.000000000,149.04,99.01525
2026-04-06T23:00:00.000000000,147.42,111.78541
2026-04-07T00:00:00.000000000,121.02,118.3144
2026-04-07T01:00:00.000000000,138.79,129.33195
2026-04-07T02:00:00.000000000,167.82,132.8961
2026-04-07T03:00:00.000000000,182.42,143.99746
2026-04-07T04:00:00.000000000,184.73,152.15375
2026-04-07T05:00:00.000000000,177.81,157.02773
2026-04-07T06:00:00.000000000,176.44,156.34737
2026-04-07T07:00:00.000000000,170.48,146.3738
2026-04-07T08:00:00.000000000,166.73,140.24643
2026-04-07T09:00:00.000000000,160.72,139.36264
2026-04-07T10:00:00.000000000,159.41,136.7195
2026-04-07T11:00:00.000000000,166.32,135.91583
2026-04-07T12:00:00.000000000,164.95,134.54404
2026-04-07T13:00:00.000000000,166.07,131.47188
2026-04-07T14:00:00.000000000,164.41,122.13256
2026-04-07T15:00:00.000000000,135.97,112.08072
2026-04-07T16:00:00.000000000,101.47,99.74147
2026-04-07T17:00:00.000000000,90.99,83.23187
2026-04-07T18:00:00.000000000,104.13,70.40276
2026-04-07T19:00:00.000000000,94.25,70.82402
2026-04-07T20:00:00.000000000,112.74,70.35197
2026-04-07T21:00:00.000000000,116.46,75.87671
2026-04-07T22:00:00.000000000,128.12,86.39408
2026-04-07T23:00:00.000000000,136.38,99.1411
2026-04-08T00:00:00.000000000,144.68,113.31672
2026-04-08T01:00:00.000000000,143.62,124.39556
2026-04-08T02:00:00.000000000,183.19,128.3003
2026-04-08T03:00:00.000000000,175.21,140.25444
2026-04-08T04:00:00.000000000,160.66,149.32766
2026-04-08T05:00:00.000000000,168.0,154.95415
2026-04-08T06:00:00.000000000,170.44,154.53478
2026-04-08T07:00:00.000000000,165.27,144.19349
2026-04-08T08:00:00.000000000,136.14,137.29836
2026-04-08T09:00:00.000000000,128.43,136.21027
2026-04-08T10:00:00.000000000,130.51,133.34193
2026-04-08T11:00:00.000000000,136.94,132.88118
2026-04-08T12:00:00.000000000,154.22,132.05786
2026-04-08T13:00:00.000000000,158.13,129.72221
2026-04-08T14:00:00.000000000,158.32,120.87818
2026-04-08T15:00:00.000000000,122.99,111.12478
2026-04-08T16:00:00.000000000,93.57,99.26145
2026-04-08T17:00:00.000000000,83.78,82.92531
2026-04-08T18:00:00.000000000,81.39,69.69646
2026-04-08T19:00:00.000000000,82.29,69.43992
2026-04-08T20:00:00.000000000,104.69,67.76381
2026-04-08T21:00:00.000000000,118.87,72.03783
2026-04-08T22:00:00.000000000,136.5,81.98103
2026-04-08T23:00:00.000000000,136.83,94.31766
2026-04-09T00:00:00.000000000,156.89,111.71605
2026-04-09T01:00:00.000000000,179.98,122.90352
2026-04-09T02:00:00.000000000,201.69,126.99474
2026-04-09T03:00:00.000000000,191.16,139.25664
2026-04-09T04:00:00.000000000,169.63,148.65065
2026-04-09T05:00:00.000000000,165.9,154.5764
2026-04-09T06:00:00.000000000,161.49,154.31332
2026-04-09T07:00:00.000000000,166.26,143.96295
2026-04-09T08:00:00.000000000,167.51,136.92145
2026-04-09T09:00:00.000000000,162.47,135.81616
2026-04-09T10:00:00.000000000,173.25,132.89264
2026-04-09T11:00:00.000000000,175.05,132.50748
2026-04-09T12:00:00.000000000,172.05,131.80777
2026-04-09T13:00:00.000000000,170.02,129.63593
2026-04-09T14:00:00.000000000,167.65,120.92247
2026-04-09T15:00:00.000000000,139.65,111.23483
2026-04-09T16:00:00.000000000,103.51,99.46593
2026-04-09T17:00:00.000000000,99.44,83.12096
2026-04-09T18:00:00.000000000,104.24,69.69038
2026-04-09T19:00:00.000000000,109.17,69.17219
2026-04-09T20:00:00.000000000,110.67,67.07968
2026-04-09T21:00:00.000000000,142.47,70.93519
2026-04-09T22:00:00.000000000,140.84,80.63586
2026-04-09T23:00:00.000000000,130.98,92.81124
2026-04-10T00:00:00.000000000,130.25,111.31574
2026-04-10T01:00:00.000000000,160.39,122.5242
2026-04-10T02:00:00.000000000,180.23,126.66769
2026-04-10T03:00:00.000000000,173.19,139.009
2026-04-10T04:00:00.000000000,179.94,148.48601
2026-04-10T05:00:00.000000000,185.33,154.49526
2026-04-10T06:00:00.000000000,177.55,154.27523
2026-04-10T07:00:00.000000000,173.82,143.92834
2026-04-10T08:00:00.000000000,177.14,136.84046
2026-04-10T09:00:00.000000000,176.83,135.72286
2026-04-10T10:00:00.000000000,176.43,132.77794
2026-04-10T11:00:00.000000000,179.52,132.40983
2026-04-10T12:00:00.000000000,177.19,131.73751
2026-04-10T13:00:00.000000000,178.2,129.60964
2026-04-10T14:00:00.000000000,180.06,120.94759
2026-04-10T15:00:00.000000000,177.11,111.30077
2026-04-10T16:00:00.000000000,165.25,99.58778
2026-04-10T17:00:00.000000000,116.45,83.26585
2026-04-10T18:00:00.000000000,98.53,69.80092
2026-04-10T19:00:00.000000000,102.01,69.21177
2026-04-10T20:00:00.000000000,95.16,66.99709
2026-04-10T21:00:00.000000000,111.83,70.72266
2026-04-10T22:00:00.000000000,113.26,80.34036
2026-04-10T23:00:00.000000000,117.08,92.45573
2026-04-11T00:00:00.000000000,120.99,111.14896
2026-04-11T01:00:00.000000000,168.89,122.37554
2026-04-11T02:00:00.000000000,175.84,126.53142
2026-04-11T03:00:00.000000000,195.5,138.89986
2026-04-11T04:00:00.000000000,188.75,148.40692
2026-04-11T05:00:00.000000000,192.13,154.45122
2026-04-11T06:00:00.000000000,180.32,154.26082
2026-04-11T07:00:00.000000000,180.82,143.93328
2026-04-11T08:00:00.000000000,172.75,136.85856
2026-04-11T09:00:00.000000000,172.67,135.76096
2026-04-11T10:00:00.000000000,175.86,132.82192
2026-04-11T11:00:00.000000000,172.66,132.46027
2026-04-11T12:00:00.000000000,168.08,131.79317
2026-04-11T13:00:00.000000000,163.36,129.66549
2026-04-11T14:00:00.000000000,151.4,120.9959
2026-04-11T15:00:00.000000000,125.24,111.33402
2026-04-11T16:00:00.000000000,77.44,99.60543
2026-04-11T17:00:00.000000000,68.83,83.26499
2026-04-11T18:00:00.000000000,68.85,69.76341
2026-04-11T19:00:00.000000000,68.03,69.14629
2026-04-11T20:00:00.000000000,76.98,66.89325
2026-04-11T21:00:00.000000000,90.57,70.58885
2026-04-11T22:00:00.000000000,92.36,80.18932
2026-04-11T23:00:00.000000000,111.22,92.29772
2026-04-12T00:00:00.000000000,120.67,115.53834
2026-04-12T01:00:00.000000000,138.29,128.01321
2026-04-12T02:00:00.000000000,144.38,133.18434
2026-04-12T03:00:00.000000000,149.14,145.35181
2026-04-12T04:00:00.000000000,162.98,154.29985
2026-04-12T05:00:00.000000000,173.03,159.83948
2026-04-12T06:00:00.000000000,177.94,159.54183
2026-04-12T07:00:00.000000000,170.78,149.81259
2026-04-12T08:00:00.000000000,169.04,143.42588
2026-04-12T09:00:00.000000000,150.58,142.26741
2026-04-12T10:00:00.000000000,153.36,139.50755
2026-04-12T11:00:00.000000000,152.37,138.98868
2026-04-12T12:00:00.000000000,151.11,138.26418
2026-04-12T13:00:00.000000000,141.94,135.90541
2026-04-12T14:00:00.000000000,125.63,127.42766
2026-04-12T15:00:00.000000000,68.74,117.75045
2026-04-12T16:00:00.000000000,51.88,105.22953
2026-04-12T17:00:00.000000000,54.05,87.87989
2026-04-12T18:00:00.000000000,57.42,73.77635
2026-04-12T19:00:00.000000000,73.94,72.85819
2026-04-12T20:00:00.000000000,69.74,70.86895
2026-04-12T21:00:00.000000000,70.78,75.02006
2026-04-12T22:00:00.000000000,86.6,84.31837
2026-04-12T23:00:00.000000000,94.44,96.44875
2026-04-07T00:00:00.000000000,121.02,129.22569
2026-04-07T01:00:00.000000000,138.79,139.09849
2026-04-07T02:00:00.000000000,167.82,143.78724
2026-04-07T03:00:00.000000000,182.42,153.82199
2026-04-07T04:00:00.000000000,184.73,160.53783
2026-04-07T05:00:00.000000000,177.81,165.37402
2026-04-07T06:00:00.000000000,176.44,165.48874
2026-04-07T07:00:00.000000000,170.48,158.84108
2026-04-07T08:00:00.000000000,166.73,153.94834
2026-04-07T09:00:00.000000000,160.72,152.58082
2026-04-07T10:00:00.000000000,159.41,150.22067
2026-04-07T11:00:00.000000000,166.32,150.81764
2026-04-07T12:00:00.000000000,164.95,151.37038
2026-04-07T13:00:00.000000000,166.07,150.80652
2026-04-07T14:00:00.000000000,164.41,146.28551
2026-04-07T15:00:00.000000000,135.97,140.16701
2026-04-07T16:00:00.000000000,101.47,132.08169
2026-04-07T17:00:00.000000000,90.99,118.89017
2026-04-07T18:00:00.000000000,104.13,108.36205
2026-04-07T19:00:00.000000000,94.25,107.01739
2026-04-07T20:00:00.000000000,112.74,103.45793
2026-04-07T21:00:00.000000000,116.46,104.22771
2026-04-07T22:00:00.000000000,128.12,109.00866
2026-04-07T23:00:00.000000000,136.38,116.27932
2026-04-08T00:00:00.000000000,144.68,118.20797
2026-04-08T01:00:00.000000000,143.62,129.25143
2026-04-08T02:00:00.000000000,183.19,133.92617
2026-04-08T03:00:00.000000000,175.21,145.54575
2026-04-08T04:00:00.000000000,160.66,154.08458
2026-04-08T05:00:00.000000000,168.0,159.7447
2026-04-08T06:00:00.000000000,170.44,159.72182
2026-04-08T07:00:00.000000000,165.27,150.76284
2026-04-08T08:00:00.000000000,136.14,144.34826
2026-04-08T09:00:00.000000000,128.43,142.95514
2026-04-08T10:00:00.000000000,130.51,140.22636
2026-04-08T11:00:00.000000000,136.94,140.39328
2026-04-08T12:00:00.000000000,154.22,140.46371
2026-04-08T13:00:00.000000000,158.13,139.19849
2026-04-08T14:00:00.000000000,158.32,132.33163
2026-04-08T15:00:00.000000000,122.99,124.09384
2026-04-08T16:00:00.000000000,93.57,113.65363
2026-04-08T17:00:00.000000000,83.78,98.29609
2026-04-08T18:00:00.000000000,81.39,85.66232
2026-04-08T19:00:00.000000000,82.29,84.41913
2026-04-08T20:00:00.000000000,104.69,81.37509
2026-04-08T21:00:00.000000000,118.87,83.7261
2026-04-08T22:00:00.000000000,136.5,91.28818
2026-04-08T23:00:00.000000000,136.83,101.47754
2026-04-09T00:00:00.000000000,156.89,113.43079
2026-04-09T01:00:00.000000000,179.98,124.84351
2026-04-09T02:00:00.000000000,201.69,129.38848
2026-04-09T03:00:00.000000000,191.16,141.60843
2026-04-09T04:00:00.000000000,169.63,150.85355
2026-04-09T05:00:00.000000000,165.9,156.80815
2026-04-09T06:00:00.000000000,161.49,156.71246
2026-04-09T07:00:00.000000000,166.26,146.88115
2026-04-09T08:00:00.000000000,167.51,140.03771
2026-04-09T09:00:00.000000000,162.47,138.81858
2026-04-09T10:00:00.000000000,173.25,135.97922
2026-04-09T11:00:00.000000000,175.05,135.86134
2026-04-09T12:00:00.000000000,172.05,135.5613
2026-04-09T13:00:00.000000000,170.02,133.81919
2026-04-09T14:00:00.000000000,167.65,125.83294
2026-04-09T15:00:00.000000000,139.65,116.6322
2026-04-09T16:00:00.000000000,103.51,105.1924
2026-04-09T17:00:00.000000000,99.44,88.96504
2026-04-09T18:00:00.000000000,104.24,75.52138
2026-04-09T19:00:00.000000000,109.17,74.50486
2026-04-09T20:00:00.000000000,110.67,71.8362
2026-04-09T21:00:00.000000000,142.47,74.98618
2026-04-09T22:00:00.000000000,140.84,83.7956
2026-04-09T23:00:00.000000000,130.98,95.23915
2026-04-10T00:00:00.000000000,130.25,111.51984
2026-04-10T01:00:00.000000000,160.39,122.98618
2026-04-10T02:00:00.000000000,180.23,127.39621
2026-04-10T03:00:00.000000000,173.19,139.81555
2026-04-10T04:00:00.000000000,179.94,149.31652
2026-04-10T05:00:00.000000000,185.33,155.37568
2026-04-10T06:00:00.000000000,177.55,155.24164
2026-04-10T07:00:00.000000000,173.82,145.07018
2026-04-10T08:00:00.000000000,177.14,138.08371
2026-04-10T09:00:00.000000000,176.83,136.96966
2026-04-10T10:00:00.000000000,176.43,134.07844
2026-04-10T11:00:00.000000000,179.52,133.79947
2026-04-10T12:00:00.000000000,177.19,133.2713
2026-04-10T13:00:00.000000000,178.2,131.26571
2026-04-10T14:00:00.000000000,180.06,122.78182
2026-04-10T15:00:00.000000000,177.11,113.19582
2026-04-10T16:00:00.000000000,165.25,101.40982
2026-04-10T17:00:00.000000000,116.45,84.91727
2026-04-10T18:00:00.000000000,98.53,71.24024
2026-04-10T19:00:00.000000000,102.01,70.40434
2026-04-10T20:00:00.000000000,95.16,67.95698
2026-04-10T21:00:00.000000000,111.83,71.47515
2026-04-10T22:00:00.000000000,113.26,80.82691
2026-04-10T23:00:00.000000000,117.08,92.78244
2026-04-11T00:00:00.000000000,120.99,111.1463
2026-04-11T01:00:00.000000000,168.89,122.51497
2026-04-11T02:00:00.000000000,175.84,126.7821
2026-04-11T03:00:00.000000000,195.5,139.19432
2026-04-11T04:00:00.000000000,188.75,148.72276
2026-04-11T05:00:00.000000000,192.13,154.78725
2026-04-11T06:00:00.000000000,180.32,154.62896
2026-04-11T07:00:00.000000000,180.82,144.35526
2026-04-11T08:00:00.000000000,172.75,137.33158
2026-04-11T09:00:00.000000000,172.67,136.24969
2026-04-11T10:00:00.000000000,175.86,133.33385
2026-04-11T11:00:00.000000000,172.66,132.98231
2026-04-11T12:00:00.000000000,168.08,132.33798
2026-04-11T13:00:00.000000000,163.36,130.20937
2026-04-11T14:00:00.000000000,151.4,121.54624
2026-04-11T15:00:00.000000000,125.24,111.85275
2026-04-11T16:00:00.000000000,77.44,100.02733
2026-04-11T17:00:00.000000000,68.83,83.56172
2026-04-11T18:00:00.000000000,68.85,69.93253
2026-04-11T19:00:00.000000000,68.03,69.23458
2026-04-11T20:00:00.000000000,76.98,66.92804
2026-04-11T21:00:00.000000000,90.57,70.60392
2026-04-11T22:00:00.000000000,92.36,80.15746
2026-04-11T23:00:00.000000000,111.22,92.2676
2026-04-12T00:00:00.000000000,120.67,115.55465
2026-04-12T01:00:00.000000000,138.29,128.08852
2026-04-12T02:00:00.000000000,144.38,133.29818
2026-04-12T03:00:00.000000000,149.14,145.47752
2026-04-12T04:00:00.000000000,162.98,154.42654
2026-04-12T05:00:00.000000000,173.03,159.96304
2026-04-12T06:00:00.000000000,177.94,159.66775
2026-04-12T07:00:00.000000000,170.78,149.94965
2026-04-12T08:00:00.000000000,169.04,143.58255
2026-04-12T09:00:00.000000000,150.58,142.43033
2026-04-12T10:00:00.000000000,153.36,139.67584
2026-04-12T11:00:00.000000000,152.37,139.14746
2026-04-12T12:00:00.000000000,151.11,138.41465
2026-04-12T13:00:00.000000000,141.94,136.03635
2026-04-12T14:00:00.000000000,125.63,127.54146
2026-04-12T15:00:00.000000000,68.74,117.84081
2026-04-12T16:00:00.000000000,51.88,105.27131
2026-04-12T17:00:00.000000000,54.05,87.86687
2026-04-12T18:00:00.000000000,57.42,73.71616
2026-04-12T19:00:00.000000000,73.94,72.78476
2026-04-12T20:00:00.000000000,69.74,70.79982
2026-04-12T21:00:00.000000000,70.78,74.97114
2026-04-12T22:00:00.000000000,86.6,84.27504
2026-04-12T23:00:00.000000000,94.44,96.42839
2026-04-13T00:00:00.000000000,103.43,117.76442
2026-04-13T01:00:00.000000000,137.51,130.69778
2026-04-13T02:00:00.000000000,150.35,136.04346
2026-04-13T03:00:00.000000000,173.97,147.94917
2026-04-13T04:00:00.000000000,168.53,156.49943
2026-04-13T05:00:00.000000000,164.6,161.60434
2026-04-13T06:00:00.000000000,169.27,161.07549
2026-04-13T07:00:00.000000000,143.11,151.39652
2026-04-13T08:00:00.000000000,148.6,145.30666
2026-04-13T09:00:00.000000000,147.02,144.17058
2026-04-13T10:00:00.000000000,146.99,141.4807
2026-04-13T11:00:00.000000000,150.04,140.72101
2026-04-13T12:00:00.000000000,150.65,139.70458
2026-04-13T13:00:00.000000000,151.62,136.91643
2026-04-13T14:00:00.000000000,146.37,128.10556
2026-04-13T15:00:00.000000000,115.3,118.15316
2026-04-13T16:00:00.000000000,57.96,105.08432
2026-04-13T17:00:00.000000000,89.37,87.23763
2026-04-13T18:00:00.000000000,90.8,72.97408
2026-04-13T19:00:00.000000000,93.9,72.30644
2026-04-13T20:00:00.000000000,86.68,70.93049
2026-04-13T21:00:00.000000000,86.7,75.84062
2026-04-13T22:00:00.000000000,97.47,85.53447
2026-04-13T23:00:00.000000000,117.05,98.13121
2026-04-08T00:00:00.000000000,144.68,129.88583
2026-04-08T01:00:00.000000000,143.62,140.60227
2026-04-08T02:00:00.000000000,183.19,144.1407
2026-04-08T03:00:00.000000000,175.21,153.6786
2026-04-08T04:00:00.000000000,160.66,159.97838
2026-04-08T05:00:00.000000000,168.0,163.36344
2026-04-08T06:00:00.000000000,170.44,161.96415
2026-04-08T07:00:00.000000000,165.27,152.57214
2026-04-08T08:00:00.000000000,136.14,146.78999
2026-04-08T09:00:00.000000000,128.43,145.08404
2026-04-08T10:00:00.000000000,130.51,142.5302
2026-04-08T11:00:00.000000000,136.94,141.94401
2026-04-08T12:00:00.000000000,154.22,140.98214
2026-04-08T13:00:00.000000000,158.13,138.27582
2026-04-08T14:00:00.000000000,158.32,130.10015
2026-04-08T15:00:00.000000000,122.99,121.01471
2026-04-08T16:00:00.000000000,93.57,109.46023
2026-04-08T17:00:00.000000000,83.78,93.82539
2026-04-08T18:00:00.000000000,81.39,82.44863
2026-04-08T19:00:00.000000000,82.29,83.28148
2026-04-08T20:00:00.000000000,104.69,83.61695
2026-04-08T21:00:00.000000000,118.87,89.5038
2026-04-08T22:00:00.000000000,136.5,99.30421
2026-04-08T23:00:00.000000000,136.83,111.27659
2026-04-09T00:00:00.000000000,156.89,118.15595
2026-04-09T01:00:00.000000000,179.98,128.98763
2026-04-09T02:00:00.000000000,201.69,132.91538
2026-04-09T03:00:00.000000000,191.16,144.21549
2026-04-09T04:00:00.000000000,169.63,152.51191
2026-04-09T05:00:00.000000000,165.9,157.53357
2026-04-09T06:00:00.000000000,161.49,156.81292
2026-04-09T07:00:00.000000000,166.26,146.74525
2026-04-09T08:00:00.000000000,167.51,139.89805
2026-04-09T09:00:00.000000000,162.47,138.41656
2026-04-09T10:00:00.000000000,173.25,135.58662
2026-04-09T11:00:00.000000000,175.05,135.3622
2026-04-09T12:00:00.000000000,172.05,134.90244
2026-04-09T13:00:00.000000000,170.02,132.99603
2026-04-09T14:00:00.000000000,167.65,124.97131
2026-04-09T15:00:00.000000000,139.65,115.91208
2026-04-09T16:00:00.000000000,103.51,104.69031
2026-04-09T17:00:00.000000000,99.44,88.92563
2026-04-09T18:00:00.000000000,104.24,76.41882
2026-04-09T19:00:00.000000000,109.17,76.18827
2026-04-09T20:00:00.000000000,110.67,74.58688
2026-04-09T21:00:00.000000000,142.47,78.66737
2026-04-09T22:00:00.000000000,140.84,88.02728
2026-04-09T23:00:00.000000000,130.98,99.75399
2026-04-10T00:00:00.000000000,130.25,113.39708
2026-04-10T01:00:00.000000000,160.39,124.47491
2026-04-10T02:00:00.000000000,180.23,128.60483
2026-04-10T03:00:00.000000000,173.19,140.65026
2026-04-10T04:00:00.000000000,179.94,149.78201
2026-04-10T05:00:00.000000000,185.33,155.51002
2026-04-10T06:00:00.000000000,177.55,155.15058
2026-04-10T07:00:00.000000000,173.82,144.91093
2026-04-10T08:00:00.000000000,177.14,137.84404
2026-04-10T09:00:00.000000000,176.83,136.57193
2026-04-10T10:00:00.000000000,176.43,133.67377
2026-04-10T11:00:00.000000000,179.52,133.4667
2026-04-10T12:00:00.000000000,177.19,133.02756
2026-04-10T13:00:00.000000000,178.2,131.16223
2026-04-10T14:00:00.000000000,180.06,122.88853
2026-04-10T15:00:00.000000000,177.11,113.54332
2026-04-10T16:00:00.000000000,165.25,102.09303
2026-04-10T17:00:00.000000000,116.45,85.99774
2026-04-10T18:00:00.000000000,98.53,72.82631
2026-04-10T19:00:00.000000000,102.01,72.21927
2026-04-10T20:00:00.000000000,95.16,70.00978
2026-04-10T21:00:00.000000000,111.83,73.63121
2026-04-10T22:00:00.000000000,113.26,82.99326
2026-04-10T23:00:00.000000000,117.08,94.83226
2026-04-11T00:00:00.000000000,120.99,111.5495
2026-04-11T01:00:00.000000000,168.89,122.80149
2026-04-11T02:00:00.000000000,175.84,127.01415
2026-04-11T03:00:00.000000000,195.5,139.34743
2026-04-11T04:00:00.000000000,188.75,148.79802
2026-04-11T05:00:00.000000000,192.13,154.79711
2026-04-11T06:00:00.000000000,180.32,154.59431
2026-04-11T07:00:00.000000000,180.82,144.31548
2026-04-11T08:00:00.000000000,172.75,137.25044
2026-04-11T09:00:00.000000000,172.67,136.1186
2026-04-11T10:00:00.000000000,175.86,133.20713
2026-04-11T11:00:00.000000000,172.66,132.92837
2026-04-11T12:00:00.000000000,168.08,132.38332
2026-04-11T13:00:00.000000000,163.36,130.38212
2026-04-11T14:00:00.000000000,151.4,121.85859
2026-04-11T15:00:00.000000000,125.24,112.28098
2026-04-11T16:00:00.000000000,77.44,100.59584
2026-04-11T17:00:00.000000000,68.83,84.26099
2026-04-11T18:00:00.000000000,68.85,70.76044
2026-04-11T19:00:00.000000000,68.03,70.06165
2026-04-11T20:00:00.000000000,76.98,67.72543
2026-04-11T21:00:00.000000000,90.57,71.32197
2026-04-11T22:00:00.000000000,92.36,80.79619
2026-04-11T23:00:00.000000000,111.22,92.79948
2026-04-12T00:00:00.000000000,120.67,115.6165
2026-04-12T01:00:00.000000000,138.29,128.13368
2026-04-12T02:00:00.000000000,144.38,133.35041
2026-04-12T03:00:00.000000000,149.14,145.52323
2026-04-12T04:00:00.000000000,162.98,154.46158
2026-04-12T05:00:00.000000000,173.03,159.99329
2026-04-12T06:00:00.000000000,177.94,159.69806
2026-04-12T07:00:00.000000000,170.78,149.99329
2026-04-12T08:00:00.000000000,169.04,143.61709
2026-04-12T09:00:00.000000000,150.58,142.45117
2026-04-12T10:00:00.000000000,153.36,139.6998
2026-04-12T11:00:00.000000000,152.37,139.20624
2026-04-12T12:00:00.000000000,151.11,138.52472
2026-04-12T13:00:00.000000000,141.94,136.20665
2026-04-12T14:00:00.000000000,125.63,127.77562
2026-04-12T15:00:00.000000000,68.74,118.1179
2026-04-12T16:00:00.000000000,51.88,105.59237
2026-04-12T17:00:00.000000000,54.05,88.21914
2026-04-12T18:00:00.000000000,57.42,74.08526
2026-04-12T19:00:00.000000000,73.94,73.12433
2026-04-12T20:00:00.000000000,69.74,71.09283
2026-04-12T21:00:00.000000000,70.78,75.2018
2026-04-12T22:00:00.000000000,86.6,84.4479
2026-04-12T23:00:00.000000000,94.44,96.54551
2026-04-13T00:00:00.000000000,103.43,117.76418
2026-04-13T01:00:00.000000000,137.51,130.70391
2026-04-13T02:00:00.000000000,150.35,136.06289
2026-04-13T03:00:00.000000000,173.97,147.97378
2026-04-13T04:00:00.000000000,168.53,156.52584
2026-04-13T05:00:00.000000000,164.6,161.63468
2026-04-13T06:00:00.000000000,169.27,161.11068
2026-04-13T07:00:00.000000000,143.11,151.44106
2026-04-13T08:00:00.000000000,148.6,145.35065
2026-04-13T09:00:00.000000000,147.02,144.21099
2026-04-13T10:00:00.000000000,146.99,141.52263
2026-04-13T11:00:00.000000000,150.04,140.77581
2026-04-13T12:00:00.000000000,150.65,139.77953
2026-04-13T13:00:00.000000000,151.62,137.01334
2026-04-13T14:00:00.000000000,146.37,128.22621
2026-04-13T15:00:00.000000000,115.3,118.287
2026-04-13T16:00:00.000000000,57.96,105.22767
2026-04-13T17:00:00.000000000,89.37,87.38303
2026-04-13T18:00:00.000000000,90.8,73.11342
2026-04-13T19:00:00.000000000,93.9,72.42664
2026-04-13T20:00:00.000000000,86.68,71.02539
2026-04-13T21:00:00.000000000,86.7,75.90678
2026-04-13T22:00:00.000000000,97.47,85.57354
2026-04-13T23:00:00.000000000,117.05,98.14867
2026-04-14T00:00:00.000000000,115.96,124.09611
2026-04-14T01:00:00.000000000,108.7,131.2715
2026-04-14T02:00:00.000000000,139.08,132.30033
2026-04-14T03:00:00.000000000,159.06,141.60796
2026-04-14T04:00:00.000000000,151.19,148.36311
2026-04-14T05:00:00.000000000,152.43,152.44354
2026-04-14T06:00:00.000000000,157.85,151.34017
2026-04-14T07:00:00.000000000,161.03,141.60267
2026-04-14T08:00:00.000000000,171.61,135.49023
2026-04-14T09:00:00.000000000,165.81,134.49698
2026-04-14T10:00:00.000000000,160.75,131.64393
2026-04-14T11:00:00.000000000,159.23,130.87285
2026-04-14T12:00:00.000000000,161.29,129.32417
2026-04-14T13:00:00.000000000,160.16,126.71606
2026-04-14T14:00:00.000000000,149.21,118.34051
2026-04-14T15:00:00.000000000,109.63,109.88563
2026-04-14T16:00:00.000000000,63.26,100.58526
2026-04-14T17:00:00.000000000,53.53,87.76878
2026-04-14T18:00:00.000000000,52.24,78.71987
2026-04-14T19:00:00.000000000,57.99,80.81604
2026-04-14T20:00:00.000000000,53.38,81.36393
2026-04-14T21:00:00.000000000,55.0,86.58222
2026-04-14T22:00:00.000000000,47.33,96.68415
2026-04-14T23:00:00.000000000,57.24,107.72634
2026-04-09T00:00:00.000000000,156.89,130.88692
2026-04-09T01:00:00.000000000,179.98,140.15113
2026-04-09T02:00:00.000000000,201.69,142.53866
2026-04-09T03:00:00.000000000,191.16,151.40145
2026-04-09T04:00:00.000000000,169.63,157.16796
2026-04-09T05:00:00.000000000,165.9,159.66016
2026-04-09T06:00:00.000000000,161.49,157.30687
2026-04-09T07:00:00.000000000,166.26,146.59536
2026-04-09T08:00:00.000000000,167.51,139.33591
2026-04-09T09:00:00.000000000,162.47,136.80998
2026-04-09T10:00:00.000000000,173.25,134.33635
2026-04-09T11:00:00.000000000,175.05,135.15973
2026-04-09T12:00:00.000000000,172.05,136.12533
2026-04-09T13:00:00.000000000,170.02,135.52737
2026-04-09T14:00:00.000000000,167.65,128.61159
2026-04-09T15:00:00.000000000,139.65,120.22697
2026-04-09T16:00:00.000000000,103.51,109.79531
2026-04-09T17:00:00.000000000,99.44,95.28682
2026-04-09T18:00:00.000000000,104.24,84.89524
2026-04-09T19:00:00.000000000,109.17,85.71372
2026-04-09T20:00:00.000000000,110.67,85.62147
2026-04-09T21:00:00.000000000,142.47,90.82798
2026-04-09T22:00:00.000000000,140.84,100.65529
2026-04-09T23:00:00.000000000,130.98,112.37698
2026-04-10T00:00:00.000000000,130.25,118.06752
2026-04-10T01:00:00.000000000,160.39,128.26738
2026-04-10T02:00:00.000000000,180.23,131.91136
2026-04-10T03:00:00.000000000,173.19,143.10572
2026-04-10T04:00:00.000000000,179.94,151.36546
2026-04-10T05:00:00.000000000,185.33,156.37453
2026-04-10T06:00:00.000000000,177.55,155.57504
2026-04-10T07:00:00.000000000,173.82,145.36567
2026-04-10T08:00:00.000000000,177.14,138.09366
2026-04-10T09:00:00.000000000,176.83,136.37221
2026-04-10T10:00:00.000000000,176.43,133.51503
2026-04-10T11:00:00.000000000,179.52,133.76583
2026-04-10T12:00:00.000000000,177.19,133.94265
2026-04-10T13:00:00.000000000,178.2,132.83374
2026-04-10T14:00:00.000000000,180.06,125.52815
2026-04-10T15:00:00.000000000,177.11,117.01969
2026-04-10T16:00:00.000000000,165.25,106.6041
2026-04-10T17:00:00.000000000,116.45,91.56556
2026-04-10T18:00:00.000000000,98.53,79.54909
2026-04-10T19:00:00.000000000,102.01,79.13405
2026-04-10T20:00:00.000000000,95.16,77.00178
2026-04-10T21:00:00.000000000,111.83,80.31297
2026-04-10T22:00:00.000000000,113.26,89.17472
2026-04-10T23:00:00.000000000,117.08,100.31063
2026-04-11T00:00:00.000000000,120.99,113.1658
2026-04-11T01:00:00.000000000,168.89,124.07284
2026-04-11T02:00:00.000000000,175.84,128.18451
2026-04-11T03:00:00.000000000,195.5,140.25777
2026-04-11T04:00:00.000000000,188.75,149.43966
2026-04-11T05:00:00.000000000,192.13,155.2661
2026-04-11T06:00:00.000000000,180.32,154.97927
2026-04-11T07:00:00.000000000,180.82,144.80714
2026-04-11T08:00:00.000000000,172.75,137.65436
2026-04-11T09:00:00.000000000,172.67,136.33662
2026-04-11T10:00:00.000000000,175.86,133.43982
2026-04-11T11:00:00.000000000,172.66,133.41469
2026-04-11T12:00:00.000000000,168.08,133.2155
2026-04-11T13:00:00.000000000,163.36,131.64923
2026-04-11T14:00:00.000000000,151.4,123.68388
2026-04-11T15:00:00.000000000,125.24,114.56446
2026-04-11T16:00:00.000000000,77.44,103.41889
2026-04-11T17:00:00.000000000,68.83,87.5712
2026-04-11T18:00:00.000000000,68.85,74.50983
2026-04-11T19:00:00.000000000,68.03,73.73258
2026-04-11T20:00:00.000000000,76.98,71.19707
2026-04-11T21:00:00.000000000,90.57,74.40093
2026-04-11T22:00:00.000000000,92.36,83.44227
2026-04-11T23:00:00.000000000,111.22,94.95766
2026-04-12T00:00:00.000000000,120.67,115.88699
2026-04-12T01:00:00.000000000,138.29,128.39857
2026-04-12T02:00:00.000000000,144.38,133.69231
2026-04-12T03:00:00.000000000,149.14,145.85486
2026-04-12T04:00:00.000000000,162.98,154.75424
2026-04-12T05:00:00.000000000,173.03,160.27255
2026-04-12T06:00:00.000000000,177.94,159.98871
2026-04-12T07:00:00.000000000,170.78,150.36528
2026-04-12T08:00:00.000000000,169.04,143.9843
2026-04-12T09:00:00.000000000,150.58,142.77488
2026-04-12T10:00:00.000000000,153.36,140.0383
2026-04-12T11:00:00.000000000,152.37,139.66213
2026-04-12T12:00:00.000000000,151.11,139.16042
2026-04-12T13:00:00.000000000,141.94,137.0504
2026-04-12T14:00:00.000000000,125.63,128.86074
2026-04-12T15:00:00.000000000,68.74,119.36168
2026-04-12T16:00:00.000000000,51.88,106.97459
2026-04-12T17:00:00.000000000,54.05,89.67889
2026-04-12T18:00:00.000000000,57.42,75.57059
2026-04-12T19:00:00.000000000,73.94,74.47818
2026-04-12T20:00:00.000000000,69.74,72.26206
2026-04-12T21:00:00.000000000,70.78,76.13395
2026-04-12T22:00:00.000000000,86.6,85.13963
2026-04-12T23:00:00.000000000,94.44,97.02249
2026-04-13T00:00:00.000000000,103.43,117.78971
2026-04-13T01:00:00.000000000,137.51,130.77561
2026-04-13T02:00:00.000000000,150.35,136.19981
2026-04-13T03:00:00.000000000,173.97,148.13209
2026-04-13T04:00:00.000000000,168.53,156.68752
2026-04-13T05:00:00.000000000,164.6,161.80688
2026-04-13T06:00:00.000000000,169.27,161.30006
2026-04-13T07:00:00.000000000,143.11,151.67109
2026-04-13T08:00:00.000000000,148.6,145.58741
2026-04-13T09:00:00.000000000,147.02,144.43612
2026-04-13T10:00:00.000000000,146.99,141.75472
2026-04-13T11:00:00.000000000,150.04,141.04998
2026-04-13T12:00:00.000000000,150.65,140.12304
2026-04-13T13:00:00.000000000,151.62,137.42955
2026-04-13T14:00:00.000000000,146.37,128.72591
2026-04-13T15:00:00.000000000,115.3,118.82986
2026-04-13T16:00:00.000000000,57.96,105.79026
2026-04-13T17:00:00.000000000,89.37,87.93457
2026-04-13T18:00:00.000000000,90.8,73.62828
2026-04-13T19:00:00.000000000,93.9,72.8674
2026-04-13T20:00:00.000000000,86.68,71.37642
2026-04-13T21:00:00.000000000,86.7,76.15985
2026-04-13T22:00:00.000000000,97.47,85.72659
2026-04-13T23:00:00.000000000,117.05,98.22852
2026-04-14T00:00:00.000000000,115.96,124.10624
2026-04-14T01:00:00.000000000,108.7,131.30563
2026-04-14T02:00:00.000000000,139.08,132.35698
2026-04-14T03:00:00.000000000,159.06,141.67317
2026-04-14T04:00:00.000000000,151.19,148.43415
2026-04-14T05:00:00.000000000,152.43,152.52402
2026-04-14T06:00:00.000000000,157.85,151.43291
2026-04-14T07:00:00.000000000,161.03,141.71284
2026-04-14T08:00:00.000000000,171.61,135.60926
2026-04-14T09:00:00.000000000,165.81,134.61558
2026-04-14T10:00:00.000000000,160.75,131.7697
2026-04-14T11:00:00.000000000,159.23,131.01202
2026-04-14T12:00:00.000000000,161.29,129.48208
2026-04-14T13:00:00.000000000,160.16,126.88719
2026-04-14T14:00:00.000000000,149.21,118.52654
2026-04-14T15:00:00.000000000,109.63,110.07161
2026-04-14T16:00:00.000000000,63.26,100.76068
2026-04-14T17:00:00.000000000,53.53,87.92716
2026-04-14T18:00:00.000000000,52.24,78.85477
2026-04-14T19:00:00.000000000,57.99,80.92377
2026-04-14T20:00:00.000000000,53.38,81.44472
2026-04-14T21:00:00.000000000,55.0,86.6405
2026-04-14T22:00:00.000000000,47.33,96.71658
2026-04-14T23:00:00.000000000,57.24,107.74446
2026-04-15T00:00:00.000000000,63.02,118.50322
2026-04-15T01:00:00.000000000,99.93,128.87464
2026-04-15T02:00:00.000000000,144.43,132.06344
2026-04-15T03:00:00.000000000,158.14,142.92792
2026-04-15T04:00:00.000000000,172.62,150.85384
2026-04-15T05:00:00.000000000,177.92,155.22761
2026-04-15T06:00:00.000000000,176.56,153.86844
2026-04-15T07:00:00.000000000,175.97,142.97515
2026-04-15T08:00:00.000000000,173.89,135.6702
2026-04-15T09:00:00.000000000,169.58,134.074
2026-04-15T10:00:00.000000000,168.32,131.27231
2026-04-15T11:00:00.000000000,157.08,131.15718
2026-04-15T12:00:00.000000000,152.57,130.79637
2026-04-15T13:00:00.000000000,156.44,128.9364
2026-04-15T14:00:00.000000000,144.66,120.52959
2026-04-15T15:00:00.000000000,99.95,111.17987
2026-04-15T16:00:00.000000000,61.67,99.82129
2026-04-15T17:00:00.000000000,70.16,84.11834
2026-04-15T18:00:00.000000000,81.88,71.93111
2026-04-15T19:00:00.000000000,82.05,72.31863
2026-04-15T20:00:00.000000000,87.01,71.43708
2026-04-15T21:00:00.000000000,85.84,76.35303
2026-04-15T22:00:00.000000000,87.8,86.72143
2026-04-15T23:00:00.000000000,79.16,99.28234
2026-04-10T00:00:00.000000000,130.25,132.9244
2026-04-10T01:00:00.000000000,160.39,142.96189
2026-04-10T02:00:00.000000000,180.23,145.79503
2026-04-10T03:00:00.000000000,173.19,154.50456
2026-04-10T04:00:00.000000000,179.94,160.04167
2026-04-10T05:00:00.000000000,185.33,162.90114
2026-04-10T06:00:00.000000000,177.55,161.47253
2026-04-10T07:00:00.000000000,173.82,152.69208
2026-04-10T08:00:00.000000000,177.14,147.75512
2026-04-10T09:00:00.000000000,176.83,146.59823
2026-04-10T10:00:00.000000000,176.43,144.54694
2026-04-10T11:00:00.000000000,179.52,144.31369
2026-04-10T12:00:00.000000000,177.19,143.60862
2026-04-10T13:00:00.000000000,178.2,141.03163
2026-04-10T14:00:00.000000000,180.06,132.94176
2026-04-10T15:00:00.000000000,177.11,123.81873
2026-04-10T16:00:00.000000000,165.25,112.28427
2026-04-10T17:00:00.000000000,116.45,96.88807
2026-04-10T18:00:00.000000000,98.53,85.94872
2026-04-10T19:00:00.000000000,102.01,87.03076
2026-04-10T20:00:00.000000000,95.16,87.68307
2026-04-10T21:00:00.000000000,111.83,93.80785
2026-04-10T22:00:00.000000000,113.26,103.55034
2026-04-10T23:00:00.000000000,117.08,115.24695
2026-04-11T00:00:00.000000000,120.99,119.20922
2026-04-11T01:00:00.000000000,168.89,129.87033
2026-04-11T02:00:00.000000000,175.84,133.70675
2026-04-11T03:00:00.000000000,195.5,144.81896
2026-04-11T04:00:00.000000000,188.75,152.92979
2026-04-11T05:00:00.000000000,192.13,157.87428
2026-04-11T06:00:00.000000000,180.32,157.18363
2026-04-11T07:00:00.000000000,180.82,147.31752
2026-04-11T08:00:00.000000000,172.75,140.60267
2026-04-11T09:00:00.000000000,172.67,139.13572
2026-04-11T10:00:00.000000000,175.86,136.36715
2026-04-11T11:00:00.000000000,172.66,136.23982
2026-04-11T12:00:00.000000000,168.08,135.88095
2026-04-11T13:00:00.000000000,163.36,134.08023
2026-04-11T14:00:00.000000000,151.4,126.24959
2026-04-11T15:00:00.000000000,125.24,117.34699
2026-04-11T16:00:00.000000000,77.44,106.31854
2026-04-11T17:00:00.000000000,68.83,90.76554
2026-04-11T18:00:00.000000000,68.85,78.46317
2026-04-11T19:00:00.000000000,68.03,78.21428
2026-04-11T20:00:00.000000000,76.98,76.56031
2026-04-11T21:00:00.000000000,90.57,80.50876
2026-04-11T22:00:00.000000000,92.36,89.65503
2026-04-11T23:00:00.000000000,111.22,101.13864
2026-04-12T00:00:00.000000000,120.67,117.49073
2026-04-12T01:00:00.000000000,138.29,130.04462
2026-04-12T02:00:00.000000000,144.38,135.3735
2026-04-12T03:00:00.000000000,149.14,147.3061
2026-04-12T04:00:00.000000000,162.98,155.89318
2026-04-12T05:00:00.000000000,173.03,161.10562
2026-04-12T06:00:00.000000000,177.94,160.65631
2026-04-12T07:00:00.000000000,170.78,151.09013
2026-04-12T08:00:00.000000000,169.04,144.80298
2026-04-12T09:00:00.000000000,150.58,143.53451
2026-04-12T10:00:00.000000000,153.36,140.84397
2026-04-12T11:00:00.000000000,152.37,140.51373
2026-04-12T12:00:00.000000000,151.11,140.11002
2026-04-12T13:00:00.000000000,141.94,138.0906
2026-04-12T14:00:00.000000000,125.63,130.05196
2026-04-12T15:00:00.000000000,68.74,120.65261
2026-04-12T16:00:00.000000000,51.88,108.26141
2026-04-12T17:00:00.000000000,54.05,90.94545
2026-04-12T18:00:00.000000000,57.42,76.9419
2026-04-12T19:00:00.000000000,73.94,75.90677
2026-04-12T20:00:00.000000000,69.74,73.84573
2026-04-12T21:00:00.000000000,70.78,77.84254
2026-04-12T22:00:00.000000000,86.6,86.80836
2026-04-12T23:00:00.000000000,94.44,98.65391
2026-04-13T00:00:00.000000000,103.43,118.19198
2026-04-13T01:00:00.000000000,137.51,131.22367
2026-04-13T02:00:00.000000000,150.35,136.6895
2026-04-13T03:00:00.000000000,173.97,148.57606
2026-04-13T04:00:00.000000000,168.53,157.05465
2026-04-13T05:00:00.000000000,164.6,162.09623
2026-04-13T06:00:00.000000000,169.27,161.54943
2026-04-13T07:00:00.000000000,143.11,151.94214
2026-04-13T08:00:00.000000000,148.6,145.88003
2026-04-13T09:00:00.000000000,147.02,144.70671
2026-04-13T10:00:00.000000000,146.99,142.04049
2026-04-13T11:00:00.000000000,150.04,141.3669
2026-04-13T12:00:00.000000000,150.65,140.49845
2026-04-13T13:00:00.000000000,151.62,137.8587
2026-04-13T14:00:00.000000000,146.37,129.21942
2026-04-13T15:00:00.000000000,115.3,119.35378
2026-04-13T16:00:00.000000000,57.96,106.30282
2026-04-13T17:00:00.000000000,89.37,88.41897
2026-04-13T18:00:00.000000000,90.8,74.10812
2026-04-13T19:00:00.000000000,93.9,73.32918
2026-04-13T20:00:00.000000000,86.68,71.84338
2026-04-13T21:00:00.000000000,86.7,76.62779
2026-04-13T22:00:00.000000000,97.47,86.15476
2026-04-13T23:00:00.000000000,117.05,98.63387
2026-04-14T00:00:00.000000000,115.96,124.2452
2026-04-14T01:00:00.000000000,108.7,131.45083
2026-04-14T02:00:00.000000000,139.08,132.50994
2026-04-14T03:00:00.000000000,159.06,141.81073
2026-04-14T04:00:00.000000000,151.19,148.55316
2026-04-14T05:00:00.000000000,152.43,152.62929
2026-04-14T06:00:00.000000000,157.85,151.53496
2026-04-14T07:00:00.000000000,161.03,141.82836
2026-04-14T08:00:00.000000000,171.61,135.73327
2026-04-14T09:00:00.000000000,165.81,134.73132
2026-04-14T10:00:00.000000000,160.75,131.8929
2026-04-14T11:00:00.000000000,159.23,131.14734
2026-04-14T12:00:00.000000000,161.29,129.63389
2026-04-14T13:00:00.000000000,160.16,127.0514
2026-04-14T14:00:00.000000000,149.21,118.71077
2026-04-14T15:00:00.000000000,109.63,110.26509
2026-04-14T16:00:00.000000000,63.26,100.95532
2026-04-14T17:00:00.000000000,53.53,88.12114
2026-04-14T18:00:00.000000000,52.24,79.05287
2026-04-14T19:00:00.000000000,57.99,81.11313
2026-04-14T20:00:00.000000000,53.38,81.63098
2026-04-14T21:00:00.000000000,55.0,86.82255
2026-04-14T22:00:00.000000000,47.33,96.88079
2026-04-14T23:00:00.000000000,57.24,107.89497
2026-04-15T00:00:00.000000000,63.02,118.55497
2026-04-15T01:00:00.000000000,99.93,128.93007
2026-04-15T02:00:00.000000000,144.43,132.12354
2026-04-15T03:00:00.000000000,158.14,142.98255
2026-04-15T04:00:00.000000000,172.62,150.9007
2026-04-15T05:00:00.000000000,177.92,155.26864
2026-04-15T06:00:00.000000000,176.56,153.9079
2026-04-15T07:00:00.000000000,175.97,143.02031
2026-04-15T08:00:00.000000000,173.89,135.71857
2026-04-15T09:00:00.000000000,169.58,134.11929
2026-04-15T10:00:00.000000000,168.32,131.31956
2026-04-15T11:00:00.000000000,157.08,131.20839
2026-04-15T12:00:00.000000000,152.57,130.85369
2026-04-15T13:00:00.000000000,156.44,128.99917
2026-04-15T14:00:00.000000000,144.66,120.60152
2026-04-15T15:00:00.000000000,99.95,111.25732
2026-04-15T16:00:00.000000000,61.67,99.90068
2026-04-15T17:00:00.000000000,70.16,84.19789
2026-04-15T18:00:00.000000000,81.88,72.01213
2026-04-15T19:00:00.000000000,82.05,72.3958
2026-04-15T20:00:00.000000000,87.01,71.51204
2026-04-15T21:00:00.000000000,85.84,76.42469
2026-04-15T22:00:00.000000000,87.8,86.78464
2026-04-15T23:00:00.000000000,79.16,99.33913
2026-04-16T00:00:00.000000000,90.1,113.94887
2026-04-16T01:00:00.000000000,111.72,125.86638
2026-04-16T02:00:00.000000000,158.42,130.29491
2026-04-16T03:00:00.000000000,178.05,142.37351
2026-04-16T04:00:00.000000000,188.11,151.42258
2026-04-16T05:00:00.000000000,187.14,156.8346
2026-04-16T06:00:00.000000000,186.47,156.17037
2026-04-16T07:00:00.000000000,172.05,145.61987
2026-04-16T08:00:00.000000000,172.33,138.76086
2026-04-16T09:00:00.000000000,166.31,137.56446
2026-04-16T10:00:00.000000000,163.8,134.58804
2026-04-16T11:00:00.000000000,163.82,133.61705
2026-04-16T12:00:00.000000000,165.2,132.19637
2026-04-16T13:00:00.000000000,158.26,129.14716
2026-04-16T14:00:00.000000000,154.35,119.76666
2026-04-16T15:00:00.000000000,146.7,109.65435
2026-04-16T16:00:00.000000000,120.88,97.1201
2026-04-16T17:00:00.000000000,111.34,80.05537
2026-04-16T18:00:00.000000000,90.13,66.39288
2026-04-16T19:00:00.000000000,94.26,66.3775
2026-04-16T20:00:00.000000000,93.08,65.31696
2026-04-16T21:00:00.000000000,88.23,70.42839
2026-04-16T22:00:00.000000000,80.1,80.91507
2026-04-16T23:00:00.000000000,81.01,93.97366
2026-04-11T00:00:00.000000000,120.99,124.30174
2026-04-11T01:00:00.000000000,168.89,138.59474
2026-04-11T02:00:00.000000000,175.84,144.92297
2026-04-11T03:00:00.000000000,195.5,156.28367
2026-04-11T04:00:00.000000000,188.75,163.79419
2026-04-11T05:00:00.000000000,192.13,168.03158
2026-04-11T06:00:00.000000000,180.32,167.35946
2026-04-11T07:00:00.000000000,180.82,158.55354
2026-04-11T08:00:00.000000000,172.75,153.28145
2026-04-11T09:00:00.000000000,172.67,151.98889
2026-04-11T10:00:00.000000000,175.86,149.78971
2026-04-11T11:00:00.000000000,172.66,149.65663
2026-04-11T12:00:00.000000000,168.08,149.67937
2026-04-11T13:00:00.000000000,163.36,147.54223
2026-04-11T14:00:00.000000000,151.4,139.50008
2026-04-11T15:00:00.000000000,125.24,129.50942
2026-04-11T16:00:00.000000000,77.44,115.55974
2026-04-11T17:00:00.000000000,68.83,96.66587
2026-04-11T18:00:00.000000000,68.85,81.60737
2026-04-11T19:00:00.000000000,68.03,80.18243
2026-04-11T20:00:00.000000000,76.98,78.56731
2026-04-11T21:00:00.000000000,90.57,83.397
2026-04-11T22:00:00.000000000,92.36,92.22793
2026-04-11T23:00:00.000000000,111.22,104.49959
2026-04-12T00:00:00.000000000,120.67,119.65777
2026-04-12T01:00:00.000000000,138.29,133.57635
2026-04-12T02:00:00.000000000,144.38,139.75384
2026-04-12T03:00:00.000000000,149.14,151.66234
2026-04-12T04:00:00.000000000,162.98,159.85136
2026-04-12T05:00:00.000000000,173.03,164.52971
2026-04-12T06:00:00.000000000,177.94,163.81159
2026-04-12T07:00:00.000000000,170.78,154.38922
2026-04-12T08:00:00.000000000,169.04,148.53191
2026-04-12T09:00:00.000000000,150.58,147.28651
2026-04-12T10:00:00.000000000,153.36,144.68827
2026-04-12T11:00:00.000000000,152.37,144.10459
2026-04-12T12:00:00.000000000,151.11,143.53806
2026-04-12T13:00:00.000000000,141.94,141.1211
2026-04-12T14:00:00.000000000,125.63,132.76077
2026-04-12T15:00:00.000000000,68.74,122.90818
2026-04-12T16:00:00.000000000,51.88,109.40731
2026-04-12T17:00:00.000000000,54.05,90.85137
2026-04-12T18:00:00.000000000,57.42,75.97734
2026-04-12T19:00:00.000000000,73.94,74.87448
2026-04-12T20:00:00.000000000,69.74,73.2666
2026-04-12T21:00:00.000000000,70.78,78.03433
2026-04-12T22:00:00.000000000,86.6,87.27991
2026-04-12T23:00:00.000000000,94.44,99.78057
2026-04-13T00:00:00.000000000,103.43,119.1368
2026-04-13T01:00:00.000000000,137.51,132.54486
2026-04-13T02:00:00.000000000,150.35,138.17846
2026-04-13T03:00:00.000000000,173.97,149.97917
2026-04-13T04:00:00.000000000,168.53,158.27088
2026-04-13T05:00:00.000000000,164.6,163.05893
2026-04-13T06:00:00.000000000,169.27,162.35016
2026-04-13T07:00:00.000000000,143.11,152.69945
2026-04-13T08:00:00.000000000,148.6,146.75012
2026-04-13T09:00:00.000000000,147.02,145.57431
2026-04-13T10:00:00.000000000,146.99,142.9352
2026-04-13T11:00:00.000000000,150.04,142.13072
2026-04-13T12:00:00.000000000,150.65,141.12629
2026-04-13T13:00:00.000000000,151.62,138.26252
2026-04-13T14:00:00.000000000,146.37,129.40458
2026-04-13T15:00:00.000000000,115.3,119.33055
2026-04-13T16:00:00.000000000,57.96,105.88234
2026-04-13T17:00:00.000000000,89.37,87.6065
2026-04-13T18:00:00.000000000,90.8,73.08994
2026-04-13T19:00:00.000000000,93.9,72.42422
2026-04-13T20:00:00.000000000,86.68,71.2651
2026-04-13T21:00:00.000000000,86.7,76.49472
2026-04-13T22:00:00.000000000,97.47,86.29171
2026-04-13T23:00:00.000000000,117.05,99.1231
2026-04-14T00:00:00.000000000,115.96,124.57255
2026-04-14T01:00:00.000000000,108.7,131.87169
2026-04-14T02:00:00.000000000,139.08,132.94476
2026-04-14T03:00:00.000000000,159.06,142.20183
2026-04-14T04:00:00.000000000,151.19,148.88321
2026-04-14T05:00:00.000000000,152.43,152.86923
2026-04-14T06:00:00.000000000,157.85,151.70902
2026-04-14T07:00:00.000000000,161.03,141.95384
2026-04-14T08:00:00.000000000,171.61,135.87979
2026-04-14T09:00:00.000000000,165.81,134.87099
2026-04-14T10:00:00.000000000,160.75,132.0406
2026-04-14T11:00:00.000000000,159.23,131.23616
2026-04-14T12:00:00.000000000,161.29,129.64781
2026-04-14T13:00:00.000000000,160.16,126.95857
2026-04-14T14:00:00.000000000,149.21,118.50784
2026-04-14T15:00:00.000000000,109.63,109.97496
2026-04-14T16:00:00.000000000,63.26,100.5226
2026-04-14T17:00:00.000000000,53.53,87.56385
2026-04-14T18:00:00.000000000,52.24,78.44998
2026-04-14T19:00:00.000000000,57.99,80.58162
2026-04-14T20:00:00.000000000,53.38,81.25593
2026-04-14T21:00:00.000000000,55.0,86.65461
2026-04-14T22:00:00.000000000,47.33,96.86336
2026-04-14T23:00:00.000000000,57.24,108.03802
2026-04-15T00:00:00.000000000,63.02,118.67855
2026-04-15T01:00:00.000000000,99.93,129.06112
2026-04-15T02:00:00.000000000,144.43,132.23931
2026-04-15T03:00:00.000000000,158.14,143.07345
2026-04-15T04:00:00.000000000,172.62,150.96376
2026-04-15T05:00:00.000000000,177.92,155.2938
2026-04-15T06:00:00.000000000,176.56,153.90409
2026-04-15T07:00:00.000000000,175.97,142.99347
2026-04-15T08:00:00.000000000,173.89,135.69721
2026-04-15T09:00:00.000000000,169.58,134.09721
2026-04-15T10:00:00.000000000,168.32,131.29842
2026-04-15T11:00:00.000000000,157.08,131.16425
2026-04-15T12:00:00.000000000,152.57,130.77871
2026-04-15T13:00:00.000000000,156.44,128.88532
2026-04-15T14:00:00.000000000,144.66,120.44468
2026-04-15T15:00:00.000000000,99.95,111.07139
2026-04-15T16:00:00.000000000,61.67,99.67708
2026-04-15T17:00:00.000000000,70.16,83.94949
2026-04-15T18:00:00.000000000,81.88,71.76899
2026-04-15T19:00:00.000000000,82.05,72.19469
2026-04-15T20:00:00.000000000,87.01,71.38016
2026-04-15T21:00:00.000000000,85.84,76.37269
2026-04-15T22:00:00.000000000,87.8,86.7947
2026-04-15T23:00:00.000000000,79.16,99.40477
2026-04-16T00:00:00.000000000,90.1,113.99941
2026-04-16T01:00:00.000000000,111.72,125.90826
2026-04-16T02:00:00.000000000,158.42,130.32359
2026-04-16T03:00:00.000000000,178.05,142.38929
2026-04-16T04:00:00.000000000,188.11,151.42597
2026-04-16T05:00:00.000000000,187.14,156.82313
2026-04-16T06:00:00.000000000,186.47,156.14724
2026-04-16T07:00:00.000000000,172.05,145.58731
2026-04-16T08:00:00.000000000,172.33,138.72802
2026-04-16T09:00:00.000000000,166.31,137.5306
2026-04-16T10:00:00.000000000,163.8,134.55381
2026-04-16T11:00:00.000000000,163.82,133.57584
2026-04-16T12:00:00.000000000,165.2,132.14493
2026-04-16T13:00:00.000000000,158.26,129.08453
2026-04-16T14:00:00.000000000,154.35,119.69176
2026-04-16T15:00:00.000000000,146.7,109.5737
2026-04-16T16:00:00.000000000,120.88,97.03528
2026-04-16T17:00:00.000000000,111.34,79.97241
2026-04-16T18:00:00.000000000,90.13,66.32186
2026-04-16T19:00:00.000000000,94.26,66.32537
2026-04-16T20:00:00.000000000,93.08,65.2906
2026-04-16T21:00:00.000000000,88.23,70.42829
2026-04-16T22:00:00.000000000,80.1,80.93638
2026-04-16T23:00:00.000000000,81.01,94.01071
2026-04-17T00:00:00.000000000,91.44,112.68812
2026-04-17T01:00:00.000000000,118.54,125.85491
2026-04-17T02:00:00.000000000,139.65,131.10454
2026-04-17T03:00:00.000000000,159.93,143.65949
2026-04-17T04:00:00.000000000,183.01,153.00786
2026-04-17T05:00:00.000000000,188.23,158.45531
2026-04-17T06:00:00.000000000,190.9,157.70904
2026-04-17T07:00:00.000000000,186.08,146.97791
2026-04-17T08:00:00.000000000,156.8,140.12993
2026-04-17T09:00:00.000000000,157.36,138.89712
2026-04-17T10:00:00.000000000,153.01,135.88202
2026-04-17T11:00:00.000000000,155.37,134.60232
2026-04-17T12:00:00.000000000,160.21,132.88028
2026-04-17T13:00:00.000000000,166.03,129.31512
2026-04-17T14:00:00.000000000,152.22,119.42486
2026-04-17T15:00:00.000000000,120.3,108.75441
2026-04-17T16:00:00.000000000,68.13,95.27621
2026-04-17T17:00:00.000000000,76.23,77.11389
2026-04-17T18:00:00.000000000,72.69,62.44229
2026-04-17T19:00:00.000000000,73.32,62.28163
2026-04-17T20:00:00.000000000,77.64,61.35048
2026-04-17T21:00:00.000000000,73.89,66.93928
2026-04-17T22:00:00.000000000,71.55,77.7683
2026-04-17T23:00:00.000000000,81.11,91.56383
2026-04-12T00:00:00.000000000,120.67,136.83224
2026-04-12T01:00:00.000000000,138.29,150.20487
2026-04-12T02:00:00.000000000,144.38,154.18515
2026-04-12T03:00:00.000000000,149.14,162.90885
2026-04-12T04:00:00.000000000,162.98,168.14092
2026-04-12T05:00:00.000000000,173.03,169.95061
2026-04-12T06:00:00.000000000,177.94,167.65209
2026-04-12T07:00:00.000000000,170.78,157.8639
2026-04-12T08:00:00.000000000,169.04,153.51728
2026-04-12T09:00:00.000000000,150.58,152.73229
2026-04-12T10:00:00.000000000,153.36,151.09694
2026-04-12T11:00:00.000000000,152.37,149.65336
2026-04-12T12:00:00.000000000,151.11,147.23806
2026-04-12T13:00:00.000000000,141.94,141.98171
2026-04-12T14:00:00.000000000,125.63,130.41047
2026-04-12T15:00:00.000000000,68.74,118.03623
2026-04-12T16:00:00.000000000,51.88,101.86316
2026-04-12T17:00:00.000000000,54.05,82.15798
2026-04-12T18:00:00.000000000,57.42,68.65064
2026-04-12T19:00:00.000000000,73.94,70.8123
2026-04-12T20:00:00.000000000,69.74,74.53396
2026-04-12T21:00:00.000000000,70.78,85.20116
2026-04-12T22:00:00.000000000,86.6,98.59949
2026-04-12T23:00:00.000000000,94.44,114.54122
2026-04-13T00:00:00.000000000,103.43,123.93626
2026-04-13T01:00:00.000000000,137.51,137.06265
2026-04-13T02:00:00.000000000,150.35,142.04626
2026-04-13T03:00:00.000000000,173.97,152.87207
2026-04-13T04:00:00.000000000,168.53,160.15292
2026-04-13T05:00:00.000000000,164.6,163.88651
2026-04-13T06:00:00.000000000,169.27,162.5051
2026-04-13T07:00:00.000000000,143.11,152.6145
2026-04-13T08:00:00.000000000,148.6,147.01532
2026-04-13T09:00:00.000000000,147.02,145.90612
2026-04-13T10:00:00.000000000,146.99,143.36487
2026-04-13T11:00:00.000000000,150.04,142.09623
2026-04-13T12:00:00.000000000,150.65,140.38963
2026-04-13T13:00:00.000000000,151.62,136.70029
2026-04-13T14:00:00.000000000,146.37,127.06339
2026-04-13T15:00:00.000000000,115.3,116.57776
2026-04-13T16:00:00.000000000,57.96,102.64607
2026-04-13T17:00:00.000000000,89.37,84.25193
2026-04-13T18:00:00.000000000,90.8,70.38463
2026-04-13T19:00:00.000000000,93.9,70.85697
2026-04-13T20:00:00.000000000,86.68,71.40278
2026-04-13T21:00:00.000000000,86.7,78.41134
2026-04-13T22:00:00.000000000,97.47,89.4442
2026-04-13T23:00:00.000000000,117.05,103.22414
2026-04-14T00:00:00.000000000,115.96,126.21226
2026-04-14T01:00:00.000000000,108.7,133.19356
2026-04-14T02:00:00.000000000,139.08,133.98438
2026-04-14T03:00:00.000000000,159.06,142.89206
2026-04-14T04:00:00.000000000,151.19,149.22879
2026-04-14T05:00:00.000000000,152.43,152.87824
2026-04-14T06:00:00.000000000,157.85,151.47909
2026-04-14T07:00:00.000000000,161.03,141.63347
2026-04-14T08:00:00.000000000,171.61,135.57593
2026-04-14T09:00:00.000000000,165.81,134.50669
2026-04-14T10:00:00.000000000,160.75,131.65208
2026-04-14T11:00:00.000000000,159.23,130.7229
2026-04-14T12:00:00.000000000,161.29,128.953
2026-04-14T13:00:00.000000000,160.16,126.12129
2026-04-14T14:00:00.000000000,149.21,117.62098
2026-04-14T15:00:00.000000000,109.63,109.18246
2026-04-14T16:00:00.000000000,63.26,99.89365
2026-04-14T17:00:00.000000000,53.53,87.19532
2026-04-14T18:00:00.000000000,52.24,78.53288
2026-04-14T19:00:00.000000000,57.99,81.05105
2026-04-14T20:00:00.000000000,53.38,82.20117
2026-04-14T21:00:00.000000000,55.0,87.98656
2026-04-14T22:00:00.000000000,47.33,98.43553
2026-04-14T23:00:00.000000000,57.24,109.69772
2026-04-15T00:00:00.000000000,63.02,119.31757
2026-04-15T01:00:00.000000000,99.93,129.50075
2026-04-15T02:00:00.000000000,144.43,132.55052
2026-04-15T03:00:00.000000000,158.14,143.24788
2026-04-15T04:00:00.000000000,172.62,151.01483
2026-04-15T05:00:00.000000000,177.92,155.24654
2026-04-15T06:00:00.000000000,176.56,153.78474
2026-04-15T07:00:00.000000000,175.97,142.85233
2026-04-15T08:00:00.000000000,173.89,135.5133
2026-04-15T09:00:00.000000000,169.58,133.85267
2026-04-15T10:00:00.000000000,168.32,131.03558
2026-04-15T11:00:00.000000000,157.08,130.91288
2026-04-15T12:00:00.000000000,152.57,130.53439
2026-04-15T13:00:00.000000000,156.44,128.68463
2026-04-15T14:00:00.000000000,144.66,120.33365
2026-04-15T15:00:00.000000000,99.95,111.08415
2026-04-15T16:00:00.000000000,61.67,99.87918
2026-04-15T17:00:00.000000000,70.16,84.36544
2026-04-15T18:00:00.000000000,81.88,72.42672
2026-04-15T19:00:00.000000000,82.05,72.95366
2026-04-15T20:00:00.000000000,87.01,72.22049
2026-04-15T21:00:00.000000000,85.84,77.22283
2026-04-15T22:00:00.000000000,87.8,87.63131
2026-04-15T23:00:00.000000000,79.16,100.16337
2026-04-16T00:00:00.000000000,90.1,114.23882
2026-04-16T01:00:00.000000000,111.72,126.06189
2026-04-16T02:00:00.000000000,158.42,130.43808
2026-04-16T03:00:00.000000000,178.05,142.45811
2026-04-16T04:00:00.000000000,188.11,151.45373
2026-04-16T05:00:00.000000000,187.14,156.82761
2026-04-16T06:00:00.000000000,186.47,156.13687
2026-04-16T07:00:00.000000000,172.05,145.58315
2026-04-16T08:00:00.000000000,172.33,138.69761
2026-04-16T09:00:00.000000000,166.31,137.46558
2026-04-16T10:00:00.000000000,163.8,134.48068
2026-04-16T11:00:00.000000000,163.82,133.53218
2026-04-16T12:00:00.000000000,165.2,132.14031
2026-04-16T13:00:00.000000000,158.26,129.13946
2026-04-16T14:00:00.000000000,154.35,119.82749
2026-04-16T15:00:00.000000000,146.7,109.78766
2026-04-16T16:00:00.000000000,120.88,97.3572
2026-04-16T17:00:00.000000000,111.34,80.40228
2026-04-16T18:00:00.000000000,90.13,66.85151
2026-04-16T19:00:00.000000000,94.26,66.86249
2026-04-16T20:00:00.000000000,93.08,65.80973
2026-04-16T21:00:00.000000000,88.23,70.89048
2026-04-16T22:00:00.000000000,80.1,81.34139
2026-04-16T23:00:00.000000000,81.01,94.33815
2026-04-17T00:00:00.000000000,91.44,112.77063
2026-04-17T01:00:00.000000000,118.54,125.91267
2026-04-17T02:00:00.000000000,139.65,131.15956
2026-04-17T03:00:00.000000000,159.93,143.70394
2026-04-17T04:00:00.000000000,183.01,153.0416
2026-04-17T05:00:00.000000000,188.23,158.48716
2026-04-17T06:00:00.000000000,190.9,157.74129
2026-04-17T07:00:00.000000000,186.08,147.01888
2026-04-17T08:00:00.000000000,156.8,140.15787
2026-04-17T09:00:00.000000000,157.36,138.90715
2026-04-17T10:00:00.000000000,153.01,135.88902
2026-04-17T11:00:00.000000000,155.37,134.62994
2026-04-17T12:00:00.000000000,160.21,132.93738
2026-04-17T13:00:00.000000000,166.03,129.4102
2026-04-17T14:00:00.000000000,152.22,119.56734
2026-04-17T15:00:00.000000000,120.3,108.93533
2026-04-17T16:00:00.000000000,68.13,95.50415
2026-04-17T17:00:00.000000000,76.23,77.38312
2026-04-17T18:00:00.000000000,72.69,62.74238
2026-04-17T19:00:00.000000000,73.32,62.5674
2026-04-17T20:00:00.000000000,77.64,61.60756
2026-04-17T21:00:00.000000000,73.89,67.15157
2026-04-17T22:00:00.000000000,71.55,77.93814
2026-04-17T23:00:00.000000000,81.11,91.68909
2026-04-18T00:00:00.000000000,92.29,111.48744
2026-04-18T01:00:00.000000000,134.03,123.562
2026-04-18T02:00:00.000000000,177.74,127.58792
2026-04-18T03:00:00.000000000,176.62,139.79948
2026-04-18T04:00:00.000000000,175.91,149.05641
2026-04-18T05:00:00.000000000,175.32,154.42555
2026-04-18T06:00:00.000000000,177.02,153.58887
2026-04-18T07:00:00.000000000,178.68,142.46005
2026-04-18T08:00:00.000000000,159.4,135.549
2026-04-18T09:00:00.000000000,159.72,134.60159
2026-04-18T10:00:00.000000000,162.84,131.57169
2026-04-18T11:00:00.000000000,162.73,130.14052
2026-04-18T12:00:00.000000000,163.38,128.05744
2026-04-18T13:00:00.000000000,159.45,124.13278
2026-04-18T14:00:00.000000000,144.07,113.4815
2026-04-18T15:00:00.000000000,110.05,102.37363
2026-04-18T16:00:00.000000000,64.0,88.95683
2026-04-18T17:00:00.000000000,60.45,71.33277
2026-04-18T18:00:00.000000000,56.01,57.29146
2026-04-18T19:00:00.000000000,54.84,57.91865
2026-04-18T20:00:00.000000000,64.44,57.7101
2026-04-18T21:00:00.000000000,67.13,63.99072
2026-04-18T22:00:00.000000000,79.62,75.78144
2026-04-18T23:00:00.000000000,104.93,90.10717
2026-04-13T00:00:00.000000000,103.43,125.1126
2026-04-13T01:00:00.000000000,137.51,137.31299
2026-04-13T02:00:00.000000000,150.35,141.36569
2026-04-13T03:00:00.000000000,173.97,151.72402
2026-04-13T04:00:00.000000000,168.53,158.88076
2026-04-13T05:00:00.000000000,164.6,162.67952
2026-04-13T06:00:00.000000000,169.27,161.27012
2026-04-13T07:00:00.000000000,143.11,151.45045
2026-04-13T08:00:00.000000000,148.6,146.54909
2026-04-13T09:00:00.000000000,147.02,146.00254
2026-04-13T10:00:00.000000000,146.99,143.11812
2026-04-13T11:00:00.000000000,150.04,139.86263
2026-04-13T12:00:00.000000000,150.65,135.16199
2026-04-13T13:00:00.000000000,151.62,128.60902
2026-04-13T14:00:00.000000000,146.37,117.05656
2026-04-13T15:00:00.000000000,115.3,106.17219
2026-04-13T16:00:00.000000000,57.96,92.3966
2026-04-13T17:00:00.000000000,89.37,74.70899
2026-04-13T18:00:00.000000000,90.8,62.21892
2026-04-13T19:00:00.000000000,93.9,64.74285
2026-04-13T20:00:00.000000000,86.68,67.69393
2026-04-13T21:00:00.000000000,86.7,76.96926
2026-04-13T22:00:00.000000000,97.47,89.66211
2026-04-13T23:00:00.000000000,117.05,104.44272
2026-04-14T00:00:00.000000000,115.96,126.97849
2026-04-14T01:00:00.000000000,108.7,133.46784
2026-04-14T02:00:00.000000000,139.08,133.83629
2026-04-14T03:00:00.000000000,159.06,142.44519
2026-04-14T04:00:00.000000000,151.19,148.51185
2026-04-14T05:00:00.000000000,152.43,151.87504
2026-04-14T06:00:00.000000000,157.85,150.21063
2026-04-14T07:00:00.000000000,161.03,140.18774
2026-04-14T08:00:00.000000000,171.61,134.18274
2026-04-14T09:00:00.000000000,165.81,133.19528
2026-04-14T10:00:00.000000000,160.75,130.18675
2026-04-14T11:00:00.000000000,159.23,128.76398
2026-04-14T12:00:00.000000000,161.29,126.30915
2026-04-14T13:00:00.000000000,160.16,122.9242
2026-04-14T14:00:00.000000000,149.21,114.04816
2026-04-14T15:00:00.000000000,109.63,105.66707
2026-04-14T16:00:00.000000000,63.26,96.62099
2026-04-14T17:00:00.000000000,53.53,84.31254
2026-04-14T18:00:00.000000000,52.24,76.28548
2026-04-14T19:00:00.000000000,57.99,79.53897
2026-04-14T20:00:00.000000000,53.38,81.50447
2026-04-14T21:00:00.000000000,55.0,87.96042
2026-04-14T22:00:00.000000000,47.33,98.94594
2026-04-14T23:00:00.000000000,57.24,110.46225
2026-04-15T00:00:00.000000000,63.02,119.71404
2026-04-15T01:00:00.000000000,99.93,129.56712
2026-04-15T02:00:00.000000000,144.43,132.37881
2026-04-15T03:00:00.000000000,158.14,142.93404
2026-04-15T04:00:00.000000000,172.62,150.60368
2026-04-15T05:00:00.000000000,177.92,154.75779
2026-04-15T06:00:00.000000000,176.56,153.21065
2026-04-15T07:00:00.000000000,175.97,142.1934
2026-04-15T08:00:00.000000000,173.89,134.77663
2026-04-15T09:00:00.000000000,169.58,133.07212
2026-04-15T10:00:00.000000000,168.32,130.19758
2026-04-15T11:00:00.000000000,157.08,130.00629
2026-04-15T12:00:00.000000000,152.57,129.51306
2026-04-15T13:00:00.000000000,156.44,127.61249
2026-04-15T14:00:00.000000000,144.66,119.25788
2026-04-15T15:00:00.000000000,99.95,110.12198
2026-04-15T16:00:00.000000000,61.67,99.16654
2026-04-15T17:00:00.000000000,70.16,83.96383
2026-04-15T18:00:00.000000000,81.88,72.37577
2026-04-15T19:00:00.000000000,82.05,73.12345
2026-04-15T20:00:00.000000000,87.01,72.57461
2026-04-15T21:00:00.000000000,85.84,77.66671
2026-04-15T22:00:00.000000000,87.8,88.17123
2026-04-15T23:00:00.000000000,79.16,100.67435
2026-04-16T00:00:00.000000000,90.1,114.40214
2026-04-16T01:00:00.000000000,111.72,126.07967
2026-04-16T02:00:00.000000000,158.42,130.37044
2026-04-16T03:00:00.000000000,178.05,142.33768
2026-04-16T04:00:00.000000000,188.11,151.29729
2026-04-16T05:00:00.000000000,187.14,156.65202
2026-04-16T06:00:00.000000000,186.47,155.93974
2026-04-16T07:00:00.000000000,172.05,145.36892
2026-04-16T08:00:00.000000000,172.33,138.43806
2026-04-16T09:00:00.000000000,166.31,137.17318
2026-04-16T10:00:00.000000000,163.8,134.16862
2026-04-16T11:00:00.000000000,163.82,133.23638
2026-04-16T12:00:00.000000000,165.2,131.86066
2026-04-16T13:00:00.000000000,158.26,128.90814
2026-04-16T14:00:00.000000000,154.35,119.6622
2026-04-16T15:00:00.000000000,146.7,109.70794
2026-04-16T16:00:00.000000000,120.88,97.42186
2026-04-16T17:00:00.000000000,111.34,80.62316
2026-04-16T18:00:00.000000000,90.13,67.21948
2026-04-16T19:00:00.000000000,94.26,67.27384
2026-04-16T20:00:00.000000000,93.08,66.22608
2026-04-16T21:00:00.000000000,88.23,71.26027
2026-04-16T22:00:00.000000000,80.1,81.68009
2026-04-16T23:00:00.000000000,81.01,94.60274
2026-04-17T00:00:00.000000000,91.44,112.82339
2026-04-17T01:00:00.000000000,118.54,125.91796
2026-04-17T02:00:00.000000000,139.65,131.14638
2026-04-17T03:00:00.000000000,159.93,143.67867
2026-04-17T04:00:00.000000000,183.01,153.00883
2026-04-17T05:00:00.000000000,188.23,158.45618
2026-04-17T06:00:00.000000000,190.9,157.71029
2026-04-17T07:00:00.000000000,186.08,146.98977
2026-04-17T08:00:00.000000000,156.8,140.10716
2026-04-17T09:00:00.000000000,157.36,138.83751
2026-04-17T10:00:00.000000000,153.01,135.81311
2026-04-17T11:00:00.000000000,155.37,134.57555
2026-04-17T12:00:00.000000000,160.21,132.91192
2026-04-17T13:00:00.000000000,166.03,129.42668
2026-04-17T14:00:00.000000000,152.22,119.63287
2026-04-17T15:00:00.000000000,120.3,109.04518
2026-04-17T16:00:00.000000000,68.13,95.67759
2026-04-17T17:00:00.000000000,76.23,77.61752
2026-04-17T18:00:00.000000000,72.69,63.02405
2026-04-17T19:00:00.000000000,73.32,62.84184
2026-04-17T20:00:00.000000000,77.64,61.85332
2026-04-17T21:00:00.000000000,73.89,67.34728
2026-04-17T22:00:00.000000000,71.55,78.09361
2026-04-17T23:00:00.000000000,81.11,91.79489
2026-04-18T00:00:00.000000000,92.29,111.49935
2026-04-18T01:00:00.000000000,134.03,123.56079
2026-04-18T02:00:00.000000000,177.74,127.58622
2026-04-18T03:00:00.000000000,176.62,139.79735
2026-04-18T04:00:00.000000000,175.91,149.05483
2026-04-18T05:00:00.000000000,175.32,154.42919
2026-04-18T06:00:00.000000000,177.02,153.59659
2026-04-18T07:00:00.000000000,178.68,142.47264
2026-04-18T08:00:00.000000000,159.4,135.55324
2026-04-18T09:00:00.000000000,159.72,134.59763
2026-04-18T10:00:00.000000000,162.84,131.56607
2026-04-18T11:00:00.000000000,162.73,130.14774
2026-04-18T12:00:00.000000000,163.38,128.08257
2026-04-18T13:00:00.000000000,159.45,124.18068
2026-04-18T14:00:00.000000000,144.07,113.55507
2026-04-18T15:00:00.000000000,110.05,102.46688
2026-04-18T16:00:00.000000000,64.0,89.07532
2026-04-18T17:00:00.000000000,60.45,71.47272
2026-04-18T18:00:00.000000000,56.01,57.44406
2026-04-18T19:00:00.000000000,54.84,58.05938
2026-04-18T20:00:00.000000000,64.44,57.82875
2026-04-18T21:00:00.000000000,67.13,64.07911
2026-04-18T22:00:00.000000000,79.62,75.84449
2026-04-18T23:00:00.000000000,104.93,90.14421
2026-04-19T00:00:00.000000000,127.25,116.74353
2026-04-19T01:00:00.000000000,136.13,130.20822
2026-04-19T02:00:00.000000000,168.61,135.27261
2026-04-19T03:00:00.000000000,175.18,147.17009
2026-04-19T04:00:00.000000000,183.42,155.78022
2026-04-19T05:00:00.000000000,180.35,160.576
2026-04-19T06:00:00.000000000,196.5,159.59809
2026-04-19T07:00:00.000000000,172.97,149.13645
2026-04-19T08:00:00.000000000,164.83,143.16551
2026-04-19T09:00:00.000000000,162.46,142.34617
2026-04-19T10:00:00.000000000,163.5,139.51024
2026-04-19T11:00:00.000000000,168.09,137.50522
2026-04-19T12:00:00.000000000,165.12,134.70886
2026-04-19T13:00:00.000000000,166.42,129.89069
2026-04-19T14:00:00.000000000,154.89,118.97386
2026-04-19T15:00:00.000000000,132.62,107.70171
2026-04-19T16:00:00.000000000,83.69,93.24567
2026-04-19T17:00:00.000000000,83.2,74.38452
2026-04-19T18:00:00.000000000,78.49,59.7776
2026-04-19T19:00:00.000000000,78.97,60.42911
2026-04-19T20:00:00.000000000,89.91,61.02903
2026-04-19T21:00:00.000000000,92.84,68.40827
2026-04-19T22:00:00.000000000,115.71,80.32803
2026-04-19T23:00:00.000000000,147.89,95.04704
2026-04-14T00:00:00.000000000,115.96,133.85008
2026-04-14T01:00:00.000000000,108.7,139.66389
2026-04-14T02:00:00.000000000,139.08,139.47133
2026-04-14T03:00:00.000000000,159.06,146.94688
2026-04-14T04:00:00.000000000,151.19,151.8776
2026-04-14T05:00:00.000000000,152.43,154.41072
2026-04-14T06:00:00.000000000,157.85,152.52048
2026-04-14T07:00:00.000000000,161.03,142.99219
2026-04-14T08:00:00.000000000,171.61,137.50162
2026-04-14T09:00:00.000000000,165.81,136.36255
2026-04-14T10:00:00.000000000,160.75,133.71196
2026-04-14T11:00:00.000000000,159.23,132.74861
2026-04-14T12:00:00.000000000,161.29,130.84741
2026-04-14T13:00:00.000000000,160.16,127.91935
2026-04-14T14:00:00.000000000,149.21,119.61586
2026-04-14T15:00:00.000000000,109.63,111.54053
2026-04-14T16:00:00.000000000,63.26,102.71707
2026-04-14T17:00:00.000000000,53.53,90.89102
2026-04-14T18:00:00.000000000,52.24,83.72399
2026-04-14T19:00:00.000000000,57.99,87.17088
2026-04-14T20:00:00.000000000,53.38,89.63392
2026-04-14T21:00:00.000000000,55.0,96.37378
2026-04-14T22:00:00.000000000,47.33,107.08217
2026-04-14T23:00:00.000000000,57.24,118.0701
2026-04-15T00:00:00.000000000,63.02,122.22972
2026-04-15T01:00:00.000000000,99.93,131.88619
2026-04-15T02:00:00.000000000,144.43,134.65689
2026-04-15T03:00:00.000000000,158.14,144.84617
2026-04-15T04:00:00.000000000,172.62,152.10454
2026-04-15T05:00:00.000000000,177.92,155.98612
2026-04-15T06:00:00.000000000,176.56,154.35243
2026-04-15T07:00:00.000000000,175.97,143.57353
2026-04-15T08:00:00.000000000,173.89,136.24737
2026-04-15T09:00:00.000000000,169.58,134.39102
2026-04-15T10:00:00.000000000,168.32,131.57417
2026-04-15T11:00:00.000000000,157.08,131.56499
2026-04-15T12:00:00.000000000,152.57,131.31715
2026-04-15T13:00:00.000000000,156.44,129.69002
2026-04-15T14:00:00.000000000,144.66,121.80516
2026-04-15T15:00:00.000000000,99.95,113.04719
2026-04-15T16:00:00.000000000,61.67,102.46838
2026-04-15T17:00:00.000000000,70.16,87.62029
2026-04-15T18:00:00.000000000,81.88,76.42685
2026-04-15T19:00:00.000000000,82.05,77.13889
2026-04-15T20:00:00.000000000,87.01,76.54237
2026-04-15T21:00:00.000000000,85.84,81.43509
2026-04-15T22:00:00.000000000,87.8,91.5491
2026-04-15T23:00:00.000000000,79.16,103.64216
2026-04-16T00:00:00.000000000,90.1,115.3474
2026-04-16T01:00:00.000000000,111.72,126.95861
2026-04-16T02:00:00.000000000,158.42,131.27754
2026-04-16T03:00:00.000000000,178.05,143.13181
2026-04-16T04:00:00.000000000,188.11,151.95537
2026-04-16T05:00:00.000000000,187.14,157.23645
2026-04-16T06:00:00.000000000,186.47,156.51029
2026-04-16T07:00:00.000000000,172.05,146.04715
2026-04-16T08:00:00.000000000,172.33,139.1215
2026-04-16T09:00:00.000000000,166.31,137.76539
2026-04-16T10:00:00.000000000,163.8,134.76969
2026-04-16T11:00:00.000000000,163.82,133.93492
2026-04-16T12:00:00.000000000,165.2,132.70036
2026-04-16T13:00:00.000000000,158.26,129.91355
2026-04-16T14:00:00.000000000,154.35,120.92493
2026-04-16T15:00:00.000000000,146.7,111.17207
2026-04-16T16:00:00.000000000,120.88,99.08767
2026-04-16T17:00:00.000000000,111.34,82.45827
2026-04-16T18:00:00.000000000,90.13,69.20861
2026-04-16T19:00:00.000000000,94.26,69.19261
2026-04-16T20:00:00.000000000,93.08,68.04437
2026-04-16T21:00:00.000000000,88.23,72.90127
2026-04-16T22:00:00.000000000,80.1,83.08284
2026-04-16T23:00:00.000000000,81.01,95.77308
2026-04-17T00:00:00.000000000,91.44,113.1753
2026-04-17T01:00:00.000000000,118.54,126.2653
2026-04-17T02:00:00.000000000,139.65,131.53093
2026-04-17T03:00:00.000000000,159.93,144.03285
2026-04-17T04:00:00.000000000,183.01,153.31798
2026-04-17T05:00:00.000000000,188.23,158.74591
2026-04-17T06:00:00.000000000,190.9,158.0011
2026-04-17T07:00:00.000000000,186.08,147.32895
2026-04-17T08:00:00.000000000,156.8,140.43944
2026-04-17T09:00:00.000000000,157.36,139.12318
2026-04-17T10:00:00.000000000,153.01,136.09905
2026-04-17T11:00:00.000000000,155.37,134.91084
2026-04-17T12:00:00.000000000,160.21,133.3227
2026-04-17T13:00:00.000000000,166.03,129.92411
2026-04-17T14:00:00.000000000,152.22,120.25634
2026-04-17T15:00:00.000000000,120.3,109.76148
2026-04-17T16:00:00.000000000,68.13,96.48022
2026-04-17T17:00:00.000000000,76.23,78.48242
2026-04-17T18:00:00.000000000,72.69,63.9341
2026-04-17T19:00:00.000000000,73.32,63.69735
2026-04-17T20:00:00.000000000,77.64,62.63611
2026-04-17T21:00:00.000000000,73.89,68.02622
2026-04-17T22:00:00.000000000,71.55,78.64842
2026-04-17T23:00:00.000000000,81.11,92.23965
2026-04-18T00:00:00.000000000,92.29,111.61282
2026-04-18T01:00:00.000000000,134.03,123.67495
2026-04-18T02:00:00.000000000,177.74,127.71807
2026-04-18T03:00:00.000000000,176.62,139.92339
2026-04-18T04:00:00.000000000,175.91,149.17163
2026-04-18T05:00:00.000000000,175.32,154.54677
2026-04-18T06:00:00.000000000,177.02,153.72081
2026-04-18T07:00:00.000000000,178.68,142.61725
2026-04-18T08:00:00.000000000,159.4,135.69449
2026-04-18T09:00:00.000000000,159.72,134.72138
2026-04-18T10:00:00.000000000,162.84,131.69263
2026-04-18T11:00:00.000000000,162.73,130.29942
2026-04-18T12:00:00.000000000,163.38,128.27042
2026-04-18T13:00:00.000000000,159.45,124.40805
2026-04-18T14:00:00.000000000,144.07,113.83381
2026-04-18T15:00:00.000000000,110.05,102.77957
2026-04-18T16:00:00.000000000,64.0,89.41763
2026-04-18T17:00:00.000000000,60.45,71.83407
2026-04-18T18:00:00.000000000,56.01,57.81494
2026-04-18T19:00:00.000000000,54.84,58.39943
2026-04-18T20:00:00.000000000,64.44,58.13038
2026-04-18T21:00:00.000000000,67.13,64.33238
2026-04-18T22:00:00.000000000,79.62,76.04469
2026-04-18T23:00:00.000000000,104.93,90.29792
2026-04-19T00:00:00.000000000,127.25,116.75921
2026-04-19T01:00:00.000000000,136.13,130.23572
2026-04-19T02:00:00.000000000,168.61,135.3157
2026-04-19T03:00:00.000000000,175.18,147.21766
2026-04-19T04:00:00.000000000,183.42,155.82851
2026-04-19T05:00:00.000000000,180.35,160.62726
2026-04-19T06:00:00.000000000,196.5,159.65378
2026-04-19T07:00:00.000000000,172.97,149.20141
2026-04-19T08:00:00.000000000,164.83,143.23122
2026-04-19T09:00:00.000000000,162.46,142.40758
2026-04-19T10:00:00.000000000,163.5,139.57282
2026-04-19T11:00:00.000000000,168.09,137.57687
2026-04-19T12:00:00.000000000,165.12,134.79532
2026-04-19T13:00:00.000000000,166.42,129.99225
2026-04-19T14:00:00.000000000,154.89,119.09352
2026-04-19T15:00:00.000000000,132.62,107.83052
2026-04-19T16:00:00.000000000,83.69,93.37795
2026-04-19T17:00:00.000000000,83.2,74.51374
2026-04-19T18:00:00.000000000,78.49,59.89869
2026-04-19T19:00:00.000000000,78.97,60.53316
2026-04-19T20:00:00.000000000,89.91,61.11354
2026-04-19T21:00:00.000000000,92.84,68.47187
2026-04-19T22:00:00.000000000,115.71,80.3695
2026-04-19T23:00:00.000000000,147.89,95.07291
2026-04-20T00:00:00.000000000,155.97,120.9449
2026-04-20T01:00:00.000000000,157.63,135.56323
2026-04-20T02:00:00.000000000,168.41,141.13778
2026-04-20T03:00:00.000000000,173.33,152.61614
2026-04-20T04:00:00.000000000,176.73,160.55121
2026-04-20T05:00:00.000000000,180.58,164.5183
2026-04-20T06:00:00.000000000,179.63,163.06026
2026-04-20T07:00:00.000000000,183.49,152.61205
2026-04-20T08:00:00.000000000,161.44,147.10461
2026-04-20T09:00:00.000000000,162.17,146.28897
2026-04-20T10:00:00.000000000,160.64,143.71519
2026-04-20T11:00:00.000000000,152.89,141.50636
2026-04-20T12:00:00.000000000,155.11,138.46307
2026-04-20T13:00:00.000000000,159.29,133.02595
2026-04-20T14:00:00.000000000,157.33,121.50024
2026-04-20T15:00:00.000000000,124.91,109.50504
2026-04-20T16:00:00.000000000,114.68,93.77918
2026-04-20T17:00:00.000000000,108.28,73.69449
2026-04-20T18:00:00.000000000,108.4,58.47726
2026-04-20T19:00:00.000000000,105.64,59.44297
2026-04-20T20:00:00.000000000,105.33,61.03805
2026-04-20T21:00:00.000000000,105.63,69.75473
2026-04-20T22:00:00.000000000,117.69,82.37659
2026-04-20T23:00:00.000000000,108.36,98.09373
2026-04-15T00:00:00.000000000,63.02,115.63745
2026-04-15T01:00:00.000000000,99.93,129.75956
2026-04-15T02:00:00.000000000,144.43,134.19155
2026-04-15T03:00:00.000000000,158.14,145.82301
2026-04-15T04:00:00.000000000,172.62,154.26755
2026-04-15T05:00:00.000000000,177.92,158.6146
2026-04-15T06:00:00.000000000,176.56,157.43746
2026-04-15T07:00:00.000000000,175.97,146.66865
2026-04-15T08:00:00.000000000,173.89,141.57599
2026-04-15T09:00:00.000000000,169.58,141.74029
2026-04-15T10:00:00.000000000,168.32,139.40894
2026-04-15T11:00:00.000000000,157.08,136.87734
2026-04-15T12:00:00.000000000,152.57,133.08892
2026-04-15T13:00:00.000000000,156.44,126.62202
2026-04-15T14:00:00.000000000,144.66,113.34174
2026-04-15T15:00:00.000000000,99.95,99.98025
2026-04-15T16:00:00.000000000,61.67,83.22639
2026-04-15T17:00:00.000000000,70.16,62.64431
2026-04-15T18:00:00.000000000,81.88,46.92255
2026-04-15T19:00:00.000000000,82.05,48.5097
2026-04-15T20:00:00.000000000,87.01,50.81606
2026-04-15T21:00:00.000000000,85.84,60.67369
2026-04-15T22:00:00.000000000,87.8,74.87086
2026-04-15T23:00:00.000000000,79.16,91.87814
2026-04-16T00:00:00.000000000,90.1,114.4662
2026-04-16T01:00:00.000000000,111.72,127.13933
2026-04-16T02:00:00.000000000,158.42,131.32893
2026-04-16T03:00:00.000000000,178.05,143.14276
2026-04-16T04:00:00.000000000,188.11,151.88613
2026-04-16T05:00:00.000000000,187.14,156.67776
2026-04-16T06:00:00.000000000,186.47,155.54652
2026-04-16T07:00:00.000000000,172.05,144.56882
2026-04-16T08:00:00.000000000,172.33,138.40935
2026-04-16T09:00:00.000000000,166.31,137.83133
2026-04-16T10:00:00.000000000,163.8,134.94518
2026-04-16T11:00:00.000000000,163.82,132.74363
2026-04-16T12:00:00.000000000,165.2,129.56205
2026-04-16T13:00:00.000000000,158.26,124.38299
2026-04-16T14:00:00.000000000,154.35,112.7831
2026-04-16T15:00:00.000000000,146.7,101.14175
2026-04-16T16:00:00.000000000,120.88,86.74795
2026-04-16T17:00:00.000000000,111.34,68.24333
2026-04-16T18:00:00.000000000,90.13,54.0127
2026-04-16T19:00:00.000000000,94.26,55.33538
2026-04-16T20:00:00.000000000,93.08,56.50812
2026-04-16T21:00:00.000000000,88.23,64.44194
2026-04-16T22:00:00.000000000,80.1,77.2196
2026-04-16T23:00:00.000000000,81.01,92.47879
2026-04-17T00:00:00.000000000,91.44,113.21378
2026-04-17T01:00:00.000000000,118.54,126.29452
2026-04-17T02:00:00.000000000,139.65,131.14254
2026-04-17T03:00:00.000000000,159.93,143.42794
2026-04-17T04:00:00.000000000,183.01,152.54764
2026-04-17T05:00:00.000000000,188.23,157.64232
2026-04-17T06:00:00.000000000,190.9,156.60504
2026-04-17T07:00:00.000000000,186.08,145.57572
2026-04-17T08:00:00.000000000,156.8,138.90457
2026-04-17T09:00:00.000000000,157.36,137.87933
2026-04-17T10:00:00.000000000,153.01,134.87555
2026-04-17T11:00:00.000000000,155.37,133.12282
2026-04-17T12:00:00.000000000,160.21,130.69725
2026-04-17T13:00:00.000000000,166.03,126.33637
2026-04-17T14:00:00.000000000,152.22,115.58024
2026-04-17T15:00:00.000000000,120.3,104.38587
2026-04-17T16:00:00.000000000,68.13,90.39122
2026-04-17T17:00:00.000000000,76.23,71.95706
2026-04-17T18:00:00.000000000,72.69,57.39815
2026-04-17T19:00:00.000000000,73.32,57.97374
2026-04-17T20:00:00.000000000,77.64,58.09371
2026-04-17T21:00:00.000000000,73.89,64.88378
2026-04-17T22:00:00.000000000,71.55,76.7454
2026-04-17T23:00:00.000000000,81.11,91.39755
2026-04-18T00:00:00.000000000,92.29,111.80112
2026-04-18T01:00:00.000000000,134.03,123.7368
2026-04-18T02:00:00.000000000,177.74,127.54556
2026-04-18T03:00:00.000000000,176.62,139.60955
2026-04-18T04:00:00.000000000,175.91,148.73465
2026-04-18T05:00:00.000000000,175.32,153.9274
2026-04-18T06:00:00.000000000,177.02,152.93811
2026-04-18T07:00:00.000000000,178.68,141.66249
2026-04-18T08:00:00.000000000,159.4,134.77118
2026-04-18T09:00:00.000000000,159.72,133.87087
2026-04-18T10:00:00.000000000,162.84,130.81981
2026-04-18T11:00:00.000000000,162.73,129.21423
2026-04-18T12:00:00.000000000,163.38,126.87749
2026-04-18T13:00:00.000000000,159.45,122.69384
2026-04-18T14:00:00.000000000,144.07,111.76716
2026-04-18T15:00:00.000000000,110.05,100.5324
2026-04-18T16:00:00.000000000,64.0,87.03552
2026-04-18T17:00:00.000000000,60.45,69.43025
2026-04-18T18:00:00.000000000,56.01,55.54921
2026-04-18T19:00:00.000000000,54.84,56.50547
2026-04-18T20:00:00.000000000,64.44,56.71496
2026-04-18T21:00:00.000000000,67.13,63.42709
2026-04-18T22:00:00.000000000,79.62,75.59844
2026-04-18T23:00:00.000000000,104.93,90.20687
2026-04-19T00:00:00.000000000,127.25,116.87841
2026-04-19T01:00:00.000000000,136.13,130.23317
2026-04-19T02:00:00.000000000,168.61,135.17703
2026-04-19T03:00:00.000000000,175.18,147.00453
2026-04-19T04:00:00.000000000,183.42,155.56548
2026-04-19T05:00:00.000000000,180.35,160.30193
2026-04-19T06:00:00.000000000,196.5,159.27015
2026-04-19T07:00:00.000000000,172.97,148.74646
2026-04-19T08:00:00.000000000,164.83,142.76513
2026-04-19T09:00:00.000000000,162.46,141.95512
2026-04-19T10:00:00.000000000,163.5,139.11212
2026-04-19T11:00:00.000000000,168.09,137.06097
2026-04-19T12:00:00.000000000,165.12,134.18763
2026-04-19T13:00:00.000000000,166.42,129.29782
2026-04-19T14:00:00.000000000,154.89,118.29793
2026-04-19T15:00:00.000000000,132.62,106.99852
2026-04-19T16:00:00.000000000,83.69,92.55396
2026-04-19T17:00:00.000000000,83.2,73.74869
2026-04-19T18:00:00.000000000,78.49,59.24407
2026-04-19T19:00:00.000000000,78.97,60.02215
2026-04-19T20:00:00.000000000,89.91,60.76863
2026-04-19T21:00:00.000000000,92.84,68.28771
2026-04-19T22:00:00.000000000,115.71,80.34161
2026-04-19T23:00:00.000000000,147.89,95.14124
2026-04-20T00:00:00.000000000,155.97,120.87364
2026-04-20T01:00:00.000000000,157.63,135.46246
2026-04-20T02:00:00.000000000,168.41,141.00885
2026-04-20T03:00:00.000000000,173.33,152.48398
2026-04-20T04:00:00.000000000,176.73,160.42052
2026-04-20T05:00:00.000000000,180.58,164.38122
2026-04-20T06:00:00.000000000,179.63,162.90838
2026-04-20T07:00:00.000000000,183.49,152.42903
2026-04-20T08:00:00.000000000,161.44,146.89957
2026-04-20T09:00:00.000000000,162.17,146.07914
2026-04-20T10:00:00.000000000,160.64,143.49162
2026-04-20T11:00:00.000000000,152.89,141.26547
2026-04-20T12:00:00.000000000,155.11,138.20006
2026-04-20T13:00:00.000000000,159.29,132.74962
2026-04-20T14:00:00.000000000,157.33,121.20737
2026-04-20T15:00:00.000000000,124.91,109.21547
2026-04-20T16:00:00.000000000,114.68,93.50482
2026-04-20T17:00:00.000000000,108.28,73.44147
2026-04-20T18:00:00.000000000,108.4,58.24966
2026-04-20T19:00:00.000000000,105.64,59.24419
2026-04-20T20:00:00.000000000,105.33,60.86564
2026-04-20T21:00:00.000000000,105.63,69.60693
2026-04-20T22:00:00.000000000,117.69,82.26381
2026-04-20T23:00:00.000000000,108.36,98.00208
2026-04-21T00:00:00.000000000,110.18,116.39952
2026-04-21T01:00:00.000000000,158.19,129.94109
2026-04-21T02:00:00.000000000,180.01,134.61175
2026-04-21T03:00:00.000000000,179.44,146.33701
2026-04-21T04:00:00.000000000,175.49,154.83389
2026-04-21T05:00:00.000000000,165.65,159.25345
2026-04-21T06:00:00.000000000,163.22,157.84097
2026-04-21T07:00:00.000000000,151.92,146.82495
2026-04-21T08:00:00.000000000,151.92,140.94884
2026-04-21T09:00:00.000000000,162.17,140.34777
2026-04-21T10:00:00.000000000,160.64,137.43205
2026-04-21T11:00:00.000000000,152.89,134.60781
2026-04-21T12:00:00.000000000,155.11,130.62544
2026-04-21T13:00:00.000000000,159.29,124.46126
2026-04-21T14:00:00.000000000,157.33,112.19355
2026-04-21T15:00:00.000000000,124.91,100.12542
2026-04-21T16:00:00.000000000,114.68,84.97863
2026-04-21T17:00:00.000000000,108.28,65.72362
2026-04-21T18:00:00.000000000,108.4,51.15736
2026-04-21T19:00:00.000000000,105.64,52.89741
2026-04-21T20:00:00.000000000,105.33,54.96009
2026-04-21T21:00:00.000000000,105.63,64.01338
2026-04-21T22:00:00.000000000,117.69,77.41597
2026-04-21T23:00:00.000000000,108.36,93.48102
2026-04-16T00:00:00.000000000,90.1,117.35812
2026-04-16T01:00:00.000000000,111.72,130.70263
2026-04-16T02:00:00.000000000,158.42,135.83373
2026-04-16T03:00:00.000000000,178.05,147.70515
2026-04-16T04:00:00.000000000,188.11,156.39159
2026-04-16T05:00:00.000000000,187.14,161.57944
2026-04-16T06:00:00.000000000,186.47,160.98739
2026-04-16T07:00:00.000000000,172.05,151.31909
2026-04-16T08:00:00.000000000,172.33,146.29524
2026-04-16T09:00:00.000000000,166.31,146.0493
2026-04-16T10:00:00.000000000,163.8,143.04852
2026-04-16T11:00:00.000000000,163.82,139.69311
2026-04-16T12:00:00.000000000,165.2,134.89084
2026-04-16T13:00:00.000000000,158.26,128.16208
2026-04-16T14:00:00.000000000,154.35,116.37474
2026-04-16T15:00:00.000000000,146.7,105.13805
2026-04-16T16:00:00.000000000,120.88,90.95198
2026-04-16T17:00:00.000000000,111.34,72.47495
2026-04-16T18:00:00.000000000,90.13,58.44678
2026-04-16T19:00:00.000000000,94.26,59.95739
2026-04-16T20:00:00.000000000,93.08,61.52034
2026-04-16T21:00:00.000000000,88.23,69.66176
2026-04-16T22:00:00.000000000,80.1,81.76033
2026-04-16T23:00:00.000000000,81.01,96.45508
2026-04-17T00:00:00.000000000,91.44,114.98677
2026-04-17T01:00:00.000000000,118.54,128.25706
2026-04-17T02:00:00.000000000,139.65,133.27785
2026-04-17T03:00:00.000000000,159.93,145.3911
2026-04-17T04:00:00.000000000,183.01,154.27182
2026-04-17T05:00:00.000000000,188.23,159.22491
2026-04-17T06:00:00.000000000,190.9,158.16744
2026-04-17T07:00:00.000000000,186.08,147.38881
2026-04-17T08:00:00.000000000,156.8,140.9775
2026-04-17T09:00:00.000000000,157.36,139.95852
2026-04-17T10:00:00.000000000,153.01,136.94635
2026-04-17T11:00:00.000000000,155.37,134.9425
2026-04-17T12:00:00.000000000,160.21,132.17175
2026-04-17T13:00:00.000000000,166.03,127.44869
2026-04-17T14:00:00.000000000,152.22,116.64018
2026-04-17T15:00:00.000000000,120.3,105.52537
2026-04-17T16:00:00.000000000,68.13,91.50934
2026-04-17T17:00:00.000000000,76.23,73.04047
2026-04-17T18:00:00.000000000,72.69,58.59599
2026-04-17T19:00:00.000000000,73.32,59.30547
2026-04-17T20:00:00.000000000,77.64,59.70227
2026-04-17T21:00:00.000000000,73.89,66.75305
2026-04-17T22:00:00.000000000,71.55,78.58155
2026-04-17T23:00:00.000000000,81.11,93.23114
2026-04-18T00:00:00.000000000,92.29,112.54495
2026-04-18T01:00:00.000000000,134.03,124.48715
2026-04-18T02:00:00.000000000,177.74,128.29857
2026-04-18T03:00:00.000000000,176.62,140.26237
2026-04-18T04:00:00.000000000,175.91,149.27138
2026-04-18T05:00:00.000000000,175.32,154.36657
2026-04-18T06:00:00.000000000,177.02,153.32958
2026-04-18T07:00:00.000000000,178.68,142.09097
2026-04-18T08:00:00.000000000,159.4,135.25573
2026-04-18T09:00:00.000000000,159.72,134.33565
2026-04-18T10:00:00.000000000,162.84,131.29277
2026-04-18T11:00:00.000000000,162.73,129.64231
2026-04-18T12:00:00.000000000,163.38,127.24298
2026-04-18T13:00:00.000000000,159.45,122.99189
2026-04-18T14:00:00.000000000,144.07,112.06637
2026-04-18T15:00:00.000000000,110.05,100.86104
2026-04-18T16:00:00.000000000,64.0,87.36374
2026-04-18T17:00:00.000000000,60.45,69.76702
2026-04-18T18:00:00.000000000,56.01,55.96249
2026-04-18T19:00:00.000000000,54.84,56.98437
2026-04-18T20:00:00.000000000,64.44,57.31801
2026-04-18T21:00:00.000000000,67.13,64.1447
2026-04-18T22:00:00.000000000,79.62,76.33937
2026-04-18T23:00:00.000000000,104.93,90.95872
2026-04-19T00:00:00.000000000,127.25,117.07727
2026-04-19T01:00:00.000000000,136.13,130.43993
2026-04-19T02:00:00.000000000,168.61,135.38849
2026-04-19T03:00:00.000000000,175.18,147.18938
2026-04-19T04:00:00.000000000,183.42,155.71625
2026-04-19T05:00:00.000000000,180.35,160.42118
2026-04-19T06:00:00.000000000,196.5,159.37241
2026-04-19T07:00:00.000000000,172.97,148.85614
2026-04-19T08:00:00.000000000,164.83,142.88772
2026-04-19T09:00:00.000000000,162.46,142.07178
2026-04-19T10:00:00.000000000,163.5,139.23188
2026-04-19T11:00:00.000000000,168.09,137.17438
2026-04-19T12:00:00.000000000,165.12,134.29412
2026-04-19T13:00:00.000000000,166.42,129.39588
2026-04-19T14:00:00.000000000,154.89,118.4006
2026-04-19T15:00:00.000000000,132.62,107.10811
2026-04-19T16:00:00.000000000,83.69,92.65942
2026-04-19T17:00:00.000000000,83.2,73.8501
2026-04-19T18:00:00.000000000,78.49,59.36022
2026-04-19T19:00:00.000000000,78.97,60.15258
2026-04-19T20:00:00.000000000,89.91,60.92835
2026-04-19T21:00:00.000000000,92.84,68.47512
2026-04-19T22:00:00.000000000,115.71,80.5339
2026-04-19T23:00:00.000000000,147.89,95.33807
2026-04-20T00:00:00.000000000,155.97,120.95035
2026-04-20T01:00:00.000000000,157.63,135.53803
2026-04-20T02:00:00.000000000,168.41,141.08167
2026-04-20T03:00:00.000000000,173.33,152.54511
2026-04-20T04:00:00.000000000,176.73,160.46868
2026-04-20T05:00:00.000000000,180.58,164.41814
2026-04-20T06:00:00.000000000,179.63,162.94004
2026-04-20T07:00:00.000000000,183.49,152.46382
2026-04-20T08:00:00.000000000,161.44,146.93957
2026-04-20T09:00:00.000000000,162.17,146.11809
2026-04-20T10:00:00.000000000,160.64,143.53399
2026-04-20T11:00:00.000000000,152.89,141.30966
2026-04-20T12:00:00.000000000,155.11,138.24592
2026-04-20T13:00:00.000000000,159.29,132.7954
2026-04-20T14:00:00.000000000,157.33,121.25432
2026-04-20T15:00:00.000000000,124.91,109.26221
2026-04-20T16:00:00.000000000,114.68,93.54935
2026-04-20T17:00:00.000000000,108.28,73.4859
2026-04-20T18:00:00.000000000,108.4,58.30043
2026-04-20T19:00:00.000000000,105.64,59.30015
2026-04-20T20:00:00.000000000,105.33,60.93155
2026-04-20T21:00:00.000000000,105.63,69.68185
2026-04-20T22:00:00.000000000,117.69,82.34076
2026-04-20T23:00:00.000000000,108.36,98.08016
2026-04-21T00:00:00.000000000,110.18,116.42814
2026-04-21T01:00:00.000000000,158.19,129.96864
2026-04-21T02:00:00.000000000,180.01,134.63879
2026-04-21T03:00:00.000000000,179.44,146.36001
2026-04-21T04:00:00.000000000,175.49,154.85227
2026-04-21T05:00:00.000000000,165.65,159.2682
2026-04-21T06:00:00.000000000,163.22,157.85395
2026-04-21T07:00:00.000000000,151.92,146.8391
2026-04-21T08:00:00.000000000,151.92,140.96345
2026-04-21T09:00:00.000000000,162.17,140.36034
2026-04-21T10:00:00.000000000,160.64,137.44482
2026-04-21T11:00:00.000000000,152.89,134.62129
2026-04-21T12:00:00.000000000,155.11,130.63997
2026-04-21T13:00:00.000000000,159.29,124.47685
2026-04-21T14:00:00.000000000,157.33,112.21194
2026-04-21T15:00:00.000000000,124.91,100.1463
2026-04-21T16:00:00.000000000,114.68,85.00164
2026-04-21T17:00:00.000000000,108.28,65.74901
2026-04-21T18:00:00.000000000,108.4,51.18656
2026-04-21T19:00:00.000000000,105.64,52.9276
2026-04-21T20:00:00.000000000,105.33,54.99221
2026-04-21T21:00:00.000000000,105.63,64.04645
2026-04-21T22:00:00.000000000,117.69,77.4476
2026-04-21T23:00:00.000000000,108.36,93.511
2026-04-22T00:00:00.000000000,110.18,112.06688
2026-04-22T01:00:00.000000000,158.19,124.97842
2026-04-22T02:00:00.000000000,180.01,129.34825
2026-04-22T03:00:00.000000000,179.44,141.56848
2026-04-22T04:00:00.000000000,175.49,150.72638
2026-04-22T05:00:00.000000000,165.65,155.79374
2026-04-22T06:00:00.000000000,163.22,154.73319
2026-04-22T07:00:00.000000000,151.92,143.51875
2026-04-22T08:00:00.000000000,128.08,137.07042
2026-04-22T09:00:00.000000000,119.63,136.41898
2026-04-22T10:00:00.000000000,120.99,133.46261
2026-04-22T11:00:00.000000000,118.99,131.35786
2026-04-22T12:00:00.000000000,122.27,128.36009
2026-04-22T13:00:00.000000000,125.1,123.32728
2026-04-22T14:00:00.000000000,122.4,111.68006
2026-04-22T15:00:00.000000000,102.13,99.86749
2026-04-22T16:00:00.000000000,82.72,85.346
2026-04-22T17:00:00.000000000,83.88,66.65604
2026-04-22T18:00:00.000000000,84.11,52.03047
2026-04-22T19:00:00.000000000,90.63,53.13079
2026-04-22T20:00:00.000000000,87.75,53.94472
2026-04-22T21:00:00.000000000,91.25,61.59763
2026-04-22T22:00:00.000000000,112.38,74.34846
2026-04-22T23:00:00.000000000,101.64,89.72146
2026-04-17T00:00:00.000000000,91.44,114.25329
2026-04-17T01:00:00.000000000,118.54,130.56082
2026-04-17T02:00:00.000000000,139.65,138.69937
2026-04-17T03:00:00.000000000,159.93,152.21066
2026-04-17T04:00:00.000000000,183.01,161.81707
2026-04-17T05:00:00.000000000,188.23,167.54088
2026-04-17T06:00:00.000000000,190.9,167.22594
2026-04-17T07:00:00.000000000,186.08,157.75394
2026-04-17T08:00:00.000000000,156.8,151.95184
2026-04-17T09:00:00.000000000,157.36,150.80673
2026-04-17T10:00:00.000000000,153.01,147.83375
2026-04-17T11:00:00.000000000,155.37,145.95897
2026-04-17T12:00:00.000000000,160.21,143.81063
2026-04-17T13:00:00.000000000,166.03,139.62518
2026-04-17T14:00:00.000000000,152.22,130.05613
2026-04-17T15:00:00.000000000,120.3,119.35348
2026-04-17T16:00:00.000000000,68.13,104.57574
2026-04-17T17:00:00.000000000,76.23,84.32371
2026-04-17T18:00:00.000000000,72.69,67.63363
2026-04-17T19:00:00.000000000,73.32,66.31307
2026-04-17T20:00:00.000000000,77.64,64.72125
2026-04-17T21:00:00.000000000,73.89,69.94047
2026-04-17T22:00:00.000000000,71.55,79.45875
2026-04-17T23:00:00.000000000,81.11,92.96618
2026-04-18T00:00:00.000000000,92.29,112.51574
2026-04-18T01:00:00.000000000,134.03,125.55066
2026-04-18T02:00:00.000000000,177.74,130.19874
2026-04-18T03:00:00.000000000,176.62,142.50304
2026-04-18T04:00:00.000000000,175.91,151.70243
2026-04-18T05:00:00.000000000,175.32,156.96874
2026-04-18T06:00:00.000000000,177.02,156.15662
2026-04-18T07:00:00.000000000,178.68,145.27515
2026-04-18T08:00:00.000000000,159.4,138.79778
2026-04-18T09:00:00.000000000,159.72,137.98057
2026-04-18T10:00:00.000000000,162.84,135.07505
2026-04-18T11:00:00.000000000,162.73,133.38594
2026-04-18T12:00:00.000000000,163.38,130.98452
2026-04-18T13:00:00.000000000,159.45,126.54396
2026-04-18T14:00:00.000000000,144.07,115.53216
2026-04-18T15:00:00.000000000,110.05,104.03737
2026-04-18T16:00:00.000000000,64.0,89.78895
2026-04-18T17:00:00.000000000,60.45,71.24617
2026-04-18T18:00:00.000000000,56.01,56.51174
2026-04-18T19:00:00.000000000,54.84,57.02456
2026-04-18T20:00:00.000000000,64.44,57.07966
2026-04-18T21:00:00.000000000,67.13,63.8972
2026-04-18T22:00:00.000000000,79.62,75.85937
2026-04-18T23:00:00.000000000,104.93,90.60853
2026-04-19T00:00:00.000000000,127.25,117.33792
2026-04-19T01:00:00.000000000,136.13,131.06184
2026-04-19T02:00:00.000000000,168.61,136.23201
2026-04-19T03:00:00.000000000,175.18,148.0753
2026-04-19T04:00:00.000000000,183.42,156.58138
2026-04-19T05:00:00.000000000,180.35,161.24455
2026-04-19T06:00:00.000000000,196.5,160.19231
2026-04-19T07:00:00.000000000,172.97,149.74564
2026-04-19T08:00:00.000000000,164.83,143.9177
2026-04-19T09:00:00.000000000,162.46,143.15459
2026-04-19T10:00:00.000000000,163.5,140.34503
2026-04-19T11:00:00.000000000,168.09,138.1762
2026-04-19T12:00:00.000000000,165.12,135.1598
2026-04-19T13:00:00.000000000,166.42,130.05418
2026-04-19T14:00:00.000000000,154.89,118.89678
2026-04-19T15:00:00.000000000,132.62,107.44417
2026-04-19T16:00:00.000000000,83.69,92.69085
2026-04-19T17:00:00.000000000,83.2,73.5494
2026-04-19T18:00:00.000000000,78.49,58.80516
2026-04-19T19:00:00.000000000,78.97,59.58201
2026-04-19T20:00:00.000000000,89.91,60.4648
2026-04-19T21:00:00.000000000,92.84,68.21833
2026-04-19T22:00:00.000000000,115.71,80.3667
2026-04-19T23:00:00.000000000,147.89,95.36183
2026-04-20T00:00:00.000000000,155.97,121.44885
2026-04-20T01:00:00.000000000,157.63,136.04664
2026-04-20T02:00:00.000000000,168.41,141.54178
2026-04-20T03:00:00.000000000,173.33,152.91717
2026-04-20T04:00:00.000000000,176.73,160.7586
2026-04-20T05:00:00.000000000,180.58,164.63074
2026-04-20T06:00:00.000000000,179.63,163.11923
2026-04-20T07:00:00.000000000,183.49,152.65817
2026-04-20T08:00:00.000000000,161.44,147.21388
2026-04-20T09:00:00.000000000,162.17,146.42952
2026-04-20T10:00:00.000000000,160.64,143.88892
2026-04-20T11:00:00.000000000,152.89,141.63396
2026-04-20T12:00:00.000000000,155.11,138.50346
2026-04-20T13:00:00.000000000,159.29,132.94568
2026-04-20T14:00:00.000000000,157.33,121.29161
2026-04-20T15:00:00.000000000,124.91,109.20284
2026-04-20T16:00:00.000000000,114.68,93.38023
2026-04-20T17:00:00.000000000,108.28,73.25183
2026-04-20T18:00:00.000000000,108.4,58.07687
2026-04-20T19:00:00.000000000,105.64,59.16737
2026-04-20T20:00:00.000000000,105.33,60.95833
2026-04-20T21:00:00.000000000,105.63,69.89223
2026-04-20T22:00:00.000000000,117.69,82.67015
2026-04-20T23:00:00.000000000,108.36,98.51576
2026-04-21T00:00:00.000000000,110.18,116.63103
2026-04-21T01:00:00.000000000,158.19,130.16465
2026-04-21T02:00:00.000000000,180.01,134.81578
2026-04-21T03:00:00.000000000,179.44,146.4996
2026-04-21T04:00:00.000000000,175.49,154.95199
2026-04-21T05:00:00.000000000,165.65,159.3297
2026-04-21T06:00:00.000000000,163.22,157.89279
2026-04-21T07:00:00.000000000,151.92,146.87586
2026-04-21T08:00:00.000000000,151.92,141.01634
2026-04-21T09:00:00.000000000,162.17,140.41398
2026-04-21T10:00:00.000000000,160.64,137.50126
2026-04-21T11:00:00.000000000,152.89,134.6573
2026-04-21T12:00:00.000000000,155.11,130.64547
2026-04-21T13:00:00.000000000,159.29,124.44724
2026-04-21T14:00:00.000000000,157.33,112.15779
2026-04-21T15:00:00.000000000,124.91,100.08313
2026-04-21T16:00:00.000000000,114.68,84.92618
2026-04-21T17:00:00.000000000,108.28,65.6731
2026-04-21T18:00:00.000000000,108.4,51.13722
2026-04-21T19:00:00.000000000,105.64,52.91846
2026-04-21T20:00:00.000000000,105.33,55.04405
2026-04-21T21:00:00.000000000,105.63,64.16087
2026-04-21T22:00:00.000000000,117.69,77.60005
2026-04-21T23:00:00.000000000,108.36,93.69308
2026-04-22T00:00:00.000000000,110.18,112.147
2026-04-22T01:00:00.000000000,158.19,125.04767
2026-04-22T02:00:00.000000000,180.01,129.40677
2026-04-22T03:00:00.000000000,179.44,141.61142
2026-04-22T04:00:00.000000000,175.49,150.7536
2026-04-22T05:00:00.000000000,165.65,155.80606
2026-04-22T06:00:00.000000000,163.22,154.73561
2026-04-22T07:00:00.000000000,151.92,143.51812
2026-04-22T08:00:00.000000000,128.08,137.07083
2026-04-22T09:00:00.000000000,119.63,136.41602
2026-04-22T10:00:00.000000000,120.99,133.45941
2026-04-22T11:00:00.000000000,118.99,131.35055
2026-04-22T12:00:00.000000000,122.27,128.34651
2026-04-22T13:00:00.000000000,125.1,123.30806
2026-04-22T14:00:00.000000000,122.4,111.65903
2026-04-22T15:00:00.000000000,102.13,99.84972
2026-04-22T16:00:00.000000000,82.72,85.33319
2026-04-22T17:00:00.000000000,83.88,66.65228
2026-04-22T18:00:00.000000000,84.11,52.04411
2026-04-22T19:00:00.000000000,90.63,53.15912
2026-04-22T20:00:00.000000000,87.75,53.99261
2026-04-22T21:00:00.000000000,91.25,61.6623
2026-04-22T22:00:00.000000000,112.38,74.42289
2026-04-22T23:00:00.000000000,101.64,89.80031
2026-04-23T00:00:00.000000000,106.78,112.13503
2026-04-23T01:00:00.000000000,130.65,124.34325
2026-04-23T02:00:00.000000000,140.5,128.6934
2026-04-23T03:00:00.000000000,137.47,140.97454
2026-04-23T04:00:00.000000000,130.02,150.28274
2026-04-23T05:00:00.000000000,139.04,155.86624
2026-04-23T06:00:00.000000000,138.1,155.26604
2026-04-23T07:00:00.000000000,138.38,144.61325
2026-04-23T08:00:00.000000000,130.31,138.11367
2026-04-23T09:00:00.000000000,130.72,137.36337
2026-04-23T10:00:00.000000000,135.69,134.28752
2026-04-23T11:00:00.000000000,132.41,132.43413
2026-04-23T12:00:00.000000000,136.07,129.74562
2026-04-23T13:00:00.000000000,136.44,125.3329
2026-04-23T14:00:00.000000000,112.2,114.67827
2026-04-23T15:00:00.000000000,100.91,103.83469
2026-04-23T16:00:00.000000000,78.67,90.57509
2026-04-23T17:00:00.000000000,74.91,72.98391
2026-04-23T18:00:00.000000000,63.49,59.0458
2026-04-23T19:00:00.000000000,60.33,59.69182
2026-04-23T20:00:00.000000000,59.34,59.56236
2026-04-23T21:00:00.000000000,61.96,65.83969
2026-04-23T22:00:00.000000000,71.83,77.36317
2026-04-23T23:00:00.000000000,92.65,91.38333
2026-04-18T00:00:00.000000000,92.29,113.71342
2026-04-18T01:00:00.000000000,134.03,127.8961
2026-04-18T02:00:00.000000000,177.74,133.16005
2026-04-18T03:00:00.000000000,176.62,145.55387
2026-04-18T04:00:00.000000000,175.91,154.69198
2026-04-18T05:00:00.000000000,175.32,159.66419
2026-04-18T06:00:00.000000000,177.02,158.61179
2026-04-18T07:00:00.000000000,178.68,147.63337
2026-04-18T08:00:00.000000000,159.4,141.59834
2026-04-18T09:00:00.000000000,159.72,140.92641
2026-04-18T10:00:00.000000000,162.84,138.05397
2026-04-18T11:00:00.000000000,162.73,135.58476
2026-04-18T12:00:00.000000000,163.38,132.1744
2026-04-18T13:00:00.000000000,159.45,126.479
2026-04-18T14:00:00.000000000,144.07,114.4148
2026-04-18T15:00:00.000000000,110.05,102.13449
2026-04-18T16:00:00.000000000,64.0,86.60329
2026-04-18T17:00:00.000000000,60.45,66.79785
2026-04-18T18:00:00.000000000,56.01,51.34273
2026-04-18T19:00:00.000000000,54.84,52.30581
2026-04-18T20:00:00.000000000,64.44,53.48376
2026-04-18T21:00:00.000000000,67.13,61.79853
2026-04-18T22:00:00.000000000,79.62,74.72056
2026-04-18T23:00:00.000000000,104.93,90.59909
2026-04-19T00:00:00.000000000,127.25,118.28642
2026-04-19T01:00:00.000000000,136.13,132.14954
2026-04-19T02:00:00.000000000,168.61,137.24177
2026-04-19T03:00:00.000000000,175.18,148.89894
2026-04-19T04:00:00.000000000,183.42,157.19479
2026-04-19T05:00:00.000000000,180.35,161.58727
2026-04-19T06:00:00.000000000,196.5,160.33665
2026-04-19T07:00:00.000000000,172.97,149.78277
2026-04-19T08:00:00.000000000,164.83,144.10982
2026-04-19T09:00:00.000000000,162.46,143.43588
2026-04-19T10:00:00.000000000,163.5,140.6356
2026-04-19T11:00:00.000000000,168.09,138.14293
2026-04-19T12:00:00.000000000,165.12,134.66293
2026-04-19T13:00:00.000000000,166.42,129.02145
2026-04-19T14:00:00.000000000,154.89,117.38057
2026-04-19T15:00:00.000000000,132.62,105.64313
2026-04-19T16:00:00.000000000,83.69,90.53262
2026-04-19T17:00:00.000000000,83.2,71.13481
2026-04-19T18:00:00.000000000,78.49,56.4065
2026-04-19T19:00:00.000000000,78.97,57.59739
2026-04-19T20:00:00.000000000,89.91,59.13111
2026-04-19T21:00:00.000000000,92.84,67.64085
2026-04-19T22:00:00.000000000,115.71,80.34776
2026-04-19T23:00:00.000000000,147.89,95.86542
2026-04-20T00:00:00.000000000,155.97,121.99161
2026-04-20T01:00:00.000000000,157.63,136.5188
2026-04-20T02:00:00.000000000,168.41,141.87138
2026-04-20T03:00:00.000000000,173.33,153.10966
2026-04-20T04:00:00.000000000,176.73,160.83201
2026-04-20T05:00:00.000000000,180.58,164.57111
2026-04-20T06:00:00.000000000,179.63,162.96657
2026-04-20T07:00:00.000000000,183.49,152.44094
2026-04-20T08:00:00.000000000,161.44,147.04288
2026-04-20T09:00:00.000000000,162.17,146.28995
2026-04-20T10:00:00.000000000,160.64,143.76895
2026-04-20T11:00:00.000000000,152.89,141.42565
2026-04-20T12:00:00.000000000,155.11,138.14689
2026-04-20T13:00:00.000000000,159.29,132.41313
2026-04-20T14:00:00.000000000,157.33,120.57104
2026-04-20T15:00:00.000000000,124.91,108.37094
2026-04-20T16:00:00.000000000,114.68,92.45068
2026-04-20T17:00:00.000000000,108.28,72.30061
2026-04-20T18:00:00.000000000,108.4,57.22115
2026-04-20T19:00:00.000000000,105.64,58.51723
2026-04-20T20:00:00.000000000,105.33,60.60105
2026-04-20T21:00:00.000000000,105.63,69.85123
2026-04-20T22:00:00.000000000,117.69,82.88175
2026-04-20T23:00:00.000000000,108.36,98.92348
2026-04-21T00:00:00.000000000,110.18,116.84408
2026-04-21T01:00:00.000000000,158.19,130.32497
2026-04-21T02:00:00.000000000,180.01,134.91516
2026-04-21T03:00:00.000000000,179.44,146.54242
2026-04-21T04:00:00.000000000,175.49,154.94286
2026-04-21T05:00:00.000000000,165.65,159.26547
2026-04-21T06:00:00.000000000,163.22,157.78741
2026-04-21T07:00:00.000000000,151.92,146.74333
2026-04-21T08:00:00.000000000,151.92,140.8875
2026-04-21T09:00:00.000000000,162.17,140.28526
2026-04-21T10:00:00.000000000,160.64,137.37032
2026-04-21T11:00:00.000000000,152.89,134.49724
2026-04-21T12:00:00.000000000,155.11,130.44029
2026-04-21T13:00:00.000000000,159.29,124.19853
2026-04-21T14:00:00.000000000,157.33,111.86955
2026-04-21T15:00:00.000000000,124.91,99.78649
2026-04-21T16:00:00.000000000,114.68,84.63455
2026-04-21T17:00:00.000000000,108.28,65.41041
2026-04-21T18:00:00.000000000,108.4,50.93996
2026-04-21T19:00:00.000000000,105.64,52.79866
2026-04-21T20:00:00.000000000,105.33,55.02209
2026-04-21T21:00:00.000000000,105.63,64.23132
2026-04-21T22:00:00.000000000,117.69,77.7436
2026-04-21T23:00:00.000000000,108.36,93.88169
2026-04-22T00:00:00.000000000,110.18,112.23048
2026-04-22T01:00:00.000000000,158.19,125.10189
2026-04-22T02:00:00.000000000,180.01,129.43645
2026-04-22T03:00:00.000000000,179.44,141.61957
2026-04-22T04:00:00.000000000,175.49,150.7425
2026-04-22T05:00:00.000000000,165.65,155.77656
2026-04-22T06:00:00.000000000,163.22,154.6917
2026-04-22T07:00:00.000000000,151.92,143.46452
2026-04-22T08:00:00.000000000,128.08,137.01159
2026-04-22T09:00:00.000000000,119.63,136.35086
2026-04-22T10:00:00.000000000,120.99,133.39155
2026-04-22T11:00:00.000000000,118.99,131.27934
2026-04-22T12:00:00.000000000,122.27,128.26941
2026-04-22T13:00:00.000000000,125.1,123.22893
2026-04-22T14:00:00.000000000,122.4,111.58023
2026-04-22T15:00:00.000000000,102.13,99.77954
2026-04-22T16:00:00.000000000,82.72,85.28095
2026-04-22T17:00:00.000000000,83.88,66.62513
2026-04-22T18:00:00.000000000,84.11,52.05046
2026-04-22T19:00:00.000000000,90.63,53.18889
2026-04-22T20:00:00.000000000,87.75,54.04694
2026-04-22T21:00:00.000000000,91.25,61.73374
2026-04-22T22:00:00.000000000,112.38,74.50802
2026-04-22T23:00:00.000000000,101.64,89.88764
2026-04-23T00:00:00.000000000,106.78,112.16592
2026-04-23T01:00:00.000000000,130.65,124.36053
2026-04-23T02:00:00.000000000,140.5,128.70214
2026-04-23T03:00:00.000000000,137.47,140.97589
2026-04-23T04:00:00.000000000,130.02,150.27768
2026-04-23T05:00:00.000000000,139.04,155.85631
2026-04-23T06:00:00.000000000,138.1,155.25233
2026-04-23T07:00:00.000000000,138.38,144.59759
2026-04-23T08:00:00.000000000,130.31,138.09386
2026-04-23T09:00:00.000000000,130.72,137.33938
2026-04-23T10:00:00.000000000,135.69,134.2621
2026-04-23T11:00:00.000000000,132.41,132.41112
2026-04-23T12:00:00.000000000,136.07,129.72566
2026-04-23T13:00:00.000000000,136.44,125.31865
2026-04-23T14:00:00.000000000,112.2,114.67113
2026-04-23T15:00:00.000000000,100.91,103.83577
2026-04-23T16:00:00.000000000,78.67,90.58918
2026-04-23T17:00:00.000000000,74.91,73.01245
2026-04-23T18:00:00.000000000,63.49,59.08919
2026-04-23T19:00:00.000000000,60.33,59.73997
2026-04-23T20:00:00.000000000,59.34,59.61282
2026-04-23T21:00:00.000000000,61.96,65.88755
2026-04-23T22:00:00.000000000,71.83,77.40867
2026-04-23T23:00:00.000000000,92.65,91.42237
2026-04-24T00:00:00.000000000,111.42,110.28427
2026-04-24T01:00:00.000000000,112.44,121.91803
2026-04-24T02:00:00.000000000,148.27,125.83671
2026-04-24T03:00:00.000000000,154.89,138.19018
2026-04-24T04:00:00.000000000,158.71,147.6662
2026-04-24T05:00:00.000000000,145.86,153.34249
2026-04-24T06:00:00.000000000,157.75,152.65924
2026-04-24T07:00:00.000000000,142.35,141.5691
2026-04-24T08:00:00.000000000,132.62,134.42629
2026-04-24T09:00:00.000000000,125.57,133.41835
2026-04-24T10:00:00.000000000,125.86,130.24964
2026-04-24T11:00:00.000000000,146.84,128.88836
2026-04-24T12:00:00.000000000,172.78,126.88202
2026-04-24T13:00:00.000000000,171.86,123.21763
2026-04-24T14:00:00.000000000,153.5,112.93322
2026-04-24T15:00:00.000000000,112.86,102.25625
2026-04-24T16:00:00.000000000,97.59,89.53829
2026-04-24T17:00:00.000000000,94.73,72.53527
2026-04-24T18:00:00.000000000,95.09,58.85703
2026-04-24T19:00:00.000000000,93.96,59.3763
2026-04-24T20:00:00.000000000,90.15,58.72242
2026-04-24T21:00:00.000000000,88.57,64.34469
2026-04-24T22:00:00.000000000,88.81,75.7045
2026-04-24T23:00:00.000000000,92.36,89.52014
2026-04-19T00:00:00.000000000,127.25,133.91327
2026-04-19T01:00:00.000000000,136.13,147.6177
2026-04-19T02:00:00.000000000,168.61,151.32314
2026-04-19T03:00:00.000000000,175.18,160.34629
2026-04-19T04:00:00.000000000,183.42,166.12053
2026-04-19T05:00:00.000000000,180.35,168.14914
2026-04-19T06:00:00.000000000,196.5,165.82655
2026-04-19T07:00:00.000000000,172.97,155.555
2026-04-19T08:00:00.000000000,164.83,151.57741
2026-04-19T09:00:00.000000000,162.46,151.36592
2026-04-19T10:00:00.000000000,163.5,149.76973
2026-04-19T11:00:00.000000000,168.09,147.25543
2026-04-19T12:00:00.000000000,165.12,143.19
2026-04-19T13:00:00.000000000,166.42,135.99674
2026-04-19T14:00:00.000000000,154.89,122.40658
2026-04-19T15:00:00.000000000,132.62,108.67705
2026-04-19T16:00:00.000000000,83.69,91.17801
2026-04-19T17:00:00.000000000,83.2,70.50476
2026-04-19T18:00:00.000000000,78.49,56.43199
2026-04-19T19:00:00.000000000,78.97,59.579
2026-04-19T20:00:00.000000000,89.91,64.82124
2026-04-19T21:00:00.000000000,92.84,77.44747
2026-04-19T22:00:00.000000000,115.71,92.66365
2026-04-19T23:00:00.000000000,147.89,110.26275
2026-04-20T00:00:00.000000000,155.97,128.46744
2026-04-20T01:00:00.000000000,157.63,142.67748
2026-04-20T02:00:00.000000000,168.41,147.33716
2026-04-20T03:00:00.000000000,173.33,157.40666
2026-04-20T04:00:00.000000000,176.73,163.99605
2026-04-20T05:00:00.000000000,180.58,166.72571
2026-04-20T06:00:00.000000000,179.63,164.6397
2026-04-20T07:00:00.000000000,183.49,154.22834
2026-04-20T08:00:00.000000000,161.44,149.41153
2026-04-20T09:00:00.000000000,162.17,148.79777
2026-04-20T10:00:00.000000000,160.64,146.6694
2026-04-20T11:00:00.000000000,152.89,144.30477
2026-04-20T12:00:00.000000000,155.11,140.7811
2026-04-20T13:00:00.000000000,159.29,134.52724
2026-04-20T14:00:00.000000000,157.33,122.09667
2026-04-20T15:00:00.000000000,124.91,109.37924
2026-04-20T16:00:00.000000000,114.68,92.88606
2026-04-20T17:00:00.000000000,108.28,72.58453
2026-04-20T18:00:00.000000000,108.4,58.09087
2026-04-20T19:00:00.000000000,105.64,60.24666
2026-04-20T20:00:00.000000000,105.33,63.76175
2026-04-20T21:00:00.000000000,105.63,74.50407
2026-04-20T22:00:00.000000000,117.69,88.42822
2026-04-20T23:00:00.000000000,108.36,105.13661
2026-04-21T00:00:00.000000000,110.18,119.25536
2026-04-21T01:00:00.000000000,158.19,132.56092
2026-04-21T02:00:00.000000000,180.01,136.9695
2026-04-21T03:00:00.000000000,179.44,148.18894
2026-04-21T04:00:00.000000000,175.49,156.1533
2026-04-21T05:00:00.000000000,165.65,160.10162
2026-04-21T06:00:00.000000000,163.22,158.41416
2026-04-21T07:00:00.000000000,151.92,147.39479
2026-04-21T08:00:00.000000000,151.92,141.61212
2026-04-21T09:00:00.000000000,162.17,140.90173
2026-04-21T10:00:00.000000000,160.64,138.0018
2026-04-21T11:00:00.000000000,152.89,135.07574
2026-04-21T12:00:00.000000000,155.11,130.93559
2026-04-21T13:00:00.000000000,159.29,124.60339
2026-04-21T14:00:00.000000000,157.33,112.31308
2026-04-21T15:00:00.000000000,124.91,100.33814
2026-04-21T16:00:00.000000000,114.68,85.29566
2026-04-21T17:00:00.000000000,108.28,66.26491
2026-04-21T18:00:00.000000000,108.4,52.18513
2026-04-21T19:00:00.000000000,105.64,54.3179
2026-04-21T20:00:00.000000000,105.33,56.94232
2026-04-21T21:00:00.000000000,105.63,66.48815
2026-04-21T22:00:00.000000000,117.69,80.11945
2026-04-21T23:00:00.000000000,108.36,96.2958
2026-04-22T00:00:00.000000000,110.18,113.11105
2026-04-22T01:00:00.000000000,158.19,125.86379
2026-04-22T02:00:00.000000000,180.01,130.12662
2026-04-22T03:00:00.000000000,179.44,142.16428
2026-04-22T04:00:00.000000000,175.49,151.13655
2026-04-22T05:00:00.000000000,165.65,156.04782
2026-04-22T06:00:00.000000000,163.22,154.88941
2026-04-22T07:00:00.000000000,151.92,143.66642
2026-04-22T08:00:00.000000000,128.08,137.19574
2026-04-22T09:00:00.000000000,119.63,136.46061
2026-04-22T10:00:00.000000000,120.99,133.49823
2026-04-22T11:00:00.000000000,118.99,131.41248
2026-04-22T12:00:00.000000000,122.27,128.43839
2026-04-22T13:00:00.000000000,125.1,123.45231
2026-04-22T14:00:00.000000000,122.4,111.90863
2026-04-22T15:00:00.000000000,102.13,100.21868
2026-04-22T16:00:00.000000000,82.72,85.85009
2026-04-22T17:00:00.000000000,83.88,67.3395
2026-04-22T18:00:00.000000000,84.11,52.9536
2026-04-22T19:00:00.000000000,90.63,54.1554
2026-04-22T20:00:00.000000000,87.75,55.09001
2026-04-22T21:00:00.000000000,91.25,62.80005
2026-04-22T22:00:00.000000000,112.38,75.54142
2026-04-22T23:00:00.000000000,101.64,90.84983
2026-04-23T00:00:00.000000000,106.78,112.48276
2026-04-23T01:00:00.000000000,130.65,124.62005
2026-04-23T02:00:00.000000000,140.5,128.94004
2026-04-23T03:00:00.000000000,137.47,141.16504
2026-04-23T04:00:00.000000000,130.02,150.41701
2026-04-23T05:00:00.000000000,139.04,155.96298
2026-04-23T06:00:00.000000000,138.1,155.34202
2026-04-23T07:00:00.000000000,138.38,144.69969
2026-04-23T08:00:00.000000000,130.31,138.17971
2026-04-23T09:00:00.000000000,130.72,137.38791
2026-04-23T10:00:00.000000000,135.69,134.30769
2026-04-23T11:00:00.000000000,132.41,132.48652
2026-04-23T12:00:00.000000000,136.07,129.84281
2026-04-23T13:00:00.000000000,136.44,125.49064
2026-04-23T14:00:00.000000000,112.2,114.92026
2026-04-23T15:00:00.000000000,100.91,104.15267
2026-04-23T16:00:00.000000000,78.67,90.98794
2026-04-23T17:00:00.000000000,74.91,73.49181
2026-04-23T18:00:00.000000000,63.49,59.6492
2026-04-23T19:00:00.000000000,60.33,60.30033
2026-04-23T20:00:00.000000000,59.34,60.16194
2026-04-23T21:00:00.000000000,61.96,66.39444
2026-04-23T22:00:00.000000000,71.83,77.86077
2026-04-23T23:00:00.000000000,92.65,91.80728
2026-04-24T00:00:00.000000000,111.42,110.38938
2026-04-24T01:00:00.000000000,112.44,122.00061
2026-04-24T02:00:00.000000000,148.27,125.91623
2026-04-24T03:00:00.000000000,154.89,138.25622
2026-04-24T04:00:00.000000000,158.71,147.71896
2026-04-24T05:00:00.000000000,145.86,153.39066
2026-04-24T06:00:00.000000000,157.75,152.70683
2026-04-24T07:00:00.000000000,142.35,141.62593
2026-04-24T08:00:00.000000000,132.62,134.47341
2026-04-24T09:00:00.000000000,125.57,133.44867
2026-04-24T10:00:00.000000000,125.86,130.27908
2026-04-24T11:00:00.000000000,146.84,128.93735
2026-04-24T12:00:00.000000000,172.78,126.95797
2026-04-24T13:00:00.000000000,171.86,123.32739
2026-04-24T14:00:00.000000000,153.5,113.08611
2026-04-24T15:00:00.000000000,112.86,102.44374
2026-04-24T16:00:00.000000000,97.59,89.76643
2026-04-24T17:00:00.000000000,94.73,72.7995
2026-04-24T18:00:00.000000000,95.09,59.15066
2026-04-24T19:00:00.000000000,93.96,59.65759
2026-04-24T20:00:00.000000000,90.15,58.98124
2026-04-24T21:00:00.000000000,88.57,64.56693
2026-04-24T22:00:00.000000000,88.81,75.88935
2026-04-24T23:00:00.000000000,92.36,89.665
2026-04-25T00:00:00.000000000,96.74,110.87437
2026-04-25T01:00:00.000000000,111.52,123.36394
2026-04-25T02:00:00.000000000,178.4,127.93786
2026-04-25T03:00:00.000000000,180.48,140.47166
2026-04-25T04:00:00.000000000,175.46,150.00115
2026-04-25T05:00:00.000000000,191.32,155.69123
2026-04-25T06:00:00.000000000,182.03,155.10833
2026-04-25T07:00:00.000000000,187.7,144.30564
2026-04-25T08:00:00.000000000,171.06,137.57416
2026-04-25T09:00:00.000000000,165.89,136.72042
2026-04-25T10:00:00.000000000,165.55,133.68268
2026-04-25T11:00:00.000000000,165.59,132.14698
2026-04-25T12:00:00.000000000,160.62,129.94025
2026-04-25T13:00:00.000000000,154.56,125.95793
2026-04-25T14:00:00.000000000,145.01,115.50293
2026-04-25T15:00:00.000000000,127.88,104.59075
2026-04-25T16:00:00.000000000,132.9,91.1788
2026-04-25T17:00:00.000000000,133.62,73.32611
2026-04-25T18:00:00.000000000,121.11,58.96981
2026-04-25T19:00:00.000000000,112.64,59.23803
2026-04-25T20:00:00.000000000,99.8,58.64608
2026-04-25T21:00:00.000000000,98.2,64.55465
2026-04-25T22:00:00.000000000,128.89,75.90181
2026-04-25T23:00:00.000000000,141.83,89.91108
2026-04-20T00:00:00.000000000,155.97,146.65464
2026-04-20T01:00:00.000000000,157.63,159.54473
2026-04-20T02:00:00.000000000,168.41,162.77512
2026-04-20T03:00:00.000000000,173.33,170.03706
2026-04-20T04:00:00.000000000,176.73,173.90489
2026-04-20T05:00:00.000000000,180.58,174.59278
2026-04-20T06:00:00.000000000,179.63,171.84422
2026-04-20T07:00:00.000000000,183.49,162.25482
2026-04-20T08:00:00.000000000,161.44,158.34126
2026-04-20T09:00:00.000000000,162.17,157.1592
2026-04-20T10:00:00.000000000,160.64,156.08613
2026-04-20T11:00:00.000000000,152.89,155.22786
2026-04-20T12:00:00.000000000,155.11,153.40328
2026-04-20T13:00:00.000000000,159.29,148.27314
2026-04-20T14:00:00.000000000,157.33,136.64255
2026-04-20T15:00:00.000000000,124.91,123.78336
2026-04-20T16:00:00.000000000,114.68,107.07219
2026-04-20T17:00:00.000000000,108.28,87.41791
2026-04-20T18:00:00.000000000,108.4,74.68576
2026-04-20T19:00:00.000000000,105.64,77.36685
2026-04-20T20:00:00.000000000,105.33,82.31008
2026-04-20T21:00:00.000000000,105.63,94.15762
2026-04-20T22:00:00.000000000,117.69,107.98612
2026-04-20T23:00:00.000000000,108.36,124.14324
2026-04-21T00:00:00.000000000,110.18,126.07971
2026-04-21T01:00:00.000000000,158.19,139.31631
2026-04-21T02:00:00.000000000,180.01,143.91032
2026-04-21T03:00:00.000000000,179.44,154.33939
2026-04-21T04:00:00.000000000,175.49,161.38629
2026-04-21T05:00:00.000000000,165.65,164.81145
2026-04-21T06:00:00.000000000,163.22,163.03496
2026-04-21T07:00:00.000000000,151.92,152.74336
2026-04-21T08:00:00.000000000,151.92,147.36316
2026-04-21T09:00:00.000000000,162.17,146.26928
2026-04-21T10:00:00.000000000,160.64,143.4479
2026-04-21T11:00:00.000000000,152.89,140.57221
2026-04-21T12:00:00.000000000,155.11,136.50295
2026-04-21T13:00:00.000000000,159.29,130.22928
2026-04-21T14:00:00.000000000,157.33,118.69923
2026-04-21T15:00:00.000000000,124.91,107.40144
2026-04-21T16:00:00.000000000,114.68,92.9447
2026-04-21T17:00:00.000000000,108.28,74.49979
2026-04-21T18:00:00.000000000,108.4,61.23343
2026-04-21T19:00:00.000000000,105.64,63.40928
2026-04-21T20:00:00.000000000,105.33,66.23424
2026-04-21T21:00:00.000000000,105.63,75.68269
2026-04-21T22:00:00.000000000,117.69,88.52182
2026-04-21T23:00:00.000000000,108.36,103.94153
2026-04-22T00:00:00.000000000,110.18,115.69669
2026-04-22T01:00:00.000000000,158.19,128.39908
2026-04-22T02:00:00.000000000,180.01,132.76108
2026-04-22T03:00:00.000000000,179.44,144.50503
2026-04-22T04:00:00.000000000,175.49,153.11926
2026-04-22T05:00:00.000000000,165.65,157.80532
2026-04-22T06:00:00.000000000,163.22,156.57715
2026-04-22T07:00:00.000000000,151.92,145.57866
2026-04-22T08:00:00.000000000,128.08,139.15102
2026-04-22T09:00:00.000000000,119.63,138.19256
2026-04-22T10:00:00.000000000,120.99,135.24494
2026-04-22T11:00:00.000000000,118.99,133.28858
2026-04-22T12:00:00.000000000,122.27,130.51087
2026-04-22T13:00:00.000000000,125.1,125.75029
2026-04-22T14:00:00.000000000,122.4,114.67075
2026-04-22T15:00:00.000000000,102.13,103.3626
2026-04-22T16:00:00.000000000,82.72,89.32305
2026-04-22T17:00:00.000000000,83.88,71.08761
2026-04-22T18:00:00.000000000,84.11,57.0257
2026-04-22T19:00:00.000000000,90.63,58.14013
2026-04-22T20:00:00.000000000,87.75,59.01262
2026-04-22T21:00:00.000000000,91.25,66.52837
2026-04-22T22:00:00.000000000,112.38,78.86286
2026-04-22T23:00:00.000000000,101.64,93.78384
2026-04-23T00:00:00.000000000,106.78,113.42703
2026-04-23T01:00:00.000000000,130.65,125.5321
2026-04-23T02:00:00.000000000,140.5,129.89983
2026-04-23T03:00:00.000000000,137.47,142.02507
2026-04-23T04:00:00.000000000,130.02,151.15449
2026-04-23T05:00:00.000000000,139.04,156.63379
2026-04-23T06:00:00.000000000,138.1,156.00061
2026-04-23T07:00:00.000000000,138.38,145.45557
2026-04-23T08:00:00.000000000,130.31,138.93756
2026-04-23T09:00:00.000000000,130.72,138.04799
2026-04-23T10:00:00.000000000,135.69,134.97571
2026-04-23T11:00:00.000000000,132.41,133.24076
2026-04-23T12:00:00.000000000,136.07,130.72388
2026-04-23T13:00:00.000000000,136.44,126.51507
2026-04-23T14:00:00.000000000,112.2,116.176
2026-04-23T15:00:00.000000000,100.91,105.5843
2026-04-23T16:00:00.000000000,78.67,92.58143
2026-04-23T17:00:00.000000000,74.91,75.21579
2026-04-23T18:00:00.000000000,63.49,61.49858
2026-04-23T19:00:00.000000000,60.33,62.07626
2026-04-23T20:00:00.000000000,59.34,61.85211
2026-04-23T21:00:00.000000000,61.96,67.93661
2026-04-23T22:00:00.000000000,71.83,79.18861
2026-04-23T23:00:00.000000000,92.65,92.93286
2026-04-24T00:00:00.000000000,111.42,110.70628
2026-04-24T01:00:00.000000000,112.44,122.30493
2026-04-24T02:00:00.000000000,148.27,126.24428
2026-04-24T03:00:00.000000000,154.89,138.5557
2026-04-24T04:00:00.000000000,158.71,147.9837
2026-04-24T05:00:00.000000000,145.86,153.64321
2026-04-24T06:00:00.000000000,157.75,152.96436
2026-04-24T07:00:00.000000000,142.35,141.92423
2026-04-24T08:00:00.000000000,132.62,134.76766
2026-04-24T09:00:00.000000000,125.57,133.70498
2026-04-24T10:00:00.000000000,125.86,130.54142
2026-04-24T11:00:00.000000000,146.84,129.24627
2026-04-24T12:00:00.000000000,172.78,127.33276
2026-04-24T13:00:00.000000000,171.86,123.77592
2026-04-24T14:00:00.000000000,153.5,113.63814
2026-04-24T15:00:00.000000000,112.86,103.06984
2026-04-24T16:00:00.000000000,97.59,90.46031
2026-04-24T17:00:00.000000000,94.73,73.54396
2026-04-24T18:00:00.000000000,95.09,59.93472
2026-04-24T19:00:00.000000000,93.96,60.39406
2026-04-24T20:00:00.000000000,90.15,59.65918
2026-04-24T21:00:00.000000000,88.57,65.16247
2026-04-24T22:00:00.000000000,88.81,76.38516
2026-04-24T23:00:00.000000000,92.36,90.068
2026-04-25T00:00:00.000000000,96.74,110.98034
2026-04-25T01:00:00.000000000,111.52,123.47237
2026-04-25T02:00:00.000000000,178.4,128.06303
2026-04-25T03:00:00.000000000,180.48,140.591
2026-04-25T04:00:00.000000000,175.46,150.11053
2026-04-25T05:00:00.000000000,191.32,155.79969
2026-04-25T06:00:00.000000000,182.03,155.2219
2026-04-25T07:00:00.000000000,187.7,144.43823
2026-04-25T08:00:00.000000000,171.06,137.70536
2026-04-25T09:00:00.000000000,165.89,136.83651
2026-04-25T10:00:00.000000000,165.55,133.80087
2026-04-25T11:00:00.000000000,165.59,132.28576
2026-04-25T12:00:00.000000000,160.62,130.10941
2026-04-25T13:00:00.000000000,154.56,126.16026
2026-04-25T14:00:00.000000000,145.01,115.74994
2026-04-25T15:00:00.000000000,127.88,104.86755
2026-04-25T16:00:00.000000000,132.9,91.48098
2026-04-25T17:00:00.000000000,133.62,73.6443
2026-04-25T18:00:00.000000000,121.11,59.29622
2026-04-25T19:00:00.000000000,112.64,59.53842
2026-04-25T20:00:00.000000000,99.8,58.91422
2026-04-25T21:00:00.000000000,98.2,64.78171
2026-04-25T22:00:00.000000000,128.89,76.08224
2026-04-25T23:00:00.000000000,141.83,90.05115
2026-04-26T00:00:00.000000000,148.96,115.21915
2026-04-26T01:00:00.000000000,146.02,128.77413
2026-04-26T02:00:00.000000000,171.35,134.23966
2026-04-26T03:00:00.000000000,173.5,146.53792
2026-04-26T04:00:00.000000000,160.64,155.52434
2026-04-26T05:00:00.000000000,178.52,160.78382
2026-04-26T06:00:00.000000000,176.79,160.1321
2026-04-26T07:00:00.000000000,171.95,149.90573
2026-04-26T08:00:00.000000000,130.28,143.7262
2026-04-26T09:00:00.000000000,124.49,142.7621
2026-04-26T10:00:00.000000000,125.64,139.87125
2026-04-26T11:00:00.000000000,124.79,138.24719
2026-04-26T12:00:00.000000000,119.1,136.03154
2026-04-26T13:00:00.000000000,114.85,131.91096
2026-04-26T14:00:00.000000000,107.69,121.74494
2026-04-26T15:00:00.000000000,81.57,110.94665
2026-04-26T16:00:00.000000000,66.93,96.98086
2026-04-26T17:00:00.000000000,66.22,78.35653
2026-04-26T18:00:00.000000000,65.55,63.57081
2026-04-26T19:00:00.000000000,65.91,63.51306
2026-04-26T20:00:00.000000000,61.99,63.05104
2026-04-26T21:00:00.000000000,61.28,69.24502
2026-04-26T22:00:00.000000000,61.1,80.22028
2026-04-26T23:00:00.000000000,68.9,94.15994
2026-04-21T00:00:00.000000000,110.18,124.50557
2026-04-21T01:00:00.000000000,158.19,138.46429
2026-04-21T02:00:00.000000000,180.01,144.59968
2026-04-21T03:00:00.000000000,179.44,155.99156
2026-04-21T04:00:00.000000000,175.49,163.82848
2026-04-21T05:00:00.000000000,165.65,168.25094
2026-04-21T06:00:00.000000000,163.22,167.07222
2026-04-21T07:00:00.000000000,151.92,157.44518
2026-04-21T08:00:00.000000000,151.92,151.69366
2026-04-21T09:00:00.000000000,162.17,150.07261
2026-04-21T10:00:00.000000000,160.64,146.83539
2026-04-21T11:00:00.000000000,152.89,143.97551
2026-04-21T12:00:00.000000000,155.11,140.15161
2026-04-21T13:00:00.000000000,159.29,134.49505
2026-04-21T14:00:00.000000000,157.33,124.46585
2026-04-21T15:00:00.000000000,124.91,114.4923
2026-04-21T16:00:00.000000000,114.68,101.30651
2026-04-21T17:00:00.000000000,108.28,83.40042
2026-04-21T18:00:00.000000000,108.4,69.98796
2026-04-21T19:00:00.000000000,105.64,70.99933
2026-04-21T20:00:00.000000000,105.33,72.03636
2026-04-21T21:00:00.000000000,105.63,79.29947
2026-04-21T22:00:00.000000000,117.69,90.03295
2026-04-21T23:00:00.000000000,108.36,103.80601
2026-04-22T00:00:00.000000000,110.18,115.36054
2026-04-22T01:00:00.000000000,158.19,128.40852
2026-04-22T02:00:00.000000000,180.01,133.24294
2026-04-22T03:00:00.000000000,179.44,145.24647
2026-04-22T04:00:00.000000000,175.49,154.05609
2026-04-22T05:00:00.000000000,165.65,159.00135
2026-04-22T06:00:00.000000000,163.22,157.98797
2026-04-22T07:00:00.000000000,151.92,147.25113
2026-04-22T08:00:00.000000000,128.08,140.83086
2026-04-22T09:00:00.000000000,119.63,139.78921
2026-04-22T10:00:00.000000000,120.99,136.82702
2026-04-22T11:00:00.000000000,118.99,135.00198
2026-04-22T12:00:00.000000000,122.27,132.4519
2026-04-22T13:00:00.000000000,125.1,127.94083
2026-04-22T14:00:00.000000000,122.4,117.25471
2026-04-22T15:00:00.000000000,102.13,106.1763
2026-04-22T16:00:00.000000000,82.72,92.25903
2026-04-22T17:00:00.000000000,83.88,73.95433
2026-04-22T18:00:00.000000000,84.11,59.63378
2026-04-22T19:00:00.000000000,90.63,60.28625
2026-04-22T20:00:00.000000000,87.75,60.58685
2026-04-22T21:00:00.000000000,91.25,67.50132
2026-04-22T22:00:00.000000000,112.38,79.23856
2026-04-22T23:00:00.000000000,101.64,93.74455
2026-04-23T00:00:00.000000000,106.78,113.3037
2026-04-23T01:00:00.000000000,130.65,125.58647
2026-04-23T02:00:00.000000000,140.5,130.12834
2026-04-23T03:00:00.000000000,137.47,142.3455
2026-04-23T04:00:00.000000000,130.02,151.54205
2026-04-23T05:00:00.000000000,139.04,157.10133
2026-04-23T06:00:00.000000000,138.1,156.54385
2026-04-23T07:00:00.000000000,138.38,146.09076
2026-04-23T08:00:00.000000000,130.31,139.61166
2026-04-23T09:00:00.000000000,130.72,138.72166
2026-04-23T10:00:00.000000000,135.69,135.6655
2026-04-23T11:00:00.000000000,132.41,133.9644
2026-04-23T12:00:00.000000000,136.07,131.5057
2026-04-23T13:00:00.000000000,136.44,127.33725
2026-04-23T14:00:00.000000000,112.2,117.06777
2026-04-23T15:00:00.000000000,100.91,106.4855
2026-04-23T16:00:00.000000000,78.67,93.42566
2026-04-23T17:00:00.000000000,74.91,75.94679
2026-04-23T18:00:00.000000000,63.49,62.07291
2026-04-23T19:00:00.000000000,60.33,62.4947
2026-04-23T20:00:00.000000000,59.34,62.11154
2026-04-23T21:00:00.000000000,61.96,68.0622
2026-04-23T22:00:00.000000000,71.83,79.1671
2026-04-23T23:00:00.000000000,92.65,92.83898
2026-04-24T00:00:00.000000000,111.42,110.65223
2026-04-24T01:00:00.000000000,112.44,122.33161
2026-04-24T02:00:00.000000000,148.27,126.32994
2026-04-24T03:00:00.000000000,154.89,138.67247
2026-04-24T04:00:00.000000000,158.71,148.12256
2026-04-24T05:00:00.000000000,145.86,153.80237
2026-04-24T06:00:00.000000000,157.75,153.14593
2026-04-24T07:00:00.000000000,142.35,142.13228
2026-04-24T08:00:00.000000000,132.62,135.00429
2026-04-24T09:00:00.000000000,125.57,133.95522
2026-04-24T10:00:00.000000000,125.86,130.80339
2026-04-24T11:00:00.000000000,146.84,129.506
2026-04-24T12:00:00.000000000,172.78,127.59221
2026-04-24T13:00:00.000000000,171.86,124.02001
2026-04-24T14:00:00.000000000,153.5,113.86896
2026-04-24T15:00:00.000000000,112.86,103.27158
2026-04-24T16:00:00.000000000,97.59,90.59938
2026-04-24T17:00:00.000000000,94.73,73.60771
2026-04-24T18:00:00.000000000,95.09,59.92168
2026-04-24T19:00:00.000000000,93.96,60.34071
2026-04-24T20:00:00.000000000,90.15,59.58144
2026-04-24T21:00:00.000000000,88.57,65.08325
2026-04-24T22:00:00.000000000,88.81,76.29245
2026-04-24T23:00:00.000000000,92.36,89.98829
2026-04-25T00:00:00.000000000,96.74,110.96495
2026-04-25T01:00:00.000000000,111.52,123.48807
2026-04-25T02:00:00.000000000,178.4,128.09584
2026-04-25T03:00:00.000000000,180.48,140.63182
2026-04-25T04:00:00.000000000,175.46,150.15575
2026-04-25T05:00:00.000000000,191.32,155.84604
2026-04-25T06:00:00.000000000,182.03,155.27116
2026-04-25T07:00:00.000000000,187.7,144.49207
2026-04-25T08:00:00.000000000,171.06,137.77247
2026-04-25T09:00:00.000000000,165.89,136.9121
2026-04-25T10:00:00.000000000,165.55,133.8806
2026-04-25T11:00:00.000000000,165.59,132.35651
2026-04-25T12:00:00.000000000,160.62,130.16862
2026-04-25T13:00:00.000000000,154.56,126.2007
2026-04-25T14:00:00.000000000,145.01,115.77108
2026-04-25T15:00:00.000000000,127.88,104.869
2026-04-25T16:00:00.000000000,132.9,91.44979
2026-04-25T17:00:00.000000000,133.62,73.57913
2026-04-25T18:00:00.000000000,121.11,59.2026
2026-04-25T19:00:00.000000000,112.64,59.44148
2026-04-25T20:00:00.000000000,99.8,58.82506
2026-04-25T21:00:00.000000000,98.2,64.71155
2026-04-25T22:00:00.000000000,128.89,76.02391
2026-04-25T23:00:00.000000000,141.83,90.0127
2026-04-26T00:00:00.000000000,148.96,115.22639
2026-04-26T01:00:00.000000000,146.02,128.7885
2026-04-26T02:00:00.000000000,171.35,134.25556
2026-04-26T03:00:00.000000000,173.5,146.553
2026-04-26T04:00:00.000000000,160.64,155.53773
2026-04-26T05:00:00.000000000,178.52,160.79415
2026-04-26T06:00:00.000000000,176.79,160.14048
2026-04-26T07:00:00.000000000,171.95,149.91319
2026-04-26T08:00:00.000000000,130.28,143.73776
2026-04-26T09:00:00.000000000,124.49,142.77631
2026-04-26T10:00:00.000000000,125.64,139.88618
2026-04-26T11:00:00.000000000,124.79,138.25617
2026-04-26T12:00:00.000000000,119.1,136.03225
2026-04-26T13:00:00.000000000,114.85,131.901
2026-04-26T14:00:00.000000000,107.69,121.72455
2026-04-26T15:00:00.000000000,81.57,110.91846
2026-04-26T16:00:00.000000000,66.93,96.94201
2026-04-26T17:00:00.000000000,66.22,78.30841
2026-04-26T18:00:00.000000000,65.55,63.51777
2026-04-26T19:00:00.000000000,65.91,63.46506
2026-04-26T20:00:00.000000000,61.99,63.01301
2026-04-26T21:00:00.000000000,61.28,69.22052
2026-04-26T22:00:00.000000000,61.1,80.20574
2026-04-26T23:00:00.000000000,68.9,94.15627
2026-04-27T00:00:00.000000000,77.0,115.46269
2026-04-27T01:00:00.000000000,114.45,129.39262
2026-04-27T02:00:00.000000000,141.21,134.7711
2026-04-27T03:00:00.000000000,135.59,146.9602
2026-04-27T04:00:00.000000000,134.72,155.82024
2026-04-27T05:00:00.000000000,140.03,160.81555
2026-04-27T06:00:00.000000000,149.46,159.97006
2026-04-27T07:00:00.000000000,139.92,149.53348
2026-04-27T08:00:00.000000000,128.62,143.57361
2026-04-27T09:00:00.000000000,128.69,142.81623
2026-04-27T10:00:00.000000000,128.92,140.00261
2026-04-27T11:00:00.000000000,126.62,138.01686
2026-04-27T12:00:00.000000000,131.84,135.26636
2026-04-27T13:00:00.000000000,134.06,130.41338
2026-04-27T14:00:00.000000000,126.23,119.38701
2026-04-27T15:00:00.000000000,103.54,107.91319
2026-04-27T16:00:00.000000000,71.27,93.12749
2026-04-27T17:00:00.000000000,64.6,73.85372
2026-04-27T18:00:00.000000000,58.88,58.73793
2026-04-27T19:00:00.000000000,55.48,59.12317
2026-04-27T20:00:00.000000000,50.64,59.46204
2026-04-27T21:00:00.000000000,54.84,66.73265
2026-04-27T22:00:00.000000000,54.36,78.61428
2026-04-27T23:00:00.000000000,52.35,93.47941
2026-04-22T00:00:00.000000000,110.18,121.54529
2026-04-22T01:00:00.000000000,158.19,134.3064
2026-04-22T02:00:00.000000000,180.01,139.23317
2026-04-22T03:00:00.000000000,179.44,150.40388
2026-04-22T04:00:00.000000000,175.49,158.18859
2026-04-22T05:00:00.000000000,165.65,162.5403
2026-04-22T06:00:00.000000000,163.22,161.48945
2026-04-22T07:00:00.000000000,151.92,151.54028
2026-04-22T08:00:00.000000000,128.08,145.26223
2026-04-22T09:00:00.000000000,119.63,143.75194
2026-04-22T10:00:00.000000000,120.99,141.07452
2026-04-22T11:00:00.000000000,118.99,140.34393
2026-04-22T12:00:00.000000000,122.27,139.31875
2026-04-22T13:00:00.000000000,125.1,136.34965
2026-04-22T14:00:00.000000000,122.4,127.4396
2026-04-22T15:00:00.000000000,102.13,117.45249
2026-04-22T16:00:00.000000000,82.72,104.49833
2026-04-22T17:00:00.000000000,83.88,86.97912
2026-04-22T18:00:00.000000000,84.11,73.27821
2026-04-22T19:00:00.000000000,90.63,73.13889
2026-04-22T20:00:00.000000000,87.75,72.46443
2026-04-22T21:00:00.000000000,91.25,78.05793
2026-04-22T22:00:00.000000000,112.38,88.18536
2026-04-22T23:00:00.000000000,101.64,101.23552
2026-04-23T00:00:00.000000000,106.78,115.38101
2026-04-23T01:00:00.000000000,130.65,127.69923
2026-04-23T02:00:00.000000000,140.5,132.51719
2026-04-23T03:00:00.000000000,137.47,144.5871
2026-04-23T04:00:00.000000000,130.02,153.55389
2026-04-23T05:00:00.000000000,139.04,159.0639
2026-04-23T06:00:00.000000000,138.1,158.5946
2026-04-23T07:00:00.000000000,138.38,148.52158
2026-04-23T08:00:00.000000000,130.31,142.05809
2026-04-23T09:00:00.000000000,130.72,140.91055
2026-04-23T10:00:00.000000000,135.69,137.9041
2026-04-23T11:00:00.000000000,132.41,136.5796
2026-04-23T12:00:00.000000000,136.07,134.6723
2026-04-23T13:00:00.000000000,136.44,131.08755
2026-04-23T14:00:00.000000000,112.2,121.6151
2026-04-23T15:00:00.000000000,100.91,111.55539
2026-04-23T16:00:00.000000000,78.67,98.95217
2026-04-23T17:00:00.000000000,74.91,81.78072
2026-04-23T18:00:00.000000000,63.49,68.07505
2026-04-23T19:00:00.000000000,60.33,68.04805
2026-04-23T20:00:00.000000000,59.34,67.1013
2026-04-23T21:00:00.000000000,61.96,72.32403
2026-04-23T22:00:00.000000000,71.83,82.58033
2026-04-23T23:00:00.000000000,92.65,95.52494
2026-04-24T00:00:00.000000000,111.42,111.3027
2026-04-24T01:00:00.000000000,112.44,123.04267
2026-04-24T02:00:00.000000000,148.27,127.18978
2026-04-24T03:00:00.000000000,154.89,139.51769
2026-04-24T04:00:00.000000000,158.71,148.92665
2026-04-24T05:00:00.000000000,145.86,154.6303
2026-04-24T06:00:00.000000000,157.75,154.03704
2026-04-24T07:00:00.000000000,142.35,143.17889
2026-04-24T08:00:00.000000000,132.62,136.06174
2026-04-24T09:00:00.000000000,125.57,134.92421
2026-04-24T10:00:00.000000000,125.86,131.80036
2026-04-24T11:00:00.000000000,146.84,130.65156
2026-04-24T12:00:00.000000000,172.78,128.95113
2026-04-24T13:00:00.000000000,171.86,125.60103
2026-04-24T14:00:00.000000000,153.5,115.75177
2026-04-24T15:00:00.000000000,112.86,105.3417
2026-04-24T16:00:00.000000000,97.59,92.80869
2026-04-24T17:00:00.000000000,94.73,75.88289
2026-04-24T18:00:00.000000000,95.09,62.20123
2026-04-24T19:00:00.000000000,93.96,62.40323
2026-04-24T20:00:00.000000000,90.15,61.38916
2026-04-24T21:00:00.000000000,88.57,66.59158
2026-04-24T22:00:00.000000000,88.81,77.46165
2026-04-24T23:00:00.000000000,92.36,90.87834
2026-04-25T00:00:00.000000000,96.74,111.17379
2026-04-25T01:00:00.000000000,111.52,123.74999
2026-04-25T02:00:00.000000000,178.4,128.43624
2026-04-25T03:00:00.000000000,180.48,140.97973
2026-04-25T04:00:00.000000000,175.46,150.49507
2026-04-25T05:00:00.000000000,191.32,156.19855
2026-04-25T06:00:00.000000000,182.03,155.65137
2026-04-25T07:00:00.000000000,187.7,144.9359
2026-04-25T08:00:00.000000000,171.06,138.22695
2026-04-25T09:00:00.000000000,165.89,137.33659
2026-04-25T10:00:00.000000000,165.55,134.31556
2026-04-25T11:00:00.000000000,165.59,132.84311
2026-04-25T12:00:00.000000000,160.62,130.73364
2026-04-25T13:00:00.000000000,154.56,126.84379
2026-04-25T14:00:00.000000000,145.01,116.52225
2026-04-25T15:00:00.000000000,127.88,105.68116
2026-04-25T16:00:00.000000000,132.9,92.29405
2026-04-25T17:00:00.000000000,133.62,74.42287
2026-04-25T18:00:00.000000000,121.11,60.02154
2026-04-25T19:00:00.000000000,112.64,60.16817
2026-04-25T20:00:00.000000000,99.8,59.4493
2026-04-25T21:00:00.000000000,98.2,65.22297
2026-04-25T22:00:00.000000000,128.89,76.40476
2026-04-25T23:00:00.000000000,141.83,90.29546
2026-04-26T00:00:00.000000000,148.96,115.2631
2026-04-26T01:00:00.000000000,146.02,128.86914
2026-04-26T02:00:00.000000000,171.35,134.38202
2026-04-26T03:00:00.000000000,173.5,146.69272
2026-04-26T04:00:00.000000000,160.64,155.67882
2026-04-26T05:00:00.000000000,178.52,160.94008
2026-04-26T06:00:00.000000000,176.79,160.29602
2026-04-26T07:00:00.000000000,171.95,150.09265
2026-04-26T08:00:00.000000000,130.28,143.92632
2026-04-26T09:00:00.000000000,124.49,142.95905
2026-04-26T10:00:00.000000000,125.64,140.07262
2026-04-26T11:00:00.000000000,124.79,138.4563
2026-04-26T12:00:00.000000000,119.1,136.25772
2026-04-26T13:00:00.000000000,114.85,132.14951
2026-04-26T14:00:00.000000000,107.69,122.00529
2026-04-26T15:00:00.000000000,81.57,111.21226
2026-04-26T16:00:00.000000000,66.93,97.22914
2026-04-26T17:00:00.000000000,66.22,78.57244
2026-04-26T18:00:00.000000000,65.55,63.75064
2026-04-26T19:00:00.000000000,65.91,63.65951
2026-04-26T20:00:00.000000000,61.99,63.16887
2026-04-26T21:00:00.000000000,61.28,69.33947
2026-04-26T22:00:00.000000000,61.1,80.27981
2026-04-26T23:00:00.000000000,68.9,94.20465
2026-04-27T00:00:00.000000000,77.0,115.47325
2026-04-27T01:00:00.000000000,114.45,129.42264
2026-04-27T02:00:00.000000000,141.21,134.81856
2026-04-27T03:00:00.000000000,135.59,147.01308
2026-04-27T04:00:00.000000000,134.72,155.87414
2026-04-27T05:00:00.000000000,140.03,160.87082
2026-04-27T06:00:00.000000000,149.46,160.02825
2026-04-27T07:00:00.000000000,139.92,149.59909
2026-04-27T08:00:00.000000000,128.62,143.64336
2026-04-27T09:00:00.000000000,128.69,142.88489
2026-04-27T10:00:00.000000000,128.92,140.07271
2026-04-27T11:00:00.000000000,126.62,138.08932
2026-04-27T12:00:00.000000000,131.84,135.34424
2026-04-27T13:00:00.000000000,134.06,130.4947
2026-04-27T14:00:00.000000000,126.23,119.47468
2026-04-27T15:00:00.000000000,103.54,108.00144
2026-04-27T16:00:00.000000000,71.27,93.20823
2026-04-27T17:00:00.000000000,64.6,73.92162
2026-04-27T18:00:00.000000000,58.88,58.7916
2026-04-27T19:00:00.000000000,55.48,59.1649
2026-04-27T20:00:00.000000000,50.64,59.49373
2026-04-27T21:00:00.000000000,54.84,66.75669
2026-04-27T22:00:00.000000000,54.36,78.62697
2026-04-27T23:00:00.000000000,52.35,93.48837
2026-04-28T00:00:00.000000000,55.12,112.64678
2026-04-28T01:00:00.000000000,77.28,125.62128
2026-04-28T02:00:00.000000000,142.72,130.28654
2026-04-28T03:00:00.000000000,149.69,142.58655
2026-04-28T04:00:00.000000000,151.81,151.79493
2026-04-28T05:00:00.000000000,117.81,157.06992
2026-04-28T06:00:00.000000000,141.98,156.23504
2026-04-28T07:00:00.000000000,142.0,145.38301
2026-04-28T08:00:00.000000000,166.64,139.00703
2026-04-28T09:00:00.000000000,158.02,138.27041
2026-04-28T10:00:00.000000000,151.88,135.30307
2026-04-28T11:00:00.000000000,149.73,133.3211
2026-04-28T12:00:00.000000000,150.03,130.50704
2026-04-28T13:00:00.000000000,150.53,125.72947
2026-04-28T14:00:00.000000000,129.38,114.56828
2026-04-28T15:00:00.000000000,108.61,103.1392
2026-04-28T16:00:00.000000000,100.69,88.96279
2026-04-28T17:00:00.000000000,104.57,70.47544
2026-04-28T18:00:00.000000000,103.99,55.90052
2026-04-28T19:00:00.000000000,104.72,56.63608
2026-04-28T20:00:00.000000000,95.31,56.96669
2026-04-28T21:00:00.000000000,96.02,64.01367
2026-04-28T22:00:00.000000000,96.18,76.10373
2026-04-28T23:00:00.000000000,97.46,90.88953
2026-04-23T00:00:00.000000000,106.78,123.52117
2026-04-23T01:00:00.000000000,130.65,133.47397
2026-04-23T02:00:00.000000000,140.5,137.07874
2026-04-23T03:00:00.000000000,137.47,147.56611
2026-04-23T04:00:00.000000000,130.02,154.92464
2026-04-23T05:00:00.000000000,139.04,158.58617
2026-04-23T06:00:00.000000000,138.1,156.35135
2026-04-23T07:00:00.000000000,138.38,144.83996
2026-04-23T08:00:00.000000000,130.31,136.44326
2026-04-23T09:00:00.000000000,130.72,133.47628
2026-04-23T10:00:00.000000000,135.69,130.03835
2026-04-23T11:00:00.000000000,132.41,129.72152
2026-04-23T12:00:00.000000000,136.07,129.42043
2026-04-23T13:00:00.000000000,136.44,128.08117
2026-04-23T14:00:00.000000000,112.2,120.97664
2026-04-23T15:00:00.000000000,100.91,113.09526
2026-04-23T16:00:00.000000000,78.67,103.33834
2026-04-23T17:00:00.000000000,74.91,88.92677
2026-04-23T18:00:00.000000000,63.49,78.2348
2026-04-23T19:00:00.000000000,60.33,79.03655
2026-04-23T20:00:00.000000000,59.34,78.50932
2026-04-23T21:00:00.000000000,61.96,83.11846
2026-04-23T22:00:00.000000000,71.83,92.85158
2026-04-23T23:00:00.000000000,92.65,104.62708
2026-04-24T00:00:00.000000000,111.42,114.08509
2026-04-24T01:00:00.000000000,112.44,124.5846
2026-04-24T02:00:00.000000000,148.27,128.24148
2026-04-24T03:00:00.000000000,154.89,140.04004
2026-04-24T04:00:00.000000000,158.71,148.99196
2026-04-24T05:00:00.000000000,145.86,154.41252
2026-04-24T06:00:00.000000000,157.75,153.55595
2026-04-24T07:00:00.000000000,142.35,142.59987
2026-04-24T08:00:00.000000000,132.62,134.80595
2026-04-24T09:00:00.000000000,125.57,133.01054
2026-04-24T10:00:00.000000000,125.86,129.75341
2026-04-24T11:00:00.000000000,146.84,129.27635
2026-04-24T12:00:00.000000000,172.78,128.49939
2026-04-24T13:00:00.000000000,171.86,126.40015
2026-04-24T14:00:00.000000000,153.5,117.98354
2026-04-24T15:00:00.000000000,112.86,108.8229
2026-04-24T16:00:00.000000000,97.59,97.98731
2026-04-24T17:00:00.000000000,94.73,82.66249
2026-04-24T18:00:00.000000000,95.09,70.34598
2026-04-24T19:00:00.000000000,93.96,70.44201
2026-04-24T20:00:00.000000000,90.15,68.84147
2026-04-24T21:00:00.000000000,88.57,72.87969
2026-04-24T22:00:00.000000000,88.81,82.75847
2026-04-24T23:00:00.000000000,92.36,94.9399
2026-04-25T00:00:00.000000000,96.74,112.0052
2026-04-25T01:00:00.000000000,111.52,124.19574
2026-04-25T02:00:00.000000000,178.4,128.85249
2026-04-25T03:00:00.000000000,180.48,141.30213
2026-04-25T04:00:00.000000000,175.46,150.73575
2026-04-25T05:00:00.000000000,191.32,156.48473
2026-04-25T06:00:00.000000000,182.03,155.98602
2026-04-25T07:00:00.000000000,187.7,145.39698
2026-04-25T08:00:00.000000000,171.06,138.45724
2026-04-25T09:00:00.000000000,165.89,137.30337
2026-04-25T10:00:00.000000000,165.55,134.24136
2026-04-25T11:00:00.000000000,165.59,133.13554
2026-04-25T12:00:00.000000000,160.62,131.5436
2026-04-25T13:00:00.000000000,154.56,128.30739
2026-04-25T14:00:00.000000000,145.01,118.743
2026-04-25T15:00:00.000000000,127.88,108.48896
2026-04-25T16:00:00.000000000,132.9,95.83243
2026-04-25T17:00:00.000000000,133.62,78.589
2026-04-25T18:00:00.000000000,121.11,64.60745
2026-04-25T19:00:00.000000000,112.64,64.46568
2026-04-25T20:00:00.000000000,99.8,63.19866
2026-04-25T21:00:00.000000000,98.2,68.17885
2026-04-25T22:00:00.000000000,128.89,78.66038
2026-04-25T23:00:00.000000000,141.83,91.82527
2026-04-26T00:00:00.000000000,148.96,115.20972
2026-04-26T01:00:00.000000000,146.02,128.83951
2026-04-26T02:00:00.000000000,171.35,134.48869
2026-04-26T03:00:00.000000000,173.5,146.86892
2026-04-26T04:00:00.000000000,160.64,155.89861
2026-04-26T05:00:00.000000000,178.52,161.23991
2026-04-26T06:00:00.000000000,176.79,160.66928
2026-04-26T07:00:00.000000000,171.95,150.56743
2026-04-26T08:00:00.000000000,130.28,144.35426
2026-04-26T09:00:00.000000000,124.49,143.31821
2026-04-26T10:00:00.000000000,125.64,140.4314
2026-04-26T11:00:00.000000000,124.79,138.97643
2026-04-26T12:00:00.000000000,119.1,137.02605
2026-04-26T13:00:00.000000000,114.85,133.20321
2026-04-26T14:00:00.000000000,107.69,123.37065
2026-04-26T15:00:00.000000000,81.57,112.77027
2026-04-26T16:00:00.000000000,66.93,98.96467
2026-04-26T17:00:00.000000000,66.22,80.39855
2026-04-26T18:00:00.000000000,65.55,65.55271
2026-04-26T19:00:00.000000000,65.91,65.22592
2026-04-26T20:00:00.000000000,61.99,64.4023
2026-04-26T21:00:00.000000000,61.28,70.18115
2026-04-26T22:00:00.000000000,61.1,80.77153
2026-04-26T23:00:00.000000000,68.9,94.39877
2026-04-27T00:00:00.000000000,77.0,115.38142
2026-04-27T01:00:00.000000000,114.45,129.39579
2026-04-27T02:00:00.000000000,141.21,134.88219
2026-04-27T03:00:00.000000000,135.59,147.12877
2026-04-27T04:00:00.000000000,134.72,156.02565
2026-04-27T05:00:00.000000000,140.03,161.06869
2026-04-27T06:00:00.000000000,149.46,160.26732
2026-04-27T07:00:00.000000000,139.92,149.88643
2026-04-27T08:00:00.000000000,128.62,143.92398
2026-04-27T09:00:00.000000000,128.69,143.14589
2026-04-27T10:00:00.000000000,128.92,140.33691
2026-04-27T11:00:00.000000000,126.62,138.40999
2026-04-27T12:00:00.000000000,131.84,135.75544
2026-04-27T13:00:00.000000000,134.06,131.00024
2026-04-27T14:00:00.000000000,126.23,120.08256
2026-04-27T15:00:00.000000000,103.54,108.6582
2026-04-27T16:00:00.000000000,71.27,93.88975
2026-04-27T17:00:00.000000000,64.6,74.58778
2026-04-27T18:00:00.000000000,58.88,59.39583
2026-04-27T19:00:00.000000000,55.48,59.65631
2026-04-27T20:00:00.000000000,50.64,59.84362
2026-04-27T21:00:00.000000000,54.84,66.95867
2026-04-27T22:00:00.000000000,54.36,78.69372
2026-04-27T23:00:00.000000000,52.35,93.45897
2026-04-28T00:00:00.000000000,55.12,112.60061
2026-04-28T01:00:00.000000000,77.28,125.61191
2026-04-28T02:00:00.000000000,142.72,130.3153
2026-04-28T03:00:00.000000000,149.69,142.63825
2026-04-28T04:00:00.000000000,151.81,151.86444
2026-04-28T05:00:00.000000000,117.81,157.16008
2026-04-28T06:00:00.000000000,141.98,156.34372
2026-04-28T07:00:00.000000000,142.0,145.51098
2026-04-28T08:00:00.000000000,166.64,139.13901
2026-04-28T09:00:00.000000000,158.02,138.40035
2026-04-28T10:00:00.000000000,151.88,135.43678
2026-04-28T11:00:00.000000000,149.73,133.4697
2026-04-28T12:00:00.000000000,150.03,130.67912
2026-04-28T13:00:00.000000000,150.53,125.92181
2026-04-28T14:00:00.000000000,129.38,114.7833
2026-04-28T15:00:00.000000000,108.61,103.35901
2026-04-28T16:00:00.000000000,100.69,89.17405
2026-04-28T17:00:00.000000000,104.57,70.66465
2026-04-28T18:00:00.000000000,103.99,56.05374
2026-04-28T19:00:00.000000000,104.72,56.74816
2026-04-28T20:00:00.000000000,95.31,57.03319
2026-04-28T21:00:00.000000000,96.02,64.03901
2026-04-28T22:00:00.000000000,96.18,76.08976
2026-04-28T23:00:00.000000000,97.46,90.85351
2026-04-29T00:00:00.000000000,113.63,114.21261
2026-04-29T01:00:00.000000000,138.3,125.62215
2026-04-29T02:00:00.000000000,169.35,129.8655
2026-04-29T03:00:00.000000000,177.52,141.86771
2026-04-29T04:00:00.000000000,174.14,150.92236
2026-04-29T05:00:00.000000000,169.27,156.54981
2026-04-29T06:00:00.000000000,165.9,156.08944
2026-04-29T07:00:00.000000000,151.7,145.84559
2026-04-29T08:00:00.000000000,152.49,139.11302
2026-04-29T09:00:00.000000000,148.09,137.98822
2026-04-29T10:00:00.000000000,146.41,134.92009
2026-04-29T11:00:00.000000000,147.71,133.79432
2026-04-29T12:00:00.000000000,150.7,132.1043
2026-04-29T13:00:00.000000000,154.13,128.94801
2026-04-29T14:00:00.000000000,151.95,119.76035
2026-04-29T15:00:00.000000000,138.18,110.04076
2026-04-29T16:00:00.000000000,111.16,98.12369
2026-04-29T17:00:00.000000000,110.53,81.69481
2026-04-29T18:00:00.000000000,107.07,68.5805
2026-04-29T19:00:00.000000000,110.05,68.66922
2026-04-29T20:00:00.000000000,109.17,67.52591
2026-04-29T21:00:00.000000000,108.98,72.32425
2026-04-29T22:00:00.000000000,110.74,82.46946
2026-04-29T23:00:00.000000000,145.71,95.01815
2026-04-24T00:00:00.000000000,111.42,109.29537
2026-04-24T01:00:00.000000000,112.44,120.64875
2026-04-24T02:00:00.000000000,148.27,124.13534
2026-04-24T03:00:00.000000000,154.89,136.39412
2026-04-24T04:00:00.000000000,158.71,145.86006
2026-04-24T05:00:00.000000000,145.86,151.72314
2026-04-24T06:00:00.000000000,157.75,151.37343
2026-04-24T07:00:00.000000000,142.35,140.62731
2026-04-24T08:00:00.000000000,132.62,133.8524
2026-04-24T09:00:00.000000000,125.57,133.27585
2026-04-24T10:00:00.000000000,125.86,130.30043
2026-04-24T11:00:00.000000000,146.84,129.14225
2026-04-24T12:00:00.000000000,172.78,127.28685
2026-04-24T13:00:00.000000000,171.86,123.68101
2026-04-24T14:00:00.000000000,153.5,113.207
2026-04-24T15:00:00.000000000,112.86,102.27435
2026-04-24T16:00:00.000000000,97.59,89.43549
2026-04-24T17:00:00.000000000,94.73,72.4898
2026-04-24T18:00:00.000000000,95.09,58.71219
2026-04-24T19:00:00.000000000,93.96,59.12691
2026-04-24T20:00:00.000000000,90.15,58.23893
2026-04-24T21:00:00.000000000,88.57,63.68882
2026-04-24T22:00:00.000000000,88.81,75.02829
2026-04-24T23:00:00.000000000,92.36,88.78478
2026-04-25T00:00:00.000000000,96.74,110.34954
2026-04-25T01:00:00.000000000,111.52,122.87728
2026-04-25T02:00:00.000000000,178.4,127.46234
2026-04-25T03:00:00.000000000,180.48,140.07037
2026-04-25T04:00:00.000000000,175.46,149.68652
2026-04-25T05:00:00.000000000,191.32,155.4783
2026-04-25T06:00:00.000000000,182.03,154.98342
2026-04-25T07:00:00.000000000,187.7,144.23323
2026-04-25T08:00:00.000000000,171.06,137.55597
2026-04-25T09:00:00.000000000,165.89,136.7806
2026-04-25T10:00:00.000000000,165.55,133.7584
2026-04-25T11:00:00.000000000,165.59,132.21635
2026-04-25T12:00:00.000000000,160.62,129.98816
2026-04-25T13:00:00.000000000,154.56,125.9695
2026-04-25T14:00:00.000000000,145.01,115.44876
2026-04-25T15:00:00.000000000,127.88,104.4678
2026-04-25T16:00:00.000000000,132.9,90.98988
2026-04-25T17:00:00.000000000,133.62,73.07726
2026-04-25T18:00:00.000000000,121.11,58.61964
2026-04-25T19:00:00.000000000,112.64,58.83655
2026-04-25T20:00:00.000000000,99.8,58.17311
2026-04-25T21:00:00.000000000,98.2,64.03805
2026-04-25T22:00:00.000000000,128.89,75.37705
2026-04-25T23:00:00.000000000,141.83,89.39439
2026-04-26T00:00:00.000000000,148.96,115.08234
2026-04-26T01:00:00.000000000,146.02,128.64084
2026-04-26T02:00:00.000000000,171.35,134.09661
2026-04-26T03:00:00.000000000,173.5,146.41003
2026-04-26T04:00:00.000000000,160.64,155.41933
2026-04-26T05:00:00.000000000,178.52,160.69997
2026-04-26T06:00:00.000000000,176.79,160.0613
2026-04-26T07:00:00.000000000,171.95,149.832
2026-04-26T08:00:00.000000000,130.28,143.66292
2026-04-26T09:00:00.000000000,124.49,142.71954
2026-04-26T10:00:00.000000000,125.64,139.82836
2026-04-26T11:00:00.000000000,124.79,138.18143
2026-04-26T12:00:00.000000000,119.1,135.92846
2026-04-26T13:00:00.000000000,114.85,131.76514
2026-04-26T14:00:00.000000000,107.69,121.55159
2026-04-26T15:00:00.000000000,81.57,110.72126
2026-04-26T16:00:00.000000000,66.93,96.72946
2026-04-26T17:00:00.000000000,66.22,78.08833
2026-04-26T18:00:00.000000000,65.55,63.28615
2026-04-26T19:00:00.000000000,65.91,63.24291
2026-04-26T20:00:00.000000000,61.99,62.79862
2026-04-26T21:00:00.000000000,61.28,69.02085
2026-04-26T22:00:00.000000000,61.1,80.02985
2026-04-26T23:00:00.000000000,68.9,94.0006
2026-04-27T00:00:00.000000000,77.0,115.435
2026-04-27T01:00:00.000000000,114.45,129.35937
2026-04-27T02:00:00.000000000,141.21,134.73003
2026-04-27T03:00:00.000000000,135.59,146.91978
2026-04-27T04:00:00.000000000,134.72,155.78336
2026-04-27T05:00:00.000000000,140.03,160.78152
2026-04-27T06:00:00.000000000,149.46,159.93683
2026-04-27T07:00:00.000000000,139.92,149.49689
2026-04-27T08:00:00.000000000,128.62,143.53833
2026-04-27T09:00:00.000000000,128.69,142.78574
2026-04-27T10:00:00.000000000,128.92,139.97114
2026-04-27T11:00:00.000000000,126.62,137.97787
2026-04-27T12:00:00.000000000,131.84,135.21514
2026-04-27T13:00:00.000000000,134.06,130.34965
2026-04-27T14:00:00.000000000,126.23,119.30996
2026-04-27T15:00:00.000000000,103.54,107.8293
2026-04-27T16:00:00.000000000,71.27,93.04063
2026-04-27T17:00:00.000000000,64.6,73.76767
2026-04-27T18:00:00.000000000,58.88,58.65423
2026-04-27T19:00:00.000000000,55.48,59.04848
2026-04-27T20:00:00.000000000,50.64,59.3971
2026-04-27T21:00:00.000000000,54.84,66.67878
2026-04-27T22:00:00.000000000,54.36,78.57272
2026-04-27T23:00:00.000000000,52.35,93.44688
2026-04-28T00:00:00.000000000,55.12,112.63378
2026-04-28T01:00:00.000000000,77.28,125.59936
2026-04-28T02:00:00.000000000,142.72,130.25665
2026-04-28T03:00:00.000000000,149.69,142.55512
2026-04-28T04:00:00.000000000,151.81,151.76372
2026-04-28T05:00:00.000000000,117.81,157.03841
2026-04-28T06:00:00.000000000,141.98,156.20203
2026-04-28T07:00:00.000000000,142.0,145.34603
2026-04-28T08:00:00.000000000,166.64,138.96797
2026-04-28T09:00:00.000000000,158.02,138.2326
2026-04-28T10:00:00.000000000,151.88,135.26392
2026-04-28T11:00:00.000000000,149.73,133.27966
2026-04-28T12:00:00.000000000,150.03,130.46173
2026-04-28T13:00:00.000000000,150.53,125.68166
2026-04-28T14:00:00.000000000,129.38,114.51655
2026-04-28T15:00:00.000000000,108.61,103.08697
2026-04-28T16:00:00.000000000,100.69,88.91421
2026-04-28T17:00:00.000000000,104.57,70.43285
2026-04-28T18:00:00.000000000,103.99,55.86435
2026-04-28T19:00:00.000000000,104.72,56.60628
2026-04-28T20:00:00.000000000,95.31,56.94197
2026-04-28T21:00:00.000000000,96.02,63.99267
2026-04-28T22:00:00.000000000,96.18,76.08868
2026-04-28T23:00:00.000000000,97.46,90.87686
2026-04-29T00:00:00.000000000,113.63,114.22683
2026-04-29T01:00:00.000000000,138.3,125.61304
2026-04-29T02:00:00.000000000,169.35,129.83818
2026-04-29T03:00:00.000000000,177.52,141.83114
2026-04-29T04:00:00.000000000,174.14,150.8798
2026-04-29T05:00:00.000000000,169.27,156.5016
2026-04-29T06:00:00.000000000,165.9,156.03508
2026-04-29T07:00:00.000000000,151.7,145.7835
2026-04-29T08:00:00.000000000,152.49,139.04439
2026-04-29T09:00:00.000000000,148.09,137.91732
2026-04-29T10:00:00.000000000,146.41,134.84627
2026-04-29T11:00:00.000000000,147.71,133.71919
2026-04-29T12:00:00.000000000,150.7,132.02604
2026-04-29T13:00:00.000000000,154.13,128.87054
2026-04-29T14:00:00.000000000,151.95,119.68286
2026-04-29T15:00:00.000000000,138.18,109.96912
2026-04-29T16:00:00.000000000,111.16,98.06731
2026-04-29T17:00:00.000000000,110.53,81.65831
2026-04-29T18:00:00.000000000,107.07,68.56562
2026-04-29T19:00:00.000000000,110.05,68.66796
2026-04-29T20:00:00.000000000,109.17,67.53506
2026-04-29T21:00:00.000000000,108.98,72.33806
2026-04-29T22:00:00.000000000,110.74,82.49073
2026-04-29T23:00:00.000000000,145.71,95.03844
2026-04-30T00:00:00.000000000,136.0,114.32424
2026-04-30T01:00:00.000000000,153.04,126.36395
2026-04-30T02:00:00.000000000,182.89,131.22918
2026-04-30T03:00:00.000000000,189.47,143.42669
2026-04-30T04:00:00.000000000,177.09,152.52475
2026-04-30T05:00:00.000000000,181.33,158.17728
2026-04-30T06:00:00.000000000,171.49,157.77722
2026-04-30T07:00:00.000000000,170.19,147.73268
2026-04-30T08:00:00.000000000,168.16,140.97483
2026-04-30T09:00:00.000000000,174.07,139.72915
2026-04-30T10:00:00.000000000,173.73,136.75364
2026-04-30T11:00:00.000000000,172.98,135.98473
2026-04-30T12:00:00.000000000,175.56,134.85345
2026-04-30T13:00:00.000000000,176.83,132.21025
2026-04-30T14:00:00.000000000,175.88,123.57558
2026-04-30T15:00:00.000000000,154.1,114.06894
2026-04-30T16:00:00.000000000,116.44,102.08809
2026-04-30T17:00:00.000000000,105.14,85.30738
2026-04-30T18:00:00.000000000,105.38,71.67661
2026-04-30T19:00:00.000000000,105.89,71.13114
2026-04-30T20:00:00.000000000,111.93,69.29489
2026-04-30T21:00:00.000000000,133.18,73.47498
2026-04-30T22:00:00.000000000,141.97,82.99376
2026-04-30T23:00:00.000000000,151.1,95.23594
2026-04-25T00:00:00.000000000,96.74,114.74388
2026-04-25T01:00:00.000000000,111.52,127.88037
2026-04-25T02:00:00.000000000,178.4,132.95423
2026-04-25T03:00:00.000000000,180.48,145.13001
2026-04-25T04:00:00.000000000,175.46,154.06532
2026-04-25T05:00:00.000000000,191.32,159.30825
2026-04-25T06:00:00.000000000,182.03,158.78444
2026-04-25T07:00:00.000000000,187.7,148.52081
2026-04-25T08:00:00.000000000,171.06,141.95072
2026-04-25T09:00:00.000000000,165.89,140.77729
2026-04-25T10:00:00.000000000,165.55,138.2963
2026-04-25T11:00:00.000000000,165.59,138.21654
2026-04-25T12:00:00.000000000,160.62,138.07393
2026-04-25T13:00:00.000000000,154.56,135.86102
2026-04-25T14:00:00.000000000,145.01,126.76612
2026-04-25T15:00:00.000000000,127.88,116.07212
2026-04-25T16:00:00.000000000,132.9,102.32597
2026-04-25T17:00:00.000000000,133.62,83.93563
2026-04-25T18:00:00.000000000,121.11,68.86081
2026-04-25T19:00:00.000000000,112.64,67.80086
2026-04-25T20:00:00.000000000,99.8,65.96178
2026-04-25T21:00:00.000000000,98.2,70.74637
2026-04-25T22:00:00.000000000,128.89,80.85567
2026-04-25T23:00:00.000000000,141.83,94.07484
2026-04-26T00:00:00.000000000,148.96,115.76575
2026-04-26T01:00:00.000000000,146.02,129.93991
2026-04-26T02:00:00.000000000,171.35,135.97707
2026-04-26T03:00:00.000000000,173.5,148.41044
2026-04-26T04:00:00.000000000,160.64,157.35134
2026-04-26T05:00:00.000000000,178.52,162.56788
2026-04-26T06:00:00.000000000,176.79,161.97308
2026-04-26T07:00:00.000000000,171.95,151.98946
2026-04-26T08:00:00.000000000,130.28,145.90815
2026-04-26T09:00:00.000000000,124.49,144.86326
2026-04-26T10:00:00.000000000,125.64,142.06607
2026-04-26T11:00:00.000000000,124.79,140.72833
2026-04-26T12:00:00.000000000,119.1,139.00743
2026-04-26T13:00:00.000000000,114.85,135.31617
2026-04-26T14:00:00.000000000,107.69,125.57646
2026-04-26T15:00:00.000000000,81.57,114.86955
2026-04-26T16:00:00.000000000,66.93,100.6924
2026-04-26T17:00:00.000000000,66.22,81.65383
2026-04-26T18:00:00.000000000,65.55,66.36756
2026-04-26T19:00:00.000000000,65.91,65.77979
2026-04-26T20:00:00.000000000,61.99,64.81801
2026-04-26T21:00:00.000000000,61.28,70.57347
2026-04-26T22:00:00.000000000,61.1,81.02676
2026-04-26T23:00:00.000000000,68.9,94.71434
2026-04-27T00:00:00.000000000,77.0,115.5913
2026-04-27T01:00:00.000000000,114.45,129.78467
2026-04-27T02:00:00.000000000,141.21,135.39062
2026-04-27T03:00:00.000000000,135.59,147.64969
2026-04-27T04:00:00.000000000,134.72,156.51846
2026-04-27T05:00:00.000000000,140.03,161.51958
2026-04-27T06:00:00.000000000,149.46,160.70244
2026-04-27T07:00:00.000000000,139.92,150.34921
2026-04-27T08:00:00.000000000,128.62,144.43398
2026-04-27T09:00:00.000000000,128.69,143.65753
2026-04-27T10:00:00.000000000,128.92,140.86784
2026-04-27T11:00:00.000000000,126.62,138.93196
2026-04-27T12:00:00.000000000,131.84,136.28189
2026-04-27T13:00:00.000000000,134.06,131.49869
2026-04-27T14:00:00.000000000,126.23,120.56001
2026-04-27T15:00:00.000000000,103.54,109.08349
2026-04-27T16:00:00.000000000,71.27,94.18319
2026-04-27T17:00:00.000000000,64.6,74.72489
2026-04-27T18:00:00.000000000,58.88,59.40644
2026-04-27T19:00:00.000000000,55.48,59.62677
2026-04-27T20:00:00.000000000,50.64,59.8272
2026-04-27T21:00:00.000000000,54.84,66.99709
2026-04-27T22:00:00.000000000,54.36,78.73629
2026-04-27T23:00:00.000000000,52.35,93.56306
2026-04-28T00:00:00.000000000,55.12,112.69168
2026-04-28T01:00:00.000000000,77.28,125.74819
2026-04-28T02:00:00.000000000,142.72,130.47312
2026-04-28T03:00:00.000000000,149.69,142.79011
2026-04-28T04:00:00.000000000,151.81,152.00223
2026-04-28T05:00:00.000000000,117.81,157.27824
2026-04-28T06:00:00.000000000,141.98,156.45206
2026-04-28T07:00:00.000000000,142.0,145.62257
2026-04-28T08:00:00.000000000,166.64,139.27137
2026-04-28T09:00:00.000000000,158.02,138.53842
2026-04-28T10:00:00.000000000,151.88,135.58242
2026-04-28T11:00:00.000000000,149.73,133.60054
2026-04-28T12:00:00.000000000,150.03,130.79108
2026-04-28T13:00:00.000000000,150.53,126.00253
2026-04-28T14:00:00.000000000,129.38,114.83611
2026-04-28T15:00:00.000000000,108.61,103.38483
2026-04-28T16:00:00.000000000,100.69,89.15032
2026-04-28T17:00:00.000000000,104.57,70.59159
2026-04-28T18:00:00.000000000,103.99,55.95064
2026-04-28T19:00:00.000000000,104.72,56.65235
2026-04-28T20:00:00.000000000,95.31,56.96953
2026-04-28T21:00:00.000000000,96.02,64.02353
2026-04-28T22:00:00.000000000,96.18,76.10122
2026-04-28T23:00:00.000000000,97.46,90.90202
2026-04-29T00:00:00.000000000,113.63,114.2527
2026-04-29T01:00:00.000000000,138.3,125.67305
2026-04-29T02:00:00.000000000,169.35,129.91774
2026-04-29T03:00:00.000000000,177.52,141.91415
2026-04-29T04:00:00.000000000,174.14,150.96081
2026-04-29T05:00:00.000000000,169.27,156.57767
2026-04-29T06:00:00.000000000,165.9,156.11074
2026-04-29T07:00:00.000000000,151.7,145.86437
2026-04-29T08:00:00.000000000,152.49,139.13837
2026-04-29T09:00:00.000000000,148.09,138.01552
2026-04-29T10:00:00.000000000,146.41,134.94942
2026-04-29T11:00:00.000000000,147.71,133.81602
2026-04-29T12:00:00.000000000,150.7,132.11594
2026-04-29T13:00:00.000000000,154.13,128.94533
2026-04-29T14:00:00.000000000,151.95,119.74331
2026-04-29T15:00:00.000000000,138.18,110.01216
2026-04-29T16:00:00.000000000,111.16,98.07715
2026-04-29T17:00:00.000000000,110.53,81.63311
2026-04-29T18:00:00.000000000,107.07,68.51309
2026-04-29T19:00:00.000000000,110.05,68.61095
2026-04-29T20:00:00.000000000,109.17,67.48704
2026-04-29T21:00:00.000000000,108.98,72.31028
2026-04-29T22:00:00.000000000,110.74,82.47246
2026-04-29T23:00:00.000000000,145.71,95.03905
2026-04-30T00:00:00.000000000,136.0,114.33705
2026-04-30T01:00:00.000000000,153.04,126.38748
2026-04-30T02:00:00.000000000,182.89,131.25674
2026-04-30T03:00:00.000000000,189.47,143.45359
2026-04-30T04:00:00.000000000,177.09,152.54918
2026-04-30T05:00:00.000000000,181.33,158.19734
2026-04-30T06:00:00.000000000,171.49,157.79485
2026-04-30T07:00:00.000000000,170.19,147.74961
2026-04-30T08:00:00.000000000,168.16,140.99641
2026-04-30T09:00:00.000000000,174.07,139.7527
2026-04-30T10:00:00.000000000,173.73,136.77857
2026-04-30T11:00:00.000000000,172.98,136.0051
2026-04-30T12:00:00.000000000,175.56,134.86815
2026-04-30T13:00:00.000000000,176.83,132.21617
2026-04-30T14:00:00.000000000,175.88,123.57212
2026-04-30T15:00:00.000000000,154.1,114.05685
2026-04-30T16:00:00.000000000,116.44,102.06217
2026-04-30T17:00:00.000000000,105.14,85.26852
2026-04-30T18:00:00.000000000,105.38,71.62965
2026-04-30T19:00:00.000000000,105.89,71.08712
2026-04-30T20:00:00.000000000,111.93,69.2601
2026-04-30T21:00:00.000000000,133.18,73.45382
2026-04-30T22:00:00.000000000,141.97,82.9819
2026-04-30T23:00:00.000000000,151.1,95.23539
2026-05-01T00:00:00.000000000,155.22,116.4667
2026-05-01T01:00:00.000000000,181.85,127.78774
2026-05-01T02:00:00.000000000,203.89,132.45676
2026-05-01T03:00:00.000000000,208.06,144.34181
2026-05-01T04:00:00.000000000,189.76,153.17683
2026-05-01T05:00:00.000000000,195.69,158.81926
2026-05-01T06:00:00.000000000,189.2,158.45861
2026-05-01T07:00:00.000000000,173.84,148.73588
2026-05-01T08:00:00.000000000,174.01,142.00938
2026-05-01T09:00:00.000000000,175.24,140.59211
2026-05-01T10:00:00.000000000,176.52,137.46518
2026-05-01T11:00:00.000000000,175.38,136.57812
2026-05-01T12:00:00.000000000,178.39,135.26502
2026-05-01T13:00:00.000000000,180.96,132.67982
2026-05-01T14:00:00.000000000,171.01,124.58767
2026-05-01T15:00:00.000000000,147.8,115.82557
2026-05-01T16:00:00.000000000,116.62,104.86432
2026-05-01T17:00:00.000000000,104.0,89.09425
2026-05-01T18:00:00.000000000,111.49,76.44237
2026-05-01T19:00:00.000000000,116.36,76.09638
2026-05-01T20:00:00.000000000,123.81,74.26874
2026-05-01T21:00:00.000000000,124.15,78.0405
2026-05-01T22:00:00.000000000,125.81,86.99018
2026-05-01T23:00:00.000000000,131.11,98.43031
2026-04-26T00:00:00.000000000,148.96,129.91551
2026-04-26T01:00:00.000000000,146.02,143.43788
2026-04-26T02:00:00.000000000,171.35,149.99901
2026-04-26T03:00:00.000000000,173.5,160.87684
2026-04-26T04:00:00.000000000,160.64,167.85364
2026-04-26T05:00:00.000000000,178.52,172.20932
2026-04-26T06:00:00.000000000,176.79,171.57357
2026-04-26T07:00:00.000000000,171.95,163.61535
2026-04-26T08:00:00.000000000,130.28,158.46097
2026-04-26T09:00:00.000000000,124.49,156.54145
2026-04-26T10:00:00.000000000,125.64,153.4553
2026-04-26T11:00:00.000000000,124.79,151.75039
2026-04-26T12:00:00.000000000,119.1,149.70544
2026-04-26T13:00:00.000000000,114.85,146.04599
2026-04-26T14:00:00.000000000,107.69,138.48966
2026-04-26T15:00:00.000000000,81.57,130.0926
2026-04-26T16:00:00.000000000,66.93,118.38455
2026-04-26T17:00:00.000000000,66.22,101.69932
2026-04-26T18:00:00.000000000,65.55,89.03848
2026-04-26T19:00:00.000000000,65.91,88.75572
2026-04-26T20:00:00.000000000,61.99,87.90468
2026-04-26T21:00:00.000000000,61.28,92.64223
2026-04-26T22:00:00.000000000,61.1,100.55437
2026-04-26T23:00:00.000000000,68.9,111.66428
2026-04-27T00:00:00.000000000,77.0,120.97354
2026-04-27T01:00:00.000000000,114.45,135.07539
2026-04-27T02:00:00.000000000,141.21,141.02202
2026-04-27T03:00:00.000000000,135.59,152.7129
2026-04-27T04:00:00.000000000,134.72,160.81899
2026-04-27T05:00:00.000000000,140.03,165.41349
2026-04-27T06:00:00.000000000,149.46,164.54793
2026-04-27T07:00:00.000000000,139.92,154.93538
2026-04-27T08:00:00.000000000,128.62,149.30234
2026-04-27T09:00:00.000000000,128.69,148.16476
2026-04-27T10:00:00.000000000,128.92,145.40558
2026-04-27T11:00:00.000000000,126.62,143.71854
2026-04-27T12:00:00.000000000,131.84,141.47928
2026-04-27T13:00:00.000000000,134.06,137.21175
2026-04-27T14:00:00.000000000,126.23,127.4114
2026-04-27T15:00:00.000000000,103.54,116.86685
2026-04-27T16:00:00.000000000,71.27,102.8127
2026-04-27T17:00:00.000000000,64.6,84.03587
2026-04-27T18:00:00.000000000,58.88,69.432
2026-04-27T19:00:00.000000000,55.48,69.41233
2026-04-27T20:00:00.000000000,50.64,69.31034
2026-04-27T21:00:00.000000000,54.84,75.7944
2026-04-27T22:00:00.000000000,54.36,86.35106
2026-04-27T23:00:00.000000000,52.35,100.06748
2026-04-28T00:00:00.000000000,55.12,114.75124
2026-04-28T01:00:00.000000000,77.28,127.80605
2026-04-28T02:00:00.000000000,142.72,132.71105
2026-04-28T03:00:00.000000000,149.69,144.84147
2026-04-28T04:00:00.000000000,151.81,153.79842
2026-04-28T05:00:00.000000000,117.81,158.95805
2026-04-28T06:00:00.000000000,141.98,158.13663
2026-04-28T07:00:00.000000000,142.0,147.56903
2026-04-28T08:00:00.000000000,166.64,141.23109
2026-04-28T09:00:00.000000000,158.02,140.27306
2026-04-28T10:00:00.000000000,151.88,137.32753
2026-04-28T11:00:00.000000000,149.73,135.54459
2026-04-28T12:00:00.000000000,150.03,133.03737
2026-04-28T13:00:00.000000000,150.53,128.58748
2026-04-28T14:00:00.000000000,129.38,117.979
2026-04-28T15:00:00.000000000,108.61,106.94425
2026-04-28T16:00:00.000000000,100.69,93.07757
2026-04-28T17:00:00.000000000,104.57,74.79161
2026-04-28T18:00:00.000000000,103.99,60.38373
2026-04-28T19:00:00.000000000,104.72,60.85928
2026-04-28T20:00:00.000000000,95.31,60.90815
2026-04-28T21:00:00.000000000,96.02,67.55514
2026-04-28T22:00:00.000000000,96.18,79.07528
2026-04-28T23:00:00.000000000,97.46,93.38077
2026-04-29T00:00:00.000000000,113.63,115.03024
2026-04-29T01:00:00.000000000,138.3,126.46804
2026-04-29T02:00:00.000000000,169.35,130.80781
2026-04-29T03:00:00.000000000,177.52,142.74245
2026-04-29T04:00:00.000000000,174.14,151.69646
2026-04-29T05:00:00.000000000,169.27,157.27655
2026-04-29T06:00:00.000000000,165.9,156.82269
2026-04-29T07:00:00.000000000,151.7,146.70263
2026-04-29T08:00:00.000000000,152.49,139.99929
2026-04-29T09:00:00.000000000,148.09,138.79739
2026-04-29T10:00:00.000000000,146.41,135.7443
2026-04-29T11:00:00.000000000,147.71,134.70097
2026-04-29T12:00:00.000000000,150.7,133.13679
2026-04-29T13:00:00.000000000,154.13,130.11456
2026-04-29T14:00:00.000000000,151.95,121.15328
2026-04-29T15:00:00.000000000,138.18,111.59314
2026-04-29T16:00:00.000000000,111.16,99.80147
2026-04-29T17:00:00.000000000,110.53,83.45236
2026-04-29T18:00:00.000000000,107.07,70.40244
2026-04-29T19:00:00.000000000,110.05,70.38646
2026-04-29T20:00:00.000000000,109.17,69.12601
2026-04-29T21:00:00.000000000,108.98,73.75776
2026-04-29T22:00:00.000000000,110.74,83.6656
2026-04-29T23:00:00.000000000,145.71,96.01195
2026-04-30T00:00:00.000000000,136.0,114.64728
2026-04-30T01:00:00.000000000,153.04,126.72315
2026-04-30T02:00:00.000000000,182.89,131.6461
2026-04-30T03:00:00.000000000,189.47,143.82252
2026-04-30T04:00:00.000000000,177.09,152.87929
2026-04-30T05:00:00.000000000,181.33,158.51047
2026-04-30T06:00:00.000000000,171.49,158.11339
2026-04-30T07:00:00.000000000,170.19,148.12551
2026-04-30T08:00:00.000000000,168.16,141.38732
2026-04-30T09:00:00.000000000,174.07,140.114
2026-04-30T10:00:00.000000000,173.73,137.14564
2026-04-30T11:00:00.000000000,172.98,136.40753
2026-04-30T12:00:00.000000000,175.56,135.32716
2026-04-30T13:00:00.000000000,176.83,132.73577
2026-04-30T14:00:00.000000000,175.88,124.19285
2026-04-30T15:00:00.000000000,154.1,114.74752
2026-04-30T16:00:00.000000000,116.44,102.80434
2026-04-30T17:00:00.000000000,105.14,86.03718
2026-04-30T18:00:00.000000000,105.38,72.41328
2026-04-30T19:00:00.000000000,105.89,71.81736
2026-04-30T20:00:00.000000000,111.93,69.92876
2026-04-30T21:00:00.000000000,133.18,74.0405
2026-04-30T22:00:00.000000000,141.97,83.45776
2026-04-30T23:00:00.000000000,151.1,95.62133
2026-05-01T00:00:00.000000000,155.22,116.59419
2026-05-01T01:00:00.000000000,181.85,127.93118
2026-05-01T02:00:00.000000000,203.89,132.62554
2026-05-01T03:00:00.000000000,208.06,144.50346
2026-05-01T04:00:00.000000000,189.76,153.3232
2026-05-01T05:00:00.000000000,195.69,158.95965
2026-05-01T06:00:00.000000000,189.2,158.60276
2026-05-01T07:00:00.000000000,173.84,148.90636
2026-05-01T08:00:00.000000000,174.01,142.1897
2026-05-01T09:00:00.000000000,175.24,140.76196
2026-05-01T10:00:00.000000000,176.52,137.63804
2026-05-01T11:00:00.000000000,175.38,136.76333
2026-05-01T12:00:00.000000000,178.39,135.47049
2026-05-01T13:00:00.000000000,180.96,132.90558
2026-05-01T14:00:00.000000000,171.01,124.8515
2026-05-01T15:00:00.000000000,147.8,116.11471
2026-05-01T16:00:00.000000000,116.62,105.16947
2026-05-01T17:00:00.000000000,104.0,89.40525
2026-05-01T18:00:00.000000000,111.49,76.75513
2026-05-01T19:00:00.000000000,116.36,76.38675
2026-05-01T20:00:00.000000000,123.81,74.53474
2026-05-01T21:00:00.000000000,124.15,78.27547
2026-05-01T22:00:00.000000000,125.81,87.18037
2026-05-01T23:00:00.000000000,131.11,98.58594
2026-05-02T00:00:00.000000000,131.8,114.94068
2026-05-02T01:00:00.000000000,152.66,127.07195
2026-05-02T02:00:00.000000000,188.31,131.74317
2026-05-02T03:00:00.000000000,195.6,143.7569
2026-05-02T04:00:00.000000000,196.62,152.62752
2026-05-02T05:00:00.000000000,189.11,157.7424
2026-05-02T06:00:00.000000000,190.21,156.75833
2026-05-02T07:00:00.000000000,177.75,145.95959
2026-05-02T08:00:00.000000000,178.21,138.75097
2026-05-02T09:00:00.000000000,181.66,137.18191
2026-05-02T10:00:00.000000000,190.51,134.10831
2026-05-02T11:00:00.000000000,192.34,133.24105
2026-05-02T12:00:00.000000000,196.32,132.05635
2026-05-02T13:00:00.000000000,196.88,129.26086
2026-05-02T14:00:00.000000000,194.98,120.22747
2026-05-02T15:00:00.000000000,178.37,110.36756
2026-05-02T16:00:00.000000000,162.12,98.02557
2026-05-02T17:00:00.000000000,159.53,81.01305
2026-05-02T18:00:00.000000000,161.33,67.42048
2026-05-02T19:00:00.000000000,147.17,67.36705
2026-05-02T20:00:00.000000000,142.67,66.2511
2026-05-02T21:00:00.000000000,151.51,71.27581
2026-05-02T22:00:00.000000000,155.33,81.63187
2026-05-02T23:00:00.000000000,165.69,94.69806
2026-04-27T00:00:00.000000000,77.0,119.10749
2026-04-27T01:00:00.000000000,114.45,132.16419
2026-04-27T02:00:00.000000000,141.21,137.22364
2026-04-27T03:00:00.000000000,135.59,148.7792
2026-04-27T04:00:00.000000000,134.72,156.91002
2026-04-27T05:00:00.000000000,140.03,160.69211
2026-04-27T06:00:00.000000000,149.46,158.42895
2026-04-27T07:00:00.000000000,139.92,146.63768
2026-04-27T08:00:00.000000000,128.62,139.38595
2026-04-27T09:00:00.000000000,128.69,137.50716
2026-04-27T10:00:00.000000000,128.92,134.14451
2026-04-27T11:00:00.000000000,126.62,131.90082
2026-04-27T12:00:00.000000000,131.84,129.05531
2026-04-27T13:00:00.000000000,134.06,124.54389
2026-04-27T14:00:00.000000000,126.23,114.18193
2026-04-27T15:00:00.000000000,103.54,103.71507
2026-04-27T16:00:00.000000000,71.27,90.23389
2026-04-27T17:00:00.000000000,64.6,72.13367
2026-04-27T18:00:00.000000000,58.88,58.64311
2026-04-27T19:00:00.000000000,55.48,60.16564
2026-04-27T20:00:00.000000000,50.64,61.64165
2026-04-27T21:00:00.000000000,54.84,69.51975
2026-04-27T22:00:00.000000000,54.36,81.88442
2026-04-27T23:00:00.000000000,52.35,96.86659
2026-04-28T00:00:00.000000000,55.12,114.04003
2026-04-28T01:00:00.000000000,77.28,126.31543
2026-04-28T02:00:00.000000000,142.72,130.57996
2026-04-28T03:00:00.000000000,149.69,142.54819
2026-04-28T04:00:00.000000000,151.81,151.4715
2026-04-28T05:00:00.000000000,117.81,156.47066
2026-04-28T06:00:00.000000000,141.98,155.35948
2026-04-28T07:00:00.000000000,142.0,144.25499
2026-04-28T08:00:00.000000000,166.64,137.48941
2026-04-28T09:00:00.000000000,158.02,136.42104
2026-04-28T10:00:00.000000000,151.88,133.34883
2026-04-28T11:00:00.000000000,149.73,131.56703
2026-04-28T12:00:00.000000000,150.03,129.04274
2026-04-28T13:00:00.000000000,150.53,124.71439
2026-04-28T14:00:00.000000000,129.38,114.02638
2026-04-28T15:00:00.000000000,108.61,103.07611
2026-04-28T16:00:00.000000000,100.69,89.62204
2026-04-28T17:00:00.000000000,104.57,71.89156
2026-04-28T18:00:00.000000000,103.99,58.07442
2026-04-28T19:00:00.000000000,104.72,59.01382
2026-04-28T20:00:00.000000000,95.31,59.39609
2026-04-28T21:00:00.000000000,96.02,66.23327
2026-04-28T22:00:00.000000000,96.18,78.18622
2026-04-28T23:00:00.000000000,97.46,92.635
2026-04-29T00:00:00.000000000,113.63,114.69393
2026-04-29T01:00:00.000000000,138.3,125.78585
2026-04-29T02:00:00.000000000,169.35,129.89497
2026-04-29T03:00:00.000000000,177.52,141.78846
2026-04-29T04:00:00.000000000,174.14,150.75919
2026-04-29T05:00:00.000000000,169.27,156.35402
2026-04-29T06:00:00.000000000,165.9,155.86056
2026-04-29T07:00:00.000000000,151.7,145.61399
2026-04-29T08:00:00.000000000,152.49,138.74328
2026-04-29T09:00:00.000000000,148.09,137.49297
2026-04-29T10:00:00.000000000,146.41,134.3892
2026-04-29T11:00:00.000000000,147.71,133.40356
2026-04-29T12:00:00.000000000,150.7,131.90289
2026-04-29T13:00:00.000000000,154.13,129.01852
2026-04-29T14:00:00.000000000,151.95,120.14567
2026-04-29T15:00:00.000000000,138.18,110.71178
2026-04-29T16:00:00.000000000,111.16,99.20335
2026-04-29T17:00:00.000000000,110.53,83.16972
2026-04-29T18:00:00.000000000,107.07,70.38189
2026-04-29T19:00:00.000000000,110.05,70.45343
2026-04-29T20:00:00.000000000,109.17,69.16542
2026-04-29T21:00:00.000000000,108.98,73.67663
2026-04-29T22:00:00.000000000,110.74,83.58576
2026-04-29T23:00:00.000000000,145.71,95.83075
2026-04-30T00:00:00.000000000,136.0,114.4779
2026-04-30T01:00:00.000000000,153.04,126.4308
2026-04-30T02:00:00.000000000,182.89,131.29135
2026-04-30T03:00:00.000000000,189.47,143.47041
2026-04-30T04:00:00.000000000,177.09,152.55278
2026-04-30T05:00:00.000000000,181.33,158.22068
2026-04-30T06:00:00.000000000,171.49,157.83698
2026-04-30T07:00:00.000000000,170.19,147.833
2026-04-30T08:00:00.000000000,168.16,141.03751
2026-04-30T09:00:00.000000000,174.07,139.74608
2026-04-30T10:00:00.000000000,173.73,136.76271
2026-04-30T11:00:00.000000000,172.98,136.06651
2026-04-30T12:00:00.000000000,175.56,135.03607
2026-04-30T13:00:00.000000000,176.83,132.52551
2026-04-30T14:00:00.000000000,175.88,124.05576
2026-04-30T15:00:00.000000000,154.1,114.6826
2026-04-30T16:00:00.000000000,116.44,102.86975
2026-04-30T17:00:00.000000000,105.14,86.23203
2026-04-30T18:00:00.000000000,105.38,72.69541
2026-04-30T19:00:00.000000000,105.89,72.08929
2026-04-30T20:00:00.000000000,111.93,70.13038
2026-04-30T21:00:00.000000000,133.18,74.131
2026-04-30T22:00:00.000000000,141.97,83.48833
2026-04-30T23:00:00.000000000,151.1,95.5633
2026-05-01T00:00:00.000000000,155.22,116.51606
2026-05-01T01:00:00.000000000,181.85,127.81875
2026-05-01T02:00:00.000000000,203.89,132.50521
2026-05-01T03:00:00.000000000,208.06,144.39267
2026-05-01T04:00:00.000000000,189.76,153.22828
2026-05-01T05:00:00.000000000,195.69,158.88783
2026-05-01T06:00:00.000000000,189.2,158.54493
2026-05-01T07:00:00.000000000,173.84,148.85465
2026-05-01T08:00:00.000000000,174.01,142.12115
2026-05-01T09:00:00.000000000,175.24,140.68764
2026-05-01T10:00:00.000000000,176.52,137.55892
2026-05-01T11:00:00.000000000,175.38,136.7037
2026-05-01T12:00:00.000000000,178.39,135.43574
2026-05-01T13:00:00.000000000,180.96,132.90763
2026-05-01T14:00:00.000000000,171.01,124.89235
2026-05-01T15:00:00.000000000,147.8,116.18894
2026-05-01T16:00:00.000000000,116.62,105.29502
2026-05-01T17:00:00.000000000,104.0,89.57567
2026-05-01T18:00:00.000000000,111.49,76.94808
2026-05-01T19:00:00.000000000,116.36,76.56035
2026-05-01T20:00:00.000000000,123.81,74.66299
2026-05-01T21:00:00.000000000,124.15,78.34219
2026-05-01T22:00:00.000000000,125.81,87.20423
2026-05-01T23:00:00.000000000,131.11,98.56211
2026-05-02T00:00:00.000000000,131.8,114.90722
2026-05-02T01:00:00.000000000,152.66,127.03398
2026-05-02T02:00:00.000000000,188.31,131.70932
2026-05-02T03:00:00.000000000,195.6,143.73011
2026-05-02T04:00:00.000000000,196.62,152.60872
2026-05-02T05:00:00.000000000,189.11,157.73447
2026-05-02T06:00:00.000000000,190.21,156.758
2026-05-02T07:00:00.000000000,177.75,145.96454
2026-05-02T08:00:00.000000000,178.21,138.75104
2026-05-02T09:00:00.000000000,181.66,137.17957
2026-05-02T10:00:00.000000000,190.51,134.10477
2026-05-02T11:00:00.000000000,192.34,133.24607
2026-05-02T12:00:00.000000000,196.32,132.0733
2026-05-02T13:00:00.000000000,196.88,129.2931
2026-05-02T14:00:00.000000000,194.98,120.27625
2026-05-02T15:00:00.000000000,178.37,110.42813
2026-05-02T16:00:00.000000000,162.12,98.10134
2026-05-02T17:00:00.000000000,159.53,81.09965
2026-05-02T18:00:00.000000000,161.33,67.50823
2026-05-02T19:00:00.000000000,147.17,67.44155
2026-05-02T20:00:00.000000000,142.67,66.30308
2026-05-02T21:00:00.000000000,151.51,71.30083
2026-05-02T22:00:00.000000000,155.33,81.63626
2026-05-02T23:00:00.000000000,165.69,94.68334
2026-05-03T00:00:00.000000000,174.15,116.76557
2026-05-03T01:00:00.000000000,197.87,129.45587
2026-05-03T02:00:00.000000000,217.49,134.58445
2026-05-03T03:00:00.000000000,209.39,146.57008
2026-05-03T04:00:00.000000000,200.01,155.32623
2026-05-03T05:00:00.000000000,182.73,160.65906
2026-05-03T06:00:00.000000000,189.17,160.21829
2026-05-03T07:00:00.000000000,180.17,150.50277
2026-05-03T08:00:00.000000000,165.86,144.52927
2026-05-03T09:00:00.000000000,154.87,143.58766
2026-05-03T10:00:00.000000000,157.31,140.74586
2026-05-03T11:00:00.000000000,157.48,139.39168
2026-05-03T12:00:00.000000000,163.18,137.48649
2026-05-03T13:00:00.000000000,159.23,133.87039
2026-05-03T14:00:00.000000000,154.14,124.447
2026-05-03T15:00:00.000000000,141.82,114.33054
2026-05-03T16:00:00.000000000,130.36,101.29451
2026-05-03T17:00:00.000000000,134.6,83.61511
2026-05-03T18:00:00.000000000,135.86,69.62418
2026-05-03T19:00:00.000000000,138.77,69.46698
2026-05-03T20:00:00.000000000,138.21,68.62513
2026-05-03T21:00:00.000000000,135.2,74.05202
2026-05-03T22:00:00.000000000,136.49,84.21452
2026-05-03T23:00:00.000000000,138.6,97.10052
2026-04-28T00:00:00.000000000,55.12,107.10088
2026-04-28T01:00:00.000000000,77.28,120.29464
2026-04-28T02:00:00.000000000,142.72,125.11077
2026-04-28T03:00:00.000000000,149.69,138.23757
2026-04-28T04:00:00.000000000,151.81,148.37441
2026-04-28T05:00:00.000000000,117.81,154.52717
2026-04-28T06:00:00.000000000,141.98,154.25989
2026-04-28T07:00:00.000000000,142.0,143.38673
2026-04-28T08:00:00.000000000,166.64,136.78458
2026-04-28T09:00:00.000000000,158.02,136.2648
2026-04-28T10:00:00.000000000,151.88,133.32155
2026-04-28T11:00:00.000000000,149.73,131.75418
2026-04-28T12:00:00.000000000,150.03,129.50392
2026-04-28T13:00:00.000000000,150.53,125.22321
2026-04-28T14:00:00.000000000,129.38,114.04621
2026-04-28T15:00:00.000000000,108.61,102.26802
2026-04-28T16:00:00.000000000,100.69,87.87999
2026-04-28T17:00:00.000000000,104.57,69.11922
2026-04-28T18:00:00.000000000,103.99,53.6841
2026-04-28T19:00:00.000000000,104.72,53.68131
2026-04-28T20:00:00.000000000,95.31,52.86441
2026-04-28T21:00:00.000000000,96.02,58.90952
2026-04-28T22:00:00.000000000,96.18,70.63095
2026-04-28T23:00:00.000000000,97.46,85.26525
2026-04-29T00:00:00.000000000,113.63,111.91511
2026-04-29T01:00:00.000000000,138.3,123.60364
2026-04-29T02:00:00.000000000,169.35,128.02861
2026-04-29T03:00:00.000000000,177.52,140.41668
2026-04-29T04:00:00.000000000,174.14,149.87808
2026-04-29T05:00:00.000000000,169.27,155.84773
2026-04-29T06:00:00.000000000,165.9,155.59326
2026-04-29T07:00:00.000000000,151.7,145.32719
2026-04-29T08:00:00.000000000,152.49,138.5856
2026-04-29T09:00:00.000000000,148.09,137.61661
2026-04-29T10:00:00.000000000,146.41,134.55805
2026-04-29T11:00:00.000000000,147.71,133.43512
2026-04-29T12:00:00.000000000,150.7,131.7493
2026-04-29T13:00:00.000000000,154.13,128.559
2026-04-29T14:00:00.000000000,151.95,119.18124
2026-04-29T15:00:00.000000000,138.18,109.22029
2026-04-29T16:00:00.000000000,111.16,97.01786
2026-04-29T17:00:00.000000000,110.53,80.25163
2026-04-29T18:00:00.000000000,107.07,66.65539
2026-04-29T19:00:00.000000000,110.05,66.51254
2026-04-29T20:00:00.000000000,109.17,65.07815
2026-04-29T21:00:00.000000000,108.98,69.71441
2026-04-29T22:00:00.000000000,110.74,79.88035
2026-04-29T23:00:00.000000000,145.71,92.55189
2026-04-30T00:00:00.000000000,136.0,113.40638
2026-04-30T01:00:00.000000000,153.04,125.60692
2026-04-30T02:00:00.000000000,182.89,130.54805
2026-04-30T03:00:00.000000000,189.47,142.8994
2026-04-30T04:00:00.000000000,177.09,152.15677
2026-04-30T05:00:00.000000000,181.33,157.92473
2026-04-30T06:00:00.000000000,171.49,157.58892
2026-04-30T07:00:00.000000000,170.19,147.51212
2026-04-30T08:00:00.000000000,168.16,140.77774
2026-04-30T09:00:00.000000000,174.07,139.61749
2026-04-30T10:00:00.000000000,173.73,136.64926
2026-04-30T11:00:00.000000000,172.98,135.82801
2026-04-30T12:00:00.000000000,175.56,134.62488
2026-04-30T13:00:00.000000000,176.83,131.87733
2026-04-30T14:00:00.000000000,175.88,123.06735
2026-04-30T15:00:00.000000000,154.1,113.39047
2026-04-30T16:00:00.000000000,116.44,101.19796
2026-04-30T17:00:00.000000000,105.14,84.20037
2026-04-30T18:00:00.000000000,105.38,70.33483
2026-04-30T19:00:00.000000000,105.89,69.74573
2026-04-30T20:00:00.000000000,111.93,67.88758
2026-04-30T21:00:00.000000000,133.18,72.1281
2026-04-30T22:00:00.000000000,141.97,81.75745
2026-04-30T23:00:00.000000000,151.1,94.14991
2026-05-01T00:00:00.000000000,155.22,116.10165
2026-05-01T01:00:00.000000000,181.85,127.48803
2026-05-01T02:00:00.000000000,203.89,132.17216
2026-05-01T03:00:00.000000000,208.06,144.11146
2026-05-01T04:00:00.000000000,189.76,153.00459
2026-05-01T05:00:00.000000000,195.69,158.67944
2026-05-01T06:00:00.000000000,189.2,158.33143
2026-05-01T07:00:00.000000000,173.84,148.5758
2026-05-01T08:00:00.000000000,174.01,141.85838
2026-05-01T09:00:00.000000000,175.24,140.48024
2026-05-01T10:00:00.000000000,176.52,137.35704
2026-05-01T11:00:00.000000000,175.38,136.43528
2026-05-01T12:00:00.000000000,178.39,135.07324
2026-05-01T13:00:00.000000000,180.96,132.42131
2026-05-01T14:00:00.000000000,171.01,124.2239
2026-05-01T15:00:00.000000000,147.8,115.36849
2026-05-01T16:00:00.000000000,116.62,104.29477
2026-05-01T17:00:00.000000000,104.0,88.41961
2026-05-01T18:00:00.000000000,111.49,75.67039
2026-05-01T19:00:00.000000000,116.36,75.33144
2026-05-01T20:00:00.000000000,123.81,73.53371
2026-05-01T21:00:00.000000000,124.15,77.37807
2026-05-01T22:00:00.000000000,125.81,86.41799
2026-05-01T23:00:00.000000000,131.11,97.9587
2026-05-02T00:00:00.000000000,131.8,114.75385
2026-05-02T01:00:00.000000000,152.66,126.89525
2026-05-02T02:00:00.000000000,188.31,131.55018
2026-05-02T03:00:00.000000000,195.6,143.58162
2026-05-02T04:00:00.000000000,196.62,152.47669
2026-05-02T05:00:00.000000000,189.11,157.60117
2026-05-02T06:00:00.000000000,190.21,156.61605
2026-05-02T07:00:00.000000000,177.75,145.79012
2026-05-02T08:00:00.000000000,178.21,138.58567
2026-05-02T09:00:00.000000000,181.66,137.0412
2026-05-02T10:00:00.000000000,190.51,133.96787
2026-05-02T11:00:00.000000000,192.34,133.07319
2026-05-02T12:00:00.000000000,196.32,131.84734
2026-05-02T13:00:00.000000000,196.88,129.00272
2026-05-02T14:00:00.000000000,194.98,119.89746
2026-05-02T15:00:00.000000000,178.37,109.98263
2026-05-02T16:00:00.000000000,162.12,97.586
2026-05-02T17:00:00.000000000,159.53,80.53192
2026-05-02T18:00:00.000000000,161.33,66.90849
2026-05-02T19:00:00.000000000,147.17,66.88329
2026-05-02T20:00:00.000000000,142.67,65.80855
2026-05-02T21:00:00.000000000,151.51,70.89403
2026-05-02T22:00:00.000000000,155.33,81.32066
2026-05-02T23:00:00.000000000,165.69,94.45188
2026-05-03T00:00:00.000000000,174.15,116.74853
2026-05-03T01:00:00.000000000,197.87,129.42656
2026-05-03T02:00:00.000000000,217.49,134.53317
2026-05-03T03:00:00.000000000,209.39,146.51178
2026-05-03T04:00:00.000000000,200.01,155.26599
2026-05-03T05:00:00.000000000,182.73,160.59243
2026-05-03T06:00:00.000000000,189.17,160.14354
2026-05-03T07:00:00.000000000,180.17,150.41183
2026-05-03T08:00:00.000000000,165.86,144.43699
2026-05-03T09:00:00.000000000,154.87,143.50128
2026-05-03T10:00:00.000000000,157.31,140.65787
2026-05-03T11:00:00.000000000,157.48,139.28857
2026-05-03T12:00:00.000000000,163.18,137.35925
2026-05-03T13:00:00.000000000,159.23,133.71692
2026-05-03T14:00:00.000000000,154.14,124.26122
2026-05-03T15:00:00.000000000,141.82,114.12604
2026-05-03T16:00:00.000000000,130.36,101.07762
2026-05-03T17:00:00.000000000,134.6,83.39642
2026-05-03T18:00:00.000000000,135.86,69.41368
2026-05-03T19:00:00.000000000,138.77,69.28328
2026-05-03T20:00:00.000000000,138.21,68.47522
2026-05-03T21:00:00.000000000,135.2,73.9405
2026-05-03T22:00:00.000000000,136.49,84.14213
2026-05-03T23:00:00.000000000,138.6,97.05871
2026-05-04T00:00:00.000000000,146.55,114.77017
2026-05-04T01:00:00.000000000,157.34,129.48224
2026-05-04T02:00:00.000000000,188.61,135.35873
2026-05-04T03:00:00.000000000,185.67,147.79098
2026-05-04T04:00:00.000000000,190.35,156.74438
2026-05-04T05:00:00.000000000,195.68,161.61458
2026-05-04T06:00:00.000000000,180.18,160.60823
2026-05-04T07:00:00.000000000,164.01,150.0093
2026-05-04T08:00:00.000000000,171.98,144.09282
2026-05-04T09:00:00.000000000,172.69,143.37969
2026-05-04T10:00:00.000000000,172.58,140.57469
2026-05-04T11:00:00.000000000,172.86,138.41755
2026-05-04T12:00:00.000000000,174.09,135.52594
2026-05-04T13:00:00.000000000,174.1,130.41958
2026-05-04T14:00:00.000000000,173.34,119.07386
2026-05-04T15:00:00.000000000,176.47,107.23364
2026-05-04T16:00:00.000000000,173.9,91.79469
2026-05-04T17:00:00.000000000,162.62,71.75172
2026-05-04T18:00:00.000000000,151.98,55.98864
2026-05-04T19:00:00.000000000,155.22,56.35168
2026-05-04T20:00:00.000000000,155.59,56.86773
2026-05-04T21:00:00.000000000,151.98,64.52669
2026-05-04T22:00:00.000000000,141.62,76.70129
2026-05-04T23:00:00.000000000,142.17,92.08399
2026-04-29T00:00:00.000000000,113.63,114.31575
2026-04-29T01:00:00.000000000,138.3,124.05119
2026-04-29T02:00:00.000000000,169.35,128.22814
2026-04-29T03:00:00.000000000,177.52,140.26913
2026-04-29T04:00:00.000000000,174.14,149.62089
2026-04-29T05:00:00.000000000,169.27,156.86781
2026-04-29T06:00:00.000000000,165.9,158.30337
2026-04-29T07:00:00.000000000,151.7,151.02996
2026-04-29T08:00:00.000000000,152.49,146.1357
2026-04-29T09:00:00.000000000,148.09,146.09416
2026-04-29T10:00:00.000000000,146.41,143.20924
2026-04-29T11:00:00.000000000,147.71,142.13892
2026-04-29T12:00:00.000000000,150.7,140.19938
2026-04-29T13:00:00.000000000,154.13,137.27529
2026-04-29T14:00:00.000000000,151.95,129.67415
2026-04-29T15:00:00.000000000,138.18,121.669
2026-04-29T16:00:00.000000000,111.16,112.28889
2026-04-29T17:00:00.000000000,110.53,98.27522
2026-04-29T18:00:00.000000000,107.07,86.57552
2026-04-29T19:00:00.000000000,110.05,85.87597
2026-04-29T20:00:00.000000000,109.17,82.82752
2026-04-29T21:00:00.000000000,108.98,84.55751
2026-04-29T22:00:00.000000000,110.74,91.37205
2026-04-29T23:00:00.000000000,145.71,100.23056
2026-04-30T00:00:00.000000000,136.0,114.91892
2026-04-30T01:00:00.000000000,153.04,126.97478
2026-04-30T02:00:00.000000000,182.89,132.2903
2026-04-30T03:00:00.000000000,189.47,144.63178
2026-04-30T04:00:00.000000000,177.09,153.84657
2026-04-30T05:00:00.000000000,181.33,160.00522
2026-04-30T06:00:00.000000000,171.49,160.17654
2026-04-30T07:00:00.000000000,170.19,151.05396
2026-04-30T08:00:00.000000000,168.16,144.69782
2026-04-30T09:00:00.000000000,174.07,143.5302
2026-04-30T10:00:00.000000000,173.73,140.57192
2026-04-30T11:00:00.000000000,172.98,139.91302
2026-04-30T12:00:00.000000000,175.56,138.89977
2026-04-30T13:00:00.000000000,176.83,136.48075
2026-04-30T14:00:00.000000000,175.88,128.59451
2026-04-30T15:00:00.000000000,154.1,119.73811
2026-04-30T16:00:00.000000000,116.44,108.45542
2026-04-30T17:00:00.000000000,105.14,92.16476
2026-04-30T18:00:00.000000000,105.38,78.67224
2026-04-30T19:00:00.000000000,105.89,77.53742
2026-04-30T20:00:00.000000000,111.93,74.80788
2026-04-30T21:00:00.000000000,133.18,77.83212
2026-04-30T22:00:00.000000000,141.97,86.06647
2026-04-30T23:00:00.000000000,151.1,97.14778
2026-05-01T00:00:00.000000000,155.22,116.86921
2026-05-01T01:00:00.000000000,181.85,128.37481
2026-05-01T02:00:00.000000000,203.89,133.32384
2026-05-01T03:00:00.000000000,208.06,145.27506
2026-05-01T04:00:00.000000000,189.76,154.12479
2026-05-01T05:00:00.000000000,195.69,159.89014
2026-05-01T06:00:00.000000000,189.2,159.69405
2026-05-01T07:00:00.000000000,173.84,150.28998
2026-05-01T08:00:00.000000000,174.01,143.71692
2026-05-01T09:00:00.000000000,175.24,142.29947
2026-05-01T10:00:00.000000000,176.52,139.19024
2026-05-01T11:00:00.000000000,175.38,138.34626
2026-05-01T12:00:00.000000000,178.39,137.10587
2026-05-01T13:00:00.000000000,180.96,134.59952
2026-05-01T14:00:00.000000000,171.01,126.7696
2026-05-01T15:00:00.000000000,147.8,118.19365
2026-05-01T16:00:00.000000000,116.62,107.35288
2026-05-01T17:00:00.000000000,104.0,91.60123
2026-05-01T18:00:00.000000000,111.49,78.87271
2026-05-01T19:00:00.000000000,116.36,78.27446
2026-05-01T20:00:00.000000000,123.81,76.13986
2026-05-01T21:00:00.000000000,124.15,79.55586
2026-05-01T22:00:00.000000000,125.81,88.06149
2026-05-01T23:00:00.000000000,131.11,99.16047
2026-05-02T00:00:00.000000000,131.8,115.09112
2026-05-02T01:00:00.000000000,152.66,127.33099
2026-05-02T02:00:00.000000000,188.31,132.11378
2026-05-02T03:00:00.000000000,195.6,144.15217
2026-05-02T04:00:00.000000000,196.62,153.02208
2026-05-02T05:00:00.000000000,189.11,158.15879
2026-05-02T06:00:00.000000000,190.21,157.21472
2026-05-02T07:00:00.000000000,177.75,146.50338
2026-05-02T08:00:00.000000000,178.21,139.34555
2026-05-02T09:00:00.000000000,181.66,137.77495
2026-05-02T10:00:00.000000000,190.51,134.71135
2026-05-02T11:00:00.000000000,192.34,133.85355
2026-05-02T12:00:00.000000000,196.32,132.69156
2026-05-02T13:00:00.000000000,196.88,129.91008
2026-05-02T14:00:00.000000000,194.98,120.93688
2026-05-02T15:00:00.000000000,178.37,111.10679
2026-05-02T16:00:00.000000000,162.12,98.74828
2026-05-02T17:00:00.000000000,159.53,81.68475
2026-05-02T18:00:00.000000000,161.33,68.02534
2026-05-02T19:00:00.000000000,147.17,67.88825
2026-05-02T20:00:00.000000000,142.67,66.69397
2026-05-02T21:00:00.000000000,151.51,71.64485
2026-05-02T22:00:00.000000000,155.33,81.8905
2026-05-02T23:00:00.000000000,165.69,94.89161
2026-05-03T00:00:00.000000000,174.15,116.82922
2026-05-03T01:00:00.000000000,197.87,129.57282
2026-05-03T02:00:00.000000000,217.49,134.74348
2026-05-03T03:00:00.000000000,209.39,146.73642
2026-05-03T04:00:00.000000000,200.01,155.48776
2026-05-03T05:00:00.000000000,182.73,160.81638
2026-05-03T06:00:00.000000000,189.17,160.3791
2026-05-03T07:00:00.000000000,180.17,150.68397
2026-05-03T08:00:00.000000000,165.86,144.73096
2026-05-03T09:00:00.000000000,154.87,143.79127
2026-05-03T10:00:00.000000000,157.31,140.95439
2026-05-03T11:00:00.000000000,157.48,139.59525
2026-05-03T12:00:00.000000000,163.18,137.68824
2026-05-03T13:00:00.000000000,159.23,134.06256
2026-05-03T14:00:00.000000000,154.14,124.64062
2026-05-03T15:00:00.000000000,141.82,114.51712
2026-05-03T16:00:00.000000000,130.36,101.4503
2026-05-03T17:00:00.000000000,134.6,83.73016
2026-05-03T18:00:00.000000000,135.86,69.70364
2026-05-03T19:00:00.000000000,138.77,69.52813
2026-05-03T20:00:00.000000000,138.21,68.68077
2026-05-03T21:00:00.000000000,135.2,74.11153
2026-05-03T22:00:00.000000000,136.49,84.26021
2026-05-03T23:00:00.000000000,138.6,97.14984
2026-05-04T00:00:00.000000000,146.55,114.79961
2026-05-04T01:00:00.000000000,157.34,129.53923
2026-05-04T02:00:00.000000000,188.61,135.43939
2026-05-04T03:00:00.000000000,185.67,147.87647
2026-05-04T04:00:00.000000000,190.35,156.82753
2026-05-04T05:00:00.000000000,195.68,161.69579
2026-05-04T06:00:00.000000000,180.18,160.69091
2026-05-04T07:00:00.000000000,164.01,150.10202
2026-05-04T08:00:00.000000000,171.98,144.1928
2026-05-04T09:00:00.000000000,172.69,143.47866
2026-05-04T10:00:00.000000000,172.58,140.67512
2026-05-04T11:00:00.000000000,172.86,138.51808
2026-05-04T12:00:00.000000000,174.09,135.63012
2026-05-04T13:00:00.000000000,174.1,130.52495
2026-05-04T14:00:00.000000000,173.34,119.18571
2026-05-04T15:00:00.000000000,176.47,107.34586
2026-05-04T16:00:00.000000000,173.9,91.89563
2026-05-04T17:00:00.000000000,162.62,71.83454
2026-05-04T18:00:00.000000000,151.98,56.05393
2026-05-04T19:00:00.000000000,155.22,56.40479
2026-05-04T20:00:00.000000000,155.59,56.91273
2026-05-04T21:00:00.000000000,151.98,64.5667
2026-05-04T22:00:00.000000000,141.62,76.72884
2026-05-04T23:00:00.000000000,142.17,92.1092
2026-05-05T00:00:00.000000000,150.18,116.12962
2026-05-05T01:00:00.000000000,168.94,126.8496
2026-05-05T02:00:00.000000000,199.6,130.54783
2026-05-05T03:00:00.000000000,209.18,142.10291
2026-05-05T04:00:00.000000000,206.59,150.79475
2026-05-05T05:00:00.000000000,199.61,156.19177
2026-05-05T06:00:00.000000000,203.08,155.6598
2026-05-05T07:00:00.000000000,206.69,145.53455
2026-05-05T08:00:00.000000000,187.03,139.05846
2026-05-05T09:00:00.000000000,178.75,138.02295
2026-05-05T10:00:00.000000000,178.11,134.9704
2026-05-05T11:00:00.000000000,180.24,133.66832
2026-05-05T12:00:00.000000000,190.57,131.68533
2026-05-05T13:00:00.000000000,196.79,128.29612
2026-05-05T14:00:00.000000000,197.92,118.97172
2026-05-05T15:00:00.000000000,186.05,109.31039
2026-05-05T16:00:00.000000000,173.09,97.63676
2026-05-05T17:00:00.000000000,161.89,81.69517
2026-05-05T18:00:00.000000000,143.54,69.27174
2026-05-05T19:00:00.000000000,136.67,69.8715
2026-05-05T20:00:00.000000000,135.88,69.33231
2026-05-05T21:00:00.000000000,133.28,74.53495
2026-05-05T22:00:00.000000000,135.19,84.89006
2026-05-05T23:00:00.000000000,134.29,97.321
2026-04-30T00:00:00.000000000,136.0,129.50121
2026-04-30T01:00:00.000000000,153.04,140.46333
2026-04-30T02:00:00.000000000,182.89,144.97861
2026-04-30T03:00:00.000000000,189.47,154.88953
2026-04-30T04:00:00.000000000,177.09,161.30629
2026-04-30T05:00:00.000000000,181.33,164.90311
2026-04-30T06:00:00.000000000,171.49,163.5569
2026-04-30T07:00:00.000000000,170.19,154.47435
2026-04-30T08:00:00.000000000,168.16,148.01586
2026-04-30T09:00:00.000000000,174.07,145.67054
2026-04-30T10:00:00.000000000,173.73,142.89565
2026-04-30T11:00:00.000000000,172.98,143.07198
2026-04-30T12:00:00.000000000,175.56,143.35725
2026-04-30T13:00:00.000000000,176.83,142.24673
2026-04-30T14:00:00.000000000,175.88,136.15014
2026-04-30T15:00:00.000000000,154.1,128.65337
2026-04-30T16:00:00.000000000,116.44,118.69243
2026-04-30T17:00:00.000000000,105.14,103.90891
2026-04-30T18:00:00.000000000,105.38,92.6709
2026-04-30T19:00:00.000000000,105.89,92.31396
2026-04-30T20:00:00.000000000,111.93,90.68713
2026-04-30T21:00:00.000000000,133.18,94.20472
2026-04-30T22:00:00.000000000,141.97,101.90894
2026-04-30T23:00:00.000000000,151.1,112.23226
2026-05-01T00:00:00.000000000,155.22,122.57205
2026-05-01T01:00:00.000000000,181.85,133.39291
2026-05-01T02:00:00.000000000,203.89,138.11428
2026-05-01T03:00:00.000000000,208.06,149.17761
2026-05-01T04:00:00.000000000,189.76,157.02556
2026-05-01T05:00:00.000000000,195.69,162.05603
2026-05-01T06:00:00.000000000,189.2,161.496
2026-05-01T07:00:00.000000000,173.84,152.43932
2026-05-01T08:00:00.000000000,174.01,145.85642
2026-05-01T09:00:00.000000000,175.24,143.94755
2026-05-01T10:00:00.000000000,176.52,140.84709
2026-05-01T11:00:00.000000000,175.38,140.39041
2026-05-01T12:00:00.000000000,178.39,139.72182
2026-05-01T13:00:00.000000000,180.96,137.92655
2026-05-01T14:00:00.000000000,171.01,131.25776
2026-05-01T15:00:00.000000000,147.8,123.68287
2026-05-01T16:00:00.000000000,116.62,113.97875
2026-05-01T17:00:00.000000000,104.0,99.33214
2026-05-01T18:00:00.000000000,111.49,87.79138
2026-05-01T19:00:00.000000000,116.36,87.29355
2026-05-01T20:00:00.000000000,123.81,85.13805
2026-05-01T21:00:00.000000000,124.15,88.07334
2026-05-01T22:00:00.000000000,125.81,95.72345
2026-05-01T23:00:00.000000000,131.11,105.85531
2026-05-02T00:00:00.000000000,131.8,117.27948
2026-05-02T01:00:00.000000000,152.66,129.27122
2026-05-02T02:00:00.000000000,188.31,134.07266
2026-05-02T03:00:00.000000000,195.6,145.82616
2026-05-02T04:00:00.000000000,196.62,154.35851
2026-05-02T05:00:00.000000000,189.11,159.29841
2026-05-02T06:00:00.000000000,190.21,158.28091
2026-05-02T07:00:00.000000000,177.75,147.77093
2026-05-02T08:00:00.000000000,178.21,140.54478
2026-05-02T09:00:00.000000000,181.66,138.71392
2026-05-02T10:00:00.000000000,190.51,135.63766
2026-05-02T11:00:00.000000000,192.34,135.02716
2026-05-02T12:00:00.000000000,196.32,134.22986
2026-05-02T13:00:00.000000000,196.88,131.90302
2026-05-02T14:00:00.000000000,194.98,123.60466
2026-05-02T15:00:00.000000000,178.37,114.32842
2026-05-02T16:00:00.000000000,162.12,102.57319
2026-05-02T17:00:00.000000000,159.53,86.0301
2026-05-02T18:00:00.000000000,161.33,72.83352
2026-05-02T19:00:00.000000000,147.17,72.55845
2026-05-02T20:00:00.000000000,142.67,71.10665
2026-05-02T21:00:00.000000000,151.51,75.57952
2026-05-02T22:00:00.000000000,155.33,85.23801
2026-05-02T23:00:00.000000000,165.69,97.64777
2026-05-03T00:00:00.000000000,174.15,117.20266
2026-05-03T01:00:00.000000000,197.87,129.98942
2026-05-03T02:00:00.000000000,217.49,135.29148
2026-05-03T03:00:00.000000000,209.39,147.28761
2026-05-03T04:00:00.000000000,200.01,156.00083
2026-05-03T05:00:00.000000000,182.73,161.32757
2026-05-03T06:00:00.000000000,189.17,160.91844
2026-05-03T07:00:00.000000000,180.17,151.33807
2026-05-03T08:00:00.000000000,165.86,145.39017
2026-05-03T09:00:00.000000000,154.87,144.38966
2026-05-03T10:00:00.000000000,157.31,141.56564
2026-05-03T11:00:00.000000000,157.48,140.3321
2026-05-03T12:00:00.000000000,163.18,138.62487
2026-05-03T13:00:00.000000000,159.23,135.22375
2026-05-03T14:00:00.000000000,154.14,126.07789
2026-05-03T15:00:00.000000000,141.82,116.12853
2026-05-03T16:00:00.000000000,130.36,103.19561
2026-05-03T17:00:00.000000000,134.6,85.53495
2026-05-03T18:00:00.000000000,135.86,71.5096
2026-05-03T19:00:00.000000000,138.77,71.16124
2026-05-03T20:00:00.000000000,138.21,70.09043
2026-05-03T21:00:00.000000000,135.2,75.24448
2026-05-03T22:00:00.000000000,136.49,85.09793
2026-05-03T23:00:00.000000000,138.6,97.73831
2026-05-04T00:00:00.000000000,146.55,114.83821
2026-05-04T01:00:00.000000000,157.34,129.64986
2026-05-04T02:00:00.000000000,188.61,135.64017
2026-05-04T03:00:00.000000000,185.67,148.1086
2026-05-04T04:00:00.000000000,190.35,157.06678
2026-05-04T05:00:00.000000000,195.68,161.9506
2026-05-04T06:00:00.000000000,180.18,160.96722
2026-05-04T07:00:00.000000000,164.01,150.42292
2026-05-04T08:00:00.000000000,171.98,144.51322
2026-05-04T09:00:00.000000000,172.69,143.77598
2026-05-04T10:00:00.000000000,172.58,140.97553
2026-05-04T11:00:00.000000000,172.86,138.86654
2026-05-04T12:00:00.000000000,174.09,136.06149
2026-05-04T13:00:00.000000000,174.1,131.04236
2026-05-04T14:00:00.000000000,173.34,119.80121
2026-05-04T15:00:00.000000000,176.47,108.00968
2026-05-04T16:00:00.000000000,173.9,92.57524
2026-05-04T17:00:00.000000000,162.62,72.49185
2026-05-04T18:00:00.000000000,151.98,56.65881
2026-05-04T19:00:00.000000000,155.22,56.9156
2026-05-04T20:00:00.000000000,155.59,57.31364
2026-05-04T21:00:00.000000000,151.98,64.85105
2026-05-04T22:00:00.000000000,141.62,76.89415
2026-05-04T23:00:00.000000000,142.17,92.19357
2026-05-05T00:00:00.000000000,150.18,116.13841
2026-05-05T01:00:00.000000000,168.94,126.89309
2026-05-05T02:00:00.000000000,199.6,130.62494
2026-05-05T03:00:00.000000000,209.18,142.19342
2026-05-05T04:00:00.000000000,206.59,150.89312
2026-05-05T05:00:00.000000000,199.61,156.3011
2026-05-05T06:00:00.000000000,203.08,155.782
2026-05-05T07:00:00.000000000,206.69,145.67565
2026-05-05T08:00:00.000000000,187.03,139.20686
2026-05-05T09:00:00.000000000,178.75,138.16804
2026-05-05T10:00:00.000000000,178.11,135.12105
2026-05-05T11:00:00.000000000,180.24,133.83212
2026-05-05T12:00:00.000000000,190.57,131.86959
2026-05-05T13:00:00.000000000,196.79,128.49585
2026-05-05T14:00:00.000000000,197.92,119.19126
2026-05-05T15:00:00.000000000,186.05,109.53324
2026-05-05T16:00:00.000000000,173.09,97.84828
2026-05-05T17:00:00.000000000,161.89,81.88455
2026-05-05T18:00:00.000000000,143.54,69.43118
2026-05-05T19:00:00.000000000,136.67,69.99723
2026-05-05T20:00:00.000000000,135.88,69.42475
2026-05-05T21:00:00.000000000,133.28,74.5991
2026-05-05T22:00:00.000000000,135.19,84.92185
2026-05-05T23:00:00.000000000,134.29,97.33597
2026-05-06T00:00:00.000000000,147.39,115.59676
2026-05-06T01:00:00.000000000,149.83,128.17077
2026-05-06T02:00:00.000000000,194.43,132.3577
2026-05-06T03:00:00.000000000,193.13,144.00435
2026-05-06T04:00:00.000000000,204.32,152.5269
2026-05-06T05:00:00.000000000,201.84,157.07092
2026-05-06T06:00:00.000000000,208.37,155.71305
2026-05-06T07:00:00.000000000,185.03,144.53206
2026-05-06T08:00:00.000000000,164.38,137.87497
2026-05-06T09:00:00.000000000,159.9,136.7995
2026-05-06T10:00:00.000000000,160.72,133.90234
2026-05-06T11:00:00.000000000,160.11,132.27438
2026-05-06T12:00:00.000000000,159.55,129.93635
2026-05-06T13:00:00.000000000,165.74,125.56989
2026-05-06T14:00:00.000000000,168.18,114.68141
2026-05-06T15:00:00.000000000,153.29,103.38843
2026-05-06T16:00:00.000000000,142.81,89.44659
2026-05-06T17:00:00.000000000,119.65,71.3244
2026-05-06T18:00:00.000000000,120.06,57.28615
2026-05-06T19:00:00.000000000,118.68,58.31341
2026-05-06T20:00:00.000000000,130.58,58.9867
2026-05-06T21:00:00.000000000,132.01,66.31593
2026-05-06T22:00:00.000000000,131.54,78.61494
2026-05-06T23:00:00.000000000,141.81,93.54833
2026-05-01T00:00:00.000000000,155.22,146.07469
2026-05-01T01:00:00.000000000,181.85,156.13463
2026-05-01T02:00:00.000000000,203.89,159.54257
2026-05-01T03:00:00.000000000,208.06,167.05189
2026-05-01T04:00:00.000000000,189.76,171.09904
2026-05-01T05:00:00.000000000,195.69,173.38452
2026-05-01T06:00:00.000000000,189.2,171.9753
2026-05-01T07:00:00.000000000,173.84,164.66747
2026-05-01T08:00:00.000000000,174.01,160.75843
2026-05-01T09:00:00.000000000,175.24,158.83952
2026-05-01T10:00:00.000000000,176.52,156.16093
2026-05-01T11:00:00.000000000,175.38,154.13241
2026-05-01T12:00:00.000000000,178.39,151.22947
2026-05-01T13:00:00.000000000,180.96,146.72926
2026-05-01T14:00:00.000000000,171.01,138.88963
2026-05-01T15:00:00.000000000,147.8,130.92337
2026-05-01T16:00:00.000000000,116.62,120.39712
2026-05-01T17:00:00.000000000,104.0,106.25143
2026-05-01T18:00:00.000000000,111.49,97.48086
2026-05-01T19:00:00.000000000,116.36,99.76991
2026-05-01T20:00:00.000000000,123.81,102.24257
2026-05-01T21:00:00.000000000,124.15,109.51045
2026-05-01T22:00:00.000000000,125.81,118.60971
2026-05-01T23:00:00.000000000,131.11,129.42312
2026-05-02T00:00:00.000000000,131.8,126.99241
2026-05-02T01:00:00.000000000,152.66,138.42208
2026-05-02T02:00:00.000000000,188.31,142.80343
2026-05-02T03:00:00.000000000,195.6,153.03622
2026-05-02T04:00:00.000000000,196.62,159.86625
2026-05-02T05:00:00.000000000,189.11,163.4866
2026-05-02T06:00:00.000000000,190.21,161.82556
2026-05-02T07:00:00.000000000,177.75,151.81269
2026-05-02T08:00:00.000000000,178.21,145.08793
2026-05-02T09:00:00.000000000,181.66,142.8346
2026-05-02T10:00:00.000000000,190.51,139.73246
2026-05-02T11:00:00.000000000,192.34,138.77209
2026-05-02T12:00:00.000000000,196.32,137.50363
2026-05-02T13:00:00.000000000,196.88,134.72208
2026-05-02T14:00:00.000000000,194.98,126.81175
2026-05-02T15:00:00.000000000,178.37,118.22289
2026-05-02T16:00:00.000000000,162.12,107.17147
2026-05-02T17:00:00.000000000,159.53,91.57493
2026-05-02T18:00:00.000000000,161.33,79.98908
2026-05-02T19:00:00.000000000,147.17,80.66925
2026-05-02T20:00:00.000000000,142.67,80.55462
2026-05-02T21:00:00.000000000,151.51,85.99092
2026-05-02T22:00:00.000000000,155.33,95.61289
2026-05-02T23:00:00.000000000,165.69,107.75402
2026-05-03T00:00:00.000000000,174.15,119.60899
2026-05-03T01:00:00.000000000,197.87,132.33835
2026-05-03T02:00:00.000000000,217.49,137.67088
2026-05-03T03:00:00.000000000,209.39,149.33327
2026-05-03T04:00:00.000000000,200.01,157.6156
2026-05-03T05:00:00.000000000,182.73,162.57355
2026-05-03T06:00:00.000000000,189.17,161.98062
2026-05-03T07:00:00.000000000,180.17,152.55328
2026-05-03T08:00:00.000000000,165.86,146.73653
2026-05-03T09:00:00.000000000,154.87,145.62925
2026-05-03T10:00:00.000000000,157.31,142.83696
2026-05-03T11:00:00.000000000,157.48,141.64807
2026-05-03T12:00:00.000000000,163.18,140.04461
2026-05-03T13:00:00.000000000,159.23,136.77925
2026-05-03T14:00:00.000000000,154.14,127.93708
2026-05-03T15:00:00.000000000,141.82,118.24894
2026-05-03T16:00:00.000000000,130.36,105.49198
2026-05-03T17:00:00.000000000,134.6,87.98101
2026-05-03T18:00:00.000000000,135.86,74.25111
2026-05-03T19:00:00.000000000,138.77,73.98849
2026-05-03T20:00:00.000000000,138.21,73.08241
2026-05-03T21:00:00.000000000,135.2,78.28981
2026-05-03T22:00:00.000000000,136.49,87.95912
2026-05-03T23:00:00.000000000,138.6,100.38839
2026-05-04T00:00:00.000000000,146.55,115.72487
2026-05-04T01:00:00.000000000,157.34,130.52811
2026-05-04T02:00:00.000000000,188.61,136.55363
2026-05-04T03:00:00.000000000,185.67,148.91586
2026-05-04T04:00:00.000000000,190.35,157.73044
2026-05-04T05:00:00.000000000,195.68,162.50612
2026-05-04T06:00:00.000000000,180.18,161.47456
2026-05-04T07:00:00.000000000,164.01,150.98905
2026-05-04T08:00:00.000000000,171.98,145.08029
2026-05-04T09:00:00.000000000,172.69,144.25791
2026-05-04T10:00:00.000000000,172.58,141.45921
2026-05-04T11:00:00.000000000,172.86,139.41163
2026-05-04T12:00:00.000000000,174.09,136.71099
2026-05-04T13:00:00.000000000,174.1,131.80741
2026-05-04T14:00:00.000000000,173.34,120.74219
2026-05-04T15:00:00.000000000,176.47,109.08041
2026-05-04T16:00:00.000000000,173.9,93.75343
2026-05-04T17:00:00.000000000,162.62,73.75791
2026-05-04T18:00:00.000000000,151.98,58.02937
2026-05-04T19:00:00.000000000,155.22,58.2576
2026-05-04T20:00:00.000000000,155.59,58.6309
2026-05-04T21:00:00.000000000,151.98,66.09521
2026-05-04T22:00:00.000000000,141.62,77.99854
2026-05-04T23:00:00.000000000,142.17,93.17175
2026-05-05T00:00:00.000000000,150.18,116.46476
2026-05-05T01:00:00.000000000,168.94,127.20322
2026-05-05T02:00:00.000000000,199.6,130.94816
2026-05-05T03:00:00.000000000,209.18,142.48008
2026-05-05T04:00:00.000000000,206.59,151.13575
2026-05-05T05:00:00.000000000,199.61,156.51895
2026-05-05T06:00:00.000000000,203.08,155.99487
2026-05-05T07:00:00.000000000,206.69,145.92374
2026-05-05T08:00:00.000000000,187.03,139.45798
2026-05-05T09:00:00.000000000,178.75,138.38705
2026-05-05T10:00:00.000000000,178.11,135.3444
2026-05-05T11:00:00.000000000,180.24,134.08783
2026-05-05T12:00:00.000000000,190.57,132.17238
2026-05-05T13:00:00.000000000,196.79,128.85117
2026-05-05T14:00:00.000000000,197.92,119.6287
2026-05-05T15:00:00.000000000,186.05,110.03189
2026-05-05T16:00:00.000000000,173.09,98.4054
2026-05-05T17:00:00.000000000,161.89,82.49019
2026-05-05T18:00:00.000000000,143.54,70.083
2026-05-05T19:00:00.000000000,136.67,70.62513
2026-05-05T20:00:00.000000000,135.88,70.02246
2026-05-05T21:00:00.000000000,133.28,75.14346
2026-05-05T22:00:00.000000000,135.19,85.38981
2026-05-05T23:00:00.000000000,134.29,97.73061
2026-05-06T00:00:00.000000000,147.39,115.71278
2026-05-06T01:00:00.000000000,149.83,128.28538
2026-05-06T02:00:00.000000000,194.43,132.48348
2026-05-06T03:00:00.000000000,193.13,144.12013
2026-05-06T04:00:00.000000000,204.32,152.62875
2026-05-06T05:00:00.000000000,201.84,157.16709
2026-05-06T06:00:00.000000000,208.37,155.81017
2026-05-06T07:00:00.000000000,185.03,144.64426
2026-05-06T08:00:00.000000000,164.38,137.98457
2026-05-06T09:00:00.000000000,159.9,136.89364
2026-05-06T10:00:00.000000000,160.72,133.99754
2026-05-06T11:00:00.000000000,160.11,132.38708
2026-05-06T12:00:00.000000000,159.55,130.07497
2026-05-06T13:00:00.000000000,165.74,125.73711
2026-05-06T14:00:00.000000000,168.18,114.88845
2026-05-06T15:00:00.000000000,153.29,103.62343
2026-05-06T16:00:00.000000000,142.81,89.70703
2026-05-06T17:00:00.000000000,119.65,71.60329
2026-05-06T18:00:00.000000000,120.06,57.57839
2026-05-06T19:00:00.000000000,118.68,58.58708
2026-05-06T20:00:00.000000000,130.58,59.23676
2026-05-06T21:00:00.000000000,132.01,66.53347
2026-05-06T22:00:00.000000000,131.54,78.79367
2026-05-06T23:00:00.000000000,141.81,93.69274
2026-05-07T00:00:00.000000000,155.96,113.41654
2026-05-07T01:00:00.000000000,161.18,125.94058
2026-05-07T02:00:00.000000000,182.4,130.37845
2026-05-07T03:00:00.000000000,193.85,142.48372
2026-05-07T04:00:00.000000000,200.17,151.53118
2026-05-07T05:00:00.000000000,188.16,156.75745
2026-05-07T06:00:00.000000000,181.17,155.93379
2026-05-07T07:00:00.000000000,182.49,145.1849
2026-05-07T08:00:00.000000000,170.66,138.74974
2026-05-07T09:00:00.000000000,171.87,137.94454
2026-05-07T10:00:00.000000000,170.58,134.98768
2026-05-07T11:00:00.000000000,172.06,133.23462
2026-05-07T12:00:00.000000000,164.23,130.71077
2026-05-07T13:00:00.000000000,167.75,126.32676
2026-05-07T14:00:00.000000000,162.15,115.58771
2026-05-07T15:00:00.000000000,146.31,104.51957
2026-05-07T16:00:00.000000000,135.83,90.82744
2026-05-07T17:00:00.000000000,117.25,72.82173
2026-05-07T18:00:00.000000000,122.0,58.65462
2026-05-07T19:00:00.000000000,125.52,59.32616
2026-05-07T20:00:00.000000000,129.53,59.4373
2026-05-07T21:00:00.000000000,137.44,66.10059
2026-05-07T22:00:00.000000000,135.64,77.85786
2026-05-07T23:00:00.000000000,133.51,92.20397
2026-05-02T00:00:00.000000000,131.8,143.27731
2026-05-02T01:00:00.000000000,152.66,157.87806
2026-05-02T02:00:00.000000000,188.31,164.3598
2026-05-02T03:00:00.000000000,195.6,173.22135
2026-05-02T04:00:00.000000000,196.62,177.68171
2026-05-02T05:00:00.000000000,189.11,178.94231
2026-05-02T06:00:00.000000000,190.21,175.87317
2026-05-02T07:00:00.000000000,177.75,166.34709
2026-05-02T08:00:00.000000000,178.21,160.62477
2026-05-02T09:00:00.000000000,181.66,157.71542
2026-05-02T10:00:00.000000000,190.51,154.48626
2026-05-02T11:00:00.000000000,192.34,151.73337
2026-05-02T12:00:00.000000000,196.32,148.57348
2026-05-02T13:00:00.000000000,196.88,143.71384
2026-05-02T14:00:00.000000000,194.98,135.2013
2026-05-02T15:00:00.000000000,178.37,126.35799
2026-05-02T16:00:00.000000000,162.12,113.59432
2026-05-02T17:00:00.000000000,159.53,96.06132
2026-05-02T18:00:00.000000000,161.33,84.39404
2026-05-02T19:00:00.000000000,147.17,86.56705
2026-05-02T20:00:00.000000000,142.67,89.52841
2026-05-02T21:00:00.000000000,151.51,98.18914
2026-05-02T22:00:00.000000000,155.33,108.73864
2026-05-02T23:00:00.000000000,165.69,122.60944
2026-05-03T00:00:00.000000000,174.15,126.72432
2026-05-03T01:00:00.000000000,197.87,139.91581
2026-05-03T02:00:00.000000000,217.49,145.38905
2026-05-03T03:00:00.000000000,209.39,156.08911
2026-05-03T04:00:00.000000000,200.01,163.104
2026-05-03T05:00:00.000000000,182.73,166.85607
2026-05-03T06:00:00.000000000,189.17,165.58416
2026-05-03T07:00:00.000000000,180.17,156.34542
2026-05-03T08:00:00.000000000,165.86,151.042
2026-05-03T09:00:00.000000000,154.87,149.74745
2026-05-03T10:00:00.000000000,157.31,147.01018
2026-05-03T11:00:00.000000000,157.48,145.36483
2026-05-03T12:00:00.000000000,163.18,143.23393
2026-05-03T13:00:00.000000000,159.23,139.29916
2026-05-03T14:00:00.000000000,154.14,130.22204
2026-05-03T15:00:00.000000000,141.82,120.45112
2026-05-03T16:00:00.000000000,130.36,107.24714
2026-05-03T17:00:00.000000000,134.6,89.42192
2026-05-03T18:00:00.000000000,135.86,76.14784
2026-05-03T19:00:00.000000000,138.77,76.67136
2026-05-03T20:00:00.000000000,138.21,77.1548
2026-05-03T21:00:00.000000000,135.2,83.76419
2026-05-03T22:00:00.000000000,136.49,93.95195
2026-05-03T23:00:00.000000000,138.6,106.9399
2026-05-04T00:00:00.000000000,146.55,118.68203
2026-05-04T01:00:00.000000000,157.34,133.3724
2026-05-04T02:00:00.000000000,188.61,139.29596
2026-05-04T03:00:00.000000000,185.67,151.20366
2026-05-04T04:00:00.000000000,190.35,159.49115
2026-05-04T05:00:00.000000000,195.68,163.81246
2026-05-04T06:00:00.000000000,180.18,162.51768
2026-05-04T07:00:00.000000000,164.01,152.093
2026-05-04T08:00:00.000000000,171.98,146.27556
2026-05-04T09:00:00.000000000,172.69,145.3011
2026-05-04T10:00:00.000000000,172.58,142.48834
2026-05-04T11:00:00.000000000,172.86,140.33223
2026-05-04T12:00:00.000000000,174.09,137.49869
2026-05-04T13:00:00.000000000,174.1,132.46959
2026-05-04T14:00:00.000000000,173.34,121.49575
2026-05-04T15:00:00.000000000,176.47,110.00908
2026-05-04T16:00:00.000000000,173.9,94.83844
2026-05-04T17:00:00.000000000,162.62,75.061
2026-05-04T18:00:00.000000000,151.98,59.78546
2026-05-04T19:00:00.000000000,155.22,60.3343
2026-05-04T20:00:00.000000000,155.59,61.16588
2026-05-04T21:00:00.000000000,151.98,68.992
2026-05-04T22:00:00.000000000,141.62,80.96313
2026-05-04T23:00:00.000000000,142.17,96.1478
2026-05-05T00:00:00.000000000,150.18,117.62727
2026-05-05T01:00:00.000000000,168.94,128.2199
2026-05-05T02:00:00.000000000,199.6,131.88698
2026-05-05T03:00:00.000000000,209.18,143.23079
2026-05-05T04:00:00.000000000,206.59,151.68763
2026-05-05T05:00:00.000000000,199.61,156.91442
2026-05-05T06:00:00.000000000,203.08,156.30288
2026-05-05T07:00:00.000000000,206.69,146.2674
2026-05-05T08:00:00.000000000,187.03,139.80885
2026-05-05T09:00:00.000000000,178.75,138.65429
2026-05-05T10:00:00.000000000,178.11,135.60775
2026-05-05T11:00:00.000000000,180.24,134.36805
2026-05-05T12:00:00.000000000,190.57,132.47645
2026-05-05T13:00:00.000000000,196.79,129.20272
2026-05-05T14:00:00.000000000,197.92,120.11583
2026-05-05T15:00:00.000000000,186.05,110.66672
2026-05-05T16:00:00.000000000,173.09,99.21395
2026-05-05T17:00:00.000000000,161.89,83.49024
2026-05-05T18:00:00.000000000,143.54,71.33134
2026-05-05T19:00:00.000000000,136.67,71.96277
2026-05-05T20:00:00.000000000,135.88,71.4634
2026-05-05T21:00:00.000000000,133.28,76.61146
2026-05-05T22:00:00.000000000,135.19,86.79488
2026-05-05T23:00:00.000000000,134.29,99.02614
2026-05-06T00:00:00.000000000,147.39,116.13847
2026-05-06T01:00:00.000000000,149.83,128.64814
2026-05-06T02:00:00.000000000,194.43,132.8272
2026-05-06T03:00:00.000000000,193.13,144.40143
2026-05-06T04:00:00.000000000,204.32,152.84365
2026-05-06T05:00:00.000000000,201.84,157.33825
2026-05-06T06:00:00.000000000,208.37,155.95897
2026-05-06T07:00:00.000000000,185.03,144.81219
2026-05-06T08:00:00.000000000,164.38,138.1326
2026-05-06T09:00:00.000000000,159.9,136.99154
2026-05-06T10:00:00.000000000,160.72,134.09135
2026-05-06T11:00:00.000000000,160.11,132.51815
2026-05-06T12:00:00.000000000,159.55,130.25904
2026-05-06T13:00:00.000000000,165.74,125.99007
2026-05-06T14:00:00.000000000,168.18,115.24381
2026-05-06T15:00:00.000000000,153.29,104.06853
2026-05-06T16:00:00.000000000,142.81,90.25603
2026-05-06T17:00:00.000000000,119.65,72.25134
2026-05-06T18:00:00.000000000,120.06,58.32573
2026-05-06T19:00:00.000000000,118.68,59.33096
2026-05-06T20:00:00.000000000,130.58,59.96327
2026-05-06T21:00:00.000000000,132.01,67.20453
2026-05-06T22:00:00.000000000,131.54,79.38984
2026-05-06T23:00:00.000000000,141.81,94.20289
2026-05-07T00:00:00.000000000,155.96,113.56332
2026-05-07T01:00:00.000000000,161.18,126.06555
2026-05-07T02:00:00.000000000,182.4,130.50477
2026-05-07T03:00:00.000000000,193.85,142.59284
2026-05-07T04:00:00.000000000,200.17,151.62098
2026-05-07T05:00:00.000000000,188.16,156.83911
2026-05-07T06:00:00.000000000,181.17,156.01427
2026-05-07T07:00:00.000000000,182.49,145.27978
2026-05-07T08:00:00.000000000,170.66,138.83472
2026-05-07T09:00:00.000000000,171.87,138.00707
2026-05-07T10:00:00.000000000,170.58,135.04922
2026-05-07T11:00:00.000000000,172.06,133.321
2026-05-07T12:00:00.000000000,164.23,130.83309
2026-05-07T13:00:00.000000000,167.75,126.49246
2026-05-07T14:00:00.000000000,162.15,115.80982
2026-05-07T15:00:00.000000000,146.31,104.78499
2026-05-07T16:00:00.000000000,135.83,91.14095
2026-05-07T17:00:00.000000000,117.25,73.17689
2026-05-07T18:00:00.000000000,122.0,59.04334
2026-05-07T19:00:00.000000000,125.52,59.69715
2026-05-07T20:00:00.000000000,129.53,59.77911
2026-05-07T21:00:00.000000000,137.44,66.39584
2026-05-07T22:00:00.000000000,135.64,78.10275
2026-05-07T23:00:00.000000000,133.51,92.39778
2026-05-08T00:00:00.000000000,152.09,113.95475
2026-05-08T01:00:00.000000000,167.03,126.84669
2026-05-08T02:00:00.000000000,198.82,131.51677
2026-05-08T03:00:00.000000000,192.1,143.62025
2026-05-08T04:00:00.000000000,177.04,152.59304
2026-05-08T05:00:00.000000000,168.69,157.6282
2026-05-08T06:00:00.000000000,153.54,156.59688
2026-05-08T07:00:00.000000000,150.21,145.72054
2026-05-08T08:00:00.000000000,152.79,139.33939
2026-05-08T09:00:00.000000000,151.82,138.52193
2026-05-08T10:00:00.000000000,140.04,135.49728
2026-05-08T11:00:00.000000000,139.28,133.36129
2026-05-08T12:00:00.000000000,141.42,130.34607
2026-05-08T13:00:00.000000000,139.29,125.44443
2026-05-08T14:00:00.000000000,126.84,114.37237
2026-05-08T15:00:00.000000000,110.65,103.17097
2026-05-08T16:00:00.000000000,103.78,89.20405
2026-05-08T17:00:00.000000000,96.46,70.87984
2026-05-08T18:00:00.000000000,97.04,56.61424
2026-05-08T19:00:00.000000000,104.21,57.56909
2026-05-08T20:00:00.000000000,109.29,58.16824
2026-05-08T21:00:00.000000000,120.77,65.41209
2026-05-08T22:00:00.000000000,151.47,77.54522
2026-05-08T23:00:00.000000000,119.99,92.31716
2026-05-03T00:00:00.000000000,174.15,161.20812
2026-05-03T01:00:00.000000000,197.87,172.0308
2026-05-03T02:00:00.000000000,217.49,175.53975
2026-05-03T03:00:00.000000000,209.39,181.69177
2026-05-03T04:00:00.000000000,200.01,184.18745
2026-05-03T05:00:00.000000000,182.73,185.36388
2026-05-03T06:00:00.000000000,189.17,183.93259
2026-05-03T07:00:00.000000000,180.17,177.59477
2026-05-03T08:00:00.000000000,165.86,174.83157
2026-05-03T09:00:00.000000000,154.87,172.93153
2026-05-03T10:00:00.000000000,157.31,172.07262
2026-05-03T11:00:00.000000000,157.48,172.41591
2026-05-03T12:00:00.000000000,163.18,172.37741
2026-05-03T13:00:00.000000000,159.23,169.77143
2026-05-03T14:00:00.000000000,154.14,162.55592
2026-05-03T15:00:00.000000000,141.82,153.36517
2026-05-03T16:00:00.000000000,130.36,140.50346
2026-05-03T17:00:00.000000000,134.6,124.38305
2026-05-03T18:00:00.000000000,135.86,114.53368
2026-05-03T19:00:00.000000000,138.77,115.48417
2026-05-03T20:00:00.000000000,138.21,117.88567
2026-05-03T21:00:00.000000000,135.2,125.49919
2026-05-03T22:00:00.000000000,136.49,134.3039
2026-05-03T23:00:00.000000000,138.6,144.96663
2026-05-04T00:00:00.000000000,146.55,139.59088
2026-05-04T01:00:00.000000000,157.34,153.46462
2026-05-04T02:00:00.000000000,188.61,159.35448
2026-05-04T03:00:00.000000000,185.67,168.83256
2026-05-04T04:00:00.000000000,190.35,174.47304
2026-05-04T05:00:00.000000000,195.68,177.51866
2026-05-04T06:00:00.000000000,180.18,176.28833
2026-05-04T07:00:00.000000000,164.01,168.25232
2026-05-04T08:00:00.000000000,171.98,164.0432
2026-05-04T09:00:00.000000000,172.69,162.29326
2026-05-04T10:00:00.000000000,172.58,159.884
2026-05-04T11:00:00.000000000,172.86,157.79988
2026-05-04T12:00:00.000000000,174.09,155.01079
2026-05-04T13:00:00.000000000,174.1,149.99273
2026-05-04T14:00:00.000000000,173.34,140.8067
2026-05-04T15:00:00.000000000,176.47,130.82767
2026-05-04T16:00:00.000000000,173.9,117.03317
2026-05-04T17:00:00.000000000,162.62,99.04084
2026-05-04T18:00:00.000000000,151.98,86.44236
2026-05-04T19:00:00.000000000,155.22,87.44958
2026-05-04T20:00:00.000000000,155.59,89.29278
2026-05-04T21:00:00.000000000,151.98,97.16754
2026-05-04T22:00:00.000000000,141.62,107.12972
2026-05-04T23:00:00.000000000,142.17,120.05436
2026-05-05T00:00:00.000000000,150.18,125.56967
2026-05-05T01:00:00.000000000,168.94,137.39138
2026-05-05T02:00:00.000000000,199.6,142.67851
2026-05-05T03:00:00.000000000,209.18,153.75944
2026-05-05T04:00:00.000000000,206.59,161.66044
2026-05-05T05:00:00.000000000,199.61,166.90051
2026-05-05T06:00:00.000000000,203.08,166.65338
2026-05-05T07:00:00.000000000,206.69,158.30647
2026-05-05T08:00:00.000000000,187.03,153.10257
2026-05-05T09:00:00.000000000,178.75,151.71335
2026-05-05T10:00:00.000000000,178.11,148.56699
2026-05-05T11:00:00.000000000,180.24,146.19656
2026-05-05T12:00:00.000000000,190.57,142.82448
2026-05-05T13:00:00.000000000,196.79,138.03677
2026-05-05T14:00:00.000000000,197.92,129.38146
2026-05-05T15:00:00.000000000,186.05,120.76313
2026-05-05T16:00:00.000000000,173.09,109.67829
2026-05-05T17:00:00.000000000,161.89,93.98651
2026-05-05T18:00:00.000000000,143.54,82.20855
2026-05-05T19:00:00.000000000,136.67,82.85081
2026-05-05T20:00:00.000000000,135.88,82.80045
2026-05-05T21:00:00.000000000,133.28,88.08999
2026-05-05T22:00:00.000000000,135.19,96.95204
2026-05-05T23:00:00.000000000,134.29,108.20679
2026-05-06T00:00:00.000000000,147.39,119.95139
2026-05-06T01:00:00.000000000,149.83,132.80063
2026-05-06T02:00:00.000000000,194.43,137.35071
2026-05-06T03:00:00.000000000,193.13,148.55623
2026-05-06T04:00:00.000000000,204.32,156.47019
2026-05-06T05:00:00.000000000,201.84,160.60911
2026-05-06T06:00:00.000000000,208.37,159.12713
2026-05-06T07:00:00.000000000,185.03,148.41127
2026-05-06T08:00:00.000000000,164.38,142.06981
2026-05-06T09:00:00.000000000,159.9,140.76859
2026-05-06T10:00:00.000000000,160.72,137.86529
2026-05-06T11:00:00.000000000,160.11,136.07435
2026-05-06T12:00:00.000000000,159.55,133.55504
2026-05-06T13:00:00.000000000,165.74,128.9998
2026-05-06T14:00:00.000000000,168.18,118.4846
2026-05-06T15:00:00.000000000,153.29,107.60946
2026-05-06T16:00:00.000000000,142.81,93.88974
2026-05-06T17:00:00.000000000,119.65,75.90581
2026-05-06T18:00:00.000000000,120.06,62.22274
2026-05-06T19:00:00.000000000,118.68,63.30356
2026-05-06T20:00:00.000000000,130.58,64.22553
2026-05-06T21:00:00.000000000,132.01,71.68075
2026-05-06T22:00:00.000000000,131.54,83.56619
2026-05-06T23:00:00.000000000,141.81,98.18201
2026-05-07T00:00:00.000000000,155.96,115.13949
2026-05-07T01:00:00.000000000,161.18,127.67384
2026-05-07T02:00:00.000000000,182.4,132.17355
2026-05-07T03:00:00.000000000,193.85,144.07288
2026-05-07T04:00:00.000000000,200.17,152.86438
2026-05-07T05:00:00.000000000,188.16,157.90019
2026-05-07T06:00:00.000000000,181.17,156.99644
2026-05-07T07:00:00.000000000,182.49,146.37304
2026-05-07T08:00:00.000000000,170.66,140.00714
2026-05-07T09:00:00.000000000,171.87,139.08891
2026-05-07T10:00:00.000000000,170.58,136.14424
2026-05-07T11:00:00.000000000,172.06,134.40562
2026-05-07T12:00:00.000000000,164.23,131.91472
2026-05-07T13:00:00.000000000,167.75,127.56634
2026-05-07T14:00:00.000000000,162.15,117.02224
2026-05-07T15:00:00.000000000,146.31,106.1316
2026-05-07T16:00:00.000000000,135.83,92.56338
2026-05-07T17:00:00.000000000,117.25,74.66314
2026-05-07T18:00:00.000000000,122.0,60.68158
2026-05-07T19:00:00.000000000,125.52,61.37302
2026-05-07T20:00:00.000000000,129.53,61.56561
2026-05-07T21:00:00.000000000,137.44,68.24956
2026-05-07T22:00:00.000000000,135.64,79.85424
2026-05-07T23:00:00.000000000,133.51,94.05668
2026-05-08T00:00:00.000000000,152.09,114.56753
2026-05-08T01:00:00.000000000,167.03,127.44652
2026-05-08T02:00:00.000000000,198.82,132.12862
2026-05-08T03:00:00.000000000,192.1,144.15533
2026-05-08T04:00:00.000000000,177.04,153.03492
2026-05-08T05:00:00.000000000,168.69,158.0011
2026-05-08T06:00:00.000000000,153.54,156.93893
2026-05-08T07:00:00.000000000,150.21,146.10059
2026-05-08T08:00:00.000000000,152.79,139.72923
2026-05-08T09:00:00.000000000,151.82,138.86197
2026-05-08T10:00:00.000000000,140.04,135.83973
2026-05-08T11:00:00.000000000,139.28,133.72418
2026-05-08T12:00:00.000000000,141.42,130.74259
2026-05-08T13:00:00.000000000,139.29,125.87884
2026-05-08T14:00:00.000000000,126.84,114.89439
2026-05-08T15:00:00.000000000,110.65,103.76747
2026-05-08T16:00:00.000000000,103.78,89.86319
2026-05-08T17:00:00.000000000,96.46,71.59537
2026-05-08T18:00:00.000000000,97.04,57.40797
2026-05-08T19:00:00.000000000,104.21,58.36425
2026-05-08T20:00:00.000000000,109.29,58.97781
2026-05-08T21:00:00.000000000,120.77,66.20882
2026-05-08T22:00:00.000000000,151.47,78.27656
2026-05-08T23:00:00.000000000,119.99,92.98427
2026-05-09T00:00:00.000000000,144.88,113.10119
2026-05-09T01:00:00.000000000,164.22,125.93551
2026-05-09T02:00:00.000000000,177.54,130.49344
2026-05-09T03:00:00.000000000,179.47,142.64935
2026-05-09T04:00:00.000000000,170.89,151.70336
2026-05-09T05:00:00.000000000,150.98,156.75467
2026-05-09T06:00:00.000000000,161.14,155.68002
2026-05-09T07:00:00.000000000,141.73,144.65529
2026-05-09T08:00:00.000000000,144.67,138.20998
2026-05-09T09:00:00.000000000,137.04,137.45096
2026-05-09T10:00:00.000000000,138.01,134.40504
2026-05-09T11:00:00.000000000,138.24,132.20673
2026-05-09T12:00:00.000000000,139.14,129.0939
2026-05-09T13:00:00.000000000,147.49,124.0894
2026-05-09T14:00:00.000000000,132.6,112.83079
2026-05-09T15:00:00.000000000,122.84,101.50546
2026-05-09T16:00:00.000000000,126.09,87.48174
2026-05-09T17:00:00.000000000,107.28,69.13734
2026-05-09T18:00:00.000000000,101.2,54.84544
2026-05-09T19:00:00.000000000,101.29,55.92192
2026-05-09T20:00:00.000000000,110.39,56.62038
2026-05-09T21:00:00.000000000,117.93,63.99326
2026-05-09T22:00:00.000000000,148.72,76.33927
2026-05-09T23:00:00.000000000,130.14,91.29783
2026-05-04T00:00:00.000000000,146.55,144.30778
2026-05-04T01:00:00.000000000,157.34,159.00667
2026-05-04T02:00:00.000000000,188.61,165.83702
2026-05-04T03:00:00.000000000,185.67,174.15693
2026-05-04T04:00:00.000000000,190.35,177.06453
2026-05-04T05:00:00.000000000,195.68,176.13657
2026-05-04T06:00:00.000000000,180.18,171.62867
2026-05-04T07:00:00.000000000,164.01,161.46775
2026-05-04T08:00:00.000000000,171.98,155.02365
2026-05-04T09:00:00.000000000,172.69,151.38886
2026-05-04T10:00:00.000000000,172.58,148.3514
2026-05-04T11:00:00.000000000,172.86,148.11795
2026-05-04T12:00:00.000000000,174.09,149.30662
2026-05-04T13:00:00.000000000,174.1,149.00214
2026-05-04T14:00:00.000000000,173.34,143.57313
2026-05-04T15:00:00.000000000,176.47,135.89704
2026-05-04T16:00:00.000000000,173.9,123.53095
2026-05-04T17:00:00.000000000,162.62,105.81094
2026-05-04T18:00:00.000000000,151.98,93.59091
2026-05-04T19:00:00.000000000,155.22,94.34052
2026-05-04T20:00:00.000000000,155.59,95.5002
2026-05-04T21:00:00.000000000,151.98,102.00887
2026-05-04T22:00:00.000000000,141.62,110.84151
2026-05-04T23:00:00.000000000,142.17,123.30009
2026-05-05T00:00:00.000000000,150.18,126.99927
2026-05-05T01:00:00.000000000,168.94,137.22495
2026-05-05T02:00:00.000000000,199.6,141.37192
2026-05-05T03:00:00.000000000,209.18,151.71197
2026-05-05T04:00:00.000000000,206.59,158.92991
2026-05-05T05:00:00.000000000,199.61,163.44467
2026-05-05T06:00:00.000000000,203.08,162.6375
2026-05-05T07:00:00.000000000,206.69,153.62279
2026-05-05T08:00:00.000000000,187.03,147.32177
2026-05-05T09:00:00.000000000,178.75,145.24957
2026-05-05T10:00:00.000000000,178.11,142.23137
2026-05-05T11:00:00.000000000,180.24,141.58745
2026-05-05T12:00:00.000000000,190.57,140.61713
2026-05-05T13:00:00.000000000,196.79,138.42553
2026-05-05T14:00:00.000000000,197.92,131.49248
2026-05-05T15:00:00.000000000,186.05,123.77613
2026-05-05T16:00:00.000000000,173.09,114.02551
2026-05-05T17:00:00.000000000,161.89,99.71947
2026-05-05T18:00:00.000000000,143.54,88.96486
2026-05-05T19:00:00.000000000,136.67,89.15742
2026-05-05T20:00:00.000000000,135.88,88.06564
2026-05-05T21:00:00.000000000,133.28,91.91801
2026-05-05T22:00:00.000000000,135.19,100.02571
2026-05-05T23:00:00.000000000,134.29,110.27704
2026-05-06T00:00:00.000000000,147.39,119.75383
2026-05-06T01:00:00.000000000,149.83,132.22087
2026-05-06T02:00:00.000000000,194.43,136.7096
2026-05-06T03:00:00.000000000,193.13,147.93963
2026-05-06T04:00:00.000000000,204.32,155.90672
2026-05-06T05:00:00.000000000,201.84,160.16737
2026-05-06T06:00:00.000000000,208.37,158.76565
2026-05-06T07:00:00.000000000,185.03,148.06499
2026-05-06T08:00:00.000000000,164.38,141.35886
2026-05-06T09:00:00.000000000,159.9,139.78745
2026-05-06T10:00:00.000000000,160.72,136.8917
2026-05-06T11:00:00.000000000,160.11,135.71278
2026-05-06T12:00:00.000000000,159.55,134.05557
2026-05-06T13:00:00.000000000,165.74,130.47111
2026-05-06T14:00:00.000000000,168.18,120.80434
2026-05-06T15:00:00.000000000,153.29,110.44028
2026-05-06T16:00:00.000000000,142.81,97.37886
2026-05-06T17:00:00.000000000,119.65,79.93719
2026-05-06T18:00:00.000000000,120.06,66.47359
2026-05-06T19:00:00.000000000,118.68,67.06613
2026-05-06T20:00:00.000000000,130.58,67.16164
2026-05-06T21:00:00.000000000,132.01,73.59353
2026-05-06T22:00:00.000000000,131.54,84.72552
2026-05-06T23:00:00.000000000,141.81,98.60448
2026-05-07T00:00:00.000000000,155.96,114.85903
2026-05-07T01:00:00.000000000,161.18,127.38183
2026-05-07T02:00:00.000000000,182.4,131.9948
2026-05-07T03:00:00.000000000,193.85,143.99269
2026-05-07T04:00:00.000000000,200.17,152.87744
2026-05-07T05:00:00.000000000,188.16,158.0501
2026-05-07T06:00:00.000000000,181.17,157.25506
2026-05-07T07:00:00.000000000,182.49,146.72339
2026-05-07T08:00:00.000000000,170.66,140.26682
2026-05-07T09:00:00.000000000,171.87,139.26546
2026-05-07T10:00:00.000000000,170.58,136.32156
2026-05-07T11:00:00.000000000,172.06,134.79659
2026-05-07T12:00:00.000000000,164.23,132.61584
2026-05-07T13:00:00.000000000,167.75,128.61278
2026-05-07T14:00:00.000000000,162.15,118.40906
2026-05-07T15:00:00.000000000,146.31,107.7137
2026-05-07T16:00:00.000000000,135.83,94.3562
2026-05-07T17:00:00.000000000,117.25,76.58379
2026-05-07T18:00:00.000000000,122.0,62.57261
2026-05-07T19:00:00.000000000,125.52,62.98028
2026-05-07T20:00:00.000000000,129.53,62.75481
2026-05-07T21:00:00.000000000,137.44,68.95986
2026-05-07T22:00:00.000000000,135.64,80.17514
2026-05-07T23:00:00.000000000,133.51,94.04472
2026-05-08T00:00:00.000000000,152.09,114.40164
2026-05-08T01:00:00.000000000,167.03,127.33634
2026-05-08T02:00:00.000000000,198.82,132.10619
2026-05-08T03:00:00.000000000,192.1,144.19642
2026-05-08T04:00:00.000000000,177.04,153.12996
2026-05-08T05:00:00.000000000,168.69,158.16533
2026-05-08T06:00:00.000000000,153.54,157.16068
2026-05-08T07:00:00.000000000,150.21,146.37513
2026-05-08T08:00:00.000000000,152.79,139.98905
2026-05-08T09:00:00.000000000,151.82,139.1008
2026-05-08T10:00:00.000000000,140.04,136.08211
2026-05-08T11:00:00.000000000,139.28,134.03616
2026-05-08T12:00:00.000000000,141.42,131.1597
2026-05-08T13:00:00.000000000,139.29,126.40547
2026-05-08T14:00:00.000000000,126.84,115.53403
2026-05-08T15:00:00.000000000,110.65,104.46029
2026-05-08T16:00:00.000000000,103.78,90.59307
2026-05-08T17:00:00.000000000,96.46,72.32161
2026-05-08T18:00:00.000000000,97.04,58.06976
2026-05-08T19:00:00.000000000,104.21,58.89505
2026-05-08T20:00:00.000000000,109.29,59.33714
2026-05-08T21:00:00.000000000,120.77,66.38889
2026-05-08T22:00:00.000000000,151.47,78.3028
2026-05-08T23:00:00.000000000,119.99,92.8971
2026-05-09T00:00:00.000000000,144.88,113.02161
2026-05-09T01:00:00.000000000,164.22,125.8964
2026-05-09T02:00:00.000000000,177.54,130.49721
2026-05-09T03:00:00.000000000,179.47,142.68265
2026-05-09T04:00:00.000000000,170.89,151.76101
2026-05-09T05:00:00.000000000,150.98,156.84011
2026-05-09T06:00:00.000000000,161.14,155.78932
2026-05-09T07:00:00.000000000,141.73,144.78681
2026-05-09T08:00:00.000000000,144.67,138.34514
2026-05-09T09:00:00.000000000,137.04,137.58525
2026-05-09T10:00:00.000000000,138.01,134.54313
2026-05-09T11:00:00.000000000,138.24,132.36291
2026-05-09T12:00:00.000000000,139.14,129.27833
2026-05-09T13:00:00.000000000,147.49,124.29911
2026-05-09T14:00:00.000000000,132.6,113.06683
2026-05-09T15:00:00.000000000,122.84,101.74699
2026-05-09T16:00:00.000000000,126.09,87.71497
2026-05-09T17:00:00.000000000,107.28,69.34668
2026-05-09T18:00:00.000000000,101.2,55.01218
2026-05-09T19:00:00.000000000,101.29,56.03953
2026-05-09T20:00:00.000000000,110.39,56.681
2026-05-09T21:00:00.000000000,117.93,64.00169
2026-05-09T22:00:00.000000000,148.72,76.30076
2026-05-09T23:00:00.000000000,130.14,91.23205
2026-05-10T00:00:00.000000000,134.48,115.39082
2026-05-10T01:00:00.000000000,152.16,129.53314
2026-05-10T02:00:00.000000000,177.22,135.08392
2026-05-10T03:00:00.000000000,175.88,147.32896
2026-05-10T04:00:00.000000000,162.13,156.2065
2026-05-10T05:00:00.000000000,163.24,161.13833
2026-05-10T06:00:00.000000000,155.62,160.14372
2026-05-10T07:00:00.000000000,159.22,149.62805
2026-05-10T08:00:00.000000000,142.88,143.76988
2026-05-10T09:00:00.000000000,139.14,143.09579
2026-05-10T10:00:00.000000000,136.66,140.11889
2026-05-10T11:00:00.000000000,138.32,137.50022
2026-05-10T12:00:00.000000000,140.65,133.90023
2026-05-10T13:00:00.000000000,136.2,128.25425
2026-05-10T14:00:00.000000000,124.76,116.77268
2026-05-10T15:00:00.000000000,112.87,105.23655
2026-05-10T16:00:00.000000000,102.52,90.36788
2026-05-10T17:00:00.000000000,106.29,70.97996
2026-05-10T18:00:00.000000000,116.2,55.95808
2026-05-10T19:00:00.000000000,125.5,56.81727
2026-05-10T20:00:00.000000000,122.99,57.75136
2026-05-10T21:00:00.000000000,132.22,65.63729
2026-05-10T22:00:00.000000000,152.56,77.92686
2026-05-10T23:00:00.000000000,153.08,93.1803
2026-05-05T00:00:00.000000000,150.18,144.69038
2026-05-05T01:00:00.000000000,168.94,155.90929
2026-05-05T02:00:00.000000000,199.6,162.12188
2026-05-05T03:00:00.000000000,209.18,171.51751
2026-05-05T04:00:00.000000000,206.59,177.31262
2026-05-05T05:00:00.000000000,199.61,182.05304
2026-05-05T06:00:00.000000000,203.08,182.18876
2026-05-05T07:00:00.000000000,206.69,176.1493
2026-05-05T08:00:00.000000000,187.03,171.01226
2026-05-05T09:00:00.000000000,178.75,167.799
2026-05-05T10:00:00.000000000,178.11,164.39686
2026-05-05T11:00:00.000000000,180.24,162.81772
2026-05-05T12:00:00.000000000,190.57,160.78223
2026-05-05T13:00:00.000000000,196.79,157.96781
2026-05-05T14:00:00.000000000,197.92,153.43981
2026-05-05T15:00:00.000000000,186.05,148.53809
2026-05-05T16:00:00.000000000,173.09,140.97693
2026-05-05T17:00:00.000000000,161.89,128.21333
2026-05-05T18:00:00.000000000,143.54,119.26745
2026-05-05T19:00:00.000000000,136.67,118.60732
2026-05-05T20:00:00.000000000,135.88,116.90219
2026-05-05T21:00:00.000000000,133.28,119.23203
2026-05-05T22:00:00.000000000,135.19,124.07858
2026-05-05T23:00:00.000000000,134.29,131.42123
2026-05-06T00:00:00.000000000,147.39,130.04243
2026-05-06T01:00:00.000000000,149.83,144.70711
2026-05-06T02:00:00.000000000,194.43,152.08114
2026-05-06T03:00:00.000000000,193.13,163.40037
2026-05-06T04:00:00.000000000,204.32,170.94736
2026-05-06T05:00:00.000000000,201.84,175.50518
2026-05-06T06:00:00.000000000,208.37,174.47352
2026-05-06T07:00:00.000000000,185.03,165.62765
2026-05-06T08:00:00.000000000,164.38,159.75031
2026-05-06T09:00:00.000000000,159.9,157.30308
2026-05-06T10:00:00.000000000,160.72,153.72292
2026-05-06T11:00:00.000000000,160.11,150.50948
2026-05-06T12:00:00.000000000,159.55,146.34603
2026-05-06T13:00:00.000000000,165.74,140.56902
2026-05-06T14:00:00.000000000,168.18,131.75404
2026-05-06T15:00:00.000000000,153.29,123.07464
2026-05-06T16:00:00.000000000,142.81,111.09889
2026-05-06T17:00:00.000000000,119.65,93.94723
2026-05-06T18:00:00.000000000,120.06,81.19831
2026-05-06T19:00:00.000000000,118.68,81.85675
2026-05-06T20:00:00.000000000,130.58,82.38165
2026-05-06T21:00:00.000000000,132.01,88.69384
2026-05-06T22:00:00.000000000,131.54,97.87102
2026-05-06T23:00:00.000000000,141.81,110.50413
2026-05-07T00:00:00.000000000,155.96,120.29075
2026-05-07T01:00:00.000000000,161.18,133.26685
2026-05-07T02:00:00.000000000,182.4,138.4254
2026-05-07T03:00:00.000000000,193.85,149.90555
2026-05-07T04:00:00.000000000,200.17,158.02862
2026-05-07T05:00:00.000000000,188.16,162.65502
2026-05-07T06:00:00.000000000,181.17,161.64295
2026-05-07T07:00:00.000000000,182.49,151.66129
2026-05-07T08:00:00.000000000,170.66,145.61387
2026-05-07T09:00:00.000000000,171.87,144.32124
2026-05-07T10:00:00.000000000,170.58,141.31923
2026-05-07T11:00:00.000000000,172.06,139.44194
2026-05-07T12:00:00.000000000,164.23,136.86289
2026-05-07T13:00:00.000000000,167.75,132.45572
2026-05-07T14:00:00.000000000,162.15,122.62421
2026-05-07T15:00:00.000000000,146.31,112.41973
2026-05-07T16:00:00.000000000,135.83,99.28962
2026-05-07T17:00:00.000000000,117.25,81.62631
2026-05-07T18:00:00.000000000,122.0,68.0471
2026-05-07T19:00:00.000000000,125.52,68.63026
2026-05-07T20:00:00.000000000,129.53,68.85302
2026-05-07T21:00:00.000000000,137.44,75.35678
2026-05-07T22:00:00.000000000,135.64,86.13732
2026-05-07T23:00:00.000000000,133.51,99.71129
2026-05-08T00:00:00.000000000,152.09,116.70202
2026-05-08T01:00:00.000000000,167.03,129.6635
2026-05-08T02:00:00.000000000,198.82,134.51758
2026-05-08T03:00:00.000000000,192.1,146.32969
2026-05-08T04:00:00.000000000,177.04,154.91131
2026-05-08T05:00:00.000000000,168.69,159.67836
2026-05-08T06:00:00.000000000,153.54,158.55061
2026-05-08T07:00:00.000000000,150.21,147.91987
2026-05-08T08:00:00.000000000,152.79,141.62132
2026-05-08T09:00:00.000000000,151.82,140.57924
2026-05-08T10:00:00.000000000,140.04,137.56044
2026-05-08T11:00:00.000000000,139.28,135.49944
2026-05-08T12:00:00.000000000,141.42,132.62544
2026-05-08T13:00:00.000000000,139.29,127.87868
2026-05-08T14:00:00.000000000,126.84,117.2386
2026-05-08T15:00:00.000000000,110.65,106.39359
2026-05-08T16:00:00.000000000,103.78,92.68938
2026-05-08T17:00:00.000000000,96.46,74.56012
2026-05-08T18:00:00.000000000,97.04,60.56659
2026-05-08T19:00:00.000000000,104.21,61.45298
2026-05-08T20:00:00.000000000,109.29,62.03962
2026-05-08T21:00:00.000000000,120.77,69.15522
2026-05-08T22:00:00.000000000,151.47,80.89493
2026-05-08T23:00:00.000000000,119.99,95.33063
2026-05-09T00:00:00.000000000,144.88,113.8989
2026-05-09T01:00:00.000000000,164.22,126.74278
2026-05-09T02:00:00.000000000,177.54,131.35752
2026-05-09T03:00:00.000000000,179.47,143.43299
2026-05-09T04:00:00.000000000,170.89,152.37973
2026-05-09T05:00:00.000000000,150.98,157.36273
2026-05-09T06:00:00.000000000,161.14,156.26795
2026-05-09T07:00:00.000000000,141.73,145.31681
2026-05-09T08:00:00.000000000,144.67,138.8786
2026-05-09T09:00:00.000000000,137.04,138.04012
2026-05-09T10:00:00.000000000,138.01,134.99971
2026-05-09T11:00:00.000000000,138.24,132.85793
2026-05-09T12:00:00.000000000,139.14,129.83416
2026-05-09T13:00:00.000000000,147.49,124.92616
2026-05-09T14:00:00.000000000,132.6,113.83588
2026-05-09T15:00:00.000000000,122.84,102.63613
2026-05-09T16:00:00.000000000,126.09,88.71137
2026-05-09T17:00:00.000000000,107.28,70.43897
2026-05-09T18:00:00.000000000,101.2,56.22661
2026-05-09T19:00:00.000000000,101.29,57.24964
2026-05-09T20:00:00.000000000,110.39,57.89926
2026-05-09T21:00:00.000000000,117.93,65.18382
2026-05-09T22:00:00.000000000,148.72,77.37696
2026-05-09T23:00:00.000000000,130.14,92.2016
2026-05-10T00:00:00.000000000,134.48,115.57409
2026-05-10T01:00:00.000000000,152.16,129.737
2026-05-10T02:00:00.000000000,177.22,135.32205
2026-05-10T03:00:00.000000000,175.88,147.55643
2026-05-10T04:00:00.000000000,162.13,156.40971
2026-05-10T05:00:00.000000000,163.24,161.32544
2026-05-10T06:00:00.000000000,155.62,160.3273
2026-05-10T07:00:00.000000000,159.22,149.83479
2026-05-10T08:00:00.000000000,142.88,143.97711
2026-05-10T09:00:00.000000000,139.14,143.28114
2026-05-10T10:00:00.000000000,136.66,140.30621
2026-05-10T11:00:00.000000000,138.32,137.71231
2026-05-10T12:00:00.000000000,140.65,134.15455
2026-05-10T13:00:00.000000000,136.2,128.55449
2026-05-10T14:00:00.000000000,124.76,117.13333
2026-05-10T15:00:00.000000000,112.87,105.63502
2026-05-10T16:00:00.000000000,102.52,90.78822
2026-05-10T17:00:00.000000000,106.29,71.40633
2026-05-10T18:00:00.000000000,116.2,56.38779
2026-05-10T19:00:00.000000000,125.5,57.21469
2026-05-10T20:00:00.000000000,122.99,58.11449
2026-05-10T21:00:00.000000000,132.22,65.95621
2026-05-10T22:00:00.000000000,152.56,78.18761
2026-05-10T23:00:00.000000000,153.08,93.39563
2026-05-11T00:00:00.000000000,157.47,115.82292
2026-05-11T01:00:00.000000000,170.73,130.45059
2026-05-11T02:00:00.000000000,178.14,136.32533
2026-05-11T03:00:00.000000000,180.42,148.68721
2026-05-11T04:00:00.000000000,164.07,157.65966
2026-05-11T05:00:00.000000000,152.23,162.79568
2026-05-11T06:00:00.000000000,154.81,162.10759
2026-05-11T07:00:00.000000000,145.16,152.03614
2026-05-11T08:00:00.000000000,144.48,146.6577
2026-05-11T09:00:00.000000000,141.48,146.1952
2026-05-11T10:00:00.000000000,141.0,143.39764
2026-05-11T11:00:00.000000000,144.9,140.73777
2026-05-11T12:00:00.000000000,147.3,137.04096
2026-05-11T13:00:00.000000000,142.04,131.1119
2026-05-11T14:00:00.000000000,120.36,119.40314
2026-05-11T15:00:00.000000000,102.67,107.51944
2026-05-11T16:00:00.000000000,98.7,92.1192
2026-05-11T17:00:00.000000000,100.07,72.23198
2026-05-11T18:00:00.000000000,113.48,56.72912
2026-05-11T19:00:00.000000000,113.63,57.36137
2026-05-11T20:00:00.000000000,135.45,58.23765
2026-05-11T21:00:00.000000000,140.78,66.19246
2026-05-11T22:00:00.000000000,153.06,78.34646
2026-05-11T23:00:00.000000000,165.42,93.60878
2026-05-06T00:00:00.000000000,147.39,161.26336
2026-05-06T01:00:00.000000000,149.83,175.75504
2026-05-06T02:00:00.000000000,194.43,182.21294
2026-05-06T03:00:00.000000000,193.13,189.71685
2026-05-06T04:00:00.000000000,204.32,193.03892
2026-05-06T05:00:00.000000000,201.84,194.16249
2026-05-06T06:00:00.000000000,208.37,191.99288
2026-05-06T07:00:00.000000000,185.03,183.70044
2026-05-06T08:00:00.000000000,164.38,178.77291
2026-05-06T09:00:00.000000000,159.9,175.28322
2026-05-06T10:00:00.000000000,160.72,173.5345
2026-05-06T11:00:00.000000000,160.11,172.94799
2026-05-06T12:00:00.000000000,159.55,172.25365
2026-05-06T13:00:00.000000000,165.74,169.29804
2026-05-06T14:00:00.000000000,168.18,161.79149
2026-05-06T15:00:00.000000000,153.29,152.72355
2026-05-06T16:00:00.000000000,142.81,138.7328
2026-05-06T17:00:00.000000000,119.65,120.3652
2026-05-06T18:00:00.000000000,120.06,108.44471
2026-05-06T19:00:00.000000000,118.68,108.70519
2026-05-06T20:00:00.000000000,130.58,111.58095
2026-05-06T21:00:00.000000000,132.01,119.94188
2026-05-06T22:00:00.000000000,131.54,129.58276
2026-05-06T23:00:00.000000000,141.81,142.00502
2026-05-07T00:00:00.000000000,155.96,141.38894
2026-05-07T01:00:00.000000000,161.18,155.73701
2026-05-07T02:00:00.000000000,182.4,162.32383
2026-05-07T03:00:00.000000000,193.85,171.70774
2026-05-07T04:00:00.000000000,200.17,176.94234
2026-05-07T05:00:00.000000000,188.16,179.29052
2026-05-07T06:00:00.000000000,181.17,177.10508
2026-05-07T07:00:00.000000000,182.49,168.23398
2026-05-07T08:00:00.000000000,170.66,162.82487
2026-05-07T09:00:00.000000000,171.87,160.08089
2026-05-07T10:00:00.000000000,170.58,156.89244
2026-05-07T11:00:00.000000000,172.06,154.15241
2026-05-07T12:00:00.000000000,164.23,150.86023
2026-05-07T13:00:00.000000000,167.75,145.83593
2026-05-07T14:00:00.000000000,162.15,137.36548
2026-05-07T15:00:00.000000000,146.31,128.53719
2026-05-07T16:00:00.000000000,135.83,115.97534
2026-05-07T17:00:00.000000000,117.25,98.70684
2026-05-07T18:00:00.000000000,122.0,86.94044
2026-05-07T19:00:00.000000000,125.52,88.56819
2026-05-07T20:00:00.000000000,129.53,90.77953
2026-05-07T21:00:00.000000000,137.44,98.63201
2026-05-07T22:00:00.000000000,135.64,108.48465
2026-05-07T23:00:00.000000000,133.51,121.57948
2026-05-08T00:00:00.000000000,152.09,126.09358
2026-05-08T01:00:00.000000000,167.03,139.54607
2026-05-08T02:00:00.000000000,198.82,145.12398
2026-05-08T03:00:00.000000000,192.1,156.00839
2026-05-08T04:00:00.000000000,177.04,163.31525
2026-05-08T05:00:00.000000000,168.69,167.16783
2026-05-08T06:00:00.000000000,153.54,165.61068
2026-05-08T07:00:00.000000000,150.21,155.70032
2026-05-08T08:00:00.000000000,152.79,149.7867
2026-05-08T09:00:00.000000000,151.82,148.035
2026-05-08T10:00:00.000000000,140.04,144.84651
2026-05-08T11:00:00.000000000,139.28,142.28379
2026-05-08T12:00:00.000000000,141.42,138.88585
2026-05-08T13:00:00.000000000,139.29,133.66285
2026-05-08T14:00:00.000000000,126.84,123.79577
2026-05-08T15:00:00.000000000,110.65,113.88445
2026-05-08T16:00:00.000000000,103.78,100.81921
2026-05-08T17:00:00.000000000,96.46,83.18923
2026-05-08T18:00:00.000000000,97.04,70.20536
2026-05-08T19:00:00.000000000,104.21,71.46776
2026-05-08T20:00:00.000000000,109.29,72.7924
2026-05-08T21:00:00.000000000,120.77,80.30351
2026-05-08T22:00:00.000000000,151.47,91.30842
2026-05-08T23:00:00.000000000,119.99,105.18955
2026-05-09T00:00:00.000000000,144.88,117.77073
2026-05-09T01:00:00.000000000,164.22,130.56455
2026-05-09T02:00:00.000000000,177.54,135.28361
2026-05-09T03:00:00.000000000,179.47,146.88165
2026-05-09T04:00:00.000000000,170.89,155.23849
2026-05-09T05:00:00.000000000,150.98,159.77716
2026-05-09T06:00:00.000000000,161.14,158.46721
2026-05-09T07:00:00.000000000,141.73,147.74961
2026-05-09T08:00:00.000000000,144.67,141.38556
2026-05-09T09:00:00.000000000,137.04,140.23789
2026-05-09T10:00:00.000000000,138.01,137.18065
2026-05-09T11:00:00.000000000,138.24,135.06996
2026-05-09T12:00:00.000000000,139.14,132.13043
2026-05-09T13:00:00.000000000,147.49,127.34317
2026-05-09T14:00:00.000000000,132.6,116.74468
2026-05-09T15:00:00.000000000,122.84,106.01439
2026-05-09T16:00:00.000000000,126.09,92.48678
2026-05-09T17:00:00.000000000,107.28,74.56806
2026-05-09T18:00:00.000000000,101.2,60.87257
2026-05-09T19:00:00.000000000,101.29,61.9754
2026-05-09T20:00:00.000000000,110.39,62.79946
2026-05-09T21:00:00.000000000,117.93,70.08332
2026-05-09T22:00:00.000000000,148.72,81.91251
2026-05-09T23:00:00.000000000,130.14,96.38064
2026-05-10T00:00:00.000000000,134.48,116.55205
2026-05-10T01:00:00.000000000,152.16,130.79114
2026-05-10T02:00:00.000000000,177.22,136.48954
2026-05-10T03:00:00.000000000,175.88,148.63577
2026-05-10T04:00:00.000000000,162.13,157.34338
2026-05-10T05:00:00.000000000,163.24,162.14583
2026-05-10T06:00:00.000000000,155.62,161.10482
2026-05-10T07:00:00.000000000,159.22,150.70261
2026-05-10T08:00:00.000000000,142.88,144.87174
2026-05-10T09:00:00.000000000,139.14,144.0943
2026-05-10T10:00:00.000000000,136.66,141.13536
2026-05-10T11:00:00.000000000,138.32,138.61879
2026-05-10T12:00:00.000000000,140.65,135.1967
2026-05-10T13:00:00.000000000,136.2,129.73887
2026-05-10T14:00:00.000000000,124.76,118.52437
2026-05-10T15:00:00.000000000,112.87,107.15663
2026-05-10T16:00:00.000000000,102.52,92.3719
2026-05-10T17:00:00.000000000,106.29,73.0053
2026-05-10T18:00:00.000000000,116.2,58.02631
2026-05-10T19:00:00.000000000,125.5,58.77503
2026-05-10T20:00:00.000000000,122.99,59.61602
2026-05-10T21:00:00.000000000,132.22,67.36152
2026-05-10T22:00:00.000000000,152.56,79.41029
2026-05-10T23:00:00.000000000,153.08,94.4765
2026-05-11T00:00:00.000000000,157.47,116.22088
2026-05-11T01:00:00.000000000,170.73,130.86669
2026-05-11T02:00:00.000000000,178.14,136.76548
2026-05-11T03:00:00.000000000,180.42,149.08622
2026-05-11T04:00:00.000000000,164.07,158.00446
2026-05-11T05:00:00.000000000,152.23,163.10218
2026-05-11T06:00:00.000000000,154.81,162.40942
2026-05-11T07:00:00.000000000,145.16,152.38203
2026-05-11T08:00:00.000000000,144.48,147.03164
2026-05-11T09:00:00.000000000,141.48,146.55137
2026-05-11T10:00:00.000000000,141.0,143.78004
2026-05-11T11:00:00.000000000,144.9,141.17168
2026-05-11T12:00:00.000000000,147.3,137.54756
2026-05-11T13:00:00.000000000,142.04,131.68027
2026-05-11T14:00:00.000000000,120.36,120.03626
2026-05-11T15:00:00.000000000,102.67,108.17247
2026-05-11T16:00:00.000000000,98.7,92.76775
2026-05-11T17:00:00.000000000,100.07,72.87169
2026-05-11T18:00:00.000000000,113.48,57.37139
2026-05-11T19:00:00.000000000,113.63,57.96757
2026-05-11T20:00:00.000000000,135.45,58.82216
2026-05-11T21:00:00.000000000,140.78,66.74693
2026-05-11T22:00:00.000000000,153.06,78.83873
2026-05-11T23:00:00.000000000,165.42,94.05014
2026-05-12T00:00:00.000000000,174.26,113.27627
2026-05-12T01:00:00.000000000,187.49,127.39298
2026-05-12T02:00:00.000000000,199.66,132.98117
2026-05-12T03:00:00.000000000,191.28,145.56464
2026-05-12T04:00:00.000000000,194.73,154.88068
2026-05-12T05:00:00.000000000,189.08,160.24485
2026-05-12T06:00:00.000000000,178.42,159.5161
2026-05-12T07:00:00.000000000,164.5,149.04465
2026-05-12T08:00:00.000000000,161.97,143.17945
2026-05-12T09:00:00.000000000,160.74,142.61921
2026-05-12T10:00:00.000000000,152.98,139.6323
2026-05-12T11:00:00.000000000,153.18,136.99406
2026-05-12T12:00:00.000000000,153.86,133.3291
2026-05-12T13:00:00.000000000,154.19,127.59894
2026-05-12T14:00:00.000000000,142.1,115.98839
2026-05-12T15:00:00.000000000,135.96,104.32816
2026-05-12T16:00:00.000000000,136.48,89.48093
2026-05-12T17:00:00.000000000,136.4,70.11888
2026-05-12T18:00:00.000000000,139.41,54.89849
2026-05-12T19:00:00.000000000,143.01,55.61922
2026-05-12T20:00:00.000000000,148.97,56.28029
2026-05-12T21:00:00.000000000,163.91,63.87287
2026-05-12T22:00:00.000000000,188.65,76.04244
2026-05-12T23:00:00.000000000,190.01,91.18915
2026-05-07T00:00:00.000000000,155.96,141.86738
2026-05-07T01:00:00.000000000,161.18,155.98214
2026-05-07T02:00:00.000000000,182.4,162.88633
2026-05-07T03:00:00.000000000,193.85,171.9741
2026-05-07T04:00:00.000000000,200.17,176.31493
2026-05-07T05:00:00.000000000,188.16,177.00044
2026-05-07T06:00:00.000000000,181.17,173.3303
2026-05-07T07:00:00.000000000,182.49,163.3099
2026-05-07T08:00:00.000000000,170.66,156.64063
2026-05-07T09:00:00.000000000,171.87,152.86113
2026-05-07T10:00:00.000000000,170.58,149.50658
2026-05-07T11:00:00.000000000,172.06,148.29864
2026-05-07T12:00:00.000000000,164.23,147.82025
2026-05-07T13:00:00.000000000,167.75,146.0136
2026-05-07T14:00:00.000000000,162.15,139.98444
2026-05-07T15:00:00.000000000,146.31,132.48821
2026-05-07T16:00:00.000000000,135.83,120.92724
2026-05-07T17:00:00.000000000,117.25,104.04588
2026-05-07T18:00:00.000000000,122.0,92.46742
2026-05-07T19:00:00.000000000,125.52,93.50745
2026-05-07T20:00:00.000000000,129.53,94.75884
2026-05-07T21:00:00.000000000,137.44,101.14705
2026-05-07T22:00:00.000000000,135.64,109.9177
2026-05-07T23:00:00.000000000,133.51,122.01182
2026-05-08T00:00:00.000000000,152.09,125.7864
2026-05-08T01:00:00.000000000,167.03,138.63368
2026-05-08T02:00:00.000000000,198.82,143.8361
2026-05-08T03:00:00.000000000,192.1,154.52599
2026-05-08T04:00:00.000000000,177.04,161.59326
2026-05-08T05:00:00.000000000,168.69,165.09954
2026-05-08T06:00:00.000000000,153.54,163.28211
2026-05-08T07:00:00.000000000,150.21,153.02436
2026-05-08T08:00:00.000000000,152.79,146.50405
2026-05-08T09:00:00.000000000,151.82,144.41026
2026-05-08T10:00:00.000000000,140.04,141.35807
2026-05-08T11:00:00.000000000,139.28,140.00256
2026-05-08T12:00:00.000000000,141.42,138.34272
2026-05-08T13:00:00.000000000,139.29,134.93193
2026-05-08T14:00:00.000000000,126.84,126.21293
2026-05-08T15:00:00.000000000,110.65,116.77152
2026-05-08T16:00:00.000000000,103.78,104.27256
2026-05-08T17:00:00.000000000,96.46,87.11304
2026-05-08T18:00:00.000000000,97.04,74.26335
2026-05-08T19:00:00.000000000,104.21,74.90689
2026-05-08T20:00:00.000000000,109.29,75.25309
2026-05-08T21:00:00.000000000,120.77,81.61991
2026-05-08T22:00:00.000000000,151.47,91.96988
2026-05-08T23:00:00.000000000,119.99,105.17495
2026-05-09T00:00:00.000000000,144.88,117.13657
2026-05-09T01:00:00.000000000,164.22,129.86512
2026-05-09T02:00:00.000000000,177.54,134.6618
2026-05-09T03:00:00.000000000,179.47,146.39163
2026-05-09T04:00:00.000000000,170.89,154.88257
2026-05-09T05:00:00.000000000,150.98,159.57509
2026-05-09T06:00:00.000000000,161.14,158.37191
2026-05-09T07:00:00.000000000,141.73,147.67772
2026-05-09T08:00:00.000000000,144.67,141.11548
2026-05-09T09:00:00.000000000,137.04,139.84099
2026-05-09T10:00:00.000000000,138.01,136.80116
2026-05-09T11:00:00.000000000,138.24,135.06853
2026-05-09T12:00:00.000000000,139.14,132.67387
2026-05-09T13:00:00.000000000,147.49,128.46966
2026-05-09T14:00:00.000000000,132.6,118.33435
2026-05-09T15:00:00.000000000,122.84,107.8219
2026-05-09T16:00:00.000000000,126.09,94.54395
2026-05-09T17:00:00.000000000,107.28,76.78005
2026-05-09T18:00:00.000000000,101.2,63.0153
2026-05-09T19:00:00.000000000,101.29,63.72175
2026-05-09T20:00:00.000000000,110.39,63.95872
2026-05-09T21:00:00.000000000,117.93,70.59036
2026-05-09T22:00:00.000000000,148.72,81.95521
2026-05-09T23:00:00.000000000,130.14,96.02409
2026-05-10T00:00:00.000000000,134.48,116.12836
2026-05-10T01:00:00.000000000,152.16,130.44524
2026-05-10T02:00:00.000000000,177.22,136.27349
2026-05-10T03:00:00.000000000,175.88,148.53516
2026-05-10T04:00:00.000000000,162.13,157.33976
2026-05-10T05:00:00.000000000,163.24,162.24777
2026-05-10T06:00:00.000000000,155.62,161.28208
2026-05-10T07:00:00.000000000,159.22,150.9287
2026-05-10T08:00:00.000000000,142.88,145.04866
2026-05-10T09:00:00.000000000,139.14,144.23498
2026-05-10T10:00:00.000000000,136.66,141.26781
2026-05-10T11:00:00.000000000,138.32,138.85446
2026-05-10T12:00:00.000000000,140.65,135.59811
2026-05-10T13:00:00.000000000,136.2,130.32225
2026-05-10T14:00:00.000000000,124.76,119.28056
2026-05-10T15:00:00.000000000,112.87,107.99807
2026-05-10T16:00:00.000000000,102.52,93.27839
2026-05-10T17:00:00.000000000,106.29,73.91026
2026-05-10T18:00:00.000000000,116.2,58.82885
2026-05-10T19:00:00.000000000,125.5,59.3819
2026-05-10T20:00:00.000000000,122.99,59.95601
2026-05-10T21:00:00.000000000,132.22,67.42076
2026-05-10T22:00:00.000000000,152.56,79.24779
2026-05-10T23:00:00.000000000,153.08,94.15017
2026-05-11T00:00:00.000000000,157.47,116.21828
2026-05-11T01:00:00.000000000,170.73,130.89374
2026-05-11T02:00:00.000000000,178.14,136.82535
2026-05-11T03:00:00.000000000,180.42,149.1636
2026-05-11T04:00:00.000000000,164.07,158.09234
2026-05-11T05:00:00.000000000,152.23,163.20487
2026-05-11T06:00:00.000000000,154.81,162.53332
2026-05-11T07:00:00.000000000,145.16,152.52778
2026-05-11T08:00:00.000000000,144.48,147.17761
2026-05-11T09:00:00.000000000,141.48,146.68663
2026-05-11T10:00:00.000000000,141.0,143.93035
2026-05-11T11:00:00.000000000,144.9,141.37831
2026-05-11T12:00:00.000000000,147.3,137.83818
2026-05-11T13:00:00.000000000,142.04,132.04701
2026-05-11T14:00:00.000000000,120.36,120.45568
2026-05-11T15:00:00.000000000,102.67,108.59477
2026-05-11T16:00:00.000000000,98.7,93.1747
2026-05-11T17:00:00.000000000,100.07,73.25349
2026-05-11T18:00:00.000000000,113.48,57.70788
2026-05-11T19:00:00.000000000,113.63,58.23599
2026-05-11T20:00:00.000000000,135.45,59.0165
2026-05-11T21:00:00.000000000,140.78,66.86955
2026-05-11T22:00:00.000000000,153.06,78.89819
2026-05-11T23:00:00.000000000,165.42,94.06467
2026-05-12T00:00:00.000000000,174.26,113.25609
2026-05-12T01:00:00.000000000,187.49,127.39689
2026-05-12T02:00:00.000000000,199.66,133.0082
2026-05-12T03:00:00.000000000,191.28,145.60428
2026-05-12T04:00:00.000000000,194.73,154.92887
2026-05-12T05:00:00.000000000,189.08,160.30288
2026-05-12T06:00:00.000000000,178.42,159.58376
2026-05-12T07:00:00.000000000,164.5,149.12309
2026-05-12T08:00:00.000000000,161.97,143.26021
2026-05-12T09:00:00.000000000,160.74,142.69822
2026-05-12T10:00:00.000000000,152.98,139.71404
2026-05-12T11:00:00.000000000,153.18,137.08593
2026-05-12T12:00:00.000000000,153.86,133.43714
2026-05-12T13:00:00.000000000,154.19,127.72039
2026-05-12T14:00:00.000000000,142.1,116.12315
2026-05-12T15:00:00.000000000,135.96,104.46422
2026-05-12T16:00:00.000000000,136.48,89.60933
2026-05-12T17:00:00.000000000,136.4,70.23185
2026-05-12T18:00:00.000000000,139.41,54.98839
2026-05-12T19:00:00.000000000,143.01,55.68439
2026-05-12T20:00:00.000000000,148.97,56.31901
2026-05-12T21:00:00.000000000,163.91,63.88847
2026-05-12T22:00:00.000000000,188.65,76.03567
2026-05-12T23:00:00.000000000,190.01,91.17119
2026-05-13T00:00:00.000000000,188.91,113.53646
2026-05-13T01:00:00.000000000,201.95,126.89533
2026-05-13T02:00:00.000000000,202.07,131.75032
2026-05-13T03:00:00.000000000,202.47,143.97206
2026-05-13T04:00:00.000000000,192.01,153.02241
2026-05-13T05:00:00.000000000,185.67,158.07794
2026-05-13T06:00:00.000000000,184.11,157.07075
2026-05-13T07:00:00.000000000,179.55,146.18416
2026-05-13T08:00:00.000000000,183.68,139.94692
2026-05-13T09:00:00.000000000,186.04,139.23331
2026-05-13T10:00:00.000000000,173.98,136.23695
2026-05-13T11:00:00.000000000,171.56,133.90444
2026-05-13T12:00:00.000000000,180.97,130.62302
2026-05-13T13:00:00.000000000,192.91,125.31059
2026-05-13T14:00:00.000000000,183.43,113.79926
2026-05-13T15:00:00.000000000,167.98,102.19855
2026-05-13T16:00:00.000000000,151.9,87.70175
2026-05-13T17:00:00.000000000,146.95,68.88554
2026-05-13T18:00:00.000000000,140.59,54.20351
2026-05-13T19:00:00.000000000,143.5,55.20323
2026-05-13T20:00:00.000000000,140.08,56.01185
2026-05-13T21:00:00.000000000,147.93,63.65812
2026-05-13T22:00:00.000000000,160.69,76.10994
2026-05-13T23:00:00.000000000,162.59,91.33249
2026-05-08T00:00:00.000000000,152.09,145.0654
2026-05-08T01:00:00.000000000,167.03,159.16541
2026-05-08T02:00:00.000000000,198.82,165.59488
2026-05-08T03:00:00.000000000,192.1,174.2377
2026-05-08T04:00:00.000000000,177.04,178.44433
2026-05-08T05:00:00.000000000,168.69,179.76518
2026-05-08T06:00:00.000000000,153.54,176.83796
2026-05-08T07:00:00.000000000,150.21,167.73816
2026-05-08T08:00:00.000000000,152.79,162.01204
2026-05-08T09:00:00.000000000,151.82,158.86553
2026-05-08T10:00:00.000000000,140.04,155.37135
2026-05-08T11:00:00.000000000,139.28,152.52729
2026-05-08T12:00:00.000000000,141.42,149.3576
2026-05-08T13:00:00.000000000,139.29,144.76742
2026-05-08T14:00:00.000000000,126.84,136.93823
2026-05-08T15:00:00.000000000,110.65,128.86397
2026-05-08T16:00:00.000000000,103.78,117.07511
2026-05-08T17:00:00.000000000,96.46,100.48577
2026-05-08T18:00:00.000000000,97.04,89.67002
2026-05-08T19:00:00.000000000,104.21,91.87713
2026-05-08T20:00:00.000000000,109.29,94.5715
2026-05-08T21:00:00.000000000,120.77,102.57103
2026-05-08T22:00:00.000000000,151.47,112.367
2026-05-08T23:00:00.000000000,119.99,125.37026
2026-05-09T00:00:00.000000000,144.88,125.59396
2026-05-09T01:00:00.000000000,164.22,138.18567
2026-05-09T02:00:00.000000000,177.54,143.0948
2026-05-09T03:00:00.000000000,179.47,153.70348
2026-05-09T04:00:00.000000000,170.89,160.80649
2026-05-09T05:00:00.000000000,150.98,164.4198
2026-05-09T06:00:00.000000000,161.14,162.66713
2026-05-09T07:00:00.000000000,141.73,152.44983
2026-05-09T08:00:00.000000000,144.67,146.12411
2026-05-09T09:00:00.000000000,137.04,144.24189
2026-05-09T10:00:00.000000000,138.01,141.1139
2026-05-09T11:00:00.000000000,138.24,139.25788
2026-05-09T12:00:00.000000000,139.14,136.80335
2026-05-09T13:00:00.000000000,147.49,132.60701
2026-05-09T14:00:00.000000000,132.6,123.30683
2026-05-09T15:00:00.000000000,122.84,113.69271
2026-05-09T16:00:00.000000000,126.09,101.20771
2026-05-09T17:00:00.000000000,107.28,84.22554
2026-05-09T18:00:00.000000000,101.2,71.6785
2026-05-09T19:00:00.000000000,101.29,72.82292
2026-05-09T20:00:00.000000000,110.39,73.72443
2026-05-09T21:00:00.000000000,117.93,80.64472
2026-05-09T22:00:00.000000000,148.72,91.45235
2026-05-09T23:00:00.000000000,130.14,104.9549
2026-05-10T00:00:00.000000000,134.48,119.39701
2026-05-10T01:00:00.000000000,152.16,133.65805
2026-05-10T02:00:00.000000000,177.22,139.49793
2026-05-10T03:00:00.000000000,175.88,151.32088
2026-05-10T04:00:00.000000000,162.13,159.59118
2026-05-10T05:00:00.000000000,163.24,164.0716
2026-05-10T06:00:00.000000000,155.62,162.91783
2026-05-10T07:00:00.000000000,159.22,152.7556
2026-05-10T08:00:00.000000000,142.88,146.98568
2026-05-10T09:00:00.000000000,139.14,145.97379
2026-05-10T10:00:00.000000000,136.66,143.08416
2026-05-10T11:00:00.000000000,138.32,140.85037
2026-05-10T12:00:00.000000000,140.65,137.8682
2026-05-10T13:00:00.000000000,136.2,132.8498
2026-05-10T14:00:00.000000000,124.76,122.2089
2026-05-10T15:00:00.000000000,112.87,111.18714
2026-05-10T16:00:00.000000000,102.52,96.64757
2026-05-10T17:00:00.000000000,106.29,77.46555
2026-05-10T18:00:00.000000000,116.2,62.71777
2026-05-10T19:00:00.000000000,125.5,63.29632
2026-05-10T20:00:00.000000000,122.99,63.9913
2026-05-10T21:00:00.000000000,132.22,71.4571
2026-05-10T22:00:00.000000000,152.56,83.01416
2026-05-10T23:00:00.000000000,153.08,97.65309
2026-05-11T00:00:00.000000000,157.47,117.57286
2026-05-11T01:00:00.000000000,170.73,132.23564
2026-05-11T02:00:00.000000000,178.14,138.1526
2026-05-11T03:00:00.000000000,180.42,150.30793
2026-05-11T04:00:00.000000000,164.07,159.01783
2026-05-11T05:00:00.000000000,152.23,163.94825
2026-05-11T06:00:00.000000000,154.81,163.21607
2026-05-11T07:00:00.000000000,145.16,153.28873
2026-05-11T08:00:00.000000000,144.48,148.00321
2026-05-11T09:00:00.000000000,141.48,147.44854
2026-05-11T10:00:00.000000000,141.0,144.77656
2026-05-11T11:00:00.000000000,144.9,142.40001
2026-05-11T12:00:00.000000000,147.3,139.11019
2026-05-11T13:00:00.000000000,142.04,133.53445
2026-05-11T14:00:00.000000000,120.36,122.11612
2026-05-11T15:00:00.000000000,102.67,110.28855
2026-05-11T16:00:00.000000000,98.7,94.83465
2026-05-11T17:00:00.000000000,100.07,74.90115
2026-05-11T18:00:00.000000000,113.48,59.40878
2026-05-11T19:00:00.000000000,113.63,59.88109
2026-05-11T20:00:00.000000000,135.45,60.67
2026-05-11T21:00:00.000000000,140.78,68.50812
2026-05-11T22:00:00.000000000,153.06,80.42983
2026-05-11T23:00:00.000000000,165.42,95.49173
2026-05-12T00:00:00.000000000,174.26,113.50815
2026-05-12T01:00:00.000000000,187.49,127.70784
2026-05-12T02:00:00.000000000,199.66,133.37803
2026-05-12T03:00:00.000000000,191.28,145.96405
2026-05-12T04:00:00.000000000,194.73,155.25852
2026-05-12T05:00:00.000000000,189.08,160.61178
2026-05-12T06:00:00.000000000,178.42,159.89349
2026-05-12T07:00:00.000000000,164.5,149.46866
2026-05-12T08:00:00.000000000,161.97,143.61714
2026-05-12T09:00:00.000000000,160.74,143.0315
2026-05-12T10:00:00.000000000,152.98,140.06057
2026-05-12T11:00:00.000000000,153.18,137.47305
2026-05-12T12:00:00.000000000,153.86,133.88908
2026-05-12T13:00:00.000000000,154.19,128.22993
2026-05-12T14:00:00.000000000,142.1,116.69959
2026-05-12T15:00:00.000000000,135.96,105.0671
2026-05-12T16:00:00.000000000,136.48,90.20287
2026-05-12T17:00:00.000000000,136.4,70.79545
2026-05-12T18:00:00.000000000,139.41,55.52141
2026-05-12T19:00:00.000000000,143.01,56.15918
2026-05-12T20:00:00.000000000,148.97,56.74506
2026-05-12T21:00:00.000000000,163.91,64.26735
2026-05-12T22:00:00.000000000,188.65,76.34528
2026-05-12T23:00:00.000000000,190.01,91.43888
2026-05-13T00:00:00.000000000,188.91,113.62381
2026-05-13T01:00:00.000000000,201.95,127.00503
2026-05-13T02:00:00.000000000,202.07,131.88274
2026-05-13T03:00:00.000000000,202.47,144.10227
2026-05-13T04:00:00.000000000,192.01,153.14408
2026-05-13T05:00:00.000000000,185.67,158.19518
2026-05-13T06:00:00.000000000,184.11,157.1902
2026-05-13T07:00:00.000000000,179.55,146.31833
2026-05-13T08:00:00.000000000,183.68,140.08632
2026-05-13T09:00:00.000000000,186.04,139.36399
2026-05-13T10:00:00.000000000,173.98,136.37133
2026-05-13T11:00:00.000000000,171.56,134.04928
2026-05-13T12:00:00.000000000,180.97,130.78481
2026-05-13T13:00:00.000000000,192.91,125.48613
2026-05-13T14:00:00.000000000,183.43,113.99613
2026-05-13T15:00:00.000000000,167.98,102.40472
2026-05-13T16:00:00.000000000,151.9,87.90571
2026-05-13T17:00:00.000000000,146.95,69.08012
2026-05-13T18:00:00.000000000,140.59,54.38786
2026-05-13T19:00:00.000000000,143.5,55.36796
2026-05-13T20:00:00.000000000,140.08,56.16034
2026-05-13T21:00:00.000000000,147.93,63.79092
2026-05-13T22:00:00.000000000,160.69,76.21747
2026-05-13T23:00:00.000000000,162.59,91.42517
2026-05-14T00:00:00.000000000,168.21,114.88135
2026-05-14T01:00:00.000000000,173.9,125.65552
2026-05-14T02:00:00.000000000,180.65,129.87907
2026-05-14T03:00:00.000000000,181.72,141.83351
2026-05-14T04:00:00.000000000,186.08,150.90021
2026-05-14T05:00:00.000000000,168.02,156.7979
2026-05-14T06:00:00.000000000,160.98,156.55908
2026-05-14T07:00:00.000000000,164.41,146.74601
2026-05-14T08:00:00.000000000,152.5,140.06588
2026-05-14T09:00:00.000000000,154.04,138.88558
2026-05-14T10:00:00.000000000,155.12,135.6525
2026-05-14T11:00:00.000000000,152.12,134.41979
2026-05-14T12:00:00.000000000,152.11,132.56083
2026-05-14T13:00:00.000000000,152.24,129.53417
2026-05-14T14:00:00.000000000,138.35,120.98536
2026-05-14T15:00:00.000000000,128.2,112.09233
2026-05-14T16:00:00.000000000,122.35,101.27045
2026-05-14T17:00:00.000000000,120.6,85.81446
2026-05-14T18:00:00.000000000,130.92,73.49549
2026-05-14T19:00:00.000000000,145.87,73.56648
2026-05-14T20:00:00.000000000,149.16,72.08266
2026-05-14T21:00:00.000000000,145.31,76.12054
2026-05-14T22:00:00.000000000,161.66,85.45754
2026-05-14T23:00:00.000000000,168.11,97.01187
2026-05-09T00:00:00.000000000,144.88,134.20722
2026-05-09T01:00:00.000000000,164.22,144.24902
2026-05-09T02:00:00.000000000,177.54,147.2759
2026-05-09T03:00:00.000000000,179.47,155.85126
2026-05-09T04:00:00.000000000,170.89,161.02056
2026-05-09T05:00:00.000000000,150.98,162.77485
2026-05-09T06:00:00.000000000,161.14,159.67399
2026-05-09T07:00:00.000000000,141.73,148.71561
2026-05-09T08:00:00.000000000,144.67,141.50303
2026-05-09T09:00:00.000000000,137.04,138.6943
2026-05-09T10:00:00.000000000,138.01,135.60321
2026-05-09T11:00:00.000000000,138.24,134.76545
2026-05-09T12:00:00.000000000,139.14,133.65211
2026-05-09T13:00:00.000000000,147.49,131.16849
2026-05-09T14:00:00.000000000,132.6,123.47813
2026-05-09T15:00:00.000000000,122.84,115.35629
2026-05-09T16:00:00.000000000,126.09,104.97545
2026-05-09T17:00:00.000000000,107.28,90.36073
2026-05-09T18:00:00.000000000,101.2,80.57864
2026-05-09T19:00:00.000000000,101.29,82.68468
2026-05-09T20:00:00.000000000,110.39,84.32966
2026-05-09T21:00:00.000000000,117.93,91.25315
2026-05-09T22:00:00.000000000,148.72,102.00901
2026-05-09T23:00:00.000000000,130.14,114.71035
2026-05-10T00:00:00.000000000,134.48,121.43968
2026-05-10T01:00:00.000000000,152.16,134.88427
2026-05-10T02:00:00.000000000,177.22,140.46794
2026-05-10T03:00:00.000000000,175.88,151.92847
2026-05-10T04:00:00.000000000,162.13,159.82014
2026-05-10T05:00:00.000000000,163.24,164.08216
2026-05-10T06:00:00.000000000,155.62,162.78204
2026-05-10T07:00:00.000000000,159.22,152.65626
2026-05-10T08:00:00.000000000,142.88,146.44248
2026-05-10T09:00:00.000000000,139.14,144.90774
2026-05-10T10:00:00.000000000,136.66,141.88386
2026-05-10T11:00:00.000000000,138.32,140.18035
2026-05-10T12:00:00.000000000,140.65,138.00764
2026-05-10T13:00:00.000000000,136.2,134.04905
2026-05-10T14:00:00.000000000,124.76,124.61833
2026-05-10T15:00:00.000000000,112.87,114.59354
2026-05-10T16:00:00.000000000,102.52,101.30549
2026-05-10T17:00:00.000000000,106.29,83.28298
2026-05-10T18:00:00.000000000,116.2,69.47015
2026-05-10T19:00:00.000000000,125.5,69.83401
2026-05-10T20:00:00.000000000,122.99,69.94708
2026-05-10T21:00:00.000000000,132.22,76.39641
2026-05-10T22:00:00.000000000,152.56,87.03417
2026-05-10T23:00:00.000000000,153.08,100.6193
2026-05-11T00:00:00.000000000,157.47,117.14484
2026-05-11T01:00:00.000000000,170.73,131.84196
2026-05-11T02:00:00.000000000,178.14,138.01134
2026-05-11T03:00:00.000000000,180.42,150.3392
2026-05-11T04:00:00.000000000,164.07,159.15849
2026-05-11T05:00:00.000000000,152.23,164.24065
2026-05-11T06:00:00.000000000,154.81,163.61107
2026-05-11T07:00:00.000000000,145.16,153.77934
2026-05-11T08:00:00.000000000,144.48,148.3071
2026-05-11T09:00:00.000000000,141.48,147.57484
2026-05-11T10:00:00.000000000,141.0,144.82776
2026-05-11T11:00:00.000000000,144.9,142.69825
2026-05-11T12:00:00.000000000,147.3,139.83302
2026-05-11T13:00:00.000000000,142.04,134.79061
2026-05-11T14:00:00.000000000,120.36,123.9487
2026-05-11T15:00:00.000000000,102.67,112.5173
2026-05-11T16:00:00.000000000,98.7,97.4384
2026-05-11T17:00:00.000000000,100.07,77.70875
2026-05-11T18:00:00.000000000,113.48,62.19958
2026-05-11T19:00:00.000000000,113.63,62.26188
2026-05-11T20:00:00.000000000,135.45,62.44197
2026-05-11T21:00:00.000000000,140.78,69.5578
2026-05-11T22:00:00.000000000,153.06,80.87678
2026-05-11T23:00:00.000000000,165.42,95.42242
2026-05-12T00:00:00.000000000,174.26,113.2394
2026-05-12T01:00:00.000000000,187.49,127.51907
2026-05-12T02:00:00.000000000,199.66,133.32658
2026-05-12T03:00:00.000000000,191.28,146.01414
2026-05-12T04:00:00.000000000,194.73,155.39383
2026-05-12T05:00:00.000000000,189.08,160.85036
2026-05-12T06:00:00.000000000,178.42,160.211
2026-05-12T07:00:00.000000000,164.5,149.85321
2026-05-12T08:00:00.000000000,161.97,143.96298
2026-05-12T09:00:00.000000000,160.74,143.33436
2026-05-12T10:00:00.000000000,152.98,140.36016
2026-05-12T11:00:00.000000000,153.18,137.87559
2026-05-12T12:00:00.000000000,153.86,134.45183
2026-05-12T13:00:00.000000000,154.19,128.96617
2026-05-12T14:00:00.000000000,142.1,117.61692
2026-05-12T15:00:00.000000000,135.96,106.07757
2026-05-12T16:00:00.000000000,136.48,91.28494
2026-05-12T17:00:00.000000000,136.4,71.8826
2026-05-12T18:00:00.000000000,139.41,56.51994
2026-05-12T19:00:00.000000000,143.01,56.96185
2026-05-12T20:00:00.000000000,148.97,57.28666
2026-05-12T21:00:00.000000000,163.91,64.53008
2026-05-12T22:00:00.000000000,188.65,76.37203
2026-05-12T23:00:00.000000000,190.01,91.28877
2026-05-13T00:00:00.000000000,188.91,113.50136
2026-05-13T01:00:00.000000000,201.95,126.93929
2026-05-13T02:00:00.000000000,202.07,131.88082
2026-05-13T03:00:00.000000000,202.47,144.14532
2026-05-13T04:00:00.000000000,192.01,153.22454
2026-05-13T05:00:00.000000000,185.67,158.31805
2026-05-13T06:00:00.000000000,184.11,157.34791
2026-05-13T07:00:00.000000000,179.55,146.5073
2026-05-13T08:00:00.000000000,183.68,140.27605
2026-05-13T09:00:00.000000000,186.04,139.54916
2026-05-13T10:00:00.000000000,173.98,136.56029
2026-05-13T11:00:00.000000000,171.56,134.26668
2026-05-13T12:00:00.000000000,180.97,131.04691
2026-05-13T13:00:00.000000000,192.91,125.79022
2026-05-13T14:00:00.000000000,183.43,114.34466
2026-05-13T15:00:00.000000000,167.98,102.76636
2026-05-13T16:00:00.000000000,151.9,88.26231
2026-05-13T17:00:00.000000000,146.95,69.40737
2026-05-13T18:00:00.000000000,140.59,54.65584
2026-05-13T19:00:00.000000000,143.5,55.56186
2026-05-13T20:00:00.000000000,140.08,56.26556
2026-05-13T21:00:00.000000000,147.93,63.81225
2026-05-13T22:00:00.000000000,160.69,76.1646
2026-05-13T23:00:00.000000000,162.59,91.32699
2026-05-14T00:00:00.000000000,168.21,114.83034
2026-05-14T01:00:00.000000000,173.9,125.63835
2026-05-14T02:00:00.000000000,180.65,129.88946
2026-05-14T03:00:00.000000000,181.72,141.86216
2026-05-14T04:00:00.000000000,186.08,150.94323
2026-05-14T05:00:00.000000000,168.02,156.85486
2026-05-14T06:00:00.000000000,160.98,156.6284
2026-05-14T07:00:00.000000000,164.41,146.82676
2026-05-14T08:00:00.000000000,152.5,140.15441
2026-05-14T09:00:00.000000000,154.04,138.97835
2026-05-14T10:00:00.000000000,155.12,135.74897
2026-05-14T11:00:00.000000000,152.12,134.51939
2026-05-14T12:00:00.000000000,152.11,132.66641
2026-05-14T13:00:00.000000000,152.24,129.64075
2026-05-14T14:00:00.000000000,138.35,121.09292
2026-05-14T15:00:00.000000000,128.2,112.19184
2026-05-14T16:00:00.000000000,122.35,101.34939
2026-05-14T17:00:00.000000000,120.6,85.86514
2026-05-14T18:00:00.000000000,130.92,73.51206
2026-05-14T19:00:00.000000000,145.87,73.55944
2026-05-14T20:00:00.000000000,149.16,72.05379
2026-05-14T21:00:00.000000000,145.31,76.07828
2026-05-14T22:00:00.000000000,161.66,85.40134
2026-05-14T23:00:00.000000000,168.11,96.95455
2026-05-15T00:00:00.000000000,169.94,114.53976
2026-05-15T01:00:00.000000000,168.57,127.26002
2026-05-15T02:00:00.000000000,180.73,132.15254
2026-05-15T03:00:00.000000000,183.17,144.28558
2026-05-15T04:00:00.000000000,176.7,153.25359
2026-05-15T05:00:00.000000000,171.5,158.48249
2026-05-15T06:00:00.000000000,168.05,157.6615
2026-05-15T07:00:00.000000000,152.78,147.13327
2026-05-15T08:00:00.000000000,155.37,140.55371
2026-05-15T09:00:00.000000000,146.1,139.45148
2026-05-15T10:00:00.000000000,141.72,136.42018
2026-05-15T11:00:00.000000000,134.29,134.84105
2026-05-15T12:00:00.000000000,134.73,132.61694
2026-05-15T13:00:00.000000000,134.62,128.62237
2026-05-15T14:00:00.000000000,126.49,118.60728
2026-05-15T15:00:00.000000000,120.03,108.12772
2026-05-15T16:00:00.000000000,117.69,94.97544
2026-05-15T17:00:00.000000000,124.71,77.25215
2026-05-15T18:00:00.000000000,138.32,63.20679
2026-05-15T19:00:00.000000000,130.95,63.51045
2026-05-15T20:00:00.000000000,130.17,63.08257
2026-05-15T21:00:00.000000000,135.68,69.05379
2026-05-15T22:00:00.000000000,153.32,80.04002
2026-05-15T23:00:00.000000000,157.03,93.79556
2026-05-10T00:00:00.000000000,134.48,131.17185
2026-05-10T01:00:00.000000000,152.16,143.11692
2026-05-10T02:00:00.000000000,177.22,147.90072
2026-05-10T03:00:00.000000000,175.88,157.66064
2026-05-10T04:00:00.000000000,162.13,163.70018
2026-05-10T05:00:00.000000000,163.24,166.60945
2026-05-10T06:00:00.000000000,155.62,164.71051
2026-05-10T07:00:00.000000000,159.22,155.15647
2026-05-10T08:00:00.000000000,142.88,148.93759
2026-05-10T09:00:00.000000000,139.14,146.62185
2026-05-10T10:00:00.000000000,136.66,143.73283
2026-05-10T11:00:00.000000000,138.32,143.04097
2026-05-10T12:00:00.000000000,140.65,142.30921
2026-05-10T13:00:00.000000000,136.2,139.97581
2026-05-10T14:00:00.000000000,124.76,132.60053
2026-05-10T15:00:00.000000000,112.87,124.15581
2026-05-10T16:00:00.000000000,102.52,112.73588
2026-05-10T17:00:00.000000000,106.29,96.68417
2026-05-10T18:00:00.000000000,116.2,84.94394
2026-05-10T19:00:00.000000000,125.5,85.40966
2026-05-10T20:00:00.000000000,122.99,85.36952
2026-05-10T21:00:00.000000000,132.22,90.90694
2026-05-10T22:00:00.000000000,152.56,100.12855
2026-05-10T23:00:00.000000000,153.08,112.02956
2026-05-11T00:00:00.000000000,157.47,119.79599
2026-05-11T01:00:00.000000000,170.73,134.3946
2026-05-11T02:00:00.000000000,178.14,140.76939
2026-05-11T03:00:00.000000000,180.42,152.82843
2026-05-11T04:00:00.000000000,164.07,161.20573
2026-05-11T05:00:00.000000000,152.23,165.99612
2026-05-11T06:00:00.000000000,154.81,165.30274
2026-05-11T07:00:00.000000000,145.16,155.77103
2026-05-11T08:00:00.000000000,144.48,150.22969
2026-05-11T09:00:00.000000000,141.48,149.14515
2026-05-11T10:00:00.000000000,141.0,146.44593
2026-05-11T11:00:00.000000000,144.9,144.91595
2026-05-11T12:00:00.000000000,147.3,143.01063
2026-05-11T13:00:00.000000000,142.04,139.0262
2026-05-11T14:00:00.000000000,120.36,129.29096
2026-05-11T15:00:00.000000000,102.67,118.52384
2026-05-11T16:00:00.000000000,98.7,103.98501
2026-05-11T17:00:00.000000000,100.07,84.63937
2026-05-11T18:00:00.000000000,113.48,69.39795
2026-05-11T19:00:00.000000000,113.63,68.95788
2026-05-11T20:00:00.000000000,135.45,68.5039
2026-05-11T21:00:00.000000000,140.78,74.74019
2026-05-11T22:00:00.000000000,153.06,85.09133
2026-05-11T23:00:00.000000000,165.42,98.74178
2026-05-12T00:00:00.000000000,174.26,114.05355
2026-05-12T01:00:00.000000000,187.49,128.42151
2026-05-12T02:00:00.000000000,199.66,134.44399
2026-05-12T03:00:00.000000000,191.28,147.12323
2026-05-12T04:00:00.000000000,194.73,156.43211
2026-05-12T05:00:00.000000000,189.08,161.8945
2026-05-12T06:00:00.000000000,178.42,161.30899
2026-05-12T07:00:00.000000000,164.5,151.12282
2026-05-12T08:00:00.000000000,161.97,145.18509
2026-05-12T09:00:00.000000000,160.74,144.38805
2026-05-12T10:00:00.000000000,152.98,141.41944
2026-05-12T11:00:00.000000000,153.18,139.16367
2026-05-12T12:00:00.000000000,153.86,136.09763
2026-05-12T13:00:00.000000000,154.19,130.99211
2026-05-12T14:00:00.000000000,142.1,120.1054
2026-05-12T15:00:00.000000000,135.96,108.84676
2026-05-12T16:00:00.000000000,136.48,94.28255
2026-05-12T17:00:00.000000000,136.4,75.00325
2026-05-12T18:00:00.000000000,139.41,59.65585
2026-05-12T19:00:00.000000000,143.01,59.79175
2026-05-12T20:00:00.000000000,148.97,59.7304
2026-05-12T21:00:00.000000000,163.91,66.50637
2026-05-12T22:00:00.000000000,188.65,77.85412
2026-05-12T23:00:00.000000000,190.01,92.3731
2026-05-13T00:00:00.000000000,188.91,113.7516
2026-05-13T01:00:00.000000000,201.95,127.25996
2026-05-13T02:00:00.000000000,202.07,132.31495
2026-05-13T03:00:00.000000000,202.47,144.59826
2026-05-13T04:00:00.000000000,192.01,153.67217
2026-05-13T05:00:00.000000000,185.67,158.78991
2026-05-13T06:00:00.000000000,184.11,157.85783
2026-05-13T07:00:00.000000000,179.55,147.09756
2026-05-13T08:00:00.000000000,183.68,140.85915
2026-05-13T09:00:00.000000000,186.04,140.0751
2026-05-13T10:00:00.000000000,173.98,137.09297
2026-05-13T11:00:00.000000000,171.56,134.8841
2026-05-13T12:00:00.000000000,180.97,131.79562
2026-05-13T13:00:00.000000000,192.91,126.6733
2026-05-13T14:00:00.000000000,183.43,115.39936
2026-05-13T15:00:00.000000000,167.98,103.91857
2026-05-13T16:00:00.000000000,151.9,89.47927
2026-05-13T17:00:00.000000000,146.95,70.63988
2026-05-13T18:00:00.000000000,140.59,55.8579
2026-05-13T19:00:00.000000000,143.5,56.62339
2026-05-13T20:00:00.000000000,140.08,57.15933
2026-05-13T21:00:00.000000000,147.93,64.51757
2026-05-13T22:00:00.000000000,160.69,76.66862
2026-05-13T23:00:00.000000000,162.59,91.67945
2026-05-14T00:00:00.000000000,168.21,114.91604
2026-05-14T01:00:00.000000000,173.9,125.7688
2026-05-14T02:00:00.000000000,180.65,130.07279
2026-05-14T03:00:00.000000000,181.72,142.05654
2026-05-14T04:00:00.000000000,186.08,151.1379
2026-05-14T05:00:00.000000000,168.02,157.06037
2026-05-14T06:00:00.000000000,160.98,156.85233
2026-05-14T07:00:00.000000000,164.41,147.09026
2026-05-14T08:00:00.000000000,152.5,140.43193
2026-05-14T09:00:00.000000000,154.04,139.24554
2026-05-14T10:00:00.000000000,155.12,136.02335
2026-05-14T11:00:00.000000000,152.12,134.81631
2026-05-14T12:00:00.000000000,152.11,132.99888
2026-05-14T13:00:00.000000000,152.24,130.00491
2026-05-14T14:00:00.000000000,138.35,121.50678
2026-05-14T15:00:00.000000000,128.2,112.62962
2026-05-14T16:00:00.000000000,122.35,101.79094
2026-05-14T17:00:00.000000000,120.6,86.29135
2026-05-14T18:00:00.000000000,130.92,73.90981
2026-05-14T19:00:00.000000000,145.87,73.90478
2026-05-14T20:00:00.000000000,149.16,72.34343
2026-05-14T21:00:00.000000000,145.31,76.31134
2026-05-14T22:00:00.000000000,161.66,85.5653
2026-05-14T23:00:00.000000000,168.11,97.07227
2026-05-15T00:00:00.000000000,169.94,114.57378
2026-05-15T01:00:00.000000000,168.57,127.31678
2026-05-15T02:00:00.000000000,180.73,132.23146
2026-05-15T03:00:00.000000000,183.17,144.36882
2026-05-15T04:00:00.000000000,176.7,153.33582
2026-05-15T05:00:00.000000000,171.5,158.5667
2026-05-15T06:00:00.000000000,168.05,157.75125
2026-05-15T07:00:00.000000000,152.78,147.23703
2026-05-15T08:00:00.000000000,155.37,140.66454
2026-05-15T09:00:00.000000000,146.1,139.55965
2026-05-15T10:00:00.000000000,141.72,136.53086
2026-05-15T11:00:00.000000000,134.29,134.9567
2026-05-15T12:00:00.000000000,134.73,132.74169
2026-05-15T13:00:00.000000000,134.62,128.75367
2026-05-15T14:00:00.000000000,126.49,118.75168
2026-05-15T15:00:00.000000000,120.03,108.27691
2026-05-15T16:00:00.000000000,117.69,95.11943
2026-05-15T17:00:00.000000000,124.71,77.38405
2026-05-15T18:00:00.000000000,138.32,63.32392
2026-05-15T19:00:00.000000000,130.95,63.61003
2026-05-15T20:00:00.000000000,130.17,63.16627
2026-05-15T21:00:00.000000000,135.68,69.12339
2026-05-15T22:00:00.000000000,153.32,80.08901
2026-05-15T23:00:00.000000000,157.03,93.83372
2026-05-16T00:00:00.000000000,165.71,112.63181
2026-05-16T01:00:00.000000000,166.49,125.62856
2026-05-16T02:00:00.000000000,188.95,130.39007
2026-05-16T03:00:00.000000000,176.65,142.71118
2026-05-16T04:00:00.000000000,171.24,151.93501
2026-05-16T05:00:00.000000000,144.01,157.35958
2026-05-16T06:00:00.000000000,150.79,156.7109
2026-05-16T07:00:00.000000000,157.05,146.20295
2026-05-16T08:00:00.000000000,165.51,140.10578
2026-05-16T09:00:00.000000000,160.09,139.55265
2026-05-16T10:00:00.000000000,157.21,136.5849
2026-05-16T11:00:00.000000000,151.29,134.43031
2026-05-16T12:00:00.000000000,151.36,131.33896
2026-05-16T13:00:00.000000000,147.59,126.31904
2026-05-16T14:00:00.000000000,133.99,115.15846
2026-05-16T15:00:00.000000000,112.9,103.84991
2026-05-16T16:00:00.000000000,110.77,89.80875
2026-05-16T17:00:00.000000000,119.28,71.41695
2026-05-16T18:00:00.000000000,132.26,56.89598
2026-05-16T19:00:00.000000000,131.21,57.61706
2026-05-16T20:00:00.000000000,140.84,57.87248
2026-05-16T21:00:00.000000000,133.39,64.80263
2026-05-16T22:00:00.000000000,130.44,76.67502
2026-05-16T23:00:00.000000000,131.72,91.25752
2026-05-11T00:00:00.000000000,157.47,135.46247
2026-05-11T01:00:00.000000000,170.73,145.56325
2026-05-11T02:00:00.000000000,178.14,149.22939
2026-05-11T03:00:00.000000000,180.42,158.15582
2026-05-11T04:00:00.000000000,164.07,163.72171
2026-05-11T05:00:00.000000000,152.23,166.84486
2026-05-11T06:00:00.000000000,154.81,165.39729
2026-05-11T07:00:00.000000000,145.16,156.78027
2026-05-11T08:00:00.000000000,144.48,151.31836
2026-05-11T09:00:00.000000000,141.48,149.16213
2026-05-11T10:00:00.000000000,141.0,146.1711
2026-05-11T11:00:00.000000000,144.9,144.89039
2026-05-11T12:00:00.000000000,147.3,143.12046
2026-05-11T13:00:00.000000000,142.04,139.95839
2026-05-11T14:00:00.000000000,120.36,132.53872
2026-05-11T15:00:00.000000000,102.67,124.65044
2026-05-11T16:00:00.000000000,98.7,114.52678
2026-05-11T17:00:00.000000000,100.07,100.31509
2026-05-11T18:00:00.000000000,113.48,90.57288
2026-05-11T19:00:00.000000000,113.63,91.98001
2026-05-11T20:00:00.000000000,135.45,92.76577
2026-05-11T21:00:00.000000000,140.78,98.45425
2026-05-11T22:00:00.000000000,153.06,107.33778
2026-05-11T23:00:00.000000000,165.42,118.16265
2026-05-12T00:00:00.000000000,174.26,120.04398
2026-05-12T01:00:00.000000000,187.49,133.00109
2026-05-12T02:00:00.000000000,199.66,138.55704
2026-05-12T03:00:00.000000000,191.28,150.30585
2026-05-12T04:00:00.000000000,194.73,158.6822
2026-05-12T05:00:00.000000000,189.08,163.72254
2026-05-12T06:00:00.000000000,178.42,163.00783
2026-05-12T07:00:00.000000000,164.5,153.33803
2026-05-12T08:00:00.000000000,161.97,147.09723
2026-05-12T09:00:00.000000000,160.74,145.53668
2026-05-12T10:00:00.000000000,152.98,142.41355
2026-05-12T11:00:00.000000000,153.18,140.77338
2026-05-12T12:00:00.000000000,153.86,138.57392
2026-05-12T13:00:00.000000000,154.19,134.69076
2026-05-12T14:00:00.000000000,142.1,125.64933
2026-05-12T15:00:00.000000000,135.96,116.06855
2026-05-12T16:00:00.000000000,136.48,103.65206
2026-05-12T17:00:00.000000000,136.4,86.4762
2026-05-12T18:00:00.000000000,139.41,73.02296
2026-05-12T19:00:00.000000000,143.01,73.05147
2026-05-12T20:00:00.000000000,148.97,72.40053
2026-05-12T21:00:00.000000000,163.91,77.79024
2026-05-12T22:00:00.000000000,188.65,87.56026
2026-05-12T23:00:00.000000000,190.01,100.23683
2026-05-13T00:00:00.000000000,188.91,115.83017
2026-05-13T01:00:00.000000000,201.95,128.9971
2026-05-13T02:00:00.000000000,202.07,134.13875
2026-05-13T03:00:00.000000000,202.47,146.21677
2026-05-13T04:00:00.000000000,192.01,155.04598
2026-05-13T05:00:00.000000000,185.67,160.13089
2026-05-13T06:00:00.000000000,184.11,159.25117
2026-05-13T07:00:00.000000000,179.55,148.78204
2026-05-13T08:00:00.000000000,183.68,142.35443
2026-05-13T09:00:00.000000000,186.04,141.18424
2026-05-13T10:00:00.000000000,173.98,138.1558
2026-05-13T11:00:00.000000000,171.56,136.37651
2026-05-13T12:00:00.000000000,180.97,133.91828
2026-05-13T13:00:00.000000000,192.91,129.56848
2026-05-13T14:00:00.000000000,183.43,119.31049
2026-05-13T15:00:00.000000000,167.98,108.61225
2026-05-13T16:00:00.000000000,151.9,95.05909
2026-05-13T17:00:00.000000000,146.95,76.96694
2026-05-13T18:00:00.000000000,140.59,62.72057
2026-05-13T19:00:00.000000000,143.5,63.10007
2026-05-13T20:00:00.000000000,140.08,62.99135
2026-05-13T21:00:00.000000000,147.93,69.39399
2026-05-13T22:00:00.000000000,160.69,80.56619
2026-05-13T23:00:00.000000000,162.59,94.61692
2026-05-14T00:00:00.000000000,168.21,115.66827
2026-05-14T01:00:00.000000000,173.9,126.45474
2026-05-14T02:00:00.000000000,180.65,130.87934
2026-05-14T03:00:00.000000000,181.72,142.82249
2026-05-14T04:00:00.000000000,186.08,151.83797
2026-05-14T05:00:00.000000000,168.02,157.79495
2026-05-14T06:00:00.000000000,160.98,157.65933
2026-05-14T07:00:00.000000000,164.41,148.10436
2026-05-14T08:00:00.000000000,152.5,141.4402
2026-05-14T09:00:00.000000000,154.04,140.13909
2026-05-14T10:00:00.000000000,155.12,136.91929
2026-05-14T11:00:00.000000000,152.12,135.88669
2026-05-14T12:00:00.000000000,152.11,134.32117
2026-05-14T13:00:00.000000000,152.24,131.63009
2026-05-14T14:00:00.000000000,138.35,123.57257
2026-05-14T15:00:00.000000000,128.2,115.02385
2026-05-14T16:00:00.000000000,122.35,104.53178
2026-05-14T17:00:00.000000000,120.6,89.29076
2026-05-14T18:00:00.000000000,130.92,77.05873
2026-05-14T19:00:00.000000000,145.87,76.83403
2026-05-14T20:00:00.000000000,149.16,74.93703
2026-05-14T21:00:00.000000000,145.31,78.44435
2026-05-14T22:00:00.000000000,161.66,87.20771
2026-05-14T23:00:00.000000000,168.11,98.26231
2026-05-15T00:00:00.000000000,169.94,114.84805
2026-05-15T01:00:00.000000000,168.57,127.62068
2026-05-15T02:00:00.000000000,180.73,132.62686
2026-05-15T03:00:00.000000000,183.17,144.76927
2026-05-15T04:00:00.000000000,176.7,153.72067
2026-05-15T05:00:00.000000000,171.5,158.97511
2026-05-15T06:00:00.000000000,168.05,158.19887
2026-05-15T07:00:00.000000000,152.78,147.77605
2026-05-15T08:00:00.000000000,155.37,141.20027
2026-05-15T09:00:00.000000000,146.1,140.04236
2026-05-15T10:00:00.000000000,141.72,137.01499
2026-05-15T11:00:00.000000000,134.29,135.51919
2026-05-15T12:00:00.000000000,134.73,133.42383
2026-05-15T13:00:00.000000000,134.62,129.56937
2026-05-15T14:00:00.000000000,126.49,119.75395
2026-05-15T15:00:00.000000000,120.03,109.40454
2026-05-15T16:00:00.000000000,117.69,96.35746
2026-05-15T17:00:00.000000000,124.71,78.68524
2026-05-15T18:00:00.000000000,138.32,64.63729
2026-05-15T19:00:00.000000000,130.95,64.79824
2026-05-15T20:00:00.000000000,130.17,64.18792
2026-05-15T21:00:00.000000000,135.68,69.94124
2026-05-15T22:00:00.000000000,153.32,80.69011
2026-05-15T23:00:00.000000000,157.03,94.25568
2026-05-16T00:00:00.000000000,165.71,112.71747
2026-05-16T01:00:00.000000000,166.49,125.74171
2026-05-16T02:00:00.000000000,188.95,130.54967
2026-05-16T03:00:00.000000000,176.65,142.88125
2026-05-16T04:00:00.000000000,171.24,152.10729
2026-05-16T05:00:00.000000000,144.01,157.54764
2026-05-16T06:00:00.000000000,150.79,156.91922
2026-05-16T07:00:00.000000000,157.05,146.44803
2026-05-16T08:00:00.000000000,165.51,140.3514
2026-05-16T09:00:00.000000000,160.09,139.77852
2026-05-16T10:00:00.000000000,157.21,136.81383
2026-05-16T11:00:00.000000000,151.29,134.69125
2026-05-16T12:00:00.000000000,151.36,131.64855
2026-05-16T13:00:00.000000000,147.59,126.67885
2026-05-16T14:00:00.000000000,133.99,115.58589
2026-05-16T15:00:00.000000000,112.9,104.31679
2026-05-16T16:00:00.000000000,110.77,90.30279
2026-05-16T17:00:00.000000000,119.28,71.91809
2026-05-16T18:00:00.000000000,132.26,57.38417
2026-05-16T19:00:00.000000000,131.21,58.04717
2026-05-16T20:00:00.000000000,140.84,58.23234
2026-05-16T21:00:00.000000000,133.39,65.08386
2026-05-16T22:00:00.000000000,130.44,76.87253
2026-05-16T23:00:00.000000000,131.72,91.39087
2026-05-17T00:00:00.000000000,134.65,122.54307
2026-05-17T01:00:00.000000000,133.12,136.79578
2026-05-17T02:00:00.000000000,171.55,142.24267
2026-05-17T03:00:00.000000000,195.9,153.48932
2026-05-17T04:00:00.000000000,195.59,161.27276
2026-05-17T05:00:00.000000000,195.48,165.35248
2026-05-17T06:00:00.000000000,164.67,164.11221
2026-05-17T07:00:00.000000000,136.97,154.18789
2026-05-17T08:00:00.000000000,136.19,149.09984
2026-05-17T09:00:00.000000000,127.03,148.4621
2026-05-17T10:00:00.000000000,124.94,145.94287
2026-05-17T11:00:00.000000000,122.79,143.54415
2026-05-17T12:00:00.000000000,122.58,140.12022
2026-05-17T13:00:00.000000000,122.28,134.36276
2026-05-17T14:00:00.000000000,112.36,122.91963
2026-05-17T15:00:00.000000000,108.03,111.18576
2026-05-17T16:00:00.000000000,111.07,95.85715
2026-05-17T17:00:00.000000000,110.17,76.22251
2026-05-17T18:00:00.000000000,110.89,61.50028
2026-05-17T19:00:00.000000000,112.84,62.62579
2026-05-17T20:00:00.000000000,112.54,64.3268
2026-05-17T21:00:00.000000000,109.86,72.97289
2026-05-17T22:00:00.000000000,110.42,85.2848
2026-05-17T23:00:00.000000000,116.84,100.55893
2026-05-12T00:00:00.000000000,174.26,144.60581
2026-05-12T01:00:00.000000000,187.49,151.59738
2026-05-12T02:00:00.000000000,199.66,152.5955
2026-05-12T03:00:00.000000000,191.28,159.18444
2026-05-12T04:00:00.000000000,194.73,162.74581
2026-05-12T05:00:00.000000000,189.08,164.22666
2026-05-12T06:00:00.000000000,178.42,161.74557
2026-05-12T07:00:00.000000000,164.5,152.65085
2026-05-12T08:00:00.000000000,161.97,147.02262
2026-05-12T09:00:00.000000000,160.74,144.53611
2026-05-12T10:00:00.000000000,152.98,141.4798
2026-05-12T11:00:00.000000000,153.18,140.08273
2026-05-12T12:00:00.000000000,153.86,137.89056
2026-05-12T13:00:00.000000000,154.19,134.64352
2026-05-12T14:00:00.000000000,142.1,127.29782
2026-05-12T15:00:00.000000000,135.96,120.23796
2026-05-12T16:00:00.000000000,136.48,111.84377
2026-05-12T17:00:00.000000000,136.4,100.18563
2026-05-12T18:00:00.000000000,139.41,93.7692
2026-05-12T19:00:00.000000000,143.01,97.24525
2026-05-12T20:00:00.000000000,148.97,100.26458
2026-05-12T21:00:00.000000000,163.91,107.45427
2026-05-12T22:00:00.000000000,188.65,117.45849
2026-05-12T23:00:00.000000000,190.01,128.19467
2026-05-13T00:00:00.000000000,188.91,125.0459
2026-05-13T01:00:00.000000000,201.95,135.94543
2026-05-13T02:00:00.000000000,202.07,140.01082
2026-05-13T03:00:00.000000000,202.47,150.4541
2026-05-13T04:00:00.000000000,192.01,157.69186
2026-05-13T05:00:00.000000000,185.67,161.82423
2026-05-13T06:00:00.000000000,184.11,160.47112
2026-05-13T07:00:00.000000000,179.55,150.48401
2026-05-13T08:00:00.000000000,183.68,143.67838
2026-05-13T09:00:00.000000000,186.04,141.54157
2026-05-13T10:00:00.000000000,173.98,138.32337
2026-05-13T11:00:00.000000000,171.56,137.20306
2026-05-13T12:00:00.000000000,180.97,135.61722
2026-05-13T13:00:00.000000000,192.91,132.6187
2026-05-13T14:00:00.000000000,183.43,124.53255
2026-05-13T15:00:00.000000000,167.98,115.98504
2026-05-13T16:00:00.000000000,151.9,105.32557
2026-05-13T17:00:00.000000000,146.95,90.22651
2026-05-13T18:00:00.000000000,140.59,78.93897
2026-05-13T19:00:00.000000000,143.5,79.72334
2026-05-13T20:00:00.000000000,140.08,79.48538
2026-05-13T21:00:00.000000000,147.93,84.66918
2026-05-13T22:00:00.000000000,160.69,94.26347
2026-05-13T23:00:00.000000000,162.59,106.19708
2026-05-14T00:00:00.000000000,168.21,119.32352
2026-05-14T01:00:00.000000000,173.9,129.16891
2026-05-14T02:00:00.000000000,180.65,133.3799
2026-05-14T03:00:00.000000000,181.72,144.76527
2026-05-14T04:00:00.000000000,186.08,153.22457
2026-05-14T05:00:00.000000000,168.02,158.98036
2026-05-14T06:00:00.000000000,160.98,158.82646
2026-05-14T07:00:00.000000000,164.41,149.77586
2026-05-14T08:00:00.000000000,152.5,143.04751
2026-05-14T09:00:00.000000000,154.04,141.36321
2026-05-14T10:00:00.000000000,155.12,138.08608
2026-05-14T11:00:00.000000000,152.12,137.46077
2026-05-14T12:00:00.000000000,152.11,136.44112
2026-05-14T13:00:00.000000000,152.24,134.55752
2026-05-14T14:00:00.000000000,138.35,127.81467
2026-05-14T15:00:00.000000000,128.2,120.46762
2026-05-14T16:00:00.000000000,122.35,111.51142
2026-05-14T17:00:00.000000000,120.6,97.70527
2026-05-14T18:00:00.000000000,130.92,86.71449
2026-05-14T19:00:00.000000000,145.87,86.36966
2026-05-14T20:00:00.000000000,149.16,83.95687
2026-05-14T21:00:00.000000000,145.31,86.36159
2026-05-14T22:00:00.000000000,161.66,93.87455
2026-05-14T23:00:00.000000000,168.11,103.51516
2026-05-15T00:00:00.000000000,169.94,116.24901
2026-05-15T01:00:00.000000000,168.57,128.79931
2026-05-15T02:00:00.000000000,180.73,133.88925
2026-05-15T03:00:00.000000000,183.17,145.89597
2026-05-15T04:00:00.000000000,176.7,154.67978
2026-05-15T05:00:00.000000000,171.5,159.92904
2026-05-15T06:00:00.000000000,168.05,159.21257
2026-05-15T07:00:00.000000000,152.78,149.04764
2026-05-15T08:00:00.000000000,155.37,142.39112
2026-05-15T09:00:00.000000000,146.1,141.00371
2026-05-15T10:00:00.000000000,141.72,137.94929
2026-05-15T11:00:00.000000000,134.29,136.72582
2026-05-15T12:00:00.000000000,134.73,135.02588
2026-05-15T13:00:00.000000000,134.62,131.66897
2026-05-15T14:00:00.000000000,126.49,122.55939
2026-05-15T15:00:00.000000000,120.03,112.77058
2026-05-15T16:00:00.000000000,117.69,100.35747
2026-05-15T17:00:00.000000000,124.71,83.20996
2026-05-15T18:00:00.000000000,138.32,69.52997
2026-05-15T19:00:00.000000000,130.95,69.42065
2026-05-15T20:00:00.000000000,130.17,68.34735
2026-05-15T21:00:00.000000000,135.68,73.41554
2026-05-15T22:00:00.000000000,153.32,83.44751
2026-05-15T23:00:00.000000000,157.03,96.31757
2026-05-16T00:00:00.000000000,165.71,113.17323
2026-05-16T01:00:00.000000000,166.49,126.17879
2026-05-16T02:00:00.000000000,188.95,131.08724
2026-05-16T03:00:00.000000000,176.65,143.4123
2026-05-16T04:00:00.000000000,171.24,152.61312
2026-05-16T05:00:00.000000000,144.01,158.09356
2026-05-16T06:00:00.000000000,150.79,157.52346
2026-05-16T07:00:00.000000000,157.05,147.17644
2026-05-16T08:00:00.000000000,165.51,141.04373
2026-05-16T09:00:00.000000000,160.09,140.36865
2026-05-16T10:00:00.000000000,157.21,137.4016
2026-05-16T11:00:00.000000000,151.29,135.42333
2026-05-16T12:00:00.000000000,151.36,132.59317
2026-05-16T13:00:00.000000000,147.59,127.86726
2026-05-16T14:00:00.000000000,133.99,117.09009
2026-05-16T15:00:00.000000000,112.9,106.03901
2026-05-16T16:00:00.000000000,110.77,92.24435
2026-05-16T17:00:00.000000000,119.28,74.01489
2026-05-16T18:00:00.000000000,132.26,59.55037
2026-05-16T19:00:00.000000000,131.21,60.02442
2026-05-16T20:00:00.000000000,140.84,59.94199
2026-05-16T21:00:00.000000000,133.39,66.45164
2026-05-16T22:00:00.000000000,130.44,77.89523
2026-05-16T23:00:00.000000000,131.72,92.10735
2026-05-17T00:00:00.000000000,134.65,122.65168
2026-05-17T01:00:00.000000000,133.12,136.94205
2026-05-17T02:00:00.000000000,171.55,142.46351
2026-05-17T03:00:00.000000000,195.9,153.73003
2026-05-17T04:00:00.000000000,195.59,161.51671
2026-05-17T05:00:00.000000000,195.48,165.62225
2026-05-17T06:00:00.000000000,164.67,164.41562
2026-05-17T07:00:00.000000000,136.97,154.55714
2026-05-17T08:00:00.000000000,136.19,149.47646
2026-05-17T09:00:00.000000000,127.03,148.81656
2026-05-17T10:00:00.000000000,124.94,146.30365
2026-05-17T11:00:00.000000000,122.79,143.96024
2026-05-17T12:00:00.000000000,122.58,140.62181
2026-05-17T13:00:00.000000000,122.28,134.95667
2026-05-17T14:00:00.000000000,112.36,123.62967
2026-05-17T15:00:00.000000000,108.03,111.96271
2026-05-17T16:00:00.000000000,111.07,96.68445
2026-05-17T17:00:00.000000000,110.17,77.06606
2026-05-17T18:00:00.000000000,110.89,62.32479
2026-05-17T19:00:00.000000000,112.84,63.35686
2026-05-17T20:00:00.000000000,112.54,64.93689
2026-05-17T21:00:00.000000000,109.86,73.44158
2026-05-17T22:00:00.000000000,110.42,85.60784
2026-05-17T23:00:00.000000000,116.84,100.76603
2026-05-18T00:00:00.000000000,120.33,124.59104
2026-05-18T01:00:00.000000000,131.16,139.06992
2026-05-18T02:00:00.000000000,174.59,144.2443
2026-05-18T03:00:00.000000000,187.74,155.13951
2026-05-18T04:00:00.000000000,187.78,162.63411
2026-05-18T05:00:00.000000000,167.56,166.4053
2026-05-18T06:00:00.000000000,159.02,165.10849
2026-05-18T07:00:00.000000000,144.14,155.24481
2026-05-18T08:00:00.000000000,146.53,150.69262
2026-05-18T09:00:00.000000000,117.65,150.34216
2026-05-18T10:00:00.000000000,117.55,148.18558
2026-05-18T11:00:00.000000000,115.41,145.76239
2026-05-18T12:00:00.000000000,119.47,142.16597
2026-05-18T13:00:00.000000000,129.07,135.86182
2026-05-18T14:00:00.000000000,114.09,123.55002
2026-05-18T15:00:00.000000000,86.75,110.85894
2026-05-18T16:00:00.000000000,91.85,94.42058
2026-05-18T17:00:00.000000000,97.75,74.03171
2026-05-18T18:00:00.000000000,102.89,58.95529
2026-05-18T19:00:00.000000000,108.23,60.42931
2026-05-18T20:00:00.000000000,119.64,62.98062
2026-05-18T21:00:00.000000000,124.64,72.7418
2026-05-18T22:00:00.000000000,126.29,85.86746
2026-05-18T23:00:00.000000000,129.95,101.91322
2026-05-13T00:00:00.000000000,188.91,175.13797
2026-05-13T01:00:00.000000000,201.95,180.76569
2026-05-13T02:00:00.000000000,202.07,180.37223
2026-05-13T03:00:00.000000000,202.47,182.1182
2026-05-13T04:00:00.000000000,192.01,180.39676
2026-05-13T05:00:00.000000000,185.67,177.10931
2026-05-13T06:00:00.000000000,184.11,172.05169
2026-05-13T07:00:00.000000000,179.55,163.28748
2026-05-13T08:00:00.000000000,183.68,158.10289
2026-05-13T09:00:00.000000000,186.04,154.06601
2026-05-13T10:00:00.000000000,173.98,151.66873
2026-05-13T11:00:00.000000000,171.56,151.65811
2026-05-13T12:00:00.000000000,180.97,151.53613
2026-05-13T13:00:00.000000000,192.91,150.38293
2026-05-13T14:00:00.000000000,183.43,145.41947
2026-05-13T15:00:00.000000000,167.98,140.04671
2026-05-13T16:00:00.000000000,151.9,132.58659
2026-05-13T17:00:00.000000000,146.95,122.2193
2026-05-13T18:00:00.000000000,140.59,119.33346
2026-05-13T19:00:00.000000000,143.5,124.34274
2026-05-13T20:00:00.000000000,140.08,130.16909
2026-05-13T21:00:00.000000000,147.93,139.4595
2026-05-13T22:00:00.000000000,160.69,149.59044
2026-05-13T23:00:00.000000000,162.59,159.78032
2026-05-14T00:00:00.000000000,168.21,154.11005
2026-05-14T01:00:00.000000000,173.9,159.98203
2026-05-14T02:00:00.000000000,180.65,160.72959
2026-05-14T03:00:00.000000000,181.72,165.8047
2026-05-14T04:00:00.000000000,186.08,167.56817
2026-05-14T05:00:00.000000000,168.02,167.79136
2026-05-14T06:00:00.000000000,160.98,164.91384
2026-05-14T07:00:00.000000000,164.41,156.86108
2026-05-14T08:00:00.000000000,152.5,151.36041
2026-05-14T09:00:00.000000000,154.04,148.14697
2026-05-14T10:00:00.000000000,155.12,145.52492
2026-05-14T11:00:00.000000000,152.12,146.03524
2026-05-14T12:00:00.000000000,152.11,146.58013
2026-05-14T13:00:00.000000000,152.24,146.26667
2026-05-14T14:00:00.000000000,138.35,142.13536
2026-05-14T15:00:00.000000000,128.2,137.09267
2026-05-14T16:00:00.000000000,122.35,130.64991
2026-05-14T17:00:00.000000000,120.6,120.64922
2026-05-14T18:00:00.000000000,130.92,115.71056
2026-05-14T19:00:00.000000000,145.87,118.21225
2026-05-14T20:00:00.000000000,149.16,119.70971
2026-05-14T21:00:00.000000000,145.31,124.67394
2026-05-14T22:00:00.000000000,161.66,132.101
2026-05-14T23:00:00.000000000,168.11,140.28219
2026-05-15T00:00:00.000000000,169.94,129.62749
2026-05-15T01:00:00.000000000,168.57,140.40596
2026-05-15T02:00:00.000000000,180.73,144.73448
2026-05-15T03:00:00.000000000,183.17,154.58195
2026-05-15T04:00:00.000000000,176.7,161.00673
2026-05-15T05:00:00.000000000,171.5,164.61135
2026-05-15T06:00:00.000000000,168.05,163.12993
2026-05-15T07:00:00.000000000,152.78,153.81827
2026-05-15T08:00:00.000000000,155.37,147.21256
2026-05-15T09:00:00.000000000,146.1,144.75183
2026-05-15T10:00:00.000000000,141.72,141.67078
2026-05-15T11:00:00.000000000,134.29,141.16492
2026-05-15T12:00:00.000000000,134.73,140.49201
2026-05-15T13:00:00.000000000,134.62,138.48104
2026-05-15T14:00:00.000000000,126.49,131.80835
2026-05-15T15:00:00.000000000,120.03,124.24933
2026-05-15T16:00:00.000000000,117.69,114.48153
2026-05-15T17:00:00.000000000,124.71,100.03977
2026-05-15T18:00:00.000000000,138.32,89.3097
2026-05-15T19:00:00.000000000,130.95,89.63629
2026-05-15T20:00:00.000000000,130.17,88.73292
2026-05-15T21:00:00.000000000,135.68,92.91959
2026-05-15T22:00:00.000000000,153.32,101.17555
2026-05-15T23:00:00.000000000,157.03,111.9287
2026-05-16T00:00:00.000000000,165.71,118.16751
2026-05-16T01:00:00.000000000,166.49,130.51291
2026-05-16T02:00:00.000000000,188.95,135.37683
2026-05-16T03:00:00.000000000,176.65,147.04641
2026-05-16T04:00:00.000000000,171.24,155.51038
2026-05-16T05:00:00.000000000,144.01,160.61335
2026-05-16T06:00:00.000000000,150.79,159.94025
2026-05-16T07:00:00.000000000,157.05,150.07263
2026-05-16T08:00:00.000000000,165.51,143.79363
2026-05-16T09:00:00.000000000,160.09,142.52295
2026-05-16T10:00:00.000000000,157.21,139.51846
2026-05-16T11:00:00.000000000,151.29,138.0919
2026-05-16T12:00:00.000000000,151.36,136.05926
2026-05-16T13:00:00.000000000,147.59,132.32383
2026-05-16T14:00:00.000000000,133.99,123.01789
2026-05-16T15:00:00.000000000,112.9,113.17457
2026-05-16T16:00:00.000000000,110.77,100.75119
2026-05-16T17:00:00.000000000,119.28,83.76881
2026-05-16T18:00:00.000000000,132.26,70.41727
2026-05-16T19:00:00.000000000,131.21,70.60356
2026-05-16T20:00:00.000000000,140.84,69.96074
2026-05-16T21:00:00.000000000,133.39,75.39963
2026-05-16T22:00:00.000000000,130.44,85.5343
2026-05-16T23:00:00.000000000,131.72,98.38929
2026-05-17T00:00:00.000000000,134.65,123.55192
2026-05-17T01:00:00.000000000,133.12,137.92041
2026-05-17T02:00:00.000000000,171.55,143.74282
2026-05-17T03:00:00.000000000,195.9,155.0215
2026-05-17T04:00:00.000000000,195.59,162.72168
2026-05-17T05:00:00.000000000,195.48,166.84987
2026-05-17T06:00:00.000000000,164.67,165.72442
2026-05-17T07:00:00.000000000,136.97,156.14045
2026-05-17T08:00:00.000000000,136.19,151.04161
2026-05-17T09:00:00.000000000,127.03,150.21787
2026-05-17T10:00:00.000000000,124.94,147.69925
2026-05-17T11:00:00.000000000,122.79,145.62174
2026-05-17T12:00:00.000000000,122.58,142.71813
2026-05-17T13:00:00.000000000,122.28,137.56528
2026-05-17T14:00:00.000000000,112.36,126.89059
2026-05-17T15:00:00.000000000,108.03,115.65959
2026-05-17T16:00:00.000000000,111.07,100.75352
2026-05-17T17:00:00.000000000,110.17,81.34003
2026-05-17T18:00:00.000000000,110.89,66.65749
2026-05-17T19:00:00.000000000,112.84,67.30272
2026-05-17T20:00:00.000000000,112.54,68.34946
2026-05-17T21:00:00.000000000,109.86,76.17506
2026-05-17T22:00:00.000000000,110.42,87.6306
2026-05-17T23:00:00.000000000,116.84,102.18458
2026-05-18T00:00:00.000000000,120.33,125.34714
2026-05-18T01:00:00.000000000,131.16,139.86637
2026-05-18T02:00:00.000000000,174.59,145.11359
2026-05-18T03:00:00.000000000,187.74,155.95282
2026-05-18T04:00:00.000000000,187.78,163.35881
2026-05-18T05:00:00.000000000,167.56,167.08353
2026-05-18T06:00:00.000000000,159.02,165.81155
2026-05-18T07:00:00.000000000,144.14,156.05438
2026-05-18T08:00:00.000000000,146.53,151.52546
2026-05-18T09:00:00.000000000,117.65,151.10522
2026-05-18T10:00:00.000000000,117.55,149.01836
2026-05-18T11:00:00.000000000,115.41,146.81778
2026-05-18T12:00:00.000000000,119.47,143.54235
2026-05-18T13:00:00.000000000,129.07,137.53274
2026-05-18T14:00:00.000000000,114.09,125.46301
2026-05-18T15:00:00.000000000,86.75,112.8342
2026-05-18T16:00:00.000000000,91.85,96.39931
2026-05-18T17:00:00.000000000,97.75,75.99405
2026-05-18T18:00:00.000000000,102.89,60.87745
2026-05-18T19:00:00.000000000,108.23,62.15985
2026-05-18T20:00:00.000000000,119.64,64.51946
2026-05-18T21:00:00.000000000,124.64,74.06423
2026-05-18T22:00:00.000000000,126.29,86.94887
2026-05-18T23:00:00.000000000,129.95,102.79565
2026-05-19T00:00:00.000000000,131.34,116.82593
2026-05-19T01:00:00.000000000,145.56,130.59127
2026-05-19T02:00:00.000000000,185.88,135.8618
2026-05-19T03:00:00.000000000,206.09,147.85429
2026-05-19T04:00:00.000000000,213.83,156.59151
2026-05-19T05:00:00.000000000,203.42,161.68277
2026-05-19T06:00:00.000000000,197.82,160.987
2026-05-19T07:00:00.000000000,185.41,150.99862
2026-05-19T08:00:00.000000000,185.41,145.60946
2026-05-19T09:00:00.000000000,117.65,145.09161
2026-05-19T10:00:00.000000000,117.55,142.17018
2026-05-19T11:00:00.000000000,115.41,139.32494
2026-05-19T12:00:00.000000000,119.47,135.29265
2026-05-19T13:00:00.000000000,129.07,129.13996
2026-05-19T14:00:00.000000000,114.09,117.48658
2026-05-19T15:00:00.000000000,86.75,105.95809
2026-05-19T16:00:00.000000000,91.85,91.34726
2026-05-19T17:00:00.000000000,97.75,72.43972
2026-05-19T18:00:00.000000000,102.89,57.85516
2026-05-19T19:00:00.000000000,108.23,58.944
2026-05-19T20:00:00.000000000,119.64,60.10632
2026-05-19T21:00:00.000000000,124.64,68.05275
2026-05-19T22:00:00.000000000,126.29,80.15945
2026-05-19T23:00:00.000000000,129.95,95.11121
2026-05-14T00:00:00.000000000,168.21,171.92745
2026-05-14T01:00:00.000000000,173.9,181.91554
2026-05-14T02:00:00.000000000,180.65,185.12077
2026-05-14T03:00:00.000000000,181.72,189.21116
2026-05-14T04:00:00.000000000,186.08,188.97625
2026-05-14T05:00:00.000000000,168.02,187.75846
2026-05-14T06:00:00.000000000,160.98,184.50926
2026-05-14T07:00:00.000000000,164.41,177.58404
2026-05-14T08:00:00.000000000,152.5,173.24763
2026-05-14T09:00:00.000000000,154.04,169.50136
2026-05-14T10:00:00.000000000,155.12,166.97397
2026-05-14T11:00:00.000000000,152.12,166.16502
2026-05-14T12:00:00.000000000,152.11,165.6311
2026-05-14T13:00:00.000000000,152.24,163.92217
2026-05-14T14:00:00.000000000,138.35,159.28635
2026-05-14T15:00:00.000000000,128.2,153.53101
2026-05-14T16:00:00.000000000,122.35,144.44818
2026-05-14T17:00:00.000000000,120.6,131.65519
2026-05-14T18:00:00.000000000,130.92,125.51338
2026-05-14T19:00:00.000000000,145.87,128.27483
2026-05-14T20:00:00.000000000,149.16,131.72031
2026-05-14T21:00:00.000000000,145.31,139.01051
2026-05-14T22:00:00.000000000,161.66,146.96506
2026-05-14T23:00:00.000000000,168.11,156.74852
2026-05-15T00:00:00.000000000,169.94,148.80299
2026-05-15T01:00:00.000000000,168.57,160.40462
2026-05-15T02:00:00.000000000,180.73,164.87942
2026-05-15T03:00:00.000000000,183.17,172.36332
2026-05-15T04:00:00.000000000,176.7,175.90223
2026-05-15T05:00:00.000000000,171.5,177.14784
2026-05-15T06:00:00.000000000,168.05,174.58925
2026-05-15T07:00:00.000000000,152.78,166.1831
2026-05-15T08:00:00.000000000,155.37,161.20982
2026-05-15T09:00:00.000000000,146.1,158.24239
2026-05-15T10:00:00.000000000,141.72,155.05077
2026-05-15T11:00:00.000000000,134.29,152.59186
2026-05-15T12:00:00.000000000,134.73,149.58156
2026-05-15T13:00:00.000000000,134.62,145.02303
2026-05-15T14:00:00.000000000,126.49,137.27669
2026-05-15T15:00:00.000000000,120.03,129.34545
2026-05-15T16:00:00.000000000,117.69,118.39579
2026-05-15T17:00:00.000000000,124.71,103.50455
2026-05-15T18:00:00.000000000,138.32,94.4722
2026-05-15T19:00:00.000000000,130.95,97.21714
2026-05-15T20:00:00.000000000,130.17,100.4217
2026-05-15T21:00:00.000000000,135.68,108.57748
2026-05-15T22:00:00.000000000,153.32,118.26727
2026-05-15T23:00:00.000000000,157.03,130.25525
2026-05-16T00:00:00.000000000,165.71,126.45372
2026-05-16T01:00:00.000000000,166.49,138.53717
2026-05-16T02:00:00.000000000,188.95,143.13145
2026-05-16T03:00:00.000000000,176.65,153.52709
2026-05-16T04:00:00.000000000,171.24,160.52451
2026-05-16T05:00:00.000000000,144.01,164.38468
2026-05-16T06:00:00.000000000,150.79,163.03011
2026-05-16T07:00:00.000000000,157.05,153.44104
2026-05-16T08:00:00.000000000,165.51,147.58783
2026-05-16T09:00:00.000000000,160.09,145.95762
2026-05-16T10:00:00.000000000,157.21,142.91298
2026-05-16T11:00:00.000000000,151.29,141.03108
2026-05-16T12:00:00.000000000,151.36,138.4118
2026-05-16T13:00:00.000000000,147.59,134.06458
2026-05-16T14:00:00.000000000,133.99,124.85168
2026-05-16T15:00:00.000000000,112.9,115.41016
2026-05-16T16:00:00.000000000,110.77,103.31312
2026-05-16T17:00:00.000000000,119.28,86.87085
2026-05-16T18:00:00.000000000,132.26,74.75473
2026-05-16T19:00:00.000000000,131.21,75.90744
2026-05-16T20:00:00.000000000,140.84,76.6805
2026-05-16T21:00:00.000000000,133.39,83.30429
2026-05-16T22:00:00.000000000,130.44,93.70037
2026-05-16T23:00:00.000000000,131.72,106.65018
2026-05-17T00:00:00.000000000,134.65,126.31036
2026-05-17T01:00:00.000000000,133.12,140.54746
2026-05-17T02:00:00.000000000,171.55,146.24384
2026-05-17T03:00:00.000000000,195.9,157.09315
2026-05-17T04:00:00.000000000,195.59,164.30924
2026-05-17T05:00:00.000000000,195.48,168.03291
2026-05-17T06:00:00.000000000,164.67,166.70374
2026-05-17T07:00:00.000000000,136.97,157.22418
2026-05-17T08:00:00.000000000,136.19,152.26298
2026-05-17T09:00:00.000000000,127.03,151.36341
2026-05-17T10:00:00.000000000,124.94,148.90452
2026-05-17T11:00:00.000000000,122.79,146.84421
2026-05-17T12:00:00.000000000,122.58,143.95982
2026-05-17T13:00:00.000000000,122.28,138.81875
2026-05-17T14:00:00.000000000,112.36,128.25638
2026-05-17T15:00:00.000000000,108.03,117.12974
2026-05-17T16:00:00.000000000,111.07,102.30042
2026-05-17T17:00:00.000000000,110.17,83.0321
2026-05-17T18:00:00.000000000,110.89,68.7117
2026-05-17T19:00:00.000000000,112.84,69.59026
2026-05-17T20:00:00.000000000,112.54,70.98863
2026-05-17T21:00:00.000000000,109.86,79.07922
2026-05-17T22:00:00.000000000,110.42,90.55803
2026-05-17T23:00:00.000000000,116.84,105.07685
2026-05-18T00:00:00.000000000,120.33,126.33812
2026-05-18T01:00:00.000000000,131.16,140.81659
2026-05-18T02:00:00.000000000,174.59,146.02461
2026-05-18T03:00:00.000000000,187.74,156.71809
2026-05-18T04:00:00.000000000,187.78,163.96189
2026-05-18T05:00:00.000000000,167.56,167.55541
2026-05-18T06:00:00.000000000,159.02,166.22846
2026-05-18T07:00:00.000000000,144.14,156.51443
2026-05-18T08:00:00.000000000,146.53,152.02405
2026-05-18T09:00:00.000000000,117.65,151.56498
2026-05-18T10:00:00.000000000,117.55,149.52109
2026-05-18T11:00:00.000000000,115.41,147.39583
2026-05-18T12:00:00.000000000,119.47,144.21859
2026-05-18T13:00:00.000000000,129.07,138.29153
2026-05-18T14:00:00.000000000,114.09,126.30125
2026-05-18T15:00:00.000000000,86.75,113.70198
2026-05-18T16:00:00.000000000,91.85,97.27644
2026-05-18T17:00:00.000000000,97.75,76.90285
2026-05-18T18:00:00.000000000,102.89,61.87781
2026-05-18T19:00:00.000000000,108.23,63.17941
2026-05-18T20:00:00.000000000,119.64,65.59914
2026-05-18T21:00:00.000000000,124.64,75.1804
2026-05-18T22:00:00.000000000,126.29,88.03414
2026-05-18T23:00:00.000000000,129.95,103.83753
2026-05-19T00:00:00.000000000,131.34,117.12964
2026-05-19T01:00:00.000000000,145.56,130.9083
2026-05-19T02:00:00.000000000,185.88,136.21573
2026-05-19T03:00:00.000000000,206.09,148.18667
2026-05-19T04:00:00.000000000,213.83,156.89426
2026-05-19T05:00:00.000000000,203.42,161.97783
2026-05-19T06:00:00.000000000,197.82,161.28773
2026-05-19T07:00:00.000000000,185.41,151.34888
2026-05-19T08:00:00.000000000,185.41,145.98463
2026-05-19T09:00:00.000000000,117.65,145.44818
2026-05-19T10:00:00.000000000,117.55,142.52289
2026-05-19T11:00:00.000000000,115.41,139.65974
2026-05-19T12:00:00.000000000,119.47,135.60412
2026-05-19T13:00:00.000000000,129.07,129.43308
2026-05-19T14:00:00.000000000,114.09,117.82194
2026-05-19T15:00:00.000000000,86.75,106.34289
2026-05-19T16:00:00.000000000,91.85,91.7747
2026-05-19T17:00:00.000000000,97.75,72.89828
2026-05-19T18:00:00.000000000,102.89,58.35099
2026-05-19T19:00:00.000000000,108.23,59.43632
2026-05-19T20:00:00.000000000,119.64,60.59922
2026-05-19T21:00:00.000000000,124.64,68.52773
2026-05-19T22:00:00.000000000,126.29,80.57577
2026-05-19T23:00:00.000000000,129.95,95.47575
2026-05-20T00:00:00.000000000,131.34,116.73703
2026-05-20T01:00:00.000000000,145.56,130.0495
2026-05-20T02:00:00.000000000,185.88,134.91081
2026-05-20T03:00:00.000000000,206.09,146.70108
2026-05-20T04:00:00.000000000,213.83,155.28654
2026-05-20T05:00:00.000000000,203.42,160.08763
2026-05-20T06:00:00.000000000,197.82,159.03874
2026-05-20T07:00:00.000000000,185.41,148.60642
2026-05-20T08:00:00.000000000,183.38,142.92227
2026-05-20T09:00:00.000000000,186.15,142.34928
2026-05-20T10:00:00.000000000,177.14,139.33486
2026-05-20T11:00:00.000000000,161.12,136.40657
2026-05-20T12:00:00.000000000,158.14,132.24137
2026-05-20T13:00:00.000000000,163.96,126.07099
2026-05-20T14:00:00.000000000,159.89,114.30957
2026-05-20T15:00:00.000000000,138.29,102.86757
2026-05-20T16:00:00.000000000,115.85,88.49662
2026-05-20T17:00:00.000000000,114.97,69.87542
2026-05-20T18:00:00.000000000,119.88,55.71857
2026-05-20T19:00:00.000000000,117.3,57.24321
2026-05-20T20:00:00.000000000,127.14,58.8088
2026-05-20T21:00:00.000000000,128.54,67.10724
2026-05-20T22:00:00.000000000,136.08,79.6742
2026-05-20T23:00:00.000000000,136.76,94.8952
2026-05-15T00:00:00.000000000,169.94,155.169
2026-05-15T01:00:00.000000000,168.57,161.53492
2026-05-15T02:00:00.000000000,180.73,161.94153
2026-05-15T03:00:00.000000000,183.17,166.81704
2026-05-15T04:00:00.000000000,176.7,168.48694
2026-05-15T05:00:00.000000000,171.5,168.48168
2026-05-15T06:00:00.000000000,168.05,165.36631
2026-05-15T07:00:00.000000000,152.78,156.73536
2026-05-15T08:00:00.000000000,155.37,151.42613
2026-05-15T09:00:00.000000000,146.1,148.38567
2026-05-15T10:00:00.000000000,141.72,145.60334
2026-05-15T11:00:00.000000000,134.29,144.8266
2026-05-15T12:00:00.000000000,134.73,143.48264
2026-05-15T13:00:00.000000000,134.62,141.00375
2026-05-15T14:00:00.000000000,126.49,134.7078
2026-05-15T15:00:00.000000000,120.03,128.35378
2026-05-15T16:00:00.000000000,117.69,120.45885
2026-05-15T17:00:00.000000000,124.71,109.52085
2026-05-15T18:00:00.000000000,138.32,104.41558
2026-05-15T19:00:00.000000000,130.95,108.15557
2026-05-15T20:00:00.000000000,130.17,111.76906
2026-05-15T21:00:00.000000000,135.68,119.35094
2026-05-15T22:00:00.000000000,153.32,128.98552
2026-05-15T23:00:00.000000000,157.03,139.20433
2026-05-16T00:00:00.000000000,165.71,127.96879
2026-05-16T01:00:00.000000000,166.49,138.44245
2026-05-16T02:00:00.000000000,188.95,142.27452
2026-05-16T03:00:00.000000000,176.65,152.19813
2026-05-16T04:00:00.000000000,171.24,158.90002
2026-05-16T05:00:00.000000000,144.01,162.81346
2026-05-16T06:00:00.000000000,150.79,161.56237
2026-05-16T07:00:00.000000000,157.05,152.23116
2026-05-16T08:00:00.000000000,165.51,146.00606
2026-05-16T09:00:00.000000000,160.09,144.04019
2026-05-16T10:00:00.000000000,157.21,140.93673
2026-05-16T11:00:00.000000000,151.29,139.78083
2026-05-16T12:00:00.000000000,151.36,138.08016
2026-05-16T13:00:00.000000000,147.59,134.9916
2026-05-16T14:00:00.000000000,133.99,127.17217
2026-05-16T15:00:00.000000000,112.9,118.94421
2026-05-16T16:00:00.000000000,110.77,108.68848
2026-05-16T17:00:00.000000000,119.28,94.10025
2026-05-16T18:00:00.000000000,132.26,83.41378
2026-05-16T19:00:00.000000000,131.21,84.37593
2026-05-16T20:00:00.000000000,140.84,84.30072
2026-05-16T21:00:00.000000000,133.39,89.42323
2026-05-16T22:00:00.000000000,130.44,98.59655
2026-05-16T23:00:00.000000000,131.72,109.97766
2026-05-17T00:00:00.000000000,134.65,125.09044
2026-05-17T01:00:00.000000000,133.12,139.34607
2026-05-17T02:00:00.000000000,171.55,145.39863
2026-05-17T03:00:00.000000000,195.9,156.55958
2026-05-17T04:00:00.000000000,195.59,164.00507
2026-05-17T05:00:00.000000000,195.48,168.01311
2026-05-17T06:00:00.000000000,164.67,166.86936
2026-05-17T07:00:00.000000000,136.97,157.55709
2026-05-17T08:00:00.000000000,136.19,152.3828
2026-05-17T09:00:00.000000000,127.03,151.3071
2026-05-17T10:00:00.000000000,124.94,148.72024
2026-05-17T11:00:00.000000000,122.79,146.92222
2026-05-17T12:00:00.000000000,122.58,144.51951
2026-05-17T13:00:00.000000000,122.28,140.03673
2026-05-17T14:00:00.000000000,112.36,130.24785
2026-05-17T15:00:00.000000000,108.03,119.70573
2026-05-17T16:00:00.000000000,111.07,105.45583
2026-05-17T17:00:00.000000000,110.17,86.50954
2026-05-17T18:00:00.000000000,110.89,72.15915
2026-05-17T19:00:00.000000000,112.84,72.48142
2026-05-17T20:00:00.000000000,112.54,73.00541
2026-05-17T21:00:00.000000000,109.86,80.05179
2026-05-17T22:00:00.000000000,110.42,90.67094
2026-05-17T23:00:00.000000000,116.84,104.4354
2026-05-18T00:00:00.000000000,120.33,126.01314
2026-05-18T01:00:00.000000000,131.16,140.57281
2026-05-18T02:00:00.000000000,174.59,145.93853
2026-05-18T03:00:00.000000000,187.74,156.75106
2026-05-18T04:00:00.000000000,187.78,164.08222
2026-05-18T05:00:00.000000000,167.56,167.78075
2026-05-18T06:00:00.000000000,159.02,166.54181
2026-05-18T07:00:00.000000000,144.14,156.90419
2026-05-18T08:00:00.000000000,146.53,152.36229
2026-05-18T09:00:00.000000000,117.65,151.84156
2026-05-18T10:00:00.000000000,117.55,149.79808
2026-05-18T11:00:00.000000000,115.41,147.83815
2026-05-18T12:00:00.000000000,119.47,144.92726
2026-05-18T13:00:00.000000000,129.07,139.28597
2026-05-18T14:00:00.000000000,114.09,127.56001
2026-05-18T15:00:00.000000000,86.75,115.08415
2026-05-18T16:00:00.000000000,91.85,98.74357
2026-05-18T17:00:00.000000000,97.75,78.37671
2026-05-18T18:00:00.000000000,102.89,63.23793
2026-05-18T19:00:00.000000000,108.23,64.27588
2026-05-18T20:00:00.000000000,119.64,66.35042
2026-05-18T21:00:00.000000000,124.64,75.55919
2026-05-18T22:00:00.000000000,126.29,88.10113
2026-05-18T23:00:00.000000000,129.95,103.65901
2026-05-19T00:00:00.000000000,131.34,116.88722
2026-05-19T01:00:00.000000000,145.56,130.73764
2026-05-19T02:00:00.000000000,185.88,136.1497
2026-05-19T03:00:00.000000000,206.09,148.20347
2026-05-19T04:00:00.000000000,213.83,156.98877
2026-05-19T05:00:00.000000000,203.42,162.1657
2026-05-19T06:00:00.000000000,197.82,161.54423
2026-05-19T07:00:00.000000000,185.41,151.6691
2026-05-19T08:00:00.000000000,185.41,146.31292
2026-05-19T09:00:00.000000000,117.65,145.77701
2026-05-19T10:00:00.000000000,117.55,142.84505
2026-05-19T11:00:00.000000000,115.41,139.99054
2026-05-19T12:00:00.000000000,119.47,135.9511
2026-05-19T13:00:00.000000000,129.07,129.80425
2026-05-19T14:00:00.000000000,114.09,118.25603
2026-05-19T15:00:00.000000000,86.75,106.81957
2026-05-19T16:00:00.000000000,91.85,92.28058
2026-05-19T17:00:00.000000000,97.75,73.39048
2026-05-19T18:00:00.000000000,102.89,58.77849
2026-05-19T19:00:00.000000000,108.23,59.76446
2026-05-19T20:00:00.000000000,119.64,60.79464
2026-05-19T21:00:00.000000000,124.64,68.58537
2026-05-19T22:00:00.000000000,126.29,80.50649
2026-05-19T23:00:00.000000000,129.95,95.3164
2026-05-20T00:00:00.000000000,131.34,116.73785
2026-05-20T01:00:00.000000000,145.56,130.08182
2026-05-20T02:00:00.000000000,185.88,134.96672
2026-05-20T03:00:00.000000000,206.09,146.76745
2026-05-20T04:00:00.000000000,213.83,155.36104
2026-05-20T05:00:00.000000000,203.42,160.17306
2026-05-20T06:00:00.000000000,197.82,159.139
2026-05-20T07:00:00.000000000,185.41,148.7268
2026-05-20T08:00:00.000000000,183.38,143.06074
2026-05-20T09:00:00.000000000,186.15,142.49536
2026-05-20T10:00:00.000000000,177.14,139.49216
2026-05-20T11:00:00.000000000,161.12,136.57333
2026-05-20T12:00:00.000000000,158.14,132.41977
2026-05-20T13:00:00.000000000,163.96,126.2511
2026-05-20T14:00:00.000000000,159.89,114.4897
2026-05-20T15:00:00.000000000,138.29,103.0335
2026-05-20T16:00:00.000000000,115.85,88.63588
2026-05-20T17:00:00.000000000,114.97,69.98435
2026-05-20T18:00:00.000000000,119.88,55.79352
2026-05-20T19:00:00.000000000,117.3,57.29407
2026-05-20T20:00:00.000000000,127.14,58.84097
2026-05-20T21:00:00.000000000,128.54,67.12878
2026-05-20T22:00:00.000000000,136.08,79.67942
2026-05-20T23:00:00.000000000,136.76,94.89633
2026-05-21T00:00:00.000000000,149.52,116.67934
2026-05-21T01:00:00.000000000,189.4,129.7637
2026-05-21T02:00:00.000000000,220.72,134.50582
2026-05-21T03:00:00.000000000,212.01,146.23304
2026-05-21T04:00:00.000000000,205.06,154.75489
2026-05-21T05:00:00.000000000,195.0,159.46453
2026-05-21T06:00:00.000000000,187.97,158.29771
2026-05-21T07:00:00.000000000,192.2,147.7372
2026-05-21T08:00:00.000000000,187.72,141.89769
2026-05-21T09:00:00.000000000,183.26,141.26467
2026-05-21T10:00:00.000000000,170.64,138.18328
2026-05-21T11:00:00.000000000,160.69,135.27751
2026-05-21T12:00:00.000000000,171.99,131.16118
2026-05-21T13:00:00.000000000,187.14,125.14308
2026-05-21T14:00:00.000000000,168.51,113.53774
2026-05-21T15:00:00.000000000,126.93,102.30066
2026-05-21T16:00:00.000000000,110.47,88.19883
2026-05-21T17:00:00.000000000,111.87,69.8123
2026-05-21T18:00:00.000000000,112.57,55.88934
2026-05-21T19:00:00.000000000,120.29,57.49559
2026-05-21T20:00:00.000000000,131.41,59.05933
2026-05-21T21:00:00.000000000,146.23,67.27911
2026-05-21T22:00:00.000000000,151.35,79.83577
2026-05-21T23:00:00.000000000,154.77,94.97263
2026-05-16T00:00:00.000000000,165.71,145.59257
2026-05-16T01:00:00.000000000,166.49,152.28339
2026-05-16T02:00:00.000000000,188.95,153.51716
2026-05-16T03:00:00.000000000,176.65,160.07179
2026-05-16T04:00:00.000000000,171.24,163.51102
2026-05-16T05:00:00.000000000,144.01,164.88729
2026-05-16T06:00:00.000000000,150.79,162.18659
2026-05-16T07:00:00.000000000,157.05,152.92902
2026-05-16T08:00:00.000000000,165.51,146.50447
2026-05-16T09:00:00.000000000,160.09,143.28548
2026-05-16T10:00:00.000000000,157.21,140.0129
2026-05-16T11:00:00.000000000,151.29,139.23452
2026-05-16T12:00:00.000000000,151.36,138.01972
2026-05-16T13:00:00.000000000,147.59,135.99554
2026-05-16T14:00:00.000000000,133.99,130.05354
2026-05-16T15:00:00.000000000,112.9,124.06649
2026-05-16T16:00:00.000000000,110.77,116.90136
2026-05-16T17:00:00.000000000,119.28,106.14552
2026-05-16T18:00:00.000000000,132.26,100.29558
2026-05-16T19:00:00.000000000,131.21,103.25986
2026-05-16T20:00:00.000000000,140.84,105.29019
2026-05-16T21:00:00.000000000,133.39,111.15916
2026-05-16T22:00:00.000000000,130.44,120.05893
2026-05-16T23:00:00.000000000,131.72,129.81736
2026-05-17T00:00:00.000000000,134.65,130.29027
2026-05-17T01:00:00.000000000,133.12,143.50564
2026-05-17T02:00:00.000000000,171.55,149.34005
2026-05-17T03:00:00.000000000,195.9,159.70467
2026-05-17T04:00:00.000000000,195.59,166.19274
2026-05-17T05:00:00.000000000,195.48,169.63229
2026-05-17T06:00:00.000000000,164.67,168.2273
2026-05-17T07:00:00.000000000,136.97,159.37208
2026-05-17T08:00:00.000000000,136.19,153.97315
2026-05-17T09:00:00.000000000,127.03,152.17955
2026-05-17T10:00:00.000000000,124.94,149.32853
2026-05-17T11:00:00.000000000,122.79,147.90503
2026-05-17T12:00:00.000000000,122.58,146.20584
2026-05-17T13:00:00.000000000,122.28,142.80741
2026-05-17T14:00:00.000000000,112.36,134.76413
2026-05-17T15:00:00.000000000,108.03,125.83023
2026-05-17T16:00:00.000000000,111.07,113.47671
2026-05-17T17:00:00.000000000,110.17,96.31498
2026-05-17T18:00:00.000000000,110.89,83.60623
2026-05-17T19:00:00.000000000,112.84,83.90098
2026-05-17T20:00:00.000000000,112.54,83.96422
2026-05-17T21:00:00.000000000,109.86,89.8295
2026-05-17T22:00:00.000000000,110.42,99.00042
2026-05-17T23:00:00.000000000,116.84,111.1437
2026-05-18T00:00:00.000000000,120.33,127.39858
2026-05-18T01:00:00.000000000,131.16,141.87849
2026-05-18T02:00:00.000000000,174.59,147.46228
2026-05-18T03:00:00.000000000,187.74,158.19673
2026-05-18T04:00:00.000000000,187.78,165.34115
2026-05-18T05:00:00.000000000,167.56,168.99772
2026-05-18T06:00:00.000000000,159.02,167.80268
2026-05-18T07:00:00.000000000,144.14,158.42458
2026-05-18T08:00:00.000000000,146.53,153.7763
2026-05-18T09:00:00.000000000,117.65,152.97577
2026-05-18T10:00:00.000000000,117.55,150.88485
2026-05-18T11:00:00.000000000,115.41,149.26043
2026-05-18T12:00:00.000000000,119.47,146.90955
2026-05-18T13:00:00.000000000,129.07,141.94807
2026-05-18T14:00:00.000000000,114.09,131.0631
2026-05-18T15:00:00.000000000,86.75,119.18446
2026-05-18T16:00:00.000000000,91.85,103.41512
2026-05-18T17:00:00.000000000,97.75,83.46563
2026-05-18T18:00:00.000000000,102.89,68.57649
2026-05-18T19:00:00.000000000,108.23,69.21964
2026-05-18T20:00:00.000000000,119.64,70.70955
2026-05-18T21:00:00.000000000,124.64,79.12129
2026-05-18T22:00:00.000000000,126.29,90.84001
2026-05-18T23:00:00.000000000,129.95,105.64634
2026-05-19T00:00:00.000000000,131.34,117.14045
2026-05-19T01:00:00.000000000,145.56,131.09778
2026-05-19T02:00:00.000000000,185.88,136.7819
2026-05-19T03:00:00.000000000,206.09,148.9421
2026-05-19T04:00:00.000000000,213.83,157.80878
2026-05-19T05:00:00.000000000,203.42,163.15603
2026-05-19T06:00:00.000000000,197.82,162.67539
2026-05-19T07:00:00.000000000,185.41,153.02421
2026-05-19T08:00:00.000000000,185.41,147.68484
2026-05-19T09:00:00.000000000,117.65,147.06283
2026-05-19T10:00:00.000000000,117.55,144.08655
2026-05-19T11:00:00.000000000,115.41,141.23704
2026-05-19T12:00:00.000000000,119.47,137.2219
2026-05-19T13:00:00.000000000,129.07,131.15118
2026-05-19T14:00:00.000000000,114.09,119.90336
2026-05-19T15:00:00.000000000,86.75,108.73816
2026-05-19T16:00:00.000000000,91.85,94.45886
2026-05-19T17:00:00.000000000,97.75,75.70883
2026-05-19T18:00:00.000000000,102.89,61.12657
2026-05-19T19:00:00.000000000,108.23,61.8967
2026-05-19T20:00:00.000000000,119.64,62.61815
2026-05-19T21:00:00.000000000,124.64,70.01345
2026-05-19T22:00:00.000000000,126.29,81.49021
2026-05-19T23:00:00.000000000,129.95,95.93257
2026-05-20T00:00:00.000000000,131.34,117.11834
2026-05-20T01:00:00.000000000,145.56,130.50712
2026-05-20T02:00:00.000000000,185.88,135.45103
2026-05-20T03:00:00.000000000,206.09,147.23041
2026-05-20T04:00:00.000000000,213.83,155.79073
2026-05-20T05:00:00.000000000,203.42,160.59954
2026-05-20T06:00:00.000000000,197.82,159.59267
2026-05-20T07:00:00.000000000,185.41,149.26262
2026-05-20T08:00:00.000000000,183.38,143.63881
2026-05-20T09:00:00.000000000,186.15,143.05298
2026-05-20T10:00:00.000000000,177.14,140.07605
2026-05-20T11:00:00.000000000,161.12,137.20717
2026-05-20T12:00:00.000000000,158.14,133.12145
2026-05-20T13:00:00.000000000,163.96,127.00461
2026-05-20T14:00:00.000000000,159.89,115.32571
2026-05-20T15:00:00.000000000,138.29,103.90284
2026-05-20T16:00:00.000000000,115.85,89.51399
2026-05-20T17:00:00.000000000,114.97,70.85752
2026-05-20T18:00:00.000000000,119.88,56.6528
2026-05-20T19:00:00.000000000,117.3,58.08361
2026-05-20T20:00:00.000000000,127.14,59.56614
2026-05-20T21:00:00.000000000,128.54,67.77964
2026-05-20T22:00:00.000000000,136.08,80.21666
2026-05-20T23:00:00.000000000,136.76,95.34778
2026-05-21T00:00:00.000000000,149.52,116.82549
2026-05-21T01:00:00.000000000,189.4,129.93874
2026-05-21T02:00:00.000000000,220.72,134.71379
2026-05-21T03:00:00.000000000,212.01,146.43556
2026-05-21T04:00:00.000000000,205.06,154.94266
2026-05-21T05:00:00.000000000,195.0,159.64851
2026-05-21T06:00:00.000000000,187.97,158.4889
2026-05-21T07:00:00.000000000,192.2,147.95836
2026-05-21T08:00:00.000000000,187.72,142.13105
2026-05-21T09:00:00.000000000,183.26,141.48594
2026-05-21T10:00:00.000000000,170.64,138.40821
2026-05-21T11:00:00.000000000,160.69,135.51392
2026-05-21T12:00:00.000000000,171.99,131.41675
2026-05-21T13:00:00.000000000,187.14,125.41449
2026-05-21T14:00:00.000000000,168.51,113.84309
2026-05-21T15:00:00.000000000,126.93,102.62511
2026-05-21T16:00:00.000000000,110.47,88.52861
2026-05-21T17:00:00.000000000,111.87,70.13766
2026-05-21T18:00:00.000000000,112.57,56.20768
2026-05-21T19:00:00.000000000,120.29,57.78691
2026-05-21T20:00:00.000000000,131.41,59.32561
2026-05-21T21:00:00.000000000,146.23,67.51773
2026-05-21T22:00:00.000000000,151.35,80.02979
2026-05-21T23:00:00.000000000,154.77,95.13693
2026-05-22T00:00:00.000000000,154.26,118.39063
2026-05-22T01:00:00.000000000,168.02,131.35661
2026-05-22T02:00:00.000000000,210.07,136.13102
2026-05-22T03:00:00.000000000,197.2,147.64054
2026-05-22T04:00:00.000000000,194.83,155.87782
2026-05-22T05:00:00.000000000,187.21,160.32041
2026-05-22T06:00:00.000000000,185.14,158.98214
2026-05-22T07:00:00.000000000,179.9,148.38042
2026-05-22T08:00:00.000000000,171.93,142.29478
2026-05-22T09:00:00.000000000,162.52,141.33577
2026-05-22T10:00:00.000000000,157.7,138.2808
2026-05-22T11:00:00.000000000,159.67,135.81171
2026-05-22T12:00:00.000000000,164.26,132.35279
2026-05-22T13:00:00.000000000,159.09,127.0403
2026-05-22T14:00:00.000000000,142.69,116.09388
2026-05-22T15:00:00.000000000,113.43,105.2459
2026-05-22T16:00:00.000000000,105.01,91.48845
2026-05-22T17:00:00.000000000,120.01,73.3534
2026-05-22T18:00:00.000000000,126.68,59.64438
2026-05-22T19:00:00.000000000,127.16,61.00056
2026-05-22T20:00:00.000000000,129.1,62.24705
2026-05-22T21:00:00.000000000,143.15,70.03293
2026-05-22T22:00:00.000000000,156.49,82.16472
2026-05-22T23:00:00.000000000,167.37,96.9114
2026-05-17T00:00:00.000000000,134.65,137.21011
2026-05-17T01:00:00.000000000,133.12,148.67929
2026-05-17T02:00:00.000000000,171.55,153.29487
2026-05-17T03:00:00.000000000,195.9,162.29097
2026-05-17T04:00:00.000000000,195.59,167.70271
2026-05-17T05:00:00.000000000,195.48,170.92896
2026-05-17T06:00:00.000000000,164.67,169.97412
2026-05-17T07:00:00.000000000,136.97,162.71371
2026-05-17T08:00:00.000000000,136.19,158.87926
2026-05-17T09:00:00.000000000,127.03,157.75428
2026-05-17T10:00:00.000000000,124.94,155.29451
2026-05-17T11:00:00.000000000,122.79,153.58173
2026-05-17T12:00:00.000000000,122.58,151.08642
2026-05-17T13:00:00.000000000,122.28,146.91071
2026-05-17T14:00:00.000000000,112.36,138.93023
2026-05-17T15:00:00.000000000,108.03,130.44247
2026-05-17T16:00:00.000000000,111.07,119.08676
2026-05-17T17:00:00.000000000,110.17,103.47765
2026-05-17T18:00:00.000000000,110.89,92.64816
2026-05-17T19:00:00.000000000,112.84,93.83167
2026-05-17T20:00:00.000000000,112.54,94.75684
2026-05-17T21:00:00.000000000,109.86,100.90452
2026-05-17T22:00:00.000000000,110.42,109.54405
2026-05-17T23:00:00.000000000,116.84,120.51866
2026-05-18T00:00:00.000000000,120.33,131.60486
2026-05-18T01:00:00.000000000,131.16,145.56133
2026-05-18T02:00:00.000000000,174.59,150.82641
2026-05-18T03:00:00.000000000,187.74,160.91363
2026-05-18T04:00:00.000000000,187.78,167.42248
2026-05-18T05:00:00.000000000,167.56,170.76292
2026-05-18T06:00:00.000000000,159.02,169.55995
2026-05-18T07:00:00.000000000,144.14,160.65549
2026-05-18T08:00:00.000000000,146.53,156.31748
2026-05-18T09:00:00.000000000,117.65,155.3983
2026-05-18T10:00:00.000000000,117.55,153.41227
2026-05-18T11:00:00.000000000,115.41,151.91644
2026-05-18T12:00:00.000000000,119.47,149.67266
2026-05-18T13:00:00.000000000,129.07,144.81706
2026-05-18T14:00:00.000000000,114.09,134.33587
2026-05-18T15:00:00.000000000,86.75,122.82176
2026-05-18T16:00:00.000000000,91.85,107.53522
2026-05-18T17:00:00.000000000,97.75,88.22563
2026-05-18T18:00:00.000000000,102.89,74.11382
2026-05-18T19:00:00.000000000,108.23,74.92469
2026-05-18T20:00:00.000000000,119.64,76.60529
2026-05-18T21:00:00.000000000,124.64,84.96679
2026-05-18T22:00:00.000000000,126.29,96.29204
2026-05-18T23:00:00.000000000,129.95,110.56259
2026-05-19T00:00:00.000000000,131.34,118.58961
2026-05-19T01:00:00.000000000,145.56,132.66167
2026-05-19T02:00:00.000000000,185.88,138.66425
2026-05-19T03:00:00.000000000,206.09,150.79604
2026-05-19T04:00:00.000000000,213.83,159.58971
2026-05-19T05:00:00.000000000,203.42,165.00956
2026-05-19T06:00:00.000000000,197.82,164.61846
2026-05-19T07:00:00.000000000,185.41,155.30314
2026-05-19T08:00:00.000000000,185.41,150.09974
2026-05-19T09:00:00.000000000,117.65,149.36818
2026-05-19T10:00:00.000000000,117.55,146.30671
2026-05-19T11:00:00.000000000,115.41,143.23251
2026-05-19T12:00:00.000000000,119.47,138.92159
2026-05-19T13:00:00.000000000,129.07,132.62821
2026-05-19T14:00:00.000000000,114.09,121.63532
2026-05-19T15:00:00.000000000,86.75,110.84413
2026-05-19T16:00:00.000000000,91.85,96.92988
2026-05-19T17:00:00.000000000,97.75,78.43003
2026-05-19T18:00:00.000000000,102.89,64.09577
2026-05-19T19:00:00.000000000,108.23,64.84966
2026-05-19T20:00:00.000000000,119.64,65.52782
2026-05-19T21:00:00.000000000,124.64,72.73578
2026-05-19T22:00:00.000000000,126.29,83.78545
2026-05-19T23:00:00.000000000,129.95,97.85529
2026-05-20T00:00:00.000000000,131.34,118.26255
2026-05-20T01:00:00.000000000,145.56,131.71895
2026-05-20T02:00:00.000000000,185.88,136.75436
2026-05-20T03:00:00.000000000,206.09,148.43042
2026-05-20T04:00:00.000000000,213.83,156.86003
2026-05-20T05:00:00.000000000,203.42,161.58675
2026-05-20T06:00:00.000000000,197.82,160.56172
2026-05-20T07:00:00.000000000,185.41,150.35107
2026-05-20T08:00:00.000000000,183.38,144.81397
2026-05-20T09:00:00.000000000,186.15,144.16671
2026-05-20T10:00:00.000000000,177.14,141.2065
2026-05-20T11:00:00.000000000,161.12,138.3068
2026-05-20T12:00:00.000000000,158.14,134.18266
2026-05-20T13:00:00.000000000,163.96,128.01129
2026-05-20T14:00:00.000000000,159.89,116.41435
2026-05-20T15:00:00.000000000,138.29,105.0671
2026-05-20T16:00:00.000000000,115.85,90.70943
2026-05-20T17:00:00.000000000,114.97,72.07473
2026-05-20T18:00:00.000000000,119.88,57.94849
2026-05-20T19:00:00.000000000,117.3,59.3913
2026-05-20T20:00:00.000000000,127.14,60.94524
2026-05-20T21:00:00.000000000,128.54,69.19847
2026-05-20T22:00:00.000000000,136.08,81.53162
2026-05-20T23:00:00.000000000,136.76,96.58119
2026-05-21T00:00:00.000000000,149.52,117.30785
2026-05-21T01:00:00.000000000,189.4,130.43487
2026-05-21T02:00:00.000000000,220.72,135.2357
2026-05-21T03:00:00.000000000,212.01,146.90317
2026-05-21T04:00:00.000000000,205.06,155.33956
2026-05-21T05:00:00.000000000,195.0,159.99644
2026-05-21T06:00:00.000000000,187.97,158.81901
2026-05-21T07:00:00.000000000,192.2,148.33098
2026-05-21T08:00:00.000000000,187.72,142.52579
2026-05-21T09:00:00.000000000,183.26,141.84823
2026-05-21T10:00:00.000000000,170.64,138.77105
2026-05-21T11:00:00.000000000,160.69,135.87639
2026-05-21T12:00:00.000000000,171.99,131.7838
2026-05-21T13:00:00.000000000,187.14,125.78549
2026-05-21T14:00:00.000000000,168.51,114.26762
2026-05-21T15:00:00.000000000,126.93,103.09807
2026-05-21T16:00:00.000000000,110.47,89.03533
2026-05-21T17:00:00.000000000,111.87,70.67262
2026-05-21T18:00:00.000000000,112.57,56.79089
2026-05-21T19:00:00.000000000,120.29,58.37348
2026-05-21T20:00:00.000000000,131.41,59.9301
2026-05-21T21:00:00.000000000,146.23,68.1235
2026-05-21T22:00:00.000000000,151.35,80.58604
2026-05-21T23:00:00.000000000,154.77,95.65213
2026-05-22T00:00:00.000000000,154.26,118.584
2026-05-22T01:00:00.000000000,168.02,131.55053
2026-05-22T02:00:00.000000000,210.07,136.33457
2026-05-22T03:00:00.000000000,197.2,147.82205
2026-05-22T04:00:00.000000000,194.83,156.03038
2026-05-22T05:00:00.000000000,187.21,160.45333
2026-05-22T06:00:00.000000000,185.14,159.10767
2026-05-22T07:00:00.000000000,179.9,148.52258
2026-05-22T08:00:00.000000000,171.93,142.44098
2026-05-22T09:00:00.000000000,162.52,141.46511
2026-05-22T10:00:00.000000000,157.7,138.40953
2026-05-22T11:00:00.000000000,159.67,135.94684
2026-05-22T12:00:00.000000000,164.26,132.49979
2026-05-22T13:00:00.000000000,159.09,127.20088
2026-05-22T14:00:00.000000000,142.69,116.28673
2026-05-22T15:00:00.000000000,113.43,105.46539
2026-05-22T16:00:00.000000000,105.01,91.73048
2026-05-22T17:00:00.000000000,120.01,73.61421
2026-05-22T18:00:00.000000000,126.68,59.92851
2026-05-22T19:00:00.000000000,127.16,61.2813
2026-05-22T20:00:00.000000000,129.1,62.52616
2026-05-22T21:00:00.000000000,143.15,70.30065
2026-05-22T22:00:00.000000000,156.49,82.40361
2026-05-22T23:00:00.000000000,167.37,97.12482
2026-05-23T00:00:00.000000000,171.27,119.43875
2026-05-23T01:00:00.000000000,180.01,132.24887
2026-05-23T02:00:00.000000000,218.83,136.71511
2026-05-23T03:00:00.000000000,218.65,147.93932
2026-05-23T04:00:00.000000000,204.39,155.93488
2026-05-23T05:00:00.000000000,188.65,160.16526
2026-05-23T06:00:00.000000000,190.41,158.69072
2026-05-23T07:00:00.000000000,181.88,148.07287
2026-05-23T08:00:00.000000000,181.88,142.25615
2026-05-23T09:00:00.000000000,162.52,141.48357
2026-05-23T10:00:00.000000000,157.7,138.38967
2026-05-23T11:00:00.000000000,159.67,135.37563
2026-05-23T12:00:00.000000000,164.26,131.0955
2026-05-23T13:00:00.000000000,159.09,124.93128
2026-05-23T14:00:00.000000000,142.69,113.33663
2026-05-23T15:00:00.000000000,113.43,102.25162
2026-05-23T16:00:00.000000000,105.01,88.33661
2026-05-23T17:00:00.000000000,120.01,70.23678
2026-05-23T18:00:00.000000000,126.68,56.85207
2026-05-23T19:00:00.000000000,127.16,58.8698
2026-05-23T20:00:00.000000000,129.1,60.98608
2026-05-23T21:00:00.000000000,143.15,69.67229
2026-05-23T22:00:00.000000000,156.49,82.46143
2026-05-23T23:00:00.000000000,167.37,97.70569
2026-05-18T00:00:00.000000000,120.33,130.61945
2026-05-18T01:00:00.000000000,131.16,144.75875
2026-05-18T02:00:00.000000000,174.59,151.66093
2026-05-18T03:00:00.000000000,187.74,162.2332
2026-05-18T04:00:00.000000000,187.78,168.22496
2026-05-18T05:00:00.000000000,167.56,170.01095
2026-05-18T06:00:00.000000000,159.02,166.67857
2026-05-18T07:00:00.000000000,144.14,155.61504
2026-05-18T08:00:00.000000000,146.53,148.04063
2026-05-18T09:00:00.000000000,117.65,144.55981
2026-05-18T10:00:00.000000000,117.55,141.0347
2026-05-18T11:00:00.000000000,115.41,140.2061
2026-05-18T12:00:00.000000000,119.47,140.23828
2026-05-18T13:00:00.000000000,129.07,139.01883
2026-05-18T14:00:00.000000000,114.09,132.53406
2026-05-18T15:00:00.000000000,86.75,124.50924
2026-05-18T16:00:00.000000000,91.85,112.50787
2026-05-18T17:00:00.000000000,97.75,94.98032
2026-05-18T18:00:00.000000000,102.89,82.06604
2026-05-18T19:00:00.000000000,108.23,82.29215
2026-05-18T20:00:00.000000000,119.64,82.35633
2026-05-18T21:00:00.000000000,124.64,87.95313
2026-05-18T22:00:00.000000000,126.29,97.17223
2026-05-18T23:00:00.000000000,129.95,109.68896
2026-05-19T00:00:00.000000000,131.34,118.45331
2026-05-19T01:00:00.000000000,145.56,131.52432
2026-05-19T02:00:00.000000000,185.88,136.94153
2026-05-19T03:00:00.000000000,206.09,148.852
2026-05-19T04:00:00.000000000,213.83,157.45444
2026-05-19T05:00:00.000000000,203.42,162.61848
2026-05-19T06:00:00.000000000,197.82,161.96343
2026-05-19T07:00:00.000000000,185.41,152.09395
2026-05-19T08:00:00.000000000,185.41,145.84053
2026-05-19T09:00:00.000000000,117.65,144.42688
2026-05-19T10:00:00.000000000,117.55,141.37541
2026-05-19T11:00:00.000000000,115.41,139.75324
2026-05-19T12:00:00.000000000,119.47,137.54175
2026-05-19T13:00:00.000000000,129.07,133.5123
2026-05-19T14:00:00.000000000,114.09,124.008
2026-05-19T15:00:00.000000000,86.75,113.9263
2026-05-19T16:00:00.000000000,91.85,101.01277
2026-05-19T17:00:00.000000000,97.75,83.46525
2026-05-19T18:00:00.000000000,102.89,69.62836
2026-05-19T19:00:00.000000000,108.23,69.67831
2026-05-19T20:00:00.000000000,119.64,69.12301
2026-05-19T21:00:00.000000000,124.64,74.79281
2026-05-19T22:00:00.000000000,126.29,84.99105
2026-05-19T23:00:00.000000000,129.95,98.11328
2026-05-20T00:00:00.000000000,131.34,116.16932
2026-05-20T01:00:00.000000000,145.56,129.52053
2026-05-20T02:00:00.000000000,185.88,134.79163
2026-05-20T03:00:00.000000000,206.09,146.8708
2026-05-20T04:00:00.000000000,213.83,155.69622
2026-05-20T05:00:00.000000000,203.42,160.85971
2026-05-20T06:00:00.000000000,197.82,160.06692
2026-05-20T07:00:00.000000000,185.41,149.86388
2026-05-20T08:00:00.000000000,183.38,143.87973
2026-05-20T09:00:00.000000000,186.15,143.00045
2026-05-20T10:00:00.000000000,177.14,139.88098
2026-05-20T11:00:00.000000000,161.12,137.36624
2026-05-20T12:00:00.000000000,158.14,133.85054
2026-05-20T13:00:00.000000000,163.96,128.47063
2026-05-20T14:00:00.000000000,159.89,117.62565
2026-05-20T15:00:00.000000000,138.29,106.81183
2026-05-20T16:00:00.000000000,115.85,93.10472
2026-05-20T17:00:00.000000000,114.97,74.88793
2026-05-20T18:00:00.000000000,119.88,60.73721
2026-05-20T19:00:00.000000000,117.3,61.56572
2026-05-20T20:00:00.000000000,127.14,62.07844
2026-05-20T21:00:00.000000000,128.54,69.13428
2026-05-20T22:00:00.000000000,136.08,80.65001
2026-05-20T23:00:00.000000000,136.76,94.98469
2026-05-21T00:00:00.000000000,149.52,116.35623
2026-05-21T01:00:00.000000000,189.4,129.55493
2026-05-21T02:00:00.000000000,220.72,134.51415
2026-05-21T03:00:00.000000000,212.01,146.39088
2026-05-21T04:00:00.000000000,205.06,155.03882
2026-05-21T05:00:00.000000000,195.0,159.91786
2026-05-21T06:00:00.000000000,187.97,158.8869
2026-05-21T07:00:00.000000000,192.2,148.45576
2026-05-21T08:00:00.000000000,187.72,142.56066
2026-05-21T09:00:00.000000000,183.26,141.85081
2026-05-21T10:00:00.000000000,170.64,138.76381
2026-05-21T11:00:00.000000000,160.69,136.02604
2026-05-21T12:00:00.000000000,171.99,132.16692
2026-05-21T13:00:00.000000000,187.14,126.4275
2026-05-21T14:00:00.000000000,168.51,115.13086
2026-05-21T15:00:00.000000000,126.93,104.06121
2026-05-21T16:00:00.000000000,110.47,90.10053
2026-05-21T17:00:00.000000000,111.87,71.75114
2026-05-21T18:00:00.000000000,112.57,57.71152
2026-05-21T19:00:00.000000000,120.29,59.00083
2026-05-21T20:00:00.000000000,131.41,60.13697
2026-05-21T21:00:00.000000000,146.23,67.89173
2026-05-21T22:00:00.000000000,151.35,80.04294
2026-05-21T23:00:00.000000000,154.77,94.86914
2026-05-22T00:00:00.000000000,154.26,118.19211
2026-05-22T01:00:00.000000000,168.02,131.24125
2026-05-22T02:00:00.000000000,210.07,136.11268
2026-05-22T03:00:00.000000000,197.2,147.69156
2026-05-22T04:00:00.000000000,194.83,155.98495
2026-05-22T05:00:00.000000000,187.21,160.49194
2026-05-22T06:00:00.000000000,185.14,159.20648
2026-05-22T07:00:00.000000000,179.9,148.65319
2026-05-22T08:00:00.000000000,171.93,142.56687
2026-05-22T09:00:00.000000000,162.52,141.60024
2026-05-22T10:00:00.000000000,157.7,138.54904
2026-05-22T11:00:00.000000000,159.67,136.12495
2026-05-22T12:00:00.000000000,164.26,132.73819
2026-05-22T13:00:00.000000000,159.09,127.49594
2026-05-22T14:00:00.000000000,142.69,116.62378
2026-05-22T15:00:00.000000000,113.43,105.80134
2026-05-22T16:00:00.000000000,105.01,92.04404
2026-05-22T17:00:00.000000000,120.01,73.87094
2026-05-22T18:00:00.000000000,126.68,60.07483
2026-05-22T19:00:00.000000000,127.16,61.31672
2026-05-22T20:00:00.000000000,129.1,62.42248
2026-05-22T21:00:00.000000000,143.15,70.07167
2026-05-22T22:00:00.000000000,156.49,82.08362
2026-05-22T23:00:00.000000000,167.37,96.75463
2026-05-23T00:00:00.000000000,171.27,119.29239
2026-05-23T01:00:00.000000000,180.01,132.1467
2026-05-23T02:00:00.000000000,218.83,136.64697
2026-05-23T03:00:00.000000000,218.65,147.9049
2026-05-23T04:00:00.000000000,204.39,155.93125
2026-05-23T05:00:00.000000000,188.65,160.1891
2026-05-23T06:00:00.000000000,190.41,158.73467
2026-05-23T07:00:00.000000000,181.88,148.1268
2026-05-23T08:00:00.000000000,181.88,142.3177
2026-05-23T09:00:00.000000000,162.52,141.55658
2026-05-23T10:00:00.000000000,157.7,138.46671
2026-05-23T11:00:00.000000000,159.67,135.45495
2026-05-23T12:00:00.000000000,164.26,131.17939
2026-05-23T13:00:00.000000000,159.09,125.01323
2026-05-23T14:00:00.000000000,142.69,113.41026
2026-05-23T15:00:00.000000000,113.43,102.30663
2026-05-23T16:00:00.000000000,105.01,88.35985
2026-05-23T17:00:00.000000000,120.01,70.21877
2026-05-23T18:00:00.000000000,126.68,56.78128
2026-05-23T19:00:00.000000000,127.16,58.76794
2026-05-23T20:00:00.000000000,129.1,60.85238
2026-05-23T21:00:00.000000000,143.15,69.5198
2026-05-23T22:00:00.000000000,156.49,82.29718
2026-05-23T23:00:00.000000000,167.37,97.54622
2026-05-24T00:00:00.000000000,171.27,128.04259
2026-05-24T01:00:00.000000000,180.01,141.70456
2026-05-24T02:00:00.000000000,218.83,146.24581
2026-05-24T03:00:00.000000000,218.65,156.36186
2026-05-24T04:00:00.000000000,204.39,163.10708
2026-05-24T05:00:00.000000000,188.65,166.25179
2026-05-24T06:00:00.000000000,190.41,164.49805
2026-05-24T07:00:00.000000000,181.88,154.52704
2026-05-24T08:00:00.000000000,178.82,149.92728
2026-05-24T09:00:00.000000000,172.06,149.459
2026-05-24T10:00:00.000000000,172.52,147.15303
2026-05-24T11:00:00.000000000,168.18,144.36168
2026-05-24T12:00:00.000000000,168.07,140.19663
2026-05-24T13:00:00.000000000,169.92,133.54157
2026-05-24T14:00:00.000000000,157.02,121.28315
2026-05-24T15:00:00.000000000,140.25,109.11786
2026-05-24T16:00:00.000000000,136.96,93.44632
2026-05-24T17:00:00.000000000,138.51,73.94279
2026-05-24T18:00:00.000000000,134.25,60.10013
2026-05-24T19:00:00.000000000,134.7,62.42037
2026-05-24T20:00:00.000000000,136.97,65.83791
2026-05-24T21:00:00.000000000,138.51,76.21273
2026-05-24T22:00:00.000000000,144.22,89.69193
2026-05-24T23:00:00.000000000,152.67,105.76829
2026-05-19T00:00:00.000000000,131.34,132.77766
2026-05-19T01:00:00.000000000,145.56,141.59244
2026-05-19T02:00:00.000000000,185.88,144.9027
2026-05-19T03:00:00.000000000,206.09,154.13592
2026-05-19T04:00:00.000000000,213.83,160.17042
2026-05-19T05:00:00.000000000,203.42,162.8141
2026-05-19T06:00:00.000000000,197.82,159.84758
2026-05-19T07:00:00.000000000,185.41,148.45676
2026-05-19T08:00:00.000000000,185.41,139.74287
2026-05-19T09:00:00.000000000,117.65,135.66735
2026-05-19T10:00:00.000000000,117.55,131.77901
2026-05-19T11:00:00.000000000,115.41,131.09775
2026-05-19T12:00:00.000000000,119.47,130.44152
2026-05-19T13:00:00.000000000,129.07,129.11649
2026-05-19T14:00:00.000000000,114.09,123.14855
2026-05-19T15:00:00.000000000,86.75,116.78067
2026-05-19T16:00:00.000000000,91.85,108.90263
2026-05-19T17:00:00.000000000,97.75,96.42962
2026-05-19T18:00:00.000000000,102.89,88.12444
2026-05-19T19:00:00.000000000,108.23,89.87538
2026-05-19T20:00:00.000000000,119.64,90.33308
2026-05-19T21:00:00.000000000,124.64,95.09777
2026-05-19T22:00:00.000000000,126.29,104.20072
2026-05-19T23:00:00.000000000,129.95,114.9429
2026-05-20T00:00:00.000000000,131.34,121.22961
2026-05-20T01:00:00.000000000,145.56,132.77309
2026-05-20T02:00:00.000000000,185.88,137.41299
2026-05-20T03:00:00.000000000,206.09,148.63432
2026-05-20T04:00:00.000000000,213.83,156.65
2026-05-20T05:00:00.000000000,203.42,161.3785
2026-05-20T06:00:00.000000000,197.82,160.27545
2026-05-20T07:00:00.000000000,185.41,150.16616
2026-05-20T08:00:00.000000000,183.38,143.31649
2026-05-20T09:00:00.000000000,186.15,141.38495
2026-05-20T10:00:00.000000000,177.14,138.0086
2026-05-20T11:00:00.000000000,161.12,136.43853
2026-05-20T12:00:00.000000000,158.14,134.28726
2026-05-20T13:00:00.000000000,163.96,130.76587
2026-05-20T14:00:00.000000000,159.89,122.19375
2026-05-20T15:00:00.000000000,138.29,113.35225
2026-05-20T16:00:00.000000000,115.85,102.26263
2026-05-20T17:00:00.000000000,114.97,86.54728
2026-05-20T18:00:00.000000000,119.88,74.54056
2026-05-20T19:00:00.000000000,117.3,75.17471
2026-05-20T20:00:00.000000000,127.14,74.78497
2026-05-20T21:00:00.000000000,128.54,79.99774
2026-05-20T22:00:00.000000000,136.08,89.78391
2026-05-20T23:00:00.000000000,136.76,102.04646
2026-05-21T00:00:00.000000000,149.52,117.9288
2026-05-21T01:00:00.000000000,189.4,130.65221
2026-05-21T02:00:00.000000000,220.72,135.66807
2026-05-21T03:00:00.000000000,212.01,147.40691
2026-05-21T04:00:00.000000000,205.06,155.89805
2026-05-21T05:00:00.000000000,195.0,160.83966
2026-05-21T06:00:00.000000000,187.97,159.90738
2026-05-21T07:00:00.000000000,192.2,149.74534
2026-05-21T08:00:00.000000000,187.72,143.53806
2026-05-21T09:00:00.000000000,183.26,142.3816
2026-05-21T10:00:00.000000000,170.64,139.22035
2026-05-21T11:00:00.000000000,160.69,137.0453
2026-05-21T12:00:00.000000000,171.99,134.01173
2026-05-21T13:00:00.000000000,187.14,129.28374
2026-05-21T14:00:00.000000000,168.51,119.19229
2026-05-21T15:00:00.000000000,126.93,109.02403
2026-05-21T16:00:00.000000000,110.47,96.14052
2026-05-21T17:00:00.000000000,111.87,78.70567
2026-05-21T18:00:00.000000000,112.57,65.25781
2026-05-21T19:00:00.000000000,120.29,66.04428
2026-05-21T20:00:00.000000000,131.41,66.29956
2026-05-21T21:00:00.000000000,146.23,72.80068
2026-05-21T22:00:00.000000000,151.35,83.78707
2026-05-21T23:00:00.000000000,154.77,97.45685
2026-05-22T00:00:00.000000000,154.26,118.65296
2026-05-22T01:00:00.000000000,168.02,131.68494
2026-05-22T02:00:00.000000000,210.07,136.74077
2026-05-22T03:00:00.000000000,197.2,148.35091
2026-05-22T04:00:00.000000000,194.83,156.63539
2026-05-22T05:00:00.000000000,187.21,161.22771
2026-05-22T06:00:00.000000000,185.14,160.04205
2026-05-22T07:00:00.000000000,179.9,149.67501
2026-05-22T08:00:00.000000000,171.93,143.49849
2026-05-22T09:00:00.000000000,162.52,142.3576
2026-05-22T10:00:00.000000000,157.7,139.28988
2026-05-22T11:00:00.000000000,159.67,137.12637
2026-05-22T12:00:00.000000000,164.26,134.13712
2026-05-22T13:00:00.000000000,159.09,129.35104
2026-05-22T14:00:00.000000000,142.69,119.02851
2026-05-22T15:00:00.000000000,113.43,108.57237
2026-05-22T16:00:00.000000000,105.01,95.18754
2026-05-22T17:00:00.000000000,120.01,77.26839
2026-05-22T18:00:00.000000000,126.68,63.55307
2026-05-22T19:00:00.000000000,127.16,64.45012
2026-05-22T20:00:00.000000000,129.1,65.05221
2026-05-22T21:00:00.000000000,143.15,72.07245
2026-05-22T22:00:00.000000000,156.49,83.484
2026-05-22T23:00:00.000000000,167.37,97.63261
2026-05-23T00:00:00.000000000,171.27,119.42014
2026-05-23T01:00:00.000000000,180.01,132.33189
2026-05-23T02:00:00.000000000,218.83,136.95425
2026-05-23T03:00:00.000000000,218.65,148.25414
2026-05-23T04:00:00.000000000,204.39,156.30111
2026-05-23T05:00:00.000000000,188.65,160.61929
2026-05-23T06:00:00.000000000,190.41,159.22905
2026-05-23T07:00:00.000000000,181.88,148.71838
2026-05-23T08:00:00.000000000,181.88,142.88991
2026-05-23T09:00:00.000000000,162.52,142.06553
2026-05-23T10:00:00.000000000,157.7,138.97553
2026-05-23T11:00:00.000000000,159.67,136.06825
2026-05-23T12:00:00.000000000,164.26,131.95294
2026-05-23T13:00:00.000000000,159.09,125.95772
2026-05-23T14:00:00.000000000,142.69,114.56469
2026-05-23T15:00:00.000000000,113.43,103.58406
2026-05-23T16:00:00.000000000,105.01,89.7417
2026-05-23T17:00:00.000000000,120.01,71.64865
2026-05-23T18:00:00.000000000,126.68,58.18342
2026-05-23T19:00:00.000000000,127.16,59.99545
2026-05-23T20:00:00.000000000,129.1,61.84918
2026-05-23T21:00:00.000000000,143.15,70.25296
2026-05-23T22:00:00.000000000,156.49,82.77287
2026-05-23T23:00:00.000000000,167.37,97.81938
2026-05-24T00:00:00.000000000,171.27,128.13691
2026-05-24T01:00:00.000000000,180.01,141.83035
2026-05-24T02:00:00.000000000,218.83,146.4209
2026-05-24T03:00:00.000000000,218.65,156.54837
2026-05-24T04:00:00.000000000,204.39,163.29587
2026-05-24T05:00:00.000000000,188.65,166.45935
2026-05-24T06:00:00.000000000,190.41,164.73125
2026-05-24T07:00:00.000000000,181.88,154.8081
2026-05-24T08:00:00.000000000,178.82,150.22032
2026-05-24T09:00:00.000000000,172.06,149.74106
2026-05-24T10:00:00.000000000,172.52,147.44439
2026-05-24T11:00:00.000000000,168.18,144.68974
2026-05-24T12:00:00.000000000,168.07,140.57803
2026-05-24T13:00:00.000000000,169.92,133.97459
2026-05-24T14:00:00.000000000,157.02,121.78115
2026-05-24T15:00:00.000000000,140.25,109.64632
2026-05-24T16:00:00.000000000,136.96,93.99394
2026-05-24T17:00:00.000000000,138.51,74.49121
2026-05-24T18:00:00.000000000,134.25,60.62907
2026-05-24T19:00:00.000000000,134.7,62.88896
2026-05-24T20:00:00.000000000,136.97,66.23233
2026-05-24T21:00:00.000000000,138.51,76.52338
2026-05-24T22:00:00.000000000,144.22,89.91255
2026-05-24T23:00:00.000000000,152.67,105.92083
2026-05-25T00:00:00.000000000,160.38,130.43948
2026-05-25T01:00:00.000000000,170.4,144.37111
2026-05-25T02:00:00.000000000,194.07,149.26496
2026-05-25T03:00:00.000000000,195.17,159.30266
2026-05-25T04:00:00.000000000,192.78,165.94353
2026-05-25T05:00:00.000000000,180.21,169.24275
2026-05-25T06:00:00.000000000,179.4,167.84822
2026-05-25T07:00:00.000000000,167.24,158.62461
2026-05-25T08:00:00.000000000,169.22,154.60233
2026-05-25T09:00:00.000000000,159.02,154.22444
2026-05-25T10:00:00.000000000,156.78,152.18484
2026-05-25T11:00:00.000000000,152.75,149.62454
2026-05-25T12:00:00.000000000,156.07,145.70964
2026-05-25T13:00:00.000000000,155.51,139.12524
2026-05-25T14:00:00.000000000,147.23,127.09875
2026-05-25T15:00:00.000000000,127.54,114.85616
2026-05-25T16:00:00.000000000,123.18,99.00347
2026-05-25T17:00:00.000000000,130.6,79.34336
2026-05-25T18:00:00.000000000,137.29,65.3272
2026-05-25T19:00:00.000000000,119.35,67.28239
2026-05-25T20:00:00.000000000,121.84,70.42325
2026-05-25T21:00:00.000000000,119.8,80.44076
2026-05-25T22:00:00.000000000,123.12,93.24629
2026-05-25T23:00:00.000000000,133.1,108.77312
2026-05-20T00:00:00.000000000,131.34,144.67389
2026-05-20T01:00:00.000000000,145.56,154.30308
2026-05-20T02:00:00.000000000,185.88,158.48141
2026-05-20T03:00:00.000000000,206.09,166.43967
2026-05-20T04:00:00.000000000,213.83,171.01579
2026-05-20T05:00:00.000000000,203.42,172.17045
2026-05-20T06:00:00.000000000,197.82,168.23278
2026-05-20T07:00:00.000000000,185.41,157.55565
2026-05-20T08:00:00.000000000,183.38,150.51655
2026-05-20T09:00:00.000000000,186.15,146.57985
2026-05-20T10:00:00.000000000,177.14,142.21459
2026-05-20T11:00:00.000000000,161.12,138.34989
2026-05-20T12:00:00.000000000,158.14,133.67311
2026-05-20T13:00:00.000000000,163.96,128.77823
2026-05-20T14:00:00.000000000,159.89,121.3606
2026-05-20T15:00:00.000000000,138.29,115.2416
2026-05-20T16:00:00.000000000,115.85,106.95974
2026-05-20T17:00:00.000000000,114.97,94.04216
2026-05-20T18:00:00.000000000,119.88,87.37228
2026-05-20T19:00:00.000000000,117.3,92.0677
2026-05-20T20:00:00.000000000,127.14,96.81428
2026-05-20T21:00:00.000000000,128.54,105.41492
2026-05-20T22:00:00.000000000,136.08,116.09886
2026-05-20T23:00:00.000000000,136.76,127.92026
2026-05-21T00:00:00.000000000,149.52,128.67638
2026-05-21T01:00:00.000000000,189.4,139.78694
2026-05-21T02:00:00.000000000,220.72,143.98997
2026-05-21T03:00:00.000000000,212.01,153.95084
2026-05-21T04:00:00.000000000,205.06,160.5485
2026-05-21T05:00:00.000000000,195.0,163.98134
2026-05-21T06:00:00.000000000,187.97,162.08524
2026-05-21T07:00:00.000000000,192.2,152.04014
2026-05-21T08:00:00.000000000,187.72,145.51467
2026-05-21T09:00:00.000000000,183.26,143.28233
2026-05-21T10:00:00.000000000,170.64,139.8301
2026-05-21T11:00:00.000000000,160.69,137.75008
2026-05-21T12:00:00.000000000,171.99,134.94704
2026-05-21T13:00:00.000000000,187.14,130.81516
2026-05-21T14:00:00.000000000,168.51,122.22621
2026-05-21T15:00:00.000000000,126.93,113.7523
2026-05-21T16:00:00.000000000,110.47,102.99758
2026-05-21T17:00:00.000000000,111.87,87.84145
2026-05-21T18:00:00.000000000,112.57,77.138
2026-05-21T19:00:00.000000000,120.29,78.91001
2026-05-21T20:00:00.000000000,131.41,80.08144
2026-05-21T21:00:00.000000000,146.23,86.62819
2026-05-21T22:00:00.000000000,151.35,96.92376
2026-05-21T23:00:00.000000000,154.77,109.43569
2026-05-22T00:00:00.000000000,154.26,122.76993
2026-05-22T01:00:00.000000000,168.02,135.09124
2026-05-22T02:00:00.000000000,210.07,139.9425
2026-05-22T03:00:00.000000000,197.2,150.93354
2026-05-22T04:00:00.000000000,194.83,158.54462
2026-05-22T05:00:00.000000000,187.21,162.71009
2026-05-22T06:00:00.000000000,185.14,161.30495
2026-05-22T07:00:00.000000000,179.9,151.16462
2026-05-22T08:00:00.000000000,171.93,144.77788
2026-05-22T09:00:00.000000000,162.52,143.1117
2026-05-22T10:00:00.000000000,157.7,139.94532
2026-05-22T11:00:00.000000000,159.67,138.1297
2026-05-22T12:00:00.000000000,164.26,135.66921
2026-05-22T13:00:00.000000000,159.09,131.60691
2026-05-22T14:00:00.000000000,142.69,122.38591
2026-05-22T15:00:00.000000000,113.43,112.91154
2026-05-22T16:00:00.000000000,105.01,100.71484
2026-05-22T17:00:00.000000000,120.01,83.93859
2026-05-22T18:00:00.000000000,126.68,71.3262
2026-05-22T19:00:00.000000000,127.16,72.2217
2026-05-22T20:00:00.000000000,129.1,72.60394
2026-05-22T21:00:00.000000000,143.15,78.95521
2026-05-22T22:00:00.000000000,156.49,89.51165
2026-05-22T23:00:00.000000000,167.37,102.68424
2026-05-23T00:00:00.000000000,171.27,120.87899
2026-05-23T01:00:00.000000000,180.01,133.58055
2026-05-23T02:00:00.000000000,218.83,138.24605
2026-05-23T03:00:00.000000000,218.65,149.38863
2026-05-23T04:00:00.000000000,204.39,157.24629
2026-05-23T05:00:00.000000000,188.65,161.50602
2026-05-23T06:00:00.000000000,190.41,160.12434
2026-05-23T07:00:00.000000000,181.88,149.79014
2026-05-23T08:00:00.000000000,181.88,143.85271
2026-05-23T09:00:00.000000000,162.52,142.77703
2026-05-23T10:00:00.000000000,157.7,139.65162
2026-05-23T11:00:00.000000000,159.67,136.99281
2026-05-23T12:00:00.000000000,164.26,133.25108
2026-05-23T13:00:00.000000000,159.09,127.71189
2026-05-23T14:00:00.000000000,142.69,116.93184
2026-05-23T15:00:00.000000000,113.43,106.42443
2026-05-23T16:00:00.000000000,105.01,93.11855
2026-05-23T17:00:00.000000000,120.01,75.48987
2026-05-23T18:00:00.000000000,126.68,62.38008
2026-05-23T19:00:00.000000000,127.16,63.9897
2026-05-23T20:00:00.000000000,129.1,65.49431
2026-05-23T21:00:00.000000000,143.15,73.35516
2026-05-23T22:00:00.000000000,156.49,85.29486
2026-05-23T23:00:00.000000000,167.37,99.77099
2026-05-24T00:00:00.000000000,171.27,128.36425
2026-05-24T01:00:00.000000000,180.01,142.08868
2026-05-24T02:00:00.000000000,218.83,146.79753
2026-05-24T03:00:00.000000000,218.65,156.95139
2026-05-24T04:00:00.000000000,204.39,163.69651
2026-05-24T05:00:00.000000000,188.65,166.90302
2026-05-24T06:00:00.000000000,190.41,165.22836
2026-05-24T07:00:00.000000000,181.88,155.41412
2026-05-24T08:00:00.000000000,178.82,150.81205
2026-05-24T09:00:00.000000000,172.06,150.27091
2026-05-24T10:00:00.000000000,172.52,147.97119
2026-05-24T11:00:00.000000000,168.18,145.32324
2026-05-24T12:00:00.000000000,168.07,141.37979
2026-05-24T13:00:00.000000000,169.92,134.97139
2026-05-24T14:00:00.000000000,157.02,123.02281
2026-05-24T15:00:00.000000000,140.25,111.04663
2026-05-24T16:00:00.000000000,136.96,95.5374
2026-05-24T17:00:00.000000000,138.51,76.1147
2026-05-24T18:00:00.000000000,134.25,62.26196
2026-05-24T19:00:00.000000000,134.7,64.35656
2026-05-24T20:00:00.000000000,136.97,67.46795
2026-05-24T21:00:00.000000000,138.51,77.47456
2026-05-24T22:00:00.000000000,144.22,90.58064
2026-05-24T23:00:00.000000000,152.67,106.3511
2026-05-25T00:00:00.000000000,160.38,130.71376
2026-05-25T01:00:00.000000000,170.4,144.6611
2026-05-25T02:00:00.000000000,194.07,149.58379
2026-05-25T03:00:00.000000000,195.17,159.60426
2026-05-25T04:00:00.000000000,192.78,166.21618
2026-05-25T05:00:00.000000000,180.21,169.50445
2026-05-25T06:00:00.000000000,179.4,168.12303
2026-05-25T07:00:00.000000000,167.24,158.9398
2026-05-25T08:00:00.000000000,169.22,154.92078
2026-05-25T09:00:00.000000000,159.02,154.51299
2026-05-25T10:00:00.000000000,156.78,152.49757
2026-05-25T11:00:00.000000000,152.75,150.02372
2026-05-25T12:00:00.000000000,156.07,146.2325
2026-05-25T13:00:00.000000000,155.51,139.76141
2026-05-25T14:00:00.000000000,147.23,127.82814
2026-05-25T15:00:00.000000000,127.54,115.61052
2026-05-25T16:00:00.000000000,123.18,99.76317
2026-05-25T17:00:00.000000000,130.6,80.10037
2026-05-25T18:00:00.000000000,137.29,66.06879
2026-05-25T19:00:00.000000000,119.35,67.94603
2026-05-25T20:00:00.000000000,121.84,71.00527
2026-05-25T21:00:00.000000000,119.8,80.93248
2026-05-25T22:00:00.000000000,123.12,93.64291
2026-05-25T23:00:00.000000000,133.1,109.09235
2026-05-26T00:00:00.000000000,138.96,122.04873
2026-05-26T01:00:00.000000000,146.23,136.28745
2026-05-26T02:00:00.000000000,177.31,141.80207
2026-05-26T03:00:00.000000000,186.87,153.18577
2026-05-26T04:00:00.000000000,188.11,161.19374
2026-05-26T05:00:00.000000000,174.84,165.65554
2026-05-26T06:00:00.000000000,174.61,164.69272
2026-05-26T07:00:00.000000000,169.6,155.1267
2026-05-26T08:00:00.000000000,167.47,150.44667
2026-05-26T09:00:00.000000000,162.61,150.01478
2026-05-26T10:00:00.000000000,158.17,147.29915
2026-05-26T11:00:00.000000000,158.37,143.99745
2026-05-26T12:00:00.000000000,158.47,139.27965
2026-05-26T13:00:00.000000000,163.96,132.2469
2026-05-26T14:00:00.000000000,155.86,120.20718
2026-05-26T15:00:00.000000000,132.16,108.4493
2026-05-26T16:00:00.000000000,128.05,93.32395
2026-05-26T17:00:00.000000000,131.33,73.9971
2026-05-26T18:00:00.000000000,130.93,59.57178
2026-05-26T19:00:00.000000000,125.56,61.20811
2026-05-26T20:00:00.000000000,120.94,63.43944
2026-05-26T21:00:00.000000000,120.95,72.50612
2026-05-26T22:00:00.000000000,120.28,84.93847
2026-05-26T23:00:00.000000000,119.67,100.2683
2026-05-21T00:00:00.000000000,149.52,154.82455
2026-05-21T01:00:00.000000000,189.4,167.59421
2026-05-21T02:00:00.000000000,220.72,172.85313
2026-05-21T03:00:00.000000000,212.01,180.10705
2026-05-21T04:00:00.000000000,205.06,183.58845
2026-05-21T05:00:00.000000000,195.0,184.88929
2026-05-21T06:00:00.000000000,187.97,182.54095
2026-05-21T07:00:00.000000000,192.2,174.68265
2026-05-21T08:00:00.000000000,187.72,170.75518
2026-05-21T09:00:00.000000000,183.26,168.46291
2026-05-21T10:00:00.000000000,170.64,165.70645
2026-05-21T11:00:00.000000000,160.69,162.08936
2026-05-21T12:00:00.000000000,171.99,157.19466
2026-05-21T13:00:00.000000000,187.14,150.76351
2026-05-21T14:00:00.000000000,168.51,141.65442
2026-05-21T15:00:00.000000000,126.93,133.11731
2026-05-21T16:00:00.000000000,110.47,120.91815
2026-05-21T17:00:00.000000000,111.87,104.5975
2026-05-21T18:00:00.000000000,112.57,95.11384
2026-05-21T19:00:00.000000000,120.29,98.51239
2026-05-21T20:00:00.000000000,131.41,103.50605
2026-05-21T21:00:00.000000000,146.23,113.53617
2026-05-21T22:00:00.000000000,151.35,124.30776
2026-05-21T23:00:00.000000000,154.77,137.25106
2026-05-22T00:00:00.000000000,154.26,145.60951
2026-05-22T01:00:00.000000000,168.02,159.17381
2026-05-22T02:00:00.000000000,210.07,164.87097
2026-05-22T03:00:00.000000000,197.2,173.22904
2026-05-22T04:00:00.000000000,194.83,177.51644
2026-05-22T05:00:00.000000000,187.21,178.85755
2026-05-22T06:00:00.000000000,185.14,175.99207
2026-05-22T07:00:00.000000000,179.9,166.85174
2026-05-22T08:00:00.000000000,171.93,161.6944
2026-05-22T09:00:00.000000000,162.52,159.0244
2026-05-22T10:00:00.000000000,157.7,155.90337
2026-05-22T11:00:00.000000000,159.67,152.79938
2026-05-22T12:00:00.000000000,164.26,148.94436
2026-05-22T13:00:00.000000000,159.09,143.38514
2026-05-22T14:00:00.000000000,142.69,134.4033
2026-05-22T15:00:00.000000000,113.43,125.41231
2026-05-22T16:00:00.000000000,105.01,112.84231
2026-05-22T17:00:00.000000000,120.01,95.92614
2026-05-22T18:00:00.000000000,126.68,85.19304
2026-05-22T19:00:00.000000000,127.16,88.08371
2026-05-22T20:00:00.000000000,129.1,91.90362
2026-05-22T21:00:00.000000000,143.15,101.21113
2026-05-22T22:00:00.000000000,156.49,112.08217
2026-05-22T23:00:00.000000000,167.37,125.7673
2026-05-23T00:00:00.000000000,171.27,137.05933
2026-05-23T01:00:00.000000000,180.01,150.27618
2026-05-23T02:00:00.000000000,218.83,155.24722
2026-05-23T03:00:00.000000000,218.65,164.36454
2026-05-23T04:00:00.000000000,204.39,169.7629
2026-05-23T05:00:00.000000000,188.65,171.87368
2026-05-23T06:00:00.000000000,190.41,169.3069
2026-05-23T07:00:00.000000000,181.88,159.50112
2026-05-23T08:00:00.000000000,181.88,154.26115
2026-05-23T09:00:00.000000000,162.52,152.34005
2026-05-23T10:00:00.000000000,157.7,149.28421
2026-05-23T11:00:00.000000000,159.67,145.93866
2026-05-23T12:00:00.000000000,164.26,141.43254
2026-05-23T13:00:00.000000000,159.09,134.98783
2026-05-23T14:00:00.000000000,142.69,124.5092
2026-05-23T15:00:00.000000000,113.43,114.44059
2026-05-23T16:00:00.000000000,105.01,101.10178
2026-05-23T17:00:00.000000000,120.01,83.66626
2026-05-23T18:00:00.000000000,126.68,72.11137
2026-05-23T19:00:00.000000000,127.16,75.14211
2026-05-23T20:00:00.000000000,129.1,79.03588
2026-05-23T21:00:00.000000000,143.15,88.96003
2026-05-23T22:00:00.000000000,156.49,101.13741
2026-05-23T23:00:00.000000000,167.37,115.92794
2026-05-24T00:00:00.000000000,171.27,136.20441
2026-05-24T01:00:00.000000000,180.01,149.47067
2026-05-24T02:00:00.000000000,218.83,153.81547
2026-05-24T03:00:00.000000000,218.65,162.78984
2026-05-24T04:00:00.000000000,204.39,168.26727
2026-05-24T05:00:00.000000000,188.65,170.56268
2026-05-24T06:00:00.000000000,190.41,168.52164
2026-05-24T07:00:00.000000000,181.88,159.20821
2026-05-24T08:00:00.000000000,178.82,155.03748
2026-05-24T09:00:00.000000000,172.06,154.24135
2026-05-24T10:00:00.000000000,172.52,152.09247
2026-05-24T11:00:00.000000000,168.18,149.49843
2026-05-24T12:00:00.000000000,168.07,145.57192
2026-05-24T13:00:00.000000000,169.92,139.13091
2026-05-24T14:00:00.000000000,157.02,127.56223
2026-05-24T15:00:00.000000000,140.25,115.9367
2026-05-24T16:00:00.000000000,136.96,100.83317
2026-05-24T17:00:00.000000000,138.51,82.05541
2026-05-24T18:00:00.000000000,134.25,69.335
2026-05-24T19:00:00.000000000,134.7,72.00315
2026-05-24T20:00:00.000000000,136.97,75.91759
2026-05-24T21:00:00.000000000,138.51,86.42344
2026-05-24T22:00:00.000000000,144.22,99.33686
2026-05-24T23:00:00.000000000,152.67,114.77893
2026-05-25T00:00:00.000000000,160.38,134.41268
2026-05-25T01:00:00.000000000,170.4,148.13943
2026-05-25T02:00:00.000000000,194.07,152.84964
2026-05-25T03:00:00.000000000,195.17,162.31711
2026-05-25T04:00:00.000000000,192.78,168.34751
2026-05-25T05:00:00.000000000,180.21,171.18629
2026-05-25T06:00:00.000000000,179.4,169.6305
2026-05-25T07:00:00.000000000,167.24,160.6081
2026-05-25T08:00:00.000000000,169.22,156.72852
2026-05-25T09:00:00.000000000,159.02,156.18467
2026-05-25T10:00:00.000000000,156.78,154.34556
2026-05-25T11:00:00.000000000,152.75,152.17732
2026-05-25T12:00:00.000000000,156.07,148.75955
2026-05-25T13:00:00.000000000,155.51,142.5911
2026-05-25T14:00:00.000000000,147.23,130.9179
2026-05-25T15:00:00.000000000,127.54,118.77342
2026-05-25T16:00:00.000000000,123.18,102.9584
2026-05-25T17:00:00.000000000,130.6,83.44255
2026-05-25T18:00:00.000000000,137.29,69.77937
2026-05-25T19:00:00.000000000,119.35,71.73345
2026-05-25T20:00:00.000000000,121.84,75.01709
2026-05-25T21:00:00.000000000,119.8,85.08311
2026-05-25T22:00:00.000000000,123.12,97.70506
2026-05-25T23:00:00.000000000,133.1,112.99616
2026-05-26T00:00:00.000000000,138.96,123.45439
2026-05-26T01:00:00.000000000,146.23,137.78004
2026-05-26T02:00:00.000000000,177.31,143.50998
2026-05-26T03:00:00.000000000,186.87,154.82168
2026-05-26T04:00:00.000000000,188.11,162.71207
2026-05-26T05:00:00.000000000,174.84,167.16317
2026-05-26T06:00:00.000000000,174.61,166.2326
2026-05-26T07:00:00.000000000,169.6,156.90913
2026-05-26T08:00:00.000000000,167.47,152.34447
2026-05-26T09:00:00.000000000,162.61,151.81993
2026-05-26T10:00:00.000000000,158.17,149.05717
2026-05-26T11:00:00.000000000,158.37,145.60442
2026-05-26T12:00:00.000000000,158.47,140.70152
2026-05-26T13:00:00.000000000,163.96,133.52823
2026-05-26T14:00:00.000000000,155.86,121.67932
2026-05-26T15:00:00.000000000,132.16,110.1676
2026-05-26T16:00:00.000000000,128.05,95.26906
2026-05-26T17:00:00.000000000,131.33,76.10933
2026-05-26T18:00:00.000000000,130.93,61.88512
2026-05-26T19:00:00.000000000,125.56,63.54646
2026-05-26T20:00:00.000000000,120.94,65.80561
2026-05-26T21:00:00.000000000,120.95,74.78949
2026-05-26T22:00:00.000000000,120.28,86.9291
2026-05-26T23:00:00.000000000,119.67,102.00715
2026-05-27T00:00:00.000000000,124.58,125.75172
2026-05-27T01:00:00.000000000,141.37,139.66485
2026-05-27T02:00:00.000000000,179.35,144.75181
2026-05-27T03:00:00.000000000,189.57,155.45875
2026-05-27T04:00:00.000000000,191.72,162.77094
2026-05-27T05:00:00.000000000,189.5,166.43876
2026-05-27T06:00:00.000000000,186.74,164.84766
2026-05-27T07:00:00.000000000,173.56,154.82839
2026-05-27T08:00:00.000000000,173.04,149.91734
2026-05-27T09:00:00.000000000,166.57,149.12894
2026-05-27T10:00:00.000000000,160.74,146.38012
2026-05-27T11:00:00.000000000,157.23,142.95681
2026-05-27T12:00:00.000000000,161.4,138.09544
2026-05-27T13:00:00.000000000,157.5,130.9089
2026-05-27T14:00:00.000000000,144.43,118.76808
2026-05-27T15:00:00.000000000,133.93,107.04611
2026-05-27T16:00:00.000000000,128.84,91.99663
2026-05-27T17:00:00.000000000,120.67,72.92771
2026-05-27T18:00:00.000000000,118.39,59.17891
2026-05-27T19:00:00.000000000,117.19,61.51243
2026-05-27T20:00:00.000000000,114.05,64.71945
2026-05-27T21:00:00.000000000,116.52,74.6879
2026-05-27T22:00:00.000000000,117.15,87.74441
2026-05-27T23:00:00.000000000,122.29,103.53084
2026-05-22T00:00:00.000000000,154.26,170.73472
2026-05-22T01:00:00.000000000,168.02,181.36878
2026-05-22T02:00:00.000000000,210.07,184.19006
2026-05-22T03:00:00.000000000,197.2,188.30719
2026-05-22T04:00:00.000000000,194.83,188.67865
2026-05-22T05:00:00.000000000,187.21,187.50451
2026-05-22T06:00:00.000000000,185.14,184.02465
2026-05-22T07:00:00.000000000,179.9,176.32436
2026-05-22T08:00:00.000000000,171.93,172.83461
2026-05-22T09:00:00.000000000,162.52,170.13933
2026-05-22T10:00:00.000000000,157.7,167.82885
2026-05-22T11:00:00.000000000,159.67,164.98771
2026-05-22T12:00:00.000000000,164.26,161.00741
2026-05-22T13:00:00.000000000,159.09,155.32549
2026-05-22T14:00:00.000000000,142.69,146.48435
2026-05-22T15:00:00.000000000,113.43,137.97775
2026-05-22T16:00:00.000000000,105.01,126.21539
2026-05-22T17:00:00.000000000,120.01,111.42554
2026-05-22T18:00:00.000000000,126.68,104.64674
2026-05-22T19:00:00.000000000,127.16,109.72286
2026-05-22T20:00:00.000000000,129.1,116.9097
2026-05-22T21:00:00.000000000,143.15,128.63728
2026-05-22T22:00:00.000000000,156.49,140.31694
2026-05-22T23:00:00.000000000,167.37,153.40859
2026-05-23T00:00:00.000000000,171.27,160.99087
2026-05-23T01:00:00.000000000,180.01,172.46361
2026-05-23T02:00:00.000000000,218.83,175.81911
2026-05-23T03:00:00.000000000,218.65,181.18267
2026-05-23T04:00:00.000000000,204.39,182.70486
2026-05-23T05:00:00.000000000,188.65,181.87483
2026-05-23T06:00:00.000000000,190.41,178.03589
2026-05-23T07:00:00.000000000,181.88,169.13811
2026-05-23T08:00:00.000000000,181.88,164.78405
2026-05-23T09:00:00.000000000,162.52,162.03661
2026-05-23T10:00:00.000000000,157.7,159.37363
2026-05-23T11:00:00.000000000,159.67,156.2732
2026-05-23T12:00:00.000000000,164.26,152.09052
2026-05-23T13:00:00.000000000,159.09,146.10418
2026-05-23T14:00:00.000000000,142.69,136.67645
2026-05-23T15:00:00.000000000,113.43,127.59634
2026-05-23T16:00:00.000000000,105.01,115.26596
2026-05-23T17:00:00.000000000,120.01,99.63709
2026-05-23T18:00:00.000000000,126.68,91.63519
2026-05-23T19:00:00.000000000,127.16,96.63058
2026-05-23T20:00:00.000000000,129.1,103.38473
2026-05-23T21:00:00.000000000,143.15,115.21697
2026-05-23T22:00:00.000000000,156.49,127.54738
2026-05-23T23:00:00.000000000,167.37,141.73855
2026-05-24T00:00:00.000000000,171.27,148.05286
2026-05-24T01:00:00.000000000,180.01,160.31659
2026-05-24T02:00:00.000000000,218.83,164.18881
2026-05-24T03:00:00.000000000,218.65,171.43636
2026-05-24T04:00:00.000000000,204.39,174.99417
2026-05-24T05:00:00.000000000,188.65,176.05713
2026-05-24T06:00:00.000000000,190.41,173.60086
2026-05-24T07:00:00.000000000,181.88,165.27553
2026-05-24T08:00:00.000000000,178.82,161.57672
2026-05-24T09:00:00.000000000,172.06,160.15408
2026-05-24T10:00:00.000000000,172.52,158.05438
2026-05-24T11:00:00.000000000,168.18,155.77751
2026-05-24T12:00:00.000000000,168.07,152.37461
2026-05-24T13:00:00.000000000,169.92,146.61352
2026-05-24T14:00:00.000000000,157.02,136.46102
2026-05-24T15:00:00.000000000,140.25,126.00139
2026-05-24T16:00:00.000000000,136.96,112.27144
2026-05-24T17:00:00.000000000,138.51,95.11924
2026-05-24T18:00:00.000000000,134.25,84.50208
2026-05-24T19:00:00.000000000,134.7,87.74257
2026-05-24T20:00:00.000000000,136.97,92.19502
2026-05-24T21:00:00.000000000,138.51,102.47355
2026-05-24T22:00:00.000000000,144.22,114.23375
2026-05-24T23:00:00.000000000,152.67,128.32261
2026-05-25T00:00:00.000000000,160.38,141.39499
2026-05-25T01:00:00.000000000,170.4,154.4207
2026-05-25T02:00:00.000000000,194.07,158.7256
2026-05-25T03:00:00.000000000,195.17,167.17128
2026-05-25T04:00:00.000000000,192.78,172.12611
2026-05-25T05:00:00.000000000,180.21,174.29232
2026-05-25T06:00:00.000000000,179.4,172.59448
2026-05-25T07:00:00.000000000,167.24,164.18283
2026-05-25T08:00:00.000000000,169.22,160.65494
2026-05-25T09:00:00.000000000,159.02,159.80757
2026-05-25T10:00:00.000000000,156.78,158.2225
2026-05-25T11:00:00.000000000,152.75,156.64308
2026-05-25T12:00:00.000000000,156.07,153.99908
2026-05-25T13:00:00.000000000,155.51,148.57078
2026-05-25T14:00:00.000000000,147.23,137.78734
2026-05-25T15:00:00.000000000,127.54,126.14587
2026-05-25T16:00:00.000000000,123.18,110.89952
2026-05-25T17:00:00.000000000,130.6,92.16095
2026-05-25T18:00:00.000000000,137.29,79.50737
2026-05-25T19:00:00.000000000,119.35,81.50415
2026-05-25T20:00:00.000000000,121.84,84.89331
2026-05-25T21:00:00.000000000,119.8,94.69021
2026-05-25T22:00:00.000000000,123.12,106.58278
2026-05-25T23:00:00.000000000,133.1,120.9767
2026-05-26T00:00:00.000000000,138.96,126.20705
2026-05-26T01:00:00.000000000,146.23,140.61993
2026-05-26T02:00:00.000000000,177.31,146.84839
2026-05-26T03:00:00.000000000,186.87,158.06679
2026-05-26T04:00:00.000000000,188.11,165.767
2026-05-26T05:00:00.000000000,174.84,170.24642
2026-05-26T06:00:00.000000000,174.61,169.39586
2026-05-26T07:00:00.000000000,169.6,160.57973
2026-05-26T08:00:00.000000000,167.47,156.13259
2026-05-26T09:00:00.000000000,162.61,155.30335
2026-05-26T10:00:00.000000000,158.17,152.41706
2026-05-26T11:00:00.000000000,158.37,148.82738
2026-05-26T12:00:00.000000000,158.47,143.81643
2026-05-26T13:00:00.000000000,163.96,136.67208
2026-05-26T14:00:00.000000000,155.86,125.50817
2026-05-26T15:00:00.000000000,132.16,114.67152
2026-05-26T16:00:00.000000000,128.05,100.45601
2026-05-26T17:00:00.000000000,131.33,81.80248
2026-05-26T18:00:00.000000000,130.93,68.05995
2026-05-26T19:00:00.000000000,125.56,69.62472
2026-05-26T20:00:00.000000000,120.94,71.67274
2026-05-26T21:00:00.000000000,120.95,80.12724
2026-05-26T22:00:00.000000000,120.28,91.37746
2026-05-26T23:00:00.000000000,119.67,105.6587
2026-05-27T00:00:00.000000000,124.58,129.18421
2026-05-27T01:00:00.000000000,141.37,143.37071
2026-05-27T02:00:00.000000000,179.35,148.80624
2026-05-27T03:00:00.000000000,189.57,159.23132
2026-05-27T04:00:00.000000000,191.72,166.1393
2026-05-27T05:00:00.000000000,189.5,169.47106
2026-05-27T06:00:00.000000000,186.74,167.67238
2026-05-27T07:00:00.000000000,173.56,157.81264
2026-05-27T08:00:00.000000000,173.04,152.94687
2026-05-27T09:00:00.000000000,166.57,151.85304
2026-05-27T10:00:00.000000000,160.74,149.0674
2026-05-27T11:00:00.000000000,157.23,145.50911
2026-05-27T12:00:00.000000000,161.4,140.53497
2026-05-27T13:00:00.000000000,157.5,133.25394
2026-05-27T14:00:00.000000000,144.43,121.41367
2026-05-27T15:00:00.000000000,133.93,109.97499
2026-05-27T16:00:00.000000000,128.84,95.08404
2026-05-27T17:00:00.000000000,120.67,76.09619
2026-05-27T18:00:00.000000000,118.39,62.63868
2026-05-27T19:00:00.000000000,117.19,65.10829
2026-05-27T20:00:00.000000000,114.05,68.58948
2026-05-27T21:00:00.000000000,116.52,78.70322
2026-05-27T22:00:00.000000000,117.15,91.50968
2026-05-27T23:00:00.000000000,122.29,107.1502
2026-05-28T00:00:00.000000000,128.65,128.0635
2026-05-28T01:00:00.000000000,132.68,141.53587
2026-05-28T02:00:00.000000000,175.2,146.35702
2026-05-28T03:00:00.000000000,194.42,156.58349
2026-05-28T04:00:00.000000000,189.2,163.37539
2026-05-28T05:00:00.000000000,190.85,166.47242
2026-05-28T06:00:00.000000000,174.82,164.34542
2026-05-28T07:00:00.000000000,162.47,154.05486
2026-05-28T08:00:00.000000000,143.79,149.00676
2026-05-28T09:00:00.000000000,134.71,148.05686
2026-05-28T10:00:00.000000000,144.62,145.05805
2026-05-28T11:00:00.000000000,159.51,141.07704
2026-05-28T12:00:00.000000000,158.68,135.49342
2026-05-28T13:00:00.000000000,160.94,127.83181
2026-05-28T14:00:00.000000000,159.55,115.64986
2026-05-28T15:00:00.000000000,134.31,104.37367
2026-05-28T16:00:00.000000000,118.93,89.89016
2026-05-28T17:00:00.000000000,113.62,71.38644
2026-05-28T18:00:00.000000000,117.23,58.57875
2026-05-28T19:00:00.000000000,118.64,61.7606
2026-05-28T20:00:00.000000000,116.37,65.87571
2026-05-28T21:00:00.000000000,116.1,76.54158
2026-05-28T22:00:00.000000000,131.42,90.02531
2026-05-28T23:00:00.000000000,125.35,106.00104
2026-05-23T00:00:00.000000000,171.27,169.04241
2026-05-23T01:00:00.000000000,180.01,178.24344
2026-05-23T02:00:00.000000000,218.83,180.25688
2026-05-23T03:00:00.000000000,218.65,184.04106
2026-05-23T04:00:00.000000000,204.39,184.1221
2026-05-23T05:00:00.000000000,188.65,182.41439
2026-05-23T06:00:00.000000000,190.41,178.17286
2026-05-23T07:00:00.000000000,181.88,169.69674
2026-05-23T08:00:00.000000000,181.88,165.42167
2026-05-23T09:00:00.000000000,162.52,162.04135
2026-05-23T10:00:00.000000000,157.7,158.76917
2026-05-23T11:00:00.000000000,159.67,155.07246
2026-05-23T12:00:00.000000000,164.26,150.33333
2026-05-23T13:00:00.000000000,159.09,144.456
2026-05-23T14:00:00.000000000,142.69,135.95966
2026-05-23T15:00:00.000000000,113.43,128.37979
2026-05-23T16:00:00.000000000,105.01,118.22789
2026-05-23T17:00:00.000000000,120.01,105.23228
2026-05-23T18:00:00.000000000,126.68,100.37767
2026-05-23T19:00:00.000000000,127.16,106.87642
2026-05-23T20:00:00.000000000,129.1,114.87659
2026-05-23T21:00:00.000000000,143.15,126.91539
2026-05-23T22:00:00.000000000,156.49,138.85808
2026-05-23T23:00:00.000000000,167.37,151.75933
2026-05-24T00:00:00.000000000,171.27,153.36894
2026-05-24T01:00:00.000000000,180.01,164.89334
2026-05-24T02:00:00.000000000,218.83,168.30632
2026-05-24T03:00:00.000000000,218.65,174.64918
2026-05-24T04:00:00.000000000,204.39,177.21097
2026-05-24T05:00:00.000000000,188.65,177.53642
2026-05-24T06:00:00.000000000,190.41,174.7034
2026-05-24T07:00:00.000000000,181.88,166.54278
2026-05-24T08:00:00.000000000,178.82,162.78442
2026-05-24T09:00:00.000000000,172.06,160.92247
2026-05-24T10:00:00.000000000,172.52,158.6953
2026-05-24T11:00:00.000000000,168.18,156.53077
2026-05-24T12:00:00.000000000,168.07,153.41035
2026-05-24T13:00:00.000000000,169.92,148.13999
2026-05-24T14:00:00.000000000,157.02,138.75779
2026-05-24T15:00:00.000000000,140.25,129.03766
2026-05-24T16:00:00.000000000,136.96,116.17603
2026-05-24T17:00:00.000000000,138.51,100.02216
2026-05-24T18:00:00.000000000,134.25,90.65932
2026-05-24T19:00:00.000000000,134.7,94.32114
2026-05-24T20:00:00.000000000,136.97,99.1365
2026-05-24T21:00:00.000000000,138.51,109.38226
2026-05-24T22:00:00.000000000,144.22,120.78709
2026-05-24T23:00:00.000000000,152.67,134.31157
2026-05-25T00:00:00.000000000,160.38,143.40871
2026-05-25T01:00:00.000000000,170.4,156.17521
2026-05-25T02:00:00.000000000,194.07,160.42115
2026-05-25T03:00:00.000000000,195.17,168.58922
2026-05-25T04:00:00.000000000,192.78,173.21394
2026-05-25T05:00:00.000000000,180.21,175.21728
2026-05-25T06:00:00.000000000,179.4,173.49646
2026-05-25T07:00:00.000000000,167.24,165.32879
2026-05-25T08:00:00.000000000,169.22,161.84692
2026-05-25T09:00:00.000000000,159.02,160.83617
2026-05-25T10:00:00.000000000,156.78,159.22214
2026-05-25T11:00:00.000000000,152.75,157.75826
2026-05-25T12:00:00.000000000,156.07,155.3164
2026-05-25T13:00:00.000000000,155.51,150.17036
2026-05-25T14:00:00.000000000,147.23,139.86054
2026-05-25T15:00:00.000000000,127.54,128.61741
2026-05-25T16:00:00.000000000,123.18,113.82459
2026-05-25T17:00:00.000000000,130.6,95.54366
2026-05-25T18:00:00.000000000,137.29,83.34509
2026-05-25T19:00:00.000000000,119.35,85.32672
2026-05-25T20:00:00.000000000,121.84,88.60746
2026-05-25T21:00:00.000000000,119.8,98.10112
2026-05-25T22:00:00.000000000,123.12,109.55703
2026-05-25T23:00:00.000000000,133.1,123.47777
2026-05-26T00:00:00.000000000,138.96,127.51126
2026-05-26T01:00:00.000000000,146.23,141.95931
2026-05-26T02:00:00.000000000,177.31,148.34979
2026-05-26T03:00:00.000000000,186.87,159.49235
2026-05-26T04:00:00.000000000,188.11,167.07148
2026-05-26T05:00:00.000000000,174.84,171.49227
2026-05-26T06:00:00.000000000,174.61,170.61841
2026-05-26T07:00:00.000000000,169.6,161.92109
2026-05-26T08:00:00.000000000,167.47,157.44807
2026-05-26T09:00:00.000000000,162.61,156.43852
2026-05-26T10:00:00.000000000,158.17,153.51348
2026-05-26T11:00:00.000000000,158.37,149.9504
2026-05-26T12:00:00.000000000,158.47,145.02249
2026-05-26T13:00:00.000000000,163.96,138.0023
2026-05-26T14:00:00.000000000,155.86,127.13634
2026-05-26T15:00:00.000000000,132.16,116.53697
2026-05-26T16:00:00.000000000,128.05,102.53945
2026-05-26T17:00:00.000000000,131.33,84.04939
2026-05-26T18:00:00.000000000,130.93,70.48334
2026-05-26T19:00:00.000000000,125.56,71.99448
2026-05-26T20:00:00.000000000,120.94,73.9682
2026-05-26T21:00:00.000000000,120.95,82.24121
2026-05-26T22:00:00.000000000,120.28,93.19029
2026-05-26T23:00:00.000000000,119.67,107.20844
2026-05-27T00:00:00.000000000,124.58,130.65197
2026-05-27T01:00:00.000000000,141.37,144.89451
2026-05-27T02:00:00.000000000,179.35,150.42648
2026-05-27T03:00:00.000000000,189.57,160.72064
2026-05-27T04:00:00.000000000,191.72,167.46105
2026-05-27T05:00:00.000000000,189.5,170.64187
2026-05-27T06:00:00.000000000,186.74,168.74824
2026-05-27T07:00:00.000000000,173.56,158.90267
2026-05-27T08:00:00.000000000,173.04,153.99113
2026-05-27T09:00:00.000000000,166.57,152.73039
2026-05-27T10:00:00.000000000,160.74,149.9526
2026-05-27T11:00:00.000000000,157.23,146.45409
2026-05-27T12:00:00.000000000,161.4,141.5929
2026-05-27T13:00:00.000000000,157.5,134.43286
2026-05-27T14:00:00.000000000,144.43,122.78923
2026-05-27T15:00:00.000000000,133.93,111.47606
2026-05-27T16:00:00.000000000,128.84,96.65004
2026-05-27T17:00:00.000000000,120.67,77.69947
2026-05-27T18:00:00.000000000,118.39,64.35623
2026-05-27T19:00:00.000000000,117.19,66.81642
2026-05-27T20:00:00.000000000,114.05,70.34778
2026-05-27T21:00:00.000000000,116.52,80.46001
2026-05-27T22:00:00.000000000,117.15,93.1502
2026-05-27T23:00:00.000000000,122.29,108.69841
2026-05-28T00:00:00.000000000,128.65,129.39905
2026-05-28T01:00:00.000000000,132.68,142.96506
2026-05-28T02:00:00.000000000,175.2,147.87729
2026-05-28T03:00:00.000000000,194.42,157.97035
2026-05-28T04:00:00.000000000,189.2,164.58211
2026-05-28T05:00:00.000000000,190.85,167.51658
2026-05-28T06:00:00.000000000,174.82,165.2882
2026-05-28T07:00:00.000000000,162.47,155.02356
2026-05-28T08:00:00.000000000,143.79,149.97517
2026-05-28T09:00:00.000000000,134.71,148.90407
2026-05-28T10:00:00.000000000,144.62,145.89769
2026-05-28T11:00:00.000000000,159.51,141.89099
2026-05-28T12:00:00.000000000,158.68,136.30135
2026-05-28T13:00:00.000000000,160.94,128.63043
2026-05-28T14:00:00.000000000,159.55,116.54268
2026-05-28T15:00:00.000000000,134.31,105.34006
2026-05-28T16:00:00.000000000,118.93,90.88098
2026-05-28T17:00:00.000000000,113.62,72.39055
2026-05-28T18:00:00.000000000,117.23,59.68738
2026-05-28T19:00:00.000000000,118.64,62.93342
2026-05-28T20:00:00.000000000,116.37,67.17556
2026-05-28T21:00:00.000000000,116.1,77.9338
2026-05-28T22:00:00.000000000,131.42,91.37259
2026-05-28T23:00:00.000000000,125.35,107.34012
2026-05-29T00:00:00.000000000,134.16,127.57955
2026-05-29T01:00:00.000000000,131.08,140.16455
2026-05-29T02:00:00.000000000,146.13,144.13472
2026-05-29T03:00:00.000000000,157.68,154.03463
2026-05-29T04:00:00.000000000,169.04,160.63146
2026-05-29T05:00:00.000000000,148.88,163.56473
2026-05-29T06:00:00.000000000,139.06,161.31458
2026-05-29T07:00:00.000000000,129.4,150.76991
2026-05-29T08:00:00.000000000,143.39,145.61942
2026-05-29T09:00:00.000000000,131.61,144.79505
2026-05-29T10:00:00.000000000,142.2,141.74125
2026-05-29T11:00:00.000000000,142.56,137.74826
2026-05-29T12:00:00.000000000,145.7,132.06411
2026-05-29T13:00:00.000000000,147.16,124.39433
2026-05-29T14:00:00.000000000,135.48,111.99371
2026-05-29T15:00:00.000000000,102.94,100.74939
2026-05-29T16:00:00.000000000,90.67,86.58352
2026-05-29T17:00:00.000000000,89.4,68.62668
2026-05-29T18:00:00.000000000,88.6,56.40446
2026-05-29T19:00:00.000000000,87.08,60.0027
2026-05-29T20:00:00.000000000,87.5,64.46152
2026-05-29T21:00:00.000000000,88.99,75.40787
2026-05-29T22:00:00.000000000,98.75,89.3772
2026-05-29T23:00:00.000000000,107.52,105.48702
2026-05-24T00:00:00.000000000,171.27,174.94303
2026-05-24T01:00:00.000000000,180.01,184.32964
2026-05-24T02:00:00.000000000,218.83,185.82194
2026-05-24T03:00:00.000000000,218.65,188.62744
2026-05-24T04:00:00.000000000,204.39,187.73298
2026-05-24T05:00:00.000000000,188.65,185.66283
2026-05-24T06:00:00.000000000,190.41,181.81902
2026-05-24T07:00:00.000000000,181.88,174.4899
2026-05-24T08:00:00.000000000,178.82,171.28714
2026-05-24T09:00:00.000000000,172.06,168.81418
2026-05-24T10:00:00.000000000,172.52,166.56673
2026-05-24T11:00:00.000000000,168.18,164.21328
2026-05-24T12:00:00.000000000,168.07,160.82352
2026-05-24T13:00:00.000000000,169.92,155.72587
2026-05-24T14:00:00.000000000,157.02,146.94768
2026-05-24T15:00:00.000000000,140.25,138.29323
2026-05-24T16:00:00.000000000,136.96,127.13014
2026-05-24T17:00:00.000000000,138.51,113.47309
2026-05-24T18:00:00.000000000,134.25,108.10351
2026-05-24T19:00:00.000000000,134.7,114.15088
2026-05-24T20:00:00.000000000,136.97,121.76205
2026-05-24T21:00:00.000000000,138.51,133.51505
2026-05-24T22:00:00.000000000,144.22,145.26901
2026-05-24T23:00:00.000000000,152.67,158.22371
2026-05-25T00:00:00.000000000,160.38,155.33644
2026-05-25T01:00:00.000000000,170.4,167.26047
2026-05-25T02:00:00.000000000,194.07,171.23089
2026-05-25T03:00:00.000000000,195.17,177.93804
2026-05-25T04:00:00.000000000,192.78,180.93834
2026-05-25T05:00:00.000000000,180.21,181.94314
2026-05-25T06:00:00.000000000,179.4,179.8975
2026-05-25T07:00:00.000000000,167.24,172.61464
2026-05-25T08:00:00.000000000,169.22,169.58081
2026-05-25T09:00:00.000000000,159.02,167.91937
2026-05-25T10:00:00.000000000,156.78,166.33166
2026-05-25T11:00:00.000000000,152.75,164.95898
2026-05-25T12:00:00.000000000,156.07,162.80166
2026-05-25T13:00:00.000000000,155.51,158.13719
2026-05-25T14:00:00.000000000,147.23,148.99299
2026-05-25T15:00:00.000000000,127.54,138.71622
2026-05-25T16:00:00.000000000,123.18,125.02972
2026-05-25T17:00:00.000000000,130.6,108.12292
2026-05-25T18:00:00.000000000,137.29,97.87181
2026-05-25T19:00:00.000000000,119.35,100.4919
2026-05-25T20:00:00.000000000,121.84,104.55698
2026-05-25T21:00:00.000000000,119.8,114.00796
2026-05-25T22:00:00.000000000,123.12,124.4989
2026-05-25T23:00:00.000000000,133.1,137.16457
2026-05-26T00:00:00.000000000,138.96,139.83926
2026-05-26T01:00:00.000000000,146.23,154.03065
2026-05-26T02:00:00.000000000,177.31,160.26396
2026-05-26T03:00:00.000000000,186.87,169.90347
2026-05-26T04:00:00.000000000,188.11,175.77261
2026-05-26T05:00:00.000000000,174.84,178.79599
2026-05-26T06:00:00.000000000,174.61,177.21033
2026-05-26T07:00:00.000000000,169.6,168.56561
2026-05-26T08:00:00.000000000,167.47,163.77747
2026-05-26T09:00:00.000000000,162.61,161.6136
2026-05-26T10:00:00.000000000,158.17,158.87164
2026-05-26T11:00:00.000000000,158.37,156.10533
2026-05-26T12:00:00.000000000,158.47,152.43049
2026-05-26T13:00:00.000000000,163.96,146.6727
2026-05-26T14:00:00.000000000,155.86,137.1483
2026-05-26T15:00:00.000000000,132.16,127.30599
2026-05-26T16:00:00.000000000,128.05,113.74399
2026-05-26T17:00:00.000000000,131.33,95.82128
2026-05-26T18:00:00.000000000,130.93,83.45987
2026-05-26T19:00:00.000000000,125.56,85.02403
2026-05-26T20:00:00.000000000,120.94,87.55688
2026-05-26T21:00:00.000000000,120.95,96.02322
2026-05-26T22:00:00.000000000,120.28,106.4924
2026-05-26T23:00:00.000000000,119.67,119.95979
2026-05-27T00:00:00.000000000,124.58,139.83467
2026-05-27T01:00:00.000000000,141.37,153.7861
2026-05-27T02:00:00.000000000,179.35,159.34951
2026-05-27T03:00:00.000000000,189.57,168.54384
2026-05-27T04:00:00.000000000,191.72,174.07337
2026-05-27T05:00:00.000000000,189.5,176.30442
2026-05-27T06:00:00.000000000,186.74,173.94669
2026-05-27T07:00:00.000000000,173.56,164.44957
2026-05-27T08:00:00.000000000,173.04,159.63969
2026-05-27T09:00:00.000000000,166.57,157.74334
2026-05-27T10:00:00.000000000,160.74,155.10904
2026-05-27T11:00:00.000000000,157.23,151.89812
2026-05-27T12:00:00.000000000,161.4,147.50204
2026-05-27T13:00:00.000000000,157.5,140.91851
2026-05-27T14:00:00.000000000,144.43,130.29421
2026-05-27T15:00:00.000000000,133.93,119.75874
2026-05-27T16:00:00.000000000,128.84,105.52738
2026-05-27T17:00:00.000000000,120.67,87.16734
2026-05-27T18:00:00.000000000,118.39,74.93872
2026-05-27T19:00:00.000000000,117.19,77.64216
2026-05-27T20:00:00.000000000,114.05,81.73374
2026-05-27T21:00:00.000000000,116.52,91.97747
2026-05-27T22:00:00.000000000,117.15,104.0925
2026-05-27T23:00:00.000000000,122.29,118.94226
2026-05-28T00:00:00.000000000,128.65,137.77748
2026-05-28T01:00:00.000000000,132.68,151.71859
2026-05-28T02:00:00.000000000,175.2,157.07927
2026-05-28T03:00:00.000000000,194.42,166.3333
2026-05-28T04:00:00.000000000,189.2,171.86872
2026-05-28T05:00:00.000000000,190.85,173.79092
2026-05-28T06:00:00.000000000,174.82,170.9251
2026-05-28T07:00:00.000000000,162.47,160.68138
2026-05-28T08:00:00.000000000,143.79,155.41636
2026-05-28T09:00:00.000000000,134.71,153.44251
2026-05-28T10:00:00.000000000,144.62,150.47622
2026-05-28T11:00:00.000000000,159.51,146.75088
2026-05-28T12:00:00.000000000,158.68,141.74408
2026-05-28T13:00:00.000000000,160.94,134.64094
2026-05-28T14:00:00.000000000,159.55,123.45865
2026-05-28T15:00:00.000000000,134.31,112.76891
2026-05-28T16:00:00.000000000,118.93,98.52227
2026-05-28T17:00:00.000000000,113.62,80.17104
2026-05-28T18:00:00.000000000,117.23,68.0928
2026-05-28T19:00:00.000000000,118.64,71.47607
2026-05-28T20:00:00.000000000,116.37,76.21575
2026-05-28T21:00:00.000000000,116.1,87.20144
2026-05-28T22:00:00.000000000,131.42,100.19698
2026-05-28T23:00:00.000000000,125.35,115.88841
2026-05-29T00:00:00.000000000,134.16,134.76894
2026-05-29T01:00:00.000000000,131.08,147.88508
2026-05-29T02:00:00.000000000,146.13,152.36612
2026-05-29T03:00:00.000000000,157.68,161.5635
2026-05-29T04:00:00.000000000,169.04,167.21574
2026-05-29T05:00:00.000000000,148.88,169.26487
2026-05-29T06:00:00.000000000,139.06,166.43931
2026-05-29T07:00:00.000000000,129.4,155.97392
2026-05-29T08:00:00.000000000,143.39,150.78121
2026-05-29T09:00:00.000000000,131.61,149.26974
2026-05-29T10:00:00.000000000,142.2,146.1644
2026-05-29T11:00:00.000000000,142.56,142.01665
2026-05-29T12:00:00.000000000,145.7,136.29097
2026-05-29T13:00:00.000000000,147.16,128.56649
2026-05-29T14:00:00.000000000,135.48,116.65205
2026-05-29T15:00:00.000000000,102.94,105.77613
2026-05-29T16:00:00.000000000,90.67,91.69403
2026-05-29T17:00:00.000000000,89.4,73.75887
2026-05-29T18:00:00.000000000,88.6,62.08522
2026-05-29T19:00:00.000000000,87.08,66.05507
2026-05-29T20:00:00.000000000,87.5,71.2472
2026-05-29T21:00:00.000000000,88.99,82.75207
2026-05-29T22:00:00.000000000,98.75,96.53531
2026-05-29T23:00:00.000000000,107.52,112.65313
2026-05-30T00:00:00.000000000,121.32,131.94707
2026-05-30T01:00:00.000000000,126.09,144.47688
2026-05-30T02:00:00.000000000,159.11,148.3688
2026-05-30T03:00:00.000000000,168.89,157.66234
2026-05-30T04:00:00.000000000,179.44,163.56605
2026-05-30T05:00:00.000000000,174.61,165.93398
2026-05-30T06:00:00.000000000,159.97,163.41921
2026-05-30T07:00:00.000000000,152.18,152.99857
2026-05-30T08:00:00.000000000,162.54,147.88666
2026-05-30T09:00:00.000000000,138.13,146.75914
2026-05-30T10:00:00.000000000,136.38,143.80704
2026-05-30T11:00:00.000000000,135.31,140.07774
2026-05-30T12:00:00.000000000,135.41,134.7741
2026-05-30T13:00:00.000000000,136.6,127.431
2026-05-30T14:00:00.000000000,136.47,115.41414
2026-05-30T15:00:00.000000000,122.12,104.35221
2026-05-30T16:00:00.000000000,113.17,90.26903
2026-05-30T17:00:00.000000000,115.26,72.4669
2026-05-30T18:00:00.000000000,116.21,60.6518
2026-05-30T19:00:00.000000000,117.68,64.33214
2026-05-30T20:00:00.000000000,115.58,69.0349
2026-05-30T21:00:00.000000000,117.77,80.13834
2026-05-30T22:00:00.000000000,117.97,93.95926
2026-05-30T23:00:00.000000000,121.85,109.9353
2026-05-25T00:00:00.000000000,160.38,167.62314
2026-05-25T01:00:00.000000000,170.4,180.15888
2026-05-25T02:00:00.000000000,194.07,184.16489
2026-05-25T03:00:00.000000000,195.17,189.03862
2026-05-25T04:00:00.000000000,192.78,189.56157
2026-05-25T05:00:00.000000000,180.21,188.16515
2026-05-25T06:00:00.000000000,179.4,184.76439
2026-05-25T07:00:00.000000000,167.24,177.52312
2026-05-25T08:00:00.000000000,169.22,174.63342
2026-05-25T09:00:00.000000000,159.02,172.86997
2026-05-25T10:00:00.000000000,156.78,171.87184
2026-05-25T11:00:00.000000000,152.75,171.71397
2026-05-25T12:00:00.000000000,156.07,171.32707
2026-05-25T13:00:00.000000000,155.51,168.31367
2026-05-25T14:00:00.000000000,147.23,159.91461
2026-05-25T15:00:00.000000000,127.54,149.61893
2026-05-25T16:00:00.000000000,123.18,135.62905
2026-05-25T17:00:00.000000000,130.6,118.30842
2026-05-25T18:00:00.000000000,137.29,108.35714
2026-05-25T19:00:00.000000000,119.35,111.35777
2026-05-25T20:00:00.000000000,121.84,116.24223
2026-05-25T21:00:00.000000000,119.8,125.99903
2026-05-25T22:00:00.000000000,123.12,136.4713
2026-05-25T23:00:00.000000000,133.1,149.40307
2026-05-26T00:00:00.000000000,138.96,152.5504
2026-05-26T01:00:00.000000000,146.23,165.64874
2026-05-26T02:00:00.000000000,177.31,170.55089
2026-05-26T03:00:00.000000000,186.87,178.03314
2026-05-26T04:00:00.000000000,188.11,181.74926
2026-05-26T05:00:00.000000000,174.84,183.11064
2026-05-26T06:00:00.000000000,174.61,180.93946
2026-05-26T07:00:00.000000000,169.6,172.72227
2026-05-26T08:00:00.000000000,167.47,168.5939
2026-05-26T09:00:00.000000000,162.61,166.34322
2026-05-26T10:00:00.000000000,158.17,164.34481
2026-05-26T11:00:00.000000000,158.37,162.50496
2026-05-26T12:00:00.000000000,158.47,159.86876
2026-05-26T13:00:00.000000000,163.96,154.9294
2026-05-26T14:00:00.000000000,155.86,145.77917
2026-05-26T15:00:00.000000000,132.16,135.86489
2026-05-26T16:00:00.000000000,128.05,122.1227
2026-05-26T17:00:00.000000000,131.33,104.63276
2026-05-26T18:00:00.000000000,130.93,93.59316
2026-05-26T19:00:00.000000000,125.56,95.77743
2026-05-26T20:00:00.000000000,120.94,99.62788
2026-05-26T21:00:00.000000000,120.95,109.1527
2026-05-26T22:00:00.000000000,120.28,119.98507
2026-05-26T23:00:00.000000000,119.67,133.35044
2026-05-27T00:00:00.000000000,124.58,150.03095
2026-05-27T01:00:00.000000000,141.37,163.25396
2026-05-27T02:00:00.000000000,179.35,168.03673
2026-05-27T03:00:00.000000000,189.57,175.50376
2026-05-27T04:00:00.000000000,191.72,179.22409
2026-05-27T05:00:00.000000000,189.5,180.07354
2026-05-27T06:00:00.000000000,186.74,177.16009
2026-05-27T07:00:00.000000000,173.56,168.15972
2026-05-27T08:00:00.000000000,173.04,163.88546
2026-05-27T09:00:00.000000000,166.57,161.87955
2026-05-27T10:00:00.000000000,160.74,159.59148
2026-05-27T11:00:00.000000000,157.23,156.70282
2026-05-27T12:00:00.000000000,161.4,152.64499
2026-05-27T13:00:00.000000000,157.5,146.41006
2026-05-27T14:00:00.000000000,144.43,136.25974
2026-05-27T15:00:00.000000000,133.93,126.10598
2026-05-27T16:00:00.000000000,128.84,112.21895
2026-05-27T17:00:00.000000000,120.67,94.50259
2026-05-27T18:00:00.000000000,118.39,83.64066
2026-05-27T19:00:00.000000000,117.19,87.06781
2026-05-27T20:00:00.000000000,114.05,92.24292
2026-05-27T21:00:00.000000000,116.52,103.23706
2026-05-27T22:00:00.000000000,117.15,115.40499
2026-05-27T23:00:00.000000000,122.29,130.03653
2026-05-28T00:00:00.000000000,128.65,146.11065
2026-05-28T01:00:00.000000000,132.68,159.612
2026-05-28T02:00:00.000000000,175.2,164.55266
2026-05-28T03:00:00.000000000,194.42,172.4784
2026-05-28T04:00:00.000000000,189.2,176.5698
2026-05-28T05:00:00.000000000,190.85,177.34808
2026-05-28T06:00:00.000000000,174.82,173.95636
2026-05-28T07:00:00.000000000,162.47,164.06269
2026-05-28T08:00:00.000000000,143.79,159.1248
2026-05-28T09:00:00.000000000,134.71,156.92242
2026-05-28T10:00:00.000000000,144.62,154.13258
2026-05-28T11:00:00.000000000,159.51,150.55148
2026-05-28T12:00:00.000000000,158.68,145.72739
2026-05-28T13:00:00.000000000,160.94,138.87189
2026-05-28T14:00:00.000000000,159.55,128.19083
2026-05-28T15:00:00.000000000,134.31,117.96627
2026-05-28T16:00:00.000000000,118.93,104.11787
2026-05-28T17:00:00.000000000,113.62,86.31363
2026-05-28T18:00:00.000000000,117.23,75.37209
2026-05-28T19:00:00.000000000,118.64,79.3565
2026-05-28T20:00:00.000000000,116.37,84.97407
2026-05-28T21:00:00.000000000,116.1,96.52825
2026-05-28T22:00:00.000000000,131.42,109.4719
2026-05-28T23:00:00.000000000,125.35,124.94746
2026-05-29T00:00:00.000000000,134.16,141.88318
2026-05-29T01:00:00.000000000,131.08,155.19739
2026-05-29T02:00:00.000000000,146.13,159.8841
2026-05-29T03:00:00.000000000,157.68,168.22301
2026-05-29T04:00:00.000000000,169.04,172.78877
2026-05-29T05:00:00.000000000,148.88,173.76137
2026-05-29T06:00:00.000000000,139.06,170.20858
2026-05-29T07:00:00.000000000,129.4,159.62313
2026-05-29T08:00:00.000000000,143.39,154.16259
2026-05-29T09:00:00.000000000,131.61,151.88599
2026-05-29T10:00:00.000000000,142.2,148.76116
2026-05-29T11:00:00.000000000,142.56,144.84257
2026-05-29T12:00:00.000000000,145.7,139.61859
2026-05-29T13:00:00.000000000,147.16,132.40739
2026-05-29T14:00:00.000000000,135.48,121.20978
2026-05-29T15:00:00.000000000,102.94,110.75196
2026-05-29T16:00:00.000000000,90.67,96.927
2026-05-29T17:00:00.000000000,89.4,79.22548
2026-05-29T18:00:00.000000000,88.6,68.24901
2026-05-29T19:00:00.000000000,87.08,72.56234
2026-05-29T20:00:00.000000000,87.5,78.33053
2026-05-29T21:00:00.000000000,88.99,90.15507
2026-05-29T22:00:00.000000000,98.75,103.72932
2026-05-29T23:00:00.000000000,107.52,119.76761
2026-05-30T00:00:00.000000000,121.32,136.71741
2026-05-30T01:00:00.000000000,126.09,149.46443
2026-05-30T02:00:00.000000000,159.11,153.6295
2026-05-30T03:00:00.000000000,168.89,162.42338
2026-05-30T04:00:00.000000000,179.44,167.66296
2026-05-30T05:00:00.000000000,174.61,169.45138
2026-05-30T06:00:00.000000000,159.97,166.57519
2026-05-30T07:00:00.000000000,152.18,156.25078
2026-05-30T08:00:00.000000000,162.54,151.08792
2026-05-30T09:00:00.000000000,138.13,149.48667
2026-05-30T10:00:00.000000000,136.38,146.46419
2026-05-30T11:00:00.000000000,135.31,142.671
2026-05-30T12:00:00.000000000,135.41,137.40735
2026-05-30T13:00:00.000000000,136.6,130.1413
2026-05-30T14:00:00.000000000,136.47,118.571
2026-05-30T15:00:00.000000000,122.12,107.87195
2026-05-30T16:00:00.000000000,113.17,94.01944
2026-05-30T17:00:00.000000000,115.26,76.4103
2026-05-30T18:00:00.000000000,116.21,65.09142
2026-05-30T19:00:00.000000000,117.68,69.00592
2026-05-30T20:00:00.000000000,115.58,74.1022
2026-05-30T21:00:00.000000000,117.77,85.42124
2026-05-30T22:00:00.000000000,117.97,98.99727
2026-05-30T23:00:00.000000000,121.85,114.83188
2026-05-31T00:00:00.000000000,134.98,139.1898
2026-05-31T01:00:00.000000000,157.4,152.06713
2026-05-31T02:00:00.000000000,177.6,155.91872
2026-05-31T03:00:00.000000000,199.31,164.28227
2026-05-31T04:00:00.000000000,201.85,169.20582
2026-05-31T05:00:00.000000000,187.72,171.01158
2026-05-31T06:00:00.000000000,165.95,168.69281
2026-05-31T07:00:00.000000000,154.66,159.37522
2026-05-31T08:00:00.000000000,168.29,155.48443
2026-05-31T09:00:00.000000000,149.42,154.81199
2026-05-31T10:00:00.000000000,141.48,152.7414
2026-05-31T11:00:00.000000000,141.97,149.87808
2026-05-31T12:00:00.000000000,141.93,145.47451
2026-05-31T13:00:00.000000000,142.01,138.52448
2026-05-31T14:00:00.000000000,140.28,126.49534
2026-05-31T15:00:00.000000000,140.67,114.66508
2026-05-31T16:00:00.000000000,122.93,99.44251
2026-05-31T17:00:00.000000000,118.46,80.79501
2026-05-31T18:00:00.000000000,118.59,68.64506
2026-05-31T19:00:00.000000000,118.79,72.03714
2026-05-31T20:00:00.000000000,116.71,76.93355
2026-05-31T21:00:00.000000000,120.83,88.36841
2026-05-31T22:00:00.000000000,133.12,101.91185
2026-05-31T23:00:00.000000000,146.92,117.7391
2026-05-26T00:00:00.000000000,138.96,137.46794
2026-05-26T01:00:00.000000000,146.23,152.15214
2026-05-26T02:00:00.000000000,177.31,159.62783
2026-05-26T03:00:00.000000000,186.87,169.81667
2026-05-26T04:00:00.000000000,188.11,175.64418
2026-05-26T05:00:00.000000000,174.84,178.39844
2026-05-26T06:00:00.000000000,174.61,176.23331
2026-05-26T07:00:00.000000000,169.6,167.30436
2026-05-26T08:00:00.000000000,167.47,161.39613
2026-05-26T09:00:00.000000000,162.61,158.33549
2026-05-26T10:00:00.000000000,158.17,154.64616
2026-05-26T11:00:00.000000000,158.37,151.7813
2026-05-26T12:00:00.000000000,158.47,148.6501
2026-05-26T13:00:00.000000000,163.96,144.13704
2026-05-26T14:00:00.000000000,155.86,136.51511
2026-05-26T15:00:00.000000000,132.16,128.49762
2026-05-26T16:00:00.000000000,128.05,116.84764
2026-05-26T17:00:00.000000000,131.33,99.98452
2026-05-26T18:00:00.000000000,130.93,88.11134
2026-05-26T19:00:00.000000000,125.56,89.31318
2026-05-26T20:00:00.000000000,120.94,90.52841
2026-05-26T21:00:00.000000000,120.95,97.04451
2026-05-26T22:00:00.000000000,120.28,105.83123
2026-05-26T23:00:00.000000000,119.67,118.09529
2026-05-27T00:00:00.000000000,124.58,137.2101
2026-05-27T01:00:00.000000000,141.37,151.42237
2026-05-27T02:00:00.000000000,179.35,157.36113
2026-05-27T03:00:00.000000000,189.57,166.9967
2026-05-27T04:00:00.000000000,191.72,172.82899
2026-05-27T05:00:00.000000000,189.5,175.29165
2026-05-27T06:00:00.000000000,186.74,172.95508
2026-05-27T07:00:00.000000000,173.56,163.30292
2026-05-27T08:00:00.000000000,173.04,158.01742
2026-05-27T09:00:00.000000000,166.57,155.86534
2026-05-27T10:00:00.000000000,160.74,152.94108
2026-05-27T11:00:00.000000000,157.23,149.83407
2026-05-27T12:00:00.000000000,161.4,145.74229
2026-05-27T13:00:00.000000000,157.5,139.57209
2026-05-27T14:00:00.000000000,144.43,129.38852
2026-05-27T15:00:00.000000000,133.93,119.19231
2026-05-27T16:00:00.000000000,128.84,105.38365
2026-05-27T17:00:00.000000000,120.67,87.22134
2026-05-27T18:00:00.000000000,118.39,74.80689
2026-05-27T19:00:00.000000000,117.19,77.12981
2026-05-27T20:00:00.000000000,114.05,80.45127
2026-05-27T21:00:00.000000000,116.52,89.88406
2026-05-27T22:00:00.000000000,117.15,101.49272
2026-05-27T23:00:00.000000000,122.29,116.0837
2026-05-28T00:00:00.000000000,128.65,135.16241
2026-05-28T01:00:00.000000000,132.68,149.02459
2026-05-28T02:00:00.000000000,175.2,154.35035
2026-05-28T03:00:00.000000000,194.42,163.91722
2026-05-28T04:00:00.000000000,189.2,169.81345
2026-05-28T05:00:00.000000000,190.85,172.10535
2026-05-28T06:00:00.000000000,174.82,169.47727
2026-05-28T07:00:00.000000000,162.47,159.26853
2026-05-28T08:00:00.000000000,143.79,153.99258
2026-05-28T09:00:00.000000000,134.71,152.20849
2026-05-28T10:00:00.000000000,144.62,149.19187
2026-05-28T11:00:00.000000000,159.51,145.45343
2026-05-28T12:00:00.000000000,158.68,140.39685
2026-05-28T13:00:00.000000000,160.94,133.28061
2026-05-28T14:00:00.000000000,159.55,122.02478
2026-05-28T15:00:00.000000000,134.31,111.32609
2026-05-28T16:00:00.000000000,118.93,97.15285
2026-05-28T17:00:00.000000000,113.62,78.8387
2026-05-28T18:00:00.000000000,117.23,66.57076
2026-05-28T19:00:00.000000000,118.64,69.76132
2026-05-28T20:00:00.000000000,116.37,74.1284
2026-05-28T21:00:00.000000000,116.1,84.79557
2026-05-28T22:00:00.000000000,131.42,97.70841
2026-05-28T23:00:00.000000000,125.35,113.31247
2026-05-29T00:00:00.000000000,134.16,132.45033
2026-05-29T01:00:00.000000000,131.08,145.41569
2026-05-29T02:00:00.000000000,146.13,149.76064
2026-05-29T03:00:00.000000000,157.68,159.19734
2026-05-29T04:00:00.000000000,169.04,165.16391
2026-05-29T05:00:00.000000000,148.88,167.52328
2026-05-29T06:00:00.000000000,139.06,164.91278
2026-05-29T07:00:00.000000000,129.4,154.46258
2026-05-29T08:00:00.000000000,143.39,149.30504
2026-05-29T09:00:00.000000000,131.61,148.02048
2026-05-29T10:00:00.000000000,142.2,144.93862
2026-05-29T11:00:00.000000000,142.56,140.85141
2026-05-29T12:00:00.000000000,145.7,135.14952
2026-05-29T13:00:00.000000000,147.16,127.4493
2026-05-29T14:00:00.000000000,135.48,115.40561
2026-05-29T15:00:00.000000000,102.94,104.42999
2026-05-29T16:00:00.000000000,90.67,90.32703
2026-05-29T17:00:00.000000000,89.4,72.37978
2026-05-29T18:00:00.000000000,88.6,60.50839
2026-05-29T19:00:00.000000000,87.08,64.31304
2026-05-29T20:00:00.000000000,87.5,69.21965
2026-05-29T21:00:00.000000000,88.99,80.50077
2026-05-29T22:00:00.000000000,98.75,94.29335
2026-05-29T23:00:00.000000000,107.52,110.36954
2026-05-30T00:00:00.000000000,121.32,130.4457
2026-05-30T01:00:00.000000000,126.09,142.88276
2026-05-30T02:00:00.000000000,159.11,146.67384
2026-05-30T03:00:00.000000000,168.89,156.11713
2026-05-30T04:00:00.000000000,179.44,162.21758
2026-05-30T05:00:00.000000000,174.61,164.74887
2026-05-30T06:00:00.000000000,159.97,162.3289
2026-05-30T07:00:00.000000000,152.18,151.84183
2026-05-30T08:00:00.000000000,162.54,146.67864
2026-05-30T09:00:00.000000000,138.13,145.65513
2026-05-30T10:00:00.000000000,136.38,142.72325
2026-05-30T11:00:00.000000000,135.31,139.09959
2026-05-30T12:00:00.000000000,135.41,133.91159
2026-05-30T13:00:00.000000000,136.6,126.67813
2026-05-30T14:00:00.000000000,136.47,114.60204
2026-05-30T15:00:00.000000000,122.12,103.45561
2026-05-30T16:00:00.000000000,113.17,89.33778
2026-05-30T17:00:00.000000000,115.26,71.50562
2026-05-30T18:00:00.000000000,116.21,59.54113
2026-05-30T19:00:00.000000000,117.68,63.10007
2026-05-30T20:00:00.000000000,115.58,67.60277
2026-05-30T21:00:00.000000000,117.77,78.55201
2026-05-30T22:00:00.000000000,117.97,92.40529
2026-05-30T23:00:00.000000000,121.85,108.38909
2026-05-31T00:00:00.000000000,134.98,135.99622
2026-05-31T01:00:00.000000000,157.4,149.05986
2026-05-31T02:00:00.000000000,177.6,152.97192
2026-05-31T03:00:00.000000000,199.31,161.77315
2026-05-31T04:00:00.000000000,201.85,167.19232
2026-05-31T05:00:00.000000000,187.72,169.3227
2026-05-31T06:00:00.000000000,165.95,167.1217
2026-05-31T07:00:00.000000000,154.66,157.54883
2026-05-31T08:00:00.000000000,168.29,153.54366
2026-05-31T09:00:00.000000000,149.42,153.05556
2026-05-31T10:00:00.000000000,141.48,150.96591
2026-05-31T11:00:00.000000000,141.97,148.01534
2026-05-31T12:00:00.000000000,141.93,143.4804
2026-05-31T13:00:00.000000000,142.01,136.38102
2026-05-31T14:00:00.000000000,140.28,123.99673
2026-05-31T15:00:00.000000000,140.67,111.88133
2026-05-31T16:00:00.000000000,122.93,96.3324
2026-05-31T17:00:00.000000000,118.46,77.30906
2026-05-31T18:00:00.000000000,118.59,64.6554
2026-05-31T19:00:00.000000000,118.79,67.92049
2026-05-31T20:00:00.000000000,116.71,72.67907
2026-05-31T21:00:00.000000000,120.83,84.16155
2026-05-31T22:00:00.000000000,133.12,98.01076
2026-05-31T23:00:00.000000000,146.92,114.1666
2026-06-01T00:00:00.000000000,147.49,143.51121
2026-06-01T01:00:00.000000000,154.84,155.73016
2026-06-01T02:00:00.000000000,183.38,158.75446
2026-06-01T03:00:00.000000000,208.95,166.31863
2026-06-01T04:00:00.000000000,206.72,170.71111
2026-06-01T05:00:00.000000000,199.5,172.40108
2026-06-01T06:00:00.000000000,195.88,170.47539
2026-06-01T07:00:00.000000000,182.27,162.03681
2026-06-01T08:00:00.000000000,173.92,159.35209
2026-06-01T09:00:00.000000000,171.5,159.38185
2026-06-01T10:00:00.000000000,171.82,158.05038
2026-06-01T11:00:00.000000000,169.46,155.53603
2026-06-01T12:00:00.000000000,165.01,151.16791
2026-06-01T13:00:00.000000000,164.57,143.81871
2026-06-01T14:00:00.000000000,157.81,131.11433
2026-06-01T15:00:00.000000000,129.12,118.44757
2026-06-01T16:00:00.000000000,128.84,102.59701
2026-06-01T17:00:00.000000000,131.11,83.89396
2026-06-01T18:00:00.000000000,130.4,71.96117
2026-06-01T19:00:00.000000000,135.51,75.64989
2026-06-01T20:00:00.000000000,142.77,81.23718
2026-06-01T21:00:00.000000000,154.12,93.2889
2026-06-01T22:00:00.000000000,162.8,107.05052
2026-06-01T23:00:00.000000000,165.78,122.77984
2026-05-27T00:00:00.000000000,124.58,143.66616
2026-05-27T01:00:00.000000000,141.37,157.72375
2026-05-27T02:00:00.000000000,179.35,164.15233
2026-05-27T03:00:00.000000000,189.57,173.09166
2026-05-27T04:00:00.000000000,191.72,177.8784
2026-05-27T05:00:00.000000000,189.5,179.76715
2026-05-27T06:00:00.000000000,186.74,177.34247
2026-05-27T07:00:00.000000000,173.56,168.62497
2026-05-27T08:00:00.000000000,173.04,163.47536
2026-05-27T09:00:00.000000000,166.57,160.83218
2026-05-27T10:00:00.000000000,160.74,157.88207
2026-05-27T11:00:00.000000000,157.23,155.38338
2026-05-27T12:00:00.000000000,161.4,152.37622
2026-05-27T13:00:00.000000000,157.5,147.65204
2026-05-27T14:00:00.000000000,144.43,139.5121
2026-05-27T15:00:00.000000000,133.93,130.88954
2026-05-27T16:00:00.000000000,128.84,118.51647
2026-05-27T17:00:00.000000000,120.67,101.40722
2026-05-27T18:00:00.000000000,118.39,89.94197
2026-05-27T19:00:00.000000000,117.19,91.71577
2026-05-27T20:00:00.000000000,114.05,94.13839
2026-05-27T21:00:00.000000000,116.52,102.01966
2026-05-27T22:00:00.000000000,117.15,111.69813
2026-05-27T23:00:00.000000000,122.29,124.51133
2026-05-28T00:00:00.000000000,128.65,142.24102
2026-05-28T01:00:00.000000000,132.68,156.1276
2026-05-28T02:00:00.000000000,175.2,161.75124
2026-05-28T03:00:00.000000000,194.42,170.55371
2026-05-28T04:00:00.000000000,189.2,175.53073
2026-05-28T05:00:00.000000000,190.85,177.19279
2026-05-28T06:00:00.000000000,174.82,174.34605
2026-05-28T07:00:00.000000000,162.47,164.6866
2026-05-28T08:00:00.000000000,143.79,159.64004
2026-05-28T09:00:00.000000000,134.71,157.45204
2026-05-28T10:00:00.000000000,144.62,154.54255
2026-05-28T11:00:00.000000000,159.51,150.9979
2026-05-28T12:00:00.000000000,158.68,146.28766
2026-05-28T13:00:00.000000000,160.94,139.63826
2026-05-28T14:00:00.000000000,159.55,129.32711
2026-05-28T15:00:00.000000000,134.31,119.36776
2026-05-28T16:00:00.000000000,118.93,105.74048
2026-05-28T17:00:00.000000000,113.62,87.84867
2026-05-28T18:00:00.000000000,117.23,76.31408
2026-05-28T19:00:00.000000000,118.64,79.51799
2026-05-28T20:00:00.000000000,116.37,84.06233
2026-05-28T21:00:00.000000000,116.1,94.52853
2026-05-28T22:00:00.000000000,131.42,106.66028
2026-05-28T23:00:00.000000000,125.35,121.51169
2026-05-29T00:00:00.000000000,134.16,140.17839
2026-05-29T01:00:00.000000000,131.08,153.7211
2026-05-29T02:00:00.000000000,146.13,158.69432
2026-05-29T03:00:00.000000000,157.68,167.42701
2026-05-29T04:00:00.000000000,169.04,172.42248
2026-05-29T05:00:00.000000000,148.88,173.81108
2026-05-29T06:00:00.000000000,139.06,170.53597
2026-05-29T07:00:00.000000000,129.4,160.08291
2026-05-29T08:00:00.000000000,143.39,154.70237
2026-05-29T09:00:00.000000000,131.61,152.53757
2026-05-29T10:00:00.000000000,142.2,149.43719
2026-05-29T11:00:00.000000000,142.56,145.49261
2026-05-29T12:00:00.000000000,145.7,140.21963
2026-05-29T13:00:00.000000000,147.16,132.9373
2026-05-29T14:00:00.000000000,135.48,121.70045
2026-05-29T15:00:00.000000000,102.94,111.16685
2026-05-29T16:00:00.000000000,90.67,97.21982
2026-05-29T17:00:00.000000000,89.4,79.30657
2026-05-29T18:00:00.000000000,88.6,67.95072
2026-05-29T19:00:00.000000000,87.08,71.96864
2026-05-29T20:00:00.000000000,87.5,77.40162
2026-05-29T21:00:00.000000000,88.99,88.93648
2026-05-29T22:00:00.000000000,98.75,102.29947
2026-05-29T23:00:00.000000000,107.52,118.19615
2026-05-30T00:00:00.000000000,121.32,136.40168
2026-05-30T01:00:00.000000000,126.09,149.28802
2026-05-30T02:00:00.000000000,159.11,153.55151
2026-05-30T03:00:00.000000000,168.89,162.43235
2026-05-30T04:00:00.000000000,179.44,167.75592
2026-05-30T05:00:00.000000000,174.61,169.61362
2026-05-30T06:00:00.000000000,159.97,166.78747
2026-05-30T07:00:00.000000000,152.18,156.50267
2026-05-30T08:00:00.000000000,162.54,151.41324
2026-05-30T09:00:00.000000000,138.13,149.8778
2026-05-30T10:00:00.000000000,136.38,146.87795
2026-05-30T11:00:00.000000000,135.31,143.0282
2026-05-30T12:00:00.000000000,135.41,137.68147
2026-05-30T13:00:00.000000000,136.6,130.30294
2026-05-30T14:00:00.000000000,136.47,118.62911
2026-05-30T15:00:00.000000000,122.12,107.82948
2026-05-30T16:00:00.000000000,113.17,93.83989
2026-05-30T17:00:00.000000000,115.26,76.0823
2026-05-30T18:00:00.000000000,116.21,64.61605
2026-05-30T19:00:00.000000000,117.68,68.50957
2026-05-30T20:00:00.000000000,115.58,73.61433
2026-05-30T21:00:00.000000000,117.77,84.97938
2026-05-30T22:00:00.000000000,117.97,98.58076
2026-05-30T23:00:00.000000000,121.85,114.4776
2026-05-31T00:00:00.000000000,134.98,139.28042
2026-05-31T01:00:00.000000000,157.4,152.15799
2026-05-31T02:00:00.000000000,177.6,155.98398
2026-05-31T03:00:00.000000000,199.31,164.32385
2026-05-31T04:00:00.000000000,201.85,169.23001
2026-05-31T05:00:00.000000000,187.72,171.01784
2026-05-31T06:00:00.000000000,165.95,168.69238
2026-05-31T07:00:00.000000000,154.66,159.3766
2026-05-31T08:00:00.000000000,168.29,155.51753
2026-05-31T09:00:00.000000000,149.42,154.87172
2026-05-31T10:00:00.000000000,141.48,152.81913
2026-05-31T11:00:00.000000000,141.97,149.94256
2026-05-31T12:00:00.000000000,141.93,145.50687
2026-05-31T13:00:00.000000000,142.01,138.50701
2026-05-31T14:00:00.000000000,140.28,126.41529
2026-05-31T15:00:00.000000000,140.67,114.53304
2026-05-31T16:00:00.000000000,122.93,99.26068
2026-05-31T17:00:00.000000000,118.46,80.58334
2026-05-31T18:00:00.000000000,118.59,68.42729
2026-05-31T19:00:00.000000000,118.79,71.85619
2026-05-31T20:00:00.000000000,116.71,76.81279
2026-05-31T21:00:00.000000000,120.83,88.31928
2026-05-31T22:00:00.000000000,133.12,101.92009
2026-05-31T23:00:00.000000000,146.92,117.79773
2026-06-01T00:00:00.000000000,147.49,145.72486
2026-06-01T01:00:00.000000000,154.84,157.6933
2026-06-01T02:00:00.000000000,183.38,160.52071
2026-06-01T03:00:00.000000000,208.95,167.73937
2026-06-01T04:00:00.000000000,206.72,171.79339
2026-06-01T05:00:00.000000000,199.5,173.31073
2026-06-01T06:00:00.000000000,195.88,171.38181
2026-06-01T07:00:00.000000000,182.27,163.13032
2026-06-01T08:00:00.000000000,173.92,160.50856
2026-06-01T09:00:00.000000000,171.5,160.43331
2026-06-01T10:00:00.000000000,171.82,159.18326
2026-06-01T11:00:00.000000000,169.46,156.90048
2026-06-01T12:00:00.000000000,165.01,152.81051
2026-06-01T13:00:00.000000000,164.57,145.71125
2026-06-01T14:00:00.000000000,157.81,133.25224
2026-06-01T15:00:00.000000000,129.12,120.70997
2026-06-01T16:00:00.000000000,128.84,105.06079
2026-06-01T17:00:00.000000000,131.11,86.65617
2026-06-01T18:00:00.000000000,130.4,75.0541
2026-06-01T19:00:00.000000000,135.51,78.73762
2026-06-01T20:00:00.000000000,142.77,84.31691
2026-06-01T21:00:00.000000000,154.12,96.24228
2026-06-01T22:00:00.000000000,162.8,109.78719
2026-06-01T23:00:00.000000000,165.78,125.25988
2026-06-02T00:00:00.000000000,170.6,136.39408
2026-06-02T01:00:00.000000000,185.19,150.03144
2026-06-02T02:00:00.000000000,211.29,155.3636
2026-06-02T03:00:00.000000000,216.98,164.94281
2026-06-02T04:00:00.000000000,212.23,171.04649
2026-06-02T05:00:00.000000000,203.36,174.07373
2026-06-02T06:00:00.000000000,191.47,172.51801
2026-06-02T07:00:00.000000000,178.67,163.86638
2026-06-02T08:00:00.000000000,182.46,160.1256
2026-06-02T09:00:00.000000000,174.7,159.19199
2026-06-02T10:00:00.000000000,173.97,156.81368
2026-06-02T11:00:00.000000000,170.8,153.37583
2026-06-02T12:00:00.000000000,169.75,148.46615
2026-06-02T13:00:00.000000000,169.29,141.22334
2026-06-02T14:00:00.000000000,161.94,129.89129
2026-06-02T15:00:00.000000000,151.24,118.73922
2026-06-02T16:00:00.000000000,148.33,104.08351
2026-06-02T17:00:00.000000000,148.5,85.54693
2026-06-02T18:00:00.000000000,149.3,72.95107
2026-06-02T19:00:00.000000000,150.09,75.61422
2026-06-02T20:00:00.000000000,156.81,79.5579
2026-06-02T21:00:00.000000000,169.78,89.68174
2026-06-02T22:00:00.000000000,175.08,101.6758
2026-06-02T23:00:00.000000000,183.69,116.21187
2026-05-28T00:00:00.000000000,128.65,146.32672
2026-05-28T01:00:00.000000000,132.68,160.19154
2026-05-28T02:00:00.000000000,175.2,166.35726
2026-05-28T03:00:00.000000000,194.42,174.91804
2026-05-28T04:00:00.000000000,189.2,179.53377
2026-05-28T05:00:00.000000000,190.85,181.289
2026-05-28T06:00:00.000000000,174.82,178.79922
2026-05-28T07:00:00.000000000,162.47,170.1497
2026-05-28T08:00:00.000000000,143.79,165.54066
2026-05-28T09:00:00.000000000,134.71,163.26205
2026-05-28T10:00:00.000000000,144.62,160.38659
2026-05-28T11:00:00.000000000,159.51,156.98347
2026-05-28T12:00:00.000000000,158.68,152.53057
2026-05-28T13:00:00.000000000,160.94,146.41153
2026-05-28T14:00:00.000000000,159.55,137.25878
2026-05-28T15:00:00.000000000,134.31,128.35826
2026-05-28T16:00:00.000000000,118.93,115.64316
2026-05-28T17:00:00.000000000,113.62,98.34791
2026-05-28T18:00:00.000000000,117.23,87.31187
2026-05-28T19:00:00.000000000,118.64,90.00298
2026-05-28T20:00:00.000000000,116.37,93.92475
2026-05-28T21:00:00.000000000,116.1,103.29976
2026-05-28T22:00:00.000000000,131.42,114.00939
2026-05-28T23:00:00.000000000,125.35,127.44866
2026-05-29T00:00:00.000000000,134.16,146.54188
2026-05-29T01:00:00.000000000,131.08,159.87464
2026-05-29T02:00:00.000000000,146.13,164.71837
2026-05-29T03:00:00.000000000,157.68,172.58974
2026-05-29T04:00:00.000000000,169.04,176.69959
2026-05-29T05:00:00.000000000,148.88,177.56428
2026-05-29T06:00:00.000000000,139.06,174.25602
2026-05-29T07:00:00.000000000,129.4,164.45448
2026-05-29T08:00:00.000000000,143.39,159.6388
2026-05-29T09:00:00.000000000,131.61,157.50649
2026-05-29T10:00:00.000000000,142.2,154.69619
2026-05-29T11:00:00.000000000,142.56,150.90468
2026-05-29T12:00:00.000000000,145.7,145.75067
2026-05-29T13:00:00.000000000,147.16,138.61996
2026-05-29T14:00:00.000000000,135.48,127.79903
2026-05-29T15:00:00.000000000,102.94,117.61204
2026-05-29T16:00:00.000000000,90.67,103.83491
2026-05-29T17:00:00.000000000,89.4,86.14678
2026-05-29T18:00:00.000000000,88.6,75.4049
2026-05-29T19:00:00.000000000,87.08,79.55304
2026-05-29T20:00:00.000000000,87.5,85.3996
2026-05-29T21:00:00.000000000,88.99,97.13368
2026-05-29T22:00:00.000000000,98.75,110.17779
2026-05-29T23:00:00.000000000,107.52,125.62672
2026-05-30T00:00:00.000000000,121.32,142.57685
2026-05-30T01:00:00.000000000,126.09,155.77291
2026-05-30T02:00:00.000000000,159.11,160.37236
2026-05-30T03:00:00.000000000,168.89,168.6067
2026-05-30T04:00:00.000000000,179.44,173.07582
2026-05-30T05:00:00.000000000,174.61,174.11952
2026-05-30T06:00:00.000000000,159.97,170.78089
2026-05-30T07:00:00.000000000,152.18,160.52839
2026-05-30T08:00:00.000000000,162.54,155.29114
2026-05-30T09:00:00.000000000,138.13,153.09668
2026-05-30T10:00:00.000000000,136.38,150.11054
2026-05-30T11:00:00.000000000,135.31,146.4958
2026-05-30T12:00:00.000000000,135.41,141.64921
2026-05-30T13:00:00.000000000,136.6,134.75001
2026-05-30T14:00:00.000000000,136.47,123.74791
2026-05-30T15:00:00.000000000,122.12,113.27088
2026-05-30T16:00:00.000000000,113.17,99.42538
2026-05-30T17:00:00.000000000,115.26,81.77705
2026-05-30T18:00:00.000000000,116.21,70.77947
2026-05-30T19:00:00.000000000,117.68,74.83245
2026-05-30T20:00:00.000000000,115.58,80.30121
2026-05-30T21:00:00.000000000,117.77,91.79982
2026-05-30T22:00:00.000000000,117.97,105.04306
2026-05-30T23:00:00.000000000,121.85,120.74808
2026-05-31T00:00:00.000000000,134.98,142.81046
2026-05-31T01:00:00.000000000,157.4,155.41365
2026-05-31T02:00:00.000000000,177.6,159.08538
2026-05-31T03:00:00.000000000,199.31,166.90127
2026-05-31T04:00:00.000000000,201.85,171.23056
2026-05-31T05:00:00.000000000,187.72,172.66082
2026-05-31T06:00:00.000000000,165.95,170.22904
2026-05-31T07:00:00.000000000,154.66,161.22792
2026-05-31T08:00:00.000000000,168.29,157.5332
2026-05-31T09:00:00.000000000,149.42,156.73448
2026-05-31T10:00:00.000000000,141.48,154.72288
2026-05-31T11:00:00.000000000,141.97,151.96271
2026-05-31T12:00:00.000000000,141.93,147.67819
2026-05-31T13:00:00.000000000,142.01,140.83729
2026-05-31T14:00:00.000000000,140.28,129.097
2026-05-31T15:00:00.000000000,140.67,117.49471
2026-05-31T16:00:00.000000000,122.93,102.59141
2026-05-31T17:00:00.000000000,118.46,84.3744
2026-05-31T18:00:00.000000000,118.59,72.80546
2026-05-31T19:00:00.000000000,118.79,76.39988
2026-05-31T20:00:00.000000000,116.71,81.51577
2026-05-31T21:00:00.000000000,120.83,92.9676
2026-05-31T22:00:00.000000000,133.12,106.24918
2026-05-31T23:00:00.000000000,146.92,121.76715
2026-06-01T00:00:00.000000000,147.49,147.97625
2026-06-01T01:00:00.000000000,154.84,159.67138
2026-06-01T02:00:00.000000000,183.38,162.30593
2026-06-01T03:00:00.000000000,208.95,169.1805
2026-06-01T04:00:00.000000000,206.72,172.89877
2026-06-01T05:00:00.000000000,199.5,174.26182
2026-06-01T06:00:00.000000000,195.88,172.34942
2026-06-01T07:00:00.000000000,182.27,164.31573
2026-06-01T08:00:00.000000000,173.92,161.76493
2026-06-01T09:00:00.000000000,171.5,161.58342
2026-06-01T10:00:00.000000000,171.82,160.41425
2026-06-01T11:00:00.000000000,169.46,158.37452
2026-06-01T12:00:00.000000000,165.01,154.57929
2026-06-01T13:00:00.000000000,164.57,147.7566
2026-06-01T14:00:00.000000000,157.81,135.58424
2026-06-01T15:00:00.000000000,129.12,123.20035
2026-06-01T16:00:00.000000000,128.84,107.79481
2026-06-01T17:00:00.000000000,131.11,89.72587
2026-06-01T18:00:00.000000000,130.4,78.47765
2026-06-01T19:00:00.000000000,135.51,82.13676
2026-06-01T20:00:00.000000000,142.77,87.67198
2026-06-01T21:00:00.000000000,154.12,99.41612
2026-06-01T22:00:00.000000000,162.8,112.68955
2026-06-01T23:00:00.000000000,165.78,127.84725
2026-06-02T00:00:00.000000000,170.6,138.10919
2026-06-02T01:00:00.000000000,185.19,151.73839
2026-06-02T02:00:00.000000000,211.29,157.16874
2026-06-02T03:00:00.000000000,216.98,166.61619
2026-06-02T04:00:00.000000000,212.23,172.57023
2026-06-02T05:00:00.000000000,203.36,175.51287
2026-06-02T06:00:00.000000000,191.47,173.93381
2026-06-02T07:00:00.000000000,178.67,165.38492
2026-06-02T08:00:00.000000000,182.46,161.63114
2026-06-02T09:00:00.000000000,174.7,160.52199
2026-06-02T10:00:00.000000000,173.97,158.16437
2026-06-02T11:00:00.000000000,170.8,154.81945
2026-06-02T12:00:00.000000000,169.75,150.0644
2026-06-02T13:00:00.000000000,169.29,143.00016
2026-06-02T14:00:00.000000000,161.94,131.94738
2026-06-02T15:00:00.000000000,151.24,120.97842
2026-06-02T16:00:00.000000000,148.33,106.46812
2026-06-02T17:00:00.000000000,148.5,88.05247
2026-06-02T18:00:00.000000000,149.3,75.62889
2026-06-02T19:00:00.000000000,150.09,78.23501
2026-06-02T20:00:00.000000000,156.81,82.16049
2026-06-02T21:00:00.000000000,169.78,92.16184
2026-06-02T22:00:00.000000000,175.08,103.913
2026-06-02T23:00:00.000000000,183.69,118.20869
2026-06-03T00:00:00.000000000,190.99,142.89341
2026-06-03T01:00:00.000000000,201.91,156.57994
2026-06-03T02:00:00.000000000,224.54,161.39704
2026-06-03T03:00:00.000000000,228.27,169.85311
2026-06-03T04:00:00.000000000,222.77,174.71719
2026-06-03T05:00:00.000000000,207.47,176.39505
2026-06-03T06:00:00.000000000,204.61,173.89205
2026-06-03T07:00:00.000000000,204.43,164.54269
2026-06-03T08:00:00.000000000,190.53,160.35024
2026-06-03T09:00:00.000000000,186.96,158.87442
2026-06-03T10:00:00.000000000,183.45,156.6419
2026-06-03T11:00:00.000000000,177.72,153.57069
2026-06-03T12:00:00.000000000,178.25,149.14424
2026-06-03T13:00:00.000000000,177.6,142.18287
2026-06-03T14:00:00.000000000,168.47,130.69362
2026-06-03T15:00:00.000000000,142.52,119.22565
2026-06-03T16:00:00.000000000,150.37,104.11809
2026-06-03T17:00:00.000000000,154.54,85.37882
2026-06-03T18:00:00.000000000,162.47,73.23433
2026-06-03T19:00:00.000000000,159.61,76.52015
2026-06-03T20:00:00.000000000,171.37,81.57449
2026-06-03T21:00:00.000000000,174.09,92.93973
2026-06-03T22:00:00.000000000,178.77,105.93454
2026-06-03T23:00:00.000000000,191.92,121.49107
2026-05-29T00:00:00.000000000,134.16,145.50625
2026-05-29T01:00:00.000000000,131.08,159.11135
2026-05-29T02:00:00.000000000,146.13,164.55163
2026-05-29T03:00:00.000000000,157.68,172.63232
2026-05-29T04:00:00.000000000,169.04,176.53538
2026-05-29T05:00:00.000000000,148.88,177.18538
2026-05-29T06:00:00.000000000,139.06,173.73356
2026-05-29T07:00:00.000000000,129.4,163.93999
2026-05-29T08:00:00.000000000,143.39,158.28942
2026-05-29T09:00:00.000000000,131.61,155.43
2026-05-29T10:00:00.000000000,142.2,152.52058
2026-05-29T11:00:00.000000000,142.56,150.14903
2026-05-29T12:00:00.000000000,145.7,147.29863
2026-05-29T13:00:00.000000000,147.16,142.60472
2026-05-29T14:00:00.000000000,135.48,133.97021
2026-05-29T15:00:00.000000000,102.94,124.94636
2026-05-29T16:00:00.000000000,90.67,112.21124
2026-05-29T17:00:00.000000000,89.4,95.04813
2026-05-29T18:00:00.000000000,88.6,84.02576
2026-05-29T19:00:00.000000000,87.08,86.70713
2026-05-29T20:00:00.000000000,87.5,90.3227
2026-05-29T21:00:00.000000000,88.99,99.64503
2026-05-29T22:00:00.000000000,98.75,110.78144
2026-05-29T23:00:00.000000000,107.52,124.87766
2026-05-30T00:00:00.000000000,121.32,141.19515
2026-05-30T01:00:00.000000000,126.09,154.63779
2026-05-30T02:00:00.000000000,159.11,159.64675
2026-05-30T03:00:00.000000000,168.89,168.24298
2026-05-30T04:00:00.000000000,179.44,172.99228
2026-05-30T05:00:00.000000000,174.61,174.37938
2026-05-30T06:00:00.000000000,159.97,171.30419
2026-05-30T07:00:00.000000000,152.18,161.26028
2026-05-30T08:00:00.000000000,162.54,155.90119
2026-05-30T09:00:00.000000000,138.13,153.61091
2026-05-30T10:00:00.000000000,136.38,150.57908
2026-05-30T11:00:00.000000000,135.31,147.24947
2026-05-30T12:00:00.000000000,135.41,142.87349
2026-05-30T13:00:00.000000000,136.6,136.50218
2026-05-30T14:00:00.000000000,136.47,126.06322
2026-05-30T15:00:00.000000000,122.12,115.91052
2026-05-30T16:00:00.000000000,113.17,102.32361
2026-05-30T17:00:00.000000000,115.26,84.71963
2026-05-30T18:00:00.000000000,116.21,73.41768
2026-05-30T19:00:00.000000000,117.68,76.83516
2026-05-30T20:00:00.000000000,115.58,81.42533
2026-05-30T21:00:00.000000000,117.77,92.00712
2026-05-30T22:00:00.000000000,117.97,104.50933
2026-05-30T23:00:00.000000000,121.85,119.66657
2026-05-31T00:00:00.000000000,134.98,142.39789
2026-05-31T01:00:00.000000000,157.4,155.11333
2026-05-31T02:00:00.000000000,177.6,158.93743
2026-05-31T03:00:00.000000000,199.31,166.88115
2026-05-31T04:00:00.000000000,201.85,171.31834
2026-05-31T05:00:00.000000000,187.72,172.8729
2026-05-31T06:00:00.000000000,165.95,170.54129
2026-05-31T07:00:00.000000000,154.66,161.63264
2026-05-31T08:00:00.000000000,168.29,157.94682
2026-05-31T09:00:00.000000000,149.42,157.14881
2026-05-31T10:00:00.000000000,141.48,155.14958
2026-05-31T11:00:00.000000000,141.97,152.4752
2026-05-31T12:00:00.000000000,141.93,148.32356
2026-05-31T13:00:00.000000000,142.01,141.61378
2026-05-31T14:00:00.000000000,140.28,130.00684
2026-05-31T15:00:00.000000000,140.67,118.45141
2026-05-31T16:00:00.000000000,122.93,103.56403
2026-05-31T17:00:00.000000000,118.46,85.30083
2026-05-31T18:00:00.000000000,118.59,73.59018
2026-05-31T19:00:00.000000000,118.79,76.98485
2026-05-31T20:00:00.000000000,116.71,81.84462
2026-05-31T21:00:00.000000000,120.83,93.03706
2026-05-31T22:00:00.000000000,133.12,106.09813
2026-05-31T23:00:00.000000000,146.92,121.4604
2026-06-01T00:00:00.000000000,147.49,148.14771
2026-06-01T01:00:00.000000000,154.84,159.84343
2026-06-01T02:00:00.000000000,183.38,162.47637
2026-06-01T03:00:00.000000000,208.95,169.33987
2026-06-01T04:00:00.000000000,206.72,173.04987
2026-06-01T05:00:00.000000000,199.5,174.42311
2026-06-01T06:00:00.000000000,195.88,172.53702
2026-06-01T07:00:00.000000000,182.27,164.52917
2026-06-01T08:00:00.000000000,173.92,161.97533
2026-06-01T09:00:00.000000000,171.5,161.77531
2026-06-01T10:00:00.000000000,171.82,160.63526
2026-06-01T11:00:00.000000000,169.46,158.6813
2026-06-01T12:00:00.000000000,165.01,154.99735
2026-06-01T13:00:00.000000000,164.57,148.26593
2026-06-01T14:00:00.000000000,157.81,136.14247
2026-06-01T15:00:00.000000000,129.12,123.74741
2026-06-01T16:00:00.000000000,128.84,108.32816
2026-06-01T17:00:00.000000000,131.11,90.25385
2026-06-01T18:00:00.000000000,130.4,78.98094
2026-06-01T19:00:00.000000000,135.51,82.57118
2026-06-01T20:00:00.000000000,142.77,88.03647
2026-06-01T21:00:00.000000000,154.12,99.70905
2026-06-01T22:00:00.000000000,162.8,112.92386
2026-06-01T23:00:00.000000000,165.78,128.03466
2026-06-02T00:00:00.000000000,170.6,138.37939
2026-06-02T01:00:00.000000000,185.19,152.01691
2026-06-02T02:00:00.000000000,211.29,157.4625
2026-06-02T03:00:00.000000000,216.98,166.89194
2026-06-02T04:00:00.000000000,212.23,172.82772
2026-06-02T05:00:00.000000000,203.36,175.76349
2026-06-02T06:00:00.000000000,191.47,174.1881
2026-06-02T07:00:00.000000000,178.67,165.65379
2026-06-02T08:00:00.000000000,182.46,161.89774
2026-06-02T09:00:00.000000000,174.7,160.76557
2026-06-02T10:00:00.000000000,173.97,158.4204
2026-06-02T11:00:00.000000000,170.8,155.10131
2026-06-02T12:00:00.000000000,169.75,150.38051
2026-06-02T13:00:00.000000000,169.29,143.34902
2026-06-02T14:00:00.000000000,161.94,132.33306
2026-06-02T15:00:00.000000000,151.24,121.38166
2026-06-02T16:00:00.000000000,148.33,106.87504
2026-06-02T17:00:00.000000000,148.5,88.45903
2026-06-02T18:00:00.000000000,149.3,76.04258
2026-06-02T19:00:00.000000000,150.09,78.62409
2026-06-02T20:00:00.000000000,156.81,82.53931
2026-06-02T21:00:00.000000000,169.78,92.52376
2026-06-02T22:00:00.000000000,175.08,104.24505
2026-06-02T23:00:00.000000000,183.69,118.51304
2026-06-03T00:00:00.000000000,190.99,143.19727
2026-06-03T01:00:00.000000000,201.91,156.85711
2026-06-03T02:00:00.000000000,224.54,161.66244
2026-06-03T03:00:00.000000000,228.27,170.07807
2026-06-03T04:00:00.000000000,222.77,174.90375
2026-06-03T05:00:00.000000000,207.47,176.56842
2026-06-03T06:00:00.000000000,204.61,174.07224
2026-06-03T07:00:00.000000000,204.43,164.76433
2026-06-03T08:00:00.000000000,190.53,160.60228
2026-06-03T09:00:00.000000000,186.96,159.12963
2026-06-03T10:00:00.000000000,183.45,156.9037
2026-06-03T11:00:00.000000000,177.72,153.8254
2026-06-03T12:00:00.000000000,178.25,149.38388
2026-06-03T13:00:00.000000000,177.6,142.41459
2026-06-03T14:00:00.000000000,168.47,130.94337
2026-06-03T15:00:00.000000000,142.52,119.50097
2026-06-03T16:00:00.000000000,150.37,104.4247
2026-06-03T17:00:00.000000000,154.54,85.72297
2026-06-03T18:00:00.000000000,162.47,73.63058
2026-06-03T19:00:00.000000000,159.61,76.93493
2026-06-03T20:00:00.000000000,171.37,82.01271
2026-06-03T21:00:00.000000000,174.09,93.37963
2026-06-03T22:00:00.000000000,178.77,106.3498
2026-06-03T23:00:00.000000000,191.92,121.87057
2026-06-04T00:00:00.000000000,195.64,143.842
2026-06-04T01:00:00.000000000,199.48,157.52994
2026-06-04T02:00:00.000000000,224.64,162.28665
2026-06-04T03:00:00.000000000,230.96,170.51787
2026-06-04T04:00:00.000000000,227.31,175.06532
2026-06-04T05:00:00.000000000,214.09,176.39625
2026-06-04T06:00:00.000000000,212.69,173.62768
2026-06-04T07:00:00.000000000,201.08,164.17027
2026-06-04T08:00:00.000000000,195.05,159.89893
2026-06-04T09:00:00.000000000,200.86,158.31438
2026-06-04T10:00:00.000000000,197.95,156.00246
2026-06-04T11:00:00.000000000,184.86,152.89046
2026-06-04T12:00:00.000000000,176.51,148.46301
2026-06-04T13:00:00.000000000,175.23,141.51043
2026-06-04T14:00:00.000000000,164.12,130.05153
2026-06-04T15:00:00.000000000,148.62,118.63564
2026-06-04T16:00:00.000000000,155.69,103.60523
2026-06-04T17:00:00.000000000,158.75,84.96294
2026-06-04T18:00:00.000000000,160.11,73.02701
2026-06-04T19:00:00.000000000,161.09,76.54609
2026-06-04T20:00:00.000000000,170.54,81.81848
2026-06-04T21:00:00.000000000,181.95,93.37455
2026-06-04T22:00:00.000000000,192.44,106.48374
2026-06-04T23:00:00.000000000,190.3,122.18709
2026-05-30T00:00:00.000000000,121.32,127.50441
2026-05-30T01:00:00.000000000,126.09,139.14432
2026-05-30T02:00:00.000000000,159.11,142.6188
2026-05-30T03:00:00.000000000,168.89,152.33135
2026-05-30T04:00:00.000000000,179.44,158.84627
2026-05-30T05:00:00.000000000,174.61,162.1206
2026-05-30T06:00:00.000000000,159.97,160.4639
2026-05-30T07:00:00.000000000,152.18,150.53678
2026-05-30T08:00:00.000000000,162.54,145.21841
2026-05-30T09:00:00.000000000,138.13,144.29064
2026-05-30T10:00:00.000000000,136.38,141.64579
2026-05-30T11:00:00.000000000,135.31,139.49702
2026-05-30T12:00:00.000000000,135.41,136.22431
2026-05-30T13:00:00.000000000,136.6,130.97548
2026-05-30T14:00:00.000000000,136.47,120.32759
2026-05-30T15:00:00.000000000,122.12,109.81655
2026-05-30T16:00:00.000000000,113.17,96.60558
2026-05-30T17:00:00.000000000,115.26,79.54422
2026-05-30T18:00:00.000000000,116.21,67.43334
2026-05-30T19:00:00.000000000,117.68,69.53773
2026-05-30T20:00:00.000000000,115.58,71.82976
2026-05-30T21:00:00.000000000,117.77,80.36232
2026-05-30T22:00:00.000000000,117.97,92.55752
2026-05-30T23:00:00.000000000,121.85,106.91582
2026-05-31T00:00:00.000000000,134.98,134.28501
2026-05-31T01:00:00.000000000,157.4,147.50891
2026-05-31T02:00:00.000000000,177.6,151.76952
2026-05-31T03:00:00.000000000,199.31,160.96708
2026-05-31T04:00:00.000000000,201.85,166.75827
2026-05-31T05:00:00.000000000,187.72,169.31757
2026-05-31T06:00:00.000000000,165.95,167.44384
2026-05-31T07:00:00.000000000,154.66,158.10308
2026-05-31T08:00:00.000000000,168.29,154.03015
2026-05-31T09:00:00.000000000,149.42,153.51433
2026-05-31T10:00:00.000000000,141.48,151.43089
2026-05-31T11:00:00.000000000,141.97,148.79794
2026-05-31T12:00:00.000000000,141.93,144.74308
2026-05-31T13:00:00.000000000,142.01,138.16566
2026-05-31T14:00:00.000000000,140.28,126.2925
2026-05-31T15:00:00.000000000,140.67,114.43353
2026-05-31T16:00:00.000000000,122.93,99.10478
2026-05-31T17:00:00.000000000,118.46,80.11183
2026-05-31T18:00:00.000000000,118.59,67.12827
2026-05-31T19:00:00.000000000,118.79,69.74922
2026-05-31T20:00:00.000000000,116.71,73.61744
2026-05-31T21:00:00.000000000,120.83,84.1717
2026-05-31T22:00:00.000000000,133.12,97.29508
2026-05-31T23:00:00.000000000,146.92,112.87508
2026-06-01T00:00:00.000000000,147.49,143.29767
2026-06-01T01:00:00.000000000,154.84,155.58748
2026-06-01T02:00:00.000000000,183.38,158.69422
2026-06-01T03:00:00.000000000,208.95,166.34921
2026-06-01T04:00:00.000000000,206.72,170.83464
2026-06-01T05:00:00.000000000,199.5,172.63725
2026-06-01T06:00:00.000000000,195.88,170.82156
2026-06-01T07:00:00.000000000,182.27,162.44683
2026-06-01T08:00:00.000000000,173.92,159.74248
2026-06-01T09:00:00.000000000,171.5,159.7401
2026-06-01T10:00:00.000000000,171.82,158.46733
2026-06-01T11:00:00.000000000,169.46,156.1637
2026-06-01T12:00:00.000000000,165.01,152.08741
2026-06-01T13:00:00.000000000,164.57,144.99062
2026-06-01T14:00:00.000000000,157.81,132.43479
2026-06-01T15:00:00.000000000,129.12,119.74916
2026-06-01T16:00:00.000000000,128.84,103.84473
2026-06-01T17:00:00.000000000,131.11,85.06706
2026-06-01T18:00:00.000000000,130.4,72.96407
2026-06-01T19:00:00.000000000,135.51,76.39571
2026-06-01T20:00:00.000000000,142.77,81.69522
2026-06-01T21:00:00.000000000,154.12,93.47619
2026-06-01T22:00:00.000000000,162.8,107.03436
2026-06-01T23:00:00.000000000,165.78,122.61449
2026-06-02T00:00:00.000000000,170.6,134.98416
2026-06-02T01:00:00.000000000,185.19,148.68539
2026-06-02T02:00:00.000000000,211.29,154.0059
2026-06-02T03:00:00.000000000,216.98,163.74081
2026-06-02T04:00:00.000000000,212.23,170.01904
2026-06-02T05:00:00.000000000,203.36,173.1794
2026-06-02T06:00:00.000000000,191.47,171.69615
2026-06-02T07:00:00.000000000,178.67,163.00228
2026-06-02T08:00:00.000000000,182.46,159.28525
2026-06-02T09:00:00.000000000,174.7,158.49751
2026-06-02T10:00:00.000000000,173.97,156.12335
2026-06-02T11:00:00.000000000,170.8,152.63577
2026-06-02T12:00:00.000000000,169.75,147.63014
2026-06-02T13:00:00.000000000,169.29,140.26765
2026-06-02T14:00:00.000000000,161.94,128.74057
2026-06-02T15:00:00.000000000,151.24,117.4462
2026-06-02T16:00:00.000000000,148.33,102.65222
2026-06-02T17:00:00.000000000,148.5,83.97235
2026-06-02T18:00:00.000000000,149.3,71.16937
2026-06-02T19:00:00.000000000,150.09,73.79574
2026-06-02T20:00:00.000000000,156.81,77.67798
2026-06-02T21:00:00.000000000,169.78,87.82977
2026-06-02T22:00:00.000000000,175.08,99.95442
2026-06-02T23:00:00.000000000,183.69,114.63745
2026-06-03T00:00:00.000000000,190.99,139.94761
2026-06-03T01:00:00.000000000,201.91,153.79289
2026-06-03T02:00:00.000000000,224.54,158.6332
2026-06-03T03:00:00.000000000,228.27,167.44311
2026-06-03T04:00:00.000000000,222.77,172.68272
2026-06-03T05:00:00.000000000,207.47,174.55975
2026-06-03T06:00:00.000000000,204.61,172.09038
2026-06-03T07:00:00.000000000,204.43,162.49486
2026-06-03T08:00:00.000000000,190.53,158.20733
2026-06-03T09:00:00.000000000,186.96,156.87636
2026-06-03T10:00:00.000000000,183.45,154.61761
2026-06-03T11:00:00.000000000,177.72,151.49582
2026-06-03T12:00:00.000000000,178.25,146.99621
2026-06-03T13:00:00.000000000,177.6,139.89725
2026-06-03T14:00:00.000000000,168.47,128.08208
2026-06-03T15:00:00.000000000,142.52,116.31798
2026-06-03T16:00:00.000000000,150.37,100.90527
2026-06-03T17:00:00.000000000,154.54,81.84552
2026-06-03T18:00:00.000000000,162.47,69.26301
2026-06-03T19:00:00.000000000,159.61,72.47357
2026-06-03T20:00:00.000000000,171.37,77.41257
2026-06-03T21:00:00.000000000,174.09,88.85203
2026-06-03T22:00:00.000000000,178.77,102.13059
2026-06-03T23:00:00.000000000,191.92,118.01905
2026-06-04T00:00:00.000000000,195.64,140.37197
2026-06-04T01:00:00.000000000,199.48,153.96461
2026-06-04T02:00:00.000000000,224.64,158.52389
2026-06-04T03:00:00.000000000,230.96,167.06832
2026-06-04T04:00:00.000000000,227.31,172.01577
2026-06-04T05:00:00.000000000,214.09,173.67833
2026-06-04T06:00:00.000000000,212.69,171.11065
2026-06-04T07:00:00.000000000,201.08,161.61219
2026-06-04T08:00:00.000000000,195.05,157.48359
2026-06-04T09:00:00.000000000,200.86,156.29571
2026-06-04T10:00:00.000000000,197.95,153.99699
2026-06-04T11:00:00.000000000,184.86,150.74244
2026-06-04T12:00:00.000000000,176.51,146.03104
2026-06-04T13:00:00.000000000,175.23,138.74301
2026-06-04T14:00:00.000000000,164.12,126.80883
2026-06-04T15:00:00.000000000,148.62,115.07894
2026-06-04T16:00:00.000000000,155.69,99.82862
2026-06-04T17:00:00.000000000,158.75,81.02259
2026-06-04T18:00:00.000000000,160.11,68.7638
2026-06-04T19:00:00.000000000,161.09,72.28541
2026-06-04T20:00:00.000000000,170.54,77.46384
2026-06-04T21:00:00.000000000,181.95,89.09698
2026-06-04T22:00:00.000000000,192.44,102.50537
2026-06-04T23:00:00.000000000,190.3,118.45734
2026-06-05T00:00:00.000000000,199.38,139.9804
2026-06-05T01:00:00.000000000,206.05,153.41781
2026-06-05T02:00:00.000000000,231.17,157.56401
2026-06-05T03:00:00.000000000,235.42,165.95785
2026-06-05T04:00:00.000000000,230.85,170.86265
2026-06-05T05:00:00.000000000,229.67,172.4254
2026-06-05T06:00:00.000000000,222.76,169.82961
2026-06-05T07:00:00.000000000,218.6,160.23673
2026-06-05T08:00:00.000000000,215.04,156.35769
2026-06-05T09:00:00.000000000,207.26,155.48156
2026-06-05T10:00:00.000000000,201.67,153.37474
2026-06-05T11:00:00.000000000,188.21,150.08278
2026-06-05T12:00:00.000000000,180.64,145.17728
2026-06-05T13:00:00.000000000,176.04,137.52264
2026-06-05T14:00:00.000000000,161.68,124.97614
2026-06-05T15:00:00.000000000,143.61,112.71955
2026-06-05T16:00:00.000000000,158.49,96.97085
2026-06-05T17:00:00.000000000,158.09,77.88007
2026-06-05T18:00:00.000000000,160.8,65.4782
2026-06-05T19:00:00.000000000,155.13,69.26674
2026-06-05T20:00:00.000000000,158.0,74.90406
2026-06-05T21:00:00.000000000,170.42,87.17253
2026-06-05T22:00:00.000000000,181.37,101.2102
2026-06-05T23:00:00.000000000,189.81,117.66731
