datetime,param,level,latitude,longitude,Analysis,3 hr fcst,6 hr fcst,9 hr fcst,12 hr fcst,15 hr fcst,18 hr fcst,21 hr fcst,24 hr fcst,27 hr fcst,30 hr fcst,33 hr fcst,36 hr fcst,39 hr fcst,42 hr fcst,45 hr fcst,48 hr fcst,51 hr fcst,54 hr fcst,57 hr fcst,60 hr fcst,63 hr fcst,66 hr fcst,69 hr fcst,72 hr fcst,75 hr fcst,78 hr fcst,81 hr fcst,84 hr fcst,87 hr fcst,90 hr fcst,93 hr fcst,96 hr fcst,99 hr fcst,102 hr fcst,105 hr fcst,108 hr fcst,111 hr fcst,114 hr fcst,117 hr fcst,120 hr fcst,123 hr fcst,126 hr fcst,129 hr fcst,132 hr fcst,135 hr fcst,138 hr fcst,141 hr fcst,144 hr fcst,147 hr fcst,150 hr fcst,153 hr fcst,156 hr fcst,159 hr fcst,162 hr fcst,165 hr fcst,168 hr fcst
2024-12-01,UGRD,10 m above ground,46.5,9.5,1.725244602835601,1.722908511874143,1.6593183499116932,1.5184979257177935,1.6745168743272063,1.501325091667796,1.8556959074467825,1.9365110051653929,1.93662151370803,1.9803956760871768,1.992413502244959,1.6712951215159588,1.5398228013408386,1.635567952203782,1.8835117060976188,1.9593875620923111,1.912783468862261,1.8564055372680324,1.773456073673541,1.7068243603225786,1.793802335060467,1.4664184257299555,1.4075028334449895,1.3834051815152295,1.3395044831882956,1.190271201843509,1.1937063722182863,1.1146736654684155,1.3758656087255263,1.2858350441243012,1.2241470301073805,1.1471649741493204,1.1386236398165923,1.188904383440341,1.2961310480152146,1.3293393355785947,1.7925257445422804,1.3795976503028862,1.619529646904434,1.7803730082878002,1.81995039629766,2.265115602754202,2.6464335339986604,2.5996444829289693,2.4633660651970537,2.235906246679547,2.3304241580719784,2.818350429588438,3.0058963798852543,3.311046176690496,3.683235201697819,3.718382125619277,3.616936020698107,3.106835595051537,3.2697747225796583,3.1118342007313005,2.8614021695005505
2024-12-02,UGRD,10 m above ground,46.5,9.5,1.929344762992645,1.9043470877794295,1.9300325450060924,1.696327419257984,1.6333556695657576,1.6661793882915257,1.8051596769460605,1.8982810091884512,1.9371454473493237,1.871307488559548,1.810549830539299,1.837222740926233,2.0963347124344893,1.8213143555812108,1.7640568077559573,1.7097616238635596,1.6729195700358035,1.647673823242307,1.7131981130539398,1.90089796680633,2.3280165245240436,2.099304858394129,1.9862402765715403,2.0177458188196926,1.955304863518647,1.9900260778210437,2.048304065648299,2.1634593313255652,2.170284829829728,1.8511322776534276,1.9109260210597376,1.7677026152993165,1.7806685468813972,1.7981101905588386,2.058924644455968,2.4301938335447257,2.73951248495857,2.65044487382678,2.5158912588811972,2.102948586796235,2.0114543773304527,2.2769657590720325,2.9906012248142813,3.8863191599562734,4.490192040887475,4.247456182776215,3.862243849410761,4.23908169623342,4.160021238971058,3.1002269974068257,2.4539448106561217,2.390243414380112,3.017175097923044,2.749325965820553,3.153880241303461,3.249065913936585,3.3769269939293793
2024-12-03,UGRD,10 m above ground,46.5,9.5,2.2162598570765226,2.1900951982076196,2.089625179594407,2.043117399014471,2.278936413258156,1.7981744949165543,1.5676964368740165,1.364060865482462,1.3268476002107117,1.3089703612766026,1.3890093929945009,1.7287312053701538,2.295893065804873,1.876424222486767,1.783378474477233,1.7725347477303774,1.9070896421253372,1.9203135085681209,1.8927985660503,1.968914698922244,2.0962554527136312,1.700305709095107,1.6634626704125872,1.8122290799059664,2.1114581639502803,2.617682328233697,3.4746748647355816,3.6567166140958136,3.5800182954597557,3.240157941040279,2.899694238587593,2.617415300899064,2.34237736686132,2.354505889091632,2.852030766310887,3.4005728327091314,4.336514603972854,4.0929021754226245,3.73312632754942,3.871045585114247,4.062885801604652,4.168891652043553,4.309172822019395,4.358604415734021,4.405110210623085,3.784546701336515,3.997707668507601,3.810823633652216,3.528192548345036,3.2609792707579786,3.1999357337218592,2.8023172769014435,2.71551564024344,1.882025740589865,2.1175337180348848,2.188075835138214,2.1330358732931503
2024-12-04,UGRD,10 m above ground,46.5,9.5,1.346990002853597,1.2803579560264349,1.4571580019880304,1.678092956502747,2.360994859861526,2.0099265834848747,1.9196210946481724,1.9017592355687711,1.9108235770732376,1.942014996783893,1.894218225803454,1.7634749366802025,1.872001766880064,1.518181156017504,1.735416613531251,2.0155853933873824,2.3823040475652513,2.318437122865256,3.086925495801145,3.7422408359617902,3.879676785040871,3.626941463235122,3.5381804770305054,3.4447410475502043,2.8098696541442467,2.169974581904577,2.4252095249025647,2.8632590018522563,3.946834426154446,3.7931222829726288,3.5321970822962263,3.485575472025527,3.429883139371587,3.6570806201958614,3.835568533953705,3.6127479040632777,3.599082988738893,2.9776144547252996,3.2548784743722123,3.2213457520925832,3.157196748118463,2.87597769282545,2.7333642347085965,2.5354759916707845,2.720245061582621,1.86495999749066,1.7327789169977763,1.626003343655021,1.682802878920128,1.7836415532748775,1.9361141414938157,2.1226333760424296,2.2836317318751966,1.875354245984188,1.9358258173022385,1.8646599138769264,1.7676608180871327
2024-12-05,UGRD,10 m above ground,46.5,9.5,1.7763647014801958,1.793871337449147,1.8673830307936528,1.7539753857582143,1.7502725139944624,1.5745437186844276,1.9931420084234333,2.41374002473874,2.664405949670933,3.398330239519564,4.167523957453436,4.096629322389186,4.496926383659012,4.8317914282520835,5.111375758988542,4.5064618586514165,3.540362542799549,2.439942733234142,2.1703677363848937,2.5378033815600975,3.213132589769788,2.673331768461374,2.3138044951840464,2.049190957157347,1.8476947237952115,1.889310912589714,1.940435115353748,2.461082156748097,2.943131513624446,2.7158678278164397,2.6649306839107503,2.4617665709998073,2.3147627771738075,2.434718043127612,2.401876627400923,2.458036112405885,2.5959871920042064,2.6390758224361264,2.6182278035690008,2.6319495318347834,2.6892230162925936,2.7362911466115225,2.8313883350364826,2.8743838923063487,3.064355131017675,2.908912672103472,2.9284264000147666,2.669131013295738,2.5060714367885657,2.281244268755662,2.112929928005007,1.7513693540424873,1.7460072642778128,1.4413572133108865,1.7011448576359836,1.679220858037786,1.7219598055702692
2024-12-06,UGRD,10 m above ground,46.5,9.5,2.70388819563587,3.4446189614423206,4.262243293414369,4.607291924593705,5.165041338094279,5.136937038106887,5.458819475630007,5.245096015016671,4.410579304602312,3.35202119002459,2.4727610103807853,2.051470795352169,2.296416578718281,2.494079456865941,2.196054444746649,1.8109858148010711,1.6393531486793256,1.5523167918503715,1.6597235576041425,2.028808941109942,2.5614087046890632,2.6153170870926847,2.4742434292138564,2.50005721318624,2.486469566018415,2.4271511827669903,2.6108104437071944,2.7533282855946024,2.647675912945206,2.355773532151227,2.177624509921796,2.216829792434091,2.3800058049334822,2.603571598718351,2.879503441158394,2.838338021446265,2.979902269094295,2.720264753169616,2.676711524664503,2.635810598556583,2.4769217485259856,2.3187928862535694,2.207990866142669,2.090287839666125,2.152205137223185,1.6905749193613886,1.7356114287484736,1.6289045809738432,1.6672805551893122,1.8453106931161016,1.9494538305962583,1.7952262688818166,1.7834715040323714,1.5820516201132235,1.828125184976686,2.0103494472546055,2.1299093412344616
2024-12-07,UGRD,10 m above ground,46.5,9.5,4.166731296353735,3.145543621126386,2.543628343846389,2.175627850107724,2.622307743429319,2.7282378465295825,2.4520687826707395,1.93898785696271,1.81175544700417,1.7217663664197884,1.7061099128312187,1.8100305524738736,2.290619700532966,2.481804709151218,2.543870856591546,2.468588816583745,2.596798248135551,2.6796346511201867,2.7026817679366273,3.040589465222836,3.2119475943560634,2.6944909324895976,2.3155205676719186,2.1385324983955187,2.017238193656881,2.0132790546920662,1.9563614028479912,1.7797969576411137,1.811672060402115,1.5844872099269005,1.388860793742434,1.385415711963928,1.4496283214861854,1.4224192334291672,1.4317037236658197,1.246809957063796,1.3469098564219577,1.0976978872477978,0.8357327027683316,0.8840781493529558,1.1397689526730792,1.2169516547595765,1.2625780690604116,1.3548873506797614,1.841825693582295,1.9639643277199164,2.2394011923566843,2.4703607619124224,2.7261469411264407,3.018448566586593,3.136109905015146,3.400563980278192,3.624167137431713,3.281976279511954,3.0928957824072336,2.88825315078978,2.622907775005128
2024-12-08,UGRD,10 m above ground,46.5,9.5,1.9883730585178183,1.8604889675737533,1.748538859121859,1.897105241095132,2.182967117502375,2.383677943981179,2.589214735440053,2.5852214001497043,2.692359359110637,2.7193576875762835,2.676147269012235,2.9024371310805472,2.9881416628944395,2.6044524000882454,2.2910233870963133,2.105639898893896,2.023466765495125,1.97006981957172,1.9228431277045903,1.766857848507938,1.9113352074379704,1.8405756721261857,1.7756186224267996,1.8375193447626883,1.8940641909384397,1.8863585417932396,1.8850688241428668,1.8167644266036629,1.9597251254750956,1.6956617028839889,1.5107007721821069,1.503790698715858,1.3995815752721512,1.4595570210322135,1.583533933969473,1.583991888560143,1.847882366455572,1.8009058039824448,1.8793386690251828,1.9014849366987296,1.9750106834530183,2.0589245913455576,2.192223984910994,2.328537047472021,2.5302236591789815,2.2893631468720876,2.3872540070058363,2.1237276024978193,1.894322672802608,1.7296458724051975,1.8215174710043065,2.077637792008529,2.311164008807091,2.534967423687428,3.0598069604766565,3.3275063791889017,3.2903529235259183
2024-12-09,UGRD,10 m above ground,46.5,9.5,2.661837791370264,2.8254073949671783,2.8240820695178135,2.899526844238377,2.8555907398237848,2.5143654737952703,2.2914828022496136,2.023041321963958,1.9029245847640632,1.8493457411922796,1.921773541695158,1.831083752565159,2.0235717488306157,2.0275098688796547,2.277407374279429,2.2898274469370605,2.191537757011315,2.1539034483113713,1.989762490901984,2.10644427057614,2.0003594501807687,1.5891006187343883,1.5436009650684763,1.5102566296237598,1.601201375534327,1.5199870449142978,1.398366019410123,0.9764230153881408,1.064763553574111,0.8651600307420348,1.3695416661959074,1.5059903914191084,1.6046639960293616,1.7013838574825852,1.7761860025589291,1.909207380377304,2.382129481533644,2.1250018394525343,2.179725748440779,2.3071716057541725,2.298826221856035,2.176525786418124,2.0420160936781673,1.9380483256808372,1.8587779541680824,1.5156941434560631,1.7941630550400751,1.7965951251062091,1.857027660498407,2.0952896910559575,2.5584803732339605,2.870414375191915,3.409510725109273,3.1483240133156674,2.938094794843351,2.507451067104169,2.278757507648389
2024-12-10,UGRD,10 m above ground,46.5,9.5,2.2221569859032053,2.1559900769353164,2.1440913824107986,2.066237462313377,2.19128850914559,2.079626146175751,2.2357350957223905,2.110797876605578,2.1716055362030797,2.084249506069663,2.032386637387056,2.089810130584353,2.1855801547337625,1.863345372484638,1.7637112349556745,1.6739206646548055,1.6625843366087736,1.666056237353126,1.5703941629539746,1.409630490263578,1.6663275659318453,1.4408126384804192,1.5925395725408482,1.7123601269732962,1.7258121326526688,1.806032566962588,1.90456062855712,2.258778604971175,2.5911122975076406,2.285159368547343,2.3273538060207546,2.244726692872491,2.081377512007356,2.0254062776978228,1.911402259480344,1.6974519352271231,1.9101482438790391,1.5620037817926455,2.0282202985572755,2.3536539003205323,2.8251149024780173,3.2469507835875073,3.524131371177984,3.5243281079492137,3.6416399813398783,3.4223532937066903,3.4634404173487723,3.39755643464646,3.3989262802177223,3.4308252377533166,3.664997537229651,3.5885262567050167,3.59456455471427,3.5449493836518333,3.3661631496769995,3.059612210791939,2.7625993499146784
2024-12-11,UGRD,10 m above ground,46.5,9.5,2.034755497468729,2.0267286613168727,2.0016440440936023,1.903773495404257,1.9199108583048456,1.6922312825676178,1.7113424841715703,1.5893701508978069,1.5370868009716423,1.5185306413081974,1.406777224581807,1.0852364651286175,1.2428933393673425,1.1514230093718794,1.3317892503131137,1.3790385177355644,1.4580141854885944,1.4763663057726837,1.5431854042757935,1.765739203703127,2.202381171959765,2.094419894561399,2.187264116996692,2.083778396677335,2.0277452675260883,1.845284100707856,1.7270354730142832,1.6915298224117297,1.920745605497368,1.9250656414359864,2.354717084245351,2.8851829264671207,3.3750546167504147,3.8613387335840654,4.073567633956939,3.8331032407490646,3.940499702810938,3.673873306311698,3.617614063125921,3.813057831849011,3.8922877903110225,4.003724665039665,3.866328370496835,3.673782080145988,3.629903275543536,3.488988168498829,3.352591262781337,3.015016367392734,2.7268452192158925,2.566837059681294,2.452638504059867,1.980223499716597,1.7693534737016083,1.6100329762621493,1.7167594495889678,1.611534686510148,1.574544796950685
2024-12-12,UGRD,10 m above ground,46.5,9.5,1.5159604137629974,1.45303576461884,1.37480443555879,1.0448724299451275,1.3226840843465872,1.248222305852639,1.4813826784609851,1.5013690355621154,1.5650942273177912,1.5273840585231877,1.5321130817270971,1.6738210999069658,2.1478658681856233,1.9246876536641024,2.057024226582557,1.9783528633495455,1.8346512663197676,1.6774101189451105,1.7258510228926824,1.6865358126562613,2.030201169113243,1.9376535067407317,2.5788833366071007,3.0981143476933575,3.637293885161706,4.179840959097236,4.253317228762795,4.331236682112145,5.040750009769139,4.469339809433505,4.268965070330619,4.28930673689869,4.248285911774841,4.096124638915761,4.231038581618712,4.082911158224164,4.048953861373253,3.895393151959276,3.622252305385083,3.4395166007394584,3.2849479573854374,3.1518885777522403,3.11357010821392,2.811456729833459,2.5113468488300996,2.2076002219245603,2.1058525831277377,2.052980082104386,1.8202038976391068,1.805650140132896,1.8240692988849387,1.6581850495805437,1.543707969576764,1.628847457240036,1.8352327705454212,1.9077096822940065,1.8981673110548172
2024-12-13,UGRD,10 m above ground,46.5,9.5,1.664375248023111,1.7494211711737455,1.960642747505543,2.221939817224481,2.669265962353621,2.466385417234801,2.433436073269749,2.3556806997173547,2.1501068745341767,1.9046330858731804,1.821480415791226,1.9349292111148415,2.387811852630436,2.3897599410395767,3.0118385504222145,3.482979145292302,3.874140785704342,4.156242840207812,4.182532299493644,4.3866851667419535,5.07508976338469,4.650495308300249,4.4066355853213715,4.260223185604877,4.195875077770812,4.209235619150172,4.155108149933532,3.9470302520284353,3.822017322190524,3.423774361603257,3.2975679035238077,2.9988452532920653,2.698606463110817,2.318271502775991,2.2084713468447212,2.152518725782647,1.8707987037054783,1.4733976311447363,1.6067700542917338,1.7044010326389434,1.824849739911242,1.8254796169037704,1.9570599024004656,1.9755084575145851,2.1298542897547796,2.466053599314564,2.5290061020011385,2.444367183297119,2.2344828687347476,2.4116953371775516,2.6901333717651816,3.140873026795571,4.11982913459563,3.632396812618277,3.178490832801235,3.730260246332883,4.510473638119411
2024-12-14,UGRD,10 m above ground,46.5,9.5,2.1892528974346908,1.8530999303067024,1.757001105332673,1.6823239809961166,2.298418997282609,2.28485444400074,2.8668980956798196,3.332361034261406,3.702666045787963,4.000577246544507,4.0614856409383435,4.022000031919405,4.272364272715856,4.225298785621713,4.305856371345261,4.360541969329477,4.195232624825165,4.086103349900861,3.911052299508407,3.6343456281568898,3.4043116162053466,3.0352061905162,3.043744813814192,2.9411643756695445,2.8759962698413335,2.875861090572336,2.75212224515731,2.3194699201322972,1.906265388523659,1.8162087612399556,1.7578891516352813,1.6400420093480987,1.5645348959076482,1.529749349483569,1.5036026541936436,1.3128034862218003,1.241843948892524,1.4415286204835829,1.698730843828164,1.8240756621185283,1.9583482948264992,2.051006978320016,2.1916967010050836,2.2968736948511954,2.6433603935724967,2.3755993767529353,2.28618276465508,1.8985712973266125,2.0316448999030716,2.22311707527075,2.1424569339959176,2.3509391480135484,3.1991375042312304,3.610819727025353,4.105166915997491,4.300491026382474,4.1520940155211505
2024-12-15,UGRD,10 m above ground,46.5,9.5,3.628803770561511,3.9643652810542815,4.1257067444687845,4.208840466834973,4.678036004502207,4.5171300805272105,4.555409229569423,4.556837932451688,4.376121270288879,4.334775778827224,4.155303130300393,4.004684345547748,3.718520778543458,3.482845606131539,3.1366416982896226,3.0123752361276876,2.8552799918335108,3.1095956368781357,3.2420430645366074,2.687497860100655,2.065415554248332,1.5867810807929186,1.6730373689705869,1.7076033933432169,1.6890413966790931,1.7961787000894045,2.019009373377152,2.036019919669121,2.1498679098800317,2.219880080102299,2.2417724485211643,2.2444962900857077,2.2838359682979212,2.394110766873222,2.5033100403123028,2.585504465564917,3.3434062165577485,3.3481135907025417,2.928872775333321,3.1848068402529144,3.816721945126903,4.543721857111856,4.937252627527702,5.088571748539264,5.2751699395987846,4.625832527874295,4.04688331139006,3.509741090188147,2.904234205187774,2.1935756966247286,1.851372072477804,1.6539514437638596,1.7236339635839637,1.6197365949136229,1.6267362254152378,1.4840911812585589,1.4965245654437571
2024-12-16,UGRD,10 m above ground,46.5,9.5,4.539436758742024,4.514428885975409,4.381393215526335,4.260970772735009,3.931496794768136,3.5930991011684874,3.467724644989456,3.20553004497402,3.0505445347144224,3.1689181615340525,3.2237245546432765,2.7686090372165975,2.252690526700537,1.7327635616617008,1.6598989201941807,1.6391632506724934,1.7375048522160184,1.8008608272558613,1.946943972393178,1.8960693038935368,2.140320328827423,2.297182953402306,2.414137787816369,2.281097140992883,2.2253369766474576,2.235705532534465,2.3367826575448305,2.837146921490855,3.339835524131005,3.1968995920499013,2.485337390007893,2.3331028784900227,3.4540977249308527,4.63714545080907,5.356158028177879,5.159242660452408,5.355391284642011,4.732319006735288,4.371700327964105,4.091310399202927,3.697021683628748,3.4246167470165676,3.1934688815742076,3.188055670740838,3.365473235197747,2.6117971991196782,2.787170342956034,2.8265994397713667,2.9942761129306437,3.106292203016576,3.4760552790838166,3.693073192048931,3.95167041567536,4.116657327374335,4.418507088166382,4.368160375789467,4.4323869938125515
2024-12-17,UGRD,10 m above ground,46.5,9.5,2.6940164453428443,2.6294251132199946,2.9742899506394624,2.6767415180580256,2.361874599502664,1.811913039069278,1.685381657999779,1.7068644275270688,1.6209720452923817,1.6677999997271522,1.7621774313394156,1.818151902766135,1.9501869341945035,2.1783846661461332,2.3230195620668344,2.3092241244846146,2.2529273014275706,2.323119470578895,2.4443501909775103,2.812860877474659,3.743196103490488,3.71089829858476,3.1403228266317615,2.994239139426889,3.848942818561534,4.470201287307662,4.7532094924085975,4.8094531385401185,4.87133640511165,4.234579042484918,3.8091983496956088,3.605423158644335,3.398207194665317,3.1592316245224605,3.0370327165985884,2.9701215636089575,3.1615717253633067,2.775593939305445,3.031032595345451,3.1085862463709173,3.386204002490744,3.698469098856529,3.985723237194862,4.339922804143299,5.005545463840042,4.822462263215616,5.205182600051694,5.19022476747991,4.674647063700704,4.143123037916197,3.6355848563603854,3.878409371183568,4.689851289982631,3.9898442180762137,3.941287456521004,3.981375926475704,3.9621990544067422
2024-12-18,UGRD,10 m above ground,46.5,9.5,1.642784939371426,1.7208697013704792,1.8998040170267936,1.9250256068227969,2.0039710027487807,2.1537209915028694,2.3048292486547126,2.2735150567777263,2.2355759084772404,2.294868229032616,2.453796829578617,2.9375913107855176,3.450013631590952,2.905240534630965,3.03502330960122,4.184156652780745,4.696431928668987,4.734398865952599,4.73739711161962,4.930642639691504,5.141874927605954,4.5314592993170715,4.0856366205287244,3.6915250693709782,3.427107008196706,3.273494419949967,3.140674581845298,2.984695942992305,3.085754564424109,2.6050509154331074,3.014643890052147,3.2319455230375773,3.639509858928798,3.8630071075270296,3.946793324781801,4.17376860353869,4.006102313012116,4.345111656118331,4.721861874718112,4.7340277020601,4.620557885693533,4.627878622702349,4.339259755982811,4.22502776962045,5.0251338500764335,5.186530397183113,5.5502862528986725,5.258929123384707,4.809919791240109,4.580564083394231,4.712356595752767,5.008844224599937,5.4288370980669125,5.001397272507412,4.463496968907357,4.245195932413118,4.030279310384943
2024-12-19,UGRD,10 m above ground,46.5,9.5,2.2326754160598967,2.277911309505644,2.51970418856001,2.930421617540675,3.7412806976835338,3.0409163779478106,3.1016544703093323,4.034361429213611,4.654540355334211,4.623040160329186,4.861728411144623,4.9174693483451115,5.098234500298338,4.296564984848802,3.762471196210907,3.594119439451341,3.305453565285534,3.1968306657638013,3.1600033839825663,3.1157656433415992,3.2157205570678458,2.8746392950986075,3.2920260606655605,3.4809022640955787,3.928189085705841,4.203159148407302,4.024995659374994,3.8194750034434106,4.025538159922776,4.352293926458561,4.4477532406024345,4.662307456127559,4.309879118816093,3.951507845141555,4.2062563576307666,5.006181950499885,5.6146286126329255,5.02773102931342,4.922661970348097,4.789869290199993,4.6565876274171405,4.652764860861277,4.709848439481513,4.845786915631826,5.209473892403812,4.771542797489415,4.402884427439315,4.346266258642336,4.20687791328039,4.051571288853311,3.634060081761024,3.1828242351211937,3.1666801010207872,2.812579531031578,2.850122544061443,2.668019913288595,2.6196365378360595
2024-12-20,UGRD,10 m above ground,46.5,9.5,5.090473020982616,4.777994834549708,5.092523069540295,5.213359212854742,5.338748346029383,4.740731113062066,4.3589968077399615,3.966975241668313,3.5382267921690564,3.382288427912476,3.105397984029932,2.83828697731436,2.9898089469247155,2.71168296555437,3.192596954679556,3.361917670817153,3.8360976121680137,4.061199196649667,3.8847667408228954,3.560787678418839,3.859534161676189,4.402022196763566,4.900614368151826,4.6974422088294014,4.554654210555347,4.5693986724540885,4.990554638247138,5.388813681791876,5.772529455744059,5.249565970886485,5.013530122883631,4.941748980670766,5.045840004850229,4.99877141380777,4.981710058604489,4.97350652742765,5.129584411570246,4.648253363934355,4.433519082297005,4.290770432604196,4.017201231206139,3.702205153010233,3.387679985267109,2.9762524024471397,2.991149843057083,2.631348541247365,2.708481139144561,2.5968418284739023,2.5305390677713406,2.4021103327153663,2.207868809218835,1.8934709421123768,1.8881604643717476,1.6660954576742892,1.8835247817255023,1.8646961118590144,1.805065815747603
2024-12-21,UGRD,10 m above ground,46.5,9.5,3.5732239724773263,3.332155111046786,3.1441902104339263,2.864836904381167,3.0248079036175644,2.7466818402808304,3.075018306303873,3.374583361216974,3.890002147539264,3.9824322344367338,3.799089538089973,3.683964668827013,4.127586425933392,4.083726563455572,3.720002398265154,3.7675400402236945,4.199444965053075,4.9471531599380985,5.2160190138952345,5.263306788085494,5.624709504949395,5.325656184239576,5.162098111066493,5.003983898659563,5.065925284253063,5.174006366851305,4.976712044883291,4.99897704230273,5.313245942205108,4.881809069122665,4.636963757569958,4.285656607289055,3.7830723937912585,3.3877921080291458,3.2139643375379685,2.960440471937519,2.8297677142472386,2.555092410457379,2.677049777934707,2.616288654430768,2.527774158260715,2.478683559751285,2.447765595743789,2.2383048463856854,2.370475750215551,2.1518194835088393,2.309573559809304,2.220276179370674,2.1834774759021345,2.1454978646970604,2.0845645966049213,1.80935535441967,1.8642927565370464,1.6694977703302945,1.9372362429941832,1.883610122744218,1.8237126336210048
2024-12-22,UGRD,10 m above ground,46.5,9.5,3.938518394682809,4.041653207602456,3.9943711723622113,3.778627066020723,4.234090994490947,3.831731896793596,3.557032590237738,3.484049160439343,3.883984385847,4.0959395892068216,4.073397283557242,4.18261282828624,4.6951144946958,4.246792576180489,4.320850706066377,4.599123342754082,5.016182571833341,5.0499617564930945,5.058579820869905,4.894824102226551,5.101398492735955,4.286916681291263,3.791012617886185,3.4907656030686818,3.2415582680478705,2.928032784404012,2.84795014611068,2.630487932868622,2.6443174377703302,2.3279678622868483,2.391233059285497,2.277593137016329,2.2201654045139025,2.0589603404743713,1.9794087091240269,1.8710615487695956,1.8612949628306144,2.0103064793554877,2.3231279566536096,2.428031467999041,2.488332355859246,2.34655824906801,2.394083051953017,2.2818036917175513,2.2690625874313946,2.0872431669590945,2.167194313546118,1.998647752054702,1.8737101410441632,1.8182530867423712,1.8178171474575875,1.655183572228422,1.768161217500071,1.3998372724529724,1.5955261940056622,1.4693779936685716,1.4029065969504957
2024-12-23,UGRD,10 m above ground,46.5,9.5,3.5154230842565184,3.968027436278444,3.819538972202623,4.1242324390850715,4.7228698218879615,4.311992416887957,4.267098356801808,4.56616358676263,4.862464717587249,5.124695675297406,4.94616779434632,4.738632198931628,4.929794064163959,4.255341049325388,3.93140904113691,3.611057932874221,3.204026069783647,2.949986702789613,2.7393496764581777,2.4938431196197413,2.5468439823387943,2.3007065991789624,2.4563201610209315,2.34422462534233,2.267087689494236,2.231703880302708,2.207630216020707,2.036043681433122,2.0422252259692693,1.967992026403136,2.155964781424846,2.257319751415938,2.5860335899110973,2.5318305226616378,2.249914011719804,2.186225050546362,2.4025474058014384,2.168532792779577,2.2347849981379433,2.105166426302877,2.0193900628404933,1.777393359563724,1.6196392108901625,1.2690725329356232,1.287612254534833,1.1921847711154865,1.4846434321399102,1.473041189639968,1.5038710499890722,1.474235463823808,1.4558917310700477,1.153890460352982,1.1935879133264669,1.1566598652513886,1.4216367968974548,1.4511359657840552,1.3996728483405567
2024-12-24,UGRD,10 m above ground,46.5,9.5,4.493531323506787,4.77314514078569,4.825798193291099,4.8472963383473004,4.975529960065151,4.129229267500083,3.700137855245433,3.452641835988803,3.2129213850509997,2.9740758076225444,2.820815707671027,2.555911982729204,2.538169013629876,2.30141015092481,2.5158217307404813,2.4048102027531977,2.2952305656305056,2.23974252366174,2.2099492429313945,1.969442945340907,2.073211038608279,1.8364697087428297,2.015511636723698,1.9603501518841289,2.0084910102556432,2.2255876642397374,2.362815776157415,2.1076709146796797,1.9266537697949837,1.8350187193038987,1.896578240367463,1.9427638625011547,1.911442075489668,1.780688575201693,1.6518944646325455,1.331455806399276,1.4720415464944103,1.376216407806448,1.5869359463589732,1.6545697462487037,1.709704205468375,1.778143364004117,1.7734000598105344,1.6107025016456509,1.5712279841178454,1.5363839486515851,1.7789853382784018,1.7785154536523062,1.7211098013513535,1.703302891133562,1.7054690193221569,1.4441605283401078,1.3490339131954598,1.3304837562101413,1.6590721011488925,1.5809795766552757,1.5163224339943502
2024-12-25,UGRD,10 m above ground,46.5,9.5,3.0541945139796844,2.894933896125332,2.6653298379353005,2.5221497458604265,2.4410983936392023,2.2360687207126975,2.368963515402987,2.3399634500628075,2.2091994948472324,2.118004535617424,2.0979615668118368,1.8530060499237984,1.995598151004416,1.7607969107689747,1.951134440540178,1.8554275403697988,1.775173448540079,1.7238063919805875,1.6684852612261043,1.3113457450766677,1.323656061759423,1.317828563890464,1.5416358810948192,1.5312596795129405,1.483013056757657,1.4266627861990513,1.33765269859009,1.0964728378317194,1.299230076994145,1.3304584699667434,1.590016845774887,1.6326349308332462,1.6942695263223275,1.6795678619546626,1.6901144250569309,1.356450488060001,1.367050764339416,1.2687980141864583,1.526690280390135,1.5015782489733962,1.5602342574893746,1.5710381387559869,1.6209101994113515,1.342221976722659,1.5143354033767045,1.6116269013974531,2.0902176331763513,2.302703115939116,2.5331546674898124,2.6296130885312152,2.2617454173254496,1.4983165799008855,1.4512482283101389,1.6375977495676302,2.09620501139808,2.712491587106922,3.0918847556071563
2024-12-26,UGRD,10 m above ground,46.5,9.5,2.2097010367786982,2.1380655703535174,2.0976986445577737,1.8540136988913416,1.9606762167884384,1.7849783824145389,1.958926942232987,1.838783578509922,1.805689939039441,1.6650998906208978,1.5435363567020586,1.119891198586034,0.8915534256884998,1.0121011025204696,1.4025566427644245,1.4443565731706365,1.2888993168170546,1.3088845213691898,1.3139993093749731,0.9164870306160922,0.6638801474676312,0.8575321417625625,1.272848698853192,1.3514849764014716,1.3707782744554864,1.4459534446565494,1.452124587392676,1.1577739125110744,1.065762628481658,1.2343492656439534,1.5984403771563231,1.6332576272757855,1.6539433126045635,1.6678108405538534,1.7065870122255753,1.4782797820404987,1.7282075579158052,1.774193526008324,2.0034297939093344,1.8748703060421477,1.660464815515958,1.4723637488603716,1.4771436596508318,1.4417242201306792,1.9803478202674247,1.916644221076995,2.240645307343195,2.2456711147511808,2.2200307810608275,2.215543163892562,2.209673914974809,2.2554673418781346,2.6518708539735276,2.545041598988287,2.76023725557104,2.8211953308337496,2.872959272869659
2024-12-27,UGRD,10 m above ground,46.5,9.5,1.9531700224428352,1.8282551418248056,1.6884961254915007,1.2782227944039632,1.0333541320852673,1.1537269597678357,1.5026616616840784,1.507083492356081,1.4711147265692963,1.4266846083257418,1.39879667736442,0.9738196801665968,0.7388607375260179,0.9626504480812808,1.3275546436709371,1.4683341310420284,1.5103949867971695,1.5814725222975952,1.5892484398263698,1.2530356182682458,1.1574687771259071,1.2494524228930752,1.6297270639315269,1.7161960907133174,1.7698215655037524,1.8667980656094216,1.9632394145175416,1.7781126025275216,1.8278263259839165,1.7015158531513148,1.9944741999525728,1.9643737891668067,1.915483018603589,1.9153274523486297,1.8846175794255369,1.6004909722313154,1.4046778938389002,1.5570760694420758,1.8184037387351577,1.9661873710423776,2.1066744033873466,2.185461018950161,2.1972156452941647,2.1339805703646597,2.375781660157017,2.513216871195499,2.779566294402107,3.032562175288496,3.3300010291843005,3.487311601996779,3.3021978212843592,3.260641414201747,3.3956909200615657,2.8792843499844976,2.852754514414443,2.7592629740561057,2.671466843823162
2024-12-28,UGRD,10 m above ground,46.5,9.5,1.6097331364808314,1.5579474773649435,1.493739869306069,1.0500946189045204,0.7806016389395007,0.9346382485521308,1.2880726716099389,1.4441636910992757,1.497405051265401,1.5324815310512585,1.5974686681620365,1.2550843622844226,1.1752032373310783,1.2856875433012005,1.619045781975117,1.6355263158928588,1.6512821317228126,1.6278585420325766,1.564465380781117,1.1519342418852336,0.9941850358093144,1.15283211841844,1.5710501382798268,1.6635873682122724,1.6560329183671385,1.6962510589197817,1.6307079385878414,1.3040551900503825,1.4875556369557033,1.7456883262631684,2.161981144709362,2.4134592321304833,2.7011694814476184,2.954655763014979,3.1773538102257293,3.145553236829748,3.2588486868133164,2.842417871650232,2.676866350364934,2.855161911276424,3.3314083552974534,4.001444567983103,4.918596855197836,5.81272362488868,6.570667415318189,5.886661091658381,4.932053367198284,4.401043845503269,3.766706323840866,3.366519003344657,2.7957122218468786,2.4809385483747843,2.6302923063448747,1.8455240152960424,1.801007334504649,1.8211325316324531,1.8379783591840928
2024-12-29,UGRD,10 m above ground,46.5,9.5,1.518571134071179,1.545261844003305,1.5929101579212852,1.2381901454317898,1.101919162657174,1.2527698235278546,1.5745637620556765,1.638300387442808,1.6379477191344591,1.6234626363322748,1.6250201341749768,1.1745163110105192,0.9186214449340184,1.0930769694660063,1.5321386700769186,1.632594883698122,1.7005634008309691,1.7211638912630645,1.7171318676673926,1.412962916475924,1.359134504748448,1.544925603213001,1.948562482962284,2.182716101670528,2.2760356241934847,2.457291815650014,2.6398979915729193,2.440834324077983,2.3344196973044173,2.262251245604123,2.68514239690424,3.09742480549967,3.6416685505014046,4.465309256851032,5.028190708204852,4.746961516099855,4.5560675935623856,3.564837774113992,2.937031900029673,2.971341249992581,3.324832193934963,3.203506433294059,2.8232104016025694,2.6836842584350395,2.5426442271254452,1.5627433028780302,1.6983444595713908,1.6647908096390238,1.5398263056467107,1.5949017096479512,1.8615261695590692,2.024456363713025,2.26515953120766,2.4166551922705812,3.0199836227837036,3.780145354785667,4.152379133088826
2024-12-30,UGRD,10 m above ground,46.5,9.5,1.655844588654474,1.659710621995696,1.572619163355538,1.231755115664489,1.0199388015779354,1.0497248838150712,1.5076157862938435,1.5722038774399012,1.5964073277091348,1.5976349062363235,1.6854477603519802,1.3997081442497397,1.277745839404632,1.5173989507601746,1.8445651128501117,1.9758213378255092,2.074049370130094,2.1856955317842743,2.2503969748515953,2.1179301326674103,2.2026048184607068,2.1238436666297655,2.387206240124744,2.5786801602305207,2.7800669880146907,3.0576907160116997,3.269188554469981,3.487589658715226,3.5314591775258473,3.028947086333292,2.8689676788222034,2.434667094792559,2.146307970195111,2.671637107694546,3.3471432546943767,3.498216884018653,3.766022374037609,2.7732480027460067,2.5984939254969976,2.5739185098522643,2.3849630757593836,2.124302223461094,1.8499821565980208,1.5531546629501969,1.8968718669954503,1.9295097555505607,2.334579889483074,2.685865365202353,2.86116057511353,2.9123969172037425,2.7840531488407234,2.8400089940943074,2.8702428844221988,2.659801844307487,2.2178457934351457,2.12185759338339,2.452098032011679
2024-12-31,UGRD,10 m above ground,46.5,9.5,1.6068638128812411,1.6039888372706366,1.6510219736604688,1.4066025542901248,1.3318271620210378,1.4885686771797817,1.8434004933762356,1.974982931638208,2.0263817339320465,2.070099756468293,2.154427191453586,2.165161884738824,2.393342102411449,2.4600786628924123,2.784169885088711,3.0149791607559067,3.199082716612043,3.4109106532225466,3.5639814344700818,3.920338060750121,4.030763159800189,3.510091374427408,3.1168127259702576,2.6597221225605914,3.201712822884681,3.856950617071957,3.770946765916918,4.045743002815273,4.611365435673477,4.053645285437486,3.9964315761809983,3.5213564040581105,2.77416826052168,2.0169466920002677,1.7042521112617703,1.9277878822209624,2.7579219482854436,2.5804186370898123,3.0368273513114588,3.7272981770532554,4.025726049956006,3.828860681555204,3.503648902064983,3.146996464491366,3.2139385977253454,3.503889687806948,3.822131061913559,3.761435499184565,3.779268451588752,4.040323889781656,4.660522652512849,4.766212417220242,4.4900267266131,3.680738126836443,2.8547202275953807,2.338019394303303,2.259917656313789
2025-01-01,UGRD,10 m above ground,46.5,9.5,2.124045924330256,2.053597757686437,2.267221240357848,2.219746958571223,2.462382692353233,2.524912377982502,2.880060580968684,3.0004466175144087,3.247084998060573,3.4648012009040254,3.622264971664299,3.750038144387509,3.997322757937466,3.643167440589461,3.067232473343318,2.497323750368345,2.5812256383413645,3.0860995076069004,3.0383194613154765,3.5250776299648336,4.019791567307095,3.3398354018281458,3.336027277448148,3.136498305393759,2.5706444159464024,2.0659640272159967,1.638636269341419,1.6598940680184628,2.1091319365264547,2.1749360685242154,2.5553842077494693,3.0939463699318885,3.5597121074948586,3.615473883177904,3.2485305942398166,3.1780047221688057,3.3888996980448645,3.053020752214654,3.12818150382724,2.7657589616172547,2.563443877472662,2.63749601791862,2.895955127994702,2.6733025965099233,2.5311759379265037,2.3494384411389215,2.5081320385288146,2.679354688505967,3.0129216856923113,3.261904004986936,3.3463819652325624,3.20948210395938,3.122941169309836,3.2100500341049036,3.404768789854685,3.307185583713429,3.1057998618706057
2025-01-02,UGRD,10 m above ground,46.5,9.5,3.289177072346418,3.489395729793084,3.7150288703265257,3.8216055554712103,3.938967511382036,3.7623558497080545,3.1123910080839097,2.4837275196660107,2.949000674697292,3.1798261328513755,3.358956158621325,3.776294225242909,4.3828086118527185,3.9256166868604727,4.030529929323613,3.91505784315724,3.424368463286754,2.704356868562902,2.061595304478996,1.5970958305995762,1.8714752166583573,1.8560002748273192,2.1047382578600815,2.407727096931902,2.908993370692312,3.490050126406824,3.835105460225043,3.7850947796674337,3.218897627911995,2.801391208101885,2.828362685314456,3.054091122071771,3.09078501985349,3.0617818611262435,2.852918123181019,2.688433459208674,2.747506950735419,2.7159397742842866,3.016877896245555,2.8657187569354754,2.773507989015613,2.6547296392856152,2.6907378823246253,2.4071612128073316,2.1404626545470355,1.671699925739819,1.8611515668737433,2.28640905129632,2.4863418387312652,2.489299225564893,2.7571728556674,2.664141688370376,2.567419945218751,1.9151010419624088,2.0467699567854956,2.431257749984345,2.9071932060898016
2025-01-03,UGRD,10 m above ground,46.5,9.5,2.8145206940884213,3.165265854941217,3.313683346058208,3.684066213594399,4.156233374525813,3.7233668130492656,3.963811765908772,3.9138023544500458,3.356845846352517,2.7920647177095197,2.1899817774710124,1.4803219525627338,1.4984303847828548,1.4879569536377075,1.8366513578336576,2.0458904743487225,2.2646939377167583,2.6495420447726614,3.1510058933282075,3.2906412772012565,2.8459386261632766,2.592314445926056,2.7203938563873455,2.903989352582747,3.0257865032356106,3.060690492798937,3.05994442302712,2.864896391717434,2.809494207225376,2.8336209654612605,2.760157840752451,2.6724481514287683,2.623394541839688,2.1583715567039703,1.6548411515862438,1.577414852141196,1.9257604012860512,1.816451408212819,2.0714941307804007,2.2634165208627386,2.334799583017537,2.730700422997358,2.93974646664208,3.0976056556979783,2.747419149720986,1.8391223874359,2.137686894927341,2.830905189897331,3.536149332655457,3.449408874031212,3.337047732297611,3.27649377515843,3.010023029381128,2.6761041152553044,2.4891111171138114,2.312130323023915,2.6533681915629854
2025-01-04,UGRD,10 m above ground,46.5,9.5,3.476673613537958,2.925371558681324,2.217274497293581,1.594324080231407,1.688971756897539,1.567481549845389,1.8148769103461408,1.9435440296159536,1.9965807927995265,2.1941374875857766,2.7998891684783844,3.3072264342997664,3.1364640768994634,2.6401779626222224,2.725425104691131,2.869020898040485,2.9524089400999665,3.062717383782565,3.1510322710349454,3.157172698428471,3.374989812000363,3.344919596989477,3.3702590581533993,3.2383793991718997,2.944965924495753,2.1650294442002007,1.8389265491630105,2.0060999380639486,2.669021744505561,3.493988414463814,3.48267863178765,3.478640544784816,3.1402403349964376,2.751274939990845,2.352549711559788,2.255072960308384,2.892939775593434,3.1157028322882248,3.334038710999555,3.162755628473704,3.1473223690225005,3.3659612716428944,3.2622904145818814,3.26425719795426,3.020822162023193,2.576251967541198,2.763305226852366,4.012636769476497,5.629281461866595,6.588216818604811,6.5027660791788255,6.041952187774366,6.085127164115234,5.312475591671464,4.3342000848908295,3.7502569482698975,3.0727592286198795
2025-01-05,UGRD,10 m above ground,46.5,9.5,1.960790241341152,2.1851401344365193,2.733187831293338,3.225485132358836,3.1708966314471554,2.83713115046176,2.8985957362449932,2.90739088504386,2.895046157349742,2.9748472872470195,3.0565392415272092,3.2212126155598644,3.3171654767386225,3.106719903895728,3.052248175653028,3.0533527615918636,2.803385438890765,2.3321030950132577,2.0595341484001315,2.5256790052011677,3.5222200729543536,3.9330726294084455,3.776814968740953,3.86721478605623,3.369868047813991,2.653916686362603,2.443655666304428,2.394064094566477,2.117665965452949,1.835679315002816,2.2273069868522777,2.4936436417519965,2.9385729952691166,3.0358607999798615,3.3429344884891803,3.4104004594052064,3.3507051928950515,2.964570514039214,3.025889626023197,3.470242041179051,4.562341488337738,5.7153690482544,5.902818955895983,5.530203826399698,5.24794133738959,4.3460214195341464,3.747527748530127,3.34082434160064,3.0675697781895135,2.853082685816182,2.7372539854825484,2.6043694669647603,2.910039464213732,2.707843945463061,3.0691272569548147,2.993644288179726,2.8682010337369475
2025-01-06,UGRD,10 m above ground,46.5,9.5,2.946035406094889,3.1048781684547295,3.1991721175785557,3.3737895874289885,3.4356164395521285,3.31622086490748,3.133752910450009,2.9529115324560156,3.048001594167573,2.758022465107432,2.595902027787967,2.759234174181893,3.30612173274378,3.0234649893061754,2.594321142516994,2.8114313071352064,2.367646417464369,2.4251613206931655,2.620375953785945,2.5101682704988875,2.148521511106389,2.0040212568549114,2.295147847619268,2.5699610601731875,2.639496218054668,2.993197760543314,3.182277308552264,2.971265193537473,2.946811344532919,3.217277799258598,4.200962200529708,4.495777739906683,5.329403326361095,5.513563421933538,5.293703778447695,4.975242308218108,4.855288918757181,3.813032104133449,3.2328929271240656,2.8021714147910237,2.593631893975457,2.749416304009588,2.8903408852353527,3.0416628792814286,3.647650617264871,3.154881470781958,3.18514893024925,3.3607449521413715,3.621425504125078,3.715261298788657,3.5510439874900497,3.288509261958497,3.024692436476201,2.2587724062263095,2.3006836009834353,2.1391683542066895,2.1608027225424165
2025-01-07,UGRD,10 m above ground,46.5,9.5,3.235145736321451,3.0199753794561053,2.845589649680865,2.8265302654875812,3.249094292886101,2.947342005928418,2.6577879990660316,2.7714242794703967,2.485268579025757,2.2545562431933215,2.1420317283929617,2.002225062115704,2.1737925779769873,2.5024916432478483,2.6806596709391632,2.826397264716072,3.1092689628839807,3.091431710924295,3.001337423478476,3.23280456985796,3.250798206263396,3.479715147320843,3.6405865723950024,4.358360574257685,4.572690390832612,4.300312303915682,3.790237713229144,3.07792064014241,2.4968664376457275,2.2564615788498625,2.467676170310823,2.5608527864475583,2.6259016563775943,2.573221908722772,2.395174781633812,2.7290786386712025,3.324614405861434,3.077841856812927,2.81996351133089,2.892099680074274,2.91817646886484,2.905556991187921,2.9850820646728224,3.0000027146713824,3.3732870671098745,2.984178567892731,2.9004902856234116,2.7891408738742114,2.5883681073514375,2.464874742263312,2.521051404562306,2.4263759040050132,2.516474068039761,2.0458034237676066,2.1417793932788385,2.040132719219414,2.074171363987761
2025-01-08,UGRD,10 m above ground,46.5,9.5,2.3942737441449093,2.4448703099489375,2.5373912834469095,2.2867618495768873,2.2286382085340666,2.2538287769921084,2.430926652783303,2.7238496662138294,3.022409566969462,3.1830134637824092,2.86301263368753,2.4666774839657686,2.9230272319860573,3.5318132989674096,4.244984943465708,5.530470820649411,5.4786444422376475,4.844979034514022,4.305002046072087,4.127961035633035,3.723510023770545,2.272325545301797,1.684360476772561,1.490963369651552,1.280736126987553,1.5334421621435093,1.734894062691692,2.3181213905607105,2.9338205530912655,2.457077681237248,2.285246039106298,2.355189352896379,2.529262105446895,2.675636563844205,2.7967508270954715,2.9734362634569047,3.2575823009184415,2.899919950311967,2.8809911292698023,2.7891510488080553,2.8365377535718017,2.7944033974561022,2.714132025837543,2.777484658479682,2.835879110072606,2.335011424271594,2.337043951967744,2.058602694130766,2.01594031473521,1.9462970507669768,1.942065590526067,1.8934441695308888,2.0443304448506696,1.4928333896624917,1.644711998832168,1.581501971537338,1.464897275084463
2025-01-09,UGRD,10 m above ground,46.5,9.5,3.2617108919080424,3.444013919731825,2.970093210631421,2.796692846432849,3.166918548030309,3.7458562180915793,4.606656749963239,5.575906313228357,5.7950108220794405,5.141039274886181,4.600803122893802,4.474190384658135,4.4018038957524075,2.6709523171264404,1.880869102741752,1.6125691436747704,1.495911915772985,1.5763293085272565,1.9032931754044244,2.5653159241435644,3.2238599489029696,3.1023903243052233,3.262518135294596,3.539531032461875,3.808204000165913,4.131773323925053,4.163264713072952,4.382718476776828,4.673230378013077,4.099089477785438,3.7246849540334246,3.3863836488690007,3.2249030713312834,3.168181538487538,3.005749150676335,2.913039149455894,3.097573562769373,2.4642971466032693,2.4687454838838105,2.2629347102774533,2.031576804582712,1.7641878419549053,1.6784130582292605,1.296974577968924,1.2360534747781626,1.2425630925753988,1.6682544230448102,1.9010541260693932,1.973489695899569,2.0553688750082,2.084952015051316,1.906879363242631,1.7360662859205995,1.750849462980831,1.8963322372001865,1.848974770899583,1.8413263072855692
2025-01-10,UGRD,10 m above ground,46.5,9.5,5.732439480491867,5.203236201473642,4.632018399072011,4.4535231600336775,4.3671453001926945,2.930265175014716,2.3007676106070365,2.220784633482679,2.263456268948783,2.3704435566052817,2.51063193566268,2.80606335267092,3.380045465884879,3.1647023462245216,3.1991400021909095,3.3445515179717,3.5003388359400613,3.5495508590122324,3.5642224392581623,3.794922153189616,4.067021074478999,3.465790462942848,3.110756407175741,2.936098254849666,2.930251554786623,2.764589395583521,2.6196807623633895,2.6195294300055276,2.7212719867363537,2.134739958211841,2.271727299361956,2.009241632760929,1.8290851173149347,1.7057976953157108,1.6747546476664692,1.4970204768790245,1.627668142127866,1.157163481662011,1.6288032648253503,1.5283099425572333,1.561930619665468,1.6954570358216905,1.7597821040145225,1.603962416989522,1.6705346424720982,1.5214992603962172,1.7480955769006423,1.7040255664060835,1.7551601652103073,1.7109129413083513,1.7248629435580771,1.4216281595867024,1.8314594434227396,1.4264469909963888,1.6437398258257403,1.5856824728747454,1.615677434089804
2025-01-11,UGRD,10 m above ground,46.5,9.5,2.258206504811824,2.5379914433867676,2.7645016447648993,2.9859188015554414,3.427548427934493,3.3008448825730756,3.453279831811126,3.826352698334678,3.97585854297222,3.883790200649852,3.8487821188566023,4.059334982085863,4.286646362678992,3.847350311853211,3.4251573615471163,3.300868758070301,3.3101955364916584,3.108445876956184,3.027086134846434,3.290875373361114,3.5542701470777516,2.898813587825071,2.6840794820852736,2.534038090631775,2.2747616066016616,1.9696009575639104,1.8245433351397131,1.5565597833461229,1.5377079605116948,1.1687342943903023,1.5479187396356082,1.7011518469321278,1.7817407308293098,2.03574937646119,2.380425166410524,2.3701336937662174,2.48351442314733,2.2254706014016374,2.1706290443386846,2.0262286000246363,1.94434545444274,1.747812237920726,1.6570471913970142,2.3222729028051035,3.26788043911174,2.8328198901683868,2.4995370295946193,2.3330987172639803,2.087012144057951,1.9534559963399103,1.8605320388597653,1.7083384793298235,1.8447008222891912,1.6674292859224118,1.8757729246232175,1.877440891077588,1.924032848770352
2025-01-12,UGRD,10 m above ground,46.5,9.5,4.170143152736662,4.115864604536927,3.934787700455235,4.083826161801072,4.181010094283624,3.5500399952528507,3.3199261517226217,3.2235469137918535,3.0977318299224583,3.0648122164480056,3.0524934018340804,3.0998159844988695,3.344981790228257,2.754599426305956,2.527243699355828,2.267055384762482,2.0702214331092788,1.802594077335844,1.711346785805729,1.329544297581112,1.3350622425089371,1.197512802053504,1.5834175405922275,1.7750800640174578,1.948937266870033,1.953121435143988,2.0993201619455495,1.9916159854108568,2.04763439258213,1.82235645053638,1.6518230277628811,1.4950061098207748,1.5835800321578206,1.7891232277352904,1.850073581612649,1.8797759348517795,2.1071380785462654,1.7286716321056257,1.8346526244297896,1.803558322692924,1.7766848200909209,1.7218507560533476,1.6291135833016646,1.2153966770438949,0.8962333520284762,0.7747552971243601,1.223232257364562,1.2933624556226777,1.2954111111615108,1.3155630886027296,1.34985649288695,1.2396395939612468,1.577393156571962,1.3648216866230565,1.5439074874526273,1.4575260699129675,1.3319682093967748
2025-01-13,UGRD,10 m above ground,46.5,9.5,3.0755875020168157,2.9581369064140213,2.9673619373314564,2.98739632764198,3.2238291386398057,2.734994454407997,2.448822540993948,2.1935742211364806,1.961332538393426,1.6731042617473546,1.6080780995886337,1.313933493898097,1.2791431002430955,1.1265582147371576,1.5907747719837364,1.874719433586644,2.028703462715748,2.0955114833270168,2.2614915496722037,2.1193613505802524,2.1380805617665826,1.805719320796544,1.6572453057038494,1.594644622442948,1.7303965331576694,1.9643645003659795,2.1037059738575,2.033163339623318,2.1692498746448527,1.8199849376752912,1.92279522553597,1.8704257686751808,1.9465719912405552,2.043146323162095,1.932620659517838,1.8072987152983,1.8335280770921816,1.5040524198324756,1.5253488736450524,1.4101533189524895,1.4123836242588663,1.4451466521278251,1.534372284378586,1.4683004813284155,1.7667244083463398,1.6578693129772328,1.8659152825296943,1.9109133980844852,1.931628518695752,1.9606480265080417,1.9663817088216908,1.7484169335507291,1.7314377877859397,1.4876351149545006,1.6798002617020336,1.6512338354492142,1.578622653564162
2025-01-14,UGRD,10 m above ground,46.5,9.5,2.0309246327430066,1.7713115661536014,1.6183095300352728,1.2898111137643211,1.3721659402675503,1.2265986403274782,1.5721651359902094,1.7682833100307287,2.06933851623384,2.256164832474473,2.4046482427465383,2.397513036563212,2.447835614935479,2.1444609980736233,2.082541134184172,1.883710214973585,1.6907286465403857,1.7526574688927106,1.7054868063327573,1.7616411630095503,2.0850769020950843,1.7018612655059044,1.826328309983071,1.751409254987952,1.7045313674256652,1.731721043228858,1.7289978527021947,1.472993747543029,1.5948162457497197,1.4738019063763153,1.687985965292714,1.6794801552594871,1.835355424335604,1.892850790199316,1.8127946926908003,1.5970339405281324,1.6303583659526413,1.411899517618311,1.6452154342259926,1.6887843688409363,1.6894751491276532,1.6935917736258137,1.7242883945279268,1.6746528476416631,1.8897238709593136,1.6487738782324706,1.7614830210952352,1.819803381888448,1.720045141708209,1.559814230942259,1.3184078391265182,0.918252297574198,0.935318895250646,0.824553896199836,1.127688031429683,1.3026481023860377,1.3207816651456656
2025-01-15,UGRD,10 m above ground,46.5,9.5,2.055568625562797,2.1729787847475066,2.3633542577592657,2.3456408463766065,2.367050797308818,2.0700832167235443,1.9359011093301264,1.792717129199788,1.7951962507188497,1.9579431344472251,1.977620852732623,1.8367914612793408,1.8419092658756464,1.6099407521156233,1.8781097691750777,1.946545812711296,2.0055956941418236,1.9288737200828685,1.8925468877315987,1.6423137176321156,1.756897544439311,1.5861483919979846,1.6337177939917682,1.5972057809877778,1.6547882950226098,1.7138730465834382,1.7526490631024112,1.718830860827941,1.9044724514451876,1.8192820391709577,1.9562194919874736,2.0122181381384614,2.0635251904763408,2.012293472275931,2.0177660773483077,1.8982775569475765,1.9614185147922387,1.7878700724309688,1.9046893260181317,1.859434141146864,1.7113207519482658,1.5269342280423457,1.4176174797327432,1.0798147613747298,1.1425140570681478,0.9919586444662382,1.1858975448592868,1.201647110706228,1.2285773404129103,1.1821795135709938,1.2590482615862162,0.9414040378527008,1.0610500620373375,0.7869132893071955,1.225917130343101,1.290796305700714,1.3060071411643015
2025-01-16,UGRD,10 m above ground,46.5,9.5,1.848012311570438,1.9634139918101952,2.0841439477889683,1.9862474490705115,2.221342585849688,1.8247473152168616,1.9357240206611048,1.9958146496697955,2.036712430158193,2.0643122559313793,1.982620267663778,1.8044253239505852,1.944941329389339,1.5657992467665025,1.689637313601699,1.6779855955285008,1.7835315197545358,1.9394505271552709,1.9762632447505528,1.8205082750394583,2.063684129745768,1.8101756132025355,1.9297210792750157,1.9844650417050385,2.007013947561186,1.9920619768147712,2.0506700727554947,1.947005263851494,2.1605332167249225,1.9299107950099483,2.0306658547576246,2.0469933572838657,1.9141300903510885,1.7584210242366567,1.5318296374528213,1.104566022092077,0.825283371433065,0.6688569788509988,0.9903516077351976,1.066993946464787,0.9926653022232436,1.0103664659471605,1.1137551720798964,0.8106910539460199,0.8368980634618146,0.6897064918746566,1.2030786094087245,1.319185371529664,1.2745290626972592,1.3710966801367364,1.5402714326878408,1.0658936465178717,0.9800944707425484,0.8064613423445032,1.3904457982641638,1.461366103795709,1.4280338558783778
2025-01-17,UGRD,10 m above ground,46.5,9.5,2.154854565795697,2.0957040252038537,1.9471150129711172,1.8405257876008103,2.038946326513952,1.740596257840678,1.7873678560370592,1.7352914032817195,1.989454391966196,2.130551593050243,2.093109087155586,2.0098344929095315,2.0557616238737864,1.8267054635328104,1.9050561101920056,1.9176249293124925,1.9408561757044795,1.981943154132634,2.031965463800701,1.9906310352648944,2.144672538099735,1.84082180667857,1.9606375591898797,1.9898651300210304,1.9287284379868328,1.8369367945791764,1.7431911071790027,1.4866621318242013,1.3554352561549432,0.9739152064011792,1.2518182684187238,1.19229129580166,1.0825814709794352,1.0343483032806855,1.0089166568744137,0.7774578455420991,0.8214350921403404,0.7561810006934313,1.2881610375384185,1.390689899504519,1.4013705445775393,1.4793802090546495,1.5359974923289954,1.2314107438802453,1.4800772922160927,1.5030237040387533,1.7849769903991697,1.7740174296009166,1.7852160668567278,1.7751523226961403,1.78179251977372,1.6051999588923158,1.7242834886025955,1.8907938780628488,2.11135145510531,2.2003497092827637,2.268060128877953
2025-01-18,UGRD,10 m above ground,46.5,9.5,2.266955887161586,2.2598674651851676,2.069929113866232,2.0260655448286453,2.0437771532319102,1.7276870484640523,1.876809618749049,1.882299462717182,1.9511661145009764,1.940046009114899,1.932826765726786,1.8931233052104877,2.126487620491752,1.9498145055634255,2.066759777128643,2.158350628743813,2.1133684474593695,1.927055205242219,1.7215498939971696,1.4433668231190584,1.3199041195382313,1.0579661017239164,1.3024160480681068,1.1756027006454617,1.0944142192554276,0.9616829737676168,0.9507159200378166,0.7317040328990363,0.9022250143993508,0.8768187003001613,1.2434851120664203,1.2754606298935889,1.2918246007191785,1.2970028732635424,1.3341394632828325,1.1929846894302316,1.5102288611122885,1.533685364490999,1.8955427099710684,1.983262999905402,2.0655296289075844,2.1681959546554506,2.2457421443527945,2.2681490034964424,2.2979397555343315,2.026275808320099,2.026415931648053,1.9053866389976224,1.9332024487831512,1.835069949428477,1.7680311960551245,1.9949129132564152,2.357516098053428,1.6500576815937256,1.6009213154676931,1.6813589200499957,1.7493747815326128
2025-01-19,UGRD,10 m above ground,46.5,9.5,2.06727528005961,2.123039984551709,2.1764340161565325,2.275442478068399,2.53929426227796,2.2944971501453475,2.2404533501378787,2.262110103792355,2.110320899804596,2.051884255536802,2.0090533884637063,1.9044839082518168,1.883859130772755,1.5872811279899954,1.5891924703315758,1.4389876247201945,1.3008884414610993,1.1561207832530689,1.001669185064206,0.6171235047603021,0.6893257657997944,0.6866757806253565,1.2237618229127936,1.3382144764487516,1.348455584417396,1.4988951234387835,1.565865463244179,1.4638952189093002,1.802588327891648,1.7789551477653751,1.9718299228079328,2.06739775961812,2.053710718574359,2.094606671133211,2.159273939499511,2.2620274881951348,2.5903375674112783,2.584231418959241,2.883870475681552,2.745867710838904,2.482309952002928,2.358732822277078,2.072744064260142,1.8104992470404864,2.175109210114317,2.2777115753071957,2.4677734502239668,2.4808217319099413,2.4264001316098724,2.311390732529936,2.17092276253978,1.9645069796394388,2.03647683764874,1.8238617557131849,1.887309851436952,1.8905303487169192,1.9764679461948016
2025-01-20,UGRD,10 m above ground,46.5,9.5,2.475176909908943,2.4313725622876015,2.3055391420119955,2.2201330926565848,2.090239202118808,1.8037616547913935,1.7149093637058668,1.554861511908436,1.3852934670688248,1.150282730599027,1.0113092198971776,0.69211372198764,0.7485801374548191,0.7877501883334331,1.2225445500094814,1.3286845888349132,1.5309847888593042,1.5752370930175923,1.5702617889095922,1.660029297587097,2.006156581890732,1.8996338499186511,2.0748873886485777,2.177164993641995,2.2681090267712944,2.26325042727775,2.244494505235662,2.235656212339044,2.524770276769891,2.72998298505148,2.890285907135456,2.7914062791121372,2.1123745447839477,1.9821519581908047,1.8698619299507269,1.9762448323995616,2.6009705815342605,2.4160015107658053,2.543073684932051,2.426690494219863,2.2107378547897296,2.012568546817838,2.092130858241052,2.162645628095118,2.733165077083916,2.790230036038742,2.8714417996890447,2.7727020218666816,2.6830274436656953,2.4081763335149615,2.3896795958668062,2.3642376643608607,2.7242628199346557,2.4007105172845584,2.410279583377057,2.8915669834983397,3.2101213293788753
2025-01-21,UGRD,10 m above ground,46.5,9.5,1.7555283812377092,1.5529421130419938,1.314700843242233,0.9928420764729808,0.8671366329007331,0.7544248787551486,1.235886873139589,1.2953254843678352,1.5051384615495889,1.5773442230129595,1.6829659641861685,1.8140658175593576,2.2284521373128143,2.0851873856327963,2.1714040187667503,2.3367619119106227,2.3771347356059347,2.4010070112680744,2.5789767444618867,2.468597673814912,2.59919250853783,2.522345090710056,2.5489734208942147,2.2996487677591553,2.322245752088488,2.030414941196394,2.0882875527566043,2.143242239110606,2.4304093266213074,2.3052287545267465,2.485092882120738,2.420442937665066,2.2382668041178033,2.0980767913762426,2.0993353596848796,2.1117406358892596,2.623660647130548,2.7860399401527696,2.9045952283354106,2.5056314470546246,1.964624632082259,1.6148950199189274,1.968787248582061,2.3931281773144875,3.1916868441595465,2.9261131627449117,2.707075058580133,2.357833055378336,1.8143782778850812,1.540106739301193,1.4427281271316772,1.395223549670768,1.6430609082656913,1.2096469520737705,1.5678973782991972,1.8926219685176355,2.2073303996580673
2025-01-22,UGRD,10 m above ground,46.5,9.5,1.532565139534364,1.578779674549566,1.7425300104553898,2.0022013326193107,2.3984907166849285,2.20356115643539,2.2877297920732507,2.473776172184574,2.546442402446509,2.5590224080691515,2.563932008079497,2.542985217892062,2.706705803004021,2.4842281801911343,2.3844377717081024,2.3967395761347783,2.359923024760838,2.549490711373262,2.4835488860658184,2.083744255915723,2.0558193737375787,1.898441496947812,2.233389394364277,2.1694220444055956,2.061346392968151,2.125207933040751,2.364735015769313,2.7584876887400824,3.2796227795129806,3.209989251866963,3.1168932651526884,3.123275469276456,2.49088636077055,2.003151222944213,1.4514700822359805,1.4144685219291857,1.3698251945949818,1.3990290411608337,1.520398261724583,1.81851277911968,2.2024665261200056,2.296543755669501,2.2207178467708077,2.3116161505346486,2.351293556200491,2.3794114170486624,2.8778895381444167,3.1807349836030143,3.2252593686859523,3.0371063627975725,2.844944889025956,2.804247717901572,3.057489587923614,2.900543058203487,2.688541432922954,2.4569329360628496,2.421500010295601
2025-01-23,UGRD,10 m above ground,46.5,9.5,2.6135888789698063,2.6984359473805837,2.7485598777525393,3.3767585968563165,3.3293808828023463,2.952397082315547,2.791074502610076,2.723608480183196,2.3923775106348986,2.423502082220918,2.1813338436153096,1.9268770898629484,1.933470554436968,1.8868958846588677,2.2506218853218485,2.2323083610228305,2.1949404290731436,2.176614265572544,2.30191128669572,2.50607174467655,2.886919555421593,2.729313997951611,2.6508284087887173,2.5388629171986272,2.520567464229583,2.513809696921516,2.416372853721157,2.2923178691632735,2.1874281239806717,1.7005136190501433,1.560754338886596,1.434652541482901,1.5318948311801388,1.794539134851037,2.234819137981994,3.069435423504032,3.8788041007647713,3.847643894937051,3.7786490506855,3.6589793250809506,3.6194537246537566,3.5334518022581056,2.786485008722961,2.66508349073531,2.868227037430283,2.7808997210250204,2.7573087396312292,2.6939866621681077,3.076220301998009,3.27807846063184,3.3730601017822304,3.193070370539843,3.3109560636903828,2.1589796376464747,2.4211715445038307,2.360304394365855,2.110088511433915
2025-01-24,UGRD,10 m above ground,46.5,9.5,1.9709993698399768,2.0759154672636337,2.2188011561389542,2.0686492609064713,2.1042678351572333,2.0667205569479266,2.3077441369760487,2.2885911826053045,2.2997360049294864,2.3831009530395,2.5284101412294726,2.849007845387184,3.088868633848188,2.615067949392194,2.524301653577961,2.688944921716467,2.928212337203019,3.0889223562726635,3.4868783430150163,3.9613882412613632,3.904950278812626,2.706423067908676,2.198066514798509,2.345125367209288,2.3251728820280375,2.689748635079628,2.9711993541676436,3.6203024957245353,3.6287507292908208,3.2484333305064665,3.1182373522744236,3.0449579784395935,2.841078915449878,2.531842820982253,2.3058282350295265,2.6891782648191267,3.349082376637628,3.344788678273049,2.9913450133572823,2.4339821603076452,2.282044967070229,2.055557436724178,1.7622011333956216,1.4178951990390611,1.4168122415008588,1.6215141905108326,1.7307853507839923,1.852899396289181,1.7684083307939005,1.7669361148350358,2.201161780806739,2.143514548813645,2.344790417741589,1.5664027439415331,1.1161405612952393,1.1258790863730932,1.2014496873765987
2025-01-25,UGRD,10 m above ground,46.5,9.5,2.2784448161963757,2.384083443652038,2.3941487674820605,2.58691968708977,2.7428188730102216,2.4301782738304247,2.5422898445141167,2.769698738196379,2.978115377309349,3.220438645213251,3.5404138715886138,3.7502965224958458,3.656479888476925,2.755385145221643,2.2193703064852124,2.5027496664418973,2.880480338441145,3.266510885405728,3.3232346934768757,3.128401910806091,3.152945818975678,3.206580464028369,3.2263510014507775,2.7340320958218145,2.119442180838303,1.857671553601294,1.9473882644113376,2.152909503702938,2.4877650463141987,2.5170207462517995,2.77161260061912,3.022266975182074,2.894310175685052,2.8870545994322994,2.766555343174087,2.358737985419446,2.1727304654527435,1.7031824509315965,2.020485844857293,2.0670599597983195,2.0591859150083844,2.0109856883100905,1.9793632989347605,1.9268864101041547,2.159813321022474,1.7101702942084809,1.8242711399558504,1.807185243243973,1.717100678405809,1.545779509254163,1.50933839542465,1.405120095504308,1.5981004376816723,1.4009125147454218,1.4083720696236437,1.4788484749600947,1.6306101007076346
2025-01-26,UGRD,10 m above ground,46.5,9.5,3.124524515658165,3.4311128376000335,3.372233305233705,3.0962830798292806,3.1108643975034083,1.863337646425748,2.0709071992590222,2.403209279880691,2.7769610390111743,3.0611199957970427,3.2560708491127377,3.0331863322928903,3.1407215429045063,3.269287417398597,2.837904695885385,2.7202713980801363,2.429442168953349,2.145972459673092,2.0928915490730775,2.6966807610682637,3.4170088039276623,3.3909165978021667,3.081756024338823,3.0226173722926153,2.788429111807487,2.82451005255848,2.890360662363062,2.5733040941303673,2.6528777752314205,1.500185169905784,1.8773933845517448,2.0372570118114464,2.20252778019772,2.139161472328055,1.9723345755955013,1.9314196654105031,2.3237056106483163,2.281454607356037,2.2455517838512757,2.1641084332587264,1.9895213144208204,1.7907951711042516,1.592154866823949,1.3262633951412646,1.5865409053194806,1.2491173966395763,0.9864159167778728,0.9226222527558996,1.0313826442372078,1.1286764601005008,1.19722476949902,1.0352066920372134,1.4720163457325044,1.4330239681410708,1.496259320420174,1.649783150474475,1.8928717885597
2025-01-27,UGRD,10 m above ground,46.5,9.5,2.78805523202739,3.163655255746471,3.3507078928223537,3.226509994710469,3.130814638962361,2.7201701197022436,2.782208309587248,2.748186070899932,2.5874546902831668,2.2725922515026205,2.6636480911188185,3.4342132257025204,4.1606674533471395,3.981499098701618,3.2631746499044754,3.0290487914018476,2.949324050715747,3.252491498729399,3.371213527393114,3.189307938771866,3.2196787122395483,1.9907294140254903,1.664653456994412,1.6429311418294896,1.7421128870982567,1.7263826459891436,1.5851122904861348,1.1561201685898015,1.0877148608886786,0.7629999717261992,1.3048403746226636,1.683890566804901,1.8853756139188615,1.874996783512521,1.9974602080215609,1.878748754229458,2.2080994686682858,1.893933307777612,1.7493325914992113,1.829716615595447,1.8391373356180705,1.8870771394047303,1.820621067420047,2.1629989703442973,2.5777853557983876,2.185608283199441,1.824302119217733,1.840987514364343,1.8183822556063427,1.8182085186879648,1.8417732269427336,2.12887602356003,2.7556661534698654,2.492242535490008,2.20581891190529,2.097280154776489,2.128182733360055
2025-01-28,UGRD,10 m above ground,46.5,9.5,2.77483648034654,2.1590041243829408,2.6230375095229377,3.775176863108265,4.527932744372954,4.138741440227776,3.0140991340287218,2.8562673956816917,2.827059061209847,3.0889033126273593,3.401400661567423,3.474410356444471,3.1975383343253254,1.8413913186522075,1.70655126149284,1.790070896462855,1.8934634428049764,1.8210653291530952,1.604998946392684,1.236244398447376,1.418247195035277,1.0943176858198889,1.3722843166351542,1.41644293753938,1.4546933798739925,1.5189363414319346,1.6095475617463502,1.3159296122230153,1.9339053324731783,1.7639077232409737,2.0074561043350787,2.206906662795144,2.2124791679960136,2.273152615162228,2.2922363532229593,2.370107850668946,2.5178806915426777,2.217013794378901,1.8538032718061015,1.8829825780867464,1.8959120312553208,1.994979909841224,2.0731991730459707,2.6069334923393326,2.8942293505319387,2.971889321329042,2.4841638368685217,2.260958501863146,2.28190301435523,2.278848594172179,2.249839223526328,2.719712287572685,3.1480050739697205,2.928447828072649,2.44222822887065,2.2879123127538836,2.3008271184496865
2025-01-29,UGRD,10 m above ground,46.5,9.5,2.859011736220772,3.0537712746382306,3.4816459812253293,3.705411903529528,3.509282877148343,1.9167288089219596,1.866679126210596,1.94207904414123,2.143470271711233,2.123957381419482,1.9651836649980368,1.6994250692796942,1.899422207684752,1.4816521190009198,1.6593508645417403,1.719102555103178,1.6889389309328744,1.7667307420034155,1.7724948481981002,1.450877013782038,1.966741139449134,1.79713092271687,1.6959620140867566,1.732042477027948,1.821085992595227,1.839637444961745,1.7559853863383583,1.828270187286812,2.0090456311087976,1.67832693120643,1.4670147929674873,1.4110404814799071,1.4872998208948658,1.5703468321220568,1.5250813759625674,1.726253107587934,2.0945434054822183,2.0778589789425475,1.6861987417009583,1.4828634178651283,1.5202366558216305,1.491563295041642,1.5768530763747275,1.8411087786044589,2.0780828571539725,2.023146792314197,1.712958243356984,1.6359426800654502,1.576186076626632,1.4915044720296289,1.4395496368055385,1.5257056507118305,1.931582877396139,1.8622614822827763,1.6532162006526216,1.5566870734887666,1.465031068582283
2025-01-30,UGRD,10 m above ground,46.5,9.5,2.2059802506627495,2.155842445168827,1.968197620271958,1.6684141021321872,1.855433839405599,1.4390246542686944,1.5721940268328274,1.7349806977336686,1.9448071134971583,2.0500633711355785,1.9766879360633227,1.5906913837455576,1.647821547976544,1.6437998549092123,1.5592798612721883,1.6216297496629897,1.6978942124684842,1.8447910066366136,1.93628803057264,2.199447415397715,2.3615740521169646,1.8971294157905416,1.6202741606693445,1.382649261763517,1.3958512278862316,1.3850151310948642,1.4563908006795745,1.3674646800371024,1.4188638947950247,1.2526451281999202,1.1184264728390785,1.186151900291907,1.2265021588823108,1.317441001875171,1.3263985792810968,1.100877703532322,1.540580498486918,1.4131212423611048,1.5269433176239589,1.4134263293721192,1.3812645783564874,1.4193213409295138,1.3815765903762085,1.196894956318188,1.620505301170693,1.412559472900994,1.5353009584451467,1.5440818005166137,1.460659579840497,1.382893935839841,1.3428006413952005,1.2862424527865015,1.788624244466792,1.8518096293319548,1.9342827741919215,1.95636252106002,2.0968418798386095
2025-01-31,UGRD,10 m above ground,46.5,9.5,2.187814894186182,2.3763354113210826,2.411380300454873,2.1384469446011725,2.2903913758008887,1.9221228056348696,1.5662330101571618,1.5888160806651552,1.6824950639980891,1.7823886913144595,1.807100531394924,2.1165507224080073,2.4101585448588487,1.9154444339603405,1.4080601437134896,1.3689536750428404,1.1963259425762909,1.1773835260635472,1.2668011915926924,1.1232780189778686,1.1953380409625225,1.25523228439035,1.3011130533155275,1.2891261534051028,1.2666232655671523,1.3926004439643944,1.3010599874564854,1.3042261921596836,1.5894329997692582,1.4960945621734436,1.4926675846248003,1.4188436687804635,1.3752462339027307,1.3246455759653162,1.2669012449887438,1.1170427154485958,1.3990910064088016,1.3084514976705175,1.2932872388266416,1.3011176120524717,1.2642934100326504,1.2824648610114782,1.427146473418198,1.4913106866694692,2.2018594330899752,2.191088227433369,2.1652726848071593,2.0018727923660236,1.9038742114806797,1.8718798129782208,1.9795504329929816,2.764005749194664,3.4447160281481803,3.342274079430462,3.092181212935474,3.036701586239775,2.830467947615075
2025-02-01,UGRD,10 m above ground,46.5,9.5,1.7530813180496083,1.8870754628855464,1.9780235056420712,2.3239650106194496,2.636347991196204,2.1473361488051323,1.732679004258187,1.5549799774859736,1.3372356414287638,1.3342238458175004,1.3587320429324068,1.2844117399487174,1.4143978409696087,1.3103462627641989,1.2817963999041768,1.257009413857735,1.247775449551638,1.403701409861856,1.39967647778608,1.312173158543802,1.3753305181419393,1.460704101139294,1.3679151388709236,1.2867578107447926,1.2940616291478126,1.309490034807404,1.3434897646262902,1.1292763032976108,1.2683669757527656,1.3287956059715076,1.3661527453354758,1.2341068045217125,1.2504491339560793,1.5543117775151625,1.7838966141240309,2.0884539052072797,2.905546703976398,2.6034548966505446,2.489157128406763,2.577229579359625,2.5988695563825748,2.582991053005476,2.41074918645831,2.509790384548467,2.99493567010895,2.790233056160088,2.349664047798502,2.7101845289790294,3.068400452533761,2.8879333579256388,2.707320063702969,3.0304095919417886,3.078839536943785,2.5595372193800268,2.2011786550286225,2.0336803290095684,1.8137640321080564
2025-02-02,UGRD,10 m above ground,46.5,9.5,1.429983040216718,1.421466135725149,1.458408546585268,1.431267928675275,1.4936604189783842,1.4357189885071064,1.3522830273516246,1.2606773822847468,1.2315886556153697,1.307887210250657,1.3474424381187615,1.2132164467323645,1.1758946044102672,1.26195508485165,1.1658544937681474,1.1068694468802307,1.2592980533154894,1.2663115812191947,1.3110890702368894,0.956119139736888,0.9708675427589344,0.90995512664121,1.1550688128169369,1.267078105765374,1.4712181646155107,1.671250444426064,1.770126150892371,1.8250853687993416,2.3643441196559154,1.9591409907808477,1.9815268820272889,1.9624497249402528,2.0404706589140993,2.0291113704804618,2.1599180742274404,2.457376331177803,3.003563262460909,2.7975670040396157,2.147517322723894,2.029311248870408,1.943540541223411,1.6328864593501966,1.5598518437739306,2.138808082280923,2.401649585723572,2.2738139651595657,1.581303672532937,1.5090538891045049,1.4581745887738258,1.3088897852854242,1.363742690055489,1.555094215968028,1.7328501037539985,1.6512276081164492,1.24432272287401,1.279162230447611,1.295992271771029
2025-02-03,UGRD,10 m above ground,46.5,9.5,1.2746307139295414,1.302729158590327,1.3646424161565047,1.3686575708775894,1.5161019301565806,1.4659228842697278,1.3869348717303864,1.3372847889367256,1.2841384312529025,1.2370240258979477,1.2168552434508242,0.9433141439832716,1.0801964103194317,1.0239588207029464,1.2343292135726929,1.1877927721789696,1.351280791379068,1.5724515906804974,1.6798069976789205,1.602386584817284,2.148908025082858,1.9230339381175745,1.8887605391023723,1.8120913470497448,1.6806877893654186,1.512262563200705,1.551246926331688,1.5180667831845982,2.197600091244176,2.087264647753418,1.848035613558122,2.0538207936759982,2.355461203741708,2.505408081375055,2.521744005303156,2.8895371790989324,3.1269504312450067,2.7883732556241165,2.279639815495504,2.152189911194726,2.1808998190583457,2.2208044672178926,2.19136900964466,2.4759632583452618,2.7393537473549436,2.4036006167199484,1.9619000168757363,1.6851888213364328,1.4903206628185697,1.4863132678177866,1.6705403856068235,2.181812285801635,2.783753632324091,2.610013688265048,2.1731084274232546,2.2211192471996557,2.2841027341215834
2025-02-04,UGRD,10 m above ground,46.5,9.5,1.2440107389075503,1.213771831026008,1.245833558938818,0.9681362781406329,1.1352342686267116,1.087734654837667,1.329499294012444,1.2036432573574825,1.2996354135038728,1.4632019738024058,1.616826270860483,1.538172809829204,2.0961669277521606,1.8904079400724672,1.916877042973839,1.9033284370169072,1.9037541327237937,1.931215765380568,2.151706826452802,2.6127191240179637,3.3376882710738043,3.178941651934011,2.931405190254217,3.0771175742076697,3.117109835420867,3.1438491458450946,3.125507318441771,3.4157721304442488,3.476298056295659,3.2489604671355328,2.9616057410961263,3.021463495634428,2.894546054495235,2.7082777457305536,2.731778347786885,3.2098249547361823,3.5471551848946508,3.213471382508571,2.74867828166636,2.4440299925936997,2.1908213910926264,1.9940180393874656,1.9091333223407585,2.1323868442639258,2.614009849190363,2.4718332834755077,2.1148812418802554,1.9589637905444657,1.957857560386404,1.8752758022310536,1.837875295364662,2.4017749307546885,3.0990151016932015,3.0214742172468796,2.7650875088852835,2.8006226539621686,2.7065427013190058
2025-02-05,UGRD,10 m above ground,46.5,9.5,1.366227357636915,1.5161452072270385,1.570982667502181,1.4831026730969858,2.1083596128319595,1.8818471387970717,1.8938364853287617,1.8371680241603727,1.8326480624611747,1.84563321456522,1.9868070779400733,2.280007390700684,3.009776784924169,2.9310729618865645,2.798646321567558,2.936936386002806,3.1355881203352465,3.246440714988353,3.2425254556683156,3.509414068610749,3.815015484971507,3.582194033747767,3.3851961941912294,3.316314904161441,3.1130143812977447,2.976593084515108,2.910160323319644,3.3444447526266425,3.5081794764633725,3.031603091190383,2.602956728121871,2.284368603839294,2.077733499747908,1.8175033141776709,1.6684754075776704,1.810925730534204,2.290395801434713,2.106986290553082,1.6643755705017862,1.4718094617419788,1.338476563168672,1.300253834637411,1.3437935744933631,1.5579627698243528,2.199130815529381,2.1329228661078243,1.7156544172706232,1.7562799952919408,1.7289832449378375,1.6990068841070962,1.751399525702931,2.3906960032239537,3.028327396207981,2.9330968460044877,2.474470111110663,2.418229361802282,2.24669532032891
2025-02-06,UGRD,10 m above ground,46.5,9.5,1.955434886860812,2.0392939018338496,2.12625559521231,2.421916727531754,3.0873353649633204,2.923684293275105,2.6846114008829693,2.7969244498853936,3.0316292968546885,3.100393138321546,2.98797501551262,3.262437408002361,3.526427481295097,3.354926381962359,3.168678164066705,3.147026216147445,2.979758334471092,2.7056054638656697,2.549357895230673,2.8919988759809265,3.2669183558072183,2.893329376654267,2.6204869102062784,2.367048875525999,2.236962167126832,2.0714498220899915,1.9620439527186515,2.0540306503771495,2.2888581856914803,2.1848776233141725,1.901494410861661,1.9191537838730208,1.951659858495277,2.0331799554926553,2.1946219041370316,2.96962438806914,3.730248519257425,3.731807783028308,3.2913225747133996,3.1626264366525723,3.12079515599706,3.0220281845916728,2.9493205709076276,3.387330552312636,3.711457256929659,3.4408939278287507,2.925679048530764,2.6689352032400446,2.435334355401868,2.225279148998494,2.2586269998512236,2.9623841130330115,3.607554212886352,3.45933399511226,2.9332181427300776,2.858402804115806,2.8125889222566567
2025-02-07,UGRD,10 m above ground,46.5,9.5,3.094170538390457,3.133087157985697,3.219797270268729,3.492428803733764,3.701698243056533,3.473757790246406,3.2697133165252543,3.3371277877136567,3.2279875806520484,2.911579598985135,2.696261532243237,2.877276287596929,3.218704992487723,2.924282123796371,2.5736968916189955,2.3957941132049334,2.199309574133361,1.9171476093671935,1.7585188820706206,1.6446237155268946,1.7729199604665684,1.677262934686511,1.3439420374362232,1.396736931494596,1.4309911335629009,1.4710003496843287,1.4730211482912166,1.819664520980973,2.231567072815043,2.035705783850233,1.705247365238019,1.7920928438723018,1.7453243700742114,1.7135666195428505,1.794114844420258,2.1025963384543163,2.358567651494878,2.254918662100043,2.054909660611539,2.049285895964549,1.822549261297923,1.6942209538105757,1.7185792363491292,1.748374574993926,1.7126093112906928,1.6970414227867403,1.5058123006574946,1.5492434576819627,1.5322044978552485,1.4997828467212662,1.5126993507340505,1.656848884780534,1.820867233006681,1.5810077326655887,1.2735641307138226,1.2830436548072115,1.362493553309418
2025-02-08,UGRD,10 m above ground,46.5,9.5,3.2690505270389396,2.863429173576174,2.708945154587171,2.970126886658057,3.463592379611256,3.1767641093337167,2.8035988357835,2.555582924079757,2.3394061237844044,2.096078591303519,1.932020148007375,1.68180180647918,1.698277077341031,1.4223483778232855,1.0376130547750042,1.1014045717658203,1.1873716443692826,1.2034772563211804,1.16689533836446,1.459735381205849,1.8838701431595937,1.911779854669613,1.448814916399341,1.3485730591903078,1.4253206847565223,1.4506625606386518,1.5190106751809265,1.828376759513359,2.388147895797466,2.52785612635312,2.2922717552736467,2.417256675373803,2.4114668570008946,2.53056154451244,2.6321721558284192,3.2436460281584867,3.493134722192128,3.144734835972809,2.347710722617734,2.0167481459867593,1.7147600741704436,1.6267953338662,1.5958320152386132,2.0140829093929216,2.6698547682222378,2.5675700559289343,1.8776590295652764,1.6179618375648062,1.4948311192150263,1.6102601002093275,1.5975537452808986,2.213456368200112,2.826827031752003,2.861507806890075,2.2111555064058366,2.1822138085587053,2.11910740648164
2025-02-09,UGRD,10 m above ground,46.5,9.5,2.4278958558094574,2.2772773002678237,2.083066843064657,2.0266830374763014,2.040807591951556,1.6812534069071594,1.333373527245885,1.335940687073624,1.3695551552553848,1.4975485509590076,1.365894344761762,1.578430268068466,2.0042243552518553,1.95736439358544,1.7857621792684648,1.884416516535488,1.98303621866651,1.9938776774625917,2.020673439185887,2.3516795764193317,2.6016035957428403,2.430290466487029,2.380960003565534,2.467159989261331,2.4028134712927516,2.418324495699797,2.441577189801878,2.617806589023579,2.7638826822704714,2.528310428164263,2.2466851242254577,2.2044466776744907,2.100415597537582,2.0566785932964646,1.9594570995776737,1.6957171927606662,1.711660297601489,1.5044927533150083,1.0032353084773122,0.988024916978378,1.07425998152133,1.0579970448629168,1.2013436098081298,1.2085209387967486,1.2499915780393047,1.289342222907606,1.1272974520924657,1.057824832407512,0.9856389368519946,1.019500876344539,0.997196643239114,1.153666241876749,1.4642713209723377,1.3464596867335676,1.02505115126863,1.058726371956924,1.0191452435118804
2025-02-10,UGRD,10 m above ground,46.5,9.5,1.5082304554234902,1.4965247824052028,1.472105881132604,1.7242772802532298,2.090059826661483,1.8566917653113535,1.8621253410158591,2.028035165170555,2.220411656722992,2.151755341704531,1.9600614382471249,2.2088024541739264,2.3469911248143784,2.229825918874439,2.107298896029807,2.1307488522536553,2.039692706307181,1.9567837723017916,1.968055388134747,2.0000412324113563,2.0704852493799866,1.9561628883348616,1.8433502894305431,1.9299006486109864,1.9262102700263384,1.984833566923484,1.8825547710768236,1.8117626252767096,1.8783166145587824,1.729477128344579,1.5753721042857876,1.4026425112250276,1.5161837773944826,1.6728103200236195,1.6431328454349416,1.7762098809151377,1.9359626872582,1.9707384808476127,1.9205586718747885,2.1925791160097665,2.4981842322616776,2.5933593768902083,2.8098934080525875,3.334141913340917,3.4320059984400952,3.400036446371658,3.0940194532934218,2.848825793081791,2.781399408953618,2.7928669416383896,3.08917025396411,4.089998455273762,4.572878275779409,4.533323787083958,4.035958433770553,3.6952478156060424,3.3493051911912612
2025-02-11,UGRD,10 m above ground,46.5,9.5,2.2010912249903187,2.1276906119002077,1.943574170146935,2.201299790471386,2.542886703872922,2.326485554210038,2.250309486656771,2.299809649839136,2.205619882550968,2.119732144565846,2.1204822738749387,2.2136249038041957,2.231642012616222,2.0278109628110075,1.9023165581924997,2.1293581564898254,2.2640188298378163,2.2191716988504613,2.053856383773402,1.824288893951698,1.969208955775904,1.8830935980443944,1.8798623306885112,2.300718149917138,2.8845127038165117,3.079312755716843,3.164071872396282,3.581857484486463,3.694319449279344,3.4029152683187673,2.702355026592171,2.4855305064504556,2.276517636359316,2.125799700274469,2.0764556547070088,2.389240201939701,2.1878720374712666,2.2044330293365633,1.8441074087193552,1.906730375538129,2.1136670187697293,2.4074055865437467,2.649526899120235,3.2036188558838035,3.291546234921503,3.3799157322971234,2.566875533011447,2.6041070530624704,2.57250294833179,2.414168716776851,2.3096230405821685,2.725437400435686,2.936272297971856,2.6493461898466877,2.023731490266523,1.8737783807561528,1.63633403428882
2025-02-12,UGRD,10 m above ground,46.5,9.5,2.215054340595719,2.249972266399114,2.2541103113182,2.2692747269941185,2.30486333506201,2.0528859207325016,2.113325426648049,2.240786951859231,2.128667793018827,2.091943854567118,2.1018735287464776,2.277679424574006,2.4464730766659986,2.206433182577726,1.6780421639725454,1.7206679528057398,1.966928803954637,2.351642505208603,2.6498952968973364,3.2833994814482006,3.69512400680464,3.5006548704050537,2.738122366040733,2.6004165140496243,2.318599877935205,2.067038220088276,1.8898983136496044,1.9293628093884816,1.8380195251906928,1.5278911120246326,1.4253453826470572,1.35739182407791,1.369448123351419,1.3050106096363798,1.3732099266882805,1.763542245236137,2.1378098514867965,2.185707704041959,2.0390489776025715,2.0163994222410806,1.91628194980605,1.812635152384489,1.752809543230008,2.0445704677865644,2.15672398092224,1.7053261938917854,1.3949395758789256,1.1689856350230747,1.125607573650294,1.1860324829338351,1.2374288722707982,1.4605050130957535,1.9198295430785683,2.067591185350904,1.843666829779733,1.8698239229252205,2.001579030903317
2025-02-13,UGRD,10 m above ground,46.5,9.5,2.299524869756608,2.094728300020897,2.1131326299843116,1.9800968255522495,2.303144139148664,2.37554902943222,1.9120021783412369,1.7713622474872592,2.147855750525658,2.448545823769821,2.653625084744571,3.272273622067462,3.74070196947064,3.5401521810365666,2.839881925376801,2.560934257090115,2.318144771551231,2.1145236234803604,1.8816199750286384,1.916428511914487,1.826478339879157,1.7404646423783738,1.542490256594641,1.5625323342204,1.7473672165598324,2.0123416741388853,2.4571911014822336,3.345289355771085,3.668965935636779,3.586606295510906,2.979352497840149,2.8489424981902896,2.5128805690502856,2.2561500734715616,2.0795212563028014,2.4767251626382896,2.5589557916551815,2.4074520687696763,1.709740649156346,1.6237041102586205,1.482503480560575,1.399194386183182,1.3663345559923188,1.6691747975396214,2.0563204282379877,2.363208791630921,1.901252555877642,1.838400237468328,1.8997873492247697,2.0111068322233834,2.067522263406812,2.358652976147543,2.6160404012714915,2.316269165463061,2.0012288804760328,1.870212627108547,1.7547774150310935
2025-02-14,UGRD,10 m above ground,46.5,9.5,2.0155531881159305,2.3759024272451734,2.6540723219568507,3.297930722756562,3.764512690400929,3.624895484487488,2.9000403737564993,2.5783022089683434,2.366492240556888,2.154848052386824,1.9373593261922335,1.8598779798659693,1.809818747627868,1.4548841211151249,1.4199954635271617,1.3373153202639312,1.2733513040723992,1.2507167715586534,1.455258132793873,1.9167944209076768,2.2654028690919397,2.339973305582305,2.042431758909155,1.9408029802556028,1.903908036930583,1.7516945845335825,1.610697066608502,1.9343638822557812,1.998598389392659,2.0312801275109535,1.6036722720084904,1.4536103216133662,1.4783969162755708,1.5758164544395368,1.7390280213506937,2.087815089816627,2.5124401062796267,2.504446277681292,2.1574828507548096,2.239976168945707,2.2210803371183783,2.1977411020135404,2.232371354535654,2.74509756662571,3.133182757855182,2.864608074902624,2.1307143415689285,1.9388705003854785,1.8604161868401985,1.839376053130379,1.8411227414841007,1.9352698715857184,2.210356033713215,1.968579368228513,1.7567139185701055,1.6233529308185437,1.4907455192859904
2025-02-15,UGRD,10 m above ground,46.5,9.5,2.4234841311768935,2.2024643681029508,2.0030418074782745,2.0491531312190534,1.846645433925849,1.6829470944118183,1.5271691740477906,1.4261252921079266,1.4456690451288683,1.3965330923793018,1.529620543168349,1.9669527932535833,2.242934034369436,2.24406834446841,1.9713196678094247,1.931200592376973,1.8295298874494323,1.7913010367568156,1.756259476126263,2.053084211941087,2.115140123322081,2.02610992769622,1.6737719805500209,1.568200849700223,1.507095105740894,1.4889394778138,1.59658941534752,1.8643204790222687,2.218304999205121,2.2448403886646995,2.0553057599200963,2.028277412650932,1.9957769731058008,1.9443249151165476,1.9270610345726031,2.160637066194179,2.337975254938356,2.0994029439336694,1.9248971501935148,1.8312176538384488,1.7625789598718935,1.7636538200252874,1.6685203059625295,1.660369979313745,1.7401586993010807,1.5509329128621774,1.6526991491681595,1.6526585417841475,1.6248114443538897,1.5739261350754004,1.6055563518922846,1.5840873824125423,1.9350535587257829,1.9873306270227455,1.9311937107464017,1.906510062534674,1.901231309330464
2025-02-16,UGRD,10 m above ground,46.5,9.5,1.6523968348176092,1.6770792279235986,1.7313564294753163,2.0520050752762757,2.252993036981433,2.262223887086826,1.846581917054571,1.844404926655876,1.821057170652037,1.8058012047070564,1.7489723813294236,2.072252153251047,2.1532773123541564,2.0847663818971727,1.635297723257624,1.5904486964959088,1.437866511646143,1.449383152953211,1.5071652440919243,1.8297592869782824,2.2296922398728167,2.4438855138043323,2.067823690605892,2.162938782063041,2.1117446933360315,2.037644288109509,2.017584064811313,2.482077616180598,2.955616282996609,2.7174843879685673,2.206939228517876,2.053696772112559,1.9461716800180289,1.9003871045204128,1.89865557258502,1.9778392438923464,2.2221299643520243,2.0571379742860283,1.805887982492903,1.6533870938846114,1.6261831380285354,1.654718245841328,1.6677054209725228,1.972783857374101,2.5941573962760387,2.6000424724536453,2.1880114152905072,2.045530374125807,1.9570501893320429,1.8085464366174469,1.7474496941489803,1.7967721385092976,2.1831880721075345,1.908539694579832,1.497284762175356,1.465181639946779,1.274427642219369
2025-02-17,UGRD,10 m above ground,46.5,9.5,1.90881818203885,1.8627706470009984,1.7209572530950892,2.043534574952328,2.1621850384546204,2.0748463691410244,1.700108245794291,1.560006106985522,1.4376635146440595,1.4456141742291386,1.5161934378721158,1.9997991312446857,2.544817144561108,2.8864602080078026,2.390165976825906,2.444993893818148,2.4479521660247467,2.319689282632515,2.1757562582980325,2.5657658155327807,2.9432653157077557,2.538390064920921,2.0980257112861898,1.927214301984503,1.8322414511971197,1.8269991651900153,1.7830797562045526,1.7907306557747231,1.8883366265491368,1.67473747584795,1.6698549798680686,1.6610977642940616,1.642354449569384,1.5916186868699496,1.5129509731929356,1.6981353537086954,2.3161967833415193,2.3654823368451576,2.2404700292770823,2.2290099251078885,2.1772882248122425,2.112579272056438,1.978261817039246,1.9869557982105892,2.242789240711561,2.056311858436662,1.523289683879216,1.48635432466054,1.3624179178773543,1.3391409294501324,1.3574885575284168,1.3054786992106255,1.7720605466263144,1.7117027061842065,1.582666536956586,1.7387422532365415,1.7198244095063016
2025-02-18,UGRD,10 m above ground,46.5,9.5,1.393377536468753,1.4285643398092214,1.515685805164431,2.05791940838788,2.676189647156279,2.856646714689785,2.350897628446378,2.3813873383156747,2.349058397764969,2.24555145403231,2.175550572492188,2.593933407316289,2.960495352512725,2.6025979268155,2.08248420516744,1.909319083098158,1.8151526591483385,1.8065856910523264,1.8016879883582635,1.628063612047965,1.735375163306522,1.524469666045336,1.5712920742723937,1.5642881087285716,1.5670199357596473,1.5518975901806882,1.677012969960056,1.9535109226077711,2.6918287620846786,2.571906091225835,2.397492368451289,2.436038879746534,2.3645848705197334,2.2558678382403508,2.1405812462916254,2.267800080285154,2.358068543294216,2.0210062352457734,1.5437207287673504,1.5434023020468015,1.465108522214459,1.3603760006810184,1.2543999229036813,1.0568220206775538,1.1972159034490806,1.207896314715298,1.2345123886095233,1.5238300537354434,1.6446959715861391,1.8016001089384408,1.8909396716962965,2.0466007297388296,2.589960473767854,2.2301490741420595,2.1086978483920817,1.9713527170990912,1.9585683113108052
2025-02-19,UGRD,10 m above ground,46.5,9.5,2.4103798037351805,2.3267982922697357,2.321297527516699,2.7758007854675597,3.0045012135992932,2.611944714564793,2.0971787665587858,1.9508452896824195,1.8538497532148197,1.7887025178396174,1.7332074141866052,1.765106107400388,1.8306489976913016,1.5853023029030937,1.5666067450575598,1.5341010871412744,1.5678820841209724,1.6238392287193244,1.682832101961282,2.0081607704821636,2.6755253924195097,2.630203785554968,2.5818184394271144,2.585327930172814,2.5408988322609054,2.4158402164565485,2.2549441157914463,2.325108625326589,2.2331077647576523,1.7843230087330282,1.4700447730311836,1.4809097995625284,1.3786051479161676,1.2578316918868593,1.0915500782680057,0.8928434831219396,0.9907328865566865,1.0613851931129117,0.8916579235895881,1.1450020121071245,1.2999303452326685,1.360004379585387,1.4715545257517897,1.3578345402213294,1.744575317256393,1.509065066610745,1.5096981991100522,1.6609470764641996,1.8218182730341024,1.6754761519425232,1.817441228364927,2.138668959191977,2.3621516401814846,2.087264057337946,1.5767800631451376,1.4192365288811726,1.167346554743106
2025-02-20,UGRD,10 m above ground,46.5,9.5,1.9308418407303216,1.923569745153456,1.9128248069477356,1.8381298023820771,1.8973864532105085,1.633587080301841,1.6698687048329277,1.6003648460604107,1.6373693544203851,1.635934980331648,1.7081717448103992,1.9110733083971947,2.8991797565942017,2.9305315313763094,2.6971267706245876,2.7284577317422194,2.6651621586963445,2.5622119357517397,2.4849815709526695,2.6161274993853674,2.5220492724308743,1.903798428251389,1.4552659296833912,1.3207108455146628,1.2111978417599376,1.0248521648562874,1.0049608925002764,0.9231969337822936,1.0459906017065672,1.0597202783903557,0.8899987750500602,0.8791297106034812,0.9732004322926328,0.9975530045571572,1.2423311637405292,1.5340312537084153,1.9238186392687928,1.921910103183598,1.859794619989985,1.911131370110736,1.7685580000360774,1.5389642588116,1.5155720949653475,1.7504970193832723,2.0280057862434395,2.0997196859531484,1.7891772851319905,1.7762628552426118,1.5678795264343657,1.3502914804966868,1.3265495904839455,1.4644767655301978,1.500633441562196,1.4755358755359085,1.3323430244775714,1.2210673036592832,1.1876577226635536
2025-02-21,UGRD,10 m above ground,46.5,9.5,1.7372871430023489,1.7802250664616728,1.764816837397459,1.965145876962051,2.6891044992023247,2.7383707026811277,2.5837990355528815,2.598420997218363,2.5994858193202335,2.5998462814067684,2.560373353684131,2.809182433533802,2.749080748198489,2.0665369479710565,1.6033632392982682,1.5682014767421557,1.4231620007261585,1.3059279979251928,1.225105081411983,1.1651760680681915,1.2912557731037602,1.1317495625117426,0.8670909864644981,0.8713085972999495,0.8632766213164327,0.9302968533329136,1.0066475419272978,1.1558677763876983,1.5212793631827946,1.561613954219918,1.6083652559455732,1.732756215789379,1.712965136423383,1.6037279005996532,1.5576631951417577,1.5310126225243987,1.7504878070804155,1.5156072696229017,1.697086337810361,1.8437297850885364,1.833021080681462,1.6798120554515583,1.6538554998295143,2.0468966327655327,2.5385707309758447,2.559944518410881,2.3912794971217566,2.3870536879639257,2.2875791045302867,2.160185841000928,1.924534046707277,2.0600323481676,2.07041780479776,1.963266286337529,1.9281815513369485,2.072670077242928,2.211736929492605
2025-02-22,UGRD,10 m above ground,46.5,9.5,2.598114003429699,2.57327914176426,2.5482658504892357,2.803962583703031,2.862701067881107,2.106756033520217,1.5509354840425524,1.566048875831647,1.428894473653473,1.2920429799463171,1.1250668714064291,1.0798971167674654,1.088663929695709,0.9354725736842782,0.7772353745496572,0.7695511798782908,0.8245869958949231,0.8452542787546742,0.936586672069013,1.095323618678202,1.554261845369885,1.6749557178916286,1.6410485947208464,1.71754328682761,1.733722091201242,1.7097304296953646,1.8704620467196424,2.3614861985614195,2.678608601367574,2.454223251219145,2.0643764422866218,1.8795897876806664,1.6510655862434858,1.4519708462874832,1.504333806410188,1.6076309311703776,1.9847290652789231,2.001265696542191,1.7964247139779088,1.7565693994964628,1.724403820774353,1.6462599570686596,1.5848890893569874,1.765137361554065,1.834015466407932,1.8322058408295048,1.6686383142696726,1.6114079451180852,1.5877247233381273,1.585756779730337,1.6051016442843324,1.5558416819410934,1.7369295049356184,1.7709217903933794,1.5224548084946474,1.687777406950654,1.692996799832328
2025-02-23,UGRD,10 m above ground,46.5,9.5,1.4728906600666378,1.3749931704424918,1.222093258240736,1.101857371200433,1.343544641033935,1.1213910111747665,0.9764139134423094,1.1154780350967637,1.0809888077191423,1.1725781773622417,1.221987722412883,1.1699513265725567,1.4810398455380045,1.5937954634397191,1.629939953681609,1.7518149356133337,1.7470491302065176,1.6238811434357063,1.5495412312214674,1.7039000894633685,2.2996447631851074,2.208715576245193,1.8674872522864592,1.795594608482462,1.765317600380524,1.7493267265807044,1.952324188216415,2.257725868418369,2.6199837442720195,2.8668977784163365,2.7975678756101257,2.6878669884757738,2.7074828369813617,2.839709222235637,2.935941709846818,3.493733372445802,3.8568579290691143,3.168335288334216,1.9358049162933844,1.7926091422014214,1.733127822672321,1.666376094578271,1.504268262470986,1.7501673275990228,2.246246564390846,2.3205097001968458,1.6902539536517875,1.4521169131310747,1.3443732394518229,1.2689245101432003,1.3414410771380965,1.7057104562458296,1.7136098667915076,1.7990845807347575,1.463779062068027,1.3899201461389838,1.3696914748746205
2025-02-24,UGRD,10 m above ground,46.5,9.5,1.1162261806468332,1.1681022440878253,1.270239946045323,1.2923993180857187,1.5520538935437609,1.4745833483535875,1.5924898080567995,1.686206563256012,1.599975886426707,1.4064245232839023,1.4470444499096238,2.121721169141893,3.029768559214518,2.6418082668844436,2.183972189243518,2.075139971738005,2.487413617127703,2.864567938239526,3.159846927945721,3.5389297537343536,4.035408249628215,3.682119614626869,2.889112590839299,2.36324657581308,1.97343911089648,1.692132724077333,1.8589689114833527,1.8267807431706065,2.379778745998875,2.4497838024067287,2.282067180284699,2.6115040019649833,2.648408208366684,2.478206426001407,2.3087997512174647,2.5753359001419507,2.5083770884917302,2.5264479771868267,1.726757315892433,1.5706282073996842,1.5252400747904038,1.4943188103671383,1.5326622005606572,2.1720314408143464,2.687845893440699,2.8174307305075015,1.885443485869844,1.9033186801374264,1.7822979554753449,1.648359881281266,1.8575301139731015,2.5941650210819525,3.813318583026609,4.009651502230547,3.537849660019055,3.4109191436185777,3.1780716160826827
2025-02-25,UGRD,10 m above ground,46.5,9.5,1.7305573298732773,1.5896280531469706,1.6860176566353124,2.0050324331381892,2.7533133283202194,2.6097938772374616,2.144304429742781,2.2362914550313997,2.580121437031534,3.011430230039467,3.2220416867765063,3.5779926406862925,3.552153759346978,2.9965745735918174,2.345737908588429,2.0910932875266695,1.91570062072992,1.9362505028810728,1.958167279908595,2.236040771445497,2.5711988728299193,2.448525611240748,1.6504567518666415,1.656485211893754,1.7666564423440123,1.8144725830858883,1.8138997058884327,2.3155633475295208,2.809598472221575,2.6366121039999677,1.6247381245785435,1.4779167346780664,1.4530721409303582,1.5154652916777391,1.532436605584481,1.9688815269458189,2.2910734882802313,2.470585312779847,1.9345356415499944,1.78149916528651,1.747958511634859,1.7879910044269698,1.8265083591642692,2.0538976811397736,2.4950729918072767,2.635564883230302,1.9126671024481583,1.8342485246644908,1.8148786204217155,1.6859080710335044,1.664519112973329,1.6969128944630825,2.321257115876082,2.474851856400327,2.221737238424983,2.4103336816552505,2.4047604916238776
2025-02-26,UGRD,10 m above ground,46.5,9.5,2.365232474360323,2.6910597325550243,2.9412177936974744,3.3895962557468464,3.716109492117036,3.220415990991814,2.6245378578548655,2.243768238929392,2.034219326800766,2.000217612246063,1.959763193861245,2.162349620661195,2.5449038257244636,2.5445903440976685,2.044588899184717,2.26362714241485,2.5502157631126554,2.4645277596800086,2.315891990523588,2.744516665198403,3.076773624233263,2.836988281736251,1.765450710387035,1.5894094674838,1.5492043120687908,1.562308750197284,1.4246573204056026,1.928713964025553,2.3473605248748433,2.551027226847042,1.905315177382394,1.7628356317364893,1.6772485150176422,1.8017783504202212,1.7485362912607925,2.39573295537227,2.7215094098739776,2.735326487078887,2.110439379807542,2.2489652217700713,2.084503367595402,1.945945732459583,1.884709142100371,2.125245199743586,2.2433166584405835,1.9366667074660595,1.565528101428697,1.72068469959648,1.9104234993571871,1.9933758772472436,2.3152931030160073,2.782264242714982,3.266592286533677,3.0085450221702708,2.8114772178302405,3.029009326440888,3.2907222646302223
2025-02-27,UGRD,10 m above ground,46.5,9.5,2.114561654401892,2.065372984560947,1.968297342659767,1.9984865218733248,2.1813528746899857,2.2458519096114498,1.780373914798607,2.026512107604445,2.2467148312698675,2.155301959549723,1.882528386833647,2.240651893569628,2.601065943596319,2.629113644294349,1.6837763052613492,1.6289178768278822,1.640629549563583,1.605197688939176,1.5877150110319105,2.0170102879739096,2.5179486930862947,2.5128710047435496,2.0587983284609956,2.076392050060554,2.082312378501451,2.0774133212751646,2.1069033393234005,2.6434728283574884,2.8831076918659484,2.709406334745144,2.0519942769116812,1.9180792322299904,1.7840581969827365,1.6879917550410948,1.509183590222107,1.444871622311496,1.569809995328672,1.5607187384405123,1.4173603593591464,1.6123776220198347,1.6290432607650285,1.576015577073733,1.466653508686996,1.4280635314865695,1.9978880298166752,2.135084831003412,1.9625637821097597,2.098323681154638,1.985092167969104,1.867440380152848,1.7826598469108847,1.847200231032424,2.5580601782487515,2.6710430854167444,2.535586339812892,2.703761784062924,2.6519342875041083
2025-02-28,UGRD,10 m above ground,46.5,9.5,2.2671496596743985,2.199643889909276,1.984331505909647,2.4088851280527743,2.6656615691101955,2.4131093171873808,1.503530304695674,1.2902141922174724,1.305218695883532,1.4783120035083066,1.6615161963560774,2.25476350820949,2.5734528434567236,2.7220682233543756,2.2471382702902245,2.2746406288328735,2.2421514166501044,2.0929371435972315,1.9227588544747576,2.588687873942964,2.776538711054738,2.4764813533916428,1.8816537701269247,1.7944150963913423,1.7468495913822526,1.641882726955942,1.4821368324957918,1.312560891506701,1.5651126389949557,1.3555902874213333,1.1600134592825435,1.2393033086361689,1.2050427175843337,1.1248932944887935,1.1693605672272798,1.1553055175705622,1.3907980200473316,2.114527574438209,1.5805525657510433,1.8156021156193152,1.6215960140728942,1.5092846569298777,1.328799491078114,1.255794048013689,1.6308669444173725,1.6324645757699114,1.4689157361176992,1.6777857645727772,1.5841137705864674,1.5191239059347286,1.4694146828095278,1.2293690588914268,1.6957707344466213,1.6658214013498285,1.5462708187232352,1.588145431077229,1.7733267252793696
2025-03-01,UGRD,10 m above ground,46.5,9.5,1.2863825313452537,1.4909699853509146,1.632882081910383,2.199712994969411,2.6057828023069245,2.8011839246650787,2.3851110685153643,2.259231779203377,2.164825961666008,2.103228161023989,2.0049810600362115,2.684465236363055,2.500689396084968,2.206230578446286,1.7770796214627071,1.7342992682596656,1.632533128968927,1.562708985957774,1.4507400315331156,1.218788367001916,1.484894386216527,1.369608832367156,1.2266050715510108,1.2684355591267915,1.173146839124052,1.0953441986350394,1.0792746028979456,0.7940361815169856,1.180255166813504,1.4523242177725686,1.2901460749943086,1.3417429963917928,1.380899945859396,1.5643255635343245,1.475043087472702,1.130586865664622,1.3915876846049495,1.3456382790446175,1.305324729648554,1.4691673187504146,1.4508710598575256,1.540733679203386,1.4954648204155576,1.159396845519086,1.5147281453500994,1.546413207099973,1.5320457499330478,1.6431028975201467,1.6721993807098865,1.728045656939711,1.575113029346778,1.3273830012283458,1.8362129906663824,1.91211208302631,1.3652005168226948,1.333089721214174,1.295245920375503
2025-03-02,UGRD,10 m above ground,46.5,9.5,2.227195098615803,2.1336834583055064,2.095162013659837,2.6710218059540396,2.647643384971101,2.4286734977236515,1.8156539491659045,1.7732599821867852,1.7059456202281416,1.596806831945256,1.4641614785506625,1.3707575087303274,1.510694275588094,1.423672116833458,1.2893226316366193,1.38109195856796,1.38726731933044,1.4112543186671729,1.2648809669510972,1.29882868187554,1.869625571158236,1.7582129850492905,1.5669080780215583,1.5746394527378502,1.540004416347606,1.531313826967926,1.642717925287128,1.6887113636656377,2.3106208600034215,2.124466369951538,1.9620591774056129,1.849439519938977,1.886740612569388,1.9629923347014964,1.8935944858486276,2.07729359460391,2.515957222453995,2.3615948510862976,2.000080665683485,1.9783525853404664,1.776748836305471,1.5969970898789896,1.4428325454039888,1.4409586223429394,2.162029504747948,2.3617552030891344,2.00603948644242,2.025104128209078,1.9850099207370753,1.930426588621032,1.8018525048102525,2.30746642553985,3.0527349075968013,2.900829448467827,2.368808421838444,2.1449702904345145,2.0343461014826203
2025-03-03,UGRD,10 m above ground,46.5,9.5,1.7234561795630734,1.556671275790961,1.433734771268682,1.273781525250234,1.4512192509111932,1.3689393847650269,1.375663217815613,1.3937057111160749,1.393831988529456,1.3180668050623003,1.2870645114896877,1.42373833441992,1.908581274434094,1.7780334393105726,1.4751264744718042,1.4402114548764493,1.5109250078140284,1.4760721284945033,1.4762916481146326,1.4185520149359474,2.0469419127169086,1.976431516191476,1.7271786731847216,1.76660321471487,1.777767521,1.7555720017459109,1.7033896637497687,1.886879768547016,2.4015257403333736,2.3968310968746103,2.1186617262671237,2.025617988738293,1.917806175349132,1.7725964997505388,1.6623038104292729,1.6986986515084732,2.4500859239659576,2.3853825942066194,1.943562909963348,1.882851303993637,1.7622315204600822,1.6614901684581889,1.49543658078705,1.8515618006641965,2.6486011674603755,2.7122213522178926,2.2269028721801347,2.113595991578323,2.051557746413159,2.0619625198812095,2.1856378229072813,2.9124374513413707,3.4718438505909734,3.698840351934897,3.444357383995376,3.450258171700875,3.3306662408474894
2025-03-04,UGRD,10 m above ground,46.5,9.5,1.4064374227388163,1.3717673255591003,1.269383230615825,1.1640849175845802,1.6860934687205258,1.5950208897208111,1.4134762155827585,1.4166763503992776,1.4771275161662003,1.51229599241473,1.4793864603284552,1.4912003546471868,2.0453937516954763,2.014193996732226,1.749444211462566,1.8130659701972471,1.8435397387183643,1.864511812044012,1.844110913250927,1.96989526020299,2.3782733084316288,2.391474052111787,2.1397169345457625,2.0200585065997134,1.8638488717381936,1.636776597446596,1.5292167968753112,1.5726849238297225,2.229911548466293,2.3282690485841737,1.8914760485468245,1.8346209098085569,1.761501080561397,1.640628581617551,1.5335165768057846,1.888105315518947,2.685538911739051,2.792833904041838,2.311065890460319,2.212362142062333,2.1534126042751343,2.1494491639137907,2.1835391356795237,2.646655713154307,3.1485867430105072,3.268465773053635,3.0454380556998153,3.025541079441222,3.053752226172638,3.0605912778931925,2.8753770905567486,3.132940249953868,3.670187079322698,3.178236570155036,2.6541455965271656,2.4998990716439997,2.2432665075990563
2025-03-05,UGRD,10 m above ground,46.5,9.5,1.524612801517711,1.485456904604499,1.453252618503964,1.4455562723889783,1.867699474631732,1.8234205103671048,1.74148204551964,1.8493481960493448,1.8714828624940745,1.9134531101251768,1.9559621365606896,1.9200330865201205,2.258964597685138,2.010285922474166,1.8919128871088944,1.8721467546533117,1.7767072339218166,1.6533638977872716,1.5480730349505882,1.8087644334128077,2.523871104696817,2.4942141719251927,1.9445330469456965,1.8365495442010764,1.7021555686693135,1.6591102633728707,1.5632109299136236,1.739502621984371,2.345395254817854,2.492651385658375,2.205065076941957,2.1143862755533585,2.1335179227836942,2.1429067134596123,2.1276225700088807,2.8221290279239333,3.223785205053729,3.2958344247490943,3.0457572188348188,3.043423215985152,2.9087668951513304,2.6489947188580123,2.5588593278373057,2.740333234593984,3.037165155204889,2.3348583532002944,1.5332319022684973,1.5356915846397878,1.7198144552571275,2.082245155410934,2.600504875885161,3.293796206155809,4.087109130422196,3.716795767872155,2.8455760955387523,2.5287635004929836,2.1745909460195225
2025-03-06,UGRD,10 m above ground,46.5,9.5,2.046983552389044,2.049920634365508,2.0592098683945923,2.0429476983616244,2.262889065716545,2.0497015837706,1.8692611877113807,1.8693873060695712,1.7940159729536178,1.649749231740164,1.5902632559516208,1.598559066252737,2.299431352159996,2.292308894262439,1.8391198500530084,1.7984049004291007,1.670497381562321,1.539086437790827,1.4537314353930384,1.4851032689301755,2.1232793818879205,2.40029497120604,2.07797044863408,2.0652972001785628,2.030986779484276,1.9963311930123997,1.9461327367696577,2.556955398805189,3.190173094750076,3.255844649327361,2.9237773813179357,2.9557799157809552,2.8517252324520603,2.6207518972952544,2.3602827322432107,2.137540672920915,2.5560311529223787,2.8971164456609433,2.725745895230002,3.2178403059156717,3.6189147083766464,3.8304441877353472,3.4603049332732647,3.354056791436573,3.442825750531417,2.9714992239264353,2.2878526449510517,2.0815471654427777,1.9865276429288248,1.8193234737508983,1.5473380591851251,1.542761715757818,1.838456501919771,1.8289097399401717,1.660058069340251,1.4270357235820632,1.482750902971011
2025-03-07,UGRD,10 m above ground,46.5,9.5,1.989742077300757,1.8980735500738108,1.7754517981047448,1.6247451112025528,2.14096114903935,2.096217728536998,1.7770998275191636,1.7894906007024682,1.7027652559625066,1.587251947615804,1.5422615111105746,1.705733697600088,2.398182875494632,2.547092815590621,2.2191489328217138,2.1799193384115556,2.101451594513956,2.0081194529478315,1.9117663947201755,2.3216462570928815,3.0296591942146813,3.251436569319914,2.976616719783461,3.0241277300242855,2.7889658234347063,2.5585097110399357,2.283852620741097,2.277895726034413,2.5726419148527,3.195713256472204,3.780167214047123,4.329605306718304,4.161998095656899,3.687663354807258,3.123746216223364,3.293029527004762,3.3936501903931733,2.579092923738681,1.502502233384413,1.6789586787770157,1.6383960247111813,1.6357391855604773,1.6084250772178368,1.9420861516397836,2.579988951429256,2.5934581927344147,2.3189609625679095,2.0688387719447547,1.8815075277113555,1.8614759355667736,1.867793628461333,2.290469853274181,2.838953922284919,3.029095554363904,3.1081889028346863,3.4372742007576904,3.3659227124363484
2025-03-08,UGRD,10 m above ground,46.5,9.5,1.7676982479301715,1.6985523957191102,1.6244961496244423,1.510361623584083,2.217552151904954,2.308634530609776,2.1067212096002352,2.0834326115436888,2.0270668172611876,2.0224676626017177,2.019091764828235,2.5861965245834204,3.2292539127193027,3.3337635886765193,2.9874154052261868,2.9832575617302877,2.878041797705852,2.7246231267498224,2.527121104058312,3.2204020370423345,4.015134556797097,3.886808080595503,3.5393728334045504,2.9632360265923263,2.463839712143959,2.020801178213576,1.859721584023724,2.0497848087659567,2.716256790125091,2.62013194463611,1.623995975727353,1.686972146082906,1.6071699533093025,1.471693693000154,1.3756560899968306,1.5685025764367215,2.0569943817512666,2.0102584424609744,1.4884809847789606,1.5678544281526956,1.4650801585215498,1.4357900425464396,1.312120783933119,1.2144970778625113,1.6719059711733344,2.087494998245979,1.7936351600333489,1.7398473130069436,1.930302874531108,1.9330463534666824,1.7034198043091815,1.6465789511089106,2.034190694518022,2.7212961203044035,2.584572150786872,2.211664533197343,1.8737213260946144
2025-03-09,UGRD,10 m above ground,46.5,9.5,2.100408502676925,2.095403460535661,2.0811174788180513,2.51623010769616,3.1095942355097232,3.1622033018967493,2.8429339002974023,2.8231287218390464,2.707134431567825,2.5556324272236233,2.3683197526756055,2.916854085381577,3.69823306803179,3.8846908020230817,3.3175295042242854,2.805581922704176,2.268083472806002,1.8812509431056,1.5287693761874253,1.2817419126990406,1.5474724056355376,1.517722085357651,1.3674612595580626,1.7168417138407146,1.7799400766700435,1.7023782751180452,1.6098695421899225,1.930393355978884,2.3441739323026867,2.37382054608055,1.8877117248855573,1.7736837114255213,1.522777320335363,1.4041970699866912,1.3467838595591364,1.4808920740820142,1.911502531637105,2.0415945579691535,1.9792754715240743,1.998331186424913,2.063850511231087,2.059099096545769,2.0228321760366073,2.6367324218515664,3.11023776962234,3.0560377210436256,2.585289013822714,2.037119266572171,1.718277429659568,1.6494031670622986,1.8824776236684,2.644073230396951,2.851812014184847,2.5637987405000913,1.7304477323682197,1.4371243266744085,1.2647060399606702
2025-03-10,UGRD,10 m above ground,46.5,9.5,2.721538913179497,2.62724215217692,2.4730552576921525,2.927023318855172,3.816143183384953,4.127975158049153,3.819521357138236,3.3208577454934955,2.6395628743054336,2.0291944930646215,1.7661576906174834,1.5316792090129807,2.0992520192987243,2.018029891994618,1.7510813471493352,1.8507355720298455,1.7815218362280192,1.6468387461407752,1.6478862971231028,2.3984325718531907,3.051706552094175,2.7815634209839537,1.9865183397254775,1.708972547311118,1.466864327001931,1.48875716342334,1.530388274902048,2.0875340277388865,2.317352446871676,1.992273747561077,1.8058423920538476,1.868755769855877,2.027581056072762,1.9838651778085417,2.1687735132732144,2.98212554688072,3.255212883545469,2.8735012631005974,2.2351768045389635,1.855149299774583,1.5826457137769756,1.4564229056581537,1.715782272114068,2.0385069472851836,2.16378924981662,2.386436275371441,2.466438732127229,2.6074752277336017,2.5549351571216325,2.5720253331010334,2.7096783592623748,3.118975520714448,3.4141394826842486,3.1905536377407384,2.826147544149802,2.3592740988362375,1.9791170332378416
2025-03-11,UGRD,10 m above ground,46.5,9.5,2.338030557684677,1.9055996538981943,1.6785757336527387,1.582568791572998,2.092868213170367,2.0368684423951864,1.724434861638232,1.887972299073089,1.888479496468756,1.896995005228014,1.9559704408188048,2.6627512517039893,3.3281439495795624,3.2672553221674514,2.553218467075842,1.8545221646829797,1.3140446326191977,1.299109820117326,1.6116339406583844,2.1037711408629223,2.285234992482234,2.2929860849335095,2.0674961247971444,2.1215613972749434,2.2063499977066257,1.848843597722465,1.4982489975210542,1.8155349393952664,2.547975176824369,2.542197630689958,2.5844165984244807,2.7973794561428464,2.254975845848737,1.9390364642827296,2.145831785811396,2.8653535783867516,3.3327188635282203,3.3828467032375684,3.11700622707811,2.664634261124123,2.3748455980962753,2.196740229191297,2.333600146373696,2.416543836379906,2.4432951938881007,2.1490598320366425,1.6627598841763973,1.508241621694898,1.609049926479917,1.603775162507375,1.6985010966763068,1.7278400561773404,1.9526307301006367,2.04097137330403,1.556578672100203,1.2812986191419151,1.3488446547031
2025-03-12,UGRD,10 m above ground,46.5,9.5,1.7998781029379696,1.7809838847142396,1.9695415168113133,2.791120862656235,3.092025311130387,2.9635332260620117,2.1497595198823234,1.6331984369753652,1.706069665617018,2.012220548599031,2.53258719044764,3.2613937909331425,3.5171128023680307,3.0450701145093535,2.1856247036971745,1.93948777554807,1.6357381867516223,1.3929526635229117,1.5194433312158149,2.13651514317204,2.5649265592620525,2.3349940205509196,1.8328249141053052,1.8633594065920744,1.921435834250358,2.249063086964761,2.342639239563608,2.5013513085501504,2.5419409728857243,2.709086797462849,2.659064289634938,2.5239243190589837,2.607495834960261,2.7513017601578817,2.7842683724074684,3.075042937166955,3.2152028375509474,2.936405288272426,2.5631766268058382,2.160444089176985,1.8099026180353972,1.4857643086889625,1.346155140851662,1.336171504918526,1.4171513431879474,1.3554677152097616,1.2083605060731974,1.1239319494367368,1.187973094475537,1.3719586222272817,1.396088083624874,1.8054848209612655,2.205838953617409,2.3238589241833183,1.9342426394281147,1.738907681784743,1.6431707086810343
2025-03-13,UGRD,10 m above ground,46.5,9.5,1.6317264386016936,1.8893580851821907,2.4457161075891305,3.0270989196046525,3.179724194745674,2.600168461182083,1.9659765595068128,1.6583205637907934,1.6377600585854086,1.5255246507999742,1.4864998598498331,1.784542969666825,1.9133240554883768,2.3964763359631243,2.0708732643614542,1.928485741798335,2.1426728655416083,2.279859191246439,2.8584037909248305,3.3331095798175197,3.4184395464375736,3.1551493235332657,2.862602759383589,2.646903015122115,2.5358718149232136,2.6100315171515858,2.4443928074500696,2.8857047318270395,2.885220031472242,2.472027924900991,1.6128379660369472,1.522976782589927,1.6031244921334604,1.6257078912287914,1.6532218940391572,2.6727690014996663,3.2341731344186884,3.571987952859379,3.568827749262268,3.2775603770532467,3.062989090272781,2.860027352566174,2.9907826121810848,4.1807514434705215,4.412709232388767,4.3476897456723425,3.316865299824652,3.272389262921758,3.1423942761632944,2.914872615908528,2.836252449631969,3.658910379993826,3.707083552718624,3.2259423496708974,2.0724832379382834,1.8971613339321232,1.7445775496022966
2025-03-14,UGRD,10 m above ground,46.5,9.5,1.830155268156736,1.91351869391932,1.532464388124836,1.5649171579904713,1.5999824076083171,2.130215686481222,1.925807903420168,1.985833015182349,2.164764146255824,2.4886543071280487,2.7498741367900723,3.0313594852929953,2.908709633759568,2.6911618502354107,2.332223203241246,2.1924312524830647,2.0586182997370095,2.038887500487761,2.0491356859001715,2.2734162736135506,2.3830265371838895,1.9939119041397793,1.6774672035216769,1.745405015078555,1.7903656785311195,1.87675225539186,2.125160879000469,3.330982159888393,4.244214597463379,4.8400318868488,3.929542555060321,3.598433099330019,3.511053424662409,3.3034125894282367,3.248896212967028,3.863082662619005,3.7288897519044664,3.4076921954267645,2.3267765939290044,2.092092950039101,1.8677253182389764,1.6758995572475863,1.5716257476121016,1.7274909223984642,1.693939658990062,1.543758347983328,1.4493579005423425,1.5271713101764308,1.463150758344021,1.400697885639406,1.328553878394104,1.383667175708929,1.831988970677258,2.0730166145355335,1.9509966461362336,1.951241261795573,1.9488220680980184
2025-03-15,UGRD,10 m above ground,46.5,9.5,2.4581782321592547,2.7815084125818377,2.8303220590379823,3.058818384561048,3.1554011372489112,2.973029272002078,2.5865299272276703,2.4321112754718643,2.211855426190062,2.0207501179850063,2.0047839272050116,2.2951587185593265,2.254593646022885,1.924316383210946,1.6584218802330302,1.797479628595798,1.803773560435543,1.9627871180245444,2.1778764008568716,3.1547630114998304,3.8507159589168984,4.305742509246526,3.4052640047322553,3.213409382079112,3.0160742265257987,2.881379649934564,2.731237007439872,3.378423445099293,3.6119707363709614,3.5001495683124224,2.6454361187535333,2.418833039662593,2.212878963876721,2.0850236014674017,1.9975920983905533,2.2319067862596205,2.396357821733238,2.334000844212621,2.0738215392013784,2.0267966182718204,1.96693080934475,1.9104355147366332,1.917540382367566,2.6770584668916406,3.440770071548626,3.5500853859845805,3.1690861548618856,3.1160766271733564,2.9340686112019587,2.8055105852736624,2.7994367781840888,3.3883940846474223,3.4596304380377356,3.282072126381504,2.579294388774594,2.331808517986473,2.1830278605097546
2025-03-16,UGRD,10 m above ground,46.5,9.5,2.4406167100929057,2.2443139362999847,2.150216406885523,2.2967212812058,2.029746810726771,1.730734996574996,1.7511209922032407,1.9335892503017895,1.9979124111382416,2.270326809870157,2.4868893370629985,3.5041446753431225,4.200266108122358,4.478419230217449,3.3303050203330233,3.064956773765365,2.9972820850243087,2.8914723721589195,2.844509787472676,3.4913616971647383,3.386338253756798,3.1613687371072956,2.444134675593032,2.2564427135979903,2.1600657640140355,2.006633300099598,1.868484967038768,2.0927662766894324,2.3014172835854794,2.2690880403004057,1.9254539998928095,1.9233406887363056,1.8200901019907985,1.703447062372262,1.640391237914946,1.991926659861848,2.459791680073958,2.8004258949077654,2.4593448206324156,2.470365440377323,2.3570206738787354,2.127329924292876,2.2782576294981727,3.0720293771879543,3.4967379972916235,3.73559525740273,3.271175755830282,2.71871939613204,2.3245169645850066,2.0508734547507803,1.7727975869748882,2.0761479060797465,2.3580294800905763,2.097898720601572,1.6804325643973157,1.6042208910152391,1.5787659944489798
2025-03-17,UGRD,10 m above ground,46.5,9.5,1.9730777980928107,2.24335446242561,2.449686779003456,3.726279916125629,4.51230865193745,4.6762770112803205,3.4344577520376554,3.075483866987071,2.9618091179451933,2.7833016486988265,2.5730169236637437,3.2971753935197574,3.3533186974956672,3.067529183033102,2.17478921151444,2.1253001626437853,2.0366757791111403,1.977960202291459,1.853676492827261,2.1858759798484297,2.462006484160547,2.4801500211659877,2.038428798394869,1.936237182605418,1.817175182233817,1.7196215533378243,1.6692935688202424,1.9597077050409135,2.2236910458152614,2.3083205201540222,2.087979902850434,2.047386984899978,2.0070632598317895,1.9934144152642617,2.0649780450487967,2.8968026578560035,3.4859214556041427,3.41600450497258,2.973281317003118,2.6908414020349207,2.5120721820305834,2.2202869579800484,2.0056962293300886,2.4105950818256376,2.630311360732027,2.5097153601658575,2.0655752079264715,1.7830185482209469,1.5849879753697464,1.3412279190029797,1.170013699671831,1.170055224558677,1.317919951776098,1.3720520348519876,1.645134703462549,1.804517539835317,1.9641120578991424
2025-03-18,UGRD,10 m above ground,46.5,9.5,2.8127892001008648,2.6403516356475083,2.435476830512849,3.1511769454541456,3.30000269146095,2.98673741329395,2.0706670318613507,2.0284292877329926,1.9877478057693332,1.913623591736254,1.7780747872348226,2.11175742484651,2.460546449297497,2.4210228471890236,1.922348244880253,1.8731633153078144,1.7679840258921278,1.6663303445171438,1.5349917245286862,1.5346036921687007,1.8216460911746424,1.9179220026423456,1.7662255066614423,1.8428675897865627,1.8701872035865144,1.8652875257545205,1.907987546218183,2.7095694929470104,3.5751574187899773,3.7151551928376354,3.2658035103778076,3.3731693775620304,3.474387923270295,3.3123115739122877,2.9360315090763205,2.646733020055062,3.0196597407005306,3.0661786006823397,2.8495483328762097,2.729116737760459,2.6017022376661316,2.533599571333843,2.4341048004515295,2.687918799334228,2.750085834188667,2.290752332564902,1.8378218957606056,1.9942960859231649,2.233778833729657,2.4242251761799536,2.3704778478548723,2.948835341886345,3.774516648113204,4.114761326407833,3.9730828808647103,3.3959657242213273,2.978017057220927
2025-03-19,UGRD,10 m above ground,46.5,9.5,2.040808783840176,1.970894851772087,1.8118759172202288,1.9785302247683945,2.192191820277995,2.2317870336081045,1.8727062683384237,1.86083724973302,1.782755852010404,1.678797181012591,1.5317410680986276,1.5299679277488822,1.825977693258111,1.8906244896462507,1.6948973276552457,1.7425096045088646,1.767351538231971,1.7715782650174563,1.8299564902055456,2.611975362638127,3.441051818060904,3.6404579558355983,3.2228931538753787,3.3435168455753095,3.1183550596297107,2.7252288447060904,2.4177947991381874,2.251799459765972,2.55289408706378,3.158925335928826,3.1364434014955154,2.959370760415743,2.758730236597237,2.4889570776416576,2.324392850260959,2.523964395399557,2.9419150377107,2.845412990717315,1.8644515974250084,1.9084398979255792,1.7664580695914285,1.679420722949342,1.4446798116493225,1.8218215786867409,2.2576225928329983,2.097285734847208,1.5336193481708866,1.4558586849760484,1.448649814930701,1.421134040150405,1.364246500461253,1.8331715134727031,2.557297569056008,2.7592548717911476,2.3300966226373454,2.78627842909829,3.1301818358411007
2025-03-20,UGRD,10 m above ground,46.5,9.5,1.9541341735699376,1.871489923406441,1.688065747422908,1.6465771443670996,1.9043073470077632,1.946933641338192,1.805405684720632,1.8396253465131676,1.804713830971155,1.7509496991199087,1.777538871700624,2.4074718718235824,3.229195456469757,3.417125828049185,3.012491475313035,3.1430731327378973,3.173760528804464,2.8701698437946996,2.6691736486011997,2.973124045144391,3.094095404970186,3.347164230077853,3.1593278570772885,3.391491938402055,3.2367295126419706,3.0464272959921597,2.7952007198715574,3.4268994033770954,3.353988526596116,2.5798966306171924,2.0599696451228127,2.106487255533717,2.0747118396552424,2.0244050977172483,1.772971242464224,1.942640649705732,2.4507019371088203,2.803904053121287,2.450889501657513,2.268166592431511,1.958293467736267,1.75037356936207,1.3906045622435852,1.554190357805571,1.8554476519712824,2.188795406746042,1.8299471769712916,1.7019026148164236,1.823216699403065,1.8984880078271944,1.678111722084635,2.114519516733816,2.2778269524472683,2.4270712370699874,1.534380574798265,1.2778635642125669,1.2811688146140057
2025-03-21,UGRD,10 m above ground,46.5,9.5,1.9357402998001727,1.8436225959204704,1.7801480352807897,2.2253944591978483,3.063055170665109,3.3372185133264187,2.952667144491551,3.177279309904122,3.1691013522102116,2.9076808212223293,2.6947989032367214,2.971684909502076,2.845621628108553,3.036216779420657,3.065576815808161,2.9675893503713824,2.8703895207171115,2.6762248302776843,2.5564929269503383,2.9411733317620707,3.0322451905598493,2.548942281022552,1.8146498796511663,1.7369080411691318,1.6807032840718164,1.429654350355824,1.3489743926576658,1.6360815986692108,2.2171507375625676,2.442988637426344,1.78757506699582,1.4451840571630177,1.2191738107777133,1.1713985460444198,1.064194658928437,1.3898350953242289,1.9453203941859631,1.9804957806956327,1.5951244840781738,1.5403731036597406,1.4620710321439678,1.4590396776106822,1.5043658089701617,1.9537364995686204,2.0290189272617525,2.0497668529821045,1.6453602912591436,1.5464201853961668,1.504935770248367,1.575434148115805,1.5971820172736215,2.359841087088345,2.6924135270847893,2.7026290027594007,1.921003514587014,1.8272656217664336,1.8129758612475024
2025-03-22,UGRD,10 m above ground,46.5,9.5,3.1176524611234107,2.882285262876505,2.7321585613582453,3.2876244712354548,3.306887085864834,3.107613141490792,2.960246840576042,2.9986354015712835,2.941502785400739,2.9842901432487228,2.652157914603579,2.895498633918251,3.658893744133487,3.312645399797242,2.1204931658894144,1.7695635339692404,1.502329874227351,1.2706684484040722,1.0020320133145713,1.2230054514013673,1.8368936150148216,1.8096806503785257,1.3904802471889337,1.3160483019624596,1.2932759596043364,1.189896259702924,1.1371983601448066,1.195878693628866,1.5172599027475844,1.5368679342057203,1.1512008169175056,1.2505599011807842,1.347724222960999,1.5812215328431023,1.6384262889352388,2.6066122030967347,3.3891067401063046,3.369976133791872,2.986046330818037,2.9673838599288516,2.973007347362854,2.9681182310640395,2.8831437023081152,3.590896291963996,3.930177006722886,3.8149957102297063,2.7249334488846157,2.4497386636493705,2.439428190065649,2.4107995192453044,2.319171252947358,3.0764088388181556,3.4342765464417075,3.3282461810848876,2.203149971652489,2.3207656189617474,2.4978158278456624
2025-03-23,UGRD,10 m above ground,46.5,9.5,3.053032216713892,2.980611365766736,3.095077475499745,3.523478674658315,3.848741714079864,3.2593471175933084,2.018534932363596,1.9341977327846809,1.633783763855253,1.3354050722080055,1.066122865419314,1.1496812530946756,1.5859209076098324,1.6492354941282472,1.1416491339391408,1.113121400601789,1.1658360637970913,1.161125749216002,1.0126029130926506,1.1030743215096748,1.4696623799531556,1.6783146563805,1.447399400266023,1.483032605980946,1.4489783265446066,1.5414465353743565,1.513895276440937,2.0956431897671974,2.5761643030890036,2.860678105365527,2.183153600307432,2.1348084286152655,2.10942681425404,2.2494090813959584,2.344259084093726,3.1801704721770485,3.4615211466367857,3.532852906334635,2.3614225766022185,2.065985825251458,1.9981442947147157,1.9721447548761544,1.9345921888315705,2.440740383749885,2.9110703550347266,3.274322784737946,2.51831773461529,2.8027911734370554,3.0321870914180304,3.564263267739549,4.0580695267265945,5.315888801080294,5.567592444005475,4.768409764568529,4.556423350888604,5.060162366507637,5.067759441748986
2025-03-24,UGRD,10 m above ground,46.5,9.5,1.6336984051314865,1.4721488264048064,1.2754664905393795,1.3866009303752562,1.9371461405060904,1.8305447124115903,1.4924088483063171,1.3135100171958412,1.23047618221499,1.2312059716300894,1.1338158432891603,1.4169365871108548,1.8143605938777203,1.8057759258441397,1.5018661143111438,1.431367990326202,1.373979084910664,1.4569305511650044,1.4555121973798757,2.179086194032764,2.65570987670308,2.794455232048833,2.45642720152584,2.432038761112984,2.4996190887307543,2.6061800722642294,2.6486074182253017,3.3869228535978952,3.900727142044294,3.9653344738025735,2.734073781568023,2.24335512935265,2.073440271265899,1.8677622817557031,1.7351487961612702,2.20124790771931,2.732818202529989,3.0736923245927885,2.255178328804158,2.504773992283737,2.748035171322748,3.0677047001418183,3.3528587074577594,4.639699863519314,5.1812132311526415,5.017278119302608,4.864847842739616,5.513926095683678,5.522829585046315,6.123370835387192,6.522412937129401,7.329833958721014,7.482493115001227,6.7761961377166,5.010559738115228,4.4178457627649,4.1120571984606284
2025-03-25,UGRD,10 m above ground,46.5,9.5,1.2787655639275788,1.2290495776632853,1.222257052757607,1.2775747859449875,1.742342929887478,1.793667679158646,1.2923395231793102,1.3678404483706408,1.4203718927532902,1.5379115451699503,1.471616350669322,2.1876966793436674,2.889528144410524,3.050211757501817,2.454582952548403,2.379929505821517,2.371013926095941,2.438144511124446,2.5603605336914863,3.3236828663138867,3.6135756412023983,3.7096865317803367,2.5844773417559797,2.236717980999149,2.0912593235770007,1.9295753200983063,1.7796896773768944,2.199218023803782,2.6503703147737303,2.7897094795421156,2.0269519550480273,2.167441341927287,2.235379390704868,2.462735113912556,3.04330583638793,4.568916505341943,5.253838942602766,5.109891112755329,4.285432468187183,4.013689705273087,3.836005194412687,3.48526028183811,3.328508396270637,4.0359084782321375,4.346157596126519,4.286856411330575,3.3026633405213826,3.590293636321354,3.5008496026856974,3.285223048498211,3.186724647427053,4.698226404126228,5.560833946394165,5.720782520773821,4.934467643511748,5.027114439246279,4.914874014663292
2025-03-26,UGRD,10 m above ground,46.5,9.5,1.5122560719232712,1.597935798589904,1.5186513470580518,2.092759243987305,2.572945314549531,2.7287564107246607,2.4006557032339035,2.4966607146847646,2.5643266693100237,2.705253553437315,2.7450490868146735,3.3578312767915572,3.505945172279087,3.586571539076097,2.610918422694533,2.4256575748615745,2.258714970746784,2.2354694344836785,1.95050059567505,2.463439183552595,2.728033254537461,2.448181471416172,1.5352595300989085,1.5907381337583428,1.68390111298916,1.9166336465643612,2.1952795899181083,2.9430475594097283,3.5146692966562583,3.7423551953677383,3.6990520069054513,3.92586190550598,3.95326574066667,4.051063655552004,3.970264129640334,4.56801943451587,4.934975923468416,4.756762522675529,3.553692468642339,3.4921286685978497,3.4285614827264643,3.092268408430173,2.6999695535120978,2.783753802135731,2.870581186242595,2.6958643941857727,2.0895332724592635,1.8985903419846455,1.786737816073339,1.7575691733876522,1.4598674797401527,1.7570567250482862,2.0672427038971346,2.0937353836030725,1.565549810370876,1.755760616528771,1.801832803357147
2025-03-27,UGRD,10 m above ground,46.5,9.5,2.7038623664906076,2.781425969828695,2.842691077278759,3.324483373076422,3.3797267926706542,3.3577343303564247,2.6115097941090717,2.270607384896871,2.261905513242327,2.2416780285004823,2.038648982555732,2.3940480203130803,2.4631866561531943,2.1530409744045307,1.7658161461899946,1.8668613754620913,2.1145469767280725,2.5548054684020274,2.837461679906062,3.3227118599017684,3.6993462957561567,3.928060142127294,3.8745029738335734,3.773619544670938,3.7132177285467782,3.6656926858842263,3.64317823596184,3.926118843383224,4.219513237072573,4.184404538571517,3.6092332227507935,3.5386478703847173,3.208003957694547,2.989343278120841,2.8419368440128547,3.4554784626689625,3.673466830771727,3.5672189734739588,3.0473143228123116,2.845119773340819,2.7039661251709255,2.8106356116321383,2.832085550496453,3.251002829575419,3.4522923433356545,3.3729193583148533,2.9283728840634913,2.838599752145744,2.8424311938225166,2.6539044660166557,2.441943096148151,2.6920826059966165,3.035191722260299,3.049439521452115,2.5616784565494215,2.289134533965986,1.875222918849585
2025-03-28,UGRD,10 m above ground,46.5,9.5,2.443248799141304,2.397097964080765,2.0743300043157067,2.396382290872732,2.3425782911005593,2.2040969375839428,1.7390165052340645,1.7372855229375943,1.8256151459242265,2.016448684125545,2.29233805405216,2.7947725978261175,3.3211409991043808,3.589383869746043,3.5873564459437737,3.488041391075021,3.304422157082545,3.2395807696888026,3.1716780939230924,3.882800458938601,4.509942658809337,4.520887528792851,4.319170178158584,4.52258107607908,4.746139542965727,4.436564363545157,4.131653465132018,4.697820735260115,4.740855760552606,4.460012879382308,3.3621149558275096,3.0128513092376155,2.982664718094895,3.1705509565546164,3.176030502082197,3.729309311801971,4.032588389568042,3.873117326747204,3.29719666936035,3.248344186052904,3.171425490428448,2.959855381202358,2.862404524986701,4.018345206830965,4.026289889221838,3.6155122720343673,2.8772139561949883,2.5515024523297862,2.256060347001091,1.9250573629083936,1.54287848241227,2.277569796455402,2.6719017324170298,2.6294679853523357,1.6178676412801658,1.5524907791816005,1.5187713612823046
2025-03-29,UGRD,10 m above ground,46.5,9.5,1.9397084655031775,1.952067324516145,2.1098154426812505,2.4939978739770563,2.8199776252696234,2.975641753881602,3.084614185513864,2.939523357049617,2.750826860387674,2.704759572441902,2.9194777283885314,3.817734483489143,4.543346085193729,4.562484028355256,4.403026737367452,4.466794302438828,4.300367650710098,4.018043136848485,3.931647181163277,4.266883684966426,4.60607598767041,4.280462858830983,3.245685799098589,2.855777056700707,2.796425132884165,3.0574403380310975,3.168107344656996,3.8269323047279857,3.8840800538386624,3.801461808666899,3.396980009671914,3.3497244193072166,3.3858882069250695,3.2477602116650264,3.3096437733427124,4.048610422187119,4.267215217683467,3.930663942532996,3.421829899110674,3.1072785652066113,2.6755405567257595,2.210311592083744,1.8161341436787335,2.3336121574269555,2.540419819076054,2.554899284419089,1.7226219365088062,1.7041144638323238,1.6196517094352976,1.5692067350834802,1.2417438910149765,1.5843184646593105,1.902877749316382,1.8730597946740497,1.5765006609247736,1.7268379542182342,1.7510088503775876
2025-03-30,UGRD,10 m above ground,46.5,9.5,2.6088669831112252,2.7029341553937383,2.909719999605091,3.9603773449042183,4.572583239746701,4.56634303341152,4.3730628613396885,4.601629011307732,3.994718782961304,3.8589466084571047,3.676670719346596,4.170152852210119,4.576876656301485,4.273952291925698,3.076461534706359,2.776225531480407,2.595085427329216,2.819741160732984,3.0903045850371944,3.7127351583154233,3.968851682461115,3.8040004537342855,3.4853228858646603,3.4566800593703135,3.378468195101506,3.2944474927086684,3.3454152425853407,4.00270072950371,4.1368875865475365,3.8399594937054786,3.354649517007071,2.9532250366327206,2.528466472893573,1.974564314313912,1.5361709033221982,2.274241259825422,2.805008319519936,2.8731362057966128,1.9383446199991836,1.7778885931477806,1.7213236477607905,1.715180738716807,1.5757017502941355,2.358722602216548,2.7022351357825816,2.5661001050969983,1.820675496837281,1.609956535298188,1.4834826383082331,1.4940788417487574,1.3692622882933885,2.391968045960445,3.406115316719109,4.258423295757187,3.974774360795737,3.3884772489328254,2.8227218527629536
2025-03-31,UGRD,10 m above ground,46.5,9.5,3.5978906613301795,3.353326819467947,3.528869389102628,4.262385973810216,4.496669538222621,4.391576250983805,3.249332938297986,2.933456074437762,2.801420636603319,3.0243449536666134,3.2353918345402226,3.942592570578976,4.202152942610708,3.9142756398861938,3.5352543266468377,3.4207837696556567,3.422513586600657,3.3111966901379866,3.2277035030396832,4.010639201022455,4.400561315288475,3.956990660966126,3.0415784342922088,2.767755843199393,2.594574671998368,2.392808297717206,2.019403415749363,3.2500909597967302,3.799835485262933,3.797954194665488,2.741873113126516,2.347647683460693,2.030727406272524,1.85982202359812,1.727900325253528,2.7219097766765694,2.93134897225587,2.6625917322673365,1.709996696084935,1.5297071946698395,1.4640350235175985,1.556825763210771,1.6770547843689625,2.663861585888017,3.7241732668691263,4.023651377410151,3.3643088122808105,2.9159821740627327,3.07783176237261,3.3212152466172076,3.780441174512695,4.630646435789687,4.814816042067908,4.871508798896903,3.2537767931008443,2.533166452408903,2.1906998174534236
2025-04-01,UGRD,10 m above ground,46.5,9.5,2.749483315972081,2.802462058138542,3.01271650902234,3.964376972369181,4.453904875029298,4.241547706230107,3.821727962676293,3.5394902098559604,3.473996406691968,3.3647908421551813,3.184990183459239,4.024999441328913,4.425797330123045,4.049036506818061,3.1738842056327825,2.8976349111895177,2.719140396733315,2.314094342832042,1.939496027944267,2.6642981486689754,3.150458358137273,3.1328290234046907,2.0890329626103483,1.9708230581880135,1.8248505473257328,1.791995475548361,1.523587614103574,2.4153011695710456,2.730897412505427,2.532003915867144,1.485674190270842,1.3164213944900274,1.4237573415291709,1.6394999584158831,1.8836355424689728,3.1079338322193015,4.161231547960766,4.340334470370719,3.470586929337817,3.1266119921593853,3.1856569986106305,3.4627782403225584,4.087876380601392,4.846090316429447,5.306084570734427,5.292171161305034,3.5971428976319353,2.6503054421451724,2.175653939673055,2.055409262119575,2.4941648520532995,3.73096673923853,4.103668905293089,4.140351406687859,2.675190314524056,2.322886759818151,2.2942609005388084
2025-04-02,UGRD,10 m above ground,46.5,9.5,3.472295500408329,3.505220973361036,3.3046678398516125,3.9121411066005223,4.445795906657516,4.194778400801103,3.3089874332538596,3.0555197915732255,2.7649776930100223,2.4292596176984493,2.128652447951427,3.1404228371236043,3.4869106359782354,3.3596432453062075,2.210977292036006,2.0537134472005327,1.8369324298449083,1.8319234575583403,1.5374705283655246,2.6583354897841502,2.9084039223699603,2.694876027538045,1.466747136660168,1.4360613333932055,1.414431159048243,1.53116330360213,1.659618092567317,3.0300482346055713,4.08204210541753,4.658753845669386,3.780814561107268,3.5166959462898957,3.2413307593049665,3.2473803538285955,3.8037144454110097,4.447031490704644,4.924552052331029,4.827776904423712,3.012478042869692,2.241361417209805,1.9211684932369568,1.7503700434992695,2.0660664032572447,3.045118342634192,3.0606866784081235,3.1399602942697857,1.8017965383144696,1.8196514259379524,2.0301346610407855,2.0834424686880495,2.151655962098044,3.109545317057348,3.868152905291234,4.265286202836116,3.1992821036607593,2.9219469658929373,2.7435083066750217
2025-04-03,UGRD,10 m above ground,46.5,9.5,2.8194436391091227,2.5155600421368423,2.0303827936008534,2.822450841348022,3.367020618847147,3.261025537025093,2.047025037289421,1.8860355213798576,1.8362013636366488,1.8192483451555217,1.4565826064511955,2.4701916229278167,2.7045642857118786,2.449286851162637,1.378382728783592,1.4388579702295248,1.405225194416424,1.5397314512276252,1.536612088255168,2.755517773551227,3.814420305893812,4.445241090860494,3.7598451490461775,3.5776904110528656,3.5394835769007185,3.4985971354621475,4.073818396352055,4.712672660771371,5.1697255448089825,5.308021226258228,3.3830184940446744,2.512892357957976,2.134215338464857,1.9757799847501376,2.3926802119158763,3.577933924944911,3.613722435295609,3.5175587402798647,1.901531432766508,1.5854643764346743,1.8516624296601891,1.961149633881244,2.0438554391818617,3.07145840237823,3.3448607661296426,3.3418689084530246,2.288480362942644,1.833288490913884,1.7280484442186856,1.6311453926200643,1.3845415856332792,2.311497051689262,2.7954115482649775,2.9080363642235,1.9600303355049375,1.7117009131511858,1.6277277944197377
2025-04-04,UGRD,10 m above ground,46.5,9.5,1.858514288284589,1.7894402220739174,1.4725760026084451,2.280434687822604,2.719626666232855,2.4735920315734528,1.4366092487428035,1.4065599202835877,1.3907453008354498,1.4402773929020325,1.3773887571503476,2.3717454012659713,3.527598288190232,4.085940129367943,3.7235615619111826,3.9563934147051314,3.960863929864388,3.758696025182832,4.114532722848918,4.599150292345001,5.0734592481012895,5.183400728840152,3.351396529899798,2.595619764058828,2.2672166154026083,2.0446793745835565,2.5121532034400063,3.5539453704787367,3.681602275537888,3.629063606212094,1.953594343013175,1.659538362039552,1.79091491994153,1.834987231116866,1.7694295162886684,2.7028683685046984,3.187083298637767,3.2990158919798658,2.1553332071695346,1.8785817707768329,1.867960389399811,1.816024225307444,1.6898459261966132,2.7102476217457294,3.105317385975482,3.226541778517607,1.8560935146418815,1.653664871739523,1.6832968760254563,1.8707407054427612,1.9933225046546188,3.2290920504895904,3.5345273707799425,3.444514590206904,2.0734333884733633,2.112087365563416,2.2150872728391766
2025-04-05,UGRD,10 m above ground,46.5,9.5,1.5458237570500746,1.61168909997715,1.5200842472253835,2.5231693500494448,3.770162429218577,4.264296405370572,3.822052542276445,3.777265177653152,3.782758327682399,3.7241657423106935,3.9528686640977337,4.426983604148418,4.888293490850628,4.973407584139688,3.249605682741269,2.53802326561021,2.2551840241792585,2.032559048613176,2.5010102040481548,3.6994060755202383,3.925905027434766,3.89355226359836,2.0887512519832288,1.548878836942806,1.4050922386192335,1.3081062773672731,1.1183356617339502,2.169724555372438,2.6062550633493284,2.6933413168224294,1.8218671529351091,1.6091940488296368,1.5176866598046277,1.4478646664559691,1.1867875426006558,2.2328526452985624,2.70847015381947,3.1088911361081544,2.021869874133735,2.3743040892235694,3.001895079320988,3.372156623343599,3.4379953278804294,4.5977329310111825,5.020059779098892,4.32707110564578,2.422116216429792,1.5928957008908713,1.6788305305874966,2.1358748515767676,2.822746758482201,4.04096689243255,4.517136466087689,4.183190978371925,3.2502067592670505,2.883297294998441,2.5519333025040947
2025-04-06,UGRD,10 m above ground,46.5,9.5,3.8303139421678583,3.7590968393021464,4.0532903394962325,4.470377902913141,4.7978113939473355,4.828668902632865,3.0780133089610393,2.381369759985235,2.1692247757835577,1.9981831280018745,2.298055240596261,3.309011160935903,3.501460446363264,3.4885670846654215,2.0396299957724984,1.549787298036557,1.4630700944313575,1.4495783310043493,1.19728261761513,2.427523418058554,2.925347141970093,3.0565736566289896,2.0324453948042525,1.7236136684781511,1.5455134135811033,1.378080137779867,1.077093178578524,2.0466547958735477,2.469929523557006,2.5738490970485497,1.53974920197405,1.6074325727469183,1.8219751424700288,2.263358200006448,2.487209859681461,3.346906145718058,4.098441748723483,4.048936663400099,2.365049723916796,1.9350048163924063,1.86100914636386,1.822201683989144,1.7602796561959966,3.1648617907929104,3.9575933660613543,3.743505783782041,2.457493031336008,2.399354398381643,2.4581866887733925,2.1134316264618658,1.4579327515845055,1.832402516244679,2.2053571215100174,2.692039102330197,2.445772838982684,2.4543180277686147,2.2578915181407
2025-04-07,UGRD,10 m above ground,46.5,9.5,2.174699368918086,1.9929994733049896,2.2138814365581707,3.3402808643525086,3.5703514670556613,3.641024290344717,2.202476881374071,1.7599900777493247,1.65311166358965,1.6636775779816446,1.5345835239260213,2.5929682816624515,2.912671178646022,2.9615083246968936,1.8085375923004885,1.5348095089723242,1.2992280122819588,1.2000595424178266,0.8293290619920428,1.7819716134221355,2.381930927350779,2.604463442494366,1.703613845236283,1.56056228897394,1.6039394766729604,1.9307472164169464,2.0099658444071498,2.9371810144432384,3.3782616280587696,3.3249302093973188,1.9946612825663688,1.974683755362781,2.0988043421294655,2.3055916197820245,2.526630317328004,3.801713572116214,4.283483785429681,4.128658971373399,2.699264542961272,2.460644879804499,2.3419165727951055,2.154571016669153,1.6457162257093376,2.125213639048425,2.406822097602866,2.781892865473364,2.1463177416984833,2.370949146336278,2.313268468743072,2.2667793759584827,2.2711149083739204,3.055419888333944,3.71716204679354,3.5958217767696503,2.9073512546035927,2.7527781457357303,2.307520328547139
2025-04-08,UGRD,10 m above ground,46.5,9.5,1.6379437078316783,1.7247548729638988,1.55651369532283,2.765770102297969,3.0888386817314646,3.0672806585973635,1.8392305956651216,1.5826044534372898,1.430547530294981,1.2582991226900646,0.7512513816167814,1.5817009255864691,2.256701174966244,2.634938146542214,1.770190109991666,1.7285281780724686,2.037608643151507,2.3609855083351325,2.4971574712375184,3.360848610164447,3.6158880603054944,3.579356141925423,2.103365984645949,1.9450761035333144,2.114029857515762,2.5478789094509713,2.951385972391361,4.251660439502576,4.775031477156316,4.61166693573159,3.2048866429755094,2.696629929134752,2.3335319776248413,1.8251337551468771,1.29914725443548,1.791794953249239,2.351937074153206,2.9396078442743807,2.585762454744668,2.486742232665873,2.413836537554571,2.58112868755879,2.940755007146073,4.000000983718499,4.151957286862074,3.5269014332824513,2.811056463972041,2.760244680403477,2.578831404776791,2.314879467315965,2.269435404479166,3.04458988237744,3.634870526789261,3.836982493333035,3.2172247630926307,3.1407720414057874,3.157374618901497
2025-04-09,UGRD,10 m above ground,46.5,9.5,1.5612813600168391,1.3804181489482468,0.8576638301278772,1.6677689482268303,2.353460432947026,2.7814611666410056,1.860922478608872,1.7919936616305434,2.178634518014211,2.4521356685720663,2.403603036135299,3.380174615782159,3.791909344670352,3.672258160554455,2.096603132973982,1.91923392831452,2.1857112566711097,2.493453588470003,2.730240191417717,3.915364640226322,4.496400435121474,4.323130813164828,3.0542368431328843,2.740334369858545,2.368134509916528,1.818208924235727,1.444317796732746,2.281491269653612,2.7105574843105615,3.274450765963721,2.7562092762643537,2.5829833641769424,2.6597061418356116,2.8566257231651617,3.073580230531337,3.514963461145119,3.321130933725276,2.7742673215073164,2.4010587808619124,2.566298147337671,2.5582825035789147,2.443990137534505,1.9703038691133536,1.962029587456032,1.9586977447003773,2.2833718531254137,2.271267920508186,2.4607194059698863,2.286484599130901,2.1576851867133495,2.128774572812075,2.85427265927062,3.564432418409459,3.941415538059714,3.449302939127743,3.317263604388008,2.9771284266541276
2025-04-10,UGRD,10 m above ground,46.5,9.5,2.6080386435979523,2.987010915758354,2.881371028254274,3.5885936061283368,3.950322751108131,3.8444674823096534,2.235189387810829,1.9516813104700592,2.1145079181028645,2.370531682137993,2.7178899678769755,4.048860244148772,4.684223249088653,4.46777939209403,3.2530442289832746,2.916731559937886,2.3648293220106797,1.7895174105691884,1.501794765256957,2.4999015817808505,3.01620120238297,3.4379180830803486,2.522921992120742,2.4116476430342386,2.379076124065191,2.366237172044754,2.315303230542729,2.614826645080617,2.4954313431310164,2.0371774799732565,1.722866360268739,1.8997418498233285,2.0870634168698423,2.2212788181334857,2.650073823118202,3.871052201456779,4.328316688971705,4.1073066553745,3.282297556838011,3.146831506885949,3.316180179351005,3.1175612940331545,2.5798198982589984,2.802256167541219,3.3859149736903382,3.689163145958398,2.957857192108179,2.895353112265259,2.8064550508033075,2.772847522280626,3.1535008247768506,4.255964072696798,4.440111641138918,4.372500255736889,3.8773086132426906,3.5110362755898508,3.604148433517789
2025-04-11,UGRD,10 m above ground,46.5,9.5,2.0802403096533375,2.366755902212186,2.697338314471857,4.020483081534325,4.684034243614363,4.427344944826533,3.077374401121598,2.6142446051961157,2.1070711110046414,1.7616785903887011,1.4602073100744724,2.5213987044199397,3.223714016662962,3.5422164887914693,2.5502149020560942,2.4202587831279,2.3426811887416856,2.306415613675439,2.0902618818370367,2.4494482134412396,2.682516667272163,2.735281308231995,2.220213953075324,2.068023649317391,1.9357819046670028,1.6841440672043329,1.52892510790181,2.305216051524601,3.3461852813333355,3.80573229017518,3.483752201866471,3.353225299329615,3.2604902456713676,3.1780201800866745,3.077389070861476,3.246542126541066,3.240689851898688,2.920964579024695,2.5820386597920035,2.7105264700437623,2.736297146523855,2.6890966532665357,2.7255662072837596,3.315614834520243,3.60026569739585,3.746195090474938,3.203954213879566,2.860397468820337,2.77391761637435,2.4495383420122607,2.5247085289588327,2.8867350944104615,2.953578985258299,2.5637711219174744,2.218513160647989,1.9424610457069345,1.8342879458898016
2025-04-12,UGRD,10 m above ground,46.5,9.5,1.9352457443515108,1.7597671212201864,1.4878211428154895,2.503016791160549,3.329135078239465,3.4768131249071614,2.4977709635837293,2.429847072792646,2.3511837242521287,2.3239161703300764,2.173346757833045,2.618896334217599,2.7751169750979674,2.349819887553502,1.9613516936980424,1.9447313574357965,1.845075130060328,1.7746996853265982,1.823608734953206,2.6819223307026525,3.362003830991841,3.499874248293959,3.218040620397335,3.06547451557722,3.0223931326600075,2.897695446042917,2.858610233420078,3.1178682834638978,3.21917542219388,3.078472550004515,2.658089001351404,2.5297363932763677,2.0957155627178468,1.923739565514722,1.7709537731149276,2.8071791238054677,3.866771063953784,4.192007872935247,3.05607318185808,3.3065870493475304,3.1840295480640517,2.7091270207825846,2.248514832405296,2.1155411059216216,1.982348159261756,2.1270237025983656,1.7319367725018169,1.568830239922351,1.577380127898336,1.4723587282124568,1.372115928493179,1.8348022777573672,2.292328444461302,2.5238539948021086,1.9695909133127243,1.9235755159641703,1.7923264761890163
2025-04-13,UGRD,10 m above ground,46.5,9.5,2.4718183914116727,2.3638943176884486,2.3956482991575423,2.8889028066260685,2.875913263286069,2.416728010511558,1.9587547603801452,1.7928676177831449,1.6504284020990665,1.5540460927206252,1.422673720141162,1.946350848524976,2.4022036464682857,2.8674169566083223,2.919147796550174,3.0758202491927524,3.0168089371969837,3.046816058213932,3.0779212135869782,3.245297295695696,3.2795885846302975,3.030140759344869,2.800595371550979,2.6233789084373473,2.450790279989859,2.3291397781153944,2.6335177049872707,3.70515920616404,4.313396938275091,4.49494929517322,3.715504481609464,3.8385586410913186,3.157076993191911,2.6926095783984136,2.4574322127340316,2.7827192655717647,2.6262413416703527,2.5008254337063427,2.011706180840009,1.779776485477076,1.6371868823658842,1.6143274170605648,1.442856992012138,1.566805896835703,1.3983320050624313,1.2617201378604068,1.2683650705268064,1.3246952231545863,1.3028392491035947,1.2429074180810604,1.0564747528401992,1.5608877960592606,2.116055179286942,2.0389147447007945,1.5028929584944384,1.4176959587296518,1.582549734718221
2025-04-14,UGRD,10 m above ground,46.5,9.5,1.783621540695187,1.6478275584145727,1.506792340369727,1.8231318586091372,2.5814262557285024,3.1151137347039235,3.0221120464416087,3.1127911007282094,3.065645489629095,3.024943930946119,3.0295978302964457,3.3622234638754938,3.616767488773065,3.317857475329741,2.8745666153732516,2.814450172240656,2.5217964671323077,2.386185603896041,2.4768726916596915,3.346777717419016,4.162989347385971,4.354351641534658,3.400588964522242,3.1958035258532433,2.9773982083655817,2.54414193578379,2.507912363642939,2.948838174608051,2.960447440105324,2.810305111374962,2.312833627437392,2.092454388158841,1.9888283557338584,1.91416880155173,1.7688984580366407,1.9393947878188311,1.95262420097526,1.8449641346618584,1.412168694676053,1.361406772969988,1.2203713987043543,1.1435675335142053,1.17687162114359,1.6424518060061035,2.1377165319319267,2.0685453726697185,1.5642548073364475,1.497447063000645,1.5086572895449737,1.3442271813113464,1.100130570937389,1.5930309513065386,2.119630963510807,2.408950856424099,2.0431237774139386,2.083890620650509,1.9385981341877685
2025-04-15,UGRD,10 m above ground,46.5,9.5,3.1948905858050765,3.068387579407883,3.0371627942048156,3.3851681043844692,3.7872852656151785,3.8009665020147816,3.027770912554369,2.7277601855644997,2.5484640011315456,2.5128040337390907,2.6829354772427445,3.778309670621712,4.132688657266984,4.119591720370041,3.2380661698883655,2.9083416904719273,2.6729391987375055,2.3733782918012554,2.385096433108735,3.2976870892692394,3.5918102880788876,3.543825377335122,3.234950564406858,3.1123818733116844,2.8535925417352948,2.631329260345491,2.318624184793306,2.4622852440519596,2.5266860376055735,2.056483122673559,1.4579335011130452,1.4520718816546183,1.707573171131755,1.7783934626298024,1.7946558530841403,2.4531790594750182,3.059225295224311,3.2697547631126973,3.1392917438836174,3.31997284629498,3.102200064407289,2.8128608549650087,2.3886751738926097,2.0067225429662807,1.8962701363469765,1.7482235683956475,1.4133709190422592,1.172747985811767,1.2901536065404708,1.2856842206403458,1.5416996957947684,2.224493311181708,2.692496721988235,2.7934264832347315,2.3716582190206488,2.3539865044582022,2.465084040146734
2025-04-16,UGRD,10 m above ground,46.5,9.5,2.5497633470642667,2.571305189432424,2.8890373841998853,4.097556443842595,4.522833081528297,4.437761283779487,3.473289860520018,3.1003995120418057,2.523852194616813,2.191436043343779,2.388348402120564,3.626604167229896,4.260500350319356,4.676916672801525,4.684563742314325,4.368204446552009,3.3882607545853376,2.948307448427229,2.6287230109829514,3.0575511403387083,3.344469063826781,3.1707265626312555,2.3599531143660832,1.878408976553865,1.5441115386680755,1.6318991607067157,1.878641495509183,2.448571843328782,2.5962552757526067,2.762826405694586,2.3582183786777464,2.321709363680484,2.2861413538941626,2.3849312311846607,2.5318164872780593,2.911423065338952,3.172360594217797,2.9295127065322872,2.106293337153702,1.9391261969485152,1.5062508088829845,1.43058351382799,1.5348335924333494,2.097390449059674,2.9201425707289914,2.9534029335889977,2.192355642006855,2.01439321007103,1.9202735193873817,2.0895617952395593,2.0898267798906867,2.184201280620667,2.2905105850452587,2.2511457021237407,1.862419478274199,1.6309641519218552,1.5099180384686854
2025-04-17,UGRD,10 m above ground,46.5,9.5,2.893489101957207,2.699661148444778,2.8495058244695386,3.95336306492778,4.603481044636047,4.995202001335725,4.116671337233712,3.6509438349040697,2.8552403969005775,2.8344321387084506,2.897895622014453,3.00959674259498,3.036164614097802,2.600255767014821,1.6388369894964083,1.3148710104209689,1.4819583830501548,1.5324269086470392,1.7897924654573922,2.4744307851771112,2.5623347457593084,2.6933128124271817,2.289794681268111,2.259865492754453,2.229380971367378,2.2102120162183843,2.339808842079287,3.040072604272973,3.4156401983029756,2.9934435822389065,1.974888704332965,1.6272677588593598,1.4957848522126187,1.628945518650978,1.842999092271525,2.532650297161086,2.720348825842372,2.318413681624503,1.535963590591466,1.5087235832957042,1.519733625895603,1.590306480527608,1.5267803893845984,1.7241482198007203,1.9024402816287989,1.847557073895024,1.637330879295718,1.64701294683476,1.5671777427838325,1.5333368199501378,1.3992828894430178,1.4796298836505448,1.7116320066240849,1.8337276678627443,1.6150047385887487,1.4619533048160445,1.5107506992851376
2025-04-18,UGRD,10 m above ground,46.5,9.5,2.5761761495945685,2.6069220210893835,2.9441048900840148,3.4003889969095207,3.3520534744302153,2.696286668188501,1.928845601200922,1.501441156153929,1.5069515238913835,1.6670269014109191,1.8608695793983112,2.49235077911473,2.6590335571808934,2.871106431237185,2.505454891588054,2.4922607104895897,2.4112303932554195,2.303497842465106,2.236407596397699,2.761933373507235,2.895282867875653,2.778276860327905,1.8992186661732835,1.6163231563304803,1.5475338047992802,1.5542801569309188,1.456545858849328,1.9263599895482415,2.333183673593822,2.2563560343259996,2.1102231043347053,1.9601103263533712,1.7745258913838455,1.539070551968843,1.382933366435605,1.7055064219852367,2.2071781632361853,2.118092222047947,1.5862630383776957,1.5117516671607452,1.6409118298121168,1.7008762554414902,1.7705451007115445,2.6098882021071033,2.9906174791602655,2.878231470622569,2.3365683723274326,2.2522494614351496,1.9685320605241816,1.781094002600952,1.63995480483006,2.2791161155421875,2.5404465350314243,2.7184438403605147,2.9443150558352125,3.051983880245428,3.155087990189781
2025-04-19,UGRD,10 m above ground,46.5,9.5,1.4337782957082532,1.5994703599030229,1.8068595534652097,2.5522602079174286,2.6809885277143515,2.9393209698406686,2.477050202198674,2.470996565104319,2.368210018092304,2.191008690908772,2.0447400986731292,2.532702804353185,3.139328695073522,3.0148420614656333,2.053412408139973,1.7623407451478097,1.5637504166426006,1.417599488169992,1.3061459302846496,1.762978711320667,2.048273563153599,2.065906363097381,1.811972699608416,1.8640366655757803,1.7531123901460848,1.555357686103935,1.5494290419568912,1.852271700895441,2.003986231812968,1.9832111147147715,1.546843425774821,1.5270372255132554,1.395439529747302,1.3597006824883262,1.3484296575253574,1.776596925536606,1.913045334814296,1.897648255482284,1.9471640528726653,2.0022920871305905,1.978602797966467,2.1588130132485546,2.658340431496075,3.621260197995737,4.382749010772635,4.53361352879514,3.610172171788431,3.465285103025711,3.599171088308547,3.60944961394826,3.439091127234268,3.8074984670277385,3.879917179673394,3.6712976254958662,2.230869004036869,1.7637858432175797,1.6752694575987377
2025-04-20,UGRD,10 m above ground,46.5,9.5,2.483373955355371,2.3940351689280472,2.328911284063972,2.8815794780245794,3.14983051138769,3.27269289393354,2.910777490526007,2.52514685842482,1.9791501527921584,1.5898319056200871,1.3287210524367097,1.786667926135597,2.19431362756885,2.117621266470816,1.8479653995841132,2.0806098307096024,2.5043160078967612,2.3885348507539907,2.2406712703923657,2.5446361776632123,2.4394153735297093,2.160912979625441,1.534613341477497,1.3072545376284834,1.1979536184000734,1.2035005140553807,1.0463725069006895,1.605869961862162,1.92828189018307,1.8374968544149357,1.5461817268373883,1.6868058361883276,1.8896758984007185,2.254284619499212,2.9203667932939217,3.858749947338087,4.059184621366353,3.821740245378378,3.111095511458952,2.9552390277628016,2.8968541126774987,3.1012537991309697,3.616618507777519,3.974690584693844,4.016061031000406,3.807495691533093,3.620859194017984,3.1691919664133064,2.737155353603087,2.4505680715189384,2.2522929509428007,2.6601620658593177,2.7783923824166763,2.800056838410652,1.7927558162803414,1.5515286354523583,1.5668475760178129
2025-04-21,UGRD,10 m above ground,46.5,9.5,1.7863387267852864,1.6923071112133847,1.4537840070891437,1.892170903128067,2.187080799384683,2.1447418141975545,1.8405914703777848,1.9786145350489703,2.0012731830164543,1.9531166458491944,1.7133869629442615,2.0821188199749505,2.06981599933846,1.9747314073092548,1.6122382044164594,1.46667441033728,1.2661873574272255,1.2048841373619543,1.0814414894958877,1.7976296348138243,2.1921627801592702,2.098272475054957,2.015879539847171,2.370244287206554,2.7833698679018495,3.219283099098597,3.828426407207632,4.119199228245765,4.006921525579842,3.7510151512183225,3.0832419624282794,2.853333844447774,2.9175814256858725,3.10504619170037,3.1888857951441603,3.432773132961711,3.2924572576614324,2.970800390392794,2.5531352170412247,2.3082446184056087,2.2913037995778875,2.358018489084472,2.327251022849035,3.0615163205306715,3.1058499254804155,2.971027012881709,1.9013044044278269,1.509700332007444,1.3438754886448028,1.1841037853585583,1.0456039798394774,1.7581657336523393,2.2254706021098105,2.3328441150437103,1.7385267173146084,1.653320024436364,1.6683101824809472
2025-04-22,UGRD,10 m above ground,46.5,9.5,2.1915594801121707,2.051052730279946,1.856086782992703,2.2274729502866455,2.157218672807198,1.9036446019441453,1.6031682246940049,1.3522143115080447,1.2097122270774443,1.1904118455116897,1.0327263388491013,1.8186309221829424,2.325825277171228,2.2780533407795107,1.8232163340715135,1.97057703916118,2.3088387985818297,2.588371417428726,2.837654530180888,3.3494596183636944,3.6032439978427,3.473535534650525,3.027858605410696,2.8948163765326456,2.7382624378544844,2.6852471957986026,2.820718390440695,3.622078542332323,3.642404799443258,3.220281964769952,2.5825063652508904,2.1318400907516004,2.074792287840757,2.0886188739352973,2.198427469294431,3.2128830755177984,3.4634684074243576,3.6098621810761937,2.365620327566381,1.8056568762616232,1.5109829837654367,1.3169518534892286,1.272791290339413,2.1397863194551925,2.486224213089658,2.412347879828121,1.6241786453471048,1.2208645043991493,1.0498679172909329,1.0695816024165787,1.0793772952003908,2.2325694854848885,2.863203226517425,3.1156022558724428,2.207674870826044,2.080360061333335,1.9840513745213937
2025-04-23,UGRD,10 m above ground,46.5,9.5,1.3220198275456916,1.2697275243921626,1.1540618473559645,1.8472045941512083,2.289245461432696,2.3616133351211035,2.148026057250871,2.496998266485454,2.9305689553112675,3.053217163149782,3.4428373172400693,3.796167450178888,3.729605692956985,3.495478872701671,2.7004027306954983,2.496653224974734,2.558825288824063,2.833722077765213,3.1134659586397415,3.400220988899214,3.417226931077691,3.155027818438787,2.7525259427823205,2.584901756733001,2.601957278115361,2.844049503917927,3.0831390819798905,3.985925850157867,4.224240691612678,4.058409999777826,2.979519666997973,2.8007412401409666,2.777903185238795,2.510314011915807,2.5327692880515142,3.098397213556888,3.469459442725193,3.355153832178728,2.153314091167657,1.6021174705971848,1.4081101714981543,1.458489888264437,1.5718406367397717,2.247827257850764,2.601412548715765,2.584210895303793,1.815558988130088,1.497552277659134,1.3203856259584228,1.3293551052573536,1.0331037508873229,1.7074694623536095,2.0558054549867957,2.440194100248421,1.9035411415043393,1.5749491204638633,1.4493064151981
2025-04-24,UGRD,10 m above ground,46.5,9.5,2.6027532374296913,2.585528023376521,3.0723341828786372,3.606203418241392,3.7039727554568582,3.653260126183687,2.7598697525013005,2.494241542731455,2.5990021821636153,2.613752423865311,2.640025669280331,3.023704399981141,3.220279120701678,3.271062976946513,2.812738071612753,2.642752149151765,2.5774015495702507,2.7551165845635452,3.0193502164369357,3.563705261037523,3.7731163537057295,3.6231934074840897,2.82032489675292,2.8551708418108084,2.9171146200442184,2.7599205644089944,2.8296072089268196,3.3028651018445068,3.592977464293611,3.4806397128588022,2.412264914570856,1.907663029576934,1.5698772169244053,1.2820160190375314,1.1840058357759782,2.1018621459823095,2.6266337195646634,2.675630969870042,1.963425005107364,1.648720662922988,1.664770000692514,1.6483872548907377,1.663518669828353,2.2514134270577904,2.747219350665284,3.0003363695708,2.0635921303090052,1.8013874908826104,1.7356685654264947,1.665095444029789,1.4753537085922233,2.320271470169577,2.5319918105706747,2.669000365298853,1.633495704807285,1.3384218233154603,1.282002433650038
2025-04-25,UGRD,10 m above ground,46.5,9.5,2.634526583203161,2.6644431081521662,2.7750963602641123,3.1158933678118497,3.190190051745931,2.941828759230257,2.5650221969171656,2.5493806430561907,2.6253141307777,2.7831884932765067,3.0320974793062905,3.661461563143245,3.9500352541505066,3.789699683273987,3.1240775514053123,2.983150238245743,2.8383655123555376,2.5427786478999246,2.556326508950394,3.088031572960878,3.3557709955209023,3.3784989718610827,2.436821494597532,1.967045512087976,1.732725451714471,1.5802504518930074,1.4844353998756858,2.376517304933442,2.9253589136790596,3.121875606286356,2.050528081943833,1.7226815411755727,1.41390718860972,1.2545839388341302,0.9646616495402244,1.9529495562613417,2.505002700407454,2.5845096106511285,1.624862493880301,1.43491964996009,1.4358104037716677,1.4326289735660604,1.1600860842376923,2.078312345768559,2.412427870869835,2.5775600675799804,1.7585575876952877,1.5110731100586667,1.4977208223496454,1.5417274458444408,1.2409716281340075,2.110082370499317,2.5068953390740067,2.434246387206684,1.3623285007271897,1.2767038272133466,1.3944498162046894
2025-04-26,UGRD,10 m above ground,46.5,9.5,2.6771165892033904,2.6971930842700385,2.895299542065234,3.441504251940835,3.752285453403667,3.5611720019713107,2.9386335038232367,2.6852371028424074,2.5875682071126027,2.2413775312142317,2.3095860343485173,2.820266410344681,3.095514038134941,3.0474261731517043,2.172359393344828,1.7332836132660168,1.529477216782034,1.3615462930728113,1.3278873082485032,2.272382539747257,2.8191104318246203,3.0675194641149632,2.0021519368014724,1.529961647043819,1.4367935197123762,1.2657327551308386,1.0833724092193244,2.1050589944162734,2.671441192370253,2.8028374079993856,1.7407098765302855,1.488736749571349,1.4531948749314612,1.3874717523292333,1.046178202579899,1.9533815072999536,2.5210517977583455,2.553112175661262,1.5988114517299568,1.3882856450572802,1.349694136470585,1.267979406973517,0.9103212493448788,1.6345382607841237,1.9449045300000432,2.0733052796786264,1.142373648428566,1.5544736456718962,1.696347967032854,1.7991784466174752,1.6149113822497356,2.2618362538734917,2.8172552199336858,3.1818398742332645,2.422567017365973,2.0418567446254285,2.2356148884475697
2025-04-27,UGRD,10 m above ground,46.5,9.5,2.598756638143471,2.3938155094782867,2.349170927311535,2.8090924270120636,3.079497404911277,3.010457401492164,2.188358758262964,1.8311887244677316,1.6044374967755166,1.452001491110371,1.2459968247804536,2.21657202066165,2.8534763937739065,2.869848969028488,1.8563963831824628,1.4931397661633108,1.4457652710990778,1.4174445950621606,1.1579575804258813,2.16494664257129,2.72712703165228,2.8323794820437644,1.866178961343679,1.5216670625645474,1.448235888699473,1.3266556848342723,0.911663246513703,1.8083321402077577,2.1390427786038666,2.2576952837302815,1.4098370436644951,1.4239905343412191,1.5399207297490902,1.5920541468370324,1.3718082521851982,2.0843167357566887,2.565016497123105,2.617525252239843,1.588759199260924,1.4792177484831075,1.445139677586747,1.3765520456045088,1.1838044760168416,2.0162062538611827,2.649204305125252,2.777864792394848,1.7267338195498327,1.9828982701144493,1.9560437609387291,2.0064009698361778,1.9346809251913415,2.730771953736446,3.4418050706861862,3.374336657161378,2.3868620264464404,2.30540336423638,2.2466213515156337
2025-04-28,UGRD,10 m above ground,46.5,9.5,1.4861910428513498,1.4205528535119507,1.146383121088418,2.0405071087175015,2.588756093532673,2.7849225593989764,1.8949308602199508,1.5817391666212033,1.463311785468707,1.307723697575728,1.066173792390224,2.137800442753137,2.6939074706499517,2.7157390696819927,1.7226749568669832,1.503057207368216,1.4644393270716975,1.3904504360378718,1.1190122347369678,2.012548591481643,2.446327936573806,2.5351062370703144,1.5731376772636472,1.4463981213849355,1.4488404270931083,1.4300751402338523,1.2061907507695624,2.1599008590554956,2.4561914568704983,2.4577394975938853,1.4784892988374594,1.4427224094244024,1.39951296716531,1.423825644301365,1.1491045365124293,1.6939678892205503,2.20854715863255,2.4089640474154206,1.4494592924347054,1.5530263623264275,1.613743045831106,1.588562751432996,1.1612817330461669,1.4781006568423112,2.2287641874930335,2.295386436536691,1.5751466514335395,1.770720751104694,1.633775209246429,1.560900708808802,1.10367139910467,1.4307517582857052,2.0811828985720533,2.1087886207103925,1.9176627187750812,1.9581578353947848,2.151787285024725
2025-04-29,UGRD,10 m above ground,46.5,9.5,1.5179931629881498,1.380503774135163,0.991725391302146,1.961995319613382,2.45956939911151,2.5143408763772097,1.5770286907595668,1.5218130326076449,1.529698483310428,1.464102166525093,1.0984784284481155,1.896821333961381,2.435727441670698,2.487151607318637,1.479417915574576,1.3554853895532246,1.3581038146418356,1.3159954682326844,0.9276268707766006,1.757192921801177,2.300073546107587,2.2682916506534214,1.3075935503633145,1.2927176194230283,1.4020403921599955,1.4088975167455533,1.097954286021737,1.8873871916582736,2.3477194812405076,2.5573433132543855,1.5277174177353512,1.6596133281412877,1.807025065473456,1.725376549636742,1.3644164422379306,1.909231718050241,2.972334358388279,3.3224880062726463,2.6303797572935075,2.7011144624263004,2.953217415904979,2.943967900762543,2.5150785607635138,2.56233851401228,2.831972353441998,2.4904192027013035,1.4548700904126943,1.3142790647433102,1.132152700388884,1.341167192798031,1.4752964607817982,1.7932082644262954,2.034916079252371,1.9650456005415389,1.7422593300984957,1.57810786540632,1.3700648378404297
2025-04-30,UGRD,10 m above ground,46.5,9.5,1.612603332967926,1.5732067506839469,1.1270649334231462,1.678991286375021,2.1657346645584936,2.273147019133178,1.314962213341618,1.3374149148524126,1.310425433780852,1.3008306527548688,0.8544318640406368,1.463533343163044,2.1144760225291357,2.104431924009905,1.3518163929903353,1.3765696947923998,1.4182014376172958,1.3958843594106285,1.104930837175354,1.724174842523114,2.4072833343504847,2.4660356499037484,1.4353426167937968,1.7527927595431718,1.8301889827387,1.8341537754209671,1.650343436291185,2.2880803010051514,3.034966771611324,3.107727630911876,2.2471712712402927,2.3746091447258473,2.6818836691620924,2.4744005746211544,2.334705430174432,2.7827085520373314,2.7307460600315405,2.248940015341762,2.082064725996207,2.5170541698021047,2.342304211606593,2.6078313726974955,2.7299761514808267,3.1951848415726456,3.414449294751845,3.2169004121404647,3.0013239703637113,2.7167991955040103,2.248428186252726,1.978152409795992,2.168292219240114,2.26926992192759,2.0573962717311236,2.005642465294402,1.855528571225484,1.8222063209250623,1.826551490733084
2025-05-01,UGRD,10 m above ground,46.5,9.5,1.514099925487009,1.5023402506864754,1.0050120086768692,1.571407850922818,2.1277112585572553,2.096936039440521,1.364070414406465,1.4021622786588548,1.482523369533664,1.484900895068713,1.1917598165169174,1.7905876452022775,2.302157184861639,2.3185962888380907,1.5506937597013315,1.922451531179336,1.8257162290650248,1.8307774991788444,1.7768021122742463,2.375658498849789,2.7082900309002165,2.9792308193199686,1.9661251501086712,2.2475075161128517,2.382447644575996,2.412264878401153,2.2699775421104684,2.8632413401331567,2.995405721995885,2.588544522844618,2.2592445320303765,1.8429890439800372,1.8444489377081252,1.8643950237994535,2.2600323563957234,2.531976887584215,2.6072470841819597,2.577599720376136,2.065797521799078,1.7211013465789955,1.596509772952457,1.442209767233738,1.4777691435230045,1.6072886453045117,1.5406951997264786,1.8242642805804017,1.957943682310789,2.063100955899963,1.9701424476167528,1.9506221156009491,2.1811632620151293,2.977543464569083,3.450656393465896,3.5559193052797022,2.5522213956596547,1.9406085799258628,1.7458925821418667
2025-05-02,UGRD,10 m above ground,46.5,9.5,1.5884268548595006,1.6126909235576112,1.2943439802724532,1.803480564799082,2.3117404581213545,2.3744779253250083,1.53937483308723,1.966871841037234,1.8679667407842229,1.8717090861287748,1.724696954575312,2.662097276236361,3.150041977879622,3.6707265043758097,2.743816220176406,2.831206126831766,2.7809210626444116,2.561912399326615,2.6994361453615783,2.7273513590376437,2.616522198964911,2.4549653769440436,2.1483373876863316,2.163455197401606,2.256441336527042,2.4095130293194735,2.6683292407163615,2.960327605894207,2.999559783934272,2.7384936833041147,2.22952835457004,1.77668146087746,1.9429351676266835,1.8534533074907091,2.278029738783948,2.8808499349669385,2.6603487808277846,2.2441003646531175,1.4009940569792123,1.1808329286388213,1.1540906472993222,1.2126906708535494,1.3933169485308745,2.095169543574463,2.192707428678248,2.2565469152258735,1.9599083178822043,1.8558637825001472,1.6221477164145048,1.5500769247445625,2.054662308177361,2.776346797700037,2.9419142199322916,2.87172880847881,2.4831973838016665,2.0672997825876314,1.9305183266011368
2025-05-03,UGRD,10 m above ground,46.5,9.5,1.9319312406108191,1.9007150812277656,1.7958982230805467,2.665919177754606,3.118888674104813,3.5664116659696417,2.6440184421164403,2.8580167568796058,2.6187957338417176,2.479214869738147,2.2321158558533805,2.243702727121318,2.3188378368528086,2.2878015964383467,1.653842048986407,1.6071455389598306,2.1317016161799174,2.60406593294112,2.9206198633011033,3.120269577427659,3.0775540795619007,2.6488433389391126,2.260807103811036,2.1077928815373292,2.172716348990471,2.1281762435819855,2.3093978107774302,2.6688646122632416,2.3466017492915334,2.034374314272994,1.4389955473988114,1.2914286542580742,1.3779693825821815,1.357032863879254,1.5361383928179375,2.2402571723242524,2.241151168128058,2.3823328427049733,1.972365618405145,1.864141709425027,1.7253000137137473,1.7324924103225774,2.160805969708089,2.570018014076634,2.6323096531643424,2.5146465144653676,2.166276761513731,1.985869049268474,1.999423954938204,1.9886220017090783,2.4552585523114425,3.23361101434696,3.270056354642477,3.1633903638251963,1.836992094064774,1.5979438364127672,1.532347386339926
2025-05-04,UGRD,10 m above ground,46.5,9.5,2.4605502316761876,2.4926563394989953,2.325571074210207,2.5764934976355915,2.6330227204599157,2.4068754474643166,1.819036769080697,1.8906197611615776,2.400171290463409,2.5726706545066973,3.028620143689801,3.575719299872563,3.6173571917552465,3.1254599538652705,2.560222202462928,2.186668867674839,2.2146224789442663,2.0689097585180907,2.1378718394447844,2.4466916494794115,2.324542830429506,2.1138279530979176,1.6799615274037332,1.2935143302075227,1.2849942102413603,1.3518592044798623,1.6464685769016123,2.480872342007055,2.5225755423916505,2.520959527502349,1.9499434328478276,1.8058993598083304,1.7554369402704468,1.693281362542031,1.9704151362754336,2.221463446878764,2.2407696504070733,2.075523226708256,1.8497603052541287,1.570556585187572,1.601466193451298,1.7414079158064526,2.202735483706963,2.708099365693897,2.792324495962915,2.5979234675352902,1.9545573282239397,1.6275489063768762,1.5983301398577758,1.6199955455350274,1.5082234068519875,2.226835029577735,2.258054651666698,2.144486563010025,1.4251041926274977,1.304726392723322,1.2733688696407526
2025-05-05,UGRD,10 m above ground,46.5,9.5,2.673163702308824,2.909019820169289,3.0734106253649744,3.469400209995242,3.313736436683837,3.046578347266939,2.7174630744848196,2.489974511665095,2.457389632207346,2.428051505780137,2.46297616312968,2.634437587387318,2.440173131009624,2.2262498755749593,1.7232927068817914,1.3662121340583795,1.2693329118785657,1.3070677958258892,1.6323513863710994,2.358281221911331,2.391298078329303,2.27080667631481,1.8957916971394,1.7492997614992234,1.5666669024422806,1.509744229639005,1.9210496992063049,2.7084795256549965,3.01844694533584,2.879491862860106,2.193650572502574,2.0468967623098626,1.9603655112846816,1.9731972243033524,2.508237563111326,3.180844846676967,3.133645114404092,3.069213643600714,2.2753563863214183,2.238565904332755,2.1376172494850136,1.94801145961242,2.21431721182359,3.0859331355191646,3.222862622529792,3.313692719959282,2.3511873316524454,2.020999826981368,1.8185840595719895,1.608405372700727,1.7686493351836845,2.611107751580013,2.8119251816082795,2.845174011314495,2.150881875419953,1.8929555397942417,1.65445805564634
2025-05-06,UGRD,10 m above ground,46.5,9.5,2.518558238193303,2.3859697589404645,2.382802118858161,2.622539218814736,2.5801511350595314,2.3476008937258204,1.827866303553114,1.5462007722302935,1.5139217899094168,1.563720486357938,1.9789113626104484,2.881068913887143,3.0361209308264163,2.8405025311485605,2.26733781375277,2.033417707891571,1.9147920033710473,1.9184413975508856,2.2110085300799778,2.5583950090903897,2.533996565001161,2.553597022540006,1.9510390207105937,1.6148254907348705,1.716567285384777,1.7481337699738115,2.276203107012299,3.021181074578414,3.102171399406603,3.057540460064201,2.022759346251133,1.807787494700856,1.725261766293657,1.713875433853582,1.5421783684156023,2.466139817475419,2.719045251972936,2.7786995818074605,1.9264070041279973,1.5010891737838163,1.4209394405530509,1.3403814179840825,1.2008992607743458,2.138142267497652,2.4301857697711475,2.751714346783445,1.910680791705948,1.6601376850685292,1.6706237309443095,1.5515123084531504,1.954017532552708,3.1414048278637994,3.4205378996728313,3.569366814549039,2.7302556687346504,2.418551150318889,2.388915170746481
2025-05-07,UGRD,10 m above ground,46.5,9.5,1.481760123887045,1.588361260733186,2.082733096874378,2.843749793365936,2.9206561420096864,2.873837789588933,2.315486377267964,2.0830218868883703,2.0335451861281144,1.9100220754104775,2.1575510643999847,2.43607800380009,2.3344197280294843,2.268538805887646,1.7655145565920412,1.571204909094637,1.6437621596251,1.6015937400219602,2.0126060396462,2.7096987996852953,2.702376221558447,2.7104930048150964,1.8415408199517809,1.7588578807629032,1.7561829543921887,1.700817004455769,1.582168356680453,2.367636203227783,2.422971953034125,2.535227205851542,1.658217037600472,1.6580788762852778,1.8283337213826991,2.0594907147473713,2.465289156383118,3.530572721408803,3.8216158042245154,4.065305227861104,2.828229499285616,2.45219936598128,2.4933449371137284,2.27491441423666,2.72827118856392,3.8364900015610104,4.144094845164831,4.295148052160306,2.9075569455831847,2.436298045964734,2.2274130469951965,1.8720448106327912,2.1102753290264236,3.121089534499599,3.394444583453968,3.355166269699469,1.989715023186856,1.539285200266285,1.481591063348342
2025-05-08,UGRD,10 m above ground,46.5,9.5,1.978624744552265,1.8107663538291128,2.14032029752416,2.4580446788882337,2.3947146423358223,2.37330335712775,1.913742325479932,1.7360902453015978,1.7473286005708075,1.7421343151094284,2.2147482832842087,2.9406625637462565,2.857132493140905,2.781750557631103,1.8428199193769912,1.7388955710550598,1.680355572905912,1.6267539248831473,1.449092013208927,2.0470154450817692,2.2662027909574616,2.3467672972171503,1.5062981908747863,1.41277074563101,1.533588208862855,1.633157199126515,1.6910521546627693,2.895965651258937,3.338430367319245,3.5954803326267366,2.916354040859858,2.6689354366925713,2.4172973482495457,2.112850685422565,2.2701464228562034,2.966968868222738,3.2819495154587335,3.251131549068015,2.5149096015971466,2.2272041722603384,2.0917798878355764,1.814172127310126,2.3898820606910247,3.379340951770316,3.524245882483509,3.3915909018579913,2.2895093409365157,1.8441363705650264,1.6151956878998268,1.48566324477518,1.6589449360531512,2.5364105107705273,2.747107062877008,2.932974608526062,2.271223373475454,1.9651297078731031,1.8636708275945009
2025-05-09,UGRD,10 m above ground,46.5,9.5,1.6527213389341204,1.8014002336599966,2.2702285373082907,2.908292439043456,2.8520307916708534,2.820498262462993,1.8838161503791249,1.7475559192690469,1.743201612045944,1.6083475036504016,1.4209793335775731,2.0052879536239843,2.220083063900029,2.3128189120649427,1.5310723956573198,1.5300956681998947,1.6460404304498526,1.692695296328205,1.5902767920308922,2.6262372151340587,3.0445449535857314,3.346114207590459,2.768066072258995,2.511924091607165,2.292288781795781,1.968952268208572,2.4098247653600793,3.152025507107441,3.2745690603126345,3.421038181348293,2.63857593627736,2.2778600576404116,2.107923205896137,1.872029845292424,2.4592916873105444,3.453059207946975,3.963736792826393,3.967315126812049,2.5591766241385665,1.984451437221437,1.8401460391272733,1.7717293155817193,1.874544441360174,2.980906641786734,3.4340184202172965,3.356608190521655,2.0335127698941795,1.725574981100046,1.60690375878987,1.6064473215387558,1.7736777120424851,2.983611553862118,3.5381453976989388,3.32892016217117,2.046032329444386,1.8746883519086288,2.119897185379131
2025-05-10,UGRD,10 m above ground,46.5,9.5,1.629772305324718,1.5785979718497607,1.4182126659639325,1.978059045151434,2.243010115251094,2.315167168338254,1.4554779409694911,1.5777567750997803,1.6760415820327137,1.6559112389911674,1.6370554544705678,2.7477276361013496,3.2169451692237265,3.243752439463408,2.4190888973828635,2.1314505379698723,1.9614591124285203,1.7374489257491406,2.128215383162325,3.1269475220328062,3.285362908457069,3.531421285289791,2.6671588233502144,2.1341191594569295,1.923413471664415,1.6711012318451826,2.1927080072456437,3.0383073155855462,3.3026037458993978,3.4009558048746316,2.1093880256902624,1.626423749243017,1.5123828838116442,1.4400017938386431,1.2668513437577194,2.197787724347432,2.5182494226334793,2.4700099220777556,1.3854031402066562,1.3882961751384058,1.4919304070816786,1.6600209903964789,1.8178631990800336,3.1936418804621765,4.137771383923257,4.171689927229174,3.0483961492934837,2.643314529698534,2.589030818758019,2.4959277992417386,3.130710288120019,3.6126139129704375,3.967224661164317,4.1323018446802955,2.476853243351295,1.933806751747705,1.8652921518609316
2025-05-11,UGRD,10 m above ground,46.5,9.5,1.6070394967238435,1.6812486460991738,1.6439485781320022,2.6977041172115683,3.0165748271108854,3.1671895807864634,2.3212117548457316,1.9491417052909463,1.7890543173283868,1.6107037965187014,1.972424556805769,3.017445750023038,3.086346364009488,3.341546173491811,2.4871144127768536,2.0863240094092657,1.7086334501733886,1.3805746822209932,1.6239928569791977,2.658513811176282,2.9848914166076947,3.02624546836108,1.9237267811768584,1.4955934206491743,1.363982747493352,1.230302323335963,1.1355231326690118,1.913379263798841,2.245659780431361,2.184053769036121,1.3997698865800308,1.4580606133511895,1.7036173761325406,1.8828751209729253,2.2126185512067247,3.7637683637193993,4.666890931911489,4.329697130147357,2.559785437153539,1.7337702795311314,1.5813766754000085,1.6946855993704737,2.34588710628121,3.2357232544804515,3.862171765113795,3.981104532669208,2.214868452476815,2.086470341581232,2.1866059131173676,2.5784411560673712,2.8385676057433185,3.720763724430471,4.210315584652467,3.9281249089537926,2.0284623890398463,1.5809620505067028,1.5543429251266163
2025-05-12,UGRD,10 m above ground,46.5,9.5,1.784273161927337,1.5564978851428737,1.6386617348487793,2.58260365106021,2.8264653818309577,2.9815607413557927,2.1880919885085572,1.77505960992145,1.5024967764942487,1.3393637976792552,1.5543096239102598,2.5653777157914255,2.777669374318615,2.7530531507960094,1.7956396950703828,1.3751401616847954,1.204402168036078,1.1277051709000032,0.7737108901524599,1.5717678853982582,2.083871326141059,2.351939722200268,1.618346674280251,1.8205448592204996,2.0039808114280486,2.148765272071026,2.391238872767368,3.4252858081616733,3.838804052348164,3.805036329147451,2.32570439550872,1.9710926733944671,1.868512299824895,1.8706967120374596,2.445035504367497,3.665689820971986,4.082501472415465,4.0059024033172275,2.509512361389618,1.956922899689033,1.8831494016237416,1.8253524178862175,2.0294197528865983,3.1303693155231382,3.247306910829712,3.2574831502093704,1.8783679535218571,1.667915770720147,1.8221850964477335,1.795985591679814,1.5189202813687002,2.080326763026064,2.430467545569403,2.472715563542401,1.8252218450214777,1.5821968503823127,1.4773374167176103
2025-05-13,UGRD,10 m above ground,46.5,9.5,1.4789470147307595,1.2309797982429451,1.361535299178388,2.4732256190244,2.789921589208351,2.857060434716325,1.7700616254424495,1.328122483837294,1.2807792599774908,1.146633582946428,0.7575813130385558,1.4645234587024891,2.0714697241887428,2.415267147510469,1.6957104886867271,1.992020835905652,2.149222752317414,2.290678736229274,2.7348411608151646,4.000183026333617,4.512169793000172,4.075334825122303,2.8280581153503146,2.133157427329337,1.936328273533136,1.7933171525491076,1.888474113848972,2.9742389892902112,3.6694852970065712,3.987115169125237,2.441361345187535,2.547105379355374,2.4490708273377204,2.341270273411032,2.458275803468132,2.928448800482,3.249467593021506,3.323379093709063,2.0347284613811008,1.7548776361348355,1.643362948862121,1.7306179503423849,1.7888562258093743,2.70067697529821,3.211630376807223,3.112428057553764,1.9822801660806872,1.701272410225931,1.58212295967201,1.648809596574957,2.0696088472984693,3.0438168864709203,3.3911305987966234,3.455151786434158,2.0737935685984334,1.543420103799431,1.4284798644545318
2025-05-14,UGRD,10 m above ground,46.5,9.5,1.2875348312083423,1.2082240720159736,0.8232807338771915,1.580536401449844,2.3265167339822854,2.729687230882796,1.974829623610176,2.226080203569342,2.2772729079451968,2.460219679795059,2.9354970740458066,3.9975438166096153,4.426125999057083,4.298794323524061,3.3976570271995223,2.416020973129956,2.1011212923745166,2.022758797855865,2.4671730841677006,2.790872976458138,3.2990823912741787,3.8767278243254455,2.4737599623951407,2.1337125914967157,2.2664002631993805,2.292216978544511,2.3834022894869804,2.8666049688292867,3.112359822320761,3.101915549189295,1.942111559478445,1.8196995423080948,2.096038441332671,2.37872983554585,2.714673027053961,3.635144480749356,4.278581648491198,3.8425080518342183,2.5311344852109032,1.7983883294367973,1.7033270444560962,1.7035695815628698,1.5120629316173488,2.6200420956469457,3.1529152871967705,3.0677821549764244,1.871944289188546,1.5183795833620426,1.4949175649977515,1.4988364707112147,1.541739147542622,2.806674106961658,3.4945012766995713,3.294889739554298,2.030620543358414,1.6102491243970247,1.612687894620124
2025-05-15,UGRD,10 m above ground,46.5,9.5,2.3765899682477425,2.634220217309126,3.1888432236497826,4.308113422639805,4.726299635039795,4.612151165450639,3.1688188680658893,2.324691840838451,2.2022286217899874,2.295052514226578,2.7091060182255173,3.39357659722875,3.7989055350601326,3.98485294107417,2.52369073761386,2.440775435185401,2.372486842300448,2.26740590476518,2.4152910840997457,2.745705859758941,3.044957474306851,3.193713790373403,2.259398228558333,2.167785415749158,2.231313414855394,2.381778816383102,2.7439221147326185,3.875582612876479,3.964534883173191,3.5072895473843175,1.8609272956443557,1.8079853153773016,1.8927266205697988,2.1731521361783592,2.7237420751399695,4.280466175240169,5.051520751729482,4.759400449620963,3.1002615510329092,2.327683647064833,1.910943244261976,1.5957380811289952,1.4575044428364876,2.114881112438057,2.440047107792404,2.5715718230329294,1.8602038143657635,1.663344183272489,1.5705768498928032,1.475789298145723,1.6376770009926869,2.1481285717091936,2.510217433512639,2.4268484789282785,2.2137343044669247,2.1320276290192877,2.096505190570641
2025-05-16,UGRD,10 m above ground,46.5,9.5,2.0679933281918546,2.1860471853013204,2.560467289086743,3.206862970733631,3.736833239569613,3.8212884307431425,2.572982814972562,2.1547110090461477,2.1469618433409323,2.106397479431289,2.2618924017548965,2.7178437828007476,2.992065107562292,3.19738411933577,2.233038820288365,2.157190641325651,2.5007593724824515,2.788119752768684,2.969448718800969,3.6043218388823206,4.081112668909628,3.957970212719789,2.6113865996806185,2.352126943611081,2.517408185415355,2.742835597871874,3.207569461145606,4.095381673779191,4.136504023930723,4.104349223127789,3.04067118642671,2.3426513401206988,2.0416402000339167,1.8690517564344575,1.783390707849707,2.3837786843032904,2.6566970834578045,2.705757777066363,1.7389899610125106,1.4636877016522782,1.4823553192671164,1.3672030041492866,0.8824014167186495,1.7562703146058722,2.439616691416333,2.7288381459456783,1.6917577099796914,1.5384555810174798,1.4500986692073612,1.3817436021345308,1.3040677739802895,2.5629459607990652,3.812167889162691,3.9609522668105255,2.537982275724347,1.7850082423026157,1.771978936884219
2025-05-17,UGRD,10 m above ground,46.5,9.5,2.282927008738346,2.2737163942202585,2.3388549170378554,3.0145065099699746,3.3702058273381628,3.3912016186739,2.4994041559012894,2.1690835385370715,2.3321257175513206,2.5396737442375725,2.957421027386421,3.659629330717429,4.065110918020462,3.73677692689741,2.28478583180357,1.7722933485252024,1.8635449669113289,2.0299929492758477,2.291655856405776,3.558820315714167,4.05175943274514,3.8455660376669902,2.312531717930987,1.753719526711953,1.715558484013037,1.6600806317079737,1.4416199190999892,1.9327345880332245,2.2162527917641905,2.303097913851958,1.7552260030165134,1.554697272119794,1.3308544594113427,1.137575226570096,1.1374476075036175,1.83519985408358,2.2129411180834264,2.366384585185066,2.0003142993019782,1.8594857266172933,2.104140278890412,2.193297054687667,2.35467508506433,2.670799123860292,2.846276047988611,2.9721810635062793,2.920008061223933,2.8903217957189646,2.7129916856321583,2.3578614674713254,2.3369907813805257,2.430494389175631,2.5219190708716814,2.642043203284648,1.9642078416157,2.0190608966245023,2.092783318423616
2025-05-18,UGRD,10 m above ground,46.5,9.5,2.306201690661271,2.440671999661026,2.8134284895715607,3.436242570385032,3.891754067436765,3.735431240583986,2.4998107247860113,2.0112581633585567,2.102842433513187,2.171110034949126,2.139132094656159,3.1032032208940077,3.408000872271221,3.4672776370951404,2.28177962006386,1.7737150198149498,1.7776520374268714,1.6408568795974054,1.431137106445442,1.8464550992839683,2.2710014711904605,2.3163639898113466,1.6563476598466869,1.4071051626672524,1.1621075975601478,1.1130575142205887,1.0757801501820763,1.4556633580530465,1.957932222056979,2.185176051186506,2.031611784623717,1.771757800986238,1.863995565723822,1.9373537634420952,2.30056920654765,2.725406277996812,3.2361087575961056,3.4248030069565423,3.0251667811009835,2.6851295429826147,2.4951089129303052,2.4044604036098014,2.515055995520183,2.5528390011961775,2.67187642037649,2.563085455606486,1.7947883272481808,1.7317458625422546,1.805659253980274,1.7651831635976762,1.581437884072162,2.309570498495814,2.9418654884866777,2.8424064964850597,1.9248380079084852,2.2067797091504566,2.4707034907022716
2025-05-19,UGRD,10 m above ground,46.5,9.5,1.9485559399144456,2.10858430102018,2.244899275755256,3.256048533161123,3.4472071772366757,3.382389848378952,2.2379617684317763,1.81203811973298,1.6295843958748917,1.558804418220915,1.6143947792452111,2.250555782418167,2.5240428211658106,2.7600820948261653,1.9047773946450253,1.500666288389859,1.363216419473012,1.2775554431488996,1.186031734651627,1.5832972237179153,2.1466483868139177,2.375959635209539,1.962368852676345,1.8303714548831664,1.771837604729812,1.504638051398119,1.566701854462501,2.024064353584631,2.4167971813705194,2.6585279403443662,2.868297365315266,2.762964106632081,2.675218304144775,2.407192135801829,2.5407137850704533,3.2610460306495015,3.5594778061447907,3.3185676997514904,1.741808884287391,1.5286438054571398,1.5154637632649215,1.4589855278804564,1.2398034108589548,2.244191394433678,2.688473726019276,2.501716173774001,1.4270277359334396,1.6498956299244207,1.8702510498470184,1.8425862721677235,1.9103392631067664,2.8490836347815556,3.0544493595831974,2.8138502765729303,2.1346014184048387,2.07566494557258,1.950943524686092
2025-05-20,UGRD,10 m above ground,46.5,9.5,1.6969294174119234,1.5635995998944578,1.4974538104687434,2.114075200095093,2.36280525401643,2.529890084290348,1.7541107307020618,1.4995618126706185,1.3487145588021083,1.3231973412224538,1.3597861848837551,1.6629400332594182,2.072299548719818,2.3336670586816757,1.8763922764701215,1.833348756564952,1.811539199539768,1.678590814405228,1.7928674698798073,2.1539548929442907,2.530972539516619,2.732338830388106,2.8192341150182014,2.303790638002501,2.1592147474939263,2.286768232560465,2.440221060134031,3.070037308262457,3.1446634906469253,3.0796631622741995,1.895653459788095,1.7030475834491854,1.656375979919256,1.732390033458172,1.6357636688277235,2.2289482800493463,2.3803120893041063,2.3437484408393106,1.5276354167128612,1.7071404482527284,1.9128215958362025,1.953729025562707,2.001738145891561,2.682318422790165,2.969715859567167,2.8185477097553324,2.0728908412157803,1.6805535094580468,1.5013308612476703,1.495382745605296,1.259078100896902,2.00205515991638,2.6820517296741926,2.6575934342899576,2.0013691789122676,1.9484586605053016,1.755468375931466
2025-05-21,UGRD,10 m above ground,46.5,9.5,1.3664737673515155,1.3259462944814044,1.4142196699874785,1.8773340418954096,2.191480833069725,2.113995136298705,1.6100675475507635,1.7367638805505523,1.7262230245171528,1.442630385031201,1.587226775672343,2.218899667441508,2.801515281180526,3.0466157801514884,2.8670735097325,2.312260550165702,2.281381703015361,2.307497179031141,2.6077024125072885,3.4054172435416215,3.4984893650697457,3.122638613798454,2.044880645512242,1.7774016581665086,1.8397448713373552,1.815283438737759,1.6918850796413687,2.470306598097252,2.649035464028029,2.7535050445432336,1.5792575256926162,1.6592999539893207,1.8412356788080064,1.795993390112045,1.8789892506351165,2.483004431416907,2.7679719815514825,2.8906596617893827,2.755222548495727,2.593264947660575,2.4476322302891416,2.255003921411283,2.103686321082588,2.679879238580538,3.3198391719623777,3.122957790748571,1.894948774018292,1.4330412333548057,1.3492030943541222,1.430597794953708,1.6035844048978631,2.2426856373105704,2.338156714484823,2.68264530532481,2.451095453776404,2.380272102303656,3.5349712439514303
2025-05-22,UGRD,10 m above ground,46.5,9.5,1.7257268172036782,1.5414703208308511,1.5094339129964092,1.988841027446337,2.708379119762254,3.028890523665044,2.911868600984711,2.1950228025000538,2.010966264813389,2.017389339849883,2.246286171589386,2.8740169442422285,3.159927602561161,2.9905950037144033,1.9402205421182055,1.600298459622506,1.6462656689968682,1.561455404871801,1.6420673525353058,2.598029967265796,2.4964740457078345,2.605097289132484,1.592891232078418,1.7711929583177453,1.812424939073892,1.818253941781101,1.6491481791680809,2.3505891452540033,2.9301979965106013,2.876305755442534,1.6859725023278287,1.8438737864222416,2.005135437827762,1.9484065732423093,1.9515688863365177,2.7678323977688293,3.3006473073295215,3.458174053911278,2.642603817781673,2.5241233523217135,2.4699927155097443,2.3951071960820913,2.5068481790529287,3.1653527151261063,3.443036643974077,3.171118975675789,2.1495444952280165,2.003821417253623,2.180728701226689,2.2374355157048074,2.648275165550386,3.644144585962275,4.04443335805668,4.1977386792121205,3.4268456239635383,3.1455077790403783,3.0733748276745745
2025-05-23,UGRD,10 m above ground,46.5,9.5,2.3037770842327343,2.159136154888184,2.3855401022492826,3.2754887360694536,3.631287971897974,3.2063924683191,2.108378793912828,1.660587551688987,1.5804457008023447,1.6125587028992503,1.633024583330321,2.613585135730742,2.790613489590349,2.680520446607108,1.5231541441381975,1.649945156693557,1.7639317332251534,1.9676140962334765,1.9340208476195735,2.2625939494080463,2.6206004135853433,2.7902111778376995,2.589158345647671,2.421027651753163,2.2849581698225023,2.078888168824382,2.1749784612299536,2.9065188794147754,3.1426327601671074,2.9627025700271457,2.1274222289434057,1.95477221983702,1.9401058583615305,1.9513992201162749,2.135950951057527,2.7324859051328754,3.042207382485648,3.004075740426135,2.113182961158575,2.012942636154332,2.051014675978561,1.9957311656410468,2.0933397505568667,3.0565124713591207,3.28438394405381,3.166324885656337,2.998264138727148,3.3728682025097356,3.214312146289101,2.8521444700174143,3.0069620906690755,3.927497234057604,4.176048257274855,3.849663502950448,2.4509031524576192,2.0415086990872178,2.0013854059656824
2025-05-24,UGRD,10 m above ground,46.5,9.5,1.6844546874448525,1.6882820178244484,1.7267260590732276,2.7200235240677544,2.946857576356561,2.8438881995415963,1.5874204227421114,1.6202868622293831,1.9495637288026917,2.051311301049577,1.9346095150785096,2.372654480051205,2.636319902554135,2.783569056798479,2.400334461918073,2.159164138537287,2.0973473160699836,2.0044030516365297,1.975626012207113,2.7138319062408693,3.179732176230026,2.95662495117142,2.012247890962591,1.782432392875842,1.6800807637417974,1.5477565867488268,1.6220900460494918,2.6813230749534807,3.2441811166593,3.1095243925676597,2.2448534792298105,1.9771949101148203,1.9481809408675683,1.799846328349707,1.6452476753059808,2.12893718117307,2.663219752005229,2.9475257034590427,2.7333147185671796,2.8652492821256277,3.140679542612709,2.935292238799754,3.251786291131062,3.947775800044296,4.33186560782061,4.267404009566986,3.197852261195048,2.7569062107657603,2.5415824707366284,2.3335512137081467,2.6171242896722715,3.2394756984935253,3.486923433821007,3.4377934619356125,2.516933552885228,2.108209912831599,1.9443110580105656
2025-05-25,UGRD,10 m above ground,46.5,9.5,2.0091875099479117,2.0731060569651145,2.03174017439885,2.536330480268838,2.7994571872252916,2.9947104929627555,2.3379690513616445,2.2756556152580107,2.265081068744081,2.1575093261567173,2.316470249962748,2.9502955503188657,3.354927082565449,3.3484397589318613,2.152488443231933,1.7807481456535788,1.6780668522329232,1.5974430773377646,1.5646018264213908,2.2180252411564294,2.569038232049261,2.5303719794893853,1.71416093753672,1.7201984672735045,1.910756999978625,1.787359344319474,1.5636264535122193,2.529814494014907,3.2636210912163612,3.278344005494683,3.2595251734547883,3.508386248085416,3.646908465061163,3.829973564486675,4.027835625985878,4.677488396128497,4.8562825410546075,4.504397955627985,2.9432955049629927,2.3393766676167496,2.3973644847796773,2.6307971969755037,2.9789493215900644,3.418369264342521,3.685601556806643,3.388110019048602,2.380100032952374,1.888701038269728,1.9009363021825787,1.7828608108742974,1.6045138302942252,2.357367611410701,2.691053904980521,2.5906740748985504,1.5618747814116896,1.2365291111537364,1.2435422680143788
2025-05-26,UGRD,10 m above ground,46.5,9.5,2.269378438440091,2.2605077775815188,2.438761978957787,3.2277907060911426,3.9729486379110046,3.8416249485345375,2.387225615906747,1.8780034205067304,1.6182416179092955,1.6394375115577566,1.7127854216396423,2.6126007441390096,2.8621757253247413,2.777275137423776,2.028708597971017,2.0253491698433637,2.082087386249463,2.096510242289387,2.167727602076879,2.9130640849088816,3.503770654204943,3.608909756056369,3.753462610906955,3.4498112615935823,3.525555218386902,3.3185642381200973,3.473823985056006,4.176260670038651,4.687919899683722,4.341231336935474,3.091911117433008,2.4442227687947296,2.4787267438361833,2.375418050561489,2.371579432315239,2.4720256161995184,2.550904601835764,2.4827702028894914,1.8824507457580364,1.584373775597517,1.4890330678821488,1.5064136737690683,1.3741501240332696,1.9445930567943923,2.2653197395721083,2.4205722363347575,1.8234527269063616,1.779229446759365,1.819155776785516,1.7532619256586734,1.8673553331856647,2.6770422778828515,3.0889020200622532,2.9294734170304473,2.0693720060632597,1.832115180241238,1.7206534527188264
2025-05-27,UGRD,10 m above ground,46.5,9.5,1.833440211905473,1.771682155388362,1.7539014220804512,2.6865441751572323,3.0730871924082823,2.930314769684929,1.8858065326108653,1.9436208936831096,2.098020863639947,2.1460585976002258,2.276274639884152,2.8950915166567133,3.440739864702007,3.794764191953395,4.224111490154623,4.0210916765547235,3.8399051734306746,3.674637809056821,3.88138194637048,4.676211401956291,4.867994215138135,4.449959804947888,2.70465751551506,2.1813147969580937,2.102024022216758,2.271477422645214,2.18188328090055,2.3245080592246175,2.5079163768370867,2.545107437986137,1.4621025573828332,1.501138175946953,1.4972487418438436,1.3535631090063167,0.83896371035012,1.3712482193407811,1.8403856431865524,2.117393958997325,1.403367997199957,1.4203473926597856,1.5024817611110346,1.457092326152824,1.1712115997555186,1.9810961679209829,2.310777972764669,2.3131992758380058,1.677724462017051,1.706796462076627,1.6470183137195509,1.5658405416610552,1.256182840291076,1.8005238604336715,2.3517166338229556,2.314332190880764,1.9631518594946644,1.8809106771823207,1.582666870952237
2025-05-28,UGRD,10 m above ground,46.5,9.5,2.390402626232781,2.415122251443209,2.618395891156766,3.3037100620601434,3.865399226976888,4.500408141889865,4.445886991027228,4.057006442752835,3.880734338776721,3.816043006182257,4.009570869280783,4.582217254465096,4.696513963579839,4.288336076244221,2.5659244218141266,1.9261783278968352,1.908672368443037,1.85788605117239,1.6926767029434706,2.2337617153628084,2.5832390439933883,2.563408465910739,1.6200986139905127,1.5671530692450173,1.5421591961632797,1.4403078616083205,0.9110507779552686,1.337401879480662,1.905026799867068,2.124481644171211,1.4178381610333204,1.53011164927459,1.596962625470542,1.624719118799287,1.4724107839150558,2.304862176359771,2.8087362795122006,3.05245891400636,2.171201172938857,1.927734504655011,1.6486931959525797,1.5396293858708678,1.4806966880510657,2.4651464460944643,2.9810056481699947,3.2956018574188617,2.2623811625265047,1.6780994303394277,1.6285773126265828,1.7779632057288457,1.9354471406246991,2.984695677947712,3.714943720951649,3.643981528397189,3.3369840463863873,2.917905765669329,2.533492913397861
2025-05-29,UGRD,10 m above ground,46.5,9.5,3.529442748652825,3.644110138146381,4.032181615994021,4.616231457207944,5.003728622007284,4.363040296997697,2.7905736007983433,2.253690409943688,2.0841211902548653,2.139424928237137,1.871023641512584,2.160115815185939,2.5232102986171108,2.6209173096095717,1.5687408849347255,1.484062723621294,1.448515381147017,1.457031868787941,0.8967716050699981,1.2933413616704394,1.9256216060197813,2.100591040679173,1.4798032239427563,1.639833766835148,1.723741013441272,1.8023672021012356,1.8219474820388109,2.8057262440534583,3.448274281125628,3.433220024109501,2.649753269477346,1.9035439539018353,1.4304781703426948,1.2474130408539534,1.1282845603760676,1.882441853155197,2.34982137860046,2.936737667261086,3.2354495675849035,2.4885764976739235,1.9316597003430152,1.6037131946109549,1.3896286932691662,1.8008595593835768,2.2950485046754294,2.7947125577446252,2.565846093706485,2.543010114644816,2.507950848066669,2.515889839547245,2.3428174765730554,2.703883320883232,3.0218889886473246,2.5867178023699786,2.2533343101285856,2.1499073738342744,2.130148759853661
2025-05-30,UGRD,10 m above ground,46.5,9.5,2.1316699871086286,2.1560441571988913,1.8005593918109009,2.1679804459454264,2.636568595021445,2.5818977108508583,1.5347033534442374,1.606083004484137,1.6212150017111613,1.5093562184687963,0.9806524575251552,1.375685168978786,2.0517570693805287,2.194912726853596,1.8501540365101063,1.5979134150725027,1.6308264273136268,1.6239499366757455,1.4968290378854414,2.4091323030643155,3.035184462684525,3.057545019510187,1.9932895481899269,1.664942749197791,1.6455256153399955,1.5149308150062732,1.3674638278458209,1.840382913913636,2.2031756050934677,2.111471427430303,2.050687515043182,2.1113975514555863,1.8737741884409211,1.4413069740026028,1.435827668236893,1.988586600940862,2.3677814551438305,2.666125954326517,2.2283577563230947,2.085815293511268,1.813398476021211,1.7468589264284506,1.729302422105936,2.530532595103566,3.066990274069158,3.4520729660279086,2.493393312169359,1.8351430075347337,1.605278393034003,1.3976338644003057,1.5203914507287577,1.8620485946909409,2.197873773152964,2.4327414066128865,2.5967895884009273,2.8007543378267235,2.7721222619932746
2025-05-31,UGRD,10 m above ground,46.5,9.5,1.761367817086254,1.6545170879562363,1.2026003769649771,1.4645682418475312,2.125896663182926,2.403019733262377,1.869327825254261,1.5642341503044297,1.7528321614634377,1.6940807360772956,1.5666715138869762,2.642005932700111,3.3476684160021355,3.2789912508966728,2.0819350766533615,1.5580081288623462,1.6309786018776815,1.4517624542773986,1.4727364341142608,2.002397864993682,2.414482127253974,2.4804418868245643,2.273104873033092,1.5519364678866383,1.2474628762900748,1.301938282211561,1.5191849733850251,2.207795960472708,2.645813196680195,2.756562408263089,2.154026880035233,2.0142133900970545,2.008186947389631,1.8802480981218748,1.8213897028829975,2.859156073898978,3.6159342596861186,3.862469092206865,2.775504929581188,2.2665838506820326,1.7280829694193005,1.232574077756819,1.1634398656691656,1.3000078672921795,1.5673281289834335,1.737762847703791,1.9786756124778233,1.9647779114591435,1.94862797662331,1.9323633322317115,1.9167931453511151,3.08648973664109,3.7967290842605648,3.464995267071513,1.7826475831902524,1.758930516296536,1.705903949380258
2025-06-01,UGRD,10 m above ground,46.5,9.5,1.8000073020373462,1.7818156645417007,1.523566500993926,2.348714864742262,2.973315967187683,3.008308693752748,2.3144982471370055,1.9731244904991287,1.7975411623955233,1.5836389056649456,1.5682801116641027,2.410308028264046,2.7874759267406173,2.820480794203186,2.209919389586013,1.87803857569012,1.6037583852948811,1.5384561988050431,1.5438098832832183,1.7966633810409898,2.1417695720528664,2.265124043510041,2.1217368573924484,2.0648594923691004,1.9126798045733109,1.7945847962758572,1.8341675750256248,3.0054445619869163,4.142529033134394,4.346255127043299,4.5658633784353935,4.511359638661315,3.442480670880429,2.462820452751539,2.2461931641882353,2.7488926863274217,3.3504606870146247,3.2372890123454727,2.425203284529725,2.133050027652236,1.9716521558608828,1.9873031778206245,1.8109770586091671,2.749846523527272,3.028411969907685,2.4554096287784,1.4815971322114283,1.7422738680191572,1.788466721196881,1.990444209321071,2.44597020742136,4.215906035675035,5.090152804023296,4.670796728783046,3.56270291083258,2.370838535093169,1.6075207929999702
2025-06-02,UGRD,10 m above ground,46.5,9.5,1.8067520804814432,1.7727874460632314,1.6049162253667055,2.326792001201911,2.780067283473784,2.804123567219038,2.856746746557545,2.2536546780021967,1.790184250823948,1.566745940638569,1.596124307562363,1.8301017608731864,2.1300702290574947,2.8898519777214355,2.4125857499300385,2.308966245271052,2.1440964657850303,1.83758114389397,1.7079827597784545,2.3865884326386615,3.3738235554231375,3.6018381994154516,3.3543922890306974,3.6073321248552017,3.3931686198069926,2.2897992296031364,2.298546466396063,3.009896356272892,3.714842016172745,3.4332294719353484,2.082222661273806,1.8378421767344275,1.9221176481423117,2.0312536883455765,2.2215243766097643,3.359490378822904,3.550557283182494,2.654413351675193,1.459799916780519,1.5682043977553848,1.6835976096027427,1.7291276120007102,1.6886496921713503,2.4406182840769524,3.1328699552892743,3.346296441264301,2.8029121032788105,2.7391765971261073,2.402347891636372,1.9096739946212415,1.9601612240420496,2.657616398968243,3.6855338424270303,4.656079868068552,4.310497540215903,3.300778523297512,2.6103631977437756
2025-06-03,UGRD,10 m above ground,46.5,9.5,1.6471465760351518,1.5129730106026995,1.7790908556177505,2.1355788529775164,2.385335865316367,2.2652885711424444,1.8649956000070544,2.005709404421694,2.12869277301695,2.0629451393699103,2.2994404179141767,3.2768799469653427,3.7762931997633578,3.777694901843672,3.825100958684288,3.878761562297832,3.2547046397007886,2.027794191868309,2.0119293210855353,2.561415707277896,3.213749845448719,3.142653842041044,2.1742009339032524,1.8551349973953977,1.824718784282816,1.7762633039008089,1.8743009864498248,2.569225383698401,3.0753160481229145,2.722938242543889,1.6777238341435263,1.4904154031706878,1.6916847867048692,1.7926238113077728,1.7029940011116556,2.4863772428092186,3.174736908744202,2.9022706409126116,2.0398727679091304,1.87823255621416,1.6551580889126116,1.4642081687189257,1.6403179168589204,2.2282582639283444,2.571807589379187,2.828234051295688,2.8855096302830523,2.1491847374729653,1.8125300735542065,1.36760121374284,1.1579042316570018,1.5447859924847744,1.847591846423002,1.9249068972595964,1.6655829921434242,1.5888679006322353,1.6928228795606244
2025-06-04,UGRD,10 m above ground,46.5,9.5,2.1132747482947516,2.064011014132154,2.1215872429792233,3.072233841580464,3.7698610550709897,3.883969457151877,3.515702873807741,3.470040758804763,3.352022376361166,2.4063615754910033,2.2864023309684094,2.648043577264587,2.9471731188135672,2.8599705492368948,1.9161785440337529,1.841628490400537,1.8714289367448016,2.002843817084554,1.918694132498277,2.6263523276137093,3.028152113112262,2.7232033730498397,1.595545555538258,1.230308699329655,1.4671767831408735,1.5719906391901564,1.90588590711898,2.391506103579059,2.767695728688095,2.699002861244263,1.7223311521166904,1.4873458969559947,1.7690379380015189,2.042546762838402,2.520762877783392,3.028681723310678,3.4817873828120685,3.7807157790867825,3.6798046189164952,3.126412147106147,3.025085317648429,3.2646328808466865,3.834111052719825,4.513487035871869,4.357706451443902,3.860515935782054,2.241189814421757,1.7313795546561055,1.7617558624020335,1.7362005593286618,1.5880140298944825,2.0240708618904018,2.1373514407257543,2.101218353860447,1.5268894398706263,1.6703874611875915,1.6712218156724647
2025-06-05,UGRD,10 m above ground,46.5,9.5,3.192534137739287,2.3760736295757567,2.1921739429538794,2.657108040496606,2.84691209581088,3.0767743721946164,2.400025739918713,2.097600215737506,1.9018472747304929,1.8911081172632036,1.7622009124912892,2.5739350287935623,2.9815846643904536,2.5466827786094415,1.5496662219353197,1.329482573400706,1.4670217819896043,1.6215377175074874,1.9675542136727588,2.4551190111958405,2.9476804540725468,2.8943209948355983,1.7929154567332466,1.488800555660996,1.6959331492233392,2.0187572516759316,2.6714385878853903,3.593939102659984,4.16656948975711,4.000274985373869,3.20750467230566,2.385685975084625,2.2526064246192563,1.8617506023570776,1.958412992086428,2.3330068614166457,2.3233914340600372,2.3056090229993074,1.6981558956669431,1.339717936819174,1.1891011338668176,1.115484356442516,1.065721794871378,1.7732367568146925,2.2800405177282395,2.6144354038692557,1.7816003954981476,1.5849659503435811,1.7237970094172874,1.894317762234696,2.395688976182602,3.4574111772626366,3.877344989381608,4.027145501167771,3.107608747842109,2.4348866408099425,2.37059078746465
2025-06-06,UGRD,10 m above ground,46.5,9.5,2.024251334228035,2.112090157832454,1.909887871571145,2.804638094701746,3.2429779808565153,2.7693319049743335,1.897701168759924,1.7315333576984575,1.7835052701056298,1.635837510776466,1.6265776272059125,2.2941263483555394,2.929496472692998,2.8753620848197055,2.2880331998992665,1.9299197928565344,1.747811550540197,1.8973061775194453,2.296500994432691,3.2855280989631632,4.215000420514896,4.31966362046062,3.560945314426932,2.728684099244241,2.252896064550354,1.8486305333770476,1.9919698620682824,2.483827680493625,2.7264818669421698,2.513537145598608,1.6323580717540798,1.1545227136073062,1.0855843952051525,1.09796638278413,0.8597148082538398,1.553762267156771,2.226958178275451,2.3504033783868596,1.5619179851770628,1.4952236802770438,1.4781197220779485,1.5381700216330385,1.227458432232268,1.9833245885548567,2.594103502161229,2.883716232006686,2.16042092984498,2.0084271115202696,2.0347053239367914,2.0377267655105684,2.5415540016937577,3.228059429121116,3.457534770765206,3.4959850364997194,2.798716179862843,2.2687705168398664,1.983440159683353
2025-06-07,UGRD,10 m above ground,46.5,9.5,1.717576781117934,1.6235160737964436,1.685843999357246,2.566395759532534,3.1626890785964967,3.10180957132705,2.473667112090334,2.047749684421906,1.7192212417782555,1.6735972167279372,1.9657542494751117,3.0210181213758416,3.935943426162555,4.0359183223784605,3.2922773625249477,2.5263663866676924,2.202932844093474,1.8115699658773992,1.9004479892073705,2.316483868826701,2.4178295392387494,2.3551483501985047,1.5823571207750646,1.1241044172729833,1.1272496822155715,1.175764078293963,1.029766221008639,1.8074307118690265,2.421628206399328,2.826603217189769,1.8285340954309943,1.7002218059994314,1.7564500394775346,1.6799864688540849,1.7301270433643867,2.5866415038277646,2.74222766721201,3.069737114070038,2.3649334952375543,2.0111244551842615,2.203687078424534,2.1793056226067016,2.3345750352342507,2.56218949115679,2.777817086048157,2.856607026073414,2.2028091627264077,2.0811993532597106,1.949114727129674,1.845759341485787,1.9324814614305683,2.6274647042646606,3.202000527515169,3.423412939483755,2.577942641160457,2.2528727021448747,2.0041721321908197
2025-06-08,UGRD,10 m above ground,46.5,9.5,1.8387759911137385,1.9106191301627025,2.409442993805518,3.3947509371450817,4.211744596768062,4.264318879925408,3.78420562532089,3.1813978948900123,2.8654415808305913,2.227322345677797,2.2211673240368306,2.3503700856647205,2.48588661244433,2.4536060511494675,1.6262246610858138,1.2694193246505954,1.2857631803596272,1.3040419550019666,1.258262578403642,2.1543683065297183,2.8300317758418267,3.112140325226447,1.899870498536829,1.800555678500804,1.7793070067058192,1.597372038553617,1.2239722579325027,2.03923340724063,2.324875713035418,2.4891432690625677,2.065207830916733,2.0219421692645634,2.182656714697191,2.0699850768330954,2.2813842827265747,2.565566921260725,2.7097751007422244,2.641730899035202,2.011405995322938,1.8831390109863793,1.639216916480306,1.5472377015716243,1.6127593729628775,2.3716114395999046,2.9437762874439866,3.1470386237946117,2.3593629436194528,2.075999382179632,1.9303218537774205,1.775475041896156,1.790454107273104,2.5567002936914984,3.0811838050856557,3.1348028781949724,2.2187054132955972,1.919873700315082,1.7089252190943114
2025-06-09,UGRD,10 m above ground,46.5,9.5,3.110785438879049,2.5287991482623116,2.4012464899034667,2.474682161129932,2.559058665345672,2.433977851171298,1.595320684290797,1.3445281631625785,1.4240448712838174,1.5265326950273734,1.5635206349412094,2.451523298850745,3.25691316598657,3.5160592395097505,2.352756029769351,2.1235823999641323,2.0701719264480127,1.9325993563721229,2.117061704337907,2.760058831276064,2.9151884346540475,3.005488279392286,2.1739164912600693,1.7469027679208744,1.878842541278955,1.7848423537726348,1.90950109006228,2.7124798100995697,2.8678488783392373,2.9177448742476937,2.154650126931602,1.959297689964518,1.8562973263014555,1.7790360727795829,1.994506644263612,2.6439511081658025,2.989855121282962,3.2697350091813324,2.280627159414557,1.778629276580187,1.6383904962213671,1.4572162769923358,1.274562136714572,1.900062775120992,2.1609535213284743,2.1745846027258633,1.621744056997378,1.439924754549876,1.386529232059348,1.3374184429172666,0.951241915085548,1.3885174496660406,2.2107878613600316,2.8344791244833205,2.210833683713189,2.242187514691014,2.273694065400126
2025-06-10,UGRD,10 m above ground,46.5,9.5,1.4794946299640737,1.6094436539140724,1.7325108708888992,2.5860997427705796,3.3991508620391873,3.5565147594101147,2.4086813930261535,2.388837147256171,2.4198587407730696,2.501746022712222,2.50548975099697,2.991507613726994,3.0817307325135457,3.027804882368689,2.2386831869196637,1.6581850160610825,1.7318812783869937,1.7553213159298668,1.9267353619822376,2.6134625809503476,2.7321798300983895,2.7143566877156955,1.9825672520500328,1.7605930989135363,1.6541918696280415,1.6809890620654242,1.788617241007549,2.5519446854536794,3.072812601034031,3.571713248167035,2.8329661945919726,2.435326592121279,2.233796371119507,1.824690193842826,1.877633109433708,2.5690566918268667,2.732874058367253,2.8710173099419034,2.152325434502201,1.946354455892863,1.7767306550985116,1.69226674218786,1.5714733254863862,2.2535357776940064,2.7690332917151785,2.8008331076239528,2.119047174456444,2.4436255921133005,2.19293275705819,2.3173115766952836,2.6665052499365567,3.38211634499897,3.7306471506752343,4.038344286186858,3.0288195587104587,2.3606864146425517,2.218268843354716
2025-06-11,UGRD,10 m above ground,46.5,9.5,2.312930178999671,2.237884745760397,2.4954424324161617,3.1364560094564937,3.242168948228779,3.160446439471642,2.326261009633921,1.7837993247431152,1.8099955545020108,1.775320442275429,1.9149847597501413,2.5889128120937173,2.7914434426020085,2.751820046421083,1.9811295181528312,1.8386483041268356,1.7450417090640844,1.7502865082848067,1.9302089834597296,2.712632725393779,3.133323404880437,3.443698371591652,2.635572402309533,2.2599946609284403,2.161061378889642,1.8291982682175432,1.816236619752976,2.58725127189596,2.843274414406025,2.933766095118698,2.040074236563899,1.7022684405046231,1.5716834425084896,1.46522571920372,1.3973724726465715,2.0963591164593245,2.455707504440347,2.610495873319944,2.205307099545335,2.156197171231013,2.1049236257110993,2.266335284148127,2.3215868741546632,2.5902567236994063,2.895787391686503,2.827266250064981,1.9449838196290048,1.5325736180850835,1.2907113186371673,1.2742507908822134,1.0834952248706595,2.0529865746907636,2.6969989263134533,2.955026815833003,1.788974966452087,1.4582317867048582,1.4219608071433805
2025-06-12,UGRD,10 m above ground,46.5,9.5,1.8029137957113912,1.8558808577205697,2.026868622675017,2.7074345721017377,2.9894898709864868,2.930560970910354,2.0757169589905473,1.8658669991273835,1.8415335425817725,1.885766410982957,1.9997474740279273,2.9074319384651908,3.3535976290813556,3.591097480970354,2.7051693662793994,2.257839464678874,2.1611614873164875,1.8164820490301787,1.709796737832669,2.4435348250484332,2.6815580064999063,2.616669557851654,1.9837013032199868,1.7833439403046354,1.595565883447982,1.3712704582513366,1.0748703825719437,1.6554371310931668,2.1729869166468125,2.6567122325881374,2.0073493010223724,2.0172005231105565,2.1328841591650947,2.0482253217692685,2.347197178180438,2.533699029301663,2.8225456691492448,2.7555207848094874,1.8832307589526536,1.5979804232887636,1.460801349025983,1.3737169342953113,1.1380634319412808,1.8792559693322504,2.480586678357956,2.6734789251031086,1.8402872366516532,1.4047613727959785,1.2305079427736336,1.1418928635176486,0.8367042411196921,1.4136195216755785,2.187597197208357,2.580287311944781,1.660844330037981,1.5147521857487438,1.5209742328436555
2025-06-13,UGRD,10 m above ground,46.5,9.5,1.8062858370669557,1.8719262873676792,1.882674539264959,2.7013993330113077,3.0979893459402073,3.3986915365839456,2.617440264052576,2.3234925955620804,2.1439444423931757,1.823672170958112,1.54119641809599,2.169519753878124,2.5207423526152133,2.712470079443883,2.150071705749287,1.7626240777240758,1.4749272138540983,1.3564539574747212,0.9822795513407888,1.5656663867230605,2.240754564583098,2.858752348057956,2.1903105818475668,2.103681433302013,2.327941715451687,2.451094744746032,2.5841420590332698,2.654085109951696,2.7422989469830306,2.7280099699837153,2.0456633448507473,1.666169724993582,1.5625765624962376,1.4998376129005209,1.1672235355769511,2.0256016415717237,2.533557762362059,2.7228803817279363,1.842797162404708,1.363411657980128,1.301564036244498,1.2686836280978224,0.8902903822508846,1.7003381070928008,2.078859864994151,2.219766377248511,1.5506050755369216,1.397026123277234,1.4326149576984974,1.559919808990309,2.093098851168683,3.399798970774381,3.9353260915474193,3.8468815567747647,2.79806350196959,2.1994338826159856,1.8388748376774984
2025-06-14,UGRD,10 m above ground,46.5,9.5,2.108811601955039,1.7662441383277765,1.4852239214109917,2.1097146290603637,2.2902425549784455,2.637944380560437,1.9651763567591816,1.8150322625349975,1.4375880313623903,1.326643325435335,0.9176234761249544,1.6312557937197472,2.583290980141561,3.2281441279704577,2.653519675311532,2.427890723016752,2.8066811162204868,2.571581569567062,2.5937711016468157,3.088112425590955,3.224471656834234,3.159707883722799,2.223468456479506,1.9125692318737957,1.74769888043889,1.6885653803495906,1.525925048812654,2.319367415561809,2.664655683950387,2.8606574447136532,1.7705403432519522,1.474105097391381,1.4030254724294633,1.4001738559136876,1.1027135804589947,1.7513074948721457,2.3157786911219413,2.367173086659804,1.4563334613981844,1.287443181050008,1.276172038836227,1.3171678995989766,0.8997863882468605,1.6983348159471685,2.303163655073228,2.584213319332308,1.8742772345406853,1.6834913047517226,1.5021730673066536,1.3958287607012876,1.1250454655033724,1.6877727640061777,2.129239761171224,2.3404045792828136,1.5408797959186655,1.6831166241441349,1.715611765846393
2025-06-15,UGRD,10 m above ground,46.5,9.5,1.542509752275831,1.4281970285401742,1.121261965743198,1.918150713471977,2.678642569972217,3.068263078877544,2.4794849444779627,2.365669995730181,2.498458550491341,2.6944449152267307,2.794991853213144,2.9175300966773907,3.005995125468254,2.7620671694227337,2.2961678555305616,2.041096257739234,2.0589913574558008,1.9901401434236965,1.984757930122508,2.694111435856197,2.868751375926443,2.853839168434787,1.7808522755709677,1.3486684209364337,1.2722707869712682,1.187627061991778,0.8220036065780034,1.42992410357002,2.019870302963415,2.302379443632853,1.6153908496859253,1.488195921638233,1.5414205856406626,1.4761320019737818,1.313778253755682,2.301030623593127,2.9389284528632658,3.2475538083889344,2.6695980223750713,2.2749929601201058,2.01622829406007,1.674049386686635,1.719179929138024,2.4525419306332497,2.7781862587514157,2.6873489207365115,1.9300150244409475,1.445810126259417,1.2740059030689743,1.0799006359847303,0.8364510313048124,1.310677267289673,2.022589307049879,2.4536478358932183,1.5814352504784113,1.8801252900329115,1.863089848527558
2025-06-16,UGRD,10 m above ground,46.5,9.5,2.869448627474692,3.0011206692146635,3.3202389768150065,3.3008905977186145,3.161656574896898,3.103789558862344,2.308452440848065,2.1444045902036435,2.147505723206973,2.044906837690482,2.2272110043022,2.849538435453577,3.030929402504127,2.958593542236029,1.920373787536618,1.404458998364487,1.3512098775160188,1.2450718540235002,1.0168434147652397,1.388432138343508,2.017457350728268,2.258093567479543,1.5682403329959116,1.4718866784922031,1.4690863116057264,1.427718978397622,1.3081632356893236,2.228824806362713,2.982018427793974,3.336031102940302,2.848914134446014,2.422281985648386,2.02649065185992,1.7396018423387591,1.871224468575702,2.7049339961072336,2.9853607325524956,3.0308843516723822,2.2319396083015475,1.7847004826974642,1.6507722042975488,1.5389243242493675,1.6734102006358007,2.583357440115731,2.8698158933907054,3.133633219159173,2.0486843049839507,1.7644530535263088,1.740870535952347,1.6788272733769918,1.7703464660936277,2.607415569864563,2.7491116605131434,2.710682194198437,2.0164585387287346,1.821084436882411,1.8176275107785935
2025-06-17,UGRD,10 m above ground,46.5,9.5,2.287537163185454,2.209663420864211,2.443849924830507,2.857755026951642,3.021857237503914,3.0292122095152467,1.933644738913388,1.4624006974029236,1.38771476922245,1.2418342634420667,0.9995245690687616,1.424554863431449,1.988865558731452,2.1250398751113004,1.464363543708451,1.4511774652779108,1.456365504857984,1.417076567178662,1.259796239598685,2.172363765699462,2.9173483923314967,3.4994025460411473,3.1457925030519327,2.580473984722257,2.398219250629479,2.042012638674279,2.351157694819088,3.0032617213430797,3.4082580627470853,3.518723402190745,2.631319931866324,1.9144652045176709,1.8001455714262076,1.7516641470222116,2.052700085962053,3.1248079118050307,3.597752724670979,3.75742993752066,2.6214468410876233,1.9809381543920632,1.864156842219107,1.713051763292662,1.7332225895186466,2.5415774668600237,2.706818735633437,2.6702835521275556,1.8307341006795608,1.5944746229036413,1.5867650426299778,1.514601949474173,1.176670659432966,1.761200513510507,2.4307659061240807,2.5493088248927305,1.4431250978455967,1.6921103179848551,1.6603149512730146
2025-06-18,UGRD,10 m above ground,46.5,9.5,1.3421697122095997,1.2941061061682464,0.9742031114161296,1.3917119134508216,1.950728997164277,2.201813679779053,1.5600915463747682,1.4576434382353167,1.4561975072675022,1.4444724691430482,1.2785632958398665,2.270426789320321,3.060074808997994,3.2772338094995037,2.8546800178074303,2.5588875269639506,2.1027348862850372,1.6820740226885738,1.9397808760576505,2.741568408681739,3.170406610546804,3.3587985568738334,2.611877415245619,2.094155164809623,1.919021839416899,1.8068775835236608,2.0743711507734046,3.1570390952610747,3.5461286903041316,3.475479432554946,2.387711354771758,1.9170592473858088,1.7985960037263693,1.68287811755936,1.683238669805566,2.4826918554392345,2.834327540432274,2.7461803051166047,1.8855586737114864,1.7997687917069949,1.811504899555319,1.8155100435531597,1.7033472191582522,2.628044126546622,3.1874202898620125,3.373950534811496,2.0218935725460296,2.08257164730272,1.906511409241403,1.7050254443286494,1.3733475579578929,2.1016480515095592,2.633569196210992,2.5484509805761792,1.3605357067578516,1.4762625577291166,1.5508434920823368
2025-06-19,UGRD,10 m above ground,46.5,9.5,1.4093623855017272,1.4462125910013497,1.443336021969204,2.507097295517532,3.2123379244187618,3.524822781800478,2.9139502184490693,2.510265974088852,1.9659928584020736,1.6140754239171282,1.6678096383080838,2.5057596344812545,2.9242127494094587,3.2585457659184636,2.4330011954083144,1.961217348418892,1.814780764012779,1.7969224727345086,1.983244933528588,2.945939533591509,3.248949991107116,3.247641249341305,2.285738221488774,1.820072084961461,1.7005735482243076,1.6041293732813706,1.4126949661526835,2.0748513501981645,2.380535877680324,2.3966337943283222,1.5864998472513216,1.7745185422851557,1.8228989732875032,1.7628057993184432,1.437464254149093,2.212523485580409,2.8404263647465475,2.825833355680353,1.8191042123291576,1.7875728106894146,1.6869815585094832,1.6681390201208786,1.499674949146283,2.097271315118917,2.9165224345482894,2.920142692755213,1.7014012258716722,2.023485119892629,1.9911461885902904,2.1947224317902765,2.125971755290384,2.5144886582995825,2.962611555509163,3.188928198256208,2.234982478710559,1.889370613695895,1.6550962392794375
2025-06-20,UGRD,10 m above ground,46.5,9.5,2.074996530233246,1.7880312668759213,1.7906474365342082,2.5208522894448437,2.898303821979724,3.2946389065385766,2.569839059390048,1.9407379410194308,1.7191101515890752,1.7034757703168786,1.8024644961118443,2.6543210303680604,2.9627844941484844,2.923099209331223,1.925246854458371,1.5850081688956923,1.5213992032514043,1.476116411448933,1.2050915164833516,1.8107810860154243,2.22433350888947,2.325930626364185,1.495348279594718,1.8961802394644496,2.038955527557482,1.929839671823731,1.7159658469991177,2.6871403250252186,3.9033695885578767,4.415653718674193,3.514656128060736,2.3414289980893126,2.2217628263916005,1.9921069802947988,2.2099703094233347,3.5331757051163963,4.338442838680808,4.129916560247065,2.220498642851482,1.8802774180137216,1.8808840768752833,1.8379367478071784,1.8838714310323217,2.9115105192395596,3.7000401636841063,3.424943225495058,1.729661323539002,1.7610993943726465,1.6978955851976387,1.631002955639333,1.2415518227113211,1.7882992801076032,2.3706621205687917,2.6394072853606083,1.9816321168523137,2.1250782983018013,1.9069294439350608
2025-06-21,UGRD,10 m above ground,46.5,9.5,1.6957691628835687,1.6416308490379472,1.6783070465884524,2.47404847217405,2.833041303629241,2.8196135217632583,1.872023376781454,1.481383159145513,1.413564359384897,1.4152111922871686,1.072809501223037,1.7330755215893712,2.146117853103368,2.2581291957984195,1.5791630979281068,1.888094191846792,2.0257304943761203,1.991048878558899,1.7955988790157316,3.036644011461522,4.087847025977131,4.197537774511405,3.518595418933637,2.559054803161853,2.268826523300352,2.022997030202641,2.176076406553787,3.5591555528048344,4.272332214579794,3.868536382370952,1.9286382072295676,1.6623860333259146,1.6856257325350206,1.5126832028185049,1.2029173578194334,1.7175293991647216,2.2039883776101132,2.142857079982278,2.051061492803054,2.3473735042685187,2.6346337776094204,2.408856346256152,2.946158275331536,3.708046380144056,3.851707953002242,4.021340031701667,3.5544058554786364,3.6155534621735583,3.5915793718834252,3.1599672244189003,3.3839263169594984,4.107413320821523,4.474483486539475,4.160518202044566,2.638303692651284,2.1029956273101034,2.0344105353362867
2025-06-22,UGRD,10 m above ground,46.5,9.5,1.3952266474327366,1.3982358974661913,0.9754851117566412,1.688164174074155,2.105353258214869,2.268833437634031,1.5336756659767787,1.9156744547576272,2.065701533756463,2.017567280150686,1.8294164624292035,2.9770833717674976,4.264833356929896,4.780067462855283,3.870086326908509,2.3727641012012204,2.278691095670027,2.2074716222844963,2.525523653437059,4.009594550644588,4.777858950780704,4.255212149861594,2.192817894652948,1.7818745910427949,1.7901281996217864,1.6837600947795923,1.515914522203407,2.283594392099375,2.9150180384248525,2.767700402675752,1.626764284662138,1.747436195286958,1.7902401601158269,2.1081015706187847,2.371219284495851,3.179283469153248,3.953804877795186,4.264230425302629,3.701023313029684,3.193754834547679,3.036103767950333,2.6745614740806327,2.753432531658357,3.5632966099135555,4.2810394280595805,4.277183927855322,2.862997439627332,2.115774327578369,1.9122412005090983,1.7396703525756632,1.8229791853166504,2.443324168720521,2.8294936594801907,2.761688671773124,1.7856278130702692,1.2883213248153087,1.327158778718661
2025-06-23,UGRD,10 m above ground,46.5,9.5,2.148254878110947,2.100864783551108,1.904379016941881,3.158841871551731,4.518239241874772,4.80058110794677,3.551982653101011,2.3847975517046,2.2163240404285265,2.088423976737874,2.278163838169717,3.754581570011243,4.5648233333040436,4.209115974169221,2.203315104383631,1.8503643054830572,1.7438742658318986,1.7374216517442296,1.7006469264877595,2.8272670450655286,3.4134480682887105,3.225734993042736,1.643740142734842,1.7021526977023935,1.6664514922171598,1.9843484127652773,1.7874336565063509,2.613222302312659,3.1680014508534047,3.4776658326228396,3.837718908161593,3.183437140537296,2.7283688528094583,2.673164145906447,2.7465147372045773,3.4452588009657603,3.675978458214257,3.759374739584602,2.6374611121380633,2.128031666096941,2.046831321983281,1.8783806172766664,1.922338333982401,2.6848935284668323,3.1773473288763068,3.3262182117561743,2.1130503815151105,1.766144376842472,1.6895294653312272,1.593788353080693,1.5512642275821726,2.301331046224697,3.0113113770753994,3.115328400416709,2.0959536547886035,1.8208294691299416,1.7145038660691907
2025-06-24,UGRD,10 m above ground,46.5,9.5,2.266850406163478,2.1530328267867787,2.545851943490879,4.002399769700569,4.728176310787183,4.253246488093274,2.387865490684215,2.055704527441033,1.9105903338010617,1.8213433111281532,1.8451998726835133,2.8432819581660156,3.5599325943456117,3.3292794854063716,1.7500019417004469,1.7868483742089143,1.7371374251774234,1.8134385742202173,2.0482662186430254,2.548561958333756,3.077109024368926,3.709103269306373,3.7177675434391055,2.9121848150058125,2.7255976818496306,2.6216918343307247,2.8247737293108104,3.6006494225935364,4.167197820397684,3.9077137064939778,2.8721799225226845,2.3454631588473367,2.0880586177371345,1.911718707415776,2.090680889274579,3.2785723900886454,3.6639062683984527,3.6952865558912498,2.210232351746159,1.7404662555271078,1.6250929968021002,1.5158690184517385,1.1678707577769936,1.990079482466762,2.5876372832278767,2.8316106717434937,1.8883935035095871,1.5051401765731929,1.400507596065677,1.3688992917306182,1.4017647123288215,1.9348954776801817,2.1353949560495966,2.020598865037255,1.6111321380888248,1.7672892275512992,1.7353876492776596
2025-06-25,UGRD,10 m above ground,46.5,9.5,1.9482985617544932,1.785797265160753,1.6077702668978295,2.68954647697497,3.5566626880119,3.4304323128485987,1.8489415942962169,1.8294084763434473,1.7389772793781693,1.8171898365265533,1.915748215735672,2.7021108248394525,3.2817649875879864,3.7823830092599695,3.9587603603510177,3.1804065295170183,2.8801218904243724,2.7871577894610824,2.896217472203739,3.5296473075167185,3.843555003894657,3.407079177542143,2.950031446310814,2.1529029953113747,1.989403050652783,1.7301771716965273,1.9903230540435408,2.9731113468821446,3.5283359946025055,3.778647680584739,2.370635638919044,1.6867377706187774,1.5305157502303632,1.4809439893806235,1.481631103566978,2.356737015631196,2.927463513496981,3.053019967977769,2.187617924853596,1.7608078978290571,1.7406494624338635,1.6802569624580528,1.9747167673651635,2.6799673219911586,2.8454356526415596,2.837602129857462,1.884095856650548,1.6469838357811153,1.6782307700676,1.4763301455768834,1.0867685468592838,1.4357563578196713,2.0464110499352217,2.158613940176926,1.599204254069745,1.7386022707457154,1.5949050038198689
2025-06-26,UGRD,10 m above ground,46.5,9.5,1.7320782364294094,1.8208702674818564,1.7642732562120704,2.38359257099006,3.0758356669927176,3.84427631369162,3.6239242066684936,3.55778446563263,3.0299731060479766,2.734515071918284,2.8902609952658573,3.5378050545004625,3.6160390836550262,3.2642808407992674,2.688507395319081,2.3048109334472873,2.1568830156111813,1.8526786682310743,1.8744125029971173,2.5914549895092316,3.1236866091298143,3.412078520542152,2.070804526497811,1.6342530389866372,1.5274654940873047,1.4040985169123428,1.0996405012692283,1.9947388005861888,2.581452317786071,2.831180134663839,1.924711029091951,1.519461420207509,1.4073116345733463,1.3674315065939748,1.326676675786488,2.114756818077552,2.3792297276238643,2.3766041563219016,1.7757284783201457,1.7951865758289949,1.6927089321891122,1.6260659363765917,1.4068616996838956,1.8527485418415288,2.2610578501042236,2.787498868404971,2.217834271041317,2.3921974876289323,2.2145515779597993,1.9199541116410024,1.3464711487962648,1.2894977346967678,1.965076930300113,2.2581876651312154,1.5430604877601104,1.954567180589808,2.065326696800117
2025-06-27,UGRD,10 m above ground,46.5,9.5,2.9082772393389495,2.6025270793977313,2.635045760559157,3.5198352622082547,3.79407394216046,3.458712723037469,2.760512826598221,2.343848285404313,2.0433557567712257,1.857070279704897,1.9516651965991405,2.9476461732766843,3.3649445647866316,3.620467692719707,2.281570274524155,1.7706633764431663,1.637922973196566,1.494938736078299,1.304652415453717,2.140743239692521,2.800252594025391,2.963182588896173,1.917823981754145,1.5871478525094638,1.4584574901273193,1.3539998056944484,1.298339661169115,2.239157526040603,2.682913206764984,2.720018945601448,1.9089427236975267,1.8619661858926329,1.7509468227109697,1.621701707230616,1.4936561262198498,1.9508092144547724,2.1854958975841834,2.256495392232001,1.7137539531089496,1.7935768576719546,1.6233515648951475,1.5674608463736108,1.512851235301491,2.443116924300557,3.0914393371097093,3.3379152422058302,2.2264154805254734,2.11947640115799,1.9727040350270877,1.9227080707385389,1.9378598783204208,2.6286037416762458,3.3773412744124807,3.8425962330018657,3.18671176429858,2.9858692976152503,3.5808772971147356
2025-06-28,UGRD,10 m above ground,46.5,9.5,2.18749582593513,2.0043404700698484,2.2238391190927667,3.136540340416941,3.4867695727622863,3.514950102190052,2.2589406933041944,1.731549898683743,1.601945495446653,1.5548682609423443,1.3838866547166,2.305409003209168,2.887575381019614,3.1500389372322646,2.1663584468088217,1.700684469866941,1.543038940291805,1.4363794661868274,1.4478541380020955,2.4233276670906783,2.8841048034248864,3.079815118398975,2.2844599505357657,2.03680633720763,1.7129937118144891,1.5334653674705785,1.487351761758699,1.9752684619138177,2.156835138632246,2.1745971445838452,1.6031620143510397,1.6407865146825251,1.5024845372097382,1.4580709867298918,1.3047926297090149,2.2431357076858696,2.8470856196722565,2.951340393744492,1.9921367896708857,1.900388061220843,1.7726344028277854,1.6156167539286648,1.5167662013394785,2.4044625909501884,3.0329975529055915,2.859717375909548,2.5917666578141514,2.496309938024829,2.0031628815100913,1.973053263154324,2.1042222249215907,2.551839575819123,2.503170821871511,2.5236875851444127,2.105363310198181,1.9133103062398276,1.6919755842646826
2025-06-29,UGRD,10 m above ground,46.5,9.5,1.564917124614552,1.5045834636461095,1.24938550158633,2.0687179916335214,2.7975905039687863,3.086179907076893,1.9787702361101431,1.6883033491845765,1.613515825143382,1.6391537346715974,1.6750041256113937,2.286151110073331,2.7462642310738974,2.8970622278039624,2.318992184540585,2.0464317301126296,1.7878266035169796,1.5546996977064929,1.4551598739719638,2.032613812779844,2.3518973661870044,2.4819569069930765,1.85436243891479,1.6728933300574345,1.704799046608774,1.666398080013992,1.732712386312281,2.574158655899483,3.2394051514321314,3.523279699210847,2.6986018457322327,2.1863762832204063,2.007439947292692,2.037754378967781,1.9960085274072172,2.8968734692321787,3.6507991106002287,3.693172181754869,3.0348756642165347,2.6023207583898045,2.5187412506775138,2.263428150605946,2.393233042563594,2.5768498497659404,2.431915364585029,2.2387744008034707,2.192399599386822,1.7355698597413107,1.493096050656646,1.4779840846473962,1.306436006117198,1.7956345835392078,2.0429222536403597,1.8256855125201457,1.5239180504732297,1.573540496544218,1.3972014070556096
2025-06-30,UGRD,10 m above ground,46.5,9.5,1.659066681183319,1.7442079237346724,1.8171648097452255,2.488690748357295,2.9666025254555795,3.200784548066823,2.492884554270092,2.103119370567705,1.726401066907306,1.462843192002981,1.4160691539889696,1.9267912589785907,2.3297658015107676,2.561090774418321,1.9119109222761816,1.7384808809313057,1.5998523663507735,1.4604710336370097,1.3477054248028368,2.1456605657779546,2.6727889008566734,2.8031486702557755,2.1440074595324936,2.014153069999118,1.758517322523439,1.732038368964809,1.61799315194291,2.3059605627119533,2.8657836442423714,2.972037314739019,2.8203329022968973,2.297752898746458,2.1594069328201004,2.0640119806439197,2.2775624875597953,2.6613566427412465,2.898088765452474,2.7196579196506976,2.001659234058108,1.6649152698517709,1.4241585120507436,1.3934812574977749,1.1935300508428188,1.637203223040992,2.119391001967919,2.3804917776776024,1.4662472280248613,1.4909001640146804,1.5964684703566467,1.5213443574783991,1.3403282978804452,1.9784637841383832,2.3153445738432445,2.4967181252897346,2.482343913708802,2.0573405810988317,1.8204470432153563
2025-07-01,UGRD,10 m above ground,46.5,9.5,1.7872615163915408,1.6481712874670738,1.600671501519659,1.8702857475990495,2.2153801322270477,2.496679250247923,1.9623441435612576,1.7081632880891018,1.569659310864696,1.5641654772372926,1.445383748756989,2.1417277498644953,2.7708393568120586,2.941327508107846,2.500079879530796,2.2440971117871964,2.00541287152795,1.9019899615207525,2.119982529277534,2.726725414027351,3.121010243610352,3.1454540462076372,2.652050699950136,2.1641822463827127,1.800475915245348,1.6516679428306111,1.757799873481906,2.113399262517446,2.5470626592952215,2.829156397820173,2.0120540664375985,1.7268021957867743,1.5390857351665297,1.4680291496856093,1.4822701603353443,2.002199759601534,2.14130089727255,2.312442419432016,1.497410324945528,1.8101413209577888,1.9149096492792952,1.9065297250214193,1.672988999787931,2.3517038173968405,2.846205322448899,3.017560460992061,2.780877530824659,2.510126205894585,2.596763155625977,2.1115567750784745,1.876264811070906,2.1684242145052464,2.597775751504586,3.0256925780851485,3.3087193811631703,2.975140932384769,2.49801896410498
2025-07-02,UGRD,10 m above ground,46.5,9.5,1.4440399955973655,1.4202244356369975,1.2398140174567112,2.158774036118321,2.7978965404692495,3.0660030356471797,2.3343779519932273,2.4437614257350435,2.0781042519682797,1.9129630703426337,2.060449360754473,2.6072191934127216,3.148158424053981,3.2720512757224283,2.7640967404224366,2.199334644944387,1.9730120284790096,1.858720037012841,1.8269054889323644,2.3284199753396173,2.623859812501098,2.825841439474649,2.049252952339918,1.6745701691319586,1.5199967775283243,1.2798912324191862,1.232494860888418,1.8453339797735209,2.281859910243498,2.4054911159752885,1.5647983650208654,1.5688542606371223,1.7177675509763917,1.7138814878917676,1.568656618811786,2.455027401604671,3.52464006275068,4.0095930467067,3.213073321677179,2.9798191148965314,2.784343008349355,2.569799029081264,1.9923093845366635,2.8029653689977914,3.4097583608783433,3.440537463844754,3.489343858838042,3.507692165904718,3.1835220579231596,3.1991538262406505,3.7876581176793738,4.6168858189693,5.150788056763801,5.150061965983166,4.317319579349638,4.079558581058228,3.993148895564555
2025-07-03,UGRD,10 m above ground,46.5,9.5,2.062211640464173,1.8741200521787036,1.951997327471737,2.513518767258459,2.9594958104882885,3.1873545530434706,2.944836353714208,2.2300823577617246,1.9076362232900927,1.8310133441136824,1.9194153128291525,2.2879239290462294,2.695094584459905,2.776598952602704,2.095180085413097,1.6778406407332418,1.388040191046209,1.317561172649873,1.2771806191408426,1.9460300352117177,2.3408504619386905,2.4548862425348448,1.5261030319454876,1.5434793480834714,1.7371548830000234,1.773878254306709,1.625931865895991,2.5405848720168427,3.546191561813543,3.499551277505751,3.303850672928468,3.19266168870692,2.798961866147133,2.339661964139732,2.1632847931291286,2.9637467287054116,2.9331312356674135,2.520153013035836,2.307065766486155,2.5968277243700215,3.256770842783644,3.018907324454561,2.8704706528846704,3.7671204644534657,3.652847247202928,3.655678815272725,3.5657913355825643,3.5526133867665917,3.589825160620636,3.501339638557549,3.45174250170507,3.4532692165870276,3.864312870464976,3.870749629418441,2.9383606072220565,2.5378327702477224,2.4918456349386853
2025-07-04,UGRD,10 m above ground,46.5,9.5,1.877770836354077,1.8218226678617873,1.785996029749927,2.356084827601195,2.76425472156565,2.9197309381373833,2.0336562706167696,1.672843637295196,1.3805067808679932,1.3411140435089366,1.2480576942844457,1.8183998395803775,2.182872585369954,2.419370030051141,1.5790581845006593,1.45661447490688,1.5729448138963502,1.4604867640371424,1.2475188623586302,1.7549475560864545,2.3714258943807778,3.498133953498869,2.9893370254541622,2.798948296080698,2.7959064740754807,2.6966540092188738,2.184086951143846,3.08756143451376,3.803848515106316,3.27017478318752,3.2200290804079805,3.394747047545816,3.340734086923883,3.1576846431167978,3.5915209111731645,4.219533579148917,4.232060077421261,3.9755525552304247,2.831090722258417,2.5032261164566383,2.498050562183029,2.365297899468403,2.6254440071906977,3.704087110176368,4.297220514623897,4.090242651503698,2.451110151540796,1.9121819698180345,2.216663462451696,2.4252914726354664,2.4375299988976415,3.506480619459561,3.7258450202131863,3.515620668497762,2.180498320518236,1.9166364597062011,1.9197629552225688
2025-07-05,UGRD,10 m above ground,46.5,9.5,1.4385990426007111,1.3438132268683023,1.3049077233306186,1.899905932272231,2.157663929669958,2.4748420284242787,1.590390197741584,1.5313374596247031,1.4758845562201706,1.44427775520422,1.0686352650402045,1.7911503499844257,2.8214135861790854,3.5145620247511005,3.2823268323663153,2.9105870309783963,2.6203221255887916,2.4275638023131156,2.388498965568017,2.4039756346023333,2.6042037953126016,2.456009864670752,2.3792619657040457,2.813378928510609,3.265359795864163,3.2527076622978464,3.157505416398225,3.3227587427451164,3.459492587507671,3.899852115300432,3.3765904621373712,3.250452121331932,3.487586590591315,3.654183790442258,4.147861420126063,4.725949068305393,4.407350395213561,3.9877695297455937,3.2030300902369624,2.8518566255695466,2.6219293678410063,2.4692700411729627,2.535897637135616,3.310640725863202,3.406349872849398,3.2830880579649495,2.523791075965854,2.055498154101514,1.769660981148981,1.735443019135698,1.886813282055286,2.6525656519641525,2.920316733676789,2.835270061834943,1.8106816460554649,1.634464530197732,1.651056902455515
2025-07-06,UGRD,10 m above ground,46.5,9.5,1.5325566553717245,1.4570815026153714,1.098941853607427,1.9671133681952144,2.597317734902811,3.3074081572658196,2.94030117283425,2.59266893603751,2.621595318142818,2.629958461686125,2.744623651446109,2.7837317285151437,2.8147459977025897,2.6712906865473096,2.0902551197331705,2.582790279598532,2.519698276426176,2.840959786590128,3.1821965671939134,3.7570993176322807,3.896717254792735,4.079628822363545,3.7738825610498976,3.556878186270758,3.626947554985029,3.6848660119727024,3.966916648776708,4.685225800642413,4.746315103761126,4.277658913338513,3.081131093259107,2.7070740779072526,2.7396714151244934,2.584342774433188,2.71514119837145,3.749992637060575,3.8868910491524935,3.7816684610224978,2.3325035707959634,1.945310128995234,2.022419333739718,1.9349538661481065,2.124186480608663,2.86993277931821,3.3814567885354503,3.211978775734163,2.296148063015604,1.87763437860833,1.8010361059549624,1.7328111290222163,1.5750773231249149,2.0980269894126167,2.740490265028369,2.608321620223476,1.6398004793878076,1.4408883675827353,1.4530018179072224
2025-07-07,UGRD,10 m above ground,46.5,9.5,2.451168969781678,2.4008641752110673,2.651900616213223,3.014973010501179,2.938448234958595,2.793969287067098,2.251705045818473,2.661173853868833,2.8000126069312707,2.707730364430926,3.0336959258397385,3.3490303379094715,3.866466531312034,4.45638443129864,3.960931436917434,3.5363108072814287,3.609111418562034,3.5228914179421484,3.894047962355802,4.813414456955034,4.905106843267879,4.458388315808023,3.465080697707319,2.7380221698732785,2.8241804981362764,2.682960046093961,2.814829708778615,3.630409940562924,4.019758658825528,3.697642653671247,2.4249419323678167,2.507378999711138,2.575197633509729,2.6335194065338423,2.5211793603222232,3.2686201197352514,3.39067193534468,3.2764785686144915,2.340718324664695,2.0519364280144585,1.9263831905938715,1.8204609397879143,1.4690531230309454,2.0317644060289237,2.7426954804919177,2.636608402700745,1.6522679385773067,1.4447008460912136,1.5379647038029567,1.428024226562588,1.1430518971915802,1.801743223039564,2.6480226282677184,2.970466968125069,1.8658985002297688,1.9176999298535735,2.1073760157670662
2025-07-08,UGRD,10 m above ground,46.5,9.5,2.7672376978714084,2.825341705223029,2.918619029503816,3.2798552708890747,3.6195622755797783,4.020037733139094,3.445609647453826,3.203855982864532,3.2680183138568464,3.3580744191218823,3.8815095556915065,4.655951548098445,4.715661616362045,4.497926587155885,3.239666029219701,2.560715294270903,2.51180061590161,2.4850317289664448,2.6308287315415475,3.399014927775462,3.6691682066883065,3.424776080122667,2.3923709930003385,2.0655482798197644,1.909079999175556,1.8324308694998113,1.7748316801461173,2.8285343982895066,3.118477452077716,3.1810310637635713,2.0692578241897213,1.819198612295425,1.7907765967334273,1.6752275015977869,1.3843512586619164,2.291807076692032,2.568853774068116,2.326309507873635,1.5477364465985572,1.5799834621591593,1.6535877773142074,1.5942579764864682,1.172495251533833,1.5882545424126806,2.1156762365615283,2.15288825874843,1.5078876503722345,1.8076740536580909,1.8315137830346373,1.8814929366622613,1.617283169996352,2.229417945120443,2.6782301069414753,3.073375457951041,2.772560127962935,2.6110444286546732,2.2603299239506773
2025-07-09,UGRD,10 m above ground,46.5,9.5,3.685396131353557,3.613415666491732,4.061262608318924,4.809493979336616,4.962420050372016,4.503755994762233,3.245885086714273,2.66755985709474,2.523643576318274,2.4407646486877956,2.497651147806643,3.2605225574961,3.5771859061756865,3.2978400081501986,2.267695270969779,1.9805125442065592,1.9301444949692368,1.903058791003632,1.8450441922104153,2.285010140960665,2.632842203541445,2.4667425862698984,1.735402058501559,1.6576893075698274,1.5173795193257984,1.3765530217736512,0.9328443521163768,1.7455412505741972,2.203175954823831,2.101186996674692,1.3518154770874802,1.518342974207257,1.535738155557569,1.4856643688833473,1.280963201450423,1.861367909076796,2.6467245333017018,2.674721412112442,1.535437700077047,1.8548634319731945,1.8919997443207417,1.8606302129261871,1.555932081743229,2.0458336747951993,2.9334591284853735,2.969878039041469,1.6198632612841624,1.537391574141163,1.4919560926399746,1.6447801948668497,1.2697099560373737,1.573886365421915,2.1695328738248727,3.058837819170516,2.815890344705058,2.1286679550428858,2.2734094958243194
2025-07-10,UGRD,10 m above ground,46.5,9.5,2.618300729132672,2.5452124397031657,2.680109266917444,3.382587406681824,3.6282378615800086,3.303036719731979,2.2185463926237525,2.1387489217869184,2.091276589894495,1.919415742015011,1.8186965345579889,2.327423360559532,2.417234116774864,2.30444058605196,1.679639696348189,1.7103998757837926,1.6246393471835423,1.5559030870091086,1.187732232675302,1.9954235053773224,2.6267844881454474,2.5718421432101284,1.4678518422616975,1.5999529534402963,1.7193222108361184,1.74165202104178,1.6673115385596715,2.29922850201801,3.046513756109122,3.3812921095002397,2.7205256799184414,2.569621803987999,2.3411476678106213,2.1910943840217407,1.8972736403742536,2.673757628112457,3.280902450639828,3.1749742090260744,2.6464144653148507,2.593229934793196,2.1716336708507917,2.014527580052994,1.7482913765274528,2.497269674354745,3.4961998119592277,3.7103764604447904,2.4086972703445357,2.098361000026439,2.2025273508755125,2.0445296240728954,2.396467875440096,3.394732989053715,4.068835577363271,4.098402444920568,2.452546562614456,2.081668696324216,1.9133205998802487
2025-07-11,UGRD,10 m above ground,46.5,9.5,2.0173542590230458,1.890104799596837,1.7552759557891064,2.3318021522940127,2.4987909268162216,2.6053487769663315,1.82723954277294,1.6805126721390544,1.5370843118623632,1.6116063960448987,1.4226611734870651,2.186912258594001,2.9329871542039347,2.6220501555698186,1.568531378562516,1.748462037150745,1.7794302047199189,1.8131615836985648,1.7800509529761297,2.304560545629619,2.992611039592209,2.9510695154387268,2.4932335147264277,2.361841623122675,2.099190868945054,2.0409762008995473,1.972544087872204,3.0228680789684472,3.192299008268189,2.888252839253404,2.6918360169192086,2.186134243471262,2.1798795828201656,2.0312044135179663,1.730965151209532,2.347988940739909,3.0883511745248207,3.149339746498509,2.3440370163131923,2.1634322579941214,1.9510677415236677,1.8588192477740284,1.7485419549410213,2.742909279348196,3.3175831876010635,3.2441830975977597,1.9720819346560212,1.6527139126002734,1.644844614476095,1.5181652337948062,1.043146235233907,1.5919320202376492,2.012904852945785,2.2175875333998176,1.4594173367063656,1.8938433927199425,1.8410386112861048
2025-07-12,UGRD,10 m above ground,46.5,9.5,1.6081095301602946,1.5438659030171662,1.426647598235013,2.2972812818775665,2.900155693821451,2.894848476382456,1.7291148999026047,1.5838557563345932,1.8634984800111156,1.8588542916387063,1.8949603413715348,2.480855940660041,3.159369328964599,2.9319597672608957,2.5861315519967185,2.5597519708644048,2.209419510042679,2.037179340123899,1.778150856262953,2.6583979145959473,3.457418879103651,3.0858475401010033,2.116960792243318,2.3219093304921983,2.1265036507206183,1.9456000424104551,1.5951430293084174,2.3054188713672374,3.277005917620049,3.282288707106559,2.300409451676408,2.0436945450597057,2.06950193989024,2.105331404803456,2.3409155288760535,2.945699197355083,3.410663573677871,3.488296869053869,2.9134715624864844,2.323167397988646,2.1528079630617976,1.9275613152192668,2.164000686682601,2.839832459190232,3.323784937318605,3.1510837791341935,2.00247225886486,1.6994054715202185,1.6045121718520376,1.4783335917289433,1.1194126522439918,1.653695759009453,1.9867704189410615,1.961177121847584,1.4790273603741502,1.5688660632148688,1.572294130231087
2025-07-13,UGRD,10 m above ground,46.5,9.5,1.7853272688634547,1.886037830032905,1.9048817285016968,2.515689386274546,3.138647040661036,3.1146077222802173,2.27511964112691,2.381592032001736,2.2122213364353507,2.014093481453293,1.6956351161195764,2.824414595734208,3.3378966542996413,3.165860516535762,2.7735565872203525,2.7180420179113742,2.572332958721644,2.103862677653712,1.8268197091075484,2.357008807992185,3.0575329876986928,2.8604918548101836,1.9514436046437216,1.9793806908965712,1.7875585051345004,1.8358620625420825,2.495985283434499,3.421001435520008,3.983082377830065,3.8458706309608166,3.037196584759874,2.3885618532884276,2.222779218215826,2.1110972807390116,1.9563116372919815,2.5779511169231077,2.8587965977689267,2.457686908534916,1.7446907121831796,1.52726835686823,1.5584114604154409,1.5239547429142335,1.3060741936857303,1.9208512899279124,2.4931212003437873,2.766222636985466,1.8992365743858963,1.9721189885813448,1.928632830419518,1.903380329609944,1.5107013597340335,1.777496931111639,2.718033642267759,2.965780712729745,2.3301836297117253,2.4285622898578154,2.596839426119884
2025-07-14,UGRD,10 m above ground,46.5,9.5,2.0460533938281835,2.033263939630393,2.0244969565424222,3.2025685692338537,4.010958821161934,3.651816670641307,3.082868753433212,2.5327290185964513,2.449265909409224,2.2145437020689487,1.9580491717565665,2.729586092415243,3.727247618963869,3.457784767379073,2.3137111435776676,1.883316728445814,1.8163013132658277,2.1272501142048794,2.6866437012763456,3.4863517657853467,3.778154081142452,3.73748127233853,3.1743307161098984,2.755242545282729,2.715541146317538,2.490156818583777,3.0562819497856064,4.016113906502454,4.258043258350051,3.765355946721134,2.5080630188829964,1.874482778918246,1.8211035943993896,1.666841064296248,1.3656628479369035,1.7188443144189374,2.2308614742350272,2.2596211695718296,1.449582312185819,1.553235931672467,1.6021427236823294,1.5621851752880331,1.224524350262518,1.6903265769487807,2.1981814931566226,2.5093450190377284,2.087071088821934,2.0841228378715395,2.031277928518322,1.9159740239847969,1.624214638825768,2.0622238583131507,2.350916568153858,2.133994044454038,1.339360624299561,1.551779104649531,1.6729289111095764
2025-07-15,UGRD,10 m above ground,46.5,9.5,2.4557108876800315,2.2512832041779145,2.0654129583645204,2.8353317141172765,3.5003653009594675,3.3350190769319448,2.675620584628154,2.1732385920706636,2.0107399127446324,1.8102622676897688,1.8620040147455383,2.778257864546698,3.6807188970014697,3.6792731757383663,3.4942973277499716,3.2107204652072685,3.1589644224464024,2.8543691314676747,3.102545787783685,3.786442419166262,3.870726051657464,3.523214369056754,2.2238301215346024,1.7907395207078889,1.6173154359778317,1.4403149421660064,1.1842072018565135,1.735932273036659,1.9219487821746104,1.9669714865712908,1.35748182282496,1.4444863225207427,1.4437504239838577,1.4408153324231363,1.126076449717379,1.7759385116900526,2.300749679852512,2.434844094847455,2.346885532150565,2.4878990222274684,2.3063100822555493,2.0420627600551815,1.516032273072179,1.683362631420119,2.15698927280565,2.1940552455776494,1.8847013242764763,2.0910309971291747,2.196072227377857,2.134344074752179,2.357635921011143,3.2160756640257087,3.970243960927453,4.211941145872674,4.2045626375441705,3.645142363662772,3.1425194378836014
2025-07-16,UGRD,10 m above ground,46.5,9.5,2.1997899792181137,2.0695038670813175,2.299821158392947,3.0877152378662647,3.6905740530517326,3.42863328587367,2.922568228674379,2.8039736148286716,3.004338082643727,2.813530935658848,3.1139515973326537,3.6236983973825967,3.886203188442284,3.6515188988784506,2.2479163238520625,1.8028292206224237,1.8258763011431485,1.7919899720174173,1.4754916393414437,1.8318051072969137,2.2861849048665963,2.2576204882191337,1.378458311726701,1.484587384052293,1.5323061579928772,1.548623626438479,1.2268486627719384,1.8193593843769336,2.353311177192367,2.6245164531055316,2.284284910130924,2.3093365178595944,2.0330119725776123,1.7216629929396592,1.0988777264284657,1.6367671049003825,2.205557748932201,2.348992994013985,2.280316665413821,2.8339217370583287,3.023528343559542,2.764210942305134,2.37447943041368,2.4709994033378853,2.3790086203394454,2.319080424554697,2.4120352855813345,2.851174034496756,2.909847716827173,2.4075255294399653,2.0602031354648127,2.7938670388657423,3.2949900610175105,2.9027728774166652,1.56550808196144,1.7218535144246487,1.7100523147582554
2025-07-17,UGRD,10 m above ground,46.5,9.5,2.8391390163782892,2.683063686736776,3.1690960853001795,3.95658134079139,3.9514093027874417,3.6567649196391674,2.230233710550626,1.904949189869932,1.911797593023241,1.9757239540588525,1.6367308099226776,2.011147056748241,2.438273235862523,2.551106126971271,1.4167597134480627,1.4481379604835138,1.5112588487455136,1.5449106885117805,1.2114328027236685,1.6785910722840338,2.073646659249773,2.272057166417248,1.6598260678637646,2.4994948261430365,1.9560826014647397,1.7919223776459603,1.3810248391978002,1.5573794643863543,2.098761712103265,2.2983831272612676,1.9832768690771625,2.518531190004239,2.263157960121367,2.197270702957387,2.310701823920752,2.5593578040374627,2.9016697800560785,3.0181647562564944,3.1074865221258694,2.4991774199532095,1.9570611025979632,1.71888211443683,1.6248612960890676,2.187496127861543,2.622455925689634,2.7407775151235385,1.7730927600777542,1.654272731008914,1.632953372747263,1.4864289911207027,1.217634105757297,1.958628027879966,2.9006778060875744,3.4220342595140303,2.9780244181135584,3.1662444137278216,3.1214580863280794
2025-07-18,UGRD,10 m above ground,46.5,9.5,2.010455151130044,2.0988586444980903,1.7797568000839434,2.158045327966788,2.6905432884168974,2.5391783149740785,1.5307002376126206,1.4651796203736485,1.477716931312858,1.4662611506166137,1.1637193877753167,1.7501220357391825,2.1455899759418635,2.5312686704819294,2.245504130323985,2.327582127932694,1.8588768923623595,1.6073374589042877,1.2621354914052016,1.4861932769313555,2.044822555951298,2.217629643360739,1.7883192559376302,2.09470427363806,2.0423243146053363,1.7738556543915325,2.114574253382617,2.904745471624941,3.8092867099689993,4.351269881078231,2.721506387433257,2.3462004640310257,2.1617884343861693,2.142927354672237,2.2648650073952776,3.387338758336872,3.581398404943051,3.1829952871317246,1.6954647693644138,1.3204721056756266,1.203878149197689,1.2472552869338027,1.0655738217554798,1.724975025792567,2.317421195732867,2.37904809038783,2.3511886633412127,2.428197109695875,2.7868235269494943,2.745081078063107,2.555286906594916,2.9837607456085937,2.8117391018330657,2.541067337916485,1.9169230332281877,1.9705453105408144,2.134465965372384
2025-07-19,UGRD,10 m above ground,46.5,9.5,1.435056982024102,1.4620065618301128,1.2297899269627688,1.7351783196248791,2.1605207141674594,2.394149908674751,2.164568096581922,2.2141379681608067,1.8377289205059233,1.6831674409245294,1.272208889239581,1.5865528943953613,1.988269534983207,2.2467781848986603,1.7866081112381995,2.372841131999644,2.225212421261623,1.952075966083439,2.3871064419766883,3.155550740142096,3.934451791715402,4.194835670505409,2.684428668674665,2.2017711960005135,2.049267532160477,2.088074890488876,2.3526910182154515,3.2319338633061596,3.635696772485733,3.251642526994363,2.0432414630312423,1.5735722276735429,1.3837267304982483,1.2099876217104102,1.0286281063306784,1.742432669836524,2.03899787162751,1.7371246557291058,2.241045495118393,2.686051476036053,2.9277528031723232,2.8341841126172653,2.836745172586528,3.1514408886002405,3.218913829040374,3.1454534642025527,2.787950302526112,2.57541020995611,2.581009062389444,2.63824536619474,2.9575185681428113,3.6655241113712873,3.923050904574033,3.8838595887902807,2.958017776251079,2.5413026171790687,2.3936231809507724
2025-07-20,UGRD,10 m above ground,46.5,9.5,1.782429860752832,1.6029948949041546,1.301222287975786,1.8245953007079687,2.3324131158274763,2.403494681552426,1.7902809972378613,2.193116239219365,2.3900641771283566,2.229124607370057,2.371509614038124,3.151369508189962,3.7697268478712616,4.100319678081952,2.9218463680522455,2.172132261291745,2.311363810846912,2.298724039141843,2.527476816580614,3.6254887456267872,3.896306466098781,3.687965611512568,2.546996871779583,1.9390241463286992,1.64529340141325,1.4051842666560042,1.167086818015243,1.853781810857611,2.041478605144993,1.9934481931480643,2.102070978809687,2.36223600424287,2.4971126019750103,2.1581545816833607,1.7411018983169084,2.1166259915440917,2.061322246369241,2.0854042300157003,1.8395439519290864,1.8065933178483655,1.8299673401955685,1.875260528840503,2.200601889484111,2.850964620068183,3.199350869633526,3.35701236131006,2.8300553363685066,2.6266724386823803,2.858499157245014,3.0130594418042684,3.330095993635796,4.232699156495707,4.31248936225176,3.9612885476677455,2.822963068128318,2.427759733508492,2.2676482270370473
2025-07-21,UGRD,10 m above ground,46.5,9.5,2.3516107778305324,2.093641853353599,2.2594053014753706,3.13957193465301,3.8312448366177314,3.9303699052703367,3.104082469699155,2.6206458950816276,2.4779778169336315,2.445519549030985,2.544548328132459,3.711095438145384,3.7858219308721064,3.2548721393516633,2.144426893425316,1.8222342019920044,1.5773091503621963,1.3710402128851062,1.227002454432108,1.742836986906252,2.000542911643148,1.783974064209491,1.5769118396293695,1.8766053180330469,2.0085773672535394,2.2258983444879537,2.286670119086492,2.714142035488568,2.7750580310689457,2.463069516921426,1.7540609408027317,1.4356986697974046,1.277241870272742,1.0771456354416478,1.033392765697822,1.47673060042273,1.5054685300877522,1.791887670413201,2.04249567798976,2.3484200126544996,2.241032893046018,2.0445636619135565,1.969648801891911,2.2702618906144805,2.4629400868288696,2.4535599543221513,2.186847190454281,2.233563562428713,2.2966347515804735,2.4189391310052817,2.7104260855678337,3.3108666417519665,3.885266083338318,4.001204373182649,2.809574027817889,2.631789419541517,2.532070142253972
2025-07-22,UGRD,10 m above ground,46.5,9.5,2.4502348231083317,2.546951174609757,2.7358181187261303,3.9803009491259664,4.1135586222061775,3.6090369479712385,2.503342316855649,2.0410495311330816,1.8289993266305975,1.5124429778151216,1.5132572046241426,2.309202977628071,2.4898899803923977,2.124885519906843,1.279607130462106,1.4969084012967906,1.2861522513125547,1.2345549042731805,1.156567987071194,1.5767873409897497,1.8977631511053592,2.2549200537458467,2.0208788333862224,1.9070539269682831,1.7950248693334203,1.6956138803110488,1.644167412888214,1.980231966746723,2.328844413491008,2.9191916603657972,2.872790909918483,2.6318155127048706,2.341201315917056,1.9991906363913137,1.7892663532046005,2.16648792197387,2.45248181149493,2.3480050852395418,1.783303881645156,1.8015504858539209,1.8411950989421584,1.7287554916125396,1.4259267271291816,1.7808462665182092,2.081342764843618,2.0852118903889303,1.5534732392298132,1.7701563825457791,1.8056340626747216,2.031735336776947,2.201308068610933,2.621310852665804,2.9995919035773557,3.343455327958224,2.9727879773507717,2.788553110125054,2.65082139172241
2025-07-23,UGRD,10 m above ground,46.5,9.5,1.7839503767880205,1.5097216732511245,1.6161605844994793,2.318306975177192,2.5098682309108775,2.153798753054545,1.4444575781223503,1.4209285628884962,1.286633182544941,1.3282557778901076,1.267737205632716,1.8218656797179305,2.180654999184312,2.597090455274527,2.1632372139124296,1.8323721371826185,1.5222816876630896,1.3931744141430915,1.4605300297079125,1.7577145898638693,1.8249008965797344,1.9419301052294051,1.8798618444994455,2.026865026408111,2.209810615956638,2.2706357096470446,2.3184031325915666,2.5225168438931247,2.6915801888356565,2.852573971270707,2.300107067637938,2.150686156245877,2.067055638038827,1.994411703132732,1.8803763791417905,2.1970429254934314,2.607409931227831,2.4578635468726935,1.9352576819095857,1.8000608405956395,1.6958188760707222,1.5931721020846894,1.979833723194468,2.377318244157878,2.844950100473908,3.2987756831692643,3.3675942737943454,3.3353588779415664,3.3288651286857407,3.194121062129793,3.2592397652435614,3.5537684458905994,3.757970585947946,3.697281069605716,3.32136241782577,3.028588688086821,2.751316619217683
2025-07-24,UGRD,10 m above ground,46.5,9.5,1.2260268706599429,1.2884223650850346,1.311670606227119,2.0871561312119447,2.407295168486611,2.466139574834227,2.2364785422815485,2.226955865451518,1.8912355874407756,1.7202038958296455,1.5876656282379131,1.848188924478247,2.123481065262925,1.870508974464555,1.4372699163112126,1.3368341695792616,1.395354410925219,1.6237760726273396,1.418539215430462,1.881489353893579,2.4244291662778106,2.7069135709800136,2.7611088743750445,2.891216311771001,2.690993494703197,2.5818920674378947,2.7438330487190123,3.0276411354802946,3.240389975985008,3.2887230458392613,2.6603007251346837,2.360387305600778,2.426275950641562,2.388625648375559,2.5814621265161786,3.057309846131942,3.4518723062969325,3.614588691887666,3.278797912830338,3.125249102727008,3.134181581288604,3.0463394216431285,3.124290014336718,3.717512303906344,4.0027198408149784,3.7268355168681504,2.7785055580939044,2.467471210345265,2.3264040513124256,2.320405664561047,2.699292227739092,3.811453943544598,4.20711376309643,3.986972800999267,2.592920204991295,2.1698344021240743,2.2443262648956064
2025-07-25,UGRD,10 m above ground,46.5,9.5,1.3041659940180876,1.239601550287173,1.1512602961723648,1.6090894899698216,1.7378024929649143,1.826621118682355,1.4613352640328952,1.6402462848632002,1.622705796150734,1.4581690197854051,1.428686373248816,1.5277633705135991,1.7162132909379582,1.8369969344585344,2.137545360367541,2.1666186684807913,2.346571877155821,2.3063657000807125,2.508653914824169,2.9180435326585505,3.092179153681115,2.9637175602643255,2.337753786816312,1.993840902500979,1.9681331907763016,2.0213093603791115,2.3488020049259006,2.9184914866524063,3.238351698988912,3.29273693036616,2.8544404771706793,2.879428096063154,2.9115938773307217,2.7311724067314556,2.8445178257721273,3.3321879079063708,3.620929571473756,3.284022376519867,2.14537707262348,1.989392140302636,1.9510011317145943,1.8684646859826055,1.6603012953312648,2.26170572804205,2.9102971136491966,3.06883692121553,1.9598726884986448,1.8860303213328455,1.87876947460585,1.7768914881253184,1.7087004038427185,2.1605075406393204,2.6298609720707313,2.3965949638676847,1.6115984276319155,1.7848860266197832,1.777267328184705
2025-07-26,UGRD,10 m above ground,46.5,9.5,1.4286622207084878,1.500352061207999,1.5178763476691994,1.7563123537753231,1.539484975526927,1.7938753783676846,2.075298745609345,2.3338539910922584,2.394014578934421,2.497466465658015,2.631422957728499,2.8350973175842484,2.7556609014846014,2.884677425721327,2.464995209376013,2.3554642050447296,2.387558011478322,2.535382185658693,2.789787717509385,3.2266366591218993,3.561020681364444,3.85923562580506,3.418079340233108,3.395025836263981,3.402812266404837,3.3549797433778883,3.262940249497518,3.338849846861506,3.2798708082359056,3.2336460695368823,2.267303074269244,1.9666331320126644,1.8039951744021303,1.6796389475939018,1.72080524171799,2.5050867892585655,2.962204908658663,2.7412771442892807,1.8465636511908416,1.809909573919048,1.941556075509952,1.939658812933465,1.7878185274491831,2.257377851549629,2.5259024154799827,2.320004665413244,1.4990487423716277,1.6393961230088052,1.741587575535406,1.5970880231630562,1.4094292196640572,2.2442175227473937,2.712973105768498,2.6540386159602156,2.4174734941752405,2.2416809475959267,2.11160696421199
2025-07-27,UGRD,10 m above ground,46.5,9.5,2.4173852643115143,2.540955891374919,2.789996056481243,3.112001226690571,3.115074250555411,3.1465314084548943,2.5371305318061452,2.12330365305807,2.315404498758048,2.5395067579113357,2.8214927723962457,3.143025067083143,3.4334372116084153,3.5490598842423258,3.2151138425974177,3.1563526431712123,3.1630096026109467,3.0610155965061407,3.1131759802103103,3.3788456267301887,3.522289963265902,3.241983805961472,2.1687229373336345,1.9803375335232252,1.975720800386589,1.8892083052749316,1.6983098129156171,2.379094345214776,2.774019610869863,2.758359001731831,1.8115494012553195,1.7448573672177468,1.7977239749784213,1.8606731652663335,1.988722881174381,2.6126585404835545,3.038866862491326,2.8766690468063523,1.91626354710795,1.755807715761764,1.5174761653882631,1.4595262026146198,1.201308257647989,1.870291387473029,2.3046590548217525,2.0848175867771612,1.6507440787868797,1.8823784322175856,1.9815368173758148,2.01391662217644,2.00990258485593,2.2783820923813205,2.379217890694066,2.217907851382984,2.0938619726863656,2.0443251593002296,1.735968766830609
2025-07-28,UGRD,10 m above ground,46.5,9.5,2.222041980702823,2.3607470527200634,2.7303757086981086,3.327587478315965,3.542406038739114,3.7317092055591954,3.4334482362470573,3.2757658133353904,3.2375804957557426,2.9820891638391327,3.0166341260113434,3.3144518797154587,3.3993810974315988,3.130631860418963,2.19577465234072,1.9800992957477792,1.9511088838937345,1.7774407659625284,1.4986711427696124,2.132120601092092,2.7517140742854846,2.8341990718655894,1.8626434047068616,1.798972449016505,1.7545736533048757,1.6865236038828766,1.6274819344706082,2.2853774473529973,2.8027360857950434,2.602346677608457,1.5267688726573632,1.691478341876711,1.573745278011046,1.4070390049798676,1.0536444377975651,1.6090860439873782,2.099240356188474,1.7818108008218208,1.9179418543627709,1.8556058048640427,1.7061345495035494,1.6654970493611696,1.7036168653031645,2.101879442786126,2.2137119809202033,2.6079335707622735,2.6826403584775353,2.5784489647054984,2.6131754110648853,2.681308130600163,2.736058738470296,3.1640849587011175,3.3740647817528986,3.162648688967334,2.358299638376047,2.395642040170544,2.393585765834519
2025-07-29,UGRD,10 m above ground,46.5,9.5,3.425999941314754,3.2862501693734556,3.2075039969936063,3.4533866548864363,3.5148093182846183,3.174542842272458,2.2091287008243428,2.0697005111496667,2.0131641438134356,1.832263048230156,1.5776463482773435,2.13782845053837,2.676661668768615,2.6344540146869373,1.7838089088004678,1.7815587102867028,1.869302473210526,1.722944197681867,1.6710373499153797,2.3273766511696636,2.9699510174907413,2.759180179152882,1.7121452800464356,1.7817685337583116,1.6554826903627826,1.6000650341571805,1.4554089762643825,2.3229540502137995,2.9558769891724896,2.717119490529749,2.2501909533212956,1.964748372151954,1.8572026859414636,1.800145816459847,1.7150986289615453,1.9776608193200036,2.1586432196985132,2.145448309298896,1.8937174070736869,1.701800199727196,1.6743702830499572,1.6638816884106755,1.8335976407340384,2.192164942595599,2.3340376453194818,2.3773746915295852,2.307535950020669,2.1764089676855876,2.054669042617458,1.9868088184018768,1.9855453812712205,2.4990439334193075,2.2721159897901044,2.117097655258758,1.4364969638963716,1.5742659944538924,1.6662180350633775
2025-07-30,UGRD,10 m above ground,46.5,9.5,2.135347035170575,1.976799702071707,1.747840933791121,2.3270134529961037,2.7604157027306844,2.7371584437976963,2.0671453476308246,2.07030804802343,2.069295381179932,2.0367968531896383,1.9360384205374457,2.7422278250412404,3.3122197404621607,2.9321896517541637,1.9287071384482528,1.9522058214803748,1.9084719202316804,1.8179699721148497,1.794657562261452,2.930616162201145,3.1991680327024272,3.1013847064205575,2.0541798077792808,1.6201474551809594,1.4944217871472554,1.541693768063264,1.6240849198455394,2.0183087460881968,2.41335597827627,2.4630688459386727,2.136066458932283,2.143101944137629,2.0492336900846766,2.022212123857299,2.035898121189384,2.97064562753556,3.4827357537038868,3.129973725522148,2.4625670203413654,2.6744703129172205,2.408659142611225,2.3112363901619513,2.5555072977387403,2.902798815445195,3.405810988610078,3.374087781562939,2.481474841732808,2.015432840944399,2.254212409887817,2.889982967354353,3.2650667596365968,4.338141764586176,4.439386003808295,4.398478685348362,3.142067449185613,2.097849069071784,1.6965213573894378
2025-07-31,UGRD,10 m above ground,46.5,9.5,1.964789016023256,1.9783011140383564,1.9843194577769552,2.672938167757811,3.4287795516956847,3.062073790371692,1.9277071302621935,1.8616560389165189,1.8279598609612904,1.7795467117473018,1.635974700980776,2.67994870755006,3.4191131547145375,3.296617987040034,2.241937455849067,1.8447289291154592,1.6467835180518269,1.5351357535889498,1.74585558513093,2.1790607353435454,2.542479555565478,2.871777703733483,2.4620404006826235,2.365028659992436,2.380760515942562,2.3162231150081016,2.2388260611960247,2.9723556640228774,3.091760842623564,2.875612814973697,1.9805563865123037,1.9945553073297104,2.1123787253574777,2.0746910319050063,2.007821786972894,2.439981404718088,2.7436520627450696,2.606734832122598,1.943924775176458,1.9344071832594647,2.3501900134688296,2.8121870008329735,2.9773293249628368,4.13670117049959,5.39279248508117,5.170575412806463,4.169230870270129,3.173725836064885,2.958712051496376,2.6419303943761996,2.4498884522821003,3.045309811799345,3.2049569075842337,3.1207817340229296,1.784768415714245,1.7013566697065796,1.7127553971437766
2025-08-01,UGRD,10 m above ground,46.5,9.5,1.848036166643024,1.7085368827417289,1.5725713256075222,2.4756138381021526,2.929158235786677,2.7997557907941584,2.048137922511531,1.8106811138985797,1.6156227127035003,1.5003288332276838,1.3231543246616562,1.8941962424209733,2.3934352078654055,2.838754213208966,2.3297015622685135,2.2601356204990544,2.2780918957605647,2.2056154106507244,2.2551708071608405,2.951425685202297,3.2161984097274994,3.171940042468879,2.315074442760219,2.200455007519726,2.3391894872257404,2.262880004509909,2.203652082590746,2.509019191132234,2.8240314666848008,2.7601074776811263,2.0726570312186032,1.997369450753184,1.907381067607306,1.8242492566030868,1.5580293371378429,2.2548368901871028,3.039266093264734,3.1178165583214468,2.189696089013192,2.0142383890537783,2.2733076543636095,2.244779456664382,2.2241279468414428,2.540087078323066,2.857015716341282,2.6400500885663596,1.6687804576554646,1.6742187587900503,1.5838644238015875,1.535943530737392,1.4698958306907517,1.8552066961323177,2.526512405942765,2.3030656904221827,1.2020095347617237,1.7716241396038013,1.879038333464484
2025-08-02,UGRD,10 m above ground,46.5,9.5,1.5240503724435024,1.3966206465767506,1.155835064071577,1.872354284367853,2.173473170873192,2.729766999327957,2.8166802169898446,2.748744798831572,2.6225716683030225,2.3689272462646964,2.3678331284809104,2.673726177562457,2.9321746547560776,2.9965269220694264,2.1917352034529207,2.1769300499012862,2.2853938239923792,2.2452897556522733,2.213848478350327,2.470734470812707,2.894883323299734,2.849217388314724,1.9529632745009633,1.9494599563268729,1.9696764155196291,1.8219022953792496,1.4464314435371484,2.0207537591053475,2.699181866514438,2.816960549869038,2.482316940110496,2.3202963430317807,2.5702799318856444,2.276348368121321,1.9663812124229705,2.6367663890134727,2.9158465915742524,2.8178707766112145,1.917679145819847,1.71411718683567,1.7845307284962764,1.8202686073284091,1.8065035766634931,2.381315121783568,2.400210398345586,2.283248949369419,1.671925865669929,1.732518028050679,1.7194603519674736,1.7113650070990516,1.4729644038791654,2.066134547350851,2.477640547734923,2.27898042448892,1.4088193132891318,1.713291768929869,1.629156199535445
2025-08-03,UGRD,10 m above ground,46.5,9.5,2.8177112607072976,2.5122511520339645,2.4929982756126625,2.808722972723898,3.07485939262257,3.0994936004079285,2.3107007476608787,2.1829601352129404,2.288204667984955,2.2884630136456163,2.1808166063876726,2.7811011262453764,3.0729985574850014,2.9677438007208763,2.1259046087748725,1.9171327668834828,1.881290913855069,1.8019920249865031,1.5003682511679008,2.006859542404458,3.193003187993657,3.432723920414512,2.5989485557467877,2.7161585955190164,2.733326834720365,2.2105758357361927,1.7197012665716984,2.436556287999808,2.928245050015171,2.762694476412479,1.5068696269353512,1.327022237730369,1.265523730212604,1.30342924264156,1.1405058658492466,1.8503886790946171,2.151475119283125,2.052007308059731,1.4785400702048808,1.7247448294295196,1.689867318315293,1.6331238207816794,1.376972623076173,1.9602505611950032,2.497029010052981,2.313376062028184,1.413678980455492,1.6495278522743393,1.6795559702830087,1.6141229038436222,1.3286014888722435,1.733685699053074,2.2172635135702867,2.0651670805154883,1.3089251977031564,1.6462293634405645,1.5101433663462838
2025-08-04,UGRD,10 m above ground,46.5,9.5,2.3449176309660107,2.3149523007535584,2.2247340700952223,2.9937755459004163,3.228659788631583,3.057703273425251,2.3435159751167025,2.1174614906492124,1.92594835440015,1.8170336100537,1.4304015423380387,1.8641146725461055,2.695075044254067,3.025581020921016,2.438466475480398,2.152776466899739,2.4578040515282,2.251111959660099,2.094673278413227,2.4216702969783954,2.7490192443678563,2.511997449159555,1.605359504744697,1.5279755562906472,1.6256886503141963,1.6505070957506387,1.5452162739026505,2.21501447387082,2.5165153750729017,2.537505067405662,1.4388859320987322,1.603275909678959,1.5770837968335742,1.5270327608556076,1.0342858115458216,1.4274895314858445,1.995445349515244,1.988735039823844,1.311972725237505,1.5460776486914063,1.5299128637588637,1.4826105368022946,1.2096239554689092,1.9117577754430943,2.6235528115309927,2.56997353032335,1.505501268778754,1.6068413890020568,1.6374677167538434,1.640751134223742,1.311771006911747,1.625389689733123,1.926446431258853,2.0320109626163316,1.8719723456805768,2.1607831717649044,2.0874565027898755
2025-08-05,UGRD,10 m above ground,46.5,9.5,1.896755418455626,1.7382108827193248,1.3420884836256757,1.7910381581394526,2.658670916025055,3.047660609509218,2.52343527451995,2.188339066294662,2.308110050584153,2.214386743232739,1.7996161712476164,2.421672046811997,2.470784684603978,2.182238392778795,1.5881656396696275,1.562531534343822,1.5512863238032448,1.470370823801115,1.2825611957815537,1.9699102291179056,2.3414764573979876,2.3246815602638313,1.325238329231328,1.4038540252977616,1.4635463711756074,1.3455082148178223,0.9893826262442196,1.416875458094361,1.8488951013115336,2.1054413142230697,1.5730587001278136,1.7085051444144563,1.6744805282932629,1.5844630452855035,1.3938856347773032,1.9984144332169516,2.4392216563220037,2.552117036144373,1.6504441898941549,1.732634855648758,1.7011569939628857,1.7699004793205615,1.5540012279570443,1.8978810965646415,2.475975753666612,2.256286525289513,1.988894240939583,2.0408692861397686,1.795801160050019,1.8316355633672423,1.559004034399199,2.1159188916503897,2.656129301220223,2.8655719324697517,2.9048488172935407,2.7767690630713484,2.487827523308975
2025-08-06,UGRD,10 m above ground,46.5,9.5,2.349624428521376,2.234036663671353,2.2062954837629865,2.624053968058708,2.669191228218004,2.4062001598494795,1.6324389180620151,1.6706399553697993,1.6193981425763355,1.5432906643619682,1.523429710720681,2.216146346583285,2.5102891271122525,2.4142492968190368,1.4061235177236893,1.5162228921639782,1.5965128733716192,1.5415726803635388,1.103643071843749,1.3222519728515183,1.912683257139597,1.9815807959738945,1.2597751314663064,1.466373777392664,1.4561854834397736,1.4174248235810591,1.1580328307333798,1.862481176368324,2.405046036165909,2.4749997360169056,1.7048544779025856,1.7604494347734243,1.590268379743737,1.632150850800401,1.4750595732092993,1.933419106833678,2.398936592762384,2.4254127042870426,1.8749530571794224,2.282374191679131,2.2518930171105005,2.15846118067556,2.1057203429593025,2.6532767759580027,2.705409195083014,2.906390948507993,2.4347641863844864,2.1928693840922633,2.0344687736992864,1.7155262338026769,1.622975808003253,2.581793706982741,2.916638408707355,2.939524637322584,2.250788764581557,2.1894346389895,2.1049075682446032
2025-08-07,UGRD,10 m above ground,46.5,9.5,1.6705659589185695,1.651473477004717,1.5725734035797092,2.221747663176359,2.585805713026632,2.5420070579489185,1.4414162573960096,1.5676895575833885,1.6601708782183082,1.5885824733735503,1.2011982073422425,1.537795773459303,2.2280595520136037,2.268653894942232,1.2113533495002256,1.4345624006641997,1.487118286824164,1.4437530780403147,0.9964027909415292,1.3202530873456082,1.8900861872882608,1.9139781656940689,1.2540778649630095,1.7196398342458248,1.6130608809935705,1.4425146698179798,1.05470471622078,1.4156461823713586,2.202273834541046,2.7314562112887737,2.408159729606038,2.4306307177194815,2.2591326213651346,2.079328820655319,2.11919652222128,2.729807892438747,2.9646046959259644,3.105223597560305,2.383047522672034,1.9870612694872256,1.9083862720414768,1.8389214238733416,1.8700431444193748,2.913391502303911,3.263340581983812,3.1888426135129753,2.134886813506827,2.008384306329247,1.9069620878489504,1.670659213441192,1.4389436897337364,2.12453967266949,2.314039125855561,2.254680867909605,1.9161702674709185,1.6959263709123564,1.536112009992946
2025-08-08,UGRD,10 m above ground,46.5,9.5,1.7262221183436384,1.593692905331631,1.2068048413004615,1.6574514716907236,2.3037162130062723,2.3508342203747845,1.2541257059213948,1.355772358426668,1.405899589502157,1.3816479517435063,1.018009617874013,1.2529458462616492,1.6832476104701064,1.8463313149201743,1.2367297425873502,1.672565626035641,1.6776895245683483,1.6846692764679376,1.4053510663295978,2.08404120509236,2.779491404002145,3.1967629046341575,2.666953121661064,2.510430018094822,2.219446176321063,2.0141078082866413,2.008184882486148,2.8202930550523204,2.980429925848238,2.7309147658792465,1.9941867116116123,1.93655915529906,1.8089030730795632,1.7170172028144317,1.5966464674407272,2.321727480160356,2.541306942666825,2.447981562191309,1.9528392511281467,1.977826818892908,1.682814567806622,1.5656406180670848,1.251662015785227,1.3893578087090588,1.58158195611717,1.6501478775359573,1.5782607829938988,1.808877129595384,1.8133977841302609,1.7730222749216535,1.5295222312988983,1.846873628693924,2.1593567036309884,2.1029614635449887,1.5905293028526786,2.0620677591142877,1.8411307474699947
2025-08-09,UGRD,10 m above ground,46.5,9.5,1.4131938483668842,1.2889403864050428,0.943548264289063,1.319469169187646,1.9958286801303713,2.045986319055749,1.2847305194552048,1.605728831182474,1.6206521883869185,1.6277553538409246,1.450250134863605,2.5363393221448707,3.0669525319752755,3.3136946398293023,2.764198084985747,2.4492756644802487,2.1237534676416643,1.888462402581437,1.901069090997222,2.837943532509387,2.958322640557513,2.727572774016059,1.949203538345151,1.8159168493696891,1.844458955984956,1.7398619639218236,1.6204804004543818,2.4006434148610367,2.6174442706994796,2.5292520674956123,2.0207356101055436,1.934782646951848,1.7000761917472045,1.4803516928333398,1.1439687560225784,1.6374564426576872,2.119847972597139,2.3167577555379744,1.9549019584454297,1.982519402968692,1.8638048109305043,1.8314671228684976,1.6225221397742873,2.279898352158247,2.7122932798206865,2.434782253671014,1.8275296048199516,2.507720719512811,2.0410292762624596,1.7929823225205224,1.41917440031457,1.721256695631223,2.139651282686715,2.312327970667421,2.176282405400072,2.005091206266614,1.886906439934834
2025-08-10,UGRD,10 m above ground,46.5,9.5,1.6680070296034142,1.6334343741218074,1.490763996575648,2.3557055933072553,3.096566568613512,3.4118371356316946,2.7239792313029145,2.285170110279222,2.1049356434512303,1.9011563377028255,1.9680687621444604,2.854607762862919,3.007197504842148,2.819418961838428,1.9770255047834755,1.8111050740744203,1.840985786163166,1.7399666175844932,1.5990715960356907,2.3600765364526666,2.6197671988979048,2.5349130429671103,2.1101954951602204,1.9551316684890143,1.6552555650473937,1.5159925250759407,1.2168438500492045,1.6505160422091023,2.010974599022849,2.229454868081232,1.8474790721285947,1.8987154577162435,1.805736076549328,1.653225695875976,1.3922739703510385,1.801261336371411,2.223359777609837,2.291102212344452,2.0785123322475134,2.0499923075495827,1.8697503380443972,1.664177286408402,1.3018747613524335,1.5076414780537415,1.8646942670205633,2.0397077503286045,2.1197918359732255,2.2053015368562385,1.945101670756617,1.744599967283186,1.4585801565058625,1.4466184158473137,1.8002875372192382,2.1526244742774,2.4482532160081973,2.218472023252051,1.8334006182832692
2025-08-11,UGRD,10 m above ground,46.5,9.5,2.1408961674962903,1.995819822206984,2.023287617070211,2.8773516463308075,2.994803474030236,2.814722067431102,1.9615313049881968,1.7952777298287064,1.7476527839870166,1.6085670581665514,1.4226244477928305,2.0904298902764396,2.3587690663504386,2.3166306463466033,1.639862701190219,1.832737115965429,1.6881692933742596,1.6342218636221622,1.2729567013024767,1.6086455625627556,1.996546018576001,1.9821612428420168,1.4877604267104445,1.6775508371817236,1.640949386706177,1.477147843421377,1.1803342729986854,1.774134551945605,2.496372557353615,2.458414718636328,1.9797858683000664,2.107589783396113,1.8550007701178957,1.7227637080834992,1.3203386440156173,1.440014948771644,1.8206705662121785,1.8424835607766108,1.5621858711968992,1.9266684156757183,1.7030821559961948,1.6516970325075364,1.3949619564668598,1.475099373888942,2.096161478331904,2.47579126351578,2.16831893478086,2.0895135281321027,1.939971026955606,1.841654786192723,1.4647518033580995,1.601599309565057,2.212072713241094,2.7995743907830515,2.0192743691473134,2.07108399424605,1.861027251760495
2025-08-12,UGRD,10 m above ground,46.5,9.5,1.6447544305367248,1.6155718544472726,1.4321698555027678,2.118168079940592,2.394583302258435,2.2699620274580443,1.5351826064258995,1.71920686231355,1.6876168930795423,1.6406916708321446,1.3985671357660006,1.7974228679232014,2.198361344287756,2.1040205900858227,1.2744490840758946,1.5890638359747582,1.5228330751805186,1.3930814498815232,1.0435823659956225,1.4996560553234226,2.282782744254422,2.222869689229057,1.6735899373304686,1.9483386746940168,1.810259804007188,1.6981829388568994,1.3059376622799703,1.303009948463182,1.634420137752857,1.804583257879018,1.7429148474827958,2.113260130697678,1.8221100278950817,1.967125497271516,1.7799874003296972,2.4000558977774507,2.9146204646019687,3.4988451587535776,2.529012799899732,2.1760104474074455,1.9162463138699932,1.8302097947066736,1.705506450023708,2.3347745383648313,2.7191728742064196,2.9301400851666672,1.9453377953980595,1.796648922935424,1.8869060153890724,1.6950059456408255,1.4520566576327556,2.0029560469168053,2.460856647078825,2.0814032814248584,1.4501373089516822,1.5987527346874246,1.472326535511672
2025-08-13,UGRD,10 m above ground,46.5,9.5,1.7576416683276797,1.7372205550585278,1.4758211366868812,2.053725626026693,2.425311468850249,2.314817627912906,1.49451952944051,1.6228616202106825,1.5103546825170353,1.2831671089410364,0.9716741149669128,1.3998832631752274,1.9791930116686327,1.9458826974536048,1.4130972393550394,1.691835545928428,1.5862847412571086,1.5333965633203035,1.1886890949423694,1.302795856674703,1.7687221703271092,2.058600766780433,2.043703701951572,2.14056160799523,2.080940777044499,2.021885408643846,2.028012703925116,2.3471085899491086,2.789983120630973,3.2448543746694227,2.2703953734354703,2.065151653701347,2.0359488729510495,1.984156462979099,1.8341214741243423,2.5712656066665875,3.133378829249116,3.364067503627254,2.4935941916629223,1.9800776283083468,1.795049085651169,1.6820281189858748,1.391497088397077,2.3529998546383815,2.8719687275617725,3.0153712058495192,2.006397724264914,1.7195295195520963,1.578139147568682,1.5675254530522382,1.3677978631459622,2.330916467537349,2.569863263411731,2.5168014854978535,1.5539172690256582,1.4469671367544548,1.4227526508855313
2025-08-14,UGRD,10 m above ground,46.5,9.5,1.399826972751391,1.2379813206804862,0.9702717884663128,1.5257100685011262,2.1919146592681447,2.3148535273376236,1.5863401113366025,1.6334980257479377,1.5640984189545402,1.5018424429647503,1.0937294819942802,1.261271559332796,1.6440102177517106,1.8811413062286568,1.8517924868114448,2.0912370581435606,2.031361729300768,2.0232458942726996,1.9455801635898289,2.370285854982514,2.612971813117529,3.109720701785355,2.569238138814458,2.260433131899666,1.994003995445156,1.988840469296788,1.93692721461916,2.4496876996362307,3.017124249808538,3.3611241560250456,2.4640523637812892,1.9781320544792396,1.7852714859686865,1.715178001576971,1.479012595540337,2.312818703835739,2.6577215033447805,2.629873948238283,1.8235832776976888,1.5755914749261417,1.5756767033653791,1.5946127096139904,1.3425076335192976,1.742949003904637,1.9829368939330736,1.8723650911899703,1.2250264442688017,1.3090075964040606,1.3166254469431142,1.3054226054947686,0.9896935494162004,1.414200077971156,1.9473859727872829,2.136277131096748,2.1037035372477577,2.120756852260948,1.902749427183592
2025-08-15,UGRD,10 m above ground,46.5,9.5,1.4097852504533563,1.436336296666972,1.066606978503574,1.3744209589941732,1.7959861509847783,1.907918189184484,1.9007533524033184,1.684618808465557,1.82758553704802,1.8846003284920376,1.8455879535498925,2.2392583630604506,2.608486712147476,2.9977890778265466,2.3831741387861616,2.0344942971977664,2.1143763135379308,2.053512566962559,2.110050104635004,2.711182030147392,3.188230955983049,3.2640463670290685,2.5678060945871595,2.004203754660666,1.7629644447430597,1.6624862926819068,1.5735386339498898,2.571231193249833,2.978483774533853,3.1046887396341436,2.0513476786752585,1.735528019333779,1.790866470604601,1.657403463354985,1.3550912830796538,2.0171995373292244,2.207454026186059,2.1542914508258373,1.4419117923108231,1.5044256157714202,1.4091426817712724,1.2704491170303949,0.9264618417899624,1.6537545465021626,2.2352942005311744,2.3686032038150886,1.810070865271758,1.9501175237856991,2.090244490432045,1.9324117705996544,1.8412262520128668,2.143611086514089,2.5206569208015193,2.645919207189377,2.358914615053884,1.9566205195207136,1.7502730444569243
2025-08-16,UGRD,10 m above ground,46.5,9.5,1.7220944775866762,1.7037671696566816,1.648296621641393,2.2236970656286044,2.5480943250026074,3.017738752610364,2.564463718287159,2.155094299488958,2.0845850006815496,2.032710791564127,2.0737702135976175,2.511644737073781,2.70670141889894,2.81199574355283,2.370103544014433,1.926633000498967,1.698232906118372,1.6228161444153273,1.376580013299256,2.1078451270717267,2.493125631327975,2.6239525662821497,1.687465373378631,1.5130640607332708,1.5362314087465778,1.4519887861920195,1.0988965417400238,1.590997615003431,1.9798067090437752,1.9687849451842392,1.1470533221295238,1.4938937880695462,1.5103056721918449,1.4152271694957093,1.080080592796393,1.4720371641380758,2.161498462287245,2.281929452538679,2.0106233175946704,1.895337561670042,1.920974743759543,1.9709207504967272,2.358529303536806,2.982370455075447,3.412192385005632,3.4162307794132603,3.169952483197958,2.817648719213111,2.579011318540937,2.3790209884314084,2.330081343161798,2.944171758934959,3.3331087529402277,3.271286554410646,2.051499099583027,1.80393979035555,1.7808149252932997
2025-08-17,UGRD,10 m above ground,46.5,9.5,2.051056646678121,1.937479848249092,2.012707905376333,2.3876389488231053,2.894155788048684,3.3160575648172665,2.3438842946377223,2.0767169151866076,1.8102021521600784,1.6565409170930676,1.5270452330739643,2.3432441484834623,2.7017541730663295,2.8596618528409907,1.8452697705762051,1.65698533912097,1.6320874436044286,1.4940778543068407,1.187146724578319,1.6388241044013123,1.9851338924708304,1.847157499086228,1.2028901051327592,1.3758562336182116,1.3914581628637115,1.3122976221735128,1.0603298652140691,1.6854799864338548,1.871777795061837,1.9089025576870715,1.6939711798104962,1.8816206244420537,1.9553071642664372,1.8655763641841088,1.7700566889873333,2.0055329885679196,2.0532599589467115,1.989836745981093,2.2475144899407327,2.0890368709855904,2.1199711421946295,2.212336053812745,2.3117986563939796,2.719088262436256,3.1038450480954554,2.9919144016170076,2.057696361776778,1.745628035180449,1.7342128347679342,1.633975663737136,1.283131309464561,1.6755180539746704,2.591433696141717,3.063130322774706,1.9458850406885395,1.9514429878113977,1.8709999598262492
2025-08-18,UGRD,10 m above ground,46.5,9.5,1.852236616647204,1.698239559318243,1.5398996131850482,2.261912875329815,2.631388432871857,2.787655514056143,1.854132627524834,1.6056666101559465,1.6063094515821763,1.4733700781074774,1.179560389942217,1.7565429654130125,1.9938959346546952,1.9417861250768849,1.2869755169177233,1.3007396909356477,1.294622840420351,1.3080807385118152,0.9803781013110492,1.546896193974877,1.8534141272175784,1.8443684580502857,1.4877336368794,1.5142960084851165,1.6375216595329103,1.6251338012060554,1.570713258131295,2.119078398482023,2.1674070699618233,1.996506312582028,1.91211294143702,1.9075572438006296,1.8498792281058272,1.89697703608484,1.9495741455743896,2.2737170042554036,2.7031586083291628,3.1037474350559817,2.383619576115526,2.129900964961009,1.6759583390428283,1.5196053834461545,1.3279854552783013,1.98468364243028,2.514090022655734,2.5066779276620257,1.835838661475312,1.6016442600700014,1.3945211354509564,1.2665252860600718,0.8275414006074734,1.4873417108231926,2.4053743813696644,2.702025892912082,1.5761616512305243,1.5588349624756257,1.5886216908182085
2025-08-19,UGRD,10 m above ground,46.5,9.5,1.612885861686899,1.5111960271698774,1.2226940093888188,1.8021361636302649,1.9912971204805157,1.9477797639999028,1.349580704148519,1.3889225938743588,1.3185111705079386,1.3628059977244926,0.971473490592982,1.5836366994123825,1.87070107204738,2.0889353931958237,2.037128501358639,1.9321975773043831,1.6963184562148674,1.4906705676515504,1.381381169619859,1.5951930051524807,1.8252877758294104,1.8488748311609424,1.7834457697763808,1.6595788390846695,1.7541377118062345,2.014817742127919,2.2752321987843622,2.9654820683957377,3.5576485861113536,3.681222925452018,2.3531226878616587,1.9933656482825373,1.818885471779613,1.767189903763745,1.816074440019736,2.8128165426090725,3.362183000706763,3.20191618801075,1.6473430853351752,1.46148767320256,1.2604701489539425,1.260501126088223,1.019314430631146,1.5742187882689611,2.2101543830128945,2.169501522361318,1.3696115055983866,1.6050935189310296,1.5968481335876374,1.6067151869385006,1.4699434453045706,2.0224967259732525,2.39043532471869,2.2173018958242787,1.923374261985736,1.9541038350793296,1.7991117153863103
2025-08-20,UGRD,10 m above ground,46.5,9.5,1.2954472045299463,1.235998231960143,0.8646831785922753,1.4026636264425036,1.7986014080206898,2.0350679732975028,1.989631053198628,1.7726542188571266,1.4255447474857768,1.2563505964332484,1.1447317729576776,1.476994398874785,1.633419455632009,1.730125450964668,1.8472541871505752,2.0279395846457033,2.1002933005525284,2.1196756903573286,2.2468561472837374,2.849282301731658,3.441175022389746,3.4338837823697537,1.9936663215863015,1.6432360640144807,1.5023668373717771,1.4241198882586137,1.5109931946810464,2.3233672485498493,2.785195506961041,2.796828030010734,1.6774151502572514,1.4345995745564648,1.2563297415987429,1.1636182284556582,0.7528201954330396,1.5268875305224077,2.378076145212402,2.6315589574133256,1.5230803236321038,1.6382400431318214,1.678843710087031,1.6063462094018877,1.2411920229803928,1.8212505356329765,2.6640853437466907,2.8065861577614553,1.7114074520451807,1.7181077040970387,1.5964490377926368,1.48018847570727,1.2214726142839991,1.4954443943864102,2.0789429243145556,2.222507084063764,1.5482238149164915,1.628933153682816,1.6824381013365544
2025-08-21,UGRD,10 m above ground,46.5,9.5,1.4509299798858095,1.4423038696064827,1.2964132882783908,1.6837599529048548,1.8923234437957437,1.6190053347353075,1.63814915537603,2.1059015368438914,2.5478446478481542,2.3969148587336244,2.430004154887256,2.9602689686459605,3.3907209480202156,3.1634023511937945,1.9196630909177677,1.6599516099642644,1.4823474537807249,1.4355993577521682,1.441388347198728,2.5075148348080827,3.1175187788015464,3.0651273474565377,2.0477266957020994,1.7830722160208112,1.5496001603449463,1.4746699715162013,1.2327402057507486,1.8176595843844896,1.9665906289696105,1.9167838680919345,1.3015124363636223,1.3056453438651827,1.3299343948700406,1.4772250301238803,1.1733653206613843,1.4937104394017364,2.1008438381492645,2.3263184628626243,1.372172229881496,1.5351799454981752,1.511878308740716,1.567320823184016,1.3092625767963213,1.6828272969387517,2.444034498901399,2.454436493716508,1.2512718052331844,1.6731618359622638,1.6924073002169706,1.720876494602307,1.6768746041622906,2.449691328884022,2.524452374141272,2.861771589201014,2.4213320055159624,2.463212296392533,2.370759760554073
2025-08-22,UGRD,10 m above ground,46.5,9.5,2.3430069631482837,2.373724648235687,2.2498029136877804,3.0216679046014434,3.5712376101973184,3.351017922507226,1.950681588530859,1.6618329530531613,1.4003009498095311,1.2768636947089842,1.2510113977022923,2.4652901811751464,3.41816801055835,3.2041691664191547,2.126625258030873,1.9769505665173308,1.8670157449130285,1.540622214364722,1.3245778417118492,1.8867225981685047,1.9273653914756992,1.986373703079248,1.2675610684350622,1.2961424206702332,1.3439723214785726,1.3519658430062864,1.1270533207338014,1.4672162562083988,2.2029675258212036,2.3508022278506617,1.3174315622738082,1.590109076524407,1.5324376418300767,1.4785168789436711,1.1925784636411203,1.6485431321773991,2.181230413414843,2.136507180323846,1.5199267295274377,1.612671321371271,1.5656597149277636,1.4115888681830242,1.1157454697950866,1.412322246843962,1.9052713076399672,2.2608860046736714,2.055402445865941,2.3061653247197142,2.5385516619617565,2.262179942609082,2.269109028334807,2.3197061583026,2.5314429173799944,2.3159775428887635,1.7453060249375156,1.585962258183833,1.726237146571354
2025-08-23,UGRD,10 m above ground,46.5,9.5,1.5112598276706593,1.3969545816565303,1.547041102096522,2.5986285971235503,3.512211567048353,3.4042049462577673,2.5155377899075413,2.1670232941580636,1.7379342681558427,1.510415382740547,1.1998971858022272,1.6801829076893355,1.9512070842832216,2.095830045163246,1.2310815759297578,1.392555981676077,1.4541747546598254,1.450179057265741,1.063049389444099,1.3343659781410924,2.0304570435233544,2.234351052182418,1.3220029781671871,1.6098796533425344,1.5261851529596655,1.570989946129651,1.2426740360678978,1.4642137166116709,2.1900195815427437,2.312569893629288,1.4870215027384488,1.8026650766800951,1.8628266269705809,1.838923917718498,1.665407534282552,2.2452547927175406,3.0030686871788377,3.4590344281424197,2.7324744974490645,2.6415978050138156,2.3223447405040707,2.232474622359082,2.5522077895850064,3.791677815713124,4.553426294625798,4.502328672471479,3.230343323261322,2.231918924147122,1.4748568154636992,1.3661356525561137,1.181271519636081,1.6590864993252012,2.3535771136733596,2.3311798910734147,1.8802750926379683,1.933814075701097,1.9148896803132345
2025-08-24,UGRD,10 m above ground,46.5,9.5,1.8206686183873064,1.5835630349820118,1.311670505154006,1.7959845891586612,1.983793973262556,2.086937701343192,1.28992274291346,1.296743341763457,1.376731628163102,1.436902260783457,1.0217108270396482,1.400295542432377,1.9638461494376684,2.1726158787106833,1.2488203392809325,1.544120073290178,1.623607531796429,1.7120253527862228,1.3597188132162783,1.7782845505710525,2.442847821471819,2.610661324656748,1.5341070307116873,1.804930359915674,1.8239326253588315,1.6185362550383973,1.2412339557058667,1.6333216970504014,2.3911748559752923,2.844009062887591,2.4926688307469407,2.570396479304371,2.244797269485488,2.2780063629496956,2.2494837661882703,3.368192947746691,3.9578254997173064,3.97327599818532,3.1286462729426816,2.619468852239872,1.9888372643363488,1.6532128954983571,1.4532938666951003,2.099418694717494,2.3215219496791017,2.654967581735346,2.177334957600941,2.31085050740571,2.2933485567073957,2.431279886945056,2.687677694627423,3.4538044182344247,3.774759591106299,3.0627438275624055,2.2481876253321227,2.6313131273969783,2.6904258570356756
2025-08-25,UGRD,10 m above ground,46.5,9.5,1.195877428460487,1.2545755343562377,0.969731372893344,1.3919179704527678,2.190952682295472,2.4161136576339297,1.2740798123051524,1.5072006085569294,1.545702824079268,1.5332136874730966,1.242211632717917,1.6112864685880248,2.439767767017953,2.5028813977686006,1.4142442175156238,1.822870860181837,1.8155106016113471,1.553204254767972,1.279472044085595,1.9675082321914648,2.7648933452467475,2.9864635099537087,2.1873893792372843,2.276067056931991,2.4762209181396866,2.421967673601213,2.5027436341468894,3.5901382892075695,4.343548854501795,4.038936867648131,2.528136857849603,2.1096871504850494,2.030248062851821,2.1563066085737033,2.0583154190333808,2.3420591129880277,2.857588163372826,2.7901377934332907,2.2046860582304624,2.150687459130695,2.082829755553978,2.008303978182694,2.169139196597853,2.855374038324886,3.288578461575306,3.3314533861227664,2.283724303152914,2.276828982357153,2.2734963014369183,2.0591608834371895,1.6988908624114292,2.2768004260490966,2.843166512930736,2.666425807758668,2.173555708366525,2.458507259673177,2.1413490464749314
2025-08-26,UGRD,10 m above ground,46.5,9.5,1.4735820149033838,1.450829258550708,1.1780557929721471,1.5720113520551526,2.421925353242285,2.5265970041100827,1.42177838584607,1.803226537091397,2.0004728501091775,1.667184432249777,1.3646906282506217,1.6670025937472666,2.435768262380475,2.583890820207678,1.9860264173630144,2.1274152257929604,2.303734353997033,2.393571779578767,2.435767967226212,3.0987493563044635,3.955350778960722,3.860900490035675,3.038087141573271,2.366306851780014,1.886795500754824,1.6720138014683612,1.5039456365530297,1.5999312716249798,1.640790712364018,1.7533413628317516,1.7605076912508344,1.854200418000599,2.203256289120719,2.7483376789627547,2.7752931616492673,3.207577136252783,3.2671256631662304,2.732526960208255,1.4734345659955077,1.927623683185609,1.960321469255701,1.8271516918425987,1.5257529539816468,1.849993159370676,2.2712439165552145,2.1781580429007423,1.1780785073218512,1.5253468695789387,1.5560403395318758,1.5439657591233855,1.3363113456802924,2.0586318169151667,2.578970070302963,2.789787068224549,1.7855724720606363,1.56563610597194,1.5645881414848914
2025-08-27,UGRD,10 m above ground,46.5,9.5,2.0808138560368254,1.8709808666257768,1.5383149484971606,1.7123214592144955,2.1958555245713516,2.330013863848996,2.1119870902755684,2.195000197806902,2.410670213733885,2.3784141414154663,2.431769588615042,3.359786685634072,4.312688369064944,4.01514339917877,2.8641288240262837,1.9411137494450064,1.7047635408328108,1.6317660207445313,1.5085298398769111,1.7434815776720505,2.0587260069478046,2.114883855070828,1.7476449937520788,1.8725248196437811,2.05524808268352,2.339150206304786,2.387754114699145,2.7170380507074636,2.729421443265943,2.326896812251234,1.614714187035493,1.953676956240684,1.9821592137480952,1.9181561023777975,1.5680482794106412,1.734109215769363,1.872910297743886,1.7702625988583829,1.4395733290795905,1.797565898300454,2.0452718168903155,2.137413209126274,2.229433733594348,3.488838934335879,3.81690686055784,3.030983491227251,2.2359552221541397,2.40340469148978,2.8264093941368658,2.7649789178353408,2.1488705066556273,1.8817570442671605,1.9585684502857923,1.7920782921606868,1.571422352711425,1.458806706220877,1.4828889997596215
2025-08-28,UGRD,10 m above ground,46.5,9.5,2.0703467370478212,2.427821231702211,2.5752241278924304,3.6338712400940727,4.155015351081976,4.165535925779253,3.4590248321288573,2.731178146881131,1.8222328371608256,1.74206189583888,1.700677201771864,1.8192696503678984,2.3391317672896106,2.530374738447302,2.056404100436006,2.1096448822554352,2.242055182691594,2.0670270756136233,1.9141769702365343,2.3240774343199098,2.6498280373883567,2.6775500538912915,2.0340516832174136,2.075329514276129,2.1417014413471516,2.0667418053205644,1.8125654761465049,1.9541639250910416,2.0471351035503185,2.083394074175076,1.6984439924435997,1.943584229978087,1.9811012283827936,2.0067961535387653,2.104477159249054,3.477627966555504,3.875906712128359,3.3678705137857357,2.3368084220030783,2.165398719817226,2.21701269069848,1.8440099327049064,1.771042296567078,1.7963962644078364,1.57493494590611,1.8371738617020743,1.8066043255924824,1.6759490958878438,1.7240451982181415,1.747276838487671,1.7513645210154651,2.7163301526328087,3.071030109846425,2.4847783835276074,1.5816055350867528,1.590634320903573,1.5528113114081117
2025-08-29,UGRD,10 m above ground,46.5,9.5,1.67198630509531,3.0315999366090156,3.745307518135145,3.3300003169301022,2.9518884948790607,2.475800596530566,2.0293587503172157,2.2764991660622336,2.133735805642083,1.9840561327120756,1.9512183872461764,2.3614717425577387,2.627986484383129,2.622334034161417,2.0746431836600223,2.115973222934865,2.249225164259969,2.124645060131527,1.942409345953258,2.05351597862813,2.104453323419022,2.077530224814297,1.688106943073191,1.8551815154249809,1.8476987246614671,1.9009613518432744,2.0833691274107142,3.2831408263998743,3.5047250417325455,2.956122824220137,2.2350859759579578,2.015409840226609,2.1304183488896307,2.010422556070086,1.9292175516248773,1.930191940564006,1.864923847499263,1.8015840818718716,1.7582820200312372,1.5496708642432748,1.7055360492265477,1.7489353852741651,1.6815977889807925,2.5965995004017204,3.227243830955147,2.764274319293153,1.6940310831628071,1.7190813571384311,1.748449971221893,1.8469010932013905,1.8030091854700536,3.1615328519716863,3.7497531171111222,3.8705525296894887,2.7510380828255334,2.754590475537746,2.919828719857944
2025-08-30,UGRD,10 m above ground,46.5,9.5,2.3614183761445102,1.9576582198479944,1.758339848874369,2.305765530887994,2.6683734144990927,2.598462221673648,2.1454115250965806,2.254676926659468,2.2814797892655116,2.1278396083062394,1.9154854392665797,2.063263219398878,2.220915786273774,2.2507276903765483,1.9392964909999504,2.06926617369046,2.0130956154365087,2.0462749092054304,2.1756816636694714,3.3681853884019493,3.338352843866628,2.8536481407481302,1.9334750009561656,1.7708662128333494,1.763823180491725,1.745576963916985,1.759945130766981,2.2598860533022886,2.4237473156444995,2.211338347426654,1.8808918421944776,1.81300208295395,1.9656930684027176,1.945212678853474,1.7641729108040862,2.092419744482635,2.47257471515969,2.467420326256525,1.7628534788779655,1.6707136876965387,1.6114098470524985,1.6229621936178575,1.5089738367130878,1.8281104225084488,2.5480089599228,2.7209429032115064,2.0962441449167075,2.2301991073829033,2.422742380447238,2.250041904613328,2.37349292042228,2.9709284795587454,3.177897765216971,2.9376494377075506,2.110506694185922,1.7439179578460855,1.7462156441335537
2025-08-31,UGRD,10 m above ground,46.5,9.5,2.4821130461829006,2.392033729275979,2.106076390947732,2.1762380565200767,2.2721682076352474,2.350056794143189,1.8783017670144184,2.0885726316558197,2.0118785313326697,1.9439166932960033,1.9782451675895956,2.875012391574471,3.018849517722283,2.57695035161582,1.8583713506593864,1.8630233988482816,1.676878759393339,1.4144847128121083,1.2653370683836576,1.73191383080475,2.189822155040553,2.249359698823763,2.129871479158482,2.4046539873233312,2.2985052753522464,2.2360574365193897,2.1863219522876705,2.536208451858859,2.6704085368175186,2.4239180782516927,1.6238621459947562,1.897734399037323,1.8194490172530355,1.96869281364106,1.7447244719917658,2.1096396195209155,2.4129033636665964,2.1551593033664354,1.3973879641371223,1.474130703517022,1.399403709420851,1.5269921019689678,1.258820429105753,1.945516226303098,2.3588833558304194,2.190032428854976,1.9623782626311532,1.7450511696932731,1.708347542164642,1.518052634914738,1.322503559779387,1.6629935974656995,1.940218063016652,1.8310752812211004,1.243629822078974,1.3190922753709526,1.3365104344147816
2025-09-01,UGRD,10 m above ground,46.5,9.5,2.010665424162261,1.967792776433786,1.9934106086047303,3.170091962797412,3.1042207038871683,2.524338355677158,1.7806853295188576,2.0011134020271264,2.195189801052021,2.0043873492319153,1.8547282455252283,2.097043096268821,2.229976927587219,2.143211075982874,2.171192699767642,2.391725945150435,2.3218980306923025,2.2098277481441704,1.9077384567064697,2.0712456561113974,2.319613786263578,2.032336094590819,1.2359009726319912,1.596679820016364,1.6122788621933064,1.4424274318552488,1.243471912130182,1.32746713249745,2.0356557434925957,2.2302880951486976,2.075075907895916,2.1754939211983353,2.50961833820344,2.51958298363163,2.4160542755771814,2.887374014086631,2.8760191127151087,2.5524481313693865,1.7279033256408696,1.7997127527597212,1.8176784463233755,1.7860104009929456,1.55220601931123,2.1567228888876997,2.3615547677321116,2.3085173762616797,1.609785873984286,1.5825184783105608,1.51292344339859,1.3369157170217392,1.172575474964929,1.1779628807803757,1.6895684747144533,1.9309724868745295,1.555032769154456,1.6810458894002944,1.7255278436533092
2025-09-02,UGRD,10 m above ground,46.5,9.5,2.264566252712303,2.0233513292794463,2.015217384065604,2.3732760718417047,2.4815349676447953,2.2166491892904134,1.9878917635131248,1.8739628011105407,1.934338097462274,1.8351609390388317,1.7016542336327838,1.827741302663535,2.0059054036845705,1.8742128669200024,1.2552641738767305,1.5080613042300377,1.4631426343973648,1.4713110373390237,1.220613310636828,1.2918733461374816,1.8052317469420136,2.221235485391319,2.017634636961712,2.2887326104548658,2.1725172761082443,2.170317051603626,2.347924027444118,2.5961394305818892,2.7756207259858203,2.9413416187757897,2.813712787640428,2.769550694438509,2.39357652954181,2.0740287815499494,1.7496696009641306,2.04330502264808,2.358019372582498,2.295157863565307,1.5643145573877797,1.6555537775279054,1.5390675830285434,1.510876526204176,1.2592355339843162,1.3083668779923618,1.5492751701676746,1.4763788733551766,1.2265721238408855,1.6112645063460027,1.5803965144188057,1.6485466347827349,1.392949887209237,1.472138387791346,2.2618327091215944,2.542635002722423,1.970339995140565,2.000111802681726,1.9360254751133383
2025-09-03,UGRD,10 m above ground,46.5,9.5,1.948916361847696,1.9921988678394416,1.7515244852953216,2.0074559152379807,2.15484700259014,1.9744854722128076,1.4148922847346603,1.6568006205575894,1.619800256493234,1.5120672588413748,1.157418690465029,1.2365373511479474,1.9935454103171133,2.4129622684356153,2.1119234590658844,2.365937132613512,2.5953289078717905,2.7215448488238327,3.0447276638607503,3.245208476229818,3.3554199290990945,3.416523506827645,3.034594983108918,2.829347416901693,2.5592537068437893,2.3917615589801517,1.8949948930131375,1.9836037302316236,2.483627847932022,2.445441040143936,1.7215096998248312,1.7934614261613635,1.706288515189464,1.604860152432116,1.3069596733565902,1.9282112292366669,2.361898657351292,2.3828304043735136,1.5151082666894475,1.7524984590324286,1.81659674688328,1.7860909658071242,1.600804807322605,2.3581771221587906,2.8438951106115713,2.5223677370373236,1.7962273533677178,1.8101429643734912,1.7703593878582258,1.6899663853029177,1.3838304373629264,1.9904158531251408,2.42268202776918,2.281058386314297,1.8564177344828532,1.9498621306204529,2.320514712325541
2025-09-04,UGRD,10 m above ground,46.5,9.5,1.6400798060362467,1.5415431158414847,1.195779176473087,1.3003131874939384,2.1861775191251978,2.6649939459035887,2.3171617833288702,2.6317121992704227,2.714173527826144,2.8512347451131825,2.5813724120355563,2.898617557988884,3.3242612411238652,3.423672710634265,3.139815520373483,2.698494622377008,2.141813652855459,1.928123314092644,1.7607514383758265,2.0682861205449843,2.411276102881339,2.4026838567658833,1.820928910376408,1.9254841756440864,1.8556355746145523,1.7486698885133105,1.6124792376601411,2.0454039735552616,2.3796600163514317,2.276697264242947,1.7020615618714192,1.650925651611027,1.5242422846235932,1.390367830950301,1.1402083803970653,1.3050306579868785,2.1219292798898586,2.2500673378021276,1.8221592015248176,1.989349494795328,1.8968471123926096,1.7031131621098368,1.2994538734561554,1.6193588115915167,2.2291810903217786,2.464661302040822,2.0951622827302185,2.1083062711293796,2.187430860702225,2.058199488877258,1.7866117617262098,2.050224088924439,2.4964306332799,2.406503950306554,2.030825310215982,2.037282314501829,1.971008669312347
2025-09-05,UGRD,10 m above ground,46.5,9.5,2.3707565639832966,2.3277763517884216,2.063370161216288,2.7267187003013493,3.245207249321587,3.476721537816998,3.467060466122963,3.0183970247524083,2.4299048195004747,2.1713949953805294,1.9586177495831971,2.2531592830264433,2.76150726606744,2.7579099212762213,1.8957131632725712,2.027937202329322,2.01976786434508,1.9708866443955728,1.750281953172208,2.063229273433106,2.1487777579220175,1.9593596936192483,1.3814303462313913,1.4469085088097238,1.4256855047017774,1.3616970054434143,1.1773836290489383,1.2297486704815688,2.061699631100227,2.112602311963829,1.431888234464013,1.499704806476502,1.5159524078911202,1.490568872964817,1.2606307121634033,1.9696199551162443,2.742898727144504,2.510363553623508,1.7591267797771986,1.6018509281296769,1.508433841238184,1.326455064958743,1.3752460533366726,1.6773601012212267,1.9831468068845837,2.012562467131385,1.8740102385816768,2.203242146466132,2.5460512553065415,2.4495747363487044,2.2616972274016662,2.6660708925529053,3.045729975859475,2.794162993939675,1.5449722430308237,1.5635776510334276,1.5472377849896906
2025-09-06,UGRD,10 m above ground,46.5,9.5,2.605506038830106,2.377580162390742,2.02618347351098,2.271596034190308,2.636383292140686,2.7872949268296083,1.8725339730059776,1.9460020855133395,1.9610449108488204,1.887245727751206,1.6781274395088157,1.9973083000180876,2.1659487635972954,2.0085991804649854,1.493332945387813,1.565908441542424,1.4534367093878409,1.3923069762352531,1.1952306392807532,1.5281415841520904,1.8729048586362325,1.668112877256242,1.2268204408970913,1.387020491989609,1.4507482595691086,1.4428429487319414,1.290611057260008,2.2830898918225166,2.591858672333339,2.186503417104004,1.5946815394663645,1.4238849329665095,1.439155353298625,1.5094818476849892,1.5872997258890318,2.7027493993260627,3.0899233150851737,3.1290097251119526,3.373090309857247,3.2811638414508555,3.1733428818879412,3.068839584171998,2.754965209241682,2.884796633597639,2.6980811884350526,2.17199303463307,1.5248157977769523,1.641013957971022,1.6891015943680845,1.6945593738039932,1.37253713762669,1.661225314650185,1.9841326809484665,1.823637867833341,1.320053496571028,1.3940905714512537,1.6193164445286845
2025-09-07,UGRD,10 m above ground,46.5,9.5,1.9984748434264483,1.8577158191406196,1.6468661628486163,1.9014608032111255,2.2005614615892997,2.024012475330988,1.5130208226288302,1.537345702465341,1.4558356282437304,1.400154752472106,1.2189795308272224,1.673387265035032,2.3347944135313625,2.1789852507419383,1.492748100390633,1.3634681287891757,1.3701183214952937,1.3999091433909616,1.3590374586996772,2.105206127900007,2.574858638125364,2.5615027262324466,2.212202901986967,1.7676688768305469,1.3474482254983906,1.1953237236289689,1.129779411143411,1.7863902900193458,2.3957373416488923,2.589295173671381,2.722967910457142,2.7021501804878323,2.225582032188364,2.0718394615713303,2.07760985840782,2.062123971561964,2.0287835256849416,1.8919286024811297,1.5874066055157146,1.737981831776453,1.86967802702737,1.8447782467344331,1.6538699737799831,1.9111258054286884,2.0276634284363624,1.9339192666637584,1.3706636853860998,1.378746219254734,1.345937962123076,1.3323653787233365,1.181237938669035,2.0453152412388445,2.5561396061619157,2.394286264485355,1.85838717678784,1.873883399018434,1.9767523738006791
2025-09-08,UGRD,10 m above ground,46.5,9.5,1.4638672944593156,1.432969001502471,1.1810861011927685,1.215696102203316,1.9824917880531063,2.103683387392526,1.4696114795268558,1.3844308137715908,1.5127592810731925,1.5328904748428631,1.2966933901064974,1.9092967920838568,2.118630457790564,1.9728062006446312,1.430820568989572,1.3165457303093508,1.4291180152814569,1.3827566451761195,1.3496151432239625,2.002548080784305,1.8978586427580104,2.1483026206811022,2.4321833177380796,2.260908545352602,2.302088616334176,2.322698630570578,2.0163350407420157,2.2645108462810413,3.1284721746528774,2.9091751945345727,1.6596838912682896,1.691459578115382,1.9384453747712709,1.8843732159277704,1.6647408719467296,1.8910474021671384,2.073555466154976,1.866592092157957,1.352312702327382,1.3659713168702758,1.3064526649685808,1.3662740434705989,1.1684259902265262,1.5493785624720124,1.9835928215218364,1.6556057899308083,1.4311497345634543,1.5572457967904698,1.8320874911870697,2.323876058123065,2.5443314211882635,2.2743451654965416,2.667815592384551,2.4101815405672857,1.4914934587900257,1.8170441105726625,1.8182664762910392
2025-09-09,UGRD,10 m above ground,46.5,9.5,1.4201964339117408,1.5692998763977086,1.3499229364853336,2.099776411919194,2.2264327081897552,1.9447306912210895,1.556494110568079,1.5647592414799891,1.2634396355218214,1.0765653832189646,1.158132732489117,1.6414832187445052,1.757280714708056,1.5433047028419749,1.631696621996117,2.0244927367679475,2.0981403091513853,2.2620616961636912,2.1967732231887487,2.6014451529570213,3.074285431500103,2.5165065244191975,1.7091755478758806,1.7020599740613294,1.7135999945160167,1.6359510294135284,1.4453413422492138,1.87179345760792,2.0729591653068695,1.8096048689385,1.2815699844740416,1.1285937303167255,1.0053069154717142,1.033627568848407,1.1112939674182378,1.4591851413764665,1.7217271136568917,1.535598556450528,1.3170062640713982,1.6311045229310406,2.1138388637714085,2.6743048728273795,3.2361422739681296,3.31183516825429,3.0329639480020703,2.5591009920904035,1.8811343649792511,2.2383364743210614,2.112098367982998,1.9472322517721232,1.7769523288162488,1.960234458100274,2.5058407474017943,2.2756843798951816,1.5967027779629486,1.7842943811012448,1.797631786139029
2025-09-10,UGRD,10 m above ground,46.5,9.5,1.2515595384383429,1.21962859541577,1.3223621489474662,1.9150513835110448,2.1100323224798303,2.3215648813193868,2.083436467109049,2.064400869958706,2.1315074404847274,2.1541883726692053,1.893675706288292,2.627286751450767,3.260842688549413,2.896780347735626,1.8519856508926624,1.5749419822847517,1.5166452421703494,1.5305691228040947,1.3156263611561436,1.795479565345892,1.9303757735650255,1.6322960161324058,1.5142897800909958,1.395141645546134,1.379153455396147,1.514882781996996,1.562225856614868,2.029898245224496,2.4041971801712267,2.549029385946866,2.0131150370046007,2.5486743536519048,2.9206795744019134,2.639051893514491,2.167839699446129,2.653498929644737,2.7257698515433626,2.4037253236505993,1.5114059627803442,1.844085736865401,1.9217841676421656,1.8056365837621764,1.5373003370392484,1.7517808898268323,2.5322115568673427,2.474700804793002,1.6832969914364353,1.6627202300008113,1.4758267180845763,1.4070918788154911,1.2979493288651696,1.981667659263004,3.2044475046687455,3.2625288460683346,2.9472269663762143,2.7411641669577413,2.0995550894938297
2025-09-11,UGRD,10 m above ground,46.5,9.5,2.3626880501008487,2.2573536391210816,1.956518774164648,2.588006185170862,3.386944742921754,2.8915647129112676,1.8456623176181104,1.6801156362325531,1.5995184552496589,1.4697662146097503,1.3649482784855769,1.6859256261616749,1.8532200986724483,1.7735084367619391,1.5417029976420955,1.372844733461834,1.3457193179201958,1.4743452637701888,1.4990225644967223,1.796345476051372,2.101474996584649,1.6042373631549356,1.2568033845551632,1.3603496430033384,1.7603984905864036,2.0730724009768258,2.6055891794164525,3.1372751582110405,3.4020843008221235,2.8634505254883607,1.506341623590281,1.8654137788771297,2.1573946729740214,2.2388577769877176,2.131134236049971,2.4970119828107613,3.2014429159094404,3.1508026410241237,2.1877424411968582,2.158057100031743,2.0585353050887454,2.184862617008526,2.4395045870794743,3.5686517054865563,4.14482143140118,3.901031288714428,2.899314072628524,2.6903397263333204,2.5818352736696153,2.6079629577823624,2.3808375110856126,2.9679417463927225,3.5376673048024228,2.7795810802578806,1.7478920056810707,1.750714004280057,1.847769092906664
2025-09-12,UGRD,10 m above ground,46.5,9.5,1.5851809044149916,1.4954427321599444,1.5256276669682918,1.7701418955437602,1.945199581852174,1.952377379451325,1.6331191445884978,1.2285604323914932,1.2795910246269555,1.350285191376202,1.3478859334001565,1.6129609605659274,1.931093730707261,1.6611154209357548,1.2854064723868106,1.4994078434861244,1.9021104218808376,2.2552018873795543,3.0802057976168387,3.800756242302429,3.5893015905323,3.149767221275689,1.820169893172388,1.9216101514691797,1.9676984254681331,1.736170593954494,1.8476153821963288,2.2260815877773115,3.007758783461732,3.0213029648878704,1.9859733861527051,1.8905241080641584,1.859156279229038,1.815234493178332,1.768917973786809,2.8664065821672255,3.2842297857282903,2.871934569499759,2.1181260974411495,1.7058441479451028,1.3548558762693943,1.206595225658766,1.1101986280839116,1.7904853879039395,2.3589305434858745,2.228238465631746,2.2359994616113337,2.189195012549379,2.119013698429561,2.5399369714562456,3.1260623352887964,3.6049603243929176,3.965506463963979,4.013808092870384,4.02154097060892,3.887605607320748,3.7906628144988144
2025-09-13,UGRD,10 m above ground,46.5,9.5,1.2331721473006207,1.2331950596078904,1.273464797115072,1.660692568638154,2.015483171111597,1.8604051919201043,1.377101461785604,1.6259686213771734,1.7609300195262292,2.130343719378491,2.810453322358267,3.5961618402154634,3.8041354394247215,3.1402945079499816,1.778650850164165,2.0419699838860303,1.962585285373444,1.831191044247012,1.7975328647979925,2.4263247487919255,2.934880957350265,2.873717621618513,1.8893593363875851,1.8778669456243755,1.787314716058325,1.7684725050762795,1.6153503232721844,2.4991723733127253,3.150328495896953,3.2054121756143807,2.803202399088726,2.3459862555738193,2.123601692311172,1.9374851417467749,1.7179763207343552,2.220908408047411,2.669207201952271,1.7925106592089937,1.680616500154304,1.7800715283299664,1.8913763319177188,1.8871029917100477,1.9371119786234376,2.55071535202811,3.210671625437879,2.610810458495992,1.905509049557112,1.8577820538736332,1.7677989022899874,1.740626945974927,1.5917157623188631,1.7772385180776695,2.599678585243594,2.2505962648930766,1.5382946815396068,1.5435756846441904,1.4942536122180958
2025-09-14,UGRD,10 m above ground,46.5,9.5,1.400230489591053,1.7893307781683032,2.228560101369316,3.220339257297952,3.56741630054506,3.007742230730849,1.7901153008373183,1.963907850568594,2.066093747700298,2.15618170271438,2.285444935055951,2.9570848427489524,3.6201317995122273,3.3107638702098754,1.9882192558254796,2.065442228123322,2.4161160992359303,2.492778481099312,2.601151565657207,3.4942445189766773,3.5903837793846476,3.151903925306117,2.7168952619806457,2.8818329028011114,2.9787555336581932,2.8495516060140647,2.705221113177711,3.645851856906617,3.9430039508353234,3.147726334309403,1.8397464276801512,1.64838013313279,1.4560779815496212,1.4433074857859576,1.3299460162104504,1.6108298658364164,2.104559265667536,2.1586640983839276,1.5552491709072358,1.6203867508273315,1.6182096647233488,1.585581219697852,1.4096482353102453,1.474081127697925,2.204865414840421,2.052307593378395,1.4647657532502143,1.5407497764541835,1.4564519959759905,1.4888700346993593,1.494346028071158,1.7717446535657726,2.2852533253470297,2.221772564617954,1.9305312350879245,1.9242504339862456,1.9217540818311256
2025-09-15,UGRD,10 m above ground,46.5,9.5,2.0863068908964455,2.2413511756931515,2.4096214044332007,3.019270464476574,3.665407769791957,3.362629592505262,2.1518022663105323,2.1690508875288583,2.3914209788781657,2.699558334984631,3.113990050446745,3.9395694490629514,4.003506183661423,3.292706525009387,2.5414655900448384,2.6699608801999117,2.6004811666917407,2.6266040451143393,2.4658156414414383,3.489627652390042,3.82159003445151,3.079772581013108,1.8037870166021663,1.596003209990337,1.512024593162661,1.230815610522229,1.2084102519193252,1.327317811419433,1.591791885702072,1.4766008041233385,1.1605149306730294,1.3581730242301069,1.2753781876966257,1.312106543300534,1.2781099869632326,1.8478227372734832,2.4216265910618135,2.386339654423568,1.7967414733841476,1.7959631914685477,1.7087520638512663,1.631539895931311,1.5632838738909012,2.0225992794052465,2.619395016733882,2.6642841036320055,2.172423240516939,2.138264292985385,2.085688109384779,2.0740626689667376,1.9521676800597088,2.714732348655456,3.1458232771684695,2.6535937917128547,1.73950466410241,1.5814387936562175,1.5125117808524364
2025-09-16,UGRD,10 m above ground,46.5,9.5,2.7624786824630343,3.1237584470137,3.3520066808563165,4.046880470601716,4.0668601251392245,3.499728849635781,2.8472236211784963,2.8168980441658378,2.792466953257749,2.5500706225806034,2.3115096665367623,3.3550551662432846,3.907489555210384,3.1339894755575166,1.8056665477857532,1.5428518260157444,1.466646227197465,1.4016701614807758,1.1841511419266668,1.218457004754621,1.54430038741722,1.4701596566030362,1.0449761690590238,1.3201936264008391,1.2474785391986918,1.2839162609809256,1.2018466233153529,1.6335822182607274,2.2542245173231357,2.341548550745423,1.9192265344226291,1.9447015031980013,1.9438573688336684,1.904120385392539,1.8141203911214197,2.0859360635307205,2.51993527431862,2.4130556084043544,1.983461607672855,2.0423550594141053,2.038571348882289,2.0658694155080912,2.0008320622028446,2.654674114407632,3.028282143987591,2.6388200269265267,1.8840319728522557,1.958193942960926,2.1190775069720913,1.944138130805608,1.7720667082694337,2.27846586843362,2.9593365198197077,2.7267141730030016,2.2088421433378693,2.688886749182576,2.986655012137083
2025-09-17,UGRD,10 m above ground,46.5,9.5,2.749277051155157,2.473663640540118,2.291627702178253,3.3345294409199813,3.7592736080180127,2.9080577382338793,1.7619231649968956,1.640397723861985,1.5777055620504947,1.526008610267359,1.4317737923597902,1.4949136299561294,1.814534699732457,1.651501259959309,1.1876779179366352,1.4792976753612253,1.3657623267163608,1.4063844135910597,1.2676717079955813,1.3227477710585904,1.8637205068071228,2.037493590662297,1.8566641815038811,1.937297323957796,1.9460895236032691,1.976774866263309,1.922064582685932,2.163704172973551,2.588969266249517,2.371463958786454,2.048778799470901,2.140833841959246,2.1570351520025377,2.205998624204039,2.1885304503977743,3.067073853231073,3.4509846796910923,2.970092538949266,1.9344884742916637,2.086414613727136,2.113870114271263,2.0622714051697804,2.0491209625389915,2.2535417096648547,2.468015751049422,2.6326298106831723,2.4417158752571884,2.267292895958436,2.169789385409941,2.292850945441991,2.5101760498502497,2.6604765831043284,2.86060803394353,2.7753570016881417,2.630765258839853,2.6342917422047294,2.661211291805322
2025-09-18,UGRD,10 m above ground,46.5,9.5,1.629731589920765,1.4982498445805963,1.488699514230011,1.5658144169134252,2.0746641095011435,1.950450876456789,1.3198127718701906,1.5278861377034545,1.4470644733555489,1.4020789494652623,1.3077187591640416,1.3180913945758146,1.7838161474888743,1.9735290632089015,1.922654780428169,1.932806256315123,1.984052082554384,2.0180858852241372,1.9596786998764952,2.2734866024772886,2.6457232720626007,2.4598740209749037,2.072572267017761,2.0456612722180982,2.006135022242358,1.9260019305147924,1.754269149511536,2.268468620949331,2.7317655500585443,2.6149551031645952,2.1562629318117423,2.25774838777624,2.4683946492165787,2.6708355289809216,2.3721766396305117,2.718060108412801,2.636086606867412,2.2563134200755677,1.740868071203454,1.640474255818588,1.5265556978074653,1.505981521115881,1.6049390323711967,1.9072112953317648,2.056187334987944,2.176882374535954,2.080810468381574,2.2007840010709674,2.606527690231351,2.9254860839682433,3.049558797678762,3.191331528933141,3.089906682631009,3.0291852997935895,2.81481289461407,3.128498789739239,3.0685177306206217
2025-09-19,UGRD,10 m above ground,46.5,9.5,1.5677368635320472,1.483842350185094,1.4509560612202712,1.2759004630720328,1.7583299932333862,1.8456082643145957,1.9513558756504996,1.9945598885138531,2.048093692584338,2.04765387260737,1.978639427022504,2.3121713725369855,2.7571114976349316,2.5661455331603573,2.150288474621193,2.099272895291794,2.101479755912453,1.989112437404728,1.744228622687856,2.168399069641434,2.7705191990450437,2.8907086188286457,2.394076698428494,2.5290603261717566,3.380741978088497,3.2530195914961855,2.5919772393003333,2.746170379574946,2.8414901361233937,2.773608609035153,2.6063950904818167,2.4598319881026995,2.2295838051094305,1.87231457229501,1.5049584022131457,1.6362702922839334,2.0891475427437096,2.0222648689389047,1.9706121820640052,1.8140461094188929,1.7604748172372098,1.728454919339829,1.6982646228139382,2.116771018558872,2.6839972905804217,2.7581643161560203,2.314951226998814,2.0160945996177593,1.8168699138900033,1.6134930300822683,1.452634867239583,1.961839543168869,2.638107033531549,2.6420651876214514,1.983093298205532,2.002240214664236,1.920799667946516
2025-09-20,UGRD,10 m above ground,46.5,9.5,2.076327270389174,2.066907157240135,2.009621239213269,2.3053227350639856,2.768108454153226,2.5727352943547706,2.0915195657557737,2.05430446628115,2.0625587365495184,2.008761031089905,1.875879393896203,2.3089762321120286,2.9850947569001303,3.0932518278298673,2.545803333114475,2.5594567430596387,2.831983763238636,2.5338428328970712,2.4212300375935167,2.682713693631807,3.076531439275829,2.97349747906212,2.7362941819493445,2.564696315393746,2.490379190986104,2.4015098010371703,2.320062239481341,2.528121519864146,2.7929422545995592,2.6433666651491308,2.3254761388821485,2.527286983775712,2.7105046272953452,3.0460976172114633,3.325290468324907,3.680925559716893,3.586013952397355,3.066266835134934,2.663973829054036,2.2903139909295103,2.184896745963377,2.017507632492434,1.9099066426736824,2.1069225345499047,2.2901711707001713,2.1198812785030934,1.8150673683135987,1.5864012132453436,1.642647084592351,1.7712974590496715,1.8677186031769348,2.491546161895248,2.82535891870623,2.708239545242009,2.222610958696575,1.9176428009282027,1.8529366211475775
2025-09-21,UGRD,10 m above ground,46.5,9.5,2.1955589049687503,2.163855161655742,2.0283598283447644,2.495201190990311,3.227774486800585,3.2276843386522227,2.768825516911344,3.088921433802375,2.867342257834469,2.6209584839958,2.310307332821359,2.6126384859823624,2.8996007387349647,2.8621492792815104,2.703410134258963,2.441081643118489,2.2503898178393404,2.2473747319133146,2.2582685758312047,2.6376148139140723,3.032606775176984,3.066020235092859,2.8104089249876187,2.788613456176985,3.062588733158872,3.236109471267253,3.8304946133125184,4.521462360881493,4.012121238551542,3.416226573326155,3.094835449204826,2.6030396646834895,2.2409258679598856,1.8977617105585176,1.807623970260252,2.072183588772857,2.413173315937999,2.391019202421208,2.026054365994508,1.7397436195346343,1.615530061733355,1.7346963315879136,1.749924666775807,2.1270329970528397,2.2747666475229447,2.0861359912889963,1.6663738226595026,1.3422813783072485,1.27442016953278,1.2538356836602444,1.29116215160493,1.7918190243631151,2.298464855201418,2.0926922242231183,1.424877813213362,1.3619267178737964,1.3590075919334872
2025-09-22,UGRD,10 m above ground,46.5,9.5,2.7257192407668156,2.4139295794433377,2.2763943464751786,2.956105108656826,3.5386643382849945,3.3062454443841434,2.764940141298587,2.380772664125321,2.4041728285372814,2.3691937338169526,2.464698795017,2.9805403572670084,3.5437298961894914,3.5499910403211357,3.419915843203515,3.435569779161668,3.1146725511276294,2.9031575619848473,2.776078679610039,2.8084492503103133,2.685446872625503,2.6135285585307715,2.6482587643423945,2.4015606293351697,2.0640496888008606,1.7967802249616351,1.588873931548025,1.7298284706262717,2.1126384690300775,2.318065367417158,1.9652230256726275,1.936847494552772,1.9026582863191015,1.9889444133944356,2.1946400758486213,2.8712220727598874,3.300458681940215,3.1861421309037636,2.719776319809759,2.512253202421273,2.294609922200199,2.12203531038526,2.0750154560082534,2.982989246583184,3.615459680618291,3.3599277227836377,2.6574590406914984,2.3878150551350386,2.2296994537029184,2.1159643487339133,2.1199962710736027,3.1179021393783377,3.5916064029389414,3.022167711169003,2.395965536997104,2.2723182024500987,2.2355241982282736
2025-09-23,UGRD,10 m above ground,46.5,9.5,2.2559642990013287,2.2012625873024367,2.2051319713075257,2.6637610734866772,3.189262420058066,3.275256319986163,3.0515246506268845,2.7427937175671584,2.618075060786164,2.6158463360545117,2.698274209210283,3.139711358754967,3.2708558090102997,3.049465450419479,2.6617212636930443,2.4826221588695847,2.390619220301791,2.221305768473085,1.87631283746176,1.9464350911171897,2.3269705248200756,2.514936048390241,2.191449238510741,2.2075912866490355,2.2261002861788555,2.211773883358808,2.2247041668838214,2.9211872772207887,3.3008218661799473,2.9169443431460302,2.4985280687664666,2.3627585212863016,2.126460644690474,1.9252546695336972,1.7775447085669098,2.330430095429885,2.825569736526688,2.5420269408676406,1.8745558207727064,1.5938397696096431,1.5288408350561409,1.4779850769855858,1.5129544811337556,2.209238583320063,2.7395016546071025,2.4443749998396567,1.8763773333649632,1.6708786888418712,1.474469391229665,1.3358323311497076,1.344036776327346,1.734922616375185,1.970334434446379,2.0180484109102785,1.5824635851039552,1.2522740788102182,1.1902805763049658
2025-09-24,UGRD,10 m above ground,46.5,9.5,2.767470824633123,2.4679711557335966,2.59239518860539,2.850497482164742,2.931562704409265,2.701848579823776,2.1773471413116816,1.9049789059712483,1.7872195254409533,1.642798544101344,1.4947454330593222,1.5054580277542875,1.7641703280175636,1.9557747810860489,1.7025644554895698,1.621102664040727,1.9808102110910597,2.219836344004982,2.4079510681196608,3.017459963648945,3.2871087774648853,3.0209194208083097,2.5403319683851127,2.1998355879171188,1.8591664420113625,1.6242555640732266,1.5918243998659842,2.226625717023892,2.6154899841392205,2.227027458961084,1.8071805426840104,1.615507905533056,1.3730806632802546,1.3264267070860347,1.372931196700307,2.1153897365387926,2.6958623035351494,2.562203418097615,2.024141570600366,1.8207142188616416,1.6881313981821695,1.7107112938039908,1.7519283194427475,2.717718584815603,3.623440105261971,3.1369516358123697,2.466664694252155,2.252140819958257,1.7646409744397644,1.3302143672939897,1.1732406511000846,1.520249325889908,1.7631653894466783,1.4506248348633026,1.139056281636161,1.111767818203418,1.092580859991113
2025-09-25,UGRD,10 m above ground,46.5,9.5,1.936558319057164,1.8938354759076397,1.8033425520344697,1.9876245796336465,2.2031253892191236,1.7543245167298644,1.6032189214283827,1.6533214712790594,1.7952037480772671,1.8834230619189267,2.004545711929147,2.4187690519764953,2.7630859513577186,2.8174798788811275,2.5333557637221116,2.211323474896101,1.9423682929878765,1.7645352212566898,1.649017335195645,2.074384560453243,2.0825915196587506,1.8153201311017693,1.3642186052751462,1.1964180846815085,0.9982402979693816,1.0055734885540282,0.9552898575224684,1.0988621573848871,1.7144017399403686,1.803381424298537,1.369782067330325,1.2399435976198947,1.2884197463483416,1.1989222873724883,1.1395860141356533,1.2664800731746686,1.6653561634346188,1.775971749057819,1.3729662798078128,1.4336805704783584,1.4217237414894317,1.4131874368884882,1.3730096928474491,1.95330665299032,2.5836483319121024,2.63986679577359,1.817288147111388,1.6401103554323582,1.5763597336386506,1.5020084026509726,1.4487020864334337,2.3685931980746164,2.989901211268341,2.7516131718031147,1.698630044022187,1.6856219998410698,1.6853120709978888
2025-09-26,UGRD,10 m above ground,46.5,9.5,1.870891109253652,2.0648055356426815,2.1140314171726717,2.5981159687526043,2.9632820608295987,3.0098314586911092,2.637223528457221,2.3817523776667775,2.1213199638692046,1.888365739487242,1.6195587851733175,2.0600021285162193,2.326279773374686,2.038044982442458,1.4790762440886986,1.2196538657642575,1.0923556799569227,1.0789397425140546,0.9574331298843132,1.195906578473844,1.8995770441113151,2.028733795211261,1.5338534391615046,1.4276296471953869,1.4195376623353215,1.5291760124100136,1.5090975118245995,1.998470414908768,2.353278609174979,2.420529687345992,1.89990174416161,1.6922642244535524,1.5573006416433852,1.5703533143770767,1.667816410259534,2.523942140149786,2.840003948722882,3.046010843561796,2.315047826112272,1.9971028879017751,1.8613374219934675,1.8347879022767315,1.9216970751713536,2.8953611122235374,3.2287244812304063,3.406132289410916,2.725592200484329,2.411045782242262,2.3337853039642233,2.5333909826713072,2.484569974573004,3.451337684860435,3.992283770476913,3.545916417471258,2.610891875139365,2.122916151678247,1.9780024509948704
2025-09-27,UGRD,10 m above ground,46.5,9.5,2.286050985448149,2.195698592580174,2.00580294449161,2.416980747286457,2.4985585400725503,2.1131278266391025,1.57435817284171,1.2684800254914492,1.0992950955254497,1.135583967086132,1.0837960907902495,1.2650914076193658,2.0026149169571297,2.085249070747857,1.6003665615101357,1.543783915574704,1.5273125597361714,1.646378916370741,1.6266109603623735,1.9559024117766843,2.3647463838470486,2.3688912896607612,1.630464436746569,1.3559298022371815,1.201060869187328,1.2848430396671926,1.407218559308692,1.8321930434584677,1.98546344475622,2.165560699111853,1.9866347439699428,1.8650670388203243,1.937685658768422,2.0402230432265296,2.168475897828067,3.2577818590569048,3.594097932140523,3.540180560424771,2.829160335192394,2.4708678394890167,2.2595484779733352,2.220207655696488,2.2736976562851003,3.686761802470906,4.046390735892056,3.757636887317731,2.6126544451978497,2.3031528808868176,2.1293581289228776,2.111440569308939,2.1270915791143583,3.1238464005510456,3.438315798972209,3.2601776997662393,2.377024281266162,2.327385883392709,2.310738279965461
2025-09-28,UGRD,10 m above ground,46.5,9.5,1.2058719271699614,1.0645691639578891,1.0282885120635437,1.4817614795889835,2.0185914999701704,2.058215371707772,1.5806934878768626,1.5441008950275332,1.5359420377855093,1.6078875574651836,1.577894793513946,1.9612184395094705,2.255237817476206,2.1889255650526276,1.5677082842248449,1.258051116525206,1.103599742056719,1.1645526816148444,1.196281760895222,1.5106336108597231,1.8359065933729353,1.821137049659074,1.6064879280782964,1.6221308954421303,1.7282159759914584,1.93302925929114,2.121069120281568,2.9753079487051752,3.3277524832079406,3.5187195237952,3.062328329652284,2.8302996965865477,2.6277731446461434,2.5926423346016625,2.7029220241309084,3.864335634488616,4.04783683470329,3.76332685569052,2.7429524831705026,2.415899907159896,2.305081075790479,2.299910466241088,2.3307235195131115,3.2607092561537376,3.674250777200137,3.444295754295018,2.7397396675777337,2.7603405423746494,2.8590958614228774,2.9159253494048514,2.9100713475674405,3.140040437043787,2.947719591635225,2.6122001605087535,1.9976678615208512,1.777542809313858,1.5426585592747086
2025-09-29,UGRD,10 m above ground,46.5,9.5,1.4844006064223527,1.5856056635097833,1.5860405895902838,1.9147319304945607,2.2092022283340924,2.184469574476193,1.5465890947901615,1.2366674431530231,1.1406517608848223,1.3089417260589429,1.3715906480304674,1.7039171112884608,2.0212165468579073,2.1376023973992173,1.8550857980634143,1.7920166789434648,1.8261996476586129,1.980221546365216,2.2097220076254387,3.0305065410572483,3.359214562453486,3.314976399214207,2.8431140835590014,2.6302009959625305,2.5859363921897307,2.5000756474476655,2.4412461218990593,3.4238956021488063,3.726798472667352,3.4855845565343446,2.3201443825027077,2.0773351106063656,1.9852754816194385,1.905829629965075,1.7751867095481493,2.652554868171767,3.0420631798476885,2.6971357596373076,2.0683177338874787,2.056320762805826,2.0423307690069525,2.047296755795984,2.1251206253553754,2.7703536485976032,3.26209163807488,3.102351973385335,3.064901513302821,3.0731529819626133,2.9031015428286593,2.3607704857196983,2.643244192932476,3.1906596178899513,3.509981006518399,3.324759556309438,3.304652618687296,3.1877140007195477,2.8461024155582435
2025-09-30,UGRD,10 m above ground,46.5,9.5,1.2097370720525968,1.4326557809374978,1.4554180833691786,1.8322176944083344,1.9494181436270408,1.844108754798048,1.6030641494362554,1.5485897282440573,1.658582665215587,1.8186153301780792,1.9514005559695455,2.939336591967856,3.3792902539288248,3.4783940296086455,2.77555403825286,2.4759529001401392,2.205557737663588,2.1757883973658236,2.2140062331411303,3.433795113933608,3.870473957943648,3.590749040327328,2.325920052461879,2.13301740090987,1.9333136768579389,1.8406202658293933,1.6855818299486032,2.199202482331197,2.40668266713685,2.101329053174626,1.7222034882867947,1.867874028425544,1.8563330814071493,2.1999916705153177,2.8418960212393354,3.878506286592077,4.166286422278677,3.879118369870464,3.624986756431387,3.218665212827503,3.127136772400017,3.828561401936585,4.053815282103582,4.312156061237137,4.711685319939708,4.5319655015829525,4.52902356223812,4.658328129305521,4.523246271332988,4.369212753267669,4.296105948863036,4.325042590327974,4.2615231844120505,4.08949541584477,3.715118786497813,3.662010931435845,3.6681391370298937
2025-10-01,UGRD,10 m above ground,46.5,9.5,1.8581148456289112,2.007740870056834,2.215859626133522,3.0348809361064193,3.4404699790976245,3.4909617232950128,2.590438857100622,2.2039755829994907,2.0707204564294637,2.037814960031201,2.1002039172744684,3.277559425277169,3.608773349684558,3.404585107591676,2.196733983617146,1.8860179032463735,1.7619993600117518,1.6962543407319093,1.5230427387506351,2.103992335154093,2.448037310690967,2.1756107566555447,1.6041187411126587,1.8518904487147965,1.8725663424804215,1.8795200832131609,1.8206295199573368,2.0469934886755254,2.4085037626839174,2.2013014757340845,2.3775752172568194,2.79121748271311,3.264512032043868,3.318788412171775,3.623089660834223,4.09419633815383,4.044054679835858,3.0463900413230056,1.7234544885011105,1.432220007196693,1.3754496646551595,1.3255419758465183,1.2326715465663252,1.2668960251035657,1.6233618776582026,1.3809601256958028,1.0621335409466006,1.2167334399371814,1.2565157522269903,1.3148995726804995,1.3022227259484902,1.498187519267649,1.9554542360619849,1.7790358363737804,1.725436443848726,1.7977933059999551,1.837754893620372
2025-10-02,UGRD,10 m above ground,46.5,9.5,2.1782751252814756,2.114271789307237,2.2217164891074104,3.504389742290198,3.829301576442208,3.4999387789650953,2.383192532637385,2.1221328942151994,2.018758650330945,1.954771209138523,1.9662575937754416,2.5714209539454096,2.7824174124889627,2.4161647311469414,1.992018214500238,2.023033832007034,2.111646586662453,2.094844545545087,1.9253932698379577,1.9780501200923608,2.403470366692615,2.8541647014574982,3.1680789070932716,3.535380562842085,4.854070226191173,4.592821892675154,4.108242458759856,4.365437474787275,4.524234007098892,3.814830008812856,2.530313635323557,2.4862870216994257,2.603707178289278,2.668433035358505,2.606971110210794,2.9158002851743863,2.894006516298264,2.4047541660282112,2.2677851048592967,2.25870021758614,2.064904148113474,1.9771710781198175,1.767559943002963,1.3547895613917502,1.4676686388792697,1.3442832092238592,1.2563188306278172,1.660406950918314,1.6446975026677677,1.7699282235589602,1.8189748834785455,2.6241456722933743,3.5183863170617427,3.13973895490308,2.3345878187755846,2.252158290467743,2.093383481218553
2025-10-03,UGRD,10 m above ground,46.5,9.5,2.114423821031994,2.078063977073832,2.0479016302461166,2.6846489208778825,2.9241969211606116,2.4819618647151356,1.9418255639358144,2.1000795678851514,2.0361731758958475,2.0692888397839697,1.8918545385524483,2.450275279813845,3.355397497351638,3.5128363677195553,3.5328364737697395,4.1563575370381205,4.436009135404679,4.269485875628611,4.206604682311927,4.233757958631321,4.21161306844485,4.181389918903452,3.585692565850688,3.635913313749654,3.605349902276616,3.6088559402821287,3.617471114609283,4.266998025248607,4.318562310059162,3.858694057653899,3.412107695296485,3.1940735353242187,2.9602827762109447,2.7858588225321084,2.4873483851140405,2.564659421203897,2.5336837643348185,2.1876779741569816,1.8423923123921369,1.665729124419122,1.447936840337409,1.4144657175239324,1.2877388296391743,1.327166254422009,1.5340543993312656,1.4550414234029134,1.3756489616161134,1.3266316137127203,1.352604143303472,1.3592828284608731,1.2850913525378842,1.5611056025684102,2.010332781794548,1.803747028484968,1.4834360769728303,1.417418347426744,1.4635917352430443
2025-10-04,UGRD,10 m above ground,46.5,9.5,1.973708367389953,2.037889729498541,2.0479340850706045,2.902323537028052,3.7710973406917216,4.01428366785532,4.127522841630968,4.538794649903816,4.526273237186954,4.309372344359859,4.2976735710319085,4.1108677501729485,4.10997149183605,4.19347897339857,3.981851746591932,3.8513311020520535,3.8371727667032376,3.877697213529242,3.8366228752510185,4.304876650132319,4.2705183273580785,3.804039491031615,3.4391840214821405,3.238681465326485,3.00855266325483,2.7908398901143254,2.615346761303756,2.5050296849652973,2.563982614653664,2.1963088516139564,1.9214890065475316,1.7536697066879148,1.490310244766811,1.3119411660296625,1.3276132912593814,1.2713479507242216,1.5898823852405235,1.597126860187876,1.4760664422638512,1.41705957015885,1.5049288846599986,1.533396354656542,1.576280280884365,1.7030573308401475,2.022333594730662,1.9864450297851988,1.6160618868351704,1.4208230815689786,1.477013743098738,1.481690285236607,1.3345314664377934,1.398397394020297,1.7983762542415302,1.7370271765277572,1.4620459677321294,1.4710341274385603,1.5186676196890496
2025-10-05,UGRD,10 m above ground,46.5,9.5,4.584284371169227,4.0806223529730845,4.132516081526815,4.250248333823312,4.1157174197506095,4.050851501370092,4.001253068972108,3.905606875498104,3.915547743253093,3.973255052370069,3.967720994349503,4.44682130638216,4.6314589993448685,3.810780175631305,3.2556689963696983,3.122699665318373,2.958932706673485,2.760994066519937,2.4922502994357143,2.4324486014556337,2.6599539777123606,2.3461706447510755,2.009150787990575,1.9869486354737844,1.7978401136087088,1.6912406249799332,1.6180692067848133,1.6559799039793766,2.023683666869468,1.8010717237399223,1.5036267769992633,1.3879759653391113,1.2975508487416751,1.2501374516713724,1.2308889594201446,1.2433216777905949,1.9475930866390727,1.7827098465435285,1.3489350348379012,1.3238148843366715,1.45512744235808,1.4658371573529485,1.377759538441645,1.5380026180555566,1.924046561617724,1.6140672116490815,1.1340487831387742,1.1164874568988572,1.064217275571531,1.0215855227658894,1.1574370035942585,1.4076404000812508,1.9886999259769145,1.926267222088669,1.5682340079129755,1.4626590087389666,1.503657261471576
2025-10-06,UGRD,10 m above ground,46.5,9.5,3.915807720674891,3.958908737229843,4.153755787538225,4.528571301987978,4.686734990425929,3.994214569583782,3.496147104338494,3.3496391903684857,3.273450968777409,3.0301475409141756,2.77872561975842,2.7084025709941493,2.7529195562148336,2.464744309768258,1.953882348242872,1.7569598964319637,1.6770470778264697,1.647941771148976,1.5620268404629134,1.6450303141401728,2.0547858984434035,1.851650514730708,1.3748473154328007,1.2148172797220962,1.1018535762249424,1.2069002005318457,1.1829036885276007,1.2355072150551922,1.716477683351901,1.562849888905275,1.3580365119021491,1.2058129327226657,1.2786234611464438,1.4907959099522603,1.500246305391828,2.2552452629127937,3.0393305794846737,2.832414954000192,2.499435869173471,2.3915098541620283,2.3091115296509797,2.2854377612449572,2.355712480884148,2.9002588299771563,3.3749904400626107,3.2978613207446155,2.770628086519765,2.5757670383971902,2.1936798713316654,1.9222370291633313,1.799055194182852,2.566922096369412,3.018729060182105,2.8006487212151248,1.9942482314529768,1.8462749693105152,1.976999361670147
2025-10-07,UGRD,10 m above ground,46.5,9.5,3.577593484644656,3.2294918057547735,2.842189711668394,2.868576452690443,3.0596971073593817,2.634674206103205,2.025257111312807,1.8121202495347255,1.6560077445668069,1.6086719355897712,1.490343447907629,1.5254264067356549,1.9642007728525996,1.7390072040120792,1.271176045264462,1.0714697617303015,1.0872059701515,1.30768819799618,1.3287835853016623,1.469691932125641,1.9682766117503832,1.8536040109650844,1.713614050474281,1.5982737257698558,1.5967074751285002,1.5773590297878577,1.643901949629715,2.454878066793905,3.0316144095201345,2.8931446311660163,2.635807189125709,2.479724021425179,2.399965753391464,2.2906862836331534,2.199467825549316,2.720751178005882,3.052108586235856,2.739860344985684,2.18078961735208,1.984503588434704,1.6794441248818457,1.6126808159818442,1.537990893207922,1.780915524251622,2.3277339877103573,2.001485104117058,1.565326130843681,1.6255230894320705,1.7036975615467935,1.7164416867311174,1.7334020610220109,1.8962389688736871,2.525893562989169,2.3668175368507707,1.7952694651369323,1.6497933964606672,1.551981525727443
2025-10-08,UGRD,10 m above ground,46.5,9.5,1.644444554252498,1.6039565937749942,1.5001363137986088,1.5862112753010027,1.9936772711438224,1.6997053404827234,1.1477965055928363,1.1494585819055168,1.3131413690986655,1.438469876231531,1.4588929062943996,1.6364528090222912,2.0796120589286557,2.112174393266868,1.8625013821185272,1.6960968442155298,1.6455571109482905,1.6459042533249777,1.7376499726598325,2.2920029216323825,2.975316800555738,2.7336740521698246,2.220520363025844,2.1027355739177715,2.067426547487092,2.0393152825352527,1.9470340492732976,2.4286237955969745,2.9311085231582448,2.4716406309376913,1.8806650008179984,1.7745735941261565,1.632909444367088,1.5310454051476643,1.376729343554616,1.5105104469960384,1.91928563046228,1.714423744176532,1.2022381353735028,1.3289901794785748,1.4478518953979571,1.547919103413237,1.6423181719156543,2.098112966457253,2.6344035690077447,2.6309213111844914,1.9126183233567304,1.8468470825989085,1.8802169896948635,1.825504988510216,1.7267577177047362,2.291574178221154,2.521838380082333,2.301410327312601,1.76005437942595,1.5930069023308606,1.565573923226416
2025-10-09,UGRD,10 m above ground,46.5,9.5,1.281212081808586,1.4063431113644835,1.5070951970925257,1.7539832986879011,1.8931461581380808,1.923276938957843,1.7891282701156752,1.6904931322121537,1.555948877195751,1.667035767659299,1.885341684561884,2.4826575887408104,3.1115950011558735,2.8888098833815965,2.334854762197809,2.1993456917643477,2.1448824882446353,2.109265530784306,1.929967349920348,2.297654611314799,2.7949373146257654,2.421627568687399,1.8114363015970965,1.701478881319339,1.5499436899389063,1.4040513812387028,1.3147115328464762,1.4889652949113803,2.1108676061092084,1.9023133398024776,1.4982647802754463,1.5222727983865276,1.524335652655597,1.4900054354131234,1.3232865364085962,1.302749506517146,1.876178724599859,1.9040515502061417,1.378417715871549,1.2160821641791015,1.3089850003569414,1.397576947774322,1.5341395215581142,2.1025394734376355,2.469219659673236,2.195826267402157,1.450606458309156,1.2803467034227018,1.2154772804240437,1.126397955596119,1.020799014816558,1.136711058443123,1.6404856398117431,1.567713404205981,1.0815001589310085,1.0159005946098931,0.9232447392974148
2025-10-10,UGRD,10 m above ground,46.5,9.5,1.5984060354534448,1.6911238450286183,1.9327675260405284,2.623738647212954,3.1032715623389495,2.93705227019751,2.5046315164467923,2.3443934187142927,2.313042049747448,2.2560501030217543,2.108866422165766,2.3623142731818385,2.8196748912008727,2.328411894388,1.6218244740575054,1.551958386341286,1.4701911610091625,1.4036338710416452,1.3356095718590455,1.6813170091287355,2.3602731025767283,2.4176324686961546,1.898505055040712,1.8065450298712245,1.647389238764245,1.590155120537171,1.4551029622723433,1.4840266052875837,1.9881986005434291,1.9508827658493617,1.5240360858995503,1.3460161009490763,1.368393717546515,1.3698473670533204,1.3125079288761357,1.6516912655685636,2.159783686211463,1.874623564526414,1.3614858046193246,1.1943450436163765,1.106052780802624,1.13837842661778,1.0660279284215497,1.355945609815445,2.087255643279895,1.962120488444724,1.3021418173216883,1.1614689156825002,1.122009780868579,1.04897516058421,0.967480566213938,1.338058597347246,1.9529626233683128,1.6719067774506948,1.106213841797394,1.0943067723320663,1.0744864968539358
2025-10-11,UGRD,10 m above ground,46.5,9.5,2.4048343320113923,2.333952384844343,2.214457294083694,2.3693686986864666,2.668115046488108,2.260392442925439,1.5706329997279709,1.5007254136899804,1.314504641843738,1.1870430068139548,1.1675812932330971,1.6051127116609964,2.2218048027638884,2.220362390536793,1.6526752812768124,1.6098057100843524,1.6391418557215411,1.6261472213870811,1.4229789766263017,1.4688735859802011,2.1279020672922395,1.963202328998841,1.4047267157648458,1.4257827450095006,1.5016981418795117,1.657419644361508,1.7203033389058675,2.340132232887078,2.786313050560807,2.5507982473862367,1.7935562914128012,1.5105490767691303,1.4532067228364496,1.476147664393269,1.4446897945405053,2.1126665323723044,2.5973943899876657,2.3966350539512753,1.5519875272836283,1.4235223882900851,1.3620163107079033,1.2138039248756334,1.0782965642071725,1.4774117673917475,1.9988762362719228,1.7672623409840038,1.1117430979639735,1.065196493558206,1.0044183930801398,1.0204059456278836,1.028266611766372,1.1324990561815502,1.810506284489154,1.7291889435328642,1.3509704191680416,1.503784695807338,1.595943938069866
2025-10-12,UGRD,10 m above ground,46.5,9.5,1.643833401187024,1.5072155363872413,1.3767000049621632,1.6359181447719422,2.1318817383062676,1.9950832312346576,1.5452009811877316,1.5865474177957093,1.5311276678859036,1.5455122064132838,1.4627281788423854,1.3849284993785749,2.151777118829533,1.9973397530806412,1.3058521856020562,1.175704472171777,1.0972788496769537,1.0123255518148155,0.9966313673407368,1.3025372756038929,1.845646717242611,1.71096118230444,1.3369925040763513,1.095105502657166,1.0102350374232425,1.0263559609578476,1.0319371790523355,1.3251688043355478,1.8921200129604148,1.8919344327081216,1.3616889867238848,1.2459823828757637,1.2931516915521115,1.1866225998890938,1.0996157768093766,1.4816676636236576,1.9211478309470624,1.7859034370754867,1.2883942762965963,1.2361248545458854,1.171771939910514,1.072988889602793,0.949693413897976,1.2436758390914822,1.7723159190257969,1.557637841036375,1.0788852357407448,1.121078456747557,1.1380238912560756,1.1550241936354133,1.0841733599381134,0.8944753286165857,1.2553589246636392,1.4086096521719194,1.2052616666662015,1.353529940110705,1.4421471513310111
2025-10-13,UGRD,10 m above ground,46.5,9.5,1.6578306259980855,1.619167514788404,1.5148404867289729,1.509193456188625,2.2033150883691177,2.1259570936722,1.3844314342033135,1.239185285259003,1.2578360285245105,1.1399137049239445,1.0453552661594667,1.4688883507045103,1.9443783985088596,1.890889787030646,1.354476250327727,1.1786872473021863,1.0953961997949593,1.1012294629128028,1.0287405791283135,1.17582459889733,1.8570030952448984,1.883093332617714,1.2974003896390918,1.1769790904358794,1.147881455827203,1.0408708389932118,0.9739060849901136,1.3672108031313888,1.9072078006344748,1.741038687278466,1.244308176186908,1.0724195218524604,1.0366285564991546,0.9535469869544624,0.9707028883785396,1.1417475798114936,1.6196432307013713,1.6282867641150447,1.236151252153824,1.2521448539840037,1.296659130302495,1.2922416585942558,1.2423002804236565,1.401413667942876,2.0102726687670707,1.889228323015524,1.5450399635072545,1.6230974314020994,1.68038046027772,1.709430586182803,1.8050193800073893,2.516712044304976,2.9217430809622513,2.811797577407612,2.643677882713554,2.6954311319313717,2.796614322256523
2025-10-14,UGRD,10 m above ground,46.5,9.5,1.286693040477214,1.222914260213766,1.1337669567897348,1.475701803432616,2.071154034686715,1.913955726627976,1.345296673701189,1.2579956353828663,1.242657875346279,1.288748330450621,1.256102740847656,1.4567453443982297,2.143553525521341,1.9974307321077192,1.3304604385992094,1.1340160976080376,1.093669418718587,1.0228749653777949,0.8881995121748665,1.2757475490292036,1.7012153094994216,1.552412215467644,1.0905972765751617,0.9241706362025124,0.8648764256888163,0.9320369528015384,0.9871693213251612,1.095899375136524,1.681822189714038,1.6599386388208086,1.1785302539713145,1.174001104197627,1.2163475467831646,1.3093267262120865,1.3901606366807069,2.0666035674412173,2.3477710163565098,2.1485672045970277,1.646884106332236,1.6284385582683367,1.5207468139205809,1.4516837988728886,1.3951651427553284,1.9072009408394583,2.1441688338971354,1.9303223744206504,1.3813132195967328,1.3349031488522245,1.3025611759189883,1.3051111599584182,1.3281216394989768,1.6225205668988694,2.1043681745304266,1.8000845266206411,1.7705831910374714,1.9136154199593856,1.932503143641808
2025-10-15,UGRD,10 m above ground,46.5,9.5,1.274333683093004,1.3210206391926165,1.217455680403181,1.2794510580936926,1.8848066931143483,1.768854187671314,1.1807281976518782,0.9886138179492936,0.9297630218945692,0.8720659677068091,0.8386053188203604,1.2304212204689216,1.8047147166158917,1.697574251071829,1.2001598285873245,1.0927691832972617,1.1356552929570896,1.1423346891368555,1.1515500706632595,1.1371061479690645,1.6698185340143816,1.6667109494036063,1.283912988389546,1.3645964297595805,1.55220393252667,1.873568676759306,1.9624119156145736,2.6064309595074295,2.735374393967059,2.5856650266797216,1.9320398267621093,1.8692422387666707,1.8003901101406488,1.766445878132709,1.6911049284161417,2.0501216543617233,2.4663786050834817,2.324663794078557,2.1310404184637024,2.0750887814022776,1.994534675115972,1.966523818838964,2.0944906859996726,2.7824888396660588,3.396489117181993,2.95492170544572,2.562095791118427,2.54266515802674,2.434564089197196,2.2967298527557607,2.189635187887144,2.3394987894922976,2.653269991199883,2.2672930287447697,2.1890464315290634,2.190827799735482,2.157972309704629
2025-10-16,UGRD,10 m above ground,46.5,9.5,0.9571413794652336,0.9027280886293112,0.8537369958848332,1.2433987236333757,1.753206881686369,1.6850750531954288,1.0741486340962814,0.9310997409248438,0.9709130771674233,0.9508184815562316,0.9907030669576384,0.9997532533042224,1.4647422254021745,1.493296462374694,1.1359824828899558,1.1478291361823103,1.3393653483662025,1.7523262798798875,2.1447590027539167,3.011391934417522,3.0959102852018443,2.815609117038223,2.1043715006029955,2.080941810990153,2.021687803966868,1.9342959533325568,1.7078168216497835,2.123235019905747,2.4188748831434097,2.1974320371844236,2.1371875534182303,2.163293452166797,2.209202632623446,2.2081626435962383,2.301210826059167,2.8765916981750808,3.101798603707473,2.679209092064807,2.585025040248385,2.4124923084854557,2.1410906241706407,1.9298926319750984,1.7755986545147353,2.0079950437535805,2.4042512265598184,1.9893613292901,1.827828956187176,1.8418656012940864,1.777438687958245,1.768734043449185,1.9249771079643156,2.224855416879429,3.0176638296509997,2.3318376478946123,1.7562394503873169,1.929816526098474,2.212809077499964
2025-10-17,UGRD,10 m above ground,46.5,9.5,0.9739995954330222,1.0241552429192868,1.0684118109112082,1.1441912868313309,1.583404830455947,1.490741549970162,1.27231480352117,1.254948230981246,1.405361477004928,1.6252744596973256,1.8285007078770872,2.3177955122579483,2.901355919950371,2.6328447359269025,2.003970968299348,1.9361285593527828,1.9443820733383397,1.927535107806612,1.7998078510126343,2.140530655831237,2.413499174807133,2.188588943706907,2.1958399191721565,2.189265483803754,2.2036447459679307,2.2293026082375187,2.2583626155287506,2.653094225299574,3.142707090902717,2.864310787730931,2.602614360216435,2.4787425213415943,2.2571955273220032,2.005499020891844,1.8477460545223108,1.9458579255322603,2.269480300660338,2.0060736061313973,1.989195707612496,2.011877532504478,1.8471658232066033,1.6521988752213022,1.8030212195477084,2.24942502975913,2.477514061224655,2.297340518563395,1.604126373765792,1.6096082767582027,1.6505741702888954,1.8200262555012992,2.0754918284237314,2.9511427836417266,2.948939766166741,2.5577667281199665,2.7016117765336505,2.992390212124959,3.0501032401158144
2025-10-18,UGRD,10 m above ground,46.5,9.5,1.4747323261629188,1.6776174162099875,1.871181797826389,2.1660553479032836,2.6741299965247114,2.5606281244695666,1.9877963998361197,1.893508141865249,1.9561664640831904,1.913394790563524,1.785782938102891,2.1667908603178754,2.4331117935698643,2.1101800439855154,2.133318167831018,2.204011373702957,2.157802235790122,2.1438389364414205,2.1931798033405925,2.6104752927797827,2.966216410983483,2.4216725996745705,2.4385404194045055,2.5014055667028687,2.4673264880796246,2.258601084131605,1.9436282176567277,2.155809175784851,2.3269848710180185,2.0795420585759183,1.7002042826861343,1.6690637156898744,1.6340241043515538,1.6633561910689956,1.8905015071080324,2.155612746785561,2.5554612302739574,1.9198784269213105,1.7299006407272348,1.9177007877077084,2.1662927314553757,2.1540590148379666,2.2874609794087575,2.807255394555,3.13083280980387,2.8362269190574216,2.492219927458815,2.6281048243491796,2.59376994971745,2.782825127610988,2.5908986305820454,3.3200953371749975,3.3903736401804103,2.628895681056102,2.591634409845862,2.507410411276283,2.456831426747639
2025-10-19,UGRD,10 m above ground,46.5,9.5,2.0103900727725694,1.9521839804238044,1.8008300959917107,2.0405686776433347,2.3283464670420555,2.0402942233579733,2.0831876068789676,2.1170965638265296,2.0380805988033917,1.967397571582385,2.0311207636625688,2.6091114281346695,3.053308080484376,2.628590368901009,2.432845820130757,2.396740539034213,2.28109641698947,2.1517130858929865,1.956845860045407,2.015438360169365,2.49218583614448,2.2733277826670824,2.221672366753902,2.123473610638544,2.0889705777863905,1.9408551237312957,1.762858375951739,1.716839067966491,2.1441508082870446,2.4255706676787945,2.5944946880962965,2.37795399649499,2.142262510856546,2.145387677412403,2.088968676799568,2.446893042735229,2.9422684990477803,3.062510063034695,3.4720893668872725,3.720855326655924,3.477812378010234,2.4529087670227225,1.80423477725744,2.0210863606423777,2.015284374627867,2.043315131934314,2.2312664544577236,2.065498988990235,2.232560805677508,2.142057425600834,2.6066444533223554,3.3002473756281,4.28477494541909,4.60136358406395,4.579846204603062,4.959336934962777,4.81476719756288
2025-10-20,UGRD,10 m above ground,46.5,9.5,2.0587874854458796,1.961484219000643,2.099315106986654,2.777345361728513,3.2493393507795942,2.8200280084162785,2.6184889474985384,2.610533641416592,2.4899654292632083,2.381059362209388,2.0679053728786494,2.3409352778942525,2.4579365154193304,2.029427524123988,1.9242546042799749,1.848388622905862,1.832364886186029,1.7862085151187772,1.8686707368087865,2.045722215664114,2.4255402263935064,2.4097019210540624,2.2815738739234384,2.3300386399815824,2.4275499738793163,2.3612660000912307,2.667909607113634,3.5460035412515074,4.097150192836924,4.724628520666439,5.325408781685825,5.529037976235704,5.1921129998069055,4.424563049308258,3.800961923001361,4.116082877268909,4.162002174589867,3.1341198133912824,2.295923983253137,2.339767736544353,2.510719971191472,2.844867789981573,3.1404528912297076,3.6319206594876414,4.013552271879413,4.008458329549393,3.757675447883123,3.711229549744083,3.638186285197365,3.848886400096094,3.816052464265694,4.141134540782105,4.3318425019309075,3.226972733098042,1.8436323428714916,1.6611239910083884,1.8492601633924983
2025-10-21,UGRD,10 m above ground,46.5,9.5,2.6514773542858943,2.548907664371706,2.2387724861984344,2.2628633438586094,2.6207735116229323,2.313185429660781,2.028427169698044,2.053401487717627,1.9182679471066544,1.9164194010611584,1.8792456815174945,2.1200789457289666,2.393395355295602,2.2919920853776583,2.118956264274612,1.9897817888552056,2.112472456378126,2.4366661317751417,2.732536178154223,3.6133362651625114,4.086571634374899,5.207829385761854,5.309352221654182,4.758417299134109,4.56043750099881,4.799680247727132,5.165708767726508,5.0773407513158535,4.827503829759321,3.5565247968999443,2.981082688449848,2.707445889947181,2.428899602091145,2.2837030468018185,2.3198054928263128,2.804526472817157,3.276111647115965,2.9075595380739276,2.964058752483493,3.222580541700286,3.190495678137586,3.081654208984011,2.7139253952101656,3.4658700337874646,3.748754402470616,3.250364388403619,2.618100668097086,2.895846878500376,3.3319792607181338,3.802798865132503,4.093054286820642,4.682184343664894,5.15186059019541,4.854981706388756,4.729225910639556,4.7363571447493875,4.813745833913155
2025-10-22,UGRD,10 m above ground,46.5,9.5,2.173366965229192,2.1667697182276786,2.15930054971031,2.403675374478115,2.4785075828126573,1.9682017132985392,1.8970837187020304,2.074249348154064,2.2823904565678017,2.562146197962588,2.763597519491131,3.6014756771301135,4.754711168193308,5.163689120081626,5.20503182332039,4.613875153302114,4.405784073627599,4.982061280704757,5.637166626607891,5.677714233416668,5.514916648647465,4.161141152871821,3.3081439767003533,3.1566352079928537,2.7520660520686313,2.7168357635970652,3.02252081869351,3.0226264866554384,3.296373256948038,2.890859136859491,2.9278515215474625,3.2031850838759217,3.579544139895985,3.821004405261617,3.705498702096836,3.7938413428303823,4.014937343462719,3.758105198113359,3.9289080657643254,4.587548846622887,4.7662241161328645,4.513273402789516,4.182353949283489,4.365446804604305,4.748912432368913,4.675445188211187,4.412200056086368,4.370632233155122,4.251253797933829,4.159708269212173,4.037212249742548,4.393237484991814,4.817317744320493,4.977996394173857,4.9322874138063275,4.614668801555551,4.25398876163998
2025-10-23,UGRD,10 m above ground,46.5,9.5,2.429004531395685,2.883571217501567,3.0605841775935634,3.918108816805517,4.8141379253106775,5.1138564245862215,5.3219760631201405,4.88669522724676,5.001123964376549,5.987063665505656,5.961638121717483,5.491789415587716,5.171619743689996,4.0359281385294965,3.1903088131672077,2.8917827889611427,2.7505591345909055,2.8099397695299295,3.2055113114265734,3.73491941278181,4.389881079079521,4.200699379978378,4.209969218355112,4.338619251197797,3.9960176499429942,3.689788831435872,3.568670116096675,3.6872249567768463,4.214000079979273,4.0430380810688975,4.090621975399071,4.046596712228386,4.053678344223805,4.158394899732837,4.4058735196871215,5.185061375119192,5.306363698105446,4.505769974497516,4.355896185089113,4.37752727038313,4.363321748332499,4.102459981776004,3.912561980411105,4.1077098618292,4.381094626935004,4.0521013198810225,3.975860644531977,3.671625770695071,3.2836837094487987,3.200949723167212,3.22231803919172,3.228986108107576,3.383423869292432,2.4173507233518423,1.9185762886403344,1.775090708311546,1.7205083242303507
2025-10-24,UGRD,10 m above ground,46.5,9.5,5.089392488784555,5.765302680499873,5.609244550871821,5.521056845302198,5.348423059017465,4.2529454633015495,3.2550915595156305,2.9073468013758914,2.6488853590009356,2.816153214189496,3.176813756629606,3.447736144889599,3.672870815739249,2.9593631114973524,2.5750070196934725,2.3880567319804102,2.783075152833012,3.4332404543183244,3.65604711649375,4.211622810113775,4.844526651080855,4.784830362178921,4.470581641063925,4.5615099146909,4.466508209407228,4.348421322982882,4.154890203644127,4.439710104791704,4.427006042894138,4.02976432871293,4.112871185450257,4.296934985852192,4.3056744908106515,4.0828582129297075,3.9483816425738394,4.480382183797511,4.958502230983093,4.26821755659116,3.5809363999867947,3.2722083534980566,2.670284524374039,2.2751084708079103,2.0625199260586022,1.8716093955552024,2.1694725662013417,2.0348940129516526,2.070467865483512,2.0726768018137465,2.0304380342816515,1.937185625620566,1.891946981714948,1.850011631525585,2.1466029840111007,1.9290328315513787,1.9084026281072928,1.8542108464627411,1.8387673896656056
2025-10-25,UGRD,10 m above ground,46.5,9.5,2.471654319996196,2.6746122261735352,2.9763691973980935,3.464076694134329,4.098139359465135,3.6157332626752425,3.3108006711173266,3.0364750964200145,2.828311229626576,3.06048070766317,3.2766522144018726,3.890377084457752,4.610765747108504,4.281798090884946,4.028481406089787,4.280514120853783,4.50295004430642,4.56554120199402,4.425868499246322,4.550009909579853,4.54207243995207,4.042152876289849,4.022926187732054,4.968391925578799,4.9999193458033995,5.0795916739315405,4.963387881968384,4.68468125833342,4.350718502707687,3.175945230367234,2.7385461533516353,2.7875491174645264,2.782857570042939,2.7389396177163654,2.5328847635516265,2.202830271309539,2.1369953287515067,1.8368473353276416,2.053928925865834,2.127696898195925,2.2301177167499,2.345559983866985,2.450391774623287,3.0290108080347027,3.194858442088078,2.700309166637335,2.5622933218775543,2.4258989342323773,2.2705523572142674,2.2035714735323166,2.4275290882689253,2.803451868908816,3.292191082106267,3.3503445537558365,2.8644296337795794,2.606350637610746,2.285306632419542
2025-10-26,UGRD,10 m above ground,46.5,9.5,2.73509117276399,3.232538108952058,3.6473869368129974,4.168569387887292,4.900032402543399,4.612661272450612,4.24446410894206,4.327549540679446,4.424017700878492,4.5335689435822495,4.651210850387065,4.931057343896098,4.792774450938217,4.271433853683371,4.643665110113476,5.186968129761975,5.015272407238916,4.90848060083696,4.548667386517467,4.591592266605835,4.578851903537716,4.247522583378957,4.355311585972569,4.2363348472606255,3.6950923908433833,2.934409408300901,2.2945314885051045,2.0346663058898775,2.2497683459042763,2.1776183957541377,2.276494649494075,2.245775819281842,2.225406625266346,2.1880833384946934,2.140982627895074,2.2427982287223793,2.448984806050227,2.17789789555355,2.170307183879255,2.064231838943301,1.9875202129247165,1.90734742841442,1.8338008589097003,2.017546992342484,2.3232285222389337,2.187584894724707,2.0737625117048353,1.9881616294880933,1.9743535607263207,1.9384793439318708,1.9466162071042112,2.568319616870079,3.674418918503947,3.4656423648966936,3.4981689091180987,2.733617048119764,2.1309828647984017
2025-10-27,UGRD,10 m above ground,46.5,9.5,4.445917729783238,4.509169311268536,4.835723334581616,5.049824982106019,4.905812023626154,4.510582933025091,4.7185351780044416,4.918897015199908,5.078213161039345,5.027413896087239,4.73155470886539,4.663360275368518,4.369534087310456,3.824828703365044,3.4809613660046677,3.300242534484062,2.8965378471882532,2.418021627100022,2.0318850884789788,2.175401357641906,3.021424313075926,2.7593480675952193,2.810021928716892,2.790237932128126,2.627561007656248,2.639757007799567,2.331951790096966,1.9312806988509823,1.7334529481984065,1.5050280138047072,1.8015914466501957,2.0592894226559,2.1498186647743953,2.056605912648505,1.9565838000925817,1.8525746516859145,1.956366560196893,1.8196803542850168,1.765093102778254,1.4778490094914098,1.42800657712946,1.5238551084127827,1.7906396605098267,2.4049904170326792,3.1333227996501467,2.521299384862208,2.464704842809698,2.231727859787293,1.9433462518365856,1.6644155952054902,1.4988547236991492,1.6908560529581056,2.3705951408052313,2.076770749705618,2.2449696119328713,2.6542791411675215,2.933294975645787
2025-10-28,UGRD,10 m above ground,46.5,9.5,4.827140871453425,4.717646070155812,4.501534082675402,4.559994053729667,4.60354093512085,4.267851754954114,4.039188703237569,3.7104536274996858,3.2088173090428542,2.5920722912574226,2.1422121659780906,2.196095948457625,3.1235428758751524,2.962926565030823,3.0091183674676127,2.9813917372427645,2.8903708216453197,2.899406811458488,2.884095760505894,2.5873091754426385,2.4324928738871527,1.474764907841237,1.4831367043933417,1.588033791299879,1.6037258122748788,1.6781624820669776,1.7163123772387725,1.6899485310683016,1.8622441661637965,1.7524993919622374,1.8205857087382755,1.7729600845202889,1.881778958073831,1.960513774457804,2.0535456731153032,2.6590058885515244,3.110616222116877,2.4340049108050863,2.3222261298179863,2.0378547332587056,1.8510990633124471,1.6414406778669115,1.3930819771280991,1.3970422207696185,2.176399448692706,2.5451420567634164,3.2063827583165714,3.504934247249717,3.2999100547739184,3.5134636876746086,3.717121968722268,3.420251747199886,2.938144982508467,1.674869630402886,1.7315155787975056,1.9032797135972856,1.8651162411824795
2025-10-29,UGRD,10 m above ground,46.5,9.5,3.3415444250414987,2.6266130222120614,2.189673745658815,2.3393540243683533,3.2550583243761304,3.0044979714559936,3.1221068387281097,3.1637894586721993,3.086178533408946,3.433283271654,3.335590212153753,3.4030857965334276,3.4190125995973473,2.3663606343268464,1.6168609310087634,1.7700510485074812,1.7933698067244472,1.68480275927879,1.7108638574241115,1.6138248656834422,1.654669838304844,1.489175510264778,1.570246761711915,1.64877746414559,1.794403789851416,1.903996869474458,1.966472113397657,2.169126442401224,2.4133725650657576,2.0423453111266463,2.1597723316534347,2.088159800070648,1.897784212554416,1.5292214043875016,1.4858641849181655,1.505416461791668,2.1778418579552525,2.300545596852256,2.346973898086809,2.595878402147811,2.8810996784319327,3.390607699937061,3.2153152615587413,3.2761481664916845,3.4449596505313727,2.900482230952486,2.3004497232952255,2.1087496434617625,1.9105498302181096,1.8372348140021035,1.7770134299143283,1.7182845685730106,2.057845158635179,1.5645439137190855,1.7986053400237365,1.712364914414788,1.6361580448968889
2025-10-30,UGRD,10 m above ground,46.5,9.5,3.098127750380775,3.3238251693857226,3.45214550124583,3.5537738821860807,3.5960299854412527,2.3062741017387114,1.5469761359961407,1.704821976357879,1.7651623823811702,1.6520849588813211,1.588303106518888,1.6650094204962422,1.8297694447050616,1.6286566080563565,1.618363886397248,1.7002397904024518,1.7230198038151383,1.7281010053057582,1.862765340688204,2.3337636637198154,2.838139027253484,2.157969435089695,2.0585713265057612,1.9154189363223508,1.7997662747519405,1.817584094155164,1.952538364040162,2.407598114112831,2.831818332003379,2.743810510824519,2.95585272674019,3.22561196117318,3.870108514869522,3.9807597131927066,3.659131087273292,3.8421259190064383,3.824204402809749,2.697240535697965,2.3298815570546636,2.188116380613479,1.9241089237686992,1.8264093097907736,1.725705924343462,1.3010516769806877,1.3037021324439089,1.0749458605337054,1.5074763284350552,1.518935821944499,1.5338374547390932,1.516162416159154,1.526091269701745,1.4113490749135762,1.8863646280270805,1.66938845056826,1.7580363581419327,1.8178212837015677,1.7408806012434748
2025-10-31,UGRD,10 m above ground,46.5,9.5,1.8154096994399471,1.710067677900836,1.639853888695484,1.7074841527441549,1.924215834628371,1.68305207855341,1.6574105902743428,1.631520472903207,1.581142624188174,1.6022403475622458,1.8421137482785053,2.4382984347566885,2.8313752446307574,2.1151823887407764,2.1132111635722746,1.8508457360767407,1.7056796050205842,1.7313363271500113,1.987571775261941,2.6904627289516183,3.5032774181718267,2.8169987587776673,2.5095887726088364,2.722150982618887,3.1895477008391633,3.3646911930156156,2.955843682124177,2.8053278049927366,2.7256837314283224,2.0433011744791756,1.8452120305265385,1.853121546480886,1.7481507753123844,1.6234751207481812,1.6348981633438755,1.2841805538922515,1.4021795167437665,1.390715757197493,1.635464460963303,1.7196087346861888,1.804973909075416,1.7898956455337556,1.8847253867322091,1.924350736191796,2.2685824304317097,1.9933655712465537,2.084133745783567,2.0134619154892563,1.8988605718912428,1.737778245575091,1.7148137374630283,1.5077888903610803,1.6473122364472352,1.0591266299234003,1.3868742403990364,1.4991121990458822,1.5844276195072924
2025-11-01,UGRD,10 m above ground,46.5,9.5,1.5685702987189334,1.6644370184498012,1.84726734037682,2.475239886496393,2.9134662251381243,2.0740798274046486,1.9578242283402916,1.9034308467760248,1.7850418181009975,1.4936042198780335,1.700313676452342,2.134746763140826,2.863566254940779,2.7113529708372104,3.1351770120667317,3.2840058847942526,3.226934469179496,3.179247846678205,3.019100074592874,3.210785707171744,3.2516519247575775,2.371852390202166,2.1337906481241715,2.041561285221637,1.762133166470722,1.7169223560251208,1.7223253591488508,1.4964798856442263,1.8082264961580556,1.5900601511776573,1.8365680530217123,1.9235245954070903,1.9539067694283296,1.9506280196916048,1.9227684121882196,1.7863860037665866,2.067232508480262,2.0299902095759013,2.270596345064063,2.331029398534655,2.3622502015814417,2.247437610944032,2.199656479696802,2.031925043608245,2.0181528669639484,1.317682641704882,1.5151568983217858,1.486173951961459,1.3374746404997355,1.24476133552358,1.2541372604840342,0.8309530296523755,1.3101808915605755,1.1702254325506938,1.2614645629259464,1.3304979149842937,1.3289915199704845
2025-11-02,UGRD,10 m above ground,46.5,9.5,1.854834462989669,1.539546389423585,1.5414254849076583,2.020678329617832,2.606645751433149,2.460135127881879,2.710529285109235,2.973383216779859,3.342853495254899,3.4299164590288043,3.497884705753987,3.842791737388835,3.793769696666824,2.6074171078768114,2.2422823602172866,2.1183997305816105,1.746974344907286,1.5842086440608154,1.7022378695772111,1.5153453215343315,1.810518966689613,1.7541634158881827,1.9505526195557417,1.9944087893712852,1.9884904369560783,1.971088560072818,1.9516027826887272,1.9318462032620596,2.314984207001142,2.1858667105365734,2.3149979238567244,2.3329261221196385,2.37835521985711,2.3350952120412427,2.290161645232734,2.266679504535871,2.2491214187571424,1.8857315795267555,1.870659438986738,1.6730140624286711,1.494906548798883,1.3348371348855643,1.2648576932136928,1.148644993775094,1.3334877377479628,1.1076889571796062,0.9363883127426764,1.0429436737397388,1.1333810311239727,1.229476277162726,1.3158900603151882,1.631057611199388,2.069211999748992,1.72420690707943,1.5033095196791582,1.333340897096519,1.1454722722208208
2025-11-03,UGRD,10 m above ground,46.5,9.5,3.781202079223686,4.1283755855904065,4.091722956411443,4.286458032251888,4.243950344908399,2.8234363549874724,2.302535355417118,2.021034384472679,1.6483907095121195,1.6595888519999455,1.6323025727712772,1.4099032091657606,1.7108591931420825,1.6605243990208134,1.949022264012764,1.9832597951623876,1.9889069967629085,1.9628696443553837,1.9019967917189609,1.920255557800596,2.3658081053273743,2.2313542597400584,2.348738622811908,2.340123401687356,2.3619795130331553,2.3767662668961966,2.3876684993324675,2.421455710822214,2.6097900696357543,2.1740411154901715,2.364186519667572,2.3729809416947925,2.3257460460386135,2.2677986572174316,2.2455425308133448,2.423611144699855,2.541104757315429,1.7063636044957255,1.5157738652039057,1.3523570061499564,1.184473957066187,1.1561670259437289,1.2411503242151387,1.2021483556195107,1.6894173543864115,1.617529202108356,1.6061111301149695,1.47401475277019,1.3124881489943112,1.198900471366461,1.0328665247832745,1.0999223029357663,1.4790673880998044,1.3185002108459851,1.1929941283375982,1.2526123759528702,1.370273431051697
2025-11-04,UGRD,10 m above ground,46.5,9.5,1.7226421795182287,1.7456797359949043,1.6745267333674083,1.4571688961165683,1.6459973547046638,1.4688037499235376,1.7767420129316531,1.8591702984188636,1.8177277460082757,1.7517922184431436,1.6465187971903863,1.7594418400477667,2.427052137006838,2.128008204669369,2.2529359766500523,2.2624214281221025,2.3189352123664047,2.33078666717281,2.324762235066285,2.476029401014779,2.8071004269542756,2.5054135653847407,2.509092013482932,2.4406633019198924,2.36055344985638,2.31537298306806,2.2013519430471957,2.217674725193501,2.382740904276548,1.8845342936816332,1.8064931282801575,1.662093087459577,1.4754788373931174,1.3250054107266045,1.2891825426399977,1.130105968761047,1.51753150720481,1.2967081377689025,1.0676628581621928,1.1995160589491365,1.281247257540515,1.3333771414448157,1.4861163382781544,1.434036889668935,1.634493537795516,1.5052684453790055,1.4002625122731511,1.324447050158441,1.3418606567368845,1.3983706009872263,1.4124618581865378,1.2356230791035836,1.44725719207038,1.2589525374228976,1.2411388314779748,1.332684732539331,1.305528296112361
2025-11-05,UGRD,10 m above ground,46.5,9.5,1.845358600661498,1.7834903655193806,1.8110934792996924,1.9100994587993656,2.418218894972969,2.111743321634157,2.187134828450838,2.226889915980742,2.265151389342524,2.2696533474499647,2.2494127984627097,2.3373984540027086,2.6446916904098887,2.3982608214434356,2.4133837398913864,2.3443595199919516,2.306651981743342,2.283387152148734,2.243960073259239,2.402418498285681,2.6106617976523054,2.190858083097575,2.0730292255788525,1.990239920657503,1.7584311372550576,1.6253056292262564,1.4924215515179955,1.4133110953197536,1.7981440758519716,1.3946224698459508,1.3166463405680355,1.3688664709286251,1.5314067057968506,1.6002539557780748,1.6275790761573714,1.4157942020731258,1.79979879007244,1.569681367118998,1.3396413149686723,1.3761501563441083,1.393980072712929,1.3446165614744738,1.3538047218666325,1.143610762013865,1.3423056934150808,1.2609204877797553,1.5005728485594638,1.6534736251943078,1.722434341906343,1.7417167356100989,1.7025744020332017,1.7787232541126587,2.047885087189136,1.5640074707282323,1.7771795809640365,1.8909247009240904,2.021093296126116
2025-11-06,UGRD,10 m above ground,46.5,9.5,2.271259277710697,2.314591948623848,2.401565179650852,2.5848007332956655,2.818116860523709,2.363728148882803,2.2576045133195377,2.26700064057736,2.255629633242662,2.2475461884203036,2.1848834811093503,2.278236294258635,2.53198853126609,2.196528132725526,2.0583063610725763,1.897874407501712,1.6625766565528548,1.4066686228294292,1.314153644688714,1.2470374735459462,1.6739859664589447,1.4025876579841157,1.255760935108531,1.258273229227684,1.3055917682013636,1.390025693357828,1.451269776847237,1.3740750423615962,1.6247845323987864,1.3600634353658234,1.1800800652698475,1.2646599317563507,1.3037378616680912,1.398338006122375,1.4574517790718462,1.4067432279845675,1.8043953155000496,1.473343727391003,1.4939689353995278,1.5775254803404697,1.6143530808035642,1.5647237531436406,1.477018434511168,1.2514668212963458,1.4819545889615169,1.2826047543734536,1.255991901831362,1.2162158933593883,1.2025282364310923,1.2344303151087768,1.4359314821575335,1.5652219724382137,2.0080970446706807,1.650119605902379,1.7362202768540036,1.821971683907669,1.8225286107318497
2025-11-07,UGRD,10 m above ground,46.5,9.5,2.2637810402000147,2.2576897676411973,2.1870883357940785,2.3710716650782215,2.7572146210614674,2.1812648754338815,1.957927063880735,1.856944918343236,1.6747835014325845,1.4588455263728255,1.3750474669214965,1.3047610124665985,1.6566854290925253,1.4436889935842463,1.3077465334164278,1.3669936751750924,1.457969365596324,1.493573991447052,1.543332737251334,1.400934291017148,1.748601650464356,1.3730012485699277,1.2481674065215436,1.3111822393314094,1.3985741913426324,1.3167313422097715,1.220834784810055,0.8845121787153831,1.315113491759308,1.1272721646782533,1.1303954446476177,1.379992195797235,1.464463561623011,1.5373219834388527,1.6314373309772223,1.2397208548648195,1.508066016629639,1.0699315615855474,1.213412713853984,1.2328628086618592,1.3021855211023543,1.2167659288878538,1.26621346442741,0.9716262248386672,1.3136506759308175,1.333576152555772,1.69982673679902,1.7816299664691702,1.8208338371972252,1.7699246954470884,1.8061577666485655,1.6478638062027344,1.68347386057614,1.5750487818525765,1.7983446687333369,1.8558607704748633,1.8666467165838432
2025-11-08,UGRD,10 m above ground,46.5,9.5,1.6528162070202117,1.4790627104974274,1.3895758135767506,1.246980532845597,1.660366239687908,1.4735358398423406,1.355554391594158,1.5312189158897107,1.562065526600296,1.6519408844421504,1.7849648984500033,1.6490084523440065,1.8288466327164932,1.4257452949529483,1.3846319972293255,1.408545640406072,1.3736557231047648,1.2449455934107596,1.1646599814928198,0.7984979188755399,1.2793221876408936,1.1328193329095386,1.2280449209086708,1.3801665241615162,1.4761543237431531,1.487928780824205,1.6345493168023115,1.4712349288995878,1.603068461539369,1.1030231630319576,1.3675722032324618,1.3954991697056716,1.3910972148234264,1.4054505768211945,1.4672575944984396,1.5150218414233818,1.992899509326607,1.9046682603327183,2.070930846818896,2.0807010082348256,2.100839054589535,2.045299856247956,2.0038711968445924,2.0517701833552353,2.2598849805116785,2.194287680762832,2.3828129311782487,2.393879162333361,2.4050576727467807,2.474459581775499,2.621072886177968,2.836404937049302,3.366760305283596,3.110565154465235,2.857166918949457,2.6831008870046262,2.3383369714952926
2025-11-09,UGRD,10 m above ground,46.5,9.5,1.5869866499396164,1.7430844287017928,1.7636271953399314,1.8071533334017955,1.993987242311335,1.785140484633291,1.573420717681394,1.445253748375355,1.3555214336553256,1.1945492145754626,1.1872805889326326,1.0393981774985006,1.37658713994817,1.1091160097886554,1.289404154614325,1.4213382364731004,1.553304716762421,1.6044676238567377,1.606163892647556,1.1522293622320765,1.367419227877274,1.097358851005827,1.599925132266334,1.6195698336923214,1.6534435939478354,1.6306731800242882,1.6056647015289611,1.333227253079452,1.427623815359438,1.5110846794955213,1.798154888874529,1.8776556255842616,1.8771286085707044,1.8742079560081817,1.891127917581988,1.5843755086205005,1.6139690772217063,1.5318335938752423,1.8177100151130177,1.8122240348750371,1.8567743310782503,1.886558940494744,1.96530439747308,2.112921399595173,2.582241521893758,2.317177349766514,2.5479330172615913,2.625933126861488,2.564120248183608,2.428893045132566,2.13828308687547,1.8319660922366476,1.7573246471315405,1.5477391771600657,1.943497111862282,1.907605432133343,1.861241678146916
2025-11-10,UGRD,10 m above ground,46.5,9.5,1.3092695522072233,1.186886868063506,1.1270653200720724,0.9298419363849612,1.2601421183409047,1.1066756205692598,1.3040241063537013,1.5011648878106028,1.6071547486139284,1.7195190540007532,1.717095573588519,1.3166950855547612,1.4741922804553005,1.0133483052688586,1.5059513173803496,1.5718567888823354,1.587085358221879,1.545922962687697,1.4691625107826036,1.2530508271628162,1.3954865880667473,1.4279436591088666,1.7546868882076447,1.802671778863985,1.8502920853664928,1.8797304517789368,1.8194233995534088,1.5848674465303478,1.6876074832970795,1.5788961432190611,1.8265513169742176,1.8962036164407483,1.9216697550100197,1.8680327414508036,1.9125023225261963,1.751547202158792,1.9818588182723027,2.008663181474406,2.238100599155775,2.3239137078404912,2.322643255830186,2.3657783218425443,2.093773059878692,1.7775224103954983,1.7885892382224915,1.2363417951195663,1.4742246162071844,1.7786359143079018,1.7572988239863758,1.935633597989435,1.73098651565819,1.717914200782392,2.00246078177841,1.5318333550139924,1.507136401182061,1.7784704561779066,1.8063832766811951
2025-11-11,UGRD,10 m above ground,46.5,9.5,1.670001436370174,1.8464539998387095,1.77337758705585,1.4891105004120024,1.5580088880871528,1.0532801151766251,1.4853111767062683,1.5311353294750778,1.645199604626472,1.5388201315313554,1.6073245098227316,1.371265907838235,1.5447827921619202,1.6163662652486277,1.8407239662882255,1.951452705566222,1.959263135579051,1.9610752017524065,1.86233749155748,1.6660227765838769,1.7463525787488716,1.607385752909383,1.8422456173012691,1.8978543079300811,1.9350197083013296,1.9278492631636208,1.975041799691815,1.7912233245636542,1.9261401799097784,1.8020354052760563,2.0267515419181,2.027929972749438,1.8707672344167765,1.7134397709105302,1.477492997392021,1.2973435677358582,1.4990225713176026,1.3273200625891726,1.2954975937140647,1.4762962153591084,1.5114366262690573,1.511585110072888,1.3850225943585135,1.3962213593873876,1.7746829103885509,1.7742606965190562,1.852106387241632,1.7410458050047146,1.6343089811616842,1.4645010106938237,1.3730001686181132,1.4063899015043184,1.730111689344341,1.7788991388359798,1.9841643468929535,2.0576322129119617,2.0347615810670554
2025-11-12,UGRD,10 m above ground,46.5,9.5,1.6222175087215087,1.5748969747839452,1.6597456581485512,1.5177588764165617,1.6432064259614378,1.7590638797948073,1.9503780698803397,1.9901783976277707,2.021668543368254,1.9664110453704544,1.9342293195061,1.5790613126820603,1.6022310604005177,1.603719993649685,1.9138920042781609,1.9420675497542363,1.9797398058274172,1.9044479342772271,2.0716174203949973,1.9466315386238,2.07925094136829,1.7187987153320334,1.9151789431315744,1.8194582929637824,1.7308638211473035,1.5837560089725788,1.4954838765005438,1.383486395355035,1.6759730480898307,1.5618894014484113,1.6343692441270494,1.5818316624719242,1.4188792133057118,1.2082131798759517,1.06792135518735,1.0506004217721328,1.36169168232255,1.2015565381842392,1.5502062766493616,1.884708984187384,2.1313731132404707,2.3441178321389256,2.456770675074184,2.785145535078501,3.691123647496758,4.155338084284142,3.8706083098221153,3.7309110099208618,3.4381968699607306,2.772275687256821,2.403561954104319,2.4750251024799033,2.5909100055050516,1.8981667050166915,1.7501034220239662,1.5698773338092624,1.4361419375295137
2025-11-13,UGRD,10 m above ground,46.5,9.5,2.1204827064749354,2.038867541909667,2.0826482687202716,1.678708843605491,1.636703615506705,1.6356739155309752,1.97524941034142,1.969542041667269,2.07165446412663,2.1803230501449713,2.265416437703841,2.1934955655346355,2.2364718826732437,2.030782056617088,1.9856621640580807,1.977580257724544,1.804952388549456,1.7151522567861677,1.5217740904898691,1.3501736299572609,1.6705930258028632,1.510836812919324,1.6427797613873625,1.4326638286128,1.3593751490480184,1.2481169895917,1.2593606749728026,1.1224532341928928,1.4829201084361263,1.5182898838821912,1.6122221752402692,1.731748418311463,1.7528183102103907,1.7826126706563408,2.3244248661208395,2.7047785816781422,3.72531714766039,4.149219723418175,3.578564104989379,3.0894832556698733,2.473320769033711,2.038149635778107,1.8014005097328138,1.6202588763362102,1.7940760520786911,1.191302947561697,1.4235747607623723,1.3305773353001755,1.2849916261573444,1.2226034092629363,1.2802193421162236,1.2583764361500924,1.7009137503751492,1.5806325523152531,2.0527594149613337,2.1514670373719045,2.148475799564165
2025-11-14,UGRD,10 m above ground,46.5,9.5,2.1066665133074185,2.1943505304130797,2.2855670366785743,2.380028233510377,2.546207348389916,2.187227828081369,2.187129202007367,2.054213907567755,1.8823027931035348,1.6614078655629096,1.567511630896571,1.359718748132575,1.402685769915235,1.4190169377989372,1.6470950473590849,1.611268133618717,1.6237017434420475,1.4376958682520335,1.399182849119129,1.345443301707652,1.7881845537865744,1.6694711899446637,1.7252019821334257,1.5982538926300307,1.4115532371476402,1.4683362065225296,1.73360996614612,2.5722368420107373,2.95055623233307,2.8817551119717115,3.4523142939122797,3.9957909325639207,3.6741496781089897,3.4713131082051603,3.2341744701701156,2.892567214889899,2.461100961100084,1.7569573507652554,1.6498591971927477,1.8673233182428024,2.030307733110174,2.183102308010257,2.3445033043250163,2.6325202387078583,2.4867740182285067,1.417001919836086,1.7526085856371902,1.7955243366075635,1.9138535630268696,1.92787684611047,2.110497199362695,2.460816934513433,2.3883755211238173,2.054890222462917,1.858772241437465,2.1915187292698795,2.5518399379812866
2025-11-15,UGRD,10 m above ground,46.5,9.5,1.9410865817929288,1.674481637399298,1.5574274980137717,1.5234958029339574,1.7212406262732003,1.6995760846517458,1.7166307357197976,1.658570730018666,1.4033695289746864,1.5358412665720844,1.5454966784005708,1.566769028088305,2.0281974702211287,1.8622120880723156,1.975342635323604,1.874127791515928,1.949144969487581,2.046098601082748,2.4509282380095216,2.8863610314218073,3.349635729071601,3.738051723444744,3.9612444364379664,3.410479456690753,3.058424663811291,2.8207925876328455,2.5587407344103097,2.6210781905541367,2.2481988344017765,1.5906670098853128,1.7083355901926691,1.6849385643154542,1.6413858367037886,1.626303683899126,1.6124689965969832,1.4317574831206603,1.785118136757499,1.7782158248739883,2.1549606713514935,2.271758427128819,2.3090498974578537,2.328263014275449,2.2909444479497303,2.2538858237406565,1.9506744804753913,1.5743384976214794,1.598985806696834,1.5747026755118712,1.3774619033063156,1.4030304675626604,1.308105941098904,1.4957109824108847,1.8090706249625317,1.888408178239024,2.09981074590896,2.356163226018765,2.3256240969884594
2025-11-16,UGRD,10 m above ground,46.5,9.5,1.6206386987059718,1.5668942044350385,1.599789671703476,1.6727131025932835,1.9692066825278984,1.8731995093710576,1.759968223513471,1.6480386694507871,1.4908485079334943,1.5297081651465825,2.2080421725095496,3.0899324730019764,3.424019601828759,4.00321240699879,4.64865013234165,4.265427719702675,3.979615814651048,3.1991665188701495,2.621706355873168,2.0026306578934387,1.5237416851077303,1.0516629606122248,1.4115313372677034,1.4781292347644892,1.4993671412317326,1.508779363000888,1.6258572888358218,1.912789378026304,2.491953647029149,2.129534193520464,2.264341018128184,2.124928666996597,1.8537844351461816,1.5551739105941689,1.553552197272234,1.665053849503832,1.7738694087347242,1.2930801838610262,1.1640428031798338,1.3234053863375426,1.7234636347144352,1.8952576792983913,2.145447146330115,2.6824950139529027,3.0352239201804183,2.7923847292889,2.8162448703193883,2.7647780808201343,2.529338643931586,2.4184901444824423,2.282431202806759,2.104285027188226,1.9528391592732075,1.78363324835559,1.980817508183586,1.947028639980651,2.0720138497300846
2025-11-17,UGRD,10 m above ground,46.5,9.5,1.6407124037918397,1.7392346611768028,2.140223238505408,2.789575219756929,3.389647191787519,3.741617488603071,4.0246228214311905,3.83915031301616,3.311888783936616,2.7338509927483488,2.2022239843450127,1.7491417714954074,1.5783229669037535,1.1032841630558994,1.317850418754212,1.4469208050399018,1.5177089778966808,1.4972800406648703,1.4823276107018168,1.3588231550713783,1.842992948899978,1.857870408559312,2.0593886068324405,2.1209707732204506,2.1227970326164973,2.0517246032436742,2.149530291825428,2.912979194496993,3.4132567099179156,3.07966691655842,2.8282245256414034,2.4412700645893226,2.2193936670441627,1.935197337075269,1.8536867549154707,2.394253229765176,2.8441158959079154,2.404807080302909,2.32217081116192,2.3395741092000826,2.404568208246686,2.428047713924795,2.440436880839456,2.36268530915585,2.1821352658384368,1.93711175592705,2.1830953569765743,2.138903767044531,2.0340184513318853,2.089978590935186,2.1172780858366775,2.0551140954175184,2.311680656173944,1.8899398900566664,1.9165124271274276,2.170168254341444,2.562606041854986
2025-11-18,UGRD,10 m above ground,46.5,9.5,3.3495857529643427,2.693319945638118,2.1135452545586615,1.9730333875019577,1.7085794056373282,1.1799905365461318,1.5009810213827235,1.5625803728235164,1.7298050613052802,1.7523302766652418,1.7625907961058354,1.7667583726740712,2.2267853649058393,2.0657697534019666,2.2572394526242907,2.3398046957897853,2.4021287627010146,2.166490356785676,2.17405397886477,2.739328298968369,3.227586944312908,2.3666201122189,1.9942726930061423,1.8158865371701485,1.81038119466665,1.986424581345798,2.312537508412563,2.934232447359613,3.1848572554755807,2.911371132742789,2.8808347223676267,3.004535545195495,3.2277300501347113,3.3854387347866366,3.376823635219945,3.671691445723438,3.1372654414845726,2.1747631839496924,2.252946737084456,2.091661398523141,2.1098641546693395,2.118607046715698,2.077945897447449,2.2901109496678527,2.5799923423012463,2.5551075774128553,2.8310589173908984,2.8030120934008576,2.6690654550926403,2.4861097830900523,2.1722126700640563,2.0881691357089847,2.6473570994130533,2.6707490543415418,2.9633470622631477,3.1070013693403897,3.1375981493316747
2025-11-19,UGRD,10 m above ground,46.5,9.5,1.6831922532641408,1.7075343859659784,1.7566236280333565,1.8627272654369156,2.298156175103362,2.146682429402837,2.3093624383915827,2.3483386607155134,2.4493367963122763,2.265111938691863,2.1056724216025344,2.6835271706537926,2.979789504471517,2.2936071849440287,1.8219010451685604,1.6629982141306208,1.7360633765473,1.9997415402174223,2.1995544452611906,2.807895773432378,3.0115631265045377,2.949086965533186,2.8630865049238836,2.767828141900111,2.8995755528121863,2.832586683191655,2.9025236594585344,3.3623086350931617,3.242863841913608,2.6298022947922455,2.7162037181736394,2.5241009203188796,2.3615312394523804,2.2131986693241856,2.057162818897526,1.586730123288586,1.626829645963122,1.4095221773821356,1.9109250474836448,2.1091555924360903,2.313972880191238,2.6518030365600693,3.077549554622128,3.7018159431293585,3.855040964354884,3.856323289219541,4.008173817004837,3.6397525821082626,3.4189976968859788,2.265090316798412,1.8371306914401104,1.8838734844316456,2.1017833100495635,1.9483405497228048,1.6587529021934686,1.6331768106341604,1.6062782950924488
2025-11-20,UGRD,10 m above ground,46.5,9.5,2.522241150192083,2.4989163576206277,2.5700636201205853,3.0597488059752025,3.4030105307771823,2.401641316315962,1.7839342374397509,1.7041079978804436,1.8999742438098255,2.300888697152617,2.5454606764937275,3.2718795537481267,3.5980762859987614,3.2914697818193615,3.1337263981066443,2.986818291195223,2.9522926138536016,2.853583228736535,2.559158744425262,2.4600930686591185,2.604408546507761,2.108203713619514,2.3257280228474855,2.541034936188955,2.438120632098872,2.483034812212841,2.4868817854562524,2.356256584488048,2.1263643274042217,1.784765166048848,2.029229781247655,2.1615522980985538,2.31626518526802,2.596362057206949,2.865928166084549,3.1885089969161116,3.21992299901739,2.5267684763309184,2.01804959708958,1.803377582671656,1.8857888837923396,1.6922243541985975,1.5377234766859056,1.4454805055846291,1.5918600638245886,1.3534937279937882,1.5200034750812417,1.4902171704443146,1.4915334606868311,1.477026745571948,1.930783543765392,2.526396926098184,3.024896127961351,3.1352755499969485,3.0467673295405793,2.888233515879202,2.799985337878195
2025-11-21,UGRD,10 m above ground,46.5,9.5,1.790592190641588,2.199991148752643,2.6593914992023167,3.250224057092016,3.6737869551372033,3.377014870479838,3.3078074978833083,3.254313985253356,3.100461373855228,2.900074232470254,2.7915862481905114,2.793749169332055,2.808714264727687,2.332222954426206,2.362735025418721,2.3676132067739637,2.4227955354163977,2.310905553571005,2.237558681463476,1.949162710136112,1.786914751272212,1.497085410873166,2.1332918158601286,2.5291843909620813,2.5884209619914658,2.6542517362147224,2.600780749988425,2.469227212294551,2.337082037471639,2.394483099932976,2.3613421229085345,2.1113917606451373,2.034831117859007,1.861319027810494,1.5894233009502197,1.5448397072969065,2.015279183013536,2.1931703850634667,2.5705766490132005,2.842425282575401,3.147114825642224,3.1442659646802413,3.0548640171068255,2.8277622612790188,2.6832690428191865,2.4661543376950954,2.3388347892433856,2.302289327709702,2.390533260495726,2.47937524634093,2.5227433045941563,2.6884656326377048,2.8929456487002247,2.790717897981279,2.689171236253393,2.598474785394412,2.5095773520564157
2025-11-22,UGRD,10 m above ground,46.5,9.5,2.9318464600395187,2.8215720584470487,2.843069616908273,3.047865385913811,3.0171457589170902,2.56606691862285,2.4602818863061127,2.3476504679662535,2.292799001680076,2.187965027629804,2.1460549967435996,1.9822110147777088,1.7936252804265704,1.6830851473024837,2.1650039671294214,2.713332135446235,2.8348705192612513,2.6682164711436887,2.479530783547051,2.4482371607449935,2.541623179584819,2.1837035935693287,1.9210756567948215,1.536891711390549,1.3450213473301955,1.593659035567124,1.897387435891801,2.30660274278971,2.5947026759096956,2.551852839541353,2.550275783404232,2.886208148944853,2.908169550286436,2.946754392322198,2.89247653400188,2.936132039861315,3.130161427061976,2.8213287907451203,2.6625896407679877,2.584411581969401,2.603180023931018,2.5021242016581655,2.4448863445872613,2.5966377138863503,2.7695377362873197,2.206142822733669,2.430349068905796,2.4330848411124366,2.3884125173175397,2.4224252522473906,2.5712194448945676,2.464201457025843,2.4856863675411818,2.2374327913194203,2.0170711051775703,1.8502522852339645,1.6566428124082038
2025-11-23,UGRD,10 m above ground,46.5,9.5,2.2982380018154025,2.2396794092097965,2.166816783925481,1.8125371130523136,1.788661834032666,1.7797249372091262,2.2720922251383824,2.6819793241073597,2.8106359014061577,2.8601777446905468,2.646462943853324,2.652188369592677,2.567192761120414,2.5509349162113177,2.387395362263451,2.017837504025398,1.7278391699305995,1.5781369728055734,1.5697826481708614,1.9144082938070948,2.40505735284038,2.532559546880244,2.7072735718272942,2.828414573734632,2.9195465455609284,2.8852190368480253,2.8317324232679413,2.782350402850972,2.8149231101831544,2.5844937133717676,2.5132146283282633,2.554830827071257,2.550687577986185,2.6249497153710273,2.6566789880613033,2.5861883922003797,2.663409155305396,2.224819150192416,2.1375091083924715,2.072127636734873,1.9943729624602335,1.97764157196304,1.8493050731935772,1.3635742170702445,1.490657869151871,1.3498085442360526,1.7583264670882626,1.793752895190908,1.733798094231127,1.6858825097028514,1.586400345710041,1.061143061205838,1.1327747145490634,0.8831288336425398,1.2825563490976402,1.391364316446106,1.4455825803713638
2025-11-24,UGRD,10 m above ground,46.5,9.5,2.902073866194451,3.009047709679281,2.962651931583825,2.785586795254141,2.683226975006372,2.3505843469640544,2.1001584178132564,1.5981398324996263,1.358264216126701,1.5489064182047396,1.6963775628279487,1.771692435063172,1.8698103748061237,1.9535096088107005,2.247230368569999,2.3851324533972464,2.6595537903989577,2.763017371433146,2.78883535012103,2.9214625710670483,3.1177447099433513,2.9130719783696524,2.819839004061862,2.649915471145774,2.5236053805444776,2.3873619580664314,2.3367774910868,2.2220357420226504,2.3092136970760064,2.0804173427344557,2.315567584563635,2.337108582708751,2.3120598550642533,2.2063859060825814,2.081668232796574,1.5413593219286854,1.3233068832108543,1.1993285905925912,1.6825995981658364,1.660099373818471,1.6244923342768185,1.6483411128603824,1.6623062465480976,1.1534996264595208,0.9562349889991372,1.04613626997963,1.419542020362067,1.4653825869635866,1.4269561888478617,1.462340319670684,1.4480066136897571,0.9954947790846094,0.9191340731010748,1.0222860658735802,1.249555672274,1.3821531762920525,1.5337564711354192
2025-11-25,UGRD,10 m above ground,46.5,9.5,1.6192461301578458,1.5870571259364288,1.7864776994834957,1.7954809219099144,2.133892354772658,2.250153726954564,2.309844938852187,2.343902852317888,2.4790227097164403,2.6718587453898675,2.7767893139912534,3.013412770023776,3.1720844361253064,2.8856329213716005,2.7317754271283428,2.565587886143888,2.520847208507,2.36395593788256,2.3027772215750817,2.18276199887681,2.315867876554986,2.018631140572082,2.1898923868469327,2.2580445700130363,2.1191750967087186,2.1906336358580623,2.155720192592588,1.810986148988197,1.6439223128898477,1.5252892548642507,1.900624572596035,1.882670696680115,1.7866189459353536,1.811846361265231,1.7893541564343145,1.2794043729445197,1.0967250787188751,1.2133941912818096,1.6112315305932143,1.6963850257419946,1.6273738365172736,2.0208067800816325,1.9643659020056592,1.5241869133557109,1.5190220045155185,1.3646109068432437,1.4040378534871985,1.3943914555546302,1.4439648536130183,1.502010437860151,1.5588957417238507,1.2033187387507116,1.038232188612986,1.224590180115065,1.6640958632872174,2.0304912492117166,2.202872068565419
2025-11-26,UGRD,10 m above ground,46.5,9.5,2.447433270182538,2.6081412217380837,2.741588187594407,2.909415196870268,3.0301141146871493,2.76404364812144,2.6215771652424245,2.328463630981468,2.2700519967251953,2.219004913970979,2.2996934253118457,2.2023613235962887,2.167824033349432,1.8709361885223408,2.0628758078179903,2.0131092547042853,1.959851315529136,1.9945218462330647,1.9579678542084265,1.5016570270409968,1.3742231162090697,1.3717996425807637,1.889460714669484,1.8077286775393535,1.7975874881834917,1.7430643198490472,1.7400278942203395,1.2525884978924091,1.089727788101269,1.242126839794062,1.635572358465177,1.7593730821670737,1.8093465583659492,1.868968067775722,1.9375821550918673,1.7308045631288471,1.7813177021885698,1.4782322981598934,1.6160199429669602,1.4985606656683297,1.4413169509295698,1.4116929629015913,1.3353442668412103,0.944731175372957,0.9786835545384956,0.9720950163068516,1.3213189651027395,1.511682003802618,1.6042075281417696,1.7062289930879926,1.7431918402438615,1.7441324485989818,1.8556338164845283,1.7350518804744368,1.824050952895817,1.8315491762615383,1.7864582124176842
2025-11-27,UGRD,10 m above ground,46.5,9.5,2.3887128800481503,2.355642402911444,2.4684799159070128,2.4941847113453086,2.5547753940440767,2.019965914577786,2.239504700480728,2.191954117082812,2.078609605619983,2.002952541522125,1.9992697985750747,1.5802571755458508,1.2672897055962271,1.2714772878336196,1.9200643333710543,2.0091358702058737,2.026324106826604,1.9499155892222704,1.83643411662332,1.393866843767121,1.156029972061268,1.227447480867842,1.498322814614881,1.6436899068712445,1.808658469976713,1.924936104818407,1.984496744440047,1.8626086034292717,1.9633832888874545,1.7795536165465204,1.919091807362861,1.7727699044883554,1.6008110578192716,1.4150724604925526,1.207580700181708,0.8769497132373643,1.0883716713398743,1.2008981470848972,1.5482154999155235,1.754243604669739,1.933664825750867,1.9832758881584072,1.8345310969318689,1.8195675387860797,1.8528333184965693,1.6880557040656572,1.6274837343571076,1.6276725144865778,1.5281461386435022,1.3417577502517148,1.29473600207246,1.0630988193506656,1.067630344759092,0.8780688644881687,0.8102904979846052,0.8617248021393006,0.8875699283140793
2025-11-28,UGRD,10 m above ground,46.5,9.5,2.1022699803590346,1.9878390333223703,1.9500593814073377,1.54718656283223,1.2725805372653656,1.3180615411964385,1.8323444496501928,1.916612103682921,1.883155650547791,1.7692273069852171,1.759085080340497,1.3865506872387332,1.1187099693663924,1.1998234122412996,1.5183134274930967,1.6787904248114642,1.71436083646256,1.7666303702917925,1.7639248364968698,1.4905661399417791,1.520828945262608,1.4711637329714222,1.5878227945870318,1.4611695454868063,1.3518499070865202,1.1701998306148005,1.1037894034428322,0.7642453498026274,0.9202435032480838,1.0114639697991463,1.443513663322605,1.709034113099329,1.87306031282507,1.9372717381072753,1.9597886126501771,1.6770927775362203,1.589287378044933,1.5554973837641803,1.7635536655520505,1.715538420844314,1.7062776198696483,1.6712627751641298,1.6188808472141336,1.4117592935122654,1.393672003926672,1.4878690441150997,1.6286873563111923,1.7064580421976276,1.7498910338715563,1.885391884115448,2.0741951960686182,2.337137559203847,2.5244794763825933,2.5213624690006196,2.511824512901914,2.3314437435411186,2.221100874203936
2025-11-29,UGRD,10 m above ground,46.5,9.5,1.86111873756696,1.773074132374743,1.715908722025607,1.3457032260916555,1.2452063475098365,1.2822299713053082,1.529046574641325,1.584894520884688,1.6029730083756737,1.609159782128442,1.5814197742327631,1.1637039094588848,1.0322946249811509,1.069538220396724,1.2431234438158816,1.249667117677186,1.2395575978952862,1.152417405406787,1.0361488189044303,0.8361156955354473,1.149890705283174,1.3014801290514495,1.5763733967511817,1.7341800605427653,1.928827128954404,1.9991004002111317,1.9483922128524056,1.8831429653181504,2.1552987450169514,2.190646294674517,2.205332089541561,2.2550697579743035,2.2335966625685177,2.21607533343166,2.170811982993671,2.1378681685167553,2.2537485419526764,2.1462134663565635,2.1622376788367483,2.1435513886247053,2.101538891248625,2.0117212515209717,1.9275646311752783,1.9692924924916424,2.1760367664388083,2.121647878360419,2.100623680925912,2.0625537567061265,1.8798870387600355,1.7228609939686677,1.5039189419559738,1.1868907931496064,1.2458294979407742,1.0161687830967554,1.0579808152189345,1.226193370750063,1.382901971905612
2025-11-30,UGRD,10 m above ground,46.5,9.5,1.6063661744113256,1.6495578554251602,1.638973324938994,1.3220378433016444,1.2460677386119574,1.3713978820753612,1.6456035142931849,1.5946704523313775,1.606723741591298,1.6298767243321015,1.4261283361608577,1.0606108401496068,1.1961511377715428,1.3375757518089504,1.590440163665046,1.693470916271063,1.9044173832216664,1.8766325736126293,1.8264617563917,1.7503583908361655,1.652527925810598,1.5404771869007168,1.6792100997532495,1.6596009515279784,1.62961047316579,1.6666579130174175,1.6886452991859573,1.7701054553873463,1.764110394429999,1.6121605846830294,1.542576426690777,1.4993598158596473,1.4411492647741986,1.4905596253396052,1.6537994762444144,1.9134495604714596,2.1707385479482344,1.9538107636685789,1.9834415344568848,1.9226779903179776,1.868845767277392,1.859788027439006,1.667173480294898,1.3618367466871688,1.4359443883159773,1.208328229267143,1.431971496256628,1.4596505339552874,1.511388444909775,1.5479014155092743,1.563043973394637,1.3334623601098003,1.4336384672139582,1.6529857787522206,1.905339769499345,1.8467890349222196,1.885011789133348
2025-12-01,UGRD,10 m above ground,46.5,9.5,1.4878659294056404,1.5305419552380062,1.2706654274335536,0.9869910450444384,1.1607655405394193,1.3285208582055752,1.5871401060759307,1.795237897584612,1.940089251744162,1.971761622587461,1.90768979725384,1.7174328969919213,1.6750881730126523,1.5599417627665804,1.682697375757165,1.6193278080293836,1.593398508335815,1.5953011936069057,1.6560769875893202,1.651386056150932,1.7289839369752955,1.464080735120699,1.5211304254283435,1.5577015537067125,1.67277241757426,1.7650488755860203,1.9275756566810571,2.052267018021955,2.2251606746130648,2.1692909010180346,2.2642225588736946,2.2638433872696204,2.0790839240853662,2.012725486727647,1.8533937585054023,1.6323292434156356,1.7097937083215298,1.5042936746387328,1.535989844607059,1.5131911739058477,1.420044556620099,1.4024992322794765,1.4082151439554649,1.406123472146005,1.7162214007543262,1.6673168740080966,1.80022481929921,1.811972517546287,1.7068731304281692,1.7347852617083477,1.7567014210159848,1.5618965439561094,1.3868275758808088,1.3865963225557256,1.6035779288451728,1.6767167434091452,1.940442314899896
2025-12-02,UGRD,10 m above ground,46.5,9.5,2.059889126814322,2.0476297542530646,1.9675646022653743,1.79761618064844,1.718613582760414,1.4762494597473736,1.581385886973428,1.6138048046221043,1.6049500927794131,1.6103984954188957,1.6343123624566325,1.6573632444147288,1.7450209184602827,1.4713293885866716,1.4957460641144904,1.478732484455363,1.4449885020624886,1.4731172743693453,1.563646101023942,1.6836191566767458,2.045428166321551,1.8249032950647728,1.8086960283288285,1.5526610974909452,1.390480470452612,1.2794983476894033,1.3470396766772097,1.311908422731706,1.5222084819705906,1.4330972056806586,1.5288672085747923,1.7026583428587443,1.7595407480417768,1.684372765559133,1.7113278081151857,1.657067495110435,1.7152118509981715,1.7375055587154704,1.884835072802405,2.1378068024159864,2.1243334608849733,2.245016663528115,2.217129370417651,1.9032448397343928,1.9230313498335545,1.8532702542257349,2.406033477436883,2.5251856332736686,2.6298346814787688,2.692781993208267,2.6545694848452905,2.6923019357834246,2.712258258736989,2.8508305576980515,2.88251861628412,2.616299137971811,2.384047601035893
2025-12-03,UGRD,10 m above ground,46.5,9.5,1.6408649993700726,1.7003973036315785,1.712672118166767,1.8584421342845745,2.0572858771878004,1.742064025814986,1.6484028647473508,1.5540089741684016,1.467478949022717,1.4494422488065404,1.574214855291243,1.7246005682981025,1.9928667394162285,1.62471168132745,1.469808793530474,1.315670224277865,1.403630649802268,1.367209239963787,1.312271644078057,1.3318951661754568,1.6588600893183978,1.6356997051589346,1.6969493973326573,1.8136910664174737,1.7742315614221609,1.7685999942334083,1.8171844571029372,1.540204536624339,1.610650493858845,1.609813271744653,1.8608826420111304,1.8538146043365975,1.8587852594578211,2.0057159134548868,2.1884203960602977,2.158217426116804,2.352032754785064,1.9666049891245432,2.341136565518841,2.727107320695439,3.0827091514208123,3.2603842257371003,3.452059367781591,3.4393611698054416,3.4145728270341404,3.099802066295843,2.8365363310233884,2.698866603612751,2.657122835800906,2.6419950082596313,2.6186911983045067,2.531392945831043,2.2762595105940937,2.075079431944102,1.991298854835868,1.8669011754625189,1.7317899666908745
2025-12-04,UGRD,10 m above ground,46.5,9.5,1.578009434694875,1.5507467439838785,1.6646265789060672,1.9687283180899935,2.108018788604271,1.6408939369044442,1.564098074663561,1.4350062661901082,1.4216973563701971,1.2627666565321864,1.1439365481075243,1.010542969897671,1.2404308555957444,1.3172570667387165,1.3692651687744166,1.449223086602921,1.686491774552238,1.7695082688743375,1.7607139484216108,1.6457658372355146,1.6162593352384371,1.7575790936647109,2.0843828291412905,2.1966729649580867,2.27648028101336,2.3044636505647804,2.250645020865828,2.023521395367104,2.0981180029260296,1.9785328377348343,2.1104243511178815,2.4805243332314157,2.94186121090331,3.3026360896618634,3.626962122400736,3.5265297445865595,3.2449891647742706,2.8759498104688044,2.464301281721562,2.3866285586828697,2.5187404682706043,2.3821618059615237,2.0734986561254,1.685885345034022,1.3430960957800329,1.2766946317622994,1.555242293311465,1.5654051101145074,1.5835479454041907,1.6196210197591356,1.6518888294450615,1.2935820239330813,1.2685417913735768,1.4674911590794135,1.563295801286978,1.5890552055002485,1.6550929754696155
2025-12-05,UGRD,10 m above ground,46.5,9.5,1.4204259020123229,1.4660282367238056,1.4955445640724283,1.544041054398417,1.763386098722175,1.681598343336989,1.698508769111103,1.7272317060315494,1.7325315654683322,1.682272344027531,1.7325272032291146,1.5237729006962812,1.5344589149340897,1.5742224330070842,2.02782984604688,2.092394338704282,2.258644449975574,2.2296154479462684,2.153695095130691,1.8160265114949907,2.1855029324059,1.926909748460094,2.0332806471363334,2.2725135904567915,2.7851283070902877,3.079006666249735,3.1785760750207106,3.061392281684592,2.401683469851756,1.807932390095768,1.7705577658033174,1.7838280714832009,1.907111386196279,2.042003155637773,2.119106854628601,1.945645645523742,1.9861204527756289,2.095472889535582,2.172909697340038,2.216812679264551,2.137370367878237,2.0365945139229025,1.94845192197783,1.6852177136627473,1.48090738229654,1.5819826951710847,1.9201818800018513,2.069106400428622,2.335845515291983,2.664006255401401,2.7357632795883955,2.792868502949765,2.807582314133221,1.8099417581358472,1.8029722465346396,1.9069726067714652,2.002875684409237
2025-12-06,UGRD,10 m above ground,46.5,9.5,1.7433006947059742,1.7960905278081924,1.857485288601212,1.7228895060575702,1.6747784284103922,1.8183146259001175,2.1105499131669916,2.1472890075564357,2.2560206368999154,2.1882521103798567,2.0636788736768765,1.70125766384216,1.6989798204114843,1.630351917991715,1.9833048401401712,2.323114933146304,2.6915194608448108,2.828631583994973,2.73867061381888,2.35783745139305,1.775973499941089,1.5247815407808374,1.6545623824978162,1.8247749953125736,1.888876778668928,1.8515354205893488,1.8664936478567324,1.5196496692236854,1.4525582685530796,1.5370734077161283,1.7783665865169946,1.760227560408428,1.6365079314387625,1.5044494812934324,1.5516287271875615,1.2082697734503167,0.9557079822284708,1.1242173804068896,1.476723785833971,1.5946636734952602,1.6579295423001978,1.5599726897679225,1.6260943299749882,1.4755093077080894,1.944109994919732,1.8743560382660591,1.8818689192152651,1.9415640879227696,1.9797174679644869,2.0018922826299965,2.0261907060053295,1.8761679924457413,1.8599599295937113,1.8225283281505225,1.8387107693105216,1.73309637392737,1.640898261361408
2025-12-07,UGRD,10 m above ground,46.5,9.5,2.1378134629139907,2.080027707354879,2.115805467765526,2.0262491806707565,1.827673145474034,1.849175532050742,2.0381093599566684,2.358579600720317,2.700548857913001,2.965336820877788,3.095052602756766,2.6983243066854428,1.950015943093174,1.6204670407936683,1.7552500246338858,1.6987479318723355,1.7619119456634218,1.7503613438140575,1.7925213629337344,1.5513891374988655,1.645529904431454,1.805720649900617,2.0526155883011,2.075696903867395,2.0364857577193005,1.923482453552668,1.8641157000890336,1.567222390487855,1.5862922139800908,1.6165836627162338,1.883833242184844,1.7341026169619664,1.7416553410208295,1.732785973939591,1.676595071037149,1.3796331218863729,1.534030515748072,1.4390850609102106,1.6340453038900746,1.6301963515201174,1.6274318019081162,1.5782635980392032,1.6282888124029848,1.4758469452119185,1.7159913377388434,1.770748373505808,1.7852055651339578,1.6751958612672655,1.5496858476644728,1.4573971222423412,1.375552296055523,1.1358022277927295,1.058356783726565,0.997820851925276,1.412610378124335,1.3333793876085112,1.3157904010520207
2025-12-08,UGRD,10 m above ground,46.5,9.5,2.8222545262534706,3.002407374602817,2.9104204378227294,2.567120733515031,1.9626839619505376,1.9178213044584231,1.8272508171204311,1.8669943354779357,1.8818264659254913,1.8819670003242537,1.812020867333449,1.6200807572290397,1.5710511128126887,1.712864621508925,1.8930676938842983,1.8789404220891792,1.7531966641472134,1.7180492809420531,1.6983187482527682,1.2617799396196163,0.9279813685385764,1.0608819766832058,1.4259788771334705,1.412926152988249,1.549073125138019,1.5855986640444113,1.4819822691917657,1.1249470972218016,1.2158819672631258,1.2525884490527337,1.408756355924056,1.4145373731651512,1.3494710564888313,1.333730281750345,1.2948977355911402,0.8779106649307425,0.8452203459961334,1.0014912494827253,1.2621675321248422,1.2356150165232365,1.2158535170302347,1.1306383937932178,1.144336822527804,0.8580658317853685,0.7296604949811769,0.7425868606336963,1.187144082333892,1.2167616406528396,1.444000209916492,1.527757247625519,1.5126959667772335,1.1408167154401592,1.0627342241807085,0.8772342661346142,1.1031447959755345,1.1937348449086504,1.3529111349559384
2025-12-09,UGRD,10 m above ground,46.5,9.5,1.8857803957756707,1.8961662459046351,1.9838855031392917,1.82584180821897,1.9099636724342497,1.878548018513727,1.9533634699338915,1.930612385164291,1.719557481640349,1.7782830032576746,1.744140463463092,1.2939044797293873,0.9990518451246176,1.0717351305546998,1.5025506900315415,1.5584281238083506,1.7565059627802584,1.710131305132233,1.7302224910005553,1.2154093616116195,1.1789327187968976,1.2807428635441378,1.511378952762552,1.5015027277946171,1.4847832721499137,1.5217197338627333,1.5565676751416404,1.2551824023605498,1.1470484239113343,1.1441920808058137,1.3991523576524798,1.4284517889745263,1.3948459863635223,1.3330945958875364,1.2567709301870358,0.967834923201082,1.2106208814338584,1.2364409778790235,1.4731145921350854,1.7003281008800373,1.7538842948200697,1.7684289245901066,1.6626343409017612,1.4916192254808305,1.607864772956585,1.281358478711285,1.46663535703228,1.5036608503284243,1.4837404080162615,1.42761346092875,1.406394181581199,1.2046120252865542,1.3838607545655122,1.640601904678143,1.822417016129577,1.9117393389984392,1.954609271872286
2025-12-10,UGRD,10 m above ground,46.5,9.5,1.8709796600844488,1.8601046435154749,1.81904453221624,1.3521241463505345,1.0916436337154782,1.1995496288722545,1.5731573093011415,1.6830704199978102,1.839255406324399,1.7940329873716274,1.741517819013119,1.3358442158444586,1.2496837841638997,1.4081807839732683,1.6167456800514706,1.642695265335537,1.5803087393572812,1.468864624076601,1.429844646237152,1.1220753169262387,1.1215041520017968,1.1981141276736822,1.301452373416473,1.4204638273991614,1.4202905308396738,1.4778513508492888,1.514709545863424,1.2712467503833818,1.356784724049478,1.3366824324534456,1.8079922626734444,1.918931130874682,2.0851513232253067,1.991577850043389,1.7943497726957112,1.898544753283145,1.9755254915509104,1.4785012640547095,1.5963339854280951,1.608813760349054,1.663007642676803,1.7064382349027425,1.7760820106183153,1.6655484257487658,1.758537972585876,1.6971387579059036,1.8389424810824435,1.8350119987660496,1.7817586555028713,1.7475030095413442,1.5617964998253069,1.2914493358783343,1.302103917929591,1.3158364681035106,1.3390113987219752,1.266936844204679,1.2300062571470496
2025-12-11,UGRD,10 m above ground,46.5,9.5,1.8666032170814235,1.7610209692301892,1.735216385354735,1.2116431281896531,1.1848894588743546,1.270684736670467,1.477897661797789,1.521351416001057,1.3836625601024926,1.2810389211659814,1.396370042972138,1.1482932186849906,1.044981376451485,1.1647040145198564,1.2902417452868922,1.223800761821784,1.23767810586982,1.254608973217752,1.3282624756490264,1.0766154267963517,1.139877165630998,1.1649302678449152,1.3641799869105675,1.552155899458028,1.4284573983394433,1.6287390709063685,1.4742595501802669,1.0833615515263786,0.9472056874115004,1.0950965388700675,1.409094530537691,1.4838697557083873,1.5287992109498092,1.4503392629389291,1.4407184803725397,1.173890487690384,1.150358822054291,1.4470759772798136,1.675163727363975,1.8450822182737556,1.978441852633713,2.002079468881077,2.007957241931808,1.988322891209636,2.006625473772352,1.7214748441256726,1.6150836021749275,1.5443344557830816,1.3564695085236962,1.3512074256167594,1.2408561906553512,1.099112130412761,0.9935680337299312,0.9804895906516212,1.1809418824793818,1.196232657721512,1.2109814127310108
2025-12-12,UGRD,10 m above ground,46.5,9.5,1.3570543950172476,1.2789192697771836,1.3885872948038047,1.1117777209358717,0.9700061153534192,1.2011229642309904,1.360375407300574,1.295658347082728,1.3165339104376277,1.2692902074891863,1.3940463421419578,1.094841669315688,0.9465619959803526,0.9191596442323592,1.3342303449165684,1.2720441080088989,1.3546913031947474,1.396072970089258,1.2693522925848415,0.9314655502722696,0.9839503541819898,1.191350541589569,1.5064326307720723,1.6472097442862452,1.7603064177273953,1.8824946506105296,1.8983023750268695,1.8055256343189412,1.9309238790201364,1.9153818569269505,1.9895801755840787,2.0217749344830365,2.079872557360595,2.073950735830213,2.0556664266425404,2.1227898414390896,2.1199637693974984,1.8200422033212087,1.727451325841567,1.6443548400071917,1.4967961699544303,1.3820219400997384,1.3086674995884071,1.1512272632194287,1.4499539095366842,1.1635426336730257,1.1949151819520032,1.213894316052285,1.1741133654808746,1.224747385555437,1.1431283786397826,0.9373541208577292,0.9093033708891174,1.0935970742055927,1.4681765550007668,1.6594314162217096,1.6755644853914244
2025-12-13,UGRD,10 m above ground,46.5,9.5,1.2549504147792332,1.255260289796613,1.3863592046537316,1.0876323505343106,0.9148972355075828,0.7836741147309257,1.2717339953900817,1.253947690092484,1.461959647530505,1.223972680446918,1.2420923484700936,0.9709908400751284,0.962731703699959,1.1554863210169426,1.5055909557721645,1.650003334844418,1.7995534858428064,1.8460140048916096,1.8103152216174536,1.6213253516184496,1.8172609280613083,1.8496269127129752,2.0216131289145327,2.128539015409895,2.185475212281739,2.299917911860904,2.3588091033473253,2.2826599324100902,2.100745608971714,1.8091185200827056,1.8523486627422727,1.757419041413344,1.5790146227637465,1.4732476702868116,1.3540384434400137,1.0692575701132585,1.0763961215785876,0.8017036767892025,0.8706305002373969,0.9646069342478988,1.0570747411021462,1.1204590959426572,1.154160091438894,1.1150174782867703,1.501728147209515,1.727293019588198,1.8642881373283455,1.97377253057796,2.0124461911406124,1.8735578872247995,1.839712902092524,1.774005258155969,1.752467982816036,1.62420379484668,1.694420693996314,1.6629539513021965,1.6923501466790378
2025-12-14,UGRD,10 m above ground,46.5,9.5,1.3440995285061803,1.1520613883998427,1.1221107360814615,0.8912036551744824,0.945625859155306,1.1948931569595922,1.539948379083639,1.6891611465230172,1.798436592011534,1.8332363300302363,1.875610033929164,1.7657438680013482,1.9740457311069393,1.9723263801099216,2.105835689501044,2.15911713681196,2.2004143148080413,2.200904497217528,2.315369065612334,2.344093818448929,2.423288272189707,2.0489726611618093,1.8755321370891171,1.7691414528118092,1.5920007762641313,1.3377799206669674,1.1635365847770704,1.0513849566633482,1.0241590536028953,1.1156909679839389,1.156083549839617,1.158589944679679,1.225464792805345,1.1683640674989162,1.157574738689522,1.089131003626948,1.5401879401351652,1.7940219489957652,1.834077547695508,1.8636860204417585,1.8123812232572305,1.7684675218933172,1.6233025961222092,1.286219252864533,1.1793003974520224,1.3588712715446256,1.5186181205569331,1.6135878526207508,1.7434820832018747,1.7689199641156563,1.747562668346537,1.8800511363729535,2.185701909755704,2.0815208962448692,2.098505883795195,2.0213258370691314,2.0121018816425926
2025-12-15,UGRD,10 m above ground,46.5,9.5,1.8040206963285308,1.848598768863065,1.9019778228903343,1.924877346385221,2.1447680718860327,2.059875463177165,2.063323253149802,2.077944187731201,2.0758664525753985,2.129570274960129,2.1978269557744845,2.2648338459475292,2.391569085681965,2.145682941864588,2.011519775664743,1.86105616809552,1.6928280424906403,1.484873960506213,1.4135565551718892,1.1756544487644296,1.1853306647224038,1.0684150934593069,1.0311149190499065,1.1270875357811692,1.2100746558296631,1.1880895717039124,1.2952844374035646,1.1923282253761036,1.4942431031181478,1.569488962244023,1.833514425451095,1.899663492043299,1.889462100522077,1.9418133097814791,1.7804113413234104,1.4391125765217498,1.2532447011978332,1.138724780985131,1.3887142668016514,1.4331098566969351,1.2192894058001134,1.0052063835472271,1.0427754310954258,0.9452429859142174,1.4121597804598198,1.5345910581130258,1.7206869332973378,1.8090172307097356,1.784612539088967,1.7836692589736816,1.9094186013386425,2.167242050342284,2.7073840838193393,2.512845306447267,2.4535819856255,2.4148206501570217,2.351659549072048
2025-12-16,UGRD,10 m above ground,46.5,9.5,2.1535598500663338,2.208001839229584,2.3382031162467625,2.5568650021586916,2.647727331777226,2.2253676566126828,2.1098212624198727,1.9615495778181624,1.8475809593972383,1.6297089749403233,1.468601384341256,1.3282940832250762,1.309182757222866,1.1328623769846655,1.1752297236639984,1.2759528809538443,1.330413500813163,1.4048526247185165,1.378918372593665,1.3453755519824415,1.5565515966419678,1.6877663214620886,1.9453518410208008,2.0205415744708444,2.03464624395661,1.8704005735779292,1.7625377926498866,1.3803767865124896,1.1358439946588343,1.136684422505266,1.476725933165944,1.4415977942617957,1.3731701633507567,1.2821188959931695,1.3548418172470966,1.2891773222660534,1.5853079105224837,1.7073333503752262,1.840903321894583,1.9211711747599851,2.03123098400609,2.1378914646167244,2.2599860046484843,2.439888983486728,2.855473242210988,2.790418157514819,2.751720628595937,2.7790048120253488,2.639527824394406,2.356217340231052,2.163260354496636,1.9549104982905372,1.872263274629358,2.064146568764106,2.3062519776775803,2.54830428870838,2.634730064661027
2025-12-17,UGRD,10 m above ground,46.5,9.5,1.9665826842890324,1.6958862300006678,1.5157184789320284,1.3713330341516057,1.1730318810061444,1.0873199911627385,1.1450505583189297,1.162377336382964,1.3188741669497404,1.5171963580113397,1.4935574340593054,1.3775937480469342,1.528774169063721,1.816564082025564,1.884349789720955,2.0590488674098575,2.0289571274127196,1.9482598145340109,1.7512474843575505,1.3314333282373698,1.1467279736421507,1.1402234550469692,1.4089231984391906,1.456758700455948,1.3946390562869473,1.4547341234166415,1.497327452500308,1.331446514492002,1.6036973100973757,1.6916287334995372,1.8175944960554744,2.0431177152208906,2.199952247442876,2.3457531562891027,2.4301254128877745,2.5337852650743304,2.768878081930295,2.4761109891415085,2.3167842774192056,2.254406424430192,2.2724343788993995,2.3422718398827787,2.4046217659438383,2.5310761028389264,3.0191214826778214,3.192509423132232,3.3838838624620444,3.150571773603102,2.84881786329701,2.476997730696287,1.9900557497990352,1.7609639682793323,2.0905979021930614,1.898912716546933,1.7782896837061055,1.700903976265271,1.585168675226303
2025-12-18,UGRD,10 m above ground,46.5,9.5,1.341897207475837,1.4664264640377849,1.5032691204075035,1.4288682933890864,1.6024685598664057,1.8460950955287163,1.949744632552528,2.103511732744529,2.1129905117203487,2.0159586912145437,1.8309801778961008,1.4430922103911843,1.2157178886694218,1.134168125298963,1.5315236728499808,1.4872283224941585,1.4189983581812018,1.3891274715173112,1.3971962973765768,1.3168411275497336,1.6152768984512893,1.5561128430868516,1.618869241986297,1.6636854454140306,1.868738666372775,2.043532227956834,2.238353498673183,2.589692058378928,3.0169455287354667,2.8275640900564727,2.7561395892787774,2.756493516585865,2.637590146368349,2.477969640822656,2.2849652004519445,2.09546125873286,2.07608870630666,1.472030101846484,1.32046072097499,1.3057129328354613,1.4570971002974165,1.6108631608542856,1.6302545916092293,1.5735218258351849,1.775799123510747,1.6188820067748693,1.4113858197063165,1.4357764214759845,1.529837119503613,1.5071156595851145,1.5224161311620348,1.6532653617829154,1.9643775749199337,2.028945731642769,2.205933700988118,2.430720294069366,2.644511163376596
2025-12-19,UGRD,10 m above ground,46.5,9.5,2.0754077367223345,1.9723740374374117,1.8033943346281185,1.474805411546373,1.2470671690424675,1.1397780381415052,1.3878896781117682,1.3321690889030169,1.326453922681599,1.32507028639034,1.3907856100715716,1.2653751571447758,1.4708963166418187,1.4520976533248766,1.4629905971100563,1.5424065847393011,1.7080643453556998,1.8418546127300908,2.0036701633011607,2.245429699902406,2.903136621086888,2.9068691203293326,2.9777111727078394,3.076746607447837,2.9344891775848323,2.7334889310349766,2.5988035544896846,2.674392776277581,3.012156219818336,2.793460196732844,2.6630307773133035,2.3575745063035667,2.0424188352446175,1.7577275503362195,1.487901064845285,1.2893668151223248,1.4125133555696467,1.532064508682575,1.5987171464652352,1.7139801725735342,1.7427216881875722,1.8565470432389872,2.139039986257755,2.566380855350717,3.0267918171764103,3.32979437538909,3.433654129205647,3.50872317528822,3.500283349410352,3.4700536262924917,3.5332462272609844,3.791952749445812,3.850456216770509,3.6008776122190955,3.5770523170388864,3.287057073661829,3.074400216959167
2025-12-20,UGRD,10 m above ground,46.5,9.5,1.4028143187235471,1.300675655933131,1.388977899104042,1.2487517852853165,1.4621360678962416,1.4061754901554242,1.5177152135347192,1.5661971782750954,1.6621176154215171,1.7133674191461712,1.8299314739031771,2.0964507681447415,2.798289987436426,2.8106606657701416,3.028204899723802,3.065638731572551,2.9566281219930075,2.874786482901743,2.81529585823001,2.8441615859108333,2.979625865325802,2.68404677010401,2.5259505633685326,2.429289213256279,2.328887274417226,2.2592940364273844,2.105032133826555,1.9846815419916033,2.183113270685407,2.224149438170461,2.418082931070783,2.4686922280911103,2.750025032981773,3.179944255518763,3.6996034617438287,4.192371326966392,4.494878620046144,4.358283806381033,4.194491612090681,3.831558959061391,3.638758515895508,3.3509107164107004,3.0920713538439206,3.158532386245821,3.044110618493612,2.451111545412356,2.1700213717379055,2.086017376393495,1.9800559639701991,1.8758139815122696,1.9289933879460457,1.945690141315902,2.074981251424195,1.77832027197611,1.6803581614107408,1.7910195061116947,1.9086850027006372
2025-12-21,UGRD,10 m above ground,46.5,9.5,1.7117788961937443,1.7506631065761369,1.875036072942339,2.0822468613305536,2.7814496766598737,2.682911955991954,2.775760358674784,2.824688509832079,2.7638837025078553,2.6431220437736496,2.579511120576904,2.697013735104618,3.018686571592135,2.6401353940735595,2.4833205809902874,2.392734934365925,2.291207547245473,2.3364239128861803,2.314820273750465,2.3277034177068723,2.4960052427199733,2.3531146343343483,2.4106799218013837,2.5074558168986822,2.7391789356555085,3.0315745027016514,3.3175173953906096,3.628003493212999,3.934051691556785,3.779359075932864,3.728294875580244,3.659125120775548,3.7741539808854743,3.6873457269717225,3.5266235964044164,3.41350883145519,3.27975326131879,2.9309893963168983,2.7842563872251738,2.5288741849898786,2.3565873732333933,2.119877760864193,2.00000515109637,2.0114333175313144,2.1944698020732134,1.9491477606940912,1.955448286580325,1.836808643101162,1.735390625313393,1.655112682370506,1.5809056152690988,1.3997931455577204,1.4364977621339263,1.2895487255243143,1.2732977042439582,1.1785491462745434,1.118976035603712
2025-12-22,UGRD,10 m above ground,46.5,9.5,2.7837043064029556,2.6326800912512196,2.5910422939313285,2.676600398187995,2.9660284745495344,2.684578805808984,2.519560675559122,2.3819033821343716,2.264757517995135,2.1512333424597294,2.0316312948392947,2.077105108762178,2.3028132176713623,2.249016229439229,2.501447873164772,2.742589396846729,3.0606761552963784,3.323108177862295,3.66068810158618,4.027112689804655,4.341705360491527,4.288986310348797,4.3232875326595295,4.100788467069173,3.89525520638288,3.5763973343508586,3.3552193982497425,3.140660639017417,3.0664851614664004,2.6061455955385666,2.4362733372306664,2.4014128027871005,2.166991011804443,1.9817099322942024,1.7811876495449277,1.6444569561216742,1.885732020920427,1.603032161628523,1.8216568294769624,1.9012598623986308,1.8723204717630624,1.864182646510037,1.8150969744541308,1.4304092866924991,1.2640674537863965,1.4513290200902038,1.877899948178955,2.36983261511205,2.7653400311419,3.1877092463520436,3.177994950529512,3.836414215348448,4.493205117871087,4.360432745007668,4.142665761258053,3.908523539728374,3.5856425770761295
2025-12-23,UGRD,10 m above ground,46.5,9.5,2.5779291089370906,2.5575431660116767,2.4617310140524205,2.5492544868123046,2.7497452566399856,2.639949008318222,2.729984738400524,2.839082964647877,2.993305289085089,3.4101569332102386,3.805080984086562,4.256223930193006,4.513957073379247,4.376977018709851,4.362749785224508,4.155035174934419,3.9364972673592895,3.649058326962594,3.3955689307267605,3.293164129910161,3.3206258534971296,2.780621158035709,2.531859495499447,2.3505815109136012,2.3921705964636852,2.14623565503184,1.888593044942304,1.6871284837585097,1.8376199548564995,1.679157255002922,1.8840132333538704,1.9274453504019853,2.06048857309012,2.086240706796545,2.0475571805461583,1.9379942585911336,2.31379416946155,2.527803024068662,3.0779547048873246,3.598530861285025,3.648737892290474,3.7880383629241057,3.782881741344956,4.074920556391082,4.368727378747498,3.430567639480449,2.81965186439184,2.3330964797093703,1.9771002003570597,1.777618479533204,1.8513362750408255,2.146418158721609,2.726475727973487,2.5976961462139747,2.843613211323522,2.896586576439283,2.842261598224284
2025-12-24,UGRD,10 m above ground,46.5,9.5,2.9638000876574058,3.418930520125282,3.892171014432268,4.313515994841852,4.544270382960635,4.400617892577169,4.333836626955325,4.162433324278804,3.9926216995111217,3.665664219017851,3.459836411002594,3.3189056862936015,3.268928177674572,2.7512812822283705,2.580130319609408,2.401533631563866,2.2833438699024047,2.1047611598988363,1.8633596349596135,1.6745881705031649,2.003121426144241,1.9321786119037343,2.16617613660019,2.2939816342963537,2.307184733306629,2.166261940882542,1.9961959708466457,1.656899410403326,1.8572853791393409,1.9490666704227977,2.388544304126227,2.9530551623659265,3.403188370336231,3.719616578704408,3.761124683139185,4.005443651325699,4.431054527839126,3.9173000233422814,3.5263324124038187,3.1330881824621675,2.891480784006025,2.657760608079221,2.8305069374014793,3.5083496808914485,3.789081268793147,3.44051059055003,3.4339568213166536,3.391548887984455,3.540359244763928,3.851016415414062,4.2955985007630115,4.404868594472331,4.525583491648473,3.805174157177756,3.6496403538782056,3.378364703457425,3.0663534431115886
2025-12-25,UGRD,10 m above ground,46.5,9.5,4.164966022410502,3.927696748977115,3.5891818960133346,3.5383205506168416,3.559001107688762,3.03720928293811,2.7498616175929396,2.58669359264556,2.465661622069935,2.254416338729232,2.021137809208912,1.838120561851603,2.072760699508598,1.8381032097709795,2.0181929332118194,2.121605564800213,2.0220574589665805,1.8960750497691288,1.747560023943417,1.256528650803414,1.41800335693299,1.8232944563512457,2.373278945196556,2.886812154090615,3.2265167986564443,3.401209849186371,3.301433149761028,3.38091503785442,3.5754649921718165,3.134931249672575,2.8700626881164397,2.472119379580848,2.189342147357664,1.836507344102222,2.038840527536702,2.2519561174428846,2.637039160602228,2.51952550490929,2.567561665552802,2.646084650596402,2.583313488445101,2.4391408957109313,2.4189384279673565,2.5155463722649056,3.0403680425597273,3.004150331171978,3.3459677475883947,4.2008393923464835,4.911388674141044,4.889186239052569,3.8046318807782766,3.4686760068858593,3.591800603537644,2.6556725224037123,2.263000942338517,1.7154627397766538,1.5998702178598387
2025-12-26,UGRD,10 m above ground,46.5,9.5,2.3029864849254817,2.102179916461344,2.0078726801622215,1.864813112340387,2.111379007055819,1.7661721985695331,2.0107419628476544,2.057664469652007,2.0528693205134267,1.955661798193253,1.754224851243943,1.2696196742596295,1.2013356690744807,1.5405258117241345,1.9928972920233257,2.357529150064879,2.8622925590113004,2.966131285272069,2.8992084952606136,2.6975925857197733,2.965829465247343,2.615431504445801,2.4888510028839246,2.1861794954010794,1.89383931732138,1.6830515639003265,1.897969411248672,1.847645179304288,2.0583910917568264,2.0619200555735535,2.355179170387622,2.7102499615221083,3.369203252895419,3.40502370292539,3.122821404551325,2.879613441160135,3.017726189200181,2.4818534110787107,2.106834331533988,1.9895283843197005,2.442695123549517,3.0631532264422296,3.7253425206865014,4.151247292736121,4.420806240903003,3.912967820029859,4.071269760698825,4.677822836298286,5.043844461801913,4.770572561121735,4.227354792281593,4.080503779629648,4.193045485849866,3.205561771085536,2.6245623666077154,2.568060302458993,2.7312635550700604
2025-12-27,UGRD,10 m above ground,46.5,9.5,2.144956210966241,2.067327026016623,1.813765333899239,1.3083627469854089,1.1629810029025425,1.7009874520462112,2.1537370266652767,2.402935179610306,2.892989651348442,2.826510803572523,2.744700644911063,2.5874987218697543,2.914900084122819,2.43590109367113,2.318198747361566,2.0325818476808424,1.7951876087724563,1.5147565441243782,1.762180927344775,1.6246237848701883,1.69731217831174,1.7857187042532194,2.081917922849881,2.250250266087799,2.7657634659766197,3.369437197838831,3.7056728333809583,3.7774352102683046,4.203830050868195,3.62949770890175,3.0777573908275233,2.8080605664024025,2.727138222405324,2.9645149852890618,3.3420716996397557,3.996986241247773,4.627151299521224,3.8806159825971775,3.360199974822553,2.8752253114752975,2.791012852262991,2.685597940216508,2.207041968159266,2.482914250427333,3.702163250987182,3.99716432815637,4.893717145981022,5.204743998204165,5.23157912322764,5.175083871446784,5.171115584092625,4.83165997981547,4.892234450632621,4.392859811110072,4.169877537179403,3.799377515519531,3.749551574050247
2025-12-28,UGRD,10 m above ground,46.5,9.5,2.950092519311516,2.990968007964483,2.922039504618722,2.6123216803950813,2.7727201726945743,2.387746695550426,2.257203729436421,1.972690215319465,1.6782110355181226,1.5159874096027606,1.7502661337701988,1.6256418761951548,1.8053071562536769,1.9094709023304737,2.196279811334444,2.5131852063087083,3.0548336098136684,3.657437835932885,3.619602381370255,3.980704746178856,4.3309255348716755,3.6350372377186777,3.1007484689584217,2.864494162827814,2.7071998614373083,2.71316661325117,2.870691420706861,3.4446423914569366,4.628604251769732,4.774034069122326,4.508955614299708,3.920189813349803,3.1443746835953874,2.4524509773751686,2.05111239877572,1.8934964580096705,2.3525664595408253,2.2555446845998035,2.548627233158152,2.7573223675826153,3.0798200259957413,3.126802965802349,2.9833392737999977,2.8562006669838476,2.807143436249623,2.2952133751328088,2.045285795839094,1.855953155588165,1.9759536965629692,1.869911813695119,1.7058581167665785,1.8045678709750288,1.7796166462625451,1.8670746812704535,1.8316402688649984,1.9953986485951036,2.207071843405016
2025-12-29,UGRD,10 m above ground,46.5,9.5,1.8424406390853627,1.6251621598090076,1.8079883612039724,1.6273314035447917,1.7829040771409814,1.8380483594705417,2.1450072533957942,2.4724395207761,3.011723010544883,3.590656050150907,3.536361835704656,3.6811990071818457,4.0878012726573205,3.579382372688237,3.295135259815896,3.237058719479525,2.946988373026634,2.732713959573516,2.744352463408361,2.9937820805255964,3.5222865531595255,3.498016679282874,3.9209581745371302,3.794759005140964,3.3054855887343373,2.812864470106244,2.537616823386297,2.296271780375755,2.571482629193123,2.2213488342330177,2.5547465629090045,2.906210861012988,3.3318523175080843,3.6613263108783696,3.476938709116433,3.1465523140469114,3.2127343221881457,2.1188810182041484,1.9056789795715825,1.617169765780662,1.5688727614880729,1.5694799239749102,1.7170482771666742,1.7074721048917183,1.9792092896878637,2.2571424778449467,2.723437532630217,2.965754839250878,2.7548156883462234,2.881605249735072,2.9556479957761206,3.2292222231662855,3.323026156842717,3.3478732435148526,3.5421531247118208,3.407352468090495,3.450585736261348
2025-12-30,UGRD,10 m above ground,46.5,9.5,3.184759292260628,3.544084549256464,3.364491977153361,3.345657451941074,3.7593043379362503,3.3361206548105216,3.1630237167967667,3.1465566702087657,3.0038948759526605,3.0042329330941397,2.98083095507221,3.321868916315709,3.763492035868894,3.064459394559047,3.2850769779273667,3.110311581358809,2.9770829490037056,2.6831916139397514,2.5276496694498096,2.3367698157728993,2.7158506783960057,2.4641712633588586,2.884199339611075,3.173185034014822,3.3969330076167896,3.624597717874687,3.692915708269992,3.47156457958119,3.8308323191517504,2.964673847422943,2.20954376962247,1.5596866578135766,1.6592543013226868,2.075736875526375,2.4657304406837923,2.912241218050929,3.298699494670186,2.4505498344791885,1.76938856043725,1.7156398248477165,1.9136807398493652,2.1214372761064757,2.316524019068847,2.778478884940944,3.2362734618785742,2.526542429756387,2.4287876370630137,2.633203450234383,2.8287228890635348,2.854112423443488,2.567611618301367,2.1087787148043446,1.875514448673024,1.0770644093360875,1.4658450345062988,1.547933914997574,1.446080699587762
2025-12-31,UGRD,10 m above ground,46.5,9.5,2.907755895207885,2.9056788887658564,2.9283212493135684,3.239038451554074,3.794269824230057,3.51187891184901,3.740932576782277,3.5506342976697356,3.1900815524868253,2.816224983524002,2.572099754255035,2.4770270744739324,2.924783470747245,2.5355540770244533,3.0351496841397205,3.487841661029438,3.860389818554885,4.101473910991028,4.12119146801901,4.098129678883466,3.6906645845338697,3.237844842226701,3.465876695638152,3.215961859926577,2.7772480291926156,2.669910071509749,3.0546691562811277,3.706490872345211,4.085592679718984,3.2358220213415616,2.8663966575892834,2.8554650513156803,2.8802154269083857,2.80563117143224,2.822625773054978,2.9255034850223613,3.2664662268632148,2.417286178453484,2.4385098056705528,2.375830620207769,2.2651287769680275,2.1441617549013205,1.9333657599916132,1.390674751052628,1.5028753915106026,1.048945319137176,1.386897466008095,1.5798596482535023,1.730720689042363,1.8501845655601623,1.9126058575477132,1.829483099141336,2.016602920020913,1.3410398156972092,1.78939672012526,1.7586185803455805,1.6186819545107558
2026-01-01,UGRD,10 m above ground,46.5,9.5,3.462975676536826,2.953203367426785,2.721724290691007,2.721961835908205,3.1717835327211397,3.0536859924823183,3.5025749891735383,3.936120417712634,4.5194436456905365,4.726603025179102,4.700389552583222,4.518948354502465,4.525092199398515,3.733345917239981,3.597625024710309,3.694179023032238,3.7578172201054674,3.733978153841835,3.4163433142115185,3.1441001108273667,3.419817192780722,2.751807934971688,2.842462151129576,2.9676745370363267,3.393949504071263,3.749463722509919,3.651161589008135,3.223084602430995,3.3473039093901336,2.344612371251234,2.2163199662005035,2.05842046224508,1.8633262821043295,1.6620946040177484,1.4794975631562313,0.9856534691122916,1.5879660099981665,1.443647071238548,1.80905479703208,2.109152560249537,2.243981390978683,2.213587684182218,2.095979369330956,1.7555847029652822,1.8589871270838143,1.4050668444714178,1.5258513285093185,1.608118122590369,1.7997773564490624,2.018705687395453,1.9941132278943083,1.7423333368715794,1.5675469619025917,1.1511664731619722,1.6218313293669324,2.008624609530995,2.1817684318455557
2026-01-02,UGRD,10 m above ground,46.5,9.5,4.34610177973506,4.512706331751485,4.3802612825313645,4.34036893783487,4.344756366759447,3.554567239279548,3.2082417374040353,3.4054229748789995,3.40223239153441,3.851083027915484,3.849336162737391,3.2966166336356544,2.988846622940762,2.2699151633633625,2.7532677068438542,2.9483249955358324,3.1844503152986947,3.284794361964609,3.3540341002145904,3.2894230057454905,3.5222755402992627,2.591973043358261,2.3313386560176124,2.0369287417806454,1.7081781858229217,1.5023709682083417,1.36339510160968,0.8391527258951634,1.21403078738383,1.0781494262715672,1.3045796625042567,1.440101670263732,1.4700180017086135,1.4862716808499747,1.4483027944132625,1.2617588243899618,1.716855612273129,1.798462387827159,1.9003665573672224,1.99680237448318,2.2314753007866326,2.3701843289224556,2.458599310211656,2.7534470489236536,3.0149773451998483,2.349516189977927,2.303023490860466,2.427720768663514,2.570914548729413,2.57031060768801,2.6111444718564596,2.7602192910078327,3.237865803937464,2.9051305302787975,3.674309146133271,4.138542923711568,4.356311809402115
2026-01-03,UGRD,10 m above ground,46.5,9.5,3.5553692610175487,3.555590937417958,3.3608413778875414,2.969215101813506,3.37371116385247,2.9623113418196523,3.0703889903939507,3.035285228116017,3.087458242299425,2.9897506378104444,2.6950876156498436,2.2927767991165204,2.341937612093649,1.466959652727695,1.539916437698031,1.366975678660289,1.2555530325576942,1.2834007691642233,1.2405360686004006,0.895029957206798,1.4152652684019065,1.3412829438835403,1.5149332849088508,1.672766004861342,1.6165926595063085,1.6556667482705494,1.6041450943140931,1.7595458909823811,2.3506862980494976,2.260975791737496,2.220076590272986,2.272378109485113,2.2770351402198945,2.183804867749597,2.336624761755287,2.663314673151315,3.0943200158568387,2.814039914810593,2.6351378012569273,2.4998552767277182,2.438738458838208,2.443177443701111,2.6061897900634747,3.0124998846359055,3.573971144615379,2.975014543179535,3.013663486127374,2.785493148200073,2.5396068147278967,2.284378293799074,2.1419485478932057,2.04868720711407,2.665013411486684,2.5760879588754086,2.367852354636403,2.2460732723273633,2.4182881655807216
2026-01-04,UGRD,10 m above ground,46.5,9.5,3.2144408073819237,3.3669090416041296,3.122257356699651,2.7625319008534213,2.572152335278667,1.3555139730470165,1.521475325813646,1.3718732729310856,1.3381626237441386,1.305326921330027,1.2571014105604053,0.9285401206922156,1.297043744984198,1.09916627325243,1.4178659823955249,1.7137564342878295,1.936850158401537,2.0394225725262403,2.0150088369818,1.9583489383230732,2.4039967140563996,2.1869326378537366,2.1767758789194924,2.2553996879032336,2.1726476482856434,2.084875153044175,2.160341205159863,2.093756209842424,2.432777271198418,1.9490060919274217,2.234741667017061,2.330180165350404,2.269913289362627,2.220094955692754,2.2075289178448054,1.7716503165441564,1.6598165741204585,1.850112754000924,2.363793265030474,2.651322945754214,2.758843561549484,2.427392521619862,2.526998357170478,2.394174540522009,2.518257474055416,2.7150856462703814,2.933252503373896,2.9363089698988656,2.7779974107336667,3.0105037544116384,3.371643270614716,3.989244088621034,5.1682363745360895,5.44734141491311,5.604087655713792,5.546653220821472,4.962262603507941
2026-01-05,UGRD,10 m above ground,46.5,9.5,1.365543456901947,1.3815068324695483,1.334840649937522,0.9857921929275408,1.336208533172479,1.1821935777037182,1.529210929714735,1.8113757530564256,1.925825810240412,1.941839175778701,1.742856898392323,1.67644264991684,2.131850644515814,1.8250680020207537,1.920479160073298,1.9912218084740312,2.0903381313609843,2.056099737449829,2.030831166794072,1.975018367195737,2.32571333946325,2.0525853813740405,2.321901959838983,2.6636717138341557,2.736715585184582,2.915847301981378,2.7771117037016433,2.624163254334974,2.883336191280759,2.09666704541013,2.2991181969337675,2.308097914919516,2.192006635655379,2.602984571558589,2.814361911409489,3.284601806824339,3.4875305259426965,2.8690223826640255,2.4215339245662904,2.5343065806116214,2.946047970474811,3.599196857130176,4.278289973769086,5.185147743257335,6.193232402935377,6.056863965926813,6.006703220449371,5.886593908380069,5.72159651382376,5.230883913009295,4.356192664825166,3.614809010817109,3.0085692790659166,2.3273396632165033,2.6463434543193154,2.7433236440854296,3.1266691461314884
2026-01-06,UGRD,10 m above ground,46.5,9.5,2.082466272867756,2.080810524216564,1.903224863590868,1.7052215683993288,2.10879101020467,1.7516044169426304,1.7789393143703256,1.9039113426605665,2.0327475322005046,1.9466362378206763,1.9943384002254447,1.9434741908301196,2.124136632476031,1.8632390699468184,2.210964407662569,2.284763085636592,2.588866939025478,2.8150588569532076,2.874429489278108,2.8074416312711317,2.9950892784001457,2.076948380304364,2.124395805957949,2.028219275076075,2.278199701173947,2.4661684570729574,2.850481876667097,3.407180142141263,3.583353837449575,3.1573611248788147,3.002261415990334,3.081477547160219,3.304970655678299,3.5476475396723925,4.051380776859721,4.327753930441597,4.865038010577338,4.832718862222661,4.867460339650352,4.678828067228826,4.475576057486205,4.156337111240423,3.8341291585043016,3.59472461130662,3.88621141773658,3.1841065436471414,2.7454969811007484,2.4174918663630343,2.25731935847098,2.1734059389463463,2.065413312531724,1.766491660140179,1.9180843501249312,1.4958157733756203,1.5958295042107458,1.7336398547294416,1.817246751596452
2026-01-07,UGRD,10 m above ground,46.5,9.5,2.0902830658051412,2.003998087740165,2.062814099667638,2.042116470748612,2.1879817249068454,1.7234008745181586,2.105521704142259,2.167289518039585,2.428415424502484,2.754086664883136,2.8062333905503585,2.6358924841613094,2.673605118026786,2.002128896404498,2.134041929280312,2.0215979799088117,2.348670418714804,2.50840115115157,3.057989599943465,3.346426250204135,3.4210718328745844,2.712389805798919,2.056950228311865,1.7721418906589224,2.1126113563380953,2.3709057658671657,2.6532924061315724,3.163740570320998,3.6544891744293326,3.175616346264407,3.212064676786736,3.3821098567969425,3.405893873247562,3.3441138425306995,3.162222847552033,3.0399836797127473,3.089275397075713,2.685422513819308,2.33305250561889,2.193267587027364,1.9906633364014683,1.9077073719709607,1.85293295893789,1.4431882996970284,1.4778690171779534,1.154167210915393,1.3722862135336815,1.418838212344773,1.46451605578283,1.5406906220553158,1.6779603038310031,1.7588866293496803,2.049277824163524,2.065966302982295,2.1443812285246353,2.2738595039336436,2.2018702856548926
2026-01-08,UGRD,10 m above ground,46.5,9.5,2.2996678094945855,2.578416252509063,2.517994709614727,2.472078683814421,2.5742152065960746,1.8569503580283224,2.0504689678128507,2.03323249978995,2.315032466455792,2.684418416565464,2.99094521362284,2.8693504687233036,2.7828501481375953,2.4869759181535205,1.9973854573159664,1.795691131922455,1.9083849917712876,2.111358128019103,2.325756960427217,2.48313585938019,3.133721379767273,2.69561753358129,2.510870815544111,2.4561655503565625,2.439778144212627,2.5907463743773356,2.6607641000417472,2.820537294622392,2.8409242234544596,2.3586794326368805,2.457645066205369,2.325581020818086,2.182173198110203,2.093444601076892,2.0310529702338114,1.7984990545026762,1.9762359246919965,2.0076900870349657,2.201056849254394,2.3192342615579298,2.242236821036784,2.0041699821441377,1.963077129888488,1.8067768761118963,1.716494665830619,1.6878739035992942,1.8239467311762747,1.8281766364724783,1.826990156413271,1.847856842435202,1.883261525071947,1.7360088154386613,1.898451792968637,1.9416547340600725,2.0495612681125346,2.1278434457167705,1.9104941751639912
2026-01-09,UGRD,10 m above ground,46.5,9.5,2.220564307993992,2.5615501065431854,3.0754123981147714,2.8943472757548636,2.798642442778194,2.5017009999532243,2.4674047943201125,2.476637693434803,2.572726984318937,2.518992739073559,2.699139446226016,2.692895253866805,3.1742052127521916,3.290184340417712,3.393417288205586,3.3918896169737964,3.3158593667921163,3.0327351876920248,2.9158093140207444,3.271642902761455,3.5927805175930447,2.7861095218023504,2.9544847425522853,2.644995870774647,2.354707732654607,2.191069846117979,2.0275940527335803,1.6304547395513618,1.6165587642828565,1.6114497986540173,1.9519704228172696,1.889972821266609,1.8454341404294416,1.8020788832173305,1.596740281232751,1.426044430314919,1.4707132903161029,1.520351636693184,1.7246981572926532,1.8277582325276365,1.863048119407336,1.8329792710218489,1.7624353880724954,1.6197298268762392,1.6601317405712055,1.613725641830314,1.6706753212553869,1.6297829451572483,1.672071828191536,1.636066280398397,1.5555332968995694,1.298981877364184,1.1967646400904206,1.0439874749151614,1.0982201347507028,1.181092775483343,1.114475103960574
2026-01-10,UGRD,10 m above ground,46.5,9.5,2.800309112074779,2.897832926309773,2.9854609543765345,3.0512305986252986,3.654713642759371,3.4659341825578234,3.181310477026807,3.131302633924716,2.9539480561450384,2.813015779621423,2.611875130108308,3.070619796339962,3.584405979306625,2.5209618633127784,2.7329274070267475,2.5360747227587317,2.3056943741500886,2.0433512323535163,1.8561755925620225,1.5800434619385757,1.8216706596778491,1.7389921049627364,1.8140109152544093,1.8396013201575587,1.874412814887492,2.0053643166759603,2.0472574831657155,1.8411043149210289,1.5424589731459015,1.5108134058000016,1.5902698660388352,1.6895605022526068,1.8851922481098804,2.028047576333438,2.064399709003598,1.983103041065808,1.8788497351597,1.671464537651658,1.7055717336734146,1.6522142926704957,1.6149144005946328,1.630493623103498,1.6077040709790809,1.5566825099638353,1.662777179935483,1.406615323911144,1.75201467392239,2.1294555806672495,2.455887685455181,2.7288382326049945,2.7332249054910154,2.7164752354101296,2.7639169044632137,2.8170521697599744,2.818440141308506,2.622466245497525,2.4983478673658306
2026-01-11,UGRD,10 m above ground,46.5,9.5,2.791618507293013,2.72544308618143,2.8335459791426185,3.2048423928807086,3.68562278831724,2.6807828350437104,2.8141638236247823,2.6184147516055463,2.4399524299988924,2.1418395509841583,1.8555566534832828,1.6662686836236298,2.059014222179384,1.8251371019552305,1.8289276006498152,1.818694920895027,1.8247332400320389,1.9698655646734529,2.0927297347037115,1.8354190972390176,1.621941595210837,1.5976840409645314,1.8334973947529705,1.832721541318177,1.8013911090631778,1.7738074401336683,1.868249389415884,1.6645915098579025,1.5849444060196218,1.5618352607225223,1.8202326086708376,1.845704542801231,1.8584521148438031,1.773953643317991,1.6856718580445345,1.49102985224726,1.4717310731260336,1.590492559730365,1.8746969333211696,1.9966738545991176,2.0306293417986847,1.959847090914527,1.7737659135339785,1.5375505061720491,1.4518567383066172,1.5564890851392867,1.7423270972757856,1.7309033799570113,1.5834479211627763,1.4202915925933368,1.3545807064777031,1.19411441499612,1.2083071559231755,1.160541765582122,1.2478459284055976,1.219817416864805,1.1356130854319817
2026-01-12,UGRD,10 m above ground,46.5,9.5,2.5332973199819957,2.2396826487199872,1.9020512381358157,1.6356192802606946,2.102702749886429,1.96622785831643,2.025130495197864,2.089228741895467,2.1109200848081766,2.240190125372061,2.261054963295537,1.8991358045746185,1.5217950020979774,1.4627783467376956,1.741791948774611,1.844691219559744,1.9254823239558496,1.9094752890909357,2.059090360958333,1.8416383890988557,1.875420130408699,1.6373246631712752,1.917867905807616,1.86482880898271,1.8449212657509628,1.7504332875074815,1.706204083208069,1.503245260387135,1.3696427672407716,1.5466259601155474,1.8731231622472369,2.0185176881276385,2.0270758162971636,1.997810718884953,1.7669300908136178,1.522928422097776,1.3850573109493407,1.700986213058984,1.971188354416419,2.101813613018139,2.249432867874252,2.3970406639701696,2.3487275113056327,2.039147391991918,1.778932636826276,1.3287166648573634,1.347222269830481,1.5476956942611078,1.7460740579058232,1.8840910910524624,1.9130074254159335,1.840443433346102,1.8098041101034317,1.5716248578772063,1.4840795798923985,1.423449035146062,1.3572960486476695
2026-01-13,UGRD,10 m above ground,46.5,9.5,2.2295583280544937,2.446400699048632,2.416806603560987,1.9596945947123237,1.4586303239368528,1.4944583285866115,1.8136763364359627,1.9437525413055592,1.936831480603592,1.9041912062195612,1.9853970383013184,1.7184201901737448,1.5885311990508253,1.551237226131621,1.7817495363381266,1.7070665818678732,1.7359989992635572,1.7165310636183388,1.7157098691110808,1.6057537910191388,1.421062950305429,1.3978788989612163,1.8027843913017725,1.9421245430380276,1.9778290555523763,1.990121273993008,1.9640307882491592,1.7061527600589923,1.734294515551004,2.144987033360027,2.5321420215965573,2.655915133884853,2.665770846606391,2.65960034086738,2.754326606738797,2.871884955247988,2.888357047438873,2.642021208068658,2.4682074584221843,2.4403453023757313,2.4534372238140647,2.5267602256227812,2.6850073359777715,3.019125994613052,3.329988864694448,3.3964154975727325,3.459708531165041,3.53592243743934,3.469355132321107,3.4942443099164695,3.490391874915817,3.6479837760806273,3.799643271767947,3.706007581170158,3.711406473610875,3.81967733389902,3.888344850614789
2026-01-14,UGRD,10 m above ground,46.5,9.5,1.9795623516055865,1.9932285501575144,2.077477611984582,1.874101573266007,1.7269568371616653,1.635728215323999,1.787556105509697,1.7276549049998815,1.747466337467836,1.7253574700444476,1.7015506853972844,1.596322272914621,1.428541504495349,1.5736652012585384,1.903724684507884,1.976953913280862,1.985928901900008,1.9056988838783744,1.8377418532836685,1.586252047872757,1.6018601191666455,1.847646963668848,2.174865620361345,2.371659469759374,2.521876863533808,2.5429502346980217,2.5196553349846065,2.415454483861775,2.268038338654679,2.1776779358600447,2.2267769203905656,2.4369953516089264,2.781695999920389,3.127846390267791,3.4624894869893303,3.9871277548879576,4.192092273614728,3.721983785846292,3.5877439686405275,3.655088950426433,3.672133178016639,3.6709184122826417,3.7363173054821703,4.006488147638428,4.078678780530819,3.753856482581538,3.5137966292874108,3.37729050556166,3.330767823633213,3.352989811709914,3.316023576496348,3.6214792230487,3.9306801748357127,3.564520343254374,3.3732439702213934,3.213532346770992,3.1226852130311116
2026-01-15,UGRD,10 m above ground,46.5,9.5,1.7015019517862502,1.6317423945853289,1.6078553330423642,1.4907920009987738,1.4045494878180311,1.5725079296467177,1.9542806073299293,2.0074242100971613,2.032480254778345,2.008839348556951,1.8331594751591325,1.606670336379077,1.5604737779742868,1.829906729568131,2.2012084424819456,2.3911139462614064,2.4858460085566687,2.3477694223180237,2.341873511727618,2.3209188882673706,2.383483980970828,2.383158298218015,2.523199427475718,2.678955063807477,2.849104350820822,2.919503215427939,2.938200581969883,3.188705101474272,3.4469662866415307,3.110525251580158,2.944529713093885,2.8832596209080843,2.786641632330686,2.7460525810338563,2.754891085031125,2.912159021160748,3.1223067366818276,2.8241865885537982,2.7192829350055474,2.645954962927715,2.640224232460568,2.674903417214021,2.642393654101345,2.8732172348752014,3.238533186875713,2.841870818614323,2.700388544692408,2.627102984205582,2.5151059155983715,2.3470079713557053,2.1652019343815754,1.938971075141311,1.945309469038351,1.566335093229675,1.6400447193844114,1.5117324533580845,1.4229205110775354
2026-01-16,UGRD,10 m above ground,46.5,9.5,2.1517691262046856,2.136416718034547,1.9429107795744145,1.6762015992409869,1.6385250819868808,1.8358718120432824,2.1552301053853595,2.3519307645132175,2.4714297946903105,2.449768561440269,2.425725614317302,2.371709039565994,2.4110690283318936,2.462265561739406,2.6148330299514906,2.7440026588172444,2.924441946534407,2.9719298624556325,2.9875265954718584,3.333676923184722,3.733784167823874,3.507779458414204,3.5213270043189784,3.580565512801419,3.465358319303943,3.2672386873844967,3.142144363366526,3.255928847053948,3.4170371401060984,3.056602754424008,2.8401552762877844,2.7913675867446406,2.694037020005445,2.7024503461706098,2.670924482059574,2.8995264358115618,3.230014904782798,2.8864408813834768,2.6775014913033637,2.625698735942914,2.50143676533204,2.3756565497933373,2.280310376322555,2.0745904738123775,2.100527690017279,1.8480143741713393,1.7753284405221417,1.5965069287231888,1.4505655371047228,1.368849713639143,1.2849282126018138,0.8749025282642069,1.3371502926772267,1.5209129918431843,1.8012008589694584,2.008441744479252,2.0642892016929517
2026-01-17,UGRD,10 m above ground,46.5,9.5,1.725244602835601,1.9878390333223703,1.957025308789656,2.3693686986864666,2.670644198134135,2.5727352943547706,2.0831876068789676,2.0074242100971613,1.996425872379652,1.940046009114899,1.9149847597501413,2.3064376867502148,2.695075044254067,2.5654258991933325,2.0733326648135098,1.9522058214803748,1.9423682929878765,1.903058791003632,1.901069090997222,2.316483868826701,2.6197671988979048,2.553597022540006,2.072572267017761,1.980120624424017,1.9222673239126948,1.873568676759306,1.8850688241428668,2.2880803010051514,2.6154899841392205,2.5738490970485497,2.1044006205061256,1.997369450753184,1.9811012283827936,1.9443249151165476,1.9374611558716095,2.3371970975243466,2.719045251972936,2.617525252239843,2.070959525051603,1.984503588434704,1.943540541223411,1.8684646859826055,1.8345310969318689,2.2901109496678527,2.6486011674603755,2.5775600675799804,2.0728908412157803,1.958193942960926,1.9009363021825787,1.8501845655601623,1.8615261695590692,2.2768004260490966,2.654280680135643,2.608321620223476,2.046032329444386,1.9484586605053016,1.9013974521763488
2026-01-18,UGRD,10 m above ground,46.5,9.5,1.725244602835601,1.9878390333223703,1.957025308789656,2.3693686986864666,2.670644198134135,2.5727352943547706,2.0831876068789676,2.0074242100971613,1.996425872379652,1.940046009114899,1.9149847597501413,2.3064376867502148,2.695075044254067,2.5654258991933325,2.0733326648135098,1.9522058214803748,1.9423682929878765,1.903058791003632,1.901069090997222,2.316483868826701,2.6197671988979048,2.553597022540006,2.072572267017761,1.980120624424017,1.9222673239126948,1.873568676759306,1.8850688241428668,2.2880803010051514,2.6154899841392205,2.5738490970485497,2.1044006205061256,1.997369450753184,1.9811012283827936,1.9443249151165476,1.9374611558716095,2.3371970975243466,2.719045251972936,2.617525252239843,2.070959525051603,1.984503588434704,1.943540541223411,1.8684646859826055,1.8345310969318689,2.2901109496678527,2.6486011674603755,2.5775600675799804,2.0728908412157803,1.958193942960926,1.9009363021825787,1.8501845655601623,1.8615261695590692,2.2768004260490966,2.654280680135643,2.608321620223476,2.046032329444386,1.9484586605053016,1.9013974521763488
2026-01-19,UGRD,10 m above ground,46.5,9.5,1.725244602835601,1.9878390333223703,1.957025308789656,2.3693686986864666,2.670644198134135,2.5727352943547706,2.0831876068789676,2.0074242100971613,1.996425872379652,1.940046009114899,1.9149847597501413,2.3064376867502148,2.695075044254067,2.5654258991933325,2.0733326648135098,1.9522058214803748,1.9423682929878765,1.903058791003632,1.901069090997222,2.316483868826701,2.6197671988979048,2.553597022540006,2.072572267017761,1.980120624424017,1.9222673239126948,1.873568676759306,1.8850688241428668,2.2880803010051514,2.6154899841392205,2.5738490970485497,2.1044006205061256,1.997369450753184,1.9811012283827936,1.9443249151165476,1.9374611558716095,2.3371970975243466,2.719045251972936,2.617525252239843,2.070959525051603,1.984503588434704,1.943540541223411,1.8684646859826055,1.8345310969318689,2.2901109496678527,2.6486011674603755,2.5775600675799804,2.0728908412157803,1.958193942960926,1.9009363021825787,1.8501845655601623,1.8615261695590692,2.2768004260490966,2.654280680135643,2.608321620223476,2.046032329444386,1.9484586605053016,1.9013974521763488
2026-01-20,UGRD,10 m above ground,46.5,9.5,1.725244602835601,1.9878390333223703,1.957025308789656,2.3693686986864666,2.670644198134135,2.5727352943547706,2.0831876068789676,2.0074242100971613,1.996425872379652,1.940046009114899,1.9149847597501413,2.3064376867502148,2.695075044254067,2.5654258991933325,2.0733326648135098,1.9522058214803748,1.9423682929878765,1.903058791003632,1.901069090997222,2.316483868826701,2.6197671988979048,2.553597022540006,2.072572267017761,1.980120624424017,1.9222673239126948,1.873568676759306,1.8850688241428668,2.2880803010051514,2.6154899841392205,2.5738490970485497,2.1044006205061256,1.997369450753184,1.9811012283827936,1.9443249151165476,1.9374611558716095,2.3371970975243466,2.719045251972936,2.617525252239843,2.070959525051603,1.984503588434704,1.943540541223411,1.8684646859826055,1.8345310969318689,2.2901109496678527,2.6486011674603755,2.5775600675799804,2.0728908412157803,1.958193942960926,1.9009363021825787,1.8501845655601623,1.8615261695590692,2.2768004260490966,2.654280680135643,2.608321620223476,2.046032329444386,1.9484586605053016,1.9013974521763488
2026-01-21,UGRD,10 m above ground,46.5,9.5,1.725244602835601,1.9878390333223703,1.957025308789656,2.3693686986864666,2.670644198134135,2.5727352943547706,2.0831876068789676,2.0074242100971613,1.996425872379652,1.940046009114899,1.9149847597501413,2.3064376867502148,2.695075044254067,2.5654258991933325,2.0733326648135098,1.9522058214803748,1.9423682929878765,1.903058791003632,1.901069090997222,2.316483868826701,2.6197671988979048,2.553597022540006,2.072572267017761,1.980120624424017,1.9222673239126948,1.873568676759306,1.8850688241428668,2.2880803010051514,2.6154899841392205,2.5738490970485497,2.1044006205061256,1.997369450753184,1.9811012283827936,1.9443249151165476,1.9374611558716095,2.3371970975243466,2.719045251972936,2.617525252239843,2.070959525051603,1.984503588434704,1.943540541223411,1.8684646859826055,1.8345310969318689,2.2901109496678527,2.6486011674603755,2.5775600675799804,2.0728908412157803,1.958193942960926,1.9009363021825787,1.8501845655601623,1.8615261695590692,2.2768004260490966,2.654280680135643,2.608321620223476,2.046032329444386,1.9484586605053016,1.9013974521763488
2026-01-22,UGRD,10 m above ground,46.5,9.5,2.1935009809233015,2.0960437308510818,1.9277913501446613,1.702422604678665,1.7264508872698554,1.3601507392264038,1.452678691894671,1.430458999347061,1.362658502958738,1.397816129761774,1.4852928188565278,1.4525980478340863,1.9039656139932053,1.7476548686921851,1.7933981359010611,1.8054110479838643,1.8222066556319647,1.6091433528434966,1.421994271776334,1.306494799627199,1.7026901246019208,1.6149795180926425,1.6626434046665208,1.6244448193305825,1.6950738101224545,1.7202292452675352,1.79821566264483,1.8926700436673,2.151802561649037,2.235612416264235,2.011903114566321,1.7781197091377097,1.5232232741472502,1.4814025949471668,1.7189812938726003,1.9515314450366257,2.8656966756622753,2.843950611281577,3.3426043350314965,3.251616577095166,2.9549401364968566,2.64934370015457,2.1274279463607377,1.847572733448808,2.196831571244068,2.4054659406936816,2.6395939865279914,2.7870358118752447,2.858518144855089,2.8515697872035286,2.547099095236551,2.3097470340868647,2.514602502961059,2.292193555742433,1.8880947980431553,1.696346358164227,1.9013974521763488
2026-01-23,UGRD,10 m above ground,46.5,9.5,1.3997523895172577,1.5189671521029702,1.5694186361707014,1.7302154567522,2.274577311044761,2.075368946738063,2.1089146472691467,2.1353035240746827,1.994974924452672,1.8450436321339652,1.5020996486652405,1.167557232880975,1.3979956033384962,1.5550086433699717,1.741441698602728,1.7444443105432876,1.7511223314641038,1.6160836453081018,1.691993586407715,1.79659323919997,2.2106912296159043,2.2202231247176196,2.564475516187028,2.724444440521652,2.4018587081635747,1.8704017927144012,1.7516707435087666,1.6955054388632218,1.961325309673984,1.9912814499188871,2.242723961587134,2.172865004882576,1.9549790649307788,1.7773269294581582,1.5330439874093438,1.5598694119790206,2.152030600696566,2.5438941775396344,2.9999007977619594,3.275365347245793,3.464940594719704,3.3807848398476485,2.963342129029824,2.5235977598417,2.723503319673851,2.044938638845963,2.1389858053342574,2.504359048465574,2.378048323550698,2.3926467200017494,2.304145098339512,1.9693994227411449,1.5660417407784335,1.5562931608781994,1.627334528092221,1.718529169051423,2.1071461711632864
2026-01-24,UGRD,10 m above ground,46.5,9.5,1.996714596394936,1.788955017328981,1.4395605891937318,1.0898969952185822,1.3986944420277396,1.6498355258581243,1.9195277424286037,1.9440936438293597,2.106836720877008,1.8085859180064292,1.865578182214073,1.92212086093892,2.0876116607687183,1.802509970919296,1.7094870081117166,1.591588743112493,1.7947578086528115,1.8393801203084132,2.011909266062972,2.194309588465143,2.536100459039228,2.203345370971892,2.163850355928918,2.111208875541756,2.1016777321409483,1.904191651047296,1.7016736444040972,1.8124848644061184,2.739149905990183,3.1027525329974357,3.3928342868017096,3.514859381945188,3.129993232258988,2.5840716807030084,2.0427738884531115,1.884472900825751,2.1652620935273275,1.943665134472404,1.7945074406488684,1.866155955601927,2.1037001862997142,2.1616011322253224,2.22677789915497,2.28195512337815,2.4374610212502703,2.21500783314478,2.296732072927014,2.2640535186683843,2.36737257437557,2.5547534608977225,2.828742339929975,2.5880185696302025,2.2209755346215707,1.5424031046158593,2.153964555971613,1.9053093597355573,1.876046953246052
2026-01-25,UGRD,10 m above ground,46.5,9.5,1.8940442401767763,1.873439249834898,1.901935313190707,1.8958836431767117,2.198150074225641,2.283392425812523,2.280877033076,2.226883113610921,2.1421213980414535,1.92209881397907,2.1158904696495027,2.3793941774593783,2.8993503433578423,2.5419921086782935,2.665905427694738,2.3529336203971063,2.1196711547017,2.0604403572127494,2.0869008253384607,2.2868786639616294,2.7835308034339628,2.432944273795581,2.4055391728212645,2.3200313463448805,2.0068167904213867,1.8375238946369463,1.7390673327741708,1.6480554774055864,1.7083163333426272,1.709691573145942,1.6756206801617823,1.7341601921513965,1.9541341387387727,2.35299166711439,2.55939031900642,2.183818213793869,1.8144537823522535,1.3404969212780329,1.6202676697367062,1.478333877522752,1.450309586930237,1.5477847349009004,1.4482668032775186,0.9366094055350658,1.0258799038841364,1.2062391225175275,1.3038804891837912,1.3458714404950374,1.3804332359200764,1.4727951749507402,1.915762796810477,2.2896142928027405,2.478849214845978,2.150220851668184,1.868720929088434,1.6136293330350384,1.4907347741385923
2026-01-26,UGRD,10 m above ground,46.5,9.5,2.183680566193239,1.996804440216672,2.1997595817426943,2.3140457305946773,2.9106831680840592,2.7783529601524752,2.962924314724778,2.771071740652767,2.4373019452971434,2.1775150078869623,1.9153696409027865,2.0006801775286056,2.4246982572446747,2.217773759390499,2.113134250012578,2.0626436378376147,1.8473903787025576,1.453729890181092,1.3767447458241815,1.5321907131393453,2.2049869463727783,2.2033034220382848,2.168478473359041,1.8815454378300065,1.720407383272303,1.7640421630601328,1.8537956475397064,2.093813511420461,2.101840513752419,1.690988953911888,1.411420250572335,1.360226044781338,1.3700636476305577,1.37358360810921,1.446231340357095,1.3635711296144737,1.6916562682990657,1.7581037710110867,1.8189360615805423,1.9896189985493855,2.108224155756256,2.144781245068274,2.172036118783109,2.087160975468829,2.211219475772408,2.0955560880484203,1.8716303456129515,1.8190515372212888,1.8786982422465957,1.9327554376817968,1.79087129741003,1.5931897509396558,1.7149736764479284,1.9411816435796696,2.3025177760084303,2.5197817683532335,2.411707390876182
2026-01-27,UGRD,10 m above ground,46.5,9.5,2.457902781610336,2.1567051819428986,1.7857406434909986,1.8863392777226424,2.3465845626162163,2.22689030641646,2.214699291349405,2.2087474351278633,2.0053057068223437,1.9134894729322256,1.9911351071142953,2.0899522665298775,2.181860860001385,1.7693618551093109,1.5272418355689572,1.4432072286922808,1.5970043095809512,1.7249701328395544,1.9303290956227517,2.001204129610734,2.030197296274338,1.8517261235693057,1.6481450732482317,1.5010218684916967,1.4601399434071158,1.506902357266721,1.6111804900327558,1.643092400747784,1.9118924701805176,1.7315543966638298,1.8525636317792495,1.9654289362645796,2.003175148349623,2.0327800236958895,2.115138032492951,2.174771655596391,2.309729827855312,2.1035154668717744,1.8082863652976675,1.7982785367990597,1.7258017022866667,1.6531292055577849,1.5847457735423691,1.5742009138906177,1.95370401212836,2.122572868103466,2.2148597680493376,2.1462919183911526,2.071871990040587,2.1220065330698556,2.0809792326099465,2.2303648028695475,3.017278335708775,3.3832198993219578,3.762600010504067,3.9309790713819823,3.39114046096339
2026-01-28,UGRD,10 m above ground,46.5,9.5,2.088856864008958,2.125621168890472,2.088022252392908,2.2840097738401526,2.4300715500791177,1.8587006205715737,1.51813364181706,1.4038605322926,1.4354321985053369,1.4415864433889074,1.565524940177787,1.7202075691529468,1.866558366996696,1.7946211482255534,1.7279138912119945,1.693799333298634,1.55483128067785,1.482483717631437,1.5327684138673616,1.3958365704276725,1.698275580395627,1.521361519152927,1.6710470896285494,1.7377769705791613,1.6747398656462604,1.5979831341906936,1.603729248637228,1.4899356405967985,1.730700418372547,1.653997662929867,1.6060672067301232,1.5922612727122738,1.6308224372382636,1.6892207227560156,1.728468378873463,1.6990092846424218,1.9429948817016256,1.967764105293014,1.974912452131779,1.896543565003064,2.0432947806641346,2.334278363671875,2.699960940357848,3.3167878375892403,4.155152219791207,4.216732054071096,3.923621199933372,3.9036602235778224,3.831416244068262,4.076026112601658,4.190392419309118,4.040636391667036,3.551397635866099,2.610337397959443,2.341725882264051,2.1105755785975644,1.9444104608389117
2026-01-29,UGRD,10 m above ground,46.5,9.5,1.5784489171510907,1.584735670647177,1.5796164680989828,1.738676611417554,2.0133297057277018,1.8665077170424225,1.7207921121443488,1.6136304257445566,1.548795447722012,1.3958718305396172,1.4455288695047996,1.2433844184251757,1.4459990011553694,1.3904386753773212,1.454414708427071,1.4799496659313367,1.4359867957571129,1.4590387920348222,1.5113862809784004,1.3088432340390015,1.5582290384903343,1.50629111188078,1.4143740088720331,1.3629472645156129,1.3722533750236034,1.4052273891785154,1.4173546600560272,1.443317875924633,1.5922627031357992,1.5855817766451914,1.627950095533781,1.6996693584580391,1.8809802102386155,2.1380869610256865,2.656406847732284,3.40744630005159,4.088552712862288,4.234124794546104,4.001865592613081,3.8667538988568313,3.5989193060264193,3.1818328034475067,2.8016511195512943,2.3653757516105856,1.7995433624015864,1.9442245447651063,2.2821573627331864,2.5058265177573698,2.8499316803233636,3.003738904875089,3.0591501328004673,3.0049151960888514,2.937759603469957,2.5956536767857923,2.515419303222429,2.3735439854138125,2.15213448742254
2026-01-30,UGRD,10 m above ground,46.5,9.5,1.4717215065993534,1.4513825061651286,1.4807684333158178,1.233180011701038,1.3284383197478598,1.2460238947921571,1.2600652179367795,1.3706254413076668,1.5290587684441532,1.5737648494851957,1.6622574333330942,1.4978325959308778,1.7898924933009823,1.7944940187483098,1.65923138025991,1.4670927435979837,1.433046986707991,1.4105874539928882,1.4872904139448409,1.420784018176119,1.5602745465004713,1.479382738321295,1.5605079105802242,1.480010794437789,1.545723934522774,1.4716030811847105,1.7620581261045525,2.144511508441691,2.6009150649600796,2.7477577626269927,3.0271744509956857,3.2081641908688305,3.2471660954742876,3.1827730132666896,3.357594846564437,3.74941239040376,3.694776984854987,3.1701878436982387,2.7940724289116585,2.4670274288145984,2.029463832390576,1.9386972516269712,1.9964824889986457,2.350088145594894,2.8767317971934356,2.7411641037479204,2.6371766783421444,2.3338653369437785,2.1050127530223026,2.0376394172640526,1.9277045490464948,1.8724606548980445,1.9926274141463765,2.1435291880120975,2.1855689218865004,2.156880574061923,2.193400255110171
2026-01-31,UGRD,10 m above ground,46.5,9.5,1.535187267737677,1.5502147432381994,1.6377097497058526,1.4733828461022878,1.7055951758437158,1.648937247248064,1.5444545080177532,1.4227539481908087,1.3187869219171076,1.325986777658276,1.4231232849116586,1.3871112605033489,1.4696326916262756,1.4810801593341,1.4327009356125568,1.458855287490643,1.476199748564622,1.5164729041564613,1.709875006648375,2.1076315421451115,2.687036630051502,2.79035647998649,3.116672912236429,3.258788589463461,3.243719485481705,3.227971951003578,3.4277788823337896,3.788605879274029,3.697888659962042,2.768139658964314,2.252565451638686,1.7844582764939272,1.4421206629824983,1.3978196755285217,1.6083118111455432,1.9864341410306092,2.4962612596222877,2.7783454570163157,3.0884732385475804,2.959324179757713,2.6240544972394733,2.4671471938294114,2.239083423184802,2.340407590938745,2.4669598280265523,2.2957304116397066,2.1427160971521513,1.8323040097347565,1.7045855525515154,1.49932548006126,1.3614301338293993,1.142308820009226,1.203645044805686,1.1850472022919272,1.4897772012197938,1.4722809931200969,1.5935495672078217
2026-02-01,UGRD,10 m above ground,46.5,9.5,1.3910210960199465,1.4425083770198026,1.4899887759215595,1.3624561362378294,1.395141918189589,1.4611097747015864,1.494801236264459,1.5392914181426145,1.5391763349461658,1.5773166969222867,1.8945348474658756,2.2094672557199617,2.614880610656316,2.890318364926719,3.19360149061188,3.320764152686765,3.327475392867809,3.4082966698373207,3.7370818217922257,3.778662768653433,3.360424951012435,2.0281268875660734,1.7169701162701614,1.573109860592366,1.601184144170517,1.6831554091725391,1.785136434287635,2.217939806785312,2.749125994622202,2.975303826012196,3.084911056997366,2.7783700972516403,2.579355018365397,2.510743259862482,2.2974243807421164,2.075543583452818,2.319764602612419,2.342736627485447,2.4658106544922354,2.3343541912078005,2.175205002127833,1.9222508209139963,1.6543468999771964,1.4869847316223197,1.8280134560857189,1.6786353852682967,1.545135682545753,1.4385440222832733,1.4466097450739357,1.2752131755215226,1.2574990797531247,1.0633664375084666,1.3414849358826946,1.3048722058314577,1.3922014145340182,1.2865477875393694,1.232810585222014
2026-02-02,UGRD,10 m above ground,46.5,9.5,1.6046943500920792,1.7546027460220794,2.0680736743919557,2.4392615760873815,2.7445029200402837,2.7171376723160012,2.8300550723055684,3.0606108382462853,3.160488132938318,3.3587942944793157,3.8507519686774248,4.077648808267812,3.81311625673992,2.320127994651254,2.0062373253450163,1.7654685022908752,1.6659801713305753,1.5841766162693478,1.6218416615192717,1.8591328288572115,2.4115436112399773,2.5826121010022343,2.704376372329612,2.597226838614309,2.17350700110868,2.189032546605362,2.0344444238528148,1.7791102199032225,1.6919074868059454,1.2772699049460292,1.5563423037283597,1.7832792384754077,1.7642027718032245,1.8766095282320503,1.9374611558716095,1.74989505993024,1.7225906319335749,1.2229525971603374,1.5171521344463148,1.826280231450213,1.8548896505470491,1.8250668847113924,1.8121493640641424,1.7882973126174022,1.7879410871128014,1.4469567589118482,1.362759154203573,1.3408012886300564,1.5194064832330825,1.696411409570881,1.7540017874334737,1.5186795496004062,1.6898862800968408,1.4660840265604458,1.5397183693311984,1.6415729899511489,1.726960746082819
2026-02-03,UGRD,10 m above ground,46.5,9.5,3.062553039593662,3.2549964004656213,3.6112398324044905,3.9458339934061986,3.739410726424762,2.835309114218526,2.004075644755753,1.7037906325039598,1.6252198639556257,1.6532273062883374,1.8632648089180104,2.3064376867502148,2.8782412440707494,2.6482887062612193,2.4259253592462455,2.155944378262076,2.0264461145329804,1.6666124703266862,1.5994497883743015,1.3978058689414383,1.2334875251524555,1.3194531767118418,1.7614745111810866,2.0215806604491,2.372444330297512,2.53168228788192,2.3735002484597887,2.0558677888398753,2.178384330084409,1.8265728653496884,1.9436598723166416,2.002666339878181,2.0405571680076893,1.8330326636195935,1.59858435923649,1.4290230999461526,1.3513849374573192,1.2975549289761408,1.494079239741156,1.4662790027684849,1.3460353968418262,1.406161018476258,1.5081409559158874,1.5046512808497392,1.5707825458297613,1.627690621703036,1.5255267638591798,1.4285753373474,1.2874014201506432,1.2490690033784573,1.285922204489903,1.2233564571258535,1.590336240420257,1.6552389769147418,1.6570359399242458,1.7116930529980738,1.8445555714732784
2026-02-04,UGRD,10 m above ground,46.5,9.5,1.7844631014397632,1.7821093862429556,2.0405478630921112,2.4986180231725625,2.8674935156044397,2.677843134543007,2.504771251390382,2.261862763307664,2.0618854243625218,1.965872137890867,1.7233763184596342,1.4574159959945645,1.357239985045504,1.368019255575449,1.5820783142944506,1.8365266693241349,2.277226020264893,2.4126070603360112,2.0330777107921105,1.7242042625205665,1.957114530626729,1.8462646461677,1.8818476220305296,1.942573015700636,1.9526973400903376,1.7753696370408678,1.5424198549494816,1.1918379872404667,1.0207193806861037,1.0515045992249423,0.993593934542382,0.9063359870839534,0.9432820518911268,1.023509380565748,1.1155739626947598,0.964288227517972,1.29261140139797,1.4275851092800036,1.3901172361388054,1.3980239428410353,1.5492010444454938,1.6548643957745008,1.7860108553283682,2.0706566417855585,2.51329165857791,2.539324679446112,2.4495032559477203,2.4570718006221703,2.4219964873578688,2.18591751393054,1.9672275521993852,1.887330495871827,1.88549645381328,1.6626518734298656,1.7106433902579408,1.814996703238064,1.8482686406371287
2026-02-05,UGRD,10 m above ground,46.5,9.5,2.183265012980095,1.9399509643930075,1.7762204018006549,1.463888420159429,1.2202058175633583,1.5337956990596815,2.041254238831389,2.497522515413844,2.765719016147622,2.7375600965281306,2.110983688122926,1.9716172742291205,2.113460366165179,2.1177949784844823,2.1598020759048926,2.270632011115363,2.252189482072411,2.0242803627729846,1.7695527793775685,1.2927162342031626,1.1717328031973273,1.2379250647586462,1.2530145017303282,1.2699436026886222,1.31744021885514,1.3687248539564494,1.4041660318365652,1.177508583946211,1.7770489111550252,2.016720736867788,2.174879449254618,2.2964713769390483,2.5095168003867827,2.521319874226126,2.5493172135548448,2.744165074946199,2.862680248809169,2.6448780503936904,2.3798846752343845,2.314438037562716,2.276936847868053,2.170370350495313,2.0054065568321637,1.9156886309810943,1.7839399463930403,1.5727364483594624,1.8586754212756489,2.0556987952925,2.0750983138182755,2.2811895229977592,2.4078442850010133,2.6634738913779388,3.1293330939207595,3.108535904730243,2.969279227955897,3.0498218191838182,2.875671989780159
2026-02-06,UGRD,10 m above ground,46.5,9.5,2.4019495333933607,2.1985236643350956,1.8204781701441903,1.636554481655208,1.8860522501321029,1.7848031677895737,1.7778019837941774,1.7655016412583218,1.7934900326978818,1.679215257530516,1.468587806165389,1.0863172878977283,1.134668314597211,1.0484606353624424,1.002308177861142,1.1307908752388367,1.263376135926359,1.2593752971009755,1.204024317176679,0.8960184196627655,1.2089026701698988,1.3855346553214218,1.248012331943216,1.308613149862382,1.480349408553702,1.6494955188928626,1.816286768227113,2.020493422358795,2.3084121955935473,2.267276847805772,2.2118478685044742,2.159723204700145,2.0254695341799875,1.931517993669163,1.915627694520994,1.8586902043141664,1.9349632914892896,1.8850058973489123,2.206900397903659,2.3619291266631546,2.601963727158047,2.8449761488766274,3.009291470428536,3.072809854956171,3.3000851940061247,3.318369314964305,3.096607989739988,2.7596123079677666,2.156756605041557,1.8068705850862763,1.7929774586363585,2.01770406152547,2.4956183808974135,2.5579150459756517,2.61174164774969,2.6884014766223125,2.67192300687622
2026-02-07,UGRD,10 m above ground,46.5,9.5,1.88843309458756,1.7938190167018746,1.6083416097517924,1.1692044064718057,1.044847610836029,1.0548755748772256,1.1270606484611316,1.1205701852413843,1.1248378914530142,1.2262383698174444,1.306619742792807,1.0720524840034136,1.6183504940318407,1.686370125419994,1.6071626212369323,1.516435443553147,1.4890477769087462,1.4457677986286217,1.4510451418890438,1.4465379015051445,1.7683501312344565,1.6089097635431568,1.643133682829164,1.823665710700939,1.75717775942783,1.763476646998913,1.76124241316287,1.814458008073448,1.9011169405204449,1.7696885575320949,2.1044006205061256,2.221565747870891,2.3255646273593973,2.4933149878993093,2.7152217383483546,3.07262949674417,3.225165332336886,2.603601806021544,2.244169436938429,2.530461163210747,2.8414154116042,2.849215029299359,2.9483532593307213,3.060996776903597,3.4228326360808192,3.568761723786972,3.361101275308095,2.992151746230017,2.6205701697485937,2.462103220385349,2.2703520073410917,2.1650490457708815,2.3439116056033855,1.7988967762892252,1.5293143354852952,1.7299649585046146,1.5853142205744368
2026-02-08,UGRD,10 m above ground,46.5,9.5,1.17014360083853,1.3613675828600422,1.4013905995364295,1.1352918651685462,1.46898717679974,1.5624970855110472,1.7483332096220798,1.784930745027843,1.8776674304362635,1.8162093086417064,1.7718125110533944,1.5140961679295482,1.6403824099929665,1.4259422732840608,1.5144068514123323,1.7305486698068149,1.8127037560367212,1.8519004906737524,1.964216612068346,2.002012740385417,2.016153601431866,1.9717386948475208,2.3514188321589513,2.370280209382921,2.519592724204638,2.742133713207143,2.955486472829169,3.27067329682296,3.318733236209394,3.097371559601682,3.1980995588423267,2.616040842490543,2.7449422115202835,3.0041853902877307,3.201666622156626,3.574569871518994,3.945398072847445,4.399205437623669,3.994185616151098,3.389074171784153,3.0793483043802756,3.229910869959876,2.749303932298867,2.6053344714141993,2.7237900734650857,2.1453763112784117,2.4171539962562183,2.3940624890525006,2.2452002356604988,2.400973664145792,2.930067790452303,3.825120747430673,4.471355126626883,4.700148922981192,4.634336024515062,4.499468308972977,4.149844999579748
2026-02-09,UGRD,10 m above ground,46.5,9.5,1.7523026138270963,1.7408593845366285,1.7757184316372436,1.7074216314796125,1.8286834573424031,1.6730746241151189,1.8552528227166103,2.043435797290015,2.001228742787471,2.074677502674981,2.2449294192890195,2.3863186916922805,2.7246352972920955,2.489256853531465,2.4695869921040923,2.425544648677601,2.615355708228634,2.8121631980057007,2.9439282052969027,3.1454257417742415,3.18240235445014,3.0649519984998337,3.1422976701098335,2.617544954630657,2.6079585671257712,2.985026448716295,2.8364405310255973,2.572993883493279,3.014048343651597,3.2875209631242073,3.7399314361261182,3.9872182592058953,4.222964390189771,4.303378407863747,3.6184910109643855,2.8608564028303087,2.843506846354278,1.7130139212132056,1.4055855068156409,1.5101618096025122,1.472944011941964,1.4572901090937354,1.4966870074786656,1.9053474676183533,2.373766278135885,2.835202814544558,3.380881739489113,3.905718307419748,4.168716165198067,4.22503218544822,3.8584332822274576,3.9274135124916927,3.729606550075552,3.0757472757496513,2.40633858420056,2.236257771593357,1.9797606228651117
2026-02-10,UGRD,10 m above ground,46.5,9.5,2.0576973764793185,2.103672254331572,2.304767572862493,2.5171622205698667,2.7440127978977396,2.568602942535474,2.4729530826290693,2.674133713991254,3.0173867915710133,3.2354659379793977,3.3500961283877966,3.3964144918523336,3.502730992837354,3.658342712737923,3.8680894758504705,3.6254050093766814,2.4741267806715768,2.329656851014843,2.3456345372515246,2.1894515637116867,2.403089710653254,2.1821223138866683,2.7361289748425377,3.461772304896682,3.938760471105918,3.9535672258401577,3.781073016574992,3.368403739819346,3.2129876971720623,1.8617967760579397,1.6814604747172657,1.889373064650961,2.1279169086272303,2.0896632636282284,1.9687471540824784,1.967401717605011,2.2063557431708487,2.045452901514871,1.9845779866751123,2.4155225400494658,3.0486363551260505,3.6587475051549103,4.178582077528324,4.966912264385609,5.324009951894778,4.948086281102218,3.8784994295162543,3.301325443178978,2.8913163065652125,2.5256749585472016,2.4155688313986343,2.3802359335058343,2.450157305199335,2.5752393219475147,2.412435052084737,2.7300426878845756,3.141378116665581
2026-02-11,UGRD,10 m above ground,46.5,9.5,3.044463873932571,3.199332767431216,3.294535161907337,3.3289146509225764,3.4323062191805054,3.6368416219419255,3.8385351430234818,3.6170970887128577,2.591152963949794,2.2003817022220375,2.0854264108253933,2.203085732410594,2.2909063275856405,2.159336722216245,2.8846833004726635,3.5723500201106133,4.387457182198647,4.398046955027503,3.956021875687413,3.572460612907655,3.194943211132923,2.0262154827402425,1.9039959683363237,2.049762550514753,2.2491048226501036,2.269627985178709,2.2079071237270123,2.140536996711772,2.4829077936608734,2.366337282949891,2.751989054548175,3.4270613329912556,4.0302251719423134,4.326782012524524,4.334333880425319,4.405384011467896,4.3689502708842,3.84073743821231,2.8884540937341385,2.497537344277554,2.2417304510574674,2.0479872949694062,2.158338834337726,2.835547260681997,3.4186395386529806,4.457966098892144,4.360846010661944,3.8935153034680656,3.300222814508966,3.204208251941184,2.9625024175794423,3.037867662851609,2.874668935895891,1.7470820242324592,1.4814794896457055,1.5263166041705751,1.6264904466377406
2026-02-12,UGRD,10 m above ground,46.5,9.5,2.6182495670298485,2.3225596681920484,2.172281198955779,2.417028677373045,2.642944395678049,3.286411815979008,3.879580137914505,4.434683851495225,4.605517296785552,4.825898564107174,4.376350112451883,3.698983474148302,3.295792683904057,1.905718418830352,1.6953223293160338,1.9001727611114432,2.037221556753521,1.9962418320171156,1.810145867844722,1.9511485528009944,2.3959873023044063,2.722723669769362,3.27581335815373,3.6518263099059616,3.945965656643593,4.070735578854098,3.946012638660655,3.9941970208087376,3.814307912993899,3.150098707582471,2.1432445103446276,1.988280082141156,1.6701328595855809,1.7205259387954688,2.0361481841346523,3.2174776912877454,4.060979688077418,4.183018978464567,3.86746165677444,3.5638057235833296,3.999536053091554,4.364322924347589,4.3558170848081845,4.576327771439086,4.878439291141664,3.94295473189066,2.85014211636004,2.4972677369922227,2.5181845553806843,2.859028794327472,3.263362443857357,3.7582071114555617,3.9338634934141066,3.2604561967260284,3.1020747795296892,3.5888837677167182,4.050906229655064
2026-02-13,UGRD,10 m above ground,46.5,9.5,4.517184952706688,4.548855312497432,4.224899366297942,3.7811032295035303,3.3091130509177233,2.00128759555322,1.7124672577138398,1.9971489369146331,2.363595966760764,2.466670403245955,2.2336589897615173,2.364546330645007,2.2392274919544946,2.5102012784385326,3.022039770942758,3.332275636444741,3.819850984122685,4.062316611351058,4.022833401852559,4.192093153879332,4.190131561659835,3.486210714870923,2.384796834777669,2.0414356441912753,2.08417514326967,2.503327708329107,2.719706605695088,2.8762995086682484,3.01777112762231,3.299634046625505,3.01635924741687,2.865753895257663,3.30809274918614,3.347235897925163,3.5540874964089415,3.645841689737905,4.498614686932733,4.755185586902076,4.571715284750553,4.626125363747299,4.13055950020609,3.331003366008998,2.703990489646067,2.4592357379754786,2.7282833293693507,2.6224048081917295,2.9254563195461403,3.6131325179697154,3.975675797961518,4.405820885390595,4.515352884964086,4.542422709706539,4.023515587619581,3.1100086233581106,2.906893013236335,3.187502423202639,3.1321286976247835
2026-02-14,UGRD,10 m above ground,46.5,9.5,2.032728097563224,2.088814010089954,2.0279399958666064,2.247781541626911,2.263040713751304,2.6589122491820416,2.904289097504204,3.153174033562646,3.61751927316838,3.722433602992224,3.478000667440787,3.7270738073577,3.7528645102473694,2.9153661614982105,2.325255845251001,2.3748241371785825,2.860329669224289,3.1164157876686955,2.9652869004132087,3.3090065043202914,3.192156548612382,2.865518490232565,3.0102420583118588,3.632740585067766,3.881076349765944,3.915758342908971,3.859837825590175,3.987662838985683,4.468732833009483,4.759545365480646,4.369629510007968,4.5330868337240755,3.930664586896303,3.0661075901198953,2.3295281922378894,2.312941323507668,2.6789784192921298,2.5745587083596972,2.624939137997411,2.885738137325961,3.196361766655271,3.357147725858801,3.4157871165172637,3.113153092292065,2.973654037181237,2.6855795177718256,2.639677966217069,2.8304801190338944,3.3000308988518596,4.262077243056745,5.228990347363935,6.2186229173040655,6.745094763318833,6.256496230867555,5.205513328066168,5.004338722525151,5.420310718722636
2026-02-15,UGRD,10 m above ground,46.5,9.5,3.4262606210149986,3.4813310697690576,3.3037716927178877,3.5375219808194815,3.3594954684447194,2.7133333620221034,2.4010463013526993,2.4418713030516663,2.8812844583627717,3.0612731608018517,3.1601349813269355,3.1300379785556864,3.4812006381777794,3.1012297577148114,3.2232390597740186,3.188731114965607,3.1520750568625133,3.337607672013456,3.6022612384792723,3.9724926904284983,4.638830500467289,4.1495713510098415,3.4057210492982355,3.02507519864976,2.883452488875518,2.483695365036276,2.0117238703763856,1.848253181241657,1.8677086312905045,1.6655375458041697,1.955705247736945,2.5111683080471616,2.7869711490200606,2.780112031114287,2.272774029697352,1.9288293970139867,2.623918923199138,3.759939901483929,4.186380697325672,4.122341074400519,3.76848473531733,3.570867522441348,3.443657899655717,3.3955872176995054,3.252220319787358,2.4832212626620196,2.2731928618011445,1.9950974028369253,1.8722056646059604,1.92914425382216,2.2343086010264153,2.4122914725844193,2.7075177197340987,2.731588518792437,3.3359680545259147,3.996575859754385,4.405513956603031
2026-02-16,UGRD,10 m above ground,46.5,9.5,3.103102665302365,3.3656666713346928,3.338683836920801,3.3819803067958207,3.5126441181313264,2.879786269156958,2.910482040492404,3.3510142946492563,3.6887016516822984,3.705117532379452,3.734717230060678,4.058574794181719,4.3484242990078545,3.603937932808251,3.321936917482402,3.6812866275153,4.266839864679527,3.949174760745415,3.4070224885053837,3.221090179371448,2.914610037503299,2.094498295820454,1.9911788008211864,2.1934326951061083,2.5969354302599887,2.694624508001348,2.6128068151638035,2.096260092192519,1.866123444588577,2.2931603218933043,3.2692395518290227,4.156225380294778,4.598933588765441,4.425089486996622,4.114277791584822,4.145539136081079,4.157385935058308,3.5802472284241067,2.891298882036428,2.8745862601835865,2.4055794034333298,2.1943138878137978,2.0888017370927567,2.0309046344684267,2.8908208438973357,3.3755613736539773,3.391240556699762,3.338401433080199,3.036401860173366,2.949853554068578,2.842476959938123,2.551558259937192,2.6376495758161616,2.5252804215565474,2.573286558407876,2.6197241795325628,2.642034365555188
2026-02-17,UGRD,10 m above ground,46.5,9.5,3.5757070228220877,3.797902885254989,3.5705556571395793,3.7695974930118097,4.357085658400294,4.301335312564858,3.622057245223152,3.939549974800173,3.944443466837468,3.6003892133953226,2.89785106794445,2.3605465363125555,2.280022004579682,2.1002816767222665,2.155916716022488,2.44402964438987,2.607573203380271,2.7215519603027767,2.670762239685765,2.452967598170991,2.2090128164517906,1.789872797238616,1.8561685104411227,2.20551156703174,2.844469068982967,3.3484227561006614,3.565086159861017,3.816190270452584,3.4250700979527027,2.9089009198984432,2.2567041509859465,2.211306281225626,2.1077697756299383,2.0582366411220847,2.260051277289538,2.781147574638144,3.315021648363046,3.387255077123431,3.505043793396234,3.825741732476414,3.9104444179335847,3.7875801555070288,3.472349999366116,3.172521327317349,2.731582312323682,2.2252255227121207,2.2801780357254824,2.305031888437769,2.228001907833825,2.2955388292981653,2.4368631068433864,2.6111062663442985,3.294250536302251,3.460419850537623,3.4791640483276627,3.6901900769225127,3.738734291671355
2026-02-18,UGRD,10 m above ground,46.5,9.5,3.765879981824329,3.65316290504441,2.9664412908353044,2.5412065745558614,2.453685688413853,1.9178561600555772,2.045593408342917,2.2975631679004196,2.7125577032010284,2.9257437258614916,2.633143790962146,2.2979911692974317,2.3524773573097844,2.238660828942029,2.3931512401836716,2.658168939928312,2.80848274474564,2.7730695284311957,2.808539063407011,3.202795896854833,3.4135770876660243,2.992959670210019,2.70742507685092,2.8378352688088047,2.9217147871808207,3.209643599542323,3.4440656119049624,3.964001622003585,4.829800504849603,4.81258418172891,5.164031221836074,5.628671662185711,5.670460871601657,5.0738206967091655,4.733300255883792,4.088414240121732,3.592627707993621,3.001872401930746,2.745389530894097,2.6764966273100055,3.002534423384294,3.4370270196061226,4.292193948006423,5.041679646475766,4.958528210346712,4.413418496522478,3.4453561305579035,2.9685816773021454,2.4354571306890636,2.003689775905987,1.8261835133243547,1.555685443251125,1.5324929711939832,1.5489909519958671,1.928284437360432,1.9461530953569224,1.9673978010945867
2026-02-19,UGRD,10 m above ground,46.5,9.5,2.739860704977544,2.995797721247341,2.7016900237329633,2.414464722263376,2.3794777541955803,2.2425406680047946,2.3600989194645523,2.828637434743527,3.2980451087819485,3.435970857725489,3.2083433817593487,3.0971493835189587,3.0032783495144377,2.6925030915100923,2.345738028972887,2.3800849119167715,2.492299372601881,2.846164059012126,3.1833794370074227,3.3957933964028504,3.6205679289047046,3.7962654694221576,3.9725141988594865,3.8696189756972377,3.6853855309870873,3.514286366633842,3.4470063842465453,3.2513543766713866,3.210526800058667,3.039294792866233,3.1326865418357253,3.38330216342802,3.6346332254415934,4.003058472794297,4.4495977300873255,4.436237144650661,4.5930880429301935,4.545685498619763,4.145627779577225,4.280606049133658,4.2572068669862,4.015823942252471,3.4552135008479663,3.047792020657724,2.6738565987039298,1.7568726054332835,1.9206112431536344,1.9566531529079605,1.945050884385534,1.8500047303067624,1.8342166697481168,1.6407594025421792,1.9178781807440473,1.8617522557096144,1.9269447835907028,1.9288770067099568,1.850685161103037
2026-02-20,UGRD,10 m above ground,46.5,9.5,2.9011854159300734,3.078120434205694,3.1174618485159176,3.181223355565537,3.226206864434837,2.843483308368994,2.2807891404291025,2.31665109771372,2.532161012630496,2.905177075582818,3.343349641999883,3.662423894104701,3.996978459367256,3.720452907656952,3.4317107700757044,3.418067033074948,3.462713125965172,3.2459431019356373,3.3027074349917576,3.36259734363478,3.3933911256679123,3.356319309475502,3.735935822051336,4.043820053138802,3.942718833525667,3.610235816148198,3.3966036725455355,3.1544664275199237,3.369833037483996,3.4871878262907052,3.597103384115084,3.840068409819339,3.903994477692088,3.9770848101481553,3.741218376114486,3.3558806694618477,3.2158210302841237,2.7427796412754057,2.425077135451434,2.20551477131004,2.063501172536323,1.9081660953183748,1.8694728511169392,1.4556878451630657,1.4501855034516993,1.2986042727468197,1.6743712277191007,1.7587278705154967,1.7395104581172458,1.7944502292064972,1.849721539458681,1.5716202158001753,2.0711459173997087,2.152869541563367,2.417957381972964,2.541923495170452,2.554144242136924
2026-02-21,UGRD,10 m above ground,46.5,9.5,2.5182796421849023,2.7890457103416577,3.2579173018310628,3.5917036458114184,3.6145328571261266,3.347745679911758,3.098351790921482,3.188882252431276,3.141968667280932,3.2036701661412916,3.343723352360076,3.4332492287179814,3.395444117440502,3.2495485226557603,3.4886968307986757,3.935921902269128,4.09078728097738,3.8833823907851186,3.706518550004017,3.7262618318400382,3.999183336594661,3.976731794998951,4.013686147932205,4.487042272325072,4.344095493339612,4.150435693562954,3.6631780933640927,3.2271043661503915,2.8081812987253048,2.32971262651313,1.8529004308169408,1.5637199965778528,1.5339667950372955,1.5982374042240806,1.648604791680884,1.843660130943832,2.406067834747022,2.334286023896463,2.017819870998641,1.9356341096337264,1.890332468186008,1.8334084585341148,1.8453155426625556,1.6917751591846808,1.9498980206840515,1.7338407440767207,1.8557229573395009,1.8504872127641736,1.829599629001163,1.8260254281933697,1.856965665491224,1.5667617867515644,1.8163083386566887,1.661356158989669,1.8188441479109243,1.7886223651227944,1.744452976595756
2026-02-22,UGRD,10 m above ground,46.5,9.5,3.1101287386586476,3.1399012184174553,3.2383052775122265,3.234048211900814,3.2530462110630447,3.0690023115042817,3.4615083610021284,3.7961860066460886,3.848191943094203,4.251928037322415,4.650816370951715,4.354672213181445,4.349336483975906,4.198495241210116,4.052408756987314,4.391722292029165,4.68661368556492,4.421453729593796,3.5270584321270873,2.796553915849736,2.535643634708956,2.243914565107485,1.7227965888374706,1.5077420883656758,1.5575604525318207,1.5708002959429264,1.5498626747992112,1.584639208475088,2.0928420565082844,2.141098305677343,1.9269272823146428,1.8592724775176852,1.793468720960933,1.799505610536634,1.84683035962945,1.787447592066742,2.0480470222613985,1.954762475712461,1.9572524218817136,1.94340698447368,1.957080845179104,1.915452642556283,1.950576453778233,1.8501462372862676,2.0890829805640645,1.868399952805201,1.7795290504135084,1.895038876950983,2.010407159848599,2.075745370120867,2.125893194516618,2.424502023096802,2.5188706772644753,2.1193825194336067,1.911539632595262,1.9703941565088885,2.0231696578247194
2026-02-23,UGRD,10 m above ground,46.5,9.5,4.051113967749794,4.409575195209291,4.402827447098707,4.009453000724018,4.240853497998819,4.234229291217053,4.08869615625406,4.504842417439833,4.723003421378186,4.118193430683109,3.3071343540073017,2.798426528287912,2.7383610731364185,2.485492655828117,1.8780708214589708,1.506805299045873,1.432713639336935,1.4472733322216813,1.450495620221826,1.2797901149349409,1.6553375713113372,1.7730049967826422,1.7515099781681776,1.88353639270054,1.8936852584917612,1.766436576659506,1.7870110855512775,1.7529832405764334,1.824005995958037,1.7721595667164491,1.819081142356376,1.94560050264907,1.8365747135478063,1.7949564921160257,1.809504378287769,1.928480585670919,2.3228029402818313,2.365934119216585,2.1443920090646342,2.0241930767937344,1.9201208483286736,1.818011553107124,1.7525785088104184,1.989335483448857,2.4055655185537796,2.4452994273481465,2.065071706992181,2.0536342228903095,1.9801426862744291,1.8985760568424352,1.9078699625638305,2.0615543168328543,2.134123990512101,1.883347182511911,1.6398734126513874,1.5740204371486408,1.4743907105835392
2026-02-24,UGRD,10 m above ground,46.5,9.5,4.411283188546113,3.981758787001164,3.2532509917400096,2.8424904713059393,2.6640937682864028,2.345350525884032,1.874973913566925,1.5069669966399912,1.4937075180438515,1.5486479725621254,1.553827259033695,1.2942272756862516,1.548560515160423,1.6180177690871576,1.683797478095309,1.705243279415393,1.6957695860015385,1.6135691753659924,1.693652439538146,1.6801674144789032,1.8012203116950336,1.6602601423332897,1.7916989105927628,1.8168542321625871,1.6846579817803815,1.586927110578676,1.634196631167585,1.516002253559508,2.0515273112021712,2.2242847503101366,2.0580162152194417,1.956429805473173,1.8752442207170497,1.8216569243889384,1.784252166157737,1.8703378083655875,2.266260078554631,2.274365517757001,1.887471945807804,1.8871862497212517,1.6892392996965748,1.4568323552133,1.241512265572681,1.1712233380207555,1.5032977615301282,1.4171989713949902,1.1236768493322655,1.2210972204058614,1.3300551549223774,1.4026666591685963,1.445172279432648,1.6173872580493267,1.8637403171864104,1.7656033786747538,1.561395035061691,1.3462121789548025,1.19403449415948
2026-02-25,UGRD,10 m above ground,46.5,9.5,1.5535999024933336,1.536077108394036,1.5360507589675183,1.296591359337759,1.519879098639204,1.4866671673199854,1.6969663618088582,1.7033374314269072,1.6717858628933393,1.608724786348033,1.754217583602083,1.6743536219650528,1.7086158229719488,1.5868362533870024,1.676444510595945,1.8364499020672016,1.6883111049765631,1.6771870586847153,1.636182878074608,1.3595975811042416,1.703197521528132,1.7987211821495055,1.958216478878255,1.9176906208793485,1.8720486446659104,1.802795596739856,1.7667528482512724,1.8337405525404096,2.191460152679573,2.1267496511393427,1.7397933650873894,1.8252349020285965,1.7110868147027365,1.495277209271288,1.2854125239277143,1.1533013258568878,1.4895595314217056,1.721808000484523,1.48550394132349,1.6391910043471811,1.773615409754726,1.6997737352654894,1.679756565046081,2.0165352603518554,2.1001187842997817,1.8436283894124577,1.7892960714758597,1.8019173052035344,1.754566566343721,1.5846189040611265,1.534126590911289,1.2971986212724886,1.7950404248408265,1.981031064864784,1.8722132396924216,1.7156151783371376,1.5618502738044453
2026-02-26,UGRD,10 m above ground,46.5,9.5,1.7421633854088965,1.719219857773171,1.888956459261558,1.7872729773014542,1.7849735657421484,1.4880295765708,1.7910774443208344,1.8204215471395084,1.810198376900529,1.6856261205121703,1.7659948553472296,1.6528466758306826,1.9925998469172912,1.954597246278204,2.023222983068937,1.924850818991598,1.8038919323360056,1.684219684352232,1.5729263941291565,1.509067645797142,1.943136742552972,2.037088009530528,1.7295025575285083,1.7502536119572103,1.4390899691042458,1.1709943218072212,1.07320254431293,0.9389415162123448,1.2719407191394685,1.3343508089492713,1.1747110586047746,1.2756934200929737,1.3333068342302234,1.3936941515767136,1.4330096858028454,1.8974898533431448,2.40243069129097,2.404984532361352,1.937563473455454,1.7975418425190213,1.5770560496546686,1.4144333516333698,1.3355573482836522,1.555501042825711,1.623819120354138,1.3525587113255602,1.3961807324752893,1.397352648451934,1.2785763634255471,1.2611652814996486,1.3130297075200947,0.9475040794013336,1.2006182663997125,1.266899245023506,1.1881793515054306,1.2202124159481311,1.3347329249793551
2026-02-27,UGRD,10 m above ground,46.5,9.5,1.784349726121494,1.8408080992998836,1.833862541825648,1.631797926050643,2.008348871064273,2.0282988755572635,2.0626425616432655,2.0458077828503365,1.90225060190817,1.7519794387212508,1.7029264741177683,1.7104239957680338,2.1058506014889784,2.040162804662802,1.6154332266102611,1.5759461908731682,1.384867657143396,1.2142334121042877,1.001030677679641,0.9585399540974804,1.2430152718902217,1.2509662457795805,1.0352801185713971,1.0752269185865655,1.250469137384381,1.2983213839256955,1.2843887774641791,1.5971157811295786,2.0970943150112076,2.0627531342079592,1.784985597297762,1.700955634287285,1.583477094423478,1.465215075047202,1.3999662033646798,1.662598585864268,2.248544461424756,2.448573623896701,1.938331538912036,1.8288263068121795,1.794272570609185,1.6274569617677033,1.5594202204282075,1.8687114326052423,2.166431105583598,2.2254653295184683,1.8678824704362793,1.9673964472499208,2.066777876416075,2.073330820887779,2.207474611824664,3.0625605868459123,3.810402090335144,3.862595529358982,3.676991867847898,3.8266607822835175,3.7203219314674456
2026-02-28,UGRD,10 m above ground,46.5,9.5,2.0224436232761045,1.89746897909749,1.8459263652102096,2.064236491638641,2.4497832999081814,2.207204321151143,1.7098485049599634,1.562355344635127,1.4135360875537644,1.2341051585725458,1.174762539591732,1.2420224443627306,1.4211916763233297,1.3785463728617615,1.118373973477286,1.1577176185185143,1.3024881050503263,1.4000211127041935,1.3866486789566013,1.518539552884592,1.8063920945491028,1.8336128168069268,1.629138397456617,1.454053696879842,1.361604238731442,1.249738334005591,1.148361742578922,1.101828532042375,1.5441166805746256,1.7205768863292787,1.37759319007229,1.39722041435552,1.490454547694466,1.4700335642689528,1.4281200808076897,1.7263983830238965,2.126581754239208,2.151950247505641,1.852808119912133,1.8173174941628656,1.78694196874689,1.7371729410701264,1.8205430821470503,2.4509293844263507,3.30281195722198,3.3277270605765885,2.9747404882698767,2.822703907419331,2.6891303283704793,2.6685357774211944,2.6082619359025263,3.0174547112382957,3.079928017969612,2.7902442529362137,2.310189276929065,2.1002034998792634,1.8374342822690624
2026-03-01,UGRD,10 m above ground,46.5,9.5,1.4574954559870572,1.2812202475282106,1.1262627750297516,1.2446466501596831,1.449677759537854,1.4208816954003427,1.2464962880923338,1.3269568278762534,1.3978825615696553,1.46040580056876,1.4818236540961882,1.63684429926741,1.8017038290411864,1.6776730080341764,1.565338948919265,1.4718382846815796,1.361949351925095,1.270990313620611,1.209955530608908,1.1621690433664291,1.6320275117630092,1.7553412493342728,1.395360485505575,1.3545529453344454,1.35579516745588,1.2850230800271585,1.241421903240918,1.3228996959424508,1.7896936827037389,1.8612880167950792,1.5132710486619187,1.5364265300986608,1.563707150045227,1.5971845861633485,1.6395112009663446,2.1807361567761387,2.7258002995406234,2.7800721246843065,2.2963655521141866,2.312477057872372,2.1941991731898076,1.9531142643634285,1.8942914948122564,2.2257472568650365,2.550209172801649,2.349043252850951,1.876326891763708,1.840682041675877,1.7004486695150371,1.693181601051196,1.7136247778260754,2.130448017813216,2.6757807425678712,2.708875513920935,2.2149437358605035,2.131525040455943,2.0949154190153405
2026-03-02,UGRD,10 m above ground,46.5,9.5,1.3888814244810466,1.431629847160916,1.5476948401042687,1.7056039728677996,1.8413513426534045,1.752384564255429,1.53458697822697,1.4811007197819572,1.3590652642170222,1.1857082479248295,1.137072187385412,0.9054035238356056,1.372183195771978,1.4418433890467863,1.1098845436444922,1.0588167082994118,1.0223126291106608,1.000005734657757,0.9970530072136168,0.818219320076785,1.427379999755486,1.4909661817787678,1.4463828221366857,1.6286906066805706,1.7414155193433118,1.8669132134834936,1.913684715468856,2.4797517443499815,2.867782555549217,2.925478345996644,2.4102747948337813,2.190605678464271,1.9931919781708205,1.966692925302546,2.0414988920776587,2.71817494363738,3.097316520319916,3.0169859831652284,2.3542271265874057,2.1310115798482387,1.9357230470541844,1.7549451053443503,1.6612581939910394,1.7182274052973654,2.037715788808729,2.204713712254838,1.7705999371044665,1.6808752132057012,1.5467335905758357,1.3486878203205603,1.2644982870707555,1.395972332796657,1.7754179239134258,1.861987379782164,1.304712882071461,1.1262065136226436,1.1151546215890429
2026-03-03,UGRD,10 m above ground,46.5,9.5,1.4970044942148752,1.3448363053296657,1.2559880191486297,1.0217604519187928,1.3738182978751443,1.4612479175636883,1.1680886792440883,1.1894412302648265,1.140992485231314,1.0963692767327051,1.0654207549621708,0.8440195486250507,1.2995162457223957,1.494750847418214,1.4381917592650444,1.632833767673297,1.7211137638281802,1.8009673944786355,1.871709040842393,2.345451174265779,2.9402008993514044,2.6382990631681644,2.2688397447542794,2.037916104820468,1.8288872425235303,1.7741867380853025,1.73470397703526,2.2227471590098435,2.8854593363664716,2.799115053790943,2.1364319444554836,1.903189470382505,1.7340459156256842,1.5849521092983316,1.5104127471905,1.7178647319417102,2.150746037626542,2.179943243894951,1.6569702192737734,1.4490210565774198,1.2480928321371754,1.117412418019052,1.0932622481359102,1.1328244952750162,1.7033429778357303,1.9427126244405943,1.4261274444486849,1.528394052624149,1.6041663824544736,1.5840669378835814,1.489495263674894,1.6860114708318246,2.235917899771705,2.3266258235249,1.712730552828989,1.5913943195687716,1.3838525562281216
2026-03-04,UGRD,10 m above ground,46.5,9.5,1.1933424512363917,1.1624161025411814,1.1563824081030185,0.8659626115350726,1.2591385822235095,1.4964606010716042,1.419465247059509,1.604238368773662,1.7030026483550198,1.7324434616140407,1.7860565194463351,2.0616536394775933,2.7223812775448817,2.5654258991933325,2.176636823921143,1.9838161204684897,1.887346954606924,1.781643481408806,1.7649703401525905,1.9958609942227776,2.663327255071506,2.5929435413177506,1.9982077678870076,1.7997075971371792,1.725181823553663,1.7052650478350873,1.6896466197824032,1.9771927181290216,2.4066594443781715,2.445923987266739,1.8431837203238224,1.6653975223740367,1.484113278285747,1.3741966863820445,1.3383654084634349,1.6590433262501016,2.2456540685472524,2.3820671025424316,2.0669207361879836,2.1061609934139147,1.9571547018132056,1.7893051064337966,1.7169041204903597,2.1593140917523748,2.94741828838117,3.2541767566598785,2.6431294430085543,2.425244960218524,2.2302967959553497,2.098801454726742,1.9834543050615987,2.180176411732585,2.419201089953619,2.360326887243861,1.769410727385074,1.8806934304403624,1.7082898855770212
2026-03-05,UGRD,10 m above ground,46.5,9.5,1.725244602835601,1.9878390333223703,1.957025308789656,2.3693686986864666,2.670644198134135,2.5727352943547706,2.0831876068789676,2.0074242100971613,1.996425872379652,1.940046009114899,1.9149847597501413,2.3064376867502148,2.695075044254067,2.5654258991933325,2.0733326648135098,1.9522058214803748,1.9423682929878765,1.903058791003632,1.901069090997222,2.316483868826701,2.6197671988979048,2.553597022540006,2.072572267017761,1.980120624424017,1.9222673239126948,1.873568676759306,1.8850688241428668,2.2880803010051514,2.6154899841392205,2.5738490970485497,2.1044006205061256,1.997369450753184,1.9811012283827936,1.9443249151165476,1.9374611558716095,2.3371970975243466,2.719045251972936,2.617525252239843,2.070959525051603,1.984503588434704,1.943540541223411,1.8684646859826055,1.8345310969318689,2.2901109496678527,2.6486011674603755,2.5775600675799804,2.0728908412157803,1.958193942960926,1.9009363021825787,1.8501845655601623,1.8615261695590692,2.2768004260490966,2.654280680135643,2.608321620223476,2.046032329444386,1.9484586605053016,1.9013974521763488
2026-03-06,UGRD,10 m above ground,46.5,9.5,1.9597292251709564,1.8668087090793528,1.7669743982013275,1.7915280239508966,2.4111455658666,2.4545337390197903,2.087014493925469,1.970354469907766,1.8311235552331948,1.6676989258331043,1.5237486312523187,1.5887763609419578,2.1453871344544986,2.217256389028153,1.6730481031573166,1.557962563774877,1.401181127675231,1.3221432768384054,1.3007617506366476,1.5862063264217978,2.202751929534381,2.331732230086538,1.8822919286862363,1.8539924852730971,1.7819219814129186,1.704219482210914,1.7447102154972427,2.114374008707144,2.3392602913505627,2.378343104454129,2.1420446267892572,2.178814132382441,1.9643841138714655,1.8212332734278585,1.7743405477803498,2.03514112953504,2.3656121064958886,2.2278513638071953,1.6379879390793066,1.787564969055849,1.6970392191951866,1.547136487655301,1.4652899036764908,1.5927567213972846,2.0923769403758956,2.124175595860297,1.6875156658845103,1.4830719781678705,1.2883239617277,1.2058929054689744,1.1468564495321871,1.0804131520469116,1.5387670600356542,1.7597815978792029,1.366665455652163,1.227037745505981,1.1064265762235228
2026-03-07,UGRD,10 m above ground,46.5,9.5,1.852782523768545,1.7078935025126063,1.557166442787794,1.6001884736822063,2.2317367392714083,2.258542748196031,1.7328332425395878,1.6450426376175826,1.5075692480417129,1.4356534190607215,1.4214511920792028,1.6572589412259855,2.2719692898001087,2.324233658898959,1.9462041087208448,1.871520054212384,1.8217984053570904,1.806490197885402,1.9098890504139543,2.41157732708058,2.7128844377939005,2.613900291741043,2.308510208594342,2.313585606078873,2.1075810102580417,2.0517842750529365,1.9827907907804392,1.9890959319310964,2.0429068671896946,2.052501409535965,1.7894188968953066,1.8399203573069705,1.856092373198444,1.77581743792288,1.7269974842995022,1.8787074625649036,2.2435666742226337,2.07474321161871,1.586909375442713,1.7645196383742798,1.752934984182105,1.822320743960366,2.010278892921454,2.4443164810162696,2.522187297505415,1.969334062882864,1.2755291341205028,1.3415796120263717,1.4273384211458875,1.5863304224037265,1.693799439848086,2.1979088049228417,2.711639487230621,2.901077234123888,2.66891662419604,2.7545367184659666,2.7961948510118546
2026-03-08,UGRD,10 m above ground,46.5,9.5,1.5715846546762586,1.530844058319031,1.4924963492288017,1.6804910597557972,2.2828984664331617,2.379938395246032,1.960461374620253,1.900321644502165,1.8569708311702244,1.8332228011272216,1.9075668715835603,2.505848180185758,2.757007815055789,2.523839405001234,2.1537588592995043,2.1907107311853187,2.0730998433079546,1.973430158557796,1.7910480763150125,1.9066659968155857,2.127484360124139,1.9209991598628589,1.466855332625178,1.611436752775085,1.66382378794206,1.5960355936475366,1.5186319466797105,1.765164964683812,2.272908974704891,2.248575151856815,1.642519660868193,1.757292375715318,1.8504082173064111,2.1062730384280197,2.13632142936486,2.5572027354597475,2.9398435425912357,2.6518838221215173,1.5186844235573498,1.5336253410756682,1.5706790996036837,1.5634310734541597,1.6130629383034356,1.991438951192813,2.392363919681609,2.6910020761416704,2.5839323051581884,2.5713200240945646,2.5397316526634084,2.5173272083851255,2.6309671063717723,3.5334842040311876,3.8883748519021135,3.6777614056288255,3.0427364958012513,2.916520560389306,2.6465171417619677
2026-03-09,UGRD,10 m above ground,46.5,9.5,1.862288392115118,1.8820556997192792,1.9281724776481557,2.470718323378557,2.6944535707875907,2.434910277119751,2.0904228718123683,2.17109644661489,2.0206309620421092,1.9254716726527947,1.8193137691739791,1.9295634885525088,2.056189647176776,1.8690243691810784,1.5781560336214888,1.773141824439677,1.7711191891169653,1.7224345592755823,1.6706290461047737,2.1346003394890114,2.476289685563817,2.2873625188089157,1.5273099810752,1.5875390979823762,1.5691080819931926,1.4281572591530116,1.2487944829199722,1.3248256987228593,1.6339013021768736,1.5544231416946666,1.1275947608447228,1.2967864279573558,1.4837593876991688,1.6159659922059002,1.802084757730964,2.4107118281373308,2.978772902427675,3.1426328571863547,2.8175788363236793,2.891688263945609,2.774395519161527,2.528663771897537,2.3568002229672183,2.909100690384453,3.2971809770057003,3.151142459893814,2.5254829993233665,2.45013196698744,2.3647313157823646,2.1208417118586462,2.1312213652968612,2.371207266167944,2.686299516386172,2.884611826834117,2.511960191872376,2.7164546987287626,3.0579959442097637
2026-03-10,UGRD,10 m above ground,46.5,9.5,1.725244602835601,1.9878390333223703,1.957025308789656,2.3693686986864666,2.670644198134135,2.5727352943547706,2.0831876068789676,2.0074242100971613,1.996425872379652,1.940046009114899,1.9149847597501413,2.3064376867502148,2.695075044254067,2.5654258991933325,2.0733326648135098,1.9522058214803748,1.9423682929878765,1.903058791003632,1.901069090997222,2.316483868826701,2.6197671988979048,2.553597022540006,2.072572267017761,1.980120624424017,1.9222673239126948,1.873568676759306,1.8850688241428668,2.2880803010051514,2.6154899841392205,2.5738490970485497,2.1044006205061256,1.997369450753184,1.9811012283827936,1.9443249151165476,1.9374611558716095,2.3371970975243466,2.719045251972936,2.617525252239843,2.070959525051603,1.984503588434704,1.943540541223411,1.8684646859826055,1.8345310969318689,2.2901109496678527,2.6486011674603755,2.5775600675799804,2.0728908412157803,1.958193942960926,1.9009363021825787,1.8501845655601623,1.8615261695590692,2.2768004260490966,2.654280680135643,2.608321620223476,2.046032329444386,1.9484586605053016,1.9013974521763488
2026-03-11,UGRD,10 m above ground,46.5,9.5,2.032456799081686,2.022344094505099,1.94389934397075,2.38327752642702,2.5540763983575365,2.2317722060978404,1.792845631839782,1.996092742230884,1.996425872379652,1.9743027501501096,1.9583313087178749,2.238905568754697,2.275237285744701,1.9328794836985908,1.421604384694135,1.6229250850204742,1.668694804904952,1.608007342796368,1.6373189997619662,2.2300225738952455,2.7623438183097035,2.700498214850541,2.535317389126274,2.661475661710278,2.722712185295885,2.8831532704098057,3.0699077651899183,3.6383605927962472,4.049487685494558,3.7931649783090298,3.304450519009536,3.114971896723503,2.662300587135634,2.2173097283476713,1.90450958762864,1.9561191309068384,2.1276633729014742,2.0592769385937686,1.5663475702696812,1.746007164809006,1.940415640215668,2.2345540814017975,2.7737532987789217,3.781852390613475,4.322253210811462,4.027038954871765,3.0880990462301936,2.99204341708127,2.797933461585405,2.5376038059819472,2.2260479915246414,2.453597236463654,2.654280680135643,2.6311655362195627,1.936026824348669,1.9654195163577728,2.1848834560657497
2026-03-12,UGRD,10 m above ground,46.5,9.5,2.02244834635489,1.8856556928341135,1.8810952231600784,2.126661008771018,2.262043410799807,2.083274507856448,1.6897467855084578,1.6322895380257516,1.6661681024904471,1.654509430876996,1.7205552959376562,2.257549083958505,2.867911197813016,2.7543238618088304,2.425732899210424,2.5196488466586864,2.5553884708080696,2.700344036722231,2.9378312475073347,3.674186839358205,4.109531616527276,3.8635880954139097,3.1022629155845287,2.9324987961684457,2.4811086292614712,2.03426137630568,1.7930801185399516,1.8914264266268537,2.141544111343837,2.143491309744366,1.8446681470857107,1.9483927937212624,2.2108389478178134,2.503524079577665,2.7080704965871365,3.53109004571233,3.967841359761783,3.74969833958456,2.88463957630261,2.353882972544874,2.0672753079293766,1.8835833609086885,1.803162351708255,2.542915210068277,2.9493608870483357,3.46524268626994,2.717700219515858,2.8066141367958477,2.762526354179382,2.770599326704197,3.003685309758888,3.802461039359988,3.9659069273155767,3.804201933814417,2.9037109990968313,2.5959170605290547,2.3931255510716234
2026-03-13,UGRD,10 m above ground,46.5,9.5,1.7676909239456542,1.7277788507839933,1.798672527123919,2.4240120448242233,2.9534690609473264,2.778575423281208,2.4286509260106923,2.5186543216698434,2.6452547625573644,2.8492658643931676,3.138464457146534,4.127161373804023,4.567606158156077,3.876004268087981,3.071015093735032,2.5794934104249956,2.048989308387745,1.700332289970923,1.6078290911191413,1.7960687739279082,1.9803868859668292,1.913601334158239,1.5714878175036362,1.503561122867135,1.749815242266675,1.9616291014828255,1.9735572309361156,3.000600410235806,3.65389397581758,3.575025777294203,2.8882631016049274,2.999985636643005,2.6887562978020947,2.3655036134975465,2.052371787132743,2.186918854079207,2.2179535671001913,2.4830959279334737,1.8875574882434292,1.8529036523667295,2.0027527477235303,2.2290803772943857,2.605479906598151,4.287297508810745,4.736288032877564,4.354416286874619,3.1331899543437,3.0559104310138903,3.018101437722722,3.09583582125285,2.9121788748814845,3.8240665047847866,3.990826466031293,3.885041741545866,2.5390506306496565,2.344914465990164,2.263409686983067
2026-03-14,UGRD,10 m above ground,46.5,9.5,2.702417403563298,2.9036361505507178,3.1732192288566416,3.939629256428899,4.283137110051438,3.8429301038238273,3.091643483138738,2.593631046028836,2.0887861983935387,1.7913978206457253,1.654371393151456,1.8458461674847628,2.0659384411026553,2.0926717264278465,1.738736697495479,1.796509841313462,2.133227214876743,2.332177409186206,2.544960485275742,3.279292508512342,3.875462348271926,3.619158920335031,2.6885101073084403,2.4520352792534443,2.1075013131620364,1.9681120413761328,1.8104751961335417,2.324095917147508,2.856482776498094,3.308449827104572,2.5535210971767137,2.7834531743988578,3.1289301954234165,3.1310049356427827,3.2242448533862427,3.743664567680054,3.913693710821643,3.95194886488867,2.8466274278346972,2.4954595138664004,2.270430517776456,2.1334487206828183,2.1084618304689493,3.3469373894230943,3.742800464418637,3.482618888931297,2.094835219239134,1.8995734890350904,1.6799376233404255,1.5472517219585264,1.5178122490630246,3.026629730941842,3.6888598153414818,3.6837608416141343,2.8246418923012673,2.9446767132907743,2.8435214147454997
2026-03-15,UGRD,10 m above ground,46.5,9.5,2.160510261349822,1.6845162280662052,1.4838609706040928,1.606891736597808,1.93496755745172,1.8957486910766044,1.6154672246670574,1.7233864993858448,1.952586796174528,2.2448004855534593,2.4056282253817716,3.292309440610299,3.4417265060876625,3.4497896771440777,2.832427275326333,2.6735753108712452,2.420833368892695,2.267398940830816,2.206129368092447,2.5549038218314895,2.6678896483256542,2.821843986814049,2.192990036143134,2.2361436597273325,2.443787802605355,2.7717741174168573,2.8967358353714507,3.751465683713325,3.8662166775085183,3.6633451409091538,2.586733534769367,2.2733361932340075,1.9599390939028103,1.7882871448691993,1.602633952416804,2.318720584970758,2.3491482946841975,2.2375087759407455,1.411630349693855,1.4280918557838274,1.6658841678608458,1.6406603560518107,1.663745343958472,2.2932357604764553,2.6607596555495334,2.812730167490671,1.9874084450427163,1.795989013053001,1.8822954622894856,2.3498438513114706,2.8622232454760344,4.043434619363385,4.93674259436634,4.9514956146334965,4.4568135919270375,4.13436043318469,3.81163971433142
2026-03-16,UGRD,10 m above ground,46.5,9.5,1.59158911539684,1.9149768937048397,2.2890720176763963,3.524408145509474,4.245302076540996,4.190093822846309,3.013415735946399,2.64244687502312,2.3961585905067206,2.2263722457696487,1.9130463006952996,2.206983817419877,2.453134332293214,2.713077887355734,2.152908821305734,2.18483441216987,2.513373159387197,2.7557168071288927,2.9033729276936517,3.663385730644813,3.964796539337878,3.7770096731844576,3.0740578828047465,3.1040711909894156,3.0192810006833355,2.8817589536647916,2.641826773105242,3.699806714960876,3.9150416232991647,3.721271451341112,2.726381899554349,2.4549106910331013,2.3347354410801517,2.3011956437630303,2.3708173698982553,3.3885566110602476,3.6086336015758262,3.6071660232038343,2.4646691221599557,2.10300026932059,1.9783321404124632,1.8926871808270855,1.947957648908186,3.194518607171751,3.493549778919382,3.463811646798725,2.30534776768925,2.1851834133672443,1.9742102879927812,1.721739190995103,1.5803603142266582,2.064973741267669,2.4209201288968725,2.424865592280475,1.8250413698854449,1.820320189814228,1.752462529210137
2026-03-17,UGRD,10 m above ground,46.5,9.5,2.407258324306864,2.2988013034907255,2.1009409936595405,2.458875166668125,2.77815641091012,3.0883601246732684,2.562331223393013,2.6251448198081655,2.7543044093008615,3.0246965612957126,3.1166295866502756,4.005933356161349,4.592793860323305,4.210378973482438,3.481314773492211,3.4933085598842633,2.9930830971623283,2.6115774797554496,2.3331937440449595,3.4018188005610654,3.9312890694275686,3.712497515517474,2.46444023914316,2.2336402344478494,2.06852638876957,2.0561782863423783,1.9717202308416493,2.9335311065164773,3.114340461397106,3.1271225228938544,1.8860568667517557,1.84492437967332,1.978673261337184,2.0564271407156864,1.980616087558124,3.0985709136988113,3.4513293990883276,3.334367145882496,2.4804436311157616,2.211237389514732,2.038034756578198,1.8687942809546985,1.7854286935711745,2.423470205937492,2.6173667793152733,2.4520486788576097,1.7007232195668978,1.565357798310684,1.4783953824496123,1.304110842363239,1.0467082562104373,1.6113370691864064,1.973923942642132,2.030252760365927,1.58594333240858,1.3461420038099678,1.126621007786363
2026-03-18,UGRD,10 m above ground,46.5,9.5,2.7314347446262075,2.918521736629841,3.081083509687728,3.9066526805489383,4.602638989126422,4.306265114238032,3.563147733139268,3.333067354701524,2.704813775008205,2.3618193353972163,2.1233739550437933,3.25343539396888,3.654402215935777,3.582652139326706,2.1111797214014927,1.9529912627655763,1.8186109549013492,1.7578208964714732,1.5656766739285692,2.208528459059635,2.560154355898189,2.723879288154255,1.7170250419762865,1.7128162227813708,1.6231083408610507,1.3852068778862132,1.2228544726495922,1.9246518497304492,2.5351235131238754,2.7845816754268844,2.224032133828688,2.119185538470921,2.128467465653379,2.1584898966153037,2.1565565563814535,3.287668478289869,3.495805927434822,3.2772446652916027,2.1690797184059267,1.8221188259453371,1.718302371288796,1.6302769743967311,1.5209811048315591,2.3709887551428825,3.056127685033435,3.0753619706162607,2.2704439704623116,2.542197193664685,2.8867991830922293,3.270165983065692,4.255353166782062,5.38635901705592,5.283395102455138,4.652724304302577,3.315664223399889,3.416778559784717,3.4159567190358757
2026-03-19,UGRD,10 m above ground,46.5,9.5,2.8251356998596915,2.3903410956357547,2.0427328945181893,2.8690001767001574,3.476474940706486,3.4768160064781255,1.9488083785000232,1.8268365607323631,1.748574505732647,1.671715961345985,1.5205712319483768,2.116250475282405,2.463840324802729,2.716036557068877,1.72896636536254,1.7929404773504063,1.7399895875633555,1.694059220492294,1.6538579262463289,2.308798953505291,2.5761140960544378,3.023607284398004,2.8005360381081186,2.7405789623014316,2.722491614231464,2.721395756828657,2.666687678664481,3.494613819369902,3.931501392947536,3.720521865891852,2.644516869363752,2.123040937365006,1.6928322324158642,1.3992350488920349,1.2190747148009606,1.6917600314367711,2.1117825518514524,2.1479316490507774,1.557101611354891,1.809765960739878,1.7601103648373644,1.8187906234612168,1.8808366013816848,2.512844048183831,2.8446282735331536,2.7126656648765466,1.7184254241084649,1.6136376853644363,1.5182804875852116,1.637301693981453,1.591671856998984,2.3763917538993216,3.4984885799037126,3.6330926327192454,3.254375144757061,3.5304281101297037,3.999044770312102
2026-03-20,UGRD,10 m above ground,46.5,9.5,1.6809353351978653,1.6308862015865455,1.5219762710496554,2.0188685567709563,2.463458202991246,2.6813525167292975,1.6936976999794793,1.6702204962606702,1.5475638804673342,1.527998896597459,1.251657636468118,1.6343004932762737,2.164404521046076,2.82049133197786,2.5103257422713527,2.468536677997154,2.547028847476047,2.544674214081997,2.510902532383902,3.401329404573348,3.7437783256536714,3.409370319610251,2.295559068250152,1.8672859624182536,1.5126687638689646,1.336168669659239,1.2118896624474609,1.7055437958646351,2.3022020032069155,2.4153414576858476,1.841216048911578,1.9272441802850335,2.0643479247485352,2.0769824040865243,2.072159948224777,2.8081331554640636,3.499146156478017,3.3503219085223863,1.9919958430326496,1.9088976951525325,2.052136983929959,2.230224453703847,2.386105683347756,3.700794845382762,4.539077206481544,4.582287401176082,4.120136243052283,3.5060834313000795,3.190782929497881,3.73959818956892,3.505612812823273,4.369634675326158,4.777681328353955,4.48157632732808,3.9105113628476063,4.186245508086344,4.309609130670218
2026-03-21,UGRD,10 m above ground,46.5,9.5,1.6101229155079049,1.5304070313789755,1.3157568599110667,1.9628694308278365,2.502551074606348,3.046703578909033,2.4839007293221727,2.4332064706010073,2.3737572700977054,2.3711240559158933,2.3549391973348177,3.353563304575127,3.7136430192972862,3.3220548486458203,2.2041492480212868,1.8402900791406591,1.5412776016157008,1.4021232367840448,1.292806977235203,1.8566251715875932,2.2440180128155083,2.27708126649369,1.620843290085673,1.6673997780351373,1.779773446624663,1.8047639838502985,1.7784109745648733,2.1382839122887645,2.4642195004058967,2.415950722819978,1.6251229920280637,1.97632455452025,2.291516479049811,2.624995047880629,2.9706946299012382,4.532271122238323,5.382811588192303,4.904296118029189,4.370388501991451,4.068878580317743,3.8955940104522737,4.103293541187869,4.563327176708649,5.519747156104987,6.177548276655273,5.805984125549454,4.409403355518778,4.315077155752241,4.4104089600414795,4.65782562245696,4.690400859605495,6.004952291000722,6.012370015815615,5.095973949708899,4.034277274901624,3.8657714664319216,3.764460016456226
2026-03-22,UGRD,10 m above ground,46.5,9.5,1.725244602835601,1.9878390333223703,1.957025308789656,2.3693686986864666,2.670644198134135,2.5727352943547706,2.0831876068789676,2.0074242100971613,1.996425872379652,1.940046009114899,1.9149847597501413,2.3064376867502148,2.695075044254067,2.5654258991933325,2.0733326648135098,1.9522058214803748,1.9423682929878765,1.903058791003632,1.901069090997222,2.316483868826701,2.6197671988979048,2.553597022540006,2.072572267017761,1.980120624424017,1.9222673239126948,1.873568676759306,1.8850688241428668,2.2880803010051514,2.6154899841392205,2.5738490970485497,2.1044006205061256,1.997369450753184,1.9811012283827936,1.9443249151165476,1.9374611558716095,2.3371970975243466,2.719045251972936,2.617525252239843,2.070959525051603,1.984503588434704,1.943540541223411,1.8684646859826055,1.8345310969318689,2.2901109496678527,2.6486011674603755,2.5775600675799804,2.0728908412157803,1.958193942960926,1.9009363021825787,1.8501845655601623,1.8615261695590692,2.2768004260490966,2.654280680135643,2.608321620223476,2.046032329444386,1.9484586605053016,1.9013974521763488
2026-03-23,UGRD,10 m above ground,46.5,9.5,1.725244602835601,1.9878390333223703,1.957025308789656,2.3693686986864666,2.670644198134135,2.5727352943547706,2.0831876068789676,2.0074242100971613,1.996425872379652,1.940046009114899,1.9149847597501413,2.3064376867502148,2.695075044254067,2.5654258991933325,2.0733326648135098,1.9522058214803748,1.9423682929878765,1.903058791003632,1.901069090997222,2.316483868826701,2.6197671988979048,2.553597022540006,2.072572267017761,1.980120624424017,1.9222673239126948,1.873568676759306,1.8850688241428668,2.2880803010051514,2.6154899841392205,2.5738490970485497,2.1044006205061256,1.997369450753184,1.9811012283827936,1.9443249151165476,1.9374611558716095,2.3371970975243466,2.719045251972936,2.617525252239843,2.070959525051603,1.984503588434704,1.943540541223411,1.8684646859826055,1.8345310969318689,2.2901109496678527,2.6486011674603755,2.5775600675799804,2.0728908412157803,1.958193942960926,1.9009363021825787,1.8501845655601623,1.8615261695590692,2.2768004260490966,2.654280680135643,2.608321620223476,2.046032329444386,1.9484586605053016,1.9013974521763488
2026-03-24,UGRD,10 m above ground,46.5,9.5,1.6756458942103762,1.7737279676749595,1.7684084755598564,1.912111621166665,2.0819232888393895,2.057808441295353,1.7068986699544395,1.98447190667929,2.088319362534278,2.409382387948348,2.763731137571784,3.918380695471798,4.943901377938489,4.720467298927297,4.4320741698590425,4.380307534478796,3.631789983753653,3.545915969683188,4.129569924706291,5.270409317825567,6.150068044469586,5.946570932976911,5.02644115454275,4.775700337972224,4.59843517055547,4.693505884900384,4.64249972926095,5.13890358311857,5.166206109950492,4.778559441792614,3.40869463575614,3.232700014779939,3.1608028470614444,3.1167255926805684,2.8976027095499184,2.977887956229302,2.470336608477609,2.2656394474984274,1.9568668848297883,1.7567295452365057,1.596517134601522,1.6115013935554614,1.7548522391945534,2.7321602016805406,3.4482269328012247,3.718647127122466,3.4718341951870184,3.483514164965896,3.364205770609311,3.4621134200892256,3.794804379167947,5.5474440293290455,6.294527798419974,6.482520676466863,6.744517697331306,6.657900579922351,6.54143236599218
2026-03-25,UGRD,10 m above ground,46.5,9.5,2.179609927025475,2.366657784400956,2.6805688958343716,3.7339963902660664,4.741089571114246,4.596374903868263,4.319298163303969,4.4028876199057,3.9152231757252256,3.774791729632717,4.425459030529882,5.5045532763321035,6.224098767278069,6.0311102450991045,4.870887709778513,4.557762812584607,4.562044649178905,4.740464368206744,4.646780969768304,5.237234451692165,5.292046047573429,4.778149388234922,3.6510907295420463,3.391976630042291,3.127358517952784,2.9213131059220414,2.563168698271082,2.2947078114384376,2.3383619154817454,2.853170716803644,2.819979345338601,2.8834848473383157,3.0575449620289814,3.3367723035221024,3.633451056125785,4.5301501607991845,4.7936555318115595,4.8200797163689675,3.382684387052681,2.9909946113691825,2.969445902720988,2.966639018366819,3.28869639212652,4.632772295955789,4.978686213643208,5.071949017658251,5.288669286455585,5.82597356008352,5.949237242194069,5.7165727662297385,5.711475048607134,6.874889623644406,7.549793153290791,7.310041330882946,6.343065972700052,5.542409616226372,4.765708537199426
2026-03-26,UGRD,10 m above ground,46.5,9.5,3.672287795983664,3.69996056523172,4.232209534207108,5.387339450786746,6.238632265872556,6.171238577948143,5.0880495476848555,4.712954404695596,4.720398256066812,4.8402589385537755,4.817979191830654,5.296112426218425,5.349531605590563,4.799400741360252,3.7209975192288782,3.4634594082462806,3.2343217379198173,3.016919703579702,2.6964428048299305,2.483046831745404,2.4188697338108005,2.7150831842474576,2.779428976604888,2.890368124030431,2.941115900476392,3.035655436819752,3.2697042521284834,4.08126114483898,4.326944634543132,4.141484922356884,3.068547967869859,2.6297979584550797,2.73131700878074,2.8561612461492443,3.192967972652844,4.44314213529283,5.038436257204847,5.27908299165156,5.8152467116405475,6.300069460629709,6.344499060970959,5.958215697402645,5.838691444826637,6.7868380720695205,7.173053818908709,6.71460985631437,5.987942355185696,5.575158312149197,4.763717972369851,4.242368705392851,4.0764181629509375,5.00245005252052,4.873745605421252,4.405119001375441,2.7145623987403056,2.3026318896012654,2.461728147698879
2026-03-27,UGRD,10 m above ground,46.5,9.5,4.631588098917403,4.7787467252804525,4.708480628687212,5.443529552206866,5.398533959980842,5.062655695043733,3.8945102796943702,3.5544806565532756,3.2540251662364224,3.269523806845048,3.302763551496047,3.692975348614648,3.776475859630795,3.868088982381716,3.0673173662128903,2.9453128801779953,3.3767044210554378,3.587555448305916,3.6679008324724665,4.1703647280228,4.212298031569853,3.830989916880541,2.788670513456561,2.515259268914324,2.58859542067004,2.631922413320619,3.1945250051640124,4.5342799188632315,4.99789821984689,4.809890493378288,4.075026640035117,3.90300382822403,4.072671731694317,4.105585298117043,4.19463869927078,5.626068893358992,6.012832824645939,5.407047105032332,4.1644347149643615,4.146505630949214,3.923627485959528,3.638352711732272,3.5621773311369296,4.315065124177812,4.272733608750199,3.6731906708473296,2.613941028613792,2.5560205310432504,2.290692951220037,2.26069728974094,2.4166543624593766,2.894310521673458,3.0737065837499467,2.9023491165934017,2.3801808704907215,2.0483035212120555,1.829341633670757
2026-03-28,UGRD,10 m above ground,46.5,9.5,3.1970306813980987,3.1732661583349047,3.205732697475412,3.5764668081622792,3.758123492997434,3.946854104507328,3.1557820167355164,3.2014627061380403,3.5198890687822515,3.789821800468824,3.823831243256784,4.451939835828483,4.455473990485284,4.135189461233518,3.167834989779692,2.7981999477823214,2.7891125893717343,3.0064234356311985,3.599158270247119,4.737092833178083,4.826809667081404,4.379101024474496,3.2456356322070077,3.25659825196929,3.2367797053082703,3.371332602169633,3.381641187148269,4.47489341233358,5.052194469642464,4.558689062918195,3.0278923195430556,2.659567491527584,2.681234431483497,2.877664268475691,3.2462549851365816,4.2967672798209104,4.455048532326408,4.249575329229715,3.0417226608624217,2.846100180417616,2.956626300973076,2.9556210699357335,2.8549383220356472,3.2088575907756054,3.567425913999479,3.516741719831048,2.778754877967769,2.694112412303018,2.6205881952854297,2.670250573880852,2.7096066069405693,3.7721812893982545,4.003443777016911,3.840398085341851,3.637470171639312,3.1353473169485615,2.8571434145046313
2026-03-29,UGRD,10 m above ground,46.5,9.5,1.725244602835601,1.9878390333223703,1.957025308789656,2.3693686986864666,2.670644198134135,2.5727352943547706,2.0831876068789676,2.0074242100971613,1.996425872379652,1.940046009114899,1.9149847597501413,2.3064376867502148,2.695075044254067,2.5654258991933325,2.0733326648135098,1.9522058214803748,1.9423682929878765,1.903058791003632,1.901069090997222,2.316483868826701,2.6197671988979048,2.553597022540006,2.072572267017761,1.980120624424017,1.9222673239126948,1.873568676759306,1.8850688241428668,2.2880803010051514,2.6154899841392205,2.5738490970485497,2.1044006205061256,1.997369450753184,1.9811012283827936,1.9443249151165476,1.9374611558716095,2.3371970975243466,2.719045251972936,2.617525252239843,2.070959525051603,1.984503588434704,1.943540541223411,1.8684646859826055,1.8345310969318689,2.2901109496678527,2.6486011674603755,2.5775600675799804,2.0728908412157803,1.958193942960926,1.9009363021825787,1.8501845655601623,1.8615261695590692,2.2768004260490966,2.654280680135643,2.608321620223476,2.046032329444386,1.9484586605053016,1.9013974521763488
2026-03-30,UGRD,10 m above ground,46.5,9.5,1.725244602835601,1.9878390333223703,1.957025308789656,2.3693686986864666,2.670644198134135,2.5727352943547706,2.0831876068789676,2.0074242100971613,1.996425872379652,1.940046009114899,1.9149847597501413,2.3064376867502148,2.695075044254067,2.5654258991933325,2.0733326648135098,1.9522058214803748,1.9423682929878765,1.903058791003632,1.901069090997222,2.316483868826701,2.6197671988979048,2.553597022540006,2.072572267017761,1.980120624424017,1.9222673239126948,1.873568676759306,1.8850688241428668,2.2880803010051514,2.6154899841392205,2.5738490970485497,2.1044006205061256,1.997369450753184,1.9811012283827936,1.9443249151165476,1.9374611558716095,2.3371970975243466,2.719045251972936,2.617525252239843,2.070959525051603,1.984503588434704,1.943540541223411,1.8684646859826055,1.8345310969318689,2.2901109496678527,2.6486011674603755,2.5775600675799804,2.0728908412157803,1.958193942960926,1.9009363021825787,1.8501845655601623,1.8615261695590692,2.2768004260490966,2.654280680135643,2.608321620223476,2.046032329444386,1.9484586605053016,1.9013974521763488
2026-03-31,UGRD,10 m above ground,46.5,9.5,1.725244602835601,1.9878390333223703,1.957025308789656,2.3693686986864666,2.670644198134135,2.5727352943547706,2.0831876068789676,2.0074242100971613,1.996425872379652,1.940046009114899,1.9149847597501413,2.3064376867502148,2.695075044254067,2.5654258991933325,2.0733326648135098,1.9522058214803748,1.9423682929878765,1.903058791003632,1.901069090997222,2.316483868826701,2.6197671988979048,2.553597022540006,2.072572267017761,1.980120624424017,1.9222673239126948,1.873568676759306,1.8850688241428668,2.2880803010051514,2.6154899841392205,2.5738490970485497,2.1044006205061256,1.997369450753184,1.9811012283827936,1.9443249151165476,1.9374611558716095,2.3371970975243466,2.719045251972936,2.617525252239843,2.070959525051603,1.984503588434704,1.943540541223411,1.8684646859826055,1.8345310969318689,2.2901109496678527,2.6486011674603755,2.5775600675799804,2.0728908412157803,1.958193942960926,1.9009363021825787,1.8501845655601623,1.8615261695590692,2.2768004260490966,2.654280680135643,2.608321620223476,2.046032329444386,1.9484586605053016,1.9013974521763488
2026-04-01,UGRD,10 m above ground,46.5,9.5,1.725244602835601,1.9878390333223703,1.957025308789656,2.3693686986864666,2.670644198134135,2.5727352943547706,2.0831876068789676,2.0074242100971613,1.996425872379652,1.940046009114899,1.9149847597501413,2.3064376867502148,2.695075044254067,2.5654258991933325,2.0733326648135098,1.9522058214803748,1.9423682929878765,1.903058791003632,1.901069090997222,2.316483868826701,2.6197671988979048,2.553597022540006,2.072572267017761,1.980120624424017,1.9222673239126948,1.873568676759306,1.8850688241428668,2.2880803010051514,2.6154899841392205,2.5738490970485497,2.1044006205061256,1.997369450753184,1.9811012283827936,1.9443249151165476,1.9374611558716095,2.3371970975243466,2.719045251972936,2.617525252239843,2.070959525051603,1.984503588434704,1.943540541223411,1.8684646859826055,1.8345310969318689,2.2901109496678527,2.6486011674603755,2.5775600675799804,2.0728908412157803,1.958193942960926,1.9009363021825787,1.8501845655601623,1.8615261695590692,2.2768004260490966,2.654280680135643,2.608321620223476,2.046032329444386,1.9484586605053016,1.9013974521763488
2026-04-02,UGRD,10 m above ground,46.5,9.5,1.725244602835601,1.9878390333223703,1.957025308789656,2.3693686986864666,2.670644198134135,2.5727352943547706,2.0831876068789676,2.0074242100971613,1.996425872379652,1.940046009114899,1.9149847597501413,2.3064376867502148,2.695075044254067,2.5654258991933325,2.0733326648135098,1.9522058214803748,1.9423682929878765,1.903058791003632,1.901069090997222,2.316483868826701,2.6197671988979048,2.553597022540006,2.072572267017761,1.980120624424017,1.9222673239126948,1.873568676759306,1.8850688241428668,2.2880803010051514,2.6154899841392205,2.5738490970485497,2.1044006205061256,1.997369450753184,1.9811012283827936,1.9443249151165476,1.9374611558716095,2.3371970975243466,2.719045251972936,2.617525252239843,2.070959525051603,1.984503588434704,1.943540541223411,1.8684646859826055,1.8345310969318689,2.2901109496678527,2.6486011674603755,2.5775600675799804,2.0728908412157803,1.958193942960926,1.9009363021825787,1.8501845655601623,1.8615261695590692,2.2768004260490966,2.654280680135643,2.608321620223476,2.046032329444386,1.9484586605053016,1.9013974521763488
2026-04-03,UGRD,10 m above ground,46.5,9.5,1.725244602835601,1.9878390333223703,1.957025308789656,2.3693686986864666,2.670644198134135,2.5727352943547706,2.0831876068789676,2.0074242100971613,1.996425872379652,1.940046009114899,1.9149847597501413,2.3064376867502148,2.695075044254067,2.5654258991933325,2.0733326648135098,1.9522058214803748,1.9423682929878765,1.903058791003632,1.901069090997222,2.316483868826701,2.6197671988979048,2.553597022540006,2.072572267017761,1.980120624424017,1.9222673239126948,1.873568676759306,1.8850688241428668,2.2880803010051514,2.6154899841392205,2.5738490970485497,2.1044006205061256,1.997369450753184,1.9811012283827936,1.9443249151165476,1.9374611558716095,2.3371970975243466,2.719045251972936,2.617525252239843,2.070959525051603,1.984503588434704,1.943540541223411,1.8684646859826055,1.8345310969318689,2.2901109496678527,2.6486011674603755,2.5775600675799804,2.0728908412157803,1.958193942960926,1.9009363021825787,1.8501845655601623,1.8615261695590692,2.2768004260490966,2.654280680135643,2.608321620223476,2.046032329444386,1.9484586605053016,1.9013974521763488
2026-04-04,UGRD,10 m above ground,46.5,9.5,1.725244602835601,1.9878390333223703,1.957025308789656,2.3693686986864666,2.670644198134135,2.5727352943547706,2.0831876068789676,2.0074242100971613,1.996425872379652,1.940046009114899,1.9149847597501413,2.3064376867502148,2.695075044254067,2.5654258991933325,2.0733326648135098,1.9522058214803748,1.9423682929878765,1.903058791003632,1.901069090997222,2.316483868826701,2.6197671988979048,2.553597022540006,2.072572267017761,1.980120624424017,1.9222673239126948,1.873568676759306,1.8850688241428668,2.2880803010051514,2.6154899841392205,2.5738490970485497,2.1044006205061256,1.997369450753184,1.9811012283827936,1.9443249151165476,1.9374611558716095,2.3371970975243466,2.719045251972936,2.617525252239843,2.070959525051603,1.984503588434704,1.943540541223411,1.8684646859826055,1.8345310969318689,2.2901109496678527,2.6486011674603755,2.5775600675799804,2.0728908412157803,1.958193942960926,1.9009363021825787,1.8501845655601623,1.8615261695590692,2.2768004260490966,2.654280680135643,2.608321620223476,2.046032329444386,1.9484586605053016,1.9013974521763488
2026-04-05,UGRD,10 m above ground,46.5,9.5,1.725244602835601,1.9878390333223703,1.957025308789656,2.3693686986864666,2.670644198134135,2.5727352943547706,2.0831876068789676,2.0074242100971613,1.996425872379652,1.940046009114899,1.9149847597501413,2.3064376867502148,2.695075044254067,2.5654258991933325,2.0733326648135098,1.9522058214803748,1.9423682929878765,1.903058791003632,1.901069090997222,2.316483868826701,2.6197671988979048,2.553597022540006,2.072572267017761,1.980120624424017,1.9222673239126948,1.873568676759306,1.8850688241428668,2.2880803010051514,2.6154899841392205,2.5738490970485497,2.1044006205061256,1.997369450753184,1.9811012283827936,1.9443249151165476,1.9374611558716095,2.3371970975243466,2.719045251972936,2.617525252239843,2.070959525051603,1.984503588434704,1.943540541223411,1.8684646859826055,1.8345310969318689,2.2901109496678527,2.6486011674603755,2.5775600675799804,2.0728908412157803,1.958193942960926,1.9009363021825787,1.8501845655601623,1.8615261695590692,2.2768004260490966,2.654280680135643,2.608321620223476,2.046032329444386,1.9484586605053016,1.9013974521763488
2026-04-06,UGRD,10 m above ground,46.5,9.5,1.725244602835601,1.9878390333223703,1.957025308789656,2.3693686986864666,2.670644198134135,2.5727352943547706,2.0831876068789676,2.0074242100971613,1.996425872379652,1.940046009114899,1.9149847597501413,2.3064376867502148,2.695075044254067,2.5654258991933325,2.0733326648135098,1.9522058214803748,1.9423682929878765,1.903058791003632,1.901069090997222,2.316483868826701,2.6197671988979048,2.553597022540006,2.072572267017761,1.980120624424017,1.9222673239126948,1.873568676759306,1.8850688241428668,2.2880803010051514,2.6154899841392205,2.5738490970485497,2.1044006205061256,1.997369450753184,1.9811012283827936,1.9443249151165476,1.9374611558716095,2.3371970975243466,2.719045251972936,2.617525252239843,2.070959525051603,1.984503588434704,1.943540541223411,1.8684646859826055,1.8345310969318689,2.2901109496678527,2.6486011674603755,2.5775600675799804,2.0728908412157803,1.958193942960926,1.9009363021825787,1.8501845655601623,1.8615261695590692,2.2768004260490966,2.654280680135643,2.608321620223476,2.046032329444386,1.9484586605053016,1.9013974521763488
2026-04-07,UGRD,10 m above ground,46.5,9.5,1.694380900144913,1.6256540925460858,1.32234959509751,2.017525469533644,2.8070247783713898,3.339824274068827,2.8216074674979135,2.6953727135504355,2.4574443289588728,2.374283369466264,2.1388098655547276,2.786466319953642,3.1585516056072693,3.4652281543096537,2.5077011262741244,2.132967810300648,2.070137335779253,1.926585858061398,1.8283264529222767,2.650601284353101,2.982521121253112,2.97688232819108,1.8172759965714596,1.5673233619082998,1.4757367201643266,1.5361043844963018,1.4874942504582922,1.962158986544189,2.1662372942397567,2.1357207209757805,1.6286510133144176,1.4655640283997808,1.4437276475216954,1.700289824759737,2.1435072017288803,2.907547191019189,3.165867832200709,3.424135889767856,2.9598209978979826,2.8089038492152665,2.538283568705604,2.2986425520880815,2.5746076700576235,3.365857480403604,3.9139496236208062,3.728676556143253,2.8780284590532936,2.3019421069732826,2.0280297183045075,1.6220251452919592,1.3916423693640274,1.907444166069428,2.371353350778792,2.5776025893913,2.311591661369422,1.952949593652583,1.7780850303751508
2026-04-08,UGRD,10 m above ground,46.5,9.5,2.392078875654289,2.2033188106343102,1.957025308789656,2.4929199378351,2.8448065135514415,3.144372272471707,2.2696272283759344,1.9825701946918923,1.8347450587807623,1.8308512289575525,1.7612422267824628,2.517408885421501,2.7798876826245733,2.743078345714899,1.744757419206798,1.4812864675435882,1.4937095986375974,1.5315153091696865,1.3641700808673969,1.7837636412370552,1.7713289399609684,1.6914566528398964,1.3454805816506104,1.1704334414398478,1.2472965347868974,1.3630892822626226,1.356740569310694,1.6810085060195357,1.9041862586065583,2.278043274845092,2.2536203376665576,2.2526191235222677,2.0879835352356757,1.7968687233709686,1.6756849311919155,2.3371970975243466,2.7536711133385445,2.974615381374509,2.517647346939062,2.1887248091744436,1.9286008682071225,1.8519752262073292,1.9433421988375084,2.3549628616627687,2.573913429314099,2.357406881121377,1.965588614824738,1.7512341541836425,1.811386998747142,1.9756955717332736,2.1997866259033896,2.3992753468244015,2.591950458003759,2.699918565268659,2.718717556908205,2.4940362402414147,2.371866156424412
2026-04-09,UGRD,10 m above ground,46.5,9.5,1.900255679885337,1.8247578887008085,1.6008753651452037,2.2309355711563557,2.541902281176174,2.656003171106412,1.6906272085319127,1.6304588086375924,1.6868761010049615,1.5872840515387103,1.676838967101305,2.429384949855806,2.4318517946820637,2.0222189177351435,1.416132506584732,1.3259659905594918,1.250769897944647,1.4347581494935422,1.504569401144766,1.9563083170927351,2.2055970467941863,2.365855986130379,2.0822265163553193,1.6839226264019889,1.9091034452902569,1.9946711200524456,2.0838637009083567,2.4848924984165706,2.7122752981671607,2.4780277151067627,2.2015362346976466,2.1065923635242942,2.046840873006257,1.9804162299367172,2.1320615704549586,2.456328332046884,2.8483479169019037,2.879716196090395,2.4950904384976917,2.409331351553764,2.1603142126302455,2.1652813335798475,2.2071831107471462,2.1855834705796857,2.2251032346085102,2.470155598283309,2.543089033483877,2.527710369283967,2.399920035928092,2.2139839460885264,2.112127333761682,2.345659148125905,2.3780169334227548,2.365770959824477,2.0974399342066614,1.849834672290649,1.677222493503153
2026-04-10,UGRD,10 m above ground,46.5,9.5,1.895118899363245,1.8455763850444296,1.751833325428747,2.271375091946358,2.386775187023946,2.0079945372020034,1.4137465249796786,1.3285246655411749,1.4856632284993263,1.5417555685472912,1.5147595493107513,1.8905581769440416,2.0746496677275847,2.1634166496996396,1.9126802607445836,1.7444863331987066,1.5910446786555612,1.8044302701697572,1.640730590248986,2.357438087340763,2.7467134592253792,2.7064351334724925,2.219552177320607,2.1480108609071693,2.0851495653181527,2.038301384439047,2.09961425429624,2.6748374042663516,3.0624081747600096,2.974622199355302,2.50523252513273,2.413163567693889,2.33321277712619,2.307451428591871,2.3984636393493854,2.381011196536289,2.4072010229523144,2.4177092744599475,2.4195783121793863,2.4646989027571635,2.4431869717373225,2.440592848245955,2.4319106987982737,2.565887099502291,2.752010784677476,2.7733888014335673,2.33138861357427,2.3398225708413056,2.316197804565017,2.322605250048835,2.1216102343302277,2.1440697165831564,2.2351193048898206,2.1592431231094267,1.917651279578452,1.9400588787955575,1.7871822056086717
2026-04-11,UGRD,10 m above ground,46.5,9.5,1.6988939175600035,1.80537208878297,1.7019512841050917,1.9595513298802816,2.0903267303532607,2.1764636130506494,2.002816910890123,1.9040476902732997,1.7707898155006616,1.865229420972181,1.8019680101982425,2.467334252877154,3.0308136564237316,3.0902516023799245,2.494876747837987,2.44720955643098,2.330488369761361,2.276677253052813,2.2843074800532803,2.9365250269516796,3.165372302567703,3.115144609788686,2.6314763762000166,2.4277224237222255,2.2507597633815983,2.165518381421146,2.2664536684238845,2.4181718647515016,2.5216048563766726,2.2696045496740753,1.956429668242098,1.835416257484534,1.592239180017803,1.4938325000965085,1.4776315164943166,1.81782957428897,2.045635392497445,2.2045211343429645,1.6151579155143574,1.42198421909776,1.5679397674523647,1.6210211560361945,1.5585669523424033,2.3406969590858946,2.852161107137955,2.7660017430106043,1.6705407698739063,1.6389138261650704,1.679448232511118,1.6433777221444008,1.5345693129639644,2.427024991620007,2.834758807323639,2.894063488163633,1.9886191143186545,1.7316361708384125,1.788922868239691
2026-04-12,UGRD,10 m above ground,46.5,9.5,1.8443504868225316,1.9878692724795133,1.809947257419305,2.422233385947072,2.802964123600192,2.910096539964574,2.6092783253963563,2.6448516627115746,2.420642638081676,2.4236729570394324,2.439619389202412,3.184598736625321,3.27579114967342,3.1955240909455567,2.7244451022976164,2.5108658576433585,2.216102777784393,2.124155553271335,2.190127940166957,2.43090536586853,2.415633267583644,2.306658021731557,1.9994855772557385,1.6726728036621257,1.4868898434819855,1.4974863218743106,1.5328969365057443,1.6890413486306968,1.590069102826441,1.7120759911208596,1.5851700462880056,1.368838953307772,1.3979709602994883,1.4684595529758335,1.3372761952325514,2.0176742540217427,2.787814359983673,2.9451582090358315,1.861178888776725,1.5211692184672572,1.4861032167670234,1.556261914488624,1.8344283378372144,2.61481357275826,3.0747711258830304,3.1620457527791053,2.1390662745117934,1.6972407410879191,1.5811534115837165,1.5901359454552904,1.777745939794818,2.572746433700228,2.905296689421995,2.9407890653184556,2.234692814353465,1.8160387698983904,1.6870735606534888
2026-04-13,UGRD,10 m above ground,46.5,9.5,2.2788385667866624,2.3212775047148417,2.5097069803107224,3.2706929683111774,3.3581839827372324,3.2282779265840897,2.77512141836053,2.6615061731951855,2.335671027683917,2.163833224070394,2.2577343984451024,2.2877607106593376,2.1761188143294334,1.912673998428008,1.632256649324194,1.4377295539250825,1.2935513239180645,1.355983272206518,1.3204033132310278,1.6871348420830978,2.0518628893348008,1.9662126450703343,1.3807787658560675,0.9412893012843744,0.8855470738001199,1.2286114850214522,1.3170015252624148,1.662827497801945,2.06349346821271,2.349001044894445,1.632567679058762,1.4659685213284324,1.413898001443347,1.4447187954277756,1.2595391691750115,2.1807891228672704,2.8168772986423,2.891190612659495,2.070959525051603,1.79367410108066,1.6988954101234806,1.68371231153806,1.63271848224423,2.6385387502473727,2.994292699321369,3.0301189255438823,1.86752150388022,1.4651284610291992,1.5188251221574802,1.445404353799521,1.3277802257287197,2.123487315822288,2.6616704406831513,2.91499943884712,2.043290415455827,1.6379546985750102,1.529374673673077
2026-04-14,UGRD,10 m above ground,46.5,9.5,2.346391462800642,2.14998916631741,2.16214645127934,2.2860303099145565,2.255805963617802,1.9586669856819283,1.6222072723395244,1.2953593053940478,1.158187074985749,1.146978935262231,1.179444109145716,1.6269933740138545,1.9249591351839916,1.8544553896472644,1.2564967396533762,0.9152235420586464,1.01242471744521,1.1876526147861917,1.2172979646018725,1.5897174976264123,2.0385271174583863,2.2460903672285606,1.513489094870828,1.4194835887868151,1.4738046824859454,1.4800227143793525,1.1365510466547213,1.6499313880684607,1.9852944343869336,2.0503183845920523,1.4265467439450503,1.3495222635998387,1.4120122544704303,1.5665611520825529,1.4492589982296982,2.1563658628561835,2.5532535887674586,2.556291722443653,1.7574510997411013,1.3599491020131604,1.294772074000202,1.4102868731851497,1.4946341879663847,2.278006637514011,3.1880358746515096,3.685853720090195,3.5143216490319578,3.1888898179491214,3.00798070630078,3.045892413543453,3.0643893939805382,3.3714271843296704,3.2227569741779023,3.037659404378788,1.9310717236129855,1.5840094941917904,1.547177250076737
2026-04-15,UGRD,10 m above ground,46.5,9.5,1.2172615961264368,1.2198095920499257,1.1444174709680452,1.4773928067409787,1.8726954655002517,1.8929611115333056,1.274399275380878,0.9483663619538144,1.069406344733096,1.315962710563557,1.3540792685057454,1.7820884240357369,2.2202976613894156,2.4108919494718117,1.5760452605678212,1.4973860302933182,1.4310912666280364,1.4296467246941302,1.151166992405491,1.8464136634996489,2.2001528869015408,2.2807189728559196,1.7622687970132258,1.5834659644398972,1.5309545476888355,1.501156358531175,1.2010050418700526,1.8218258276600767,2.257059973548084,2.3003750638238776,1.387746224060172,1.2741903677641817,1.477365723788109,1.8355266215555863,1.9371556500072415,2.712236221972315,3.303207068046453,3.6519263165181104,2.822262318725814,2.4883954359740943,2.299092395028853,2.235988585562602,2.3546883542300776,3.278164358913778,3.810665671852433,3.7764411028064298,2.2056153289526783,1.726281709266328,1.604440199374794,1.5960940593436088,1.946503263493233,2.807516741080152,3.286895320837962,3.589007679751114,2.885269949957693,2.632419146375895,2.501831411773917
2026-04-16,UGRD,10 m above ground,46.5,9.5,1.2319076049979922,1.431453527413482,1.4218417249542772,1.8714458097249804,2.2181799118433725,2.2754662900937417,1.5809480338427708,1.5224970643029905,1.4983865723171474,1.5295078614705175,1.19541909267497,1.8037688038410125,2.163176839779434,2.167494314723468,1.5136324973970248,1.3101248318365764,1.3240253490611704,1.3321961991746378,1.0319522371280792,1.481785982809298,1.98576626831313,2.2514093378839126,1.3943642922713333,1.1508562383272425,1.213414497077468,1.227406274058273,1.204246060967641,2.0888482568573212,3.018381101384021,3.1429763549400853,2.57885585910456,2.2804046934639004,2.0986418445520756,2.0687809961962396,2.210803572743501,2.4913562531493434,2.7312533933871785,2.754128593973509,2.060805750018332,1.9364955219142277,2.020985971449776,2.1303987751145437,2.6742900175327913,3.3735319939121684,3.4584972918688552,3.446621411732852,2.591929354382323,2.4464056041866296,2.328892637965051,1.9963752663830123,2.17837585887965,3.127229112973355,3.173301247400972,2.940123594571836,2.0604601478821825,1.859740046749483,1.7777488733144162
2026-04-17,UGRD,10 m above ground,46.5,9.5,1.592545070837106,1.6131927440860632,1.2606023364296624,1.7900902119733009,2.1980269881119496,2.2832211343378086,1.7755159125174895,1.553908786401847,1.5273102599977646,1.5277531654748326,1.2570258364418456,1.7993445133392696,2.2254289948462933,2.2844648340585074,1.2620353179925212,1.2848749513956768,1.360242173785811,1.3513968934401033,1.300968992989834,2.46906453483248,3.2712476541778623,3.4316979902215654,2.509469340032531,2.0256095392562017,2.0304015899721133,1.9128715093566409,2.027305260236834,2.810111621164975,3.382079783641528,3.4023463220021006,2.765646287878198,2.6835769438947334,2.3553407925929544,2.2709731898647223,2.7155109703271725,3.60443858160222,3.8291489831405334,3.8170103378378353,2.3475066995048293,1.8265454909299332,1.619594859788566,1.4756267702949812,1.371859036090496,2.486854081498458,3.1033899265695664,3.5349006084340457,2.400029648514364,1.928009427433464,1.8550016935326157,1.7739842220553736,1.9978721124779424,2.9849187086413025,3.367081934414001,3.319992674266052,1.970551742678843,1.7240939901724952,1.7376751456934234
2026-04-18,UGRD,10 m above ground,46.5,9.5,1.6284133759564512,1.6260177429319855,1.3180995834705929,1.6321664533648903,2.161716672038675,2.1461288591131513,1.2461111851358404,1.3069130843493406,1.3040924708042954,1.3701735839651128,1.5586315031398352,2.7879327211112903,3.737575118655071,3.9024310066837753,2.9044840884809213,2.5523414029163005,2.4528998258427364,2.2292385388722917,2.335368706552643,3.2295827818651137,3.9286477618359954,4.048222568159031,2.6130377860823124,2.229016107208065,2.3478174989865055,2.323201883692517,2.672872889200045,3.2910609449150794,3.878926712773935,3.913197720870084,2.7203435126126783,2.3517116132828573,2.05877794593519,1.9777562173835497,1.9989839489471308,2.9842224380282034,3.3677089299533742,3.3442459054326887,1.8988668932724164,1.763743861915959,1.6838793369964946,1.893453671487631,2.1827320364400844,3.744429105471914,4.756364907176986,4.56234899361922,2.9175670804492655,2.342925526493086,2.2374384207992173,2.157824461055244,2.7517139942723876,3.265496703969384,3.6207992516957623,3.927106047073314,2.5038263235992506,2.023392135584783,1.8966487196657744
2026-04-19,UGRD,10 m above ground,46.5,9.5,1.5104037945804285,1.448457167144742,1.410016664238398,2.649323036431481,3.603852026554528,3.788906238375167,2.6980126381014933,2.3006567755722473,2.071695692019974,1.7545979005838472,1.6033802423020276,2.5066373317755213,3.1097119585326967,3.0574490368734493,1.8216249573143115,1.4740431705738757,1.5110713745903783,1.4768802298295374,1.7084148590405297,2.5131075884664593,3.297569047270236,3.7713792280866767,2.7043273113198456,2.4180243779051342,2.1570392369760754,2.1252518829573988,2.3937866419680844,3.531378286171234,3.869019062718748,3.693897396783087,2.0598405534161626,1.7871805369155966,1.734464694389179,1.7422467441073493,1.795737040609714,3.071077310431084,3.8424143547144887,3.97797533879522,2.8470140821177745,2.5642367150373975,2.2893887407156797,1.8491183869049976,1.4216498052139863,2.2391568396587083,2.9352795876282194,3.073090356193,1.8035688861594548,1.3432097220033423,1.2440635191315197,1.2474525766181,0.9312192733280724,2.2118453489568743,3.441120758944604,4.043839966043617,2.5813064805542996,2.4068962775596305,2.654951496455439
2026-04-20,UGRD,10 m above ground,46.5,9.5,2.2945458214001144,2.1155129861728152,1.9130735012208748,2.9614783393005624,3.586883884031874,3.5005611945347352,2.208085759832712,1.749007435952539,1.6443089228394083,1.7240219713448623,1.9508450913232604,2.629627007005632,3.1570468837949837,3.2849503596223877,2.3452001751693627,2.196869264491438,2.041342557370211,2.0699259479009027,2.2936155551367303,3.6143159820834767,3.860035305594474,3.7708571896117458,2.2465199912256684,2.046112149383478,1.9681508310802671,2.0444265420655827,2.259011954833104,3.6560739996166616,4.269263165469961,4.382840450531143,3.0114256759825495,2.693928074356008,2.650005130067001,2.442123608884328,2.3830200973813565,3.271929000965609,3.6775180679587938,3.686786529455825,2.219883476281937,1.7557385549756273,1.4747386566190182,1.2851360136367571,0.9595997553703256,1.626416069426905,2.261187938760169,2.3027150201667403,1.5662595392272325,1.4650620671486796,1.4840588365597136,1.501401691422938,1.4829366933207169,2.5515721025165017,3.3678901544339066,3.6033101691482057,2.247833304367283,1.6945820148711552,1.6458748933280296
2026-04-21,UGRD,10 m above ground,46.5,9.5,1.79915411660271,1.9291873645200632,1.9494968773133687,2.502036093530307,3.153609133803082,3.4620002558628036,2.3668037683831535,2.1498548225920286,2.05806210895631,2.0188922974660093,2.1289210743851568,3.3818468682183003,3.7140562880516583,3.856097832907732,2.2923978501645976,2.062771174316077,2.0472169632417923,2.126807094559389,2.280047376780371,3.6508519997134177,4.015109934816487,4.128723397883337,2.7831420884474527,2.5341821117955523,2.47882733997606,2.3690835976612528,2.245968701020768,3.041348414700799,3.3011598154909843,3.397100212374522,1.9988565702773624,1.721876013292435,1.8448394070462333,1.9966408301540408,2.1837457396118563,3.5523074104103927,4.225556632111821,4.237421134193071,2.8877568584337827,2.8107881183389316,3.0179872770446172,2.9682896316068934,3.028306935868513,3.712708550550583,4.066005594891175,4.095936586548649,2.9178892089140307,2.380757453065744,2.090107061515632,1.919769432954148,2.4576872571390993,3.2437681753651377,3.6017740704390864,3.704891046196544,2.5643112410568154,2.226290223507551,2.014156537396987
2026-04-22,UGRD,10 m above ground,46.5,9.5,2.030154615804846,2.0529096735433043,2.1110080056690075,3.427714683992,3.7746420774282017,3.831097841037373,2.3130902451832487,2.1307909646547474,2.114793691508334,2.1531143505386514,2.2775254782140264,3.6427198677613086,4.070110279362752,4.143012454075488,2.735963834906566,2.501125004040998,2.492325541900591,2.3230958809114672,2.3717679646935546,3.274780306193244,3.604814011870861,3.6576516267874584,2.1630084492052397,1.920407872342921,1.9222673239126948,1.8338096229256395,1.8446577730104623,2.9484099514772923,3.524763436612464,3.6745072822981033,2.4387707287164586,2.36034968724726,2.5508321953635607,2.663724089963168,2.7339570599580965,3.0658308310421423,3.292064602230052,3.601329925315059,2.3505946941576417,1.6036214325168994,1.4483628234642365,1.417856583730617,1.580870372685395,2.383916373967197,2.7557875837127845,2.92624614173951,2.160982729181769,1.7486116279651251,1.5598263680548237,1.435767700613506,1.5434988658723172,2.5652175053664785,2.979231467432484,3.1107670958201696,2.022973634186406,1.7820812480981454,1.6084269512336915
2026-04-23,UGRD,10 m above ground,46.5,9.5,2.2119064247974043,2.3465403478227085,2.375161719186649,3.636065696064312,4.2015524138778355,4.198940410240297,2.793123584906447,2.5635524227014845,2.49149370449433,2.2982693866936064,2.19372205838515,2.9852772887687857,3.3338195358059854,3.383855906221948,2.1050996349624955,1.939403188118272,1.922275946889139,1.9529345653977008,1.8002973076944793,2.489810977804224,2.887543789458677,3.1092455679203743,2.0956416702244214,2.234200737780432,2.502799049709778,2.7326368077539693,2.962783734706974,3.4744708155828987,3.758508420952972,3.897887898848287,2.568462739953774,1.8706979108141433,1.6340508704615424,1.5309269780042252,1.630066200368213,2.4063823103554167,2.673410196664621,2.8596656598094485,1.9033529050925104,1.3599663435356095,1.1914365082147544,1.0591124953093631,0.7995604983740856,1.6955649459044992,2.424268610925616,2.811542312988183,1.7962269655081118,1.3222092678508788,1.3315390017050204,1.3282338767753916,1.562232023593984,2.293976766245696,2.7351370311768517,2.934840000406906,2.566681225920507,2.0916601552226934,2.154156186608742
2026-04-24,UGRD,10 m above ground,46.5,9.5,2.50476938055425,2.3551535246780357,2.1329195914538923,2.9344358038404477,3.4398856166056575,3.399310382073486,2.0721493669015776,1.878295828901955,1.8941994525236732,1.9007351538325556,1.6706108697417146,2.4051624044310462,2.9258487874296124,3.205354778432751,2.1430017560594403,2.0386538418099756,2.22785687715676,2.3226339511214977,2.5604931160863185,3.408653472624777,3.6632072166787,3.734131182824171,2.468169639049409,1.8336924089602091,1.6879158152493927,1.6214879790745953,1.6674789962983203,2.5900171686238393,2.852558166530105,2.9904321980292243,2.13330824383316,1.7951191412595553,1.7286215288879143,1.6465444957055788,1.9491315192174228,2.7678565903949703,2.9599973932191306,2.4411678127836027,1.4948453539902582,1.096337624364379,1.116824580797612,1.2526111772276671,1.3935954391091878,2.193324299485549,2.7329580569449625,3.004157201008358,2.2509570139898063,1.9154778496878229,1.800846886957131,1.8345669001299856,2.310044043932019,3.92363651387972,4.446369801820626,4.364898354949477,3.0285049618036592,2.3840942848395117,2.0349300183622736
2026-04-25,UGRD,10 m above ground,46.5,9.5,1.992871215577693,1.9040163116423865,1.56386315533488,2.3079690486414557,2.9906918197753187,3.2911657323459065,2.1877288393515757,2.0210608825803185,2.1806767098456725,2.2843090982520717,2.4780995507028845,3.1087753282165616,3.275300265173072,3.388274568255315,2.0733326648135098,1.4555495926234636,1.344324636988639,1.2255458550566454,1.0336788334052185,1.8647277521198615,2.232871878409804,2.4618813288532584,1.6190740388376372,1.2050680196092811,1.0173323154437208,1.135380640986396,1.1061456296423329,2.0363497875415275,2.773220820314127,2.8611801023310752,2.5114877346044793,2.6417489009168222,2.7820671784873907,2.8353629610040607,3.233513759396477,3.729140890172074,3.9310015480996423,3.9748561253617742,2.8711444156869894,2.6122884282134704,2.3191998062268535,2.0156499943705075,2.125421117497731,3.2386022227058566,3.7073596915408378,3.817646460544697,2.0369019150048073,1.6863869434073402,1.712750861149818,1.7401612168048597,1.8441957307300576,3.087973141755917,3.490278260795747,3.452392733854121,2.098538552161809,1.7824954489836264,1.706720559983197
2026-04-26,UGRD,10 m above ground,46.5,9.5,2.414365545347948,2.5984557935944226,2.780190143877912,3.1864918178705413,3.2346592342573404,3.4148816231150967,2.122898702303508,1.438920966570698,1.3117320588760883,1.1721566937856558,0.9548628433860842,1.8107072905497992,2.14098968053365,2.3065278867109504,1.6127045681450976,1.1802193170763389,1.202842840945357,1.1627188863029776,1.2619033078485438,2.5409915701727543,2.961244462874949,2.7628529878534285,2.325781332489084,2.410750189932845,2.47460522324,2.3646844905809186,2.782981027005391,3.446002224084842,3.5018752226689753,3.5321312974308174,3.038617880103363,3.014580201671818,3.0217787609044513,2.6871318466785894,2.9607900459216654,3.9952186826716014,4.3947600989815685,4.240595826073679,3.0712548643157387,2.6626167208067413,2.359652140031719,1.8238183608979637,1.6172723575570866,2.549020544344342,2.9378257933584204,3.067294257411019,2.106187666008167,2.0759616286789626,2.1664891203827716,1.9725103464979197,1.8451993005752003,2.444890952965738,2.768969236838705,2.826509495469619,2.054806068619487,1.8157340542369913,1.615260467666539
2026-04-27,UGRD,10 m above ground,46.5,9.5,1.425026353824857,1.3288986775395806,1.0058000965963902,1.757517512651124,2.1029663525690454,2.2727669594605286,1.6465964482046958,1.3713323663792203,1.3990913891138286,1.3866435363429126,1.5289855874121776,2.76061494262698,3.1606396397274334,3.191737609364557,2.5500667342216197,2.4477022982771426,2.3064198630892836,2.239837565865218,2.6940484410864207,3.717091125069756,4.262708714798057,4.706303239713501,3.956981777457721,3.2833420304294605,2.857903947609303,2.5683181384742326,2.810813127593705,3.850648714274816,4.206007015201562,3.9741985027250513,2.4834996784042813,2.064688090075616,2.0330563296485993,1.9749783285485416,1.98598017322079,3.1174174305999274,3.600013968697807,3.6323753086569415,2.1684009651202354,1.7284438866121592,1.6594926963827858,1.5183785490425223,1.3295543559206542,2.287170994015102,2.7117880100757112,2.809731283062728,1.85301791881805,1.883298091131849,1.786883010495936,1.6661360778935892,1.5152293654192115,2.253289784609299,2.4233114601877643,2.3638672365012785,1.910375629920923,1.9227199018256849,1.846470902937354
2026-04-28,UGRD,10 m above ground,46.5,9.5,1.521267896324911,1.543927756636494,1.5619697662594447,2.67950800360121,3.100281267130795,3.0144774898939333,2.5247535869826794,2.553745354202435,2.4928785049857214,2.473708463491416,2.809436690203297,3.5191573807711656,3.6947072243194414,4.151318398720119,3.785258227526441,3.5677107548387026,3.0424112453677026,2.763099188595535,2.961674470240962,3.952074719060376,4.31334365541203,4.2531069566709245,2.768633465286507,2.4471390139924867,2.2916506808225185,2.084365089785905,1.9473720478938088,3.1845128730120615,3.674083800687704,3.677426170733987,2.240512860408133,2.0473113341935836,1.8805267845908205,1.7620883410601675,1.5127433897499278,2.048668141180447,2.4597122092522072,2.6170262489286236,1.7153450282129143,1.6863891014965842,1.6977801054609327,1.5804875251275976,1.3078943908791787,1.771470272590541,2.206223276499492,2.28633414368485,1.6164547117538557,1.6716167540828937,1.5183122732358316,1.4800412200983062,1.2441253673120944,1.792792965915541,2.1277364120292845,2.009472954618141,1.4645626480838445,1.294313552194565,1.2716543403304907
2026-04-29,UGRD,10 m above ground,46.5,9.5,2.4899244450691698,2.3547622368494485,2.469477881745312,3.0927264055157395,3.4195839977433504,3.856167557161347,3.7223642096623775,3.7061507314583,3.224797516034018,2.8664671981446403,3.278024775044093,4.2818155821517765,4.437038480793575,4.274008727852008,2.8110916116235107,2.427912219052492,2.313565098251484,2.0566036686415776,2.122345040426504,3.270749683902859,3.660623294475142,3.664969441950526,2.089722817747495,1.9688324941607895,1.9319893093184484,1.7735419714321878,1.4799269290576027,2.021892225188215,2.4646963260927177,2.684384515282324,1.8398341503786948,1.7697034314826987,1.7970873304670705,1.659826786077101,1.4006259197636832,1.9958285681401928,2.595648903160716,2.777722305519041,1.874003816534731,1.839580900328299,1.7373591167979598,1.5264531146699245,1.2790777962240223,1.8489413740450915,2.5724357286573283,2.5753871832368604,1.9816146532838184,2.187894985065518,2.209619810910852,2.026866459414755,1.6824130975481364,2.054153859737186,2.367804220645105,3.110594893663903,3.2655561441415992,3.3374439794740662,3.1997780104100304
2026-04-30,UGRD,10 m above ground,46.5,9.5,3.4063708563488375,2.8924673287827063,3.225987110351899,4.132486567960619,4.397291555026502,4.351368903323577,2.792284662894575,2.402663187532202,2.2568906253011773,2.0828184718802274,2.069567026446837,3.1950917309485707,3.5553236430018877,3.5332270435443123,2.0341850880662524,1.7993552790540663,1.770808500707978,1.6549666546483892,1.4335910569638028,2.1157194177752814,2.516007338131562,2.7054338720681588,1.9825565868335384,1.9430202779011707,1.8394068881663996,1.8224156467371828,1.7324892355456525,2.449891300975179,3.0120252188233456,3.3100514860764383,2.235366167356423,1.914277168310132,1.8253330410300963,1.6886606617260629,1.6149593040049168,2.600878961009279,3.497652625780362,3.450508956465768,2.8142828728986604,2.937745464325003,2.4995823340465684,2.1498337824509672,2.084378352060802,2.412781562758177,2.5971990228804627,2.6418835928995854,2.2937011003297485,2.3051402395344702,2.142023434600354,1.991163968940004,1.8617255029530204,2.547412170385603,3.0851357574346636,3.0750216553971152,1.9523459093583209,1.531927983137597,1.3637894018801149
2026-05-01,UGRD,10 m above ground,46.5,9.5,2.2647680255290155,2.1262861532132495,2.000438813878388,3.011506739340225,3.379745349638722,3.361076940865889,1.9334152184449256,1.8074262245903765,1.7982282292621266,1.6529976384903122,1.376622786240014,1.9962933333023667,2.3837000677394267,2.6022138065483937,1.9157095031255116,1.9219341493730964,1.8386614093465672,1.8239491016058047,1.6355338411759046,2.3509092283059174,2.9850547129944394,3.3304021579696066,2.47007978790754,2.4748025305259422,2.2684337909647887,1.9668835669124776,1.810326417181602,2.361508833056452,3.2658443987446635,3.71132424075014,2.8696703026949915,2.8149754154284414,2.4992826021886714,2.1816481499303713,2.155367095480029,2.6365844063657695,3.010042173634541,2.9536416961917378,2.504363762816835,2.466769697559628,2.3506226243088517,1.903522534512125,1.8180055624831664,2.302598031132696,2.694752911673147,2.516134445951403,2.2777208327768443,2.6329867114689267,2.745142812379442,3.016784870752102,2.763906527511549,2.798023039146862,2.841575289285112,2.725591627291367,1.5799159763484087,1.1732366504682357,0.9285388052882032
2026-05-02,UGRD,10 m above ground,46.5,9.5,1.9400246733904256,1.826397285307353,1.372699734761534,1.7877891515375717,2.142485916120748,2.31771795730696,1.673801065429951,1.8023199330580328,1.774928920790491,1.7643390438301112,1.752118864959359,2.581009250450238,3.197854239598433,3.4029596853468496,2.626434759436174,2.6100523591142,2.348684300828326,2.163516420547253,1.9984283212960272,2.6016937489336107,3.616370306420344,4.004065416808007,3.1250312062620065,3.367881165453011,3.145894614973446,2.7579492672677866,2.6665927151516935,2.810465388326869,2.7936132100822664,2.752462378045185,2.505481559015512,2.264357768979208,1.8689755374885244,1.3486159684935897,1.1449419079794891,1.812185271088652,2.5757178167354224,2.6243768516641865,2.6734148733690786,2.3087589769288206,2.214542079384473,2.256632366022356,2.277538761554443,2.6484674031984508,2.748406504091512,2.4117061629756695,1.7183339341764046,1.5099403667198292,1.3268392325322065,1.3026736622618684,1.1488607511417823,1.8029516792421456,2.1939037119200293,2.250802605295835,1.8764928089647368,1.7358553898887237,1.5609700558398774
2026-05-03,UGRD,10 m above ground,46.5,9.5,1.8383467419363169,1.8567708117960533,1.755390247620841,2.537900074008949,3.197458464024112,3.4974780896705027,2.8518510907964956,2.737102843671065,2.3503731249816906,2.049877408833431,1.8003562033320255,2.5352032966610993,3.3368559141527623,3.5121149781568755,2.9113568103519496,2.8370690677818,2.5669501311640053,2.214922552126766,2.1947979065551086,2.6416767275158852,3.071804855665879,2.893522137213592,2.462819517020498,2.202640243182564,1.87116058070088,1.568182670179078,1.4350218721213284,2.2301568919009505,3.405867474906503,3.876205036185547,3.6443192382208007,3.0682124243904094,2.8866655448785035,2.6476303798958583,2.314473712191667,2.838642276818708,3.1579518389954515,3.0552930227914135,1.781340456342196,1.4696589213505558,1.461083880994776,1.3863209441584734,1.0073043854675938,1.7002145977300152,2.2908224315148935,1.9947731596566567,1.4626151803558374,1.5569162691885732,1.5122764260431047,1.4505786595125123,1.2172504936563426,2.5924246847862698,3.731368583776427,4.214247211078625,3.493184368785539,3.3495440600620516,2.921030615399279
2026-05-04,UGRD,10 m above ground,46.5,9.5,2.3617532278126685,2.1020321447987,1.769964544599742,2.3536572597041943,2.9512139400000095,3.336722082857433,2.595646177609271,2.4348699974915173,2.2804376231564967,2.03808775528182,1.9296648334467628,2.490687321792397,3.2310288773777547,3.6347516419773847,3.0776646261019245,2.7497544719742977,2.7607130613988327,2.2497286417742406,1.957280756322603,2.311474262915331,2.9101314476194844,3.1823325489126093,2.672441365622531,2.6442548363779523,2.3726749535130276,2.1339444665129568,2.1019212954357247,2.787721056462477,3.081076176245024,3.0223616056017732,2.686676384342812,2.2475461651471633,1.9648633008706904,1.6337450905717472,1.3123319411394707,1.6428248932519152,1.9066029123081236,1.9858110690469457,1.5569120288136462,1.6385705947101927,1.613392245739108,1.497056464684234,1.279095744237425,1.951671573832637,2.9580158222488393,3.4741595707439896,2.9382355917736076,2.8192419483292577,2.6895811456451963,2.7134555313168747,2.8978343788403835,3.4785963367717523,3.879923002785087,3.873619064800459,4.120165758417617,4.074883270174947,3.1799620534124875
2026-05-05,UGRD,10 m above ground,46.5,9.5,2.3843616266065997,2.2220180340833,2.184798245056167,2.93768833625363,3.7064583850200465,3.9130809225023553,3.735778591657232,3.4503425063126603,2.890974213478271,2.273229485844694,2.1599136861048693,2.638279934166124,3.1531092118782764,3.3696487756069087,3.0430916823772276,2.851829786599862,2.594100201031513,2.0499274189318935,1.759115706482524,2.051773812639063,2.247404288783086,2.1711496456961408,1.478398049285378,1.4815863015070438,1.303407211470527,1.1670035660795035,0.7307629060608795,1.3324335428302432,1.7519050688225697,1.920750006289069,1.511353645984198,1.4868360262779228,1.4831273132915497,1.336777259808778,1.1370612972081364,1.8700689360971343,2.426181859963806,2.7192042925956867,2.4433577933912876,2.3463022184896003,2.273667464924853,1.992610640524365,1.8165511234789296,2.236384183655498,3.3349202828134743,3.958933870776481,3.3666618997278546,3.416660806873423,2.670861076721194,2.1223340176994103,1.8632253232852227,2.001792907340755,3.009986612525408,3.050048855895276,2.3348931317376644,1.7334165452597428,1.32385951192077
2026-05-06,UGRD,10 m above ground,46.5,9.5,2.7055121822449832,2.081074751203007,1.8867097682947116,2.6304204497376373,3.528495741703209,4.029408399990849,4.129533625630797,3.755474259098362,3.2194467808540645,2.6778106516885622,2.333963740828924,2.893585095647503,3.112784067013288,2.8816982914402174,1.9819533901361883,1.4065354655191362,1.4205713778777118,1.4054647522053152,1.293055561974601,1.9365036302420584,2.130497124140318,2.34450987790047,1.9298054692416076,1.744652449661342,1.6392922945166577,1.5250190724824568,1.3940840886928054,2.005452572714203,2.3536951738574667,2.3189151148210283,1.802967304159871,1.866349993844952,1.886004991612128,1.872738728608534,2.0198709615096258,2.9649536670549796,3.381568822490385,3.346641972278132,2.7357187256547832,2.7984906343340934,3.1114706714129845,3.3589588284888174,3.4758852628796175,4.1336488943143355,4.140302234245822,3.240892524523669,2.2494241776785486,2.099207890026305,2.212030858329075,2.2592673954402716,2.2396176237143175,2.8757495069083427,3.468866785387845,3.5320455257555063,3.2611094969987593,3.1986311326051866,2.8471141097219053
2026-05-07,UGRD,10 m above ground,46.5,9.5,3.0282752903013925,2.5875871021052124,2.7994136967833825,3.194214029769185,3.2251943915034644,2.9007243864242533,1.9802318148212392,1.7160451404348176,1.5590175767261183,1.424549285455743,1.284392340008695,1.8278763898878112,2.2958102564660097,2.5385871409545993,2.0069962034695275,1.793455154119056,1.670350467427936,1.5591776216457465,1.4025054280386526,1.955177915370911,2.2037840381122233,2.278358485277052,2.049749293644161,2.015797306948758,1.8147207102731688,1.7959747079276398,1.877702006567716,2.827163518873441,3.1682017550348665,2.9619489947825013,2.2523721000002146,2.4274234798922674,2.5026101969289014,2.39543856773989,2.585708377317083,3.753632792285851,4.293291074052535,4.033964851011758,3.606815689984431,3.8549146627615856,3.348251343066557,3.2746058478113147,3.8892889248554896,4.885264053054202,4.893122244784386,4.5106528110988435,2.5293699310471607,1.8575049189063104,1.7048196822673738,1.608031714175685,1.4682014399108594,2.0642984462707425,2.6771391200806884,2.8957542406482712,1.9542525593828892,1.832496974896184,1.689539969890321
2026-05-08,UGRD,10 m above ground,46.5,9.5,1.516398722993198,1.4772026315684843,1.1616327973933978,1.8647065485215408,2.1977942619596966,2.435067206693319,1.9544079565300532,1.65270746716309,1.4531205218378809,1.462004292524537,1.3703417337656665,2.071677901604,2.2764738237699182,2.3379228622395085,1.9999539682848635,2.0367574684903635,1.9685982437135845,1.879459505483592,2.0861615200807986,3.0615390763462806,3.5416942170385797,3.375324526792875,2.7483969470652907,3.1110149610012843,3.2194630107097053,3.2184534472996833,3.12065442670427,4.373598686320838,4.978726054704589,4.721760055144598,3.002850715692301,2.4191934582581553,2.593623673913152,3.1535721440266817,4.633443940794049,5.594218403608268,5.84450647157645,5.2630045600124395,2.778677461210852,1.9375744987375965,1.9019579009138268,1.7022666414713052,1.5686195696539036,2.4095523926418565,2.7445625769000976,2.761038485492589,1.871019987402436,1.7763609793493285,1.7368946941942685,1.7128961170327286,1.9610535085646943,2.7583685190441147,3.195787012611959,2.82251741980268,2.310795678449817,2.1350622382832283,1.6709297291375085
2026-05-09,UGRD,10 m above ground,46.5,9.5,1.6030309713178468,1.5612994111795946,1.3687821494063517,1.91610806118135,2.072103481200962,2.1802283739422585,2.120298264181855,2.0518500007485794,1.8457237685575556,1.8518869670855136,1.8598354538386224,2.7521429129635155,3.1994882217818588,3.127731853438874,2.4688644108254554,2.561795704263651,2.4143354193583413,2.1369469134135373,2.6002904023300673,3.8099327227833366,4.499241661926712,4.6295079615827905,3.955176088125491,3.224269410819886,3.477828782686101,3.612023826011189,4.147751765807286,5.009276692032721,5.257946441542119,4.452670698414142,2.303925925722454,1.6118104057078186,1.54339093957222,1.394065247999171,1.5983746749061756,2.6337227084765384,3.1211853204871938,3.076494088894202,1.9721490246766644,1.752112650406748,1.5546537130849836,1.383520524673622,1.5783747113554645,2.191681662444062,2.321364383369166,2.002991238005652,1.4625023618371125,1.2428921622224185,1.2613506983232237,1.375109970751752,1.8493969761308044,2.5931998134746506,2.8737309844092893,2.712198178352112,2.60246226066685,2.5283498720584894,2.487269179838476
2026-05-10,UGRD,10 m above ground,46.5,9.5,2.017940965663432,1.9261413138550048,2.0011657455247622,2.959002296432165,3.262486954998546,3.2873553415870607,2.6769825920594066,2.71068827744532,2.672564480359754,2.4152534262362995,2.7688767069740408,3.8429531289351377,4.612983023650743,4.910205861527005,4.10062772825599,3.0734182573256468,3.1681264884312617,3.5735499747049104,4.521196558483909,5.526575006180224,5.472251566772879,4.666721742192415,2.5795697177826646,1.747299480075276,1.6943952950996,1.4132349350035822,1.1777824626880276,1.8983960077416928,2.6528469359691207,2.79415922219421,1.7742514886002387,1.883546169147285,1.7827807760608594,1.6439878456252102,1.8341257632026835,2.810652549359869,2.8109179362691714,2.706845299774826,2.048328841128052,1.803976350467188,1.673912719928116,1.5632330852494711,1.6693804324361237,2.992274074098407,3.7822337640268016,3.962337882336,3.4936154120143126,3.43310376217585,3.461291868761819,3.139121544970066,3.1751151574343,3.4057992386317153,3.8385918620603494,4.032715784770448,3.5211307619147196,3.3128444816377227,2.9836556418262155
2026-05-11,UGRD,10 m above ground,46.5,9.5,2.4678149746747113,2.2772134776388535,2.522055997597489,3.5227533801815296,4.147549826252947,4.358333547188496,4.233113793074679,3.45288785929466,3.4113543320877446,3.894908302875177,4.28027302295278,5.565715407784314,5.853373502114696,4.943675405414891,3.3799322052119862,2.61470013332979,2.169035016995984,2.083573312336264,2.066449961015756,2.7995301772470462,2.92457923506499,2.81514069338399,1.7668262852619174,1.8947582163454133,1.9641930768227045,2.0318657235831905,2.225708640194759,3.2008839902544617,3.365782785454963,3.0598260758643594,2.2990305982041397,2.203599858113145,2.142933359137855,2.216974725684869,2.4564951145035967,2.8334293389089904,2.758575471013595,2.5003005587372744,1.897542442880066,1.9893569992258624,2.0703293208023856,2.0608852152706056,2.16800831471524,2.590064952062982,2.63509431914782,2.346014623137749,1.7978489670959554,1.7498008659969495,1.884409290136316,1.955551691743282,1.8819741990991463,2.7456002262246915,3.283594379415689,3.2937046660451843,2.5540176686890885,2.204405042949482,2.0727467181113948
2026-05-12,UGRD,10 m above ground,46.5,9.5,3.1631969229105095,3.5498655542551663,4.078415558516185,5.5142457894156935,5.7922138839593895,4.956904573607435,3.210332996068426,2.5234108309202163,2.2092832677687455,2.006725804670944,2.0656402922693973,3.1366357889656165,3.3255576989030553,3.373077964210607,2.24338677823197,2.249207849843968,2.34323435577655,2.410000417024307,2.38961609940441,2.809647837047996,2.777325434478366,2.62961596599507,2.1361525455600203,1.895242292995416,1.5760442627950866,1.2638807071877238,0.9997545004540758,1.4506076136862212,1.9251326812010017,2.0272511169973515,1.741735056979117,1.5583437691201931,1.841261173163956,1.8674557301407837,2.2619148691867528,2.994585414571608,3.2622313212083327,3.4183915823482485,2.864287054640202,2.595259329706775,2.4665704285803067,2.3426439489672433,2.313159424366316,2.6791292815468646,2.9482019513685396,2.9684258240710255,1.7934416843185148,1.875618368296294,1.7714348279637095,1.644197483880315,1.4519902488849612,1.9805638503544365,2.3041196828805885,2.405878639434397,1.606711602274923,1.6254627561984636,1.7971768479756782
2026-05-13,UGRD,10 m above ground,46.5,9.5,2.3249219532005316,2.0690049768180696,2.258605371890506,3.465037610577445,3.780810345221792,3.885731146057596,2.4189985207174267,2.294535705289147,2.677675955182988,2.6432353972499776,2.754854284444044,3.034865039379848,2.8377247040591924,2.322709934965699,1.812326471383413,1.6014749330759517,1.3882768827471574,1.4995211722063533,1.508128358061961,1.8477926095334447,1.883221563165152,2.0851665181506376,1.5618668304612595,1.459827812515499,1.69541005932498,1.6796634961568988,1.892247870238464,2.231259406772632,2.476267834533587,2.792046858805591,2.8043324523303124,2.7575277173361146,2.960358561100098,3.1239173357147454,3.02956528955834,3.049627290022225,2.8991611852825248,2.9066838578339347,2.562067856117194,2.640213873162902,2.695307536630797,2.769631931606507,2.782115810169196,3.666278689584607,3.93038586228941,3.9144923171099686,3.184553377409906,3.017461802465502,3.217096203819164,3.406979661763517,3.7174038604690134,4.221999609603746,4.461497284154278,4.300163154825132,3.397693768226109,3.190817052330633,3.0659086068864516
2026-05-14,UGRD,10 m above ground,46.5,9.5,2.4542848328193423,2.516374136138669,2.506730800990865,2.67322685172254,2.5700046538315133,2.1649908442218013,1.7088108301683844,1.540181689059512,1.6360239123597915,1.576700478240021,1.5574143080420373,1.972813960376151,2.212116914256784,2.1078977833852344,1.7895690820802908,1.801442370800584,1.779914072869142,1.8858066682060055,2.2560095176592863,2.76801183372023,3.0658419194766102,3.257873133658039,3.0545308999934644,2.8597467366065343,2.9940180349846384,3.1001960098406594,3.053701687416482,3.174634596083526,2.9973210407367574,2.6144375692207555,2.283464802464549,2.316926218150022,2.2682936225454995,2.212170521228824,1.9809637058124705,2.0938796262349326,2.3117358678618256,2.4404466115590377,1.9468335236523104,1.980570086276112,1.9730318383840415,1.9435083125127857,1.76367384638698,2.53536151668202,2.9619837011945096,2.822683255228336,2.428450110673325,2.5870077442265584,2.4439595596171073,2.158367045583664,2.1435597586112003,2.6443248971949105,3.0998954065092645,3.1795118374653937,2.1506800966757993,2.1361638846512037,2.0954790336036253
2026-05-15,UGRD,10 m above ground,46.5,9.5,1.661135450494319,1.519255679051617,1.5344992993161517,1.7807632244098195,1.924638830355257,1.7911650748153585,1.6947456653863229,1.6039398552505817,1.879309094135811,2.1968433201558373,2.590514844680882,3.1016625049911735,3.4903210586128575,3.4980721010020552,2.876398958563568,2.8986605091307815,2.8461264264417467,2.6452193174000453,2.3966666752307937,2.3802189113780052,2.294855190016757,2.081091248910012,1.5927467963342647,1.53595350634928,1.5779134920326274,1.5731821158128567,1.3438897910143512,1.89585784092778,2.3304897228958694,2.364738807481672,1.890259013355693,1.74136557328151,1.828390682968877,1.9358803547926675,1.8480810239910297,2.3450249272714685,2.805233039016639,2.769476711605672,2.064078114488052,2.1362215433243943,2.47642038080397,2.590515222451367,2.6209133280622336,3.0236808748461157,3.485375822714348,3.7360588177597216,2.6942324159478854,2.254690262207996,2.254484310920839,2.273959812855298,2.3760625134493436,3.0911962847876637,3.2852437805261743,3.2131108676915137,2.3164813580557726,2.142774187411977,2.0998259198050233
2026-05-16,UGRD,10 m above ground,46.5,9.5,1.879666645976442,2.4209621112402844,2.9894348054392044,3.565152432618951,3.856407282689613,3.788294735467576,2.896061399999809,2.774404223686356,2.7571849186657476,2.635673520904132,2.407743019790625,2.49030308623749,2.3990175197535897,2.1064617871647457,1.5144811961306894,1.509315014154348,1.5152215504804207,1.4938735076088023,1.284826662195459,1.8912508713877223,2.485453808322037,2.537134922467418,2.272459619079574,1.980120624424017,1.734147214160317,1.7039907852675116,1.5954235734014708,1.7473067072063833,2.076947283525416,2.2024361403736927,1.7936857467064478,1.8862740396105369,2.079739119809158,2.1638422800371906,2.285399937334788,2.691738977838547,3.0815252681392935,3.264959368890494,2.173774657506339,2.0357050060092092,1.946287662257259,1.96920559301071,2.200114939311642,3.1556092461305028,3.661685561458677,3.605548545313125,2.13894389755864,1.7515335149885929,1.717723643868248,1.6383998666136126,1.346560413666248,2.013462306236357,2.2926280842070614,2.44643943102765,1.6434474097516365,1.3835765084134173,1.4617999803504704
2026-05-17,UGRD,10 m above ground,46.5,9.5,2.9346880291696955,2.7213227696801794,2.5542644557163663,2.780537853814647,2.724997858530763,2.5804378169930096,1.7791356433337775,1.5692798203175833,1.5735217948595168,1.607535158064996,1.2263893120406577,1.739706594043975,2.380455685165857,2.4298377197838397,2.0030895744390183,1.8394837838906408,1.6675836422908763,1.5266137260974346,1.425615645594135,1.546414841953136,1.8833728881355785,2.187768031656397,2.034714270548726,2.0811975728564716,2.181938339504449,2.2332677783547803,2.1438603598929173,2.7538123583209138,3.2496743384560665,3.297157330934112,2.133766972870229,1.9329271223190936,1.886825516021497,1.7887091657377645,1.8079109868939636,2.466824155702338,2.8818977216957222,2.9463468104807315,1.955950234503562,1.629348483400971,1.6093351232995128,1.6039349414005215,1.476709366109629,2.5468632998636704,3.111771741124944,3.1946941475581547,2.0952217270395685,1.7816767708742356,1.7508065405142426,1.6682180313925208,1.784777085984967,2.9079084377236315,3.4384975517753467,3.5465159587201587,2.2147861390027184,1.888898080031237,1.7809681374579929
2026-05-18,UGRD,10 m above ground,46.5,9.5,1.6412178044737686,1.650208329973908,1.307939003365881,1.762044416686856,2.4159319789903475,2.419828894270331,1.886364081017893,1.7178298243190842,1.4993292493748986,1.4239211135581984,1.2460192912318924,1.50045690864946,1.6287136092226744,1.9049117991112847,1.5933940726845706,1.685135249270039,1.8389803729840888,1.892011337946252,2.014605944602793,2.6734377858794014,3.321061080960741,3.2370350515517807,2.4271670782023853,2.192629131294776,2.183667759773475,2.1686628785755984,2.240805866895718,2.904506727671972,3.1131955351182192,3.1797161747662006,2.119723066933424,1.839608968908816,1.755142535431068,1.6650152865668253,1.565219163372199,2.396868799789141,2.8524991192323945,2.9875735637048297,1.9718503224002537,1.6624296639714435,1.6695767369715817,1.6598238524874338,1.6627427010793354,2.5104203666829275,2.8723657812598855,3.032166014789699,1.900551752593297,1.6226113058374287,1.572845467095034,1.435874206469387,1.2158345706325495,2.155508242472566,2.5274223851139004,2.683791638653238,1.5306934330896111,1.3483895074890997,1.3939296614048966
2026-05-19,UGRD,10 m above ground,46.5,9.5,1.6063854724592228,1.5467275652603494,1.3835481145762325,1.6423935906703282,1.8110338768362908,1.7211307984476996,1.3851406543442133,1.5742680289232038,1.6910133244318042,1.8343671988769084,1.8733225245282712,2.610301391362721,3.2359530749540113,3.331544768434094,2.370480697479139,2.1516758169379493,2.203236224396596,2.2665307823932817,2.6163602680582154,3.2527513526327314,3.640035323400949,3.496954871655533,2.3269139881571643,1.8278477152126535,1.6777914379087426,1.6504059171440462,1.5867168950852624,2.4126957924586634,3.005239462250262,3.1594149382408117,2.0372363251976924,1.7088621297345,1.691383721804733,1.6671904874663372,1.6298444863544883,2.462011453603488,2.961090327806998,3.0449881980181477,1.8813906544396697,1.4940376409288632,1.447859228732025,1.3880209444348863,1.0189042721771553,1.6893909339731632,2.2660286860238275,2.675711151513485,1.845988664525288,1.8298609798267873,1.7667981644130004,1.726096764273762,1.768548915302735,2.5396755523057353,3.173618937496321,3.2553479874471094,1.9987717981764097,1.509049983342523,1.4672866659189272
2026-05-20,UGRD,10 m above ground,46.5,9.5,1.7892886981749467,1.7821561786872435,1.6735024666303078,2.601315001494992,3.283256493778096,3.403029858330184,2.466302316238046,2.2368394992051734,2.314953359780739,2.4104613984513428,2.6247253555457855,3.3237419121040075,3.555775260166674,3.532715275789874,2.3468776755191643,1.907428311492582,1.8636451095176831,1.864565528131768,1.9670618689446673,2.9896674619485273,3.439026367826268,3.6679553707539743,2.4545004601556735,2.038890350784596,1.933273796608044,1.9194931364223788,2.216397383225254,3.394576320907381,3.865623401995495,3.826333218547053,2.4716294144449247,2.06434144162173,1.8419210662177727,1.8435583838071985,1.9749456874622473,3.020303045146392,3.5821805613766133,3.5689821615387283,2.0384473809917925,1.8101198997261216,1.8002101140803126,1.8110351033237264,1.8687745255812167,2.8828776997304746,3.287299524311599,3.292383790649298,2.23465083073117,1.7731428063331276,1.6264985335302904,1.5163565699899002,1.274165665139157,2.0920670651554705,2.539632570729802,2.665812847902536,1.6688437465202883,1.4545942460156382,1.3970008489037782
2026-05-21,UGRD,10 m above ground,46.5,9.5,2.4699704777051057,2.419128254240825,2.7307450774245536,3.2416225700328036,3.3809208027807287,3.2989835490716324,2.3044015094919432,1.9458055668161591,1.857194654715693,1.8180447224731215,1.7769756054440318,2.621641793737726,3.1110084265809395,3.2638735582913196,2.1496982741638773,1.840251127366276,1.7593942715173898,1.7276454652754332,1.8213065670350377,2.8817148846684515,3.367511753321727,3.3902363721034883,2.05759994938129,1.7521356934016576,1.6508467217070488,1.6547550391009251,1.7446036557577431,2.694319324150812,3.2908650586853287,3.4677738914021736,1.9699651655802295,1.7557547083895628,1.7025259590980777,1.6625463808491232,1.411643168737567,2.300330369354654,2.711376516146894,2.6708023591486656,1.6414527088992956,1.3846689809282924,1.3553954266230483,1.4378613586157618,1.1434080974050986,2.0258804180594456,2.862588496200918,2.9859092420005657,2.044971538721475,2.102423419835179,2.226436962119573,2.6432665538000077,3.1574659007337176,3.5763524388529784,4.1812703119463865,4.137007307818983,2.7653069942807393,2.066000777761732,1.825326674053501
2026-05-22,UGRD,10 m above ground,46.5,9.5,1.9686407943762696,1.9388829969482475,1.7566355260514,2.4813404055519106,3.0076619249620276,3.0656316958578724,2.0454270414875175,1.7752672289966798,1.7707372960187588,1.7198260649491768,1.7316681393220317,2.651788529098617,3.206363585522821,3.288575913113838,2.002350566615009,1.662174278678819,1.6413420137975796,1.597255020805211,1.4539058024696832,2.3598311637994085,2.9266703764519524,3.0706023714799606,1.652238159394353,1.815764300629885,1.806670021290412,1.754552304801805,1.699690668692565,2.5642050978029687,3.011514394921901,2.944792167945221,2.0665311096961383,1.595946183011526,1.4932092655089595,1.4303601848932832,1.2060638016776046,2.149063928021848,2.563094697789885,2.649616010751971,1.6295525837812042,1.3961852798420085,1.4647289309955287,1.582731896144069,1.661927094022051,2.74995324111938,3.661420633909846,3.7605255882699753,2.740238800130885,1.957661564142397,1.6094097579868327,1.4649914849791752,1.707190882449983,2.792743359041678,3.654052917257412,3.750858144926262,2.308144197067739,1.7917559245084285,1.5750273754793391
2026-05-23,UGRD,10 m above ground,46.5,9.5,1.7828781589599385,1.790556553083536,1.6318997703067153,2.4042169354914176,2.980484595085572,3.116720581858498,1.8329180303783996,1.6315407234041452,1.6639211810006307,1.6345830243280906,1.3316431945131508,2.1615777152883267,2.8704119086751705,3.0758984159641827,1.7787555691391237,1.8202037807967804,1.8087365632818928,1.740755423700734,1.7169139463252372,2.5697881796194775,3.011235478093786,2.9861946289831716,2.101094691501633,1.6400234054246403,1.5208374160846965,1.465383614261452,1.2266679514688668,2.032001222155692,2.409558618271825,2.638114949967561,1.6706645760012542,1.563862173278621,1.6563600875436073,1.7442520876413536,1.971018181386699,2.9329058369827408,3.6454791134337543,3.762622911518754,2.6483213970844495,2.1074787367053163,1.976754721516473,1.828014836424772,2.03325184576092,2.614259620891825,3.115902375343854,3.2578180136031003,2.050854907131103,1.4912252637735692,1.3629661517142748,1.3347426126897877,1.2228553316980446,2.340679062949727,3.0120903974292643,3.3425445388940487,2.095820744871907,1.7066136672208128,1.5701174708575114
2026-05-24,UGRD,10 m above ground,46.5,9.5,1.741633563848359,1.7202892601282398,1.3426446716003757,2.1398923364064735,2.934057057328857,3.132227554301335,1.9381259829627695,1.868321593192381,1.809726608567937,1.7325793990913958,1.6101617176305962,2.2695829546461956,2.7968634455951884,2.8957870594522896,1.9476298306706696,1.4875637550416347,1.4689221881079626,1.3692689052544735,1.090055136817646,1.9839291430445096,2.557674233705137,2.723544739095115,1.746719563003921,1.4388822141058732,1.402074209950544,1.457191044399628,1.3217877958367878,2.352646155746481,3.2069528511725345,3.748170595006707,2.946840121756295,2.3105916859136637,2.1104324993759875,1.87816904486576,1.8723751727907465,2.4416970447365745,2.8998932194144915,3.119240019880416,2.1305220328247154,1.5576084730317872,1.3901768695858148,1.3217874880085088,1.088248072313025,1.965059789789081,2.5657861445897967,2.8227225300265375,1.8230250678650557,1.5415148406681,1.5289180446947088,1.5786682441127609,1.390751876413278,2.2411569052722693,2.7215957037730387,2.690477211501463,1.777219381615926,1.6278513598055993,1.6337035284059556
2026-05-25,UGRD,10 m above ground,46.5,9.5,1.8055264046706,1.7631045410039632,1.5276301793734168,2.132255924906881,2.670644198134135,2.802495965796781,1.835257729090592,1.538387601106338,1.5166367938390102,1.4412280772702584,1.103838816439965,1.8717148573935996,2.452256040226773,2.5178220886058424,1.4782538457991057,1.3286084620021814,1.3152194482470203,1.4537449902057418,1.3591395863481328,2.1497213823029044,2.913608905174457,3.3504976279628274,2.757773387479773,2.1926679405854577,2.0440706371822457,1.8317075499121116,1.8178994362718,2.29165694668712,2.7821439863450905,3.027933953967944,1.893606640100482,1.4676271655426665,1.4903658949312384,1.4919263867853625,1.2255184391382237,1.958095475975103,2.743279164159107,2.840166488654508,1.6322457162017618,1.6458610844656802,1.75643219722358,1.70663512674911,1.5187983641014462,2.325194238817835,3.2567113577694005,3.484313436087941,2.2646162147584725,1.7973204346570344,1.687616872417259,1.7169383939642735,1.3954688474787045,2.2358191462911603,3.1451252834085865,3.527009176002575,3.131517810225051,2.185663534519527,1.9417313055341785
2026-05-26,UGRD,10 m above ground,46.5,9.5,1.5685966542570884,1.492049081852144,1.0859830467046256,1.742652488634325,2.3739656522472248,2.450201398975417,1.470223336184563,1.313072679787076,1.3794452816496512,1.5551732230891522,1.4962915543514943,2.3084693577460618,3.10838061844129,3.571890346197618,2.710725741291366,2.1012327710436955,1.982357185849967,1.8345414124410353,1.920046498739838,2.609328369226234,3.17128753328347,3.428889515466994,2.1032701598014203,1.5948797731048203,1.5707102118117873,1.4688889050421046,1.2560299004683495,1.935899991627936,2.6074274932216004,2.953106946733582,1.754935168604362,1.526735953098465,1.5729103066532355,1.734795641963055,1.4122763568796033,2.4043061029365864,2.8360209964488474,2.929214038346692,1.6395703158222674,1.784072071774131,1.793974209082235,1.728502669607854,1.5582885452253836,2.0824965407224565,2.5160666981601505,2.30657516083297,1.693672103384963,2.096947641890874,2.1674997766674116,2.218990495182081,2.249454145591631,3.092962570211349,3.675302367450141,3.214810250284082,1.848229251453028,1.5197661449079136,1.417188550322536
2026-05-27,UGRD,10 m above ground,46.5,9.5,1.4664576378608882,1.597179635945957,1.5333899994375866,2.5439746698232337,3.4530564333591265,3.735347381759904,2.8427873774237753,2.1060281073970533,1.8566855445793304,1.7258023108714005,1.6893374210067251,2.482424105067913,3.110808347015533,3.316237260889289,2.041819763771624,1.5856746273164548,1.464867385232922,1.3947847687830506,1.013816202395564,1.7084446647175795,2.301931253885434,2.608965209651426,1.5504637109334425,1.496717006792282,1.566058610968423,1.7590072310860383,1.428092551583476,2.2207716474177097,2.7108580115655543,3.0116791571852937,2.242110986584774,1.969468904873285,2.033821273437806,1.780523741472873,1.524198030179998,2.1596721784762263,3.054130712763208,3.2570867440770517,2.6936272327277515,2.7832778977528876,3.0559337630517502,2.753223453618651,2.864301004988638,3.195661456029292,3.2376078697686848,2.743452119653054,1.6469492006084552,1.4724303442673516,1.4871238990546658,1.66753079336855,2.181722142367854,3.046584486816189,3.800683703926605,4.177650613101497,3.9426612618481793,3.898583317712136,3.3044893219440765
2026-05-28,UGRD,10 m above ground,46.5,9.5,1.952532672755918,1.8335102303613895,1.8898685972500977,2.7594369656829167,3.5573234719413724,3.6702190962355057,2.3210251707814,1.7309576829811155,1.5155704214048509,1.304326797625252,0.8910488880258923,1.5474670517758162,2.3698647261874917,2.7314392504908938,1.6627979893385896,1.6746069909412031,1.7947741593684734,1.8836793119069752,1.9883866019155212,2.517072285579043,2.9712273735372836,3.1949906656254266,2.2495470773182165,1.7898265453217062,1.7688830302654477,1.6486520885151306,1.2280989301024594,2.0015865834398507,2.344624008576313,2.310243641282222,2.3424467162461564,2.408325414619589,2.429647085701287,2.650846090869515,2.5806449351366356,2.9246107886770556,3.2573490579256834,2.9247120032571803,1.5967333632799063,1.2670396114990516,1.291090344482507,1.3013544030138835,1.4542050637185953,2.4705348256109896,3.0647235911850794,3.2003657922662265,2.4921901002836404,2.2792001568898805,2.3208899458133887,2.233597543145128,2.3280972933081694,2.672146123480572,3.034591256284123,3.072480407662781,1.8533886445576733,1.2554564401371562,1.315096563589654
2026-05-29,UGRD,10 m above ground,46.5,9.5,1.5867620731897496,1.3508677623189715,0.8365705381293969,1.6641827967055771,2.4582082835770453,2.7464730027966366,1.652473289184738,1.6610918856222272,1.6090185406982096,1.9960909463613716,1.93090774500118,2.181673308314069,2.81462203737986,2.994813220362678,1.910603271569292,1.7620226876599974,1.8012017246414025,1.7523083201589205,1.507239815658875,2.3839015444381753,2.978681495664832,2.9912088156817047,2.4671757316880685,2.3519942568107757,2.1648788639462464,2.389930718055129,2.8250349742796477,3.33470820272715,3.65495862914528,3.0242638862833418,1.7345013360012758,1.4387079483305814,1.3873029891805404,1.4150462198996296,1.3924746922993911,2.064638443318369,2.450781594739951,2.555794102918167,2.552448037859379,2.463690056337517,2.440698790097509,2.4441686140566268,2.7071315007886296,3.251188874199314,3.3764249123713896,2.7799902374976972,1.5905134489110695,1.7280857764921251,1.740429988754706,1.6861822438446197,1.4341294528298358,2.4214791100017,2.7985194066492936,2.5039584351525894,1.5753870447252505,1.3762772062380937,1.6324664352798763
2026-05-30,UGRD,10 m above ground,46.5,9.5,1.830353371236881,2.142194338322799,2.0975143266817273,2.754459792758337,3.3629303095717114,3.4145443785748286,2.4036606935827782,2.089776602959591,1.9078180885951592,1.9594252330719808,1.5900691730422598,2.4789136696183576,3.0052769414030114,3.1082929804561097,2.7960123059099753,2.5687665645019977,3.0139071124585612,3.1916121549758216,3.1399670549458207,3.7826333983239815,3.7070123318216033,3.042876611533793,1.9079078270864436,1.6208312438796255,1.5740611668708433,1.523367704618133,1.5944071405080402,2.3645423363426685,2.810840202718442,3.1221104035885494,2.941602351266902,2.996529374940875,3.2339816565665065,3.2614228209903797,3.3798648974623435,3.619944761908398,3.4495213160313867,3.1198063545880936,2.4415477360132964,2.1973287843897573,2.2518356091252256,2.2503836690736696,2.169778318310174,2.803421588603259,3.1419264593693494,2.941694220267899,1.797002490873758,1.699724959176598,1.730312657943973,1.6236796975491106,1.3337937851084647,1.7966084419818982,2.080571410602831,1.9510101125122328,1.571437238732247,1.808411142698318,1.832046669304972
2026-05-31,UGRD,10 m above ground,46.5,9.5,2.0243503767352204,1.9436716341609257,1.6522168299124984,2.4063060636497555,2.987139769471341,3.406042254721988,2.8643751536362396,2.916437092929932,3.05552734511322,3.2275550908722304,3.2325280754304786,3.7515298160419306,3.7490705386789425,3.0179869286577845,1.807734124170913,1.5725789840101725,1.6036770864185417,1.5726144709575665,1.5357366108988242,2.286946820491723,2.752389921821951,3.388469610924495,3.7106405309892,3.4926592053047023,3.3344134228703495,3.151786533114299,3.534312566435056,3.8913908986137127,3.760645031285843,3.2470729196977395,2.0979532818823294,1.8965998712395324,1.9976535910761275,1.9445014929692055,1.7721386387035518,2.4364290054262874,2.797394299821206,2.782046088633071,1.6995571651691703,1.5710456841739515,1.7859095506851497,2.0017243890845564,2.6467847123255517,4.046926917151568,4.532968545373716,4.4180427319854285,3.250843656266157,2.2460859269231177,2.097588776405932,1.767250638531699,2.028258635903109,2.434106359383885,2.592683133226463,2.387393106577226,1.894054123881769,1.8914018846866925,1.7770301451985184
