datetime,carbon_intensity_actual,avg_carbon_intensity_forecast
2025-05-30T12:00:00.000000000,102.21,141.26881
2025-05-30T13:00:00.000000000,101.24,136.23833
2025-05-30T14:00:00.000000000,116.76,148.03315
2025-05-30T15:00:00.000000000,145.14,147.09449
2025-05-30T16:00:00.000000000,180.57,140.8275
2025-05-30T17:00:00.000000000,237.3,145.88232
2025-05-30T18:00:00.000000000,275.78,152.7829
2025-05-30T19:00:00.000000000,303.21,152.87837
2025-05-30T20:00:00.000000000,295.75,147.61616
2025-05-30T21:00:00.000000000,283.18,142.87098
2025-05-30T22:00:00.000000000,262.32,148.61372
2025-05-30T23:00:00.000000000,235.09,152.93335
2025-05-31T00:00:00.000000000,218.81,155.40218
2025-05-31T01:00:00.000000000,212.07,155.87798
2025-05-31T02:00:00.000000000,203.03,154.54216
2025-05-31T03:00:00.000000000,208.34,166.80171
2025-05-31T04:00:00.000000000,179.07,155.62148
2025-05-31T05:00:00.000000000,144.95,159.15327
2025-05-31T06:00:00.000000000,133.69,156.72311
2025-05-31T07:00:00.000000000,133.21,157.28922
2025-05-31T08:00:00.000000000,114.43,158.85065
2025-05-31T09:00:00.000000000,101.47,152.10854
2025-05-31T10:00:00.000000000,96.91,164.92865
2025-05-31T11:00:00.000000000,87.42,155.73918
2025-05-31T12:00:00.000000000,93.77,141.26881
2025-05-31T13:00:00.000000000,86.08,136.23833
2025-05-31T14:00:00.000000000,94.28,148.03315
2025-05-31T15:00:00.000000000,116.01,147.09449
2025-05-31T16:00:00.000000000,153.72,140.8275
2025-05-31T17:00:00.000000000,192.56,145.88232
2025-05-31T18:00:00.000000000,188.27,152.7829
2025-05-31T19:00:00.000000000,198.8,152.87837
2025-05-31T20:00:00.000000000,192.36,147.61616
2025-05-31T21:00:00.000000000,174.04,142.87098
2025-05-31T22:00:00.000000000,138.0,148.61372
2025-05-31T23:00:00.000000000,105.82,152.93335
2025-06-01T00:00:00.000000000,104.7,155.40218
2025-06-01T01:00:00.000000000,120.85,155.87798
2025-06-01T02:00:00.000000000,130.55,154.54216
2025-06-01T03:00:00.000000000,131.34,166.80171
2025-06-01T04:00:00.000000000,125.05,155.62148
2025-06-01T05:00:00.000000000,105.26,159.15327
2025-06-01T06:00:00.000000000,100.69,156.72311
2025-06-01T07:00:00.000000000,99.07,157.28922
2025-06-01T08:00:00.000000000,90.31,158.85065
2025-06-01T09:00:00.000000000,92.08,152.10854
2025-06-01T10:00:00.000000000,87.67,164.92865
2025-06-01T11:00:00.000000000,78.61,155.73918
2025-06-01T12:00:00.000000000,89.59,141.26881
2025-06-01T13:00:00.000000000,90.98,136.23833
2025-06-01T14:00:00.000000000,91.19,148.03315
2025-06-01T15:00:00.000000000,71.24,147.09449
2025-06-01T16:00:00.000000000,90.21,140.8275
2025-06-01T17:00:00.000000000,96.21,145.88232
2025-06-01T18:00:00.000000000,121.58,152.7829
2025-06-01T19:00:00.000000000,148.74,152.87837
2025-06-01T20:00:00.000000000,151.99,147.61616
2025-06-01T21:00:00.000000000,136.42,142.87098
2025-06-01T22:00:00.000000000,107.85,148.61372
2025-06-01T23:00:00.000000000,106.24,152.93335
2025-06-02T00:00:00.000000000,102.98,155.40218
2025-06-02T01:00:00.000000000,100.02,155.87798
2025-06-02T02:00:00.000000000,100.17,154.54216
2025-06-02T03:00:00.000000000,105.33,166.80171
2025-06-02T04:00:00.000000000,116.59,155.62148
2025-06-02T05:00:00.000000000,150.3,159.15327
2025-06-02T06:00:00.000000000,154.92,156.72311
2025-06-02T07:00:00.000000000,157.64,157.28922
2025-06-02T08:00:00.000000000,147.3,158.85065
2025-06-02T09:00:00.000000000,135.81,152.10854
2025-06-02T10:00:00.000000000,118.81,164.92865
2025-06-02T11:00:00.000000000,102.61,155.73918
2025-06-02T12:00:00.000000000,101.92,141.26881
2025-06-02T13:00:00.000000000,104.11,136.23833
2025-06-02T14:00:00.000000000,98.35,148.03315
2025-06-02T15:00:00.000000000,121.39,147.09449
2025-06-02T16:00:00.000000000,142.88,140.8275
2025-06-02T17:00:00.000000000,191.24,145.88232
2025-06-02T18:00:00.000000000,191.45,152.7829
2025-06-02T19:00:00.000000000,173.41,152.87837
2025-06-02T20:00:00.000000000,175.88,147.61616
2025-06-02T21:00:00.000000000,173.71,142.87098
2025-06-02T22:00:00.000000000,155.14,148.61372
2025-06-02T23:00:00.000000000,144.85,152.93335
2025-06-03T00:00:00.000000000,116.68,155.40218
2025-06-03T01:00:00.000000000,110.9,155.87798
2025-06-03T02:00:00.000000000,97.29,154.54216
2025-06-03T03:00:00.000000000,91.01,166.80171
2025-06-03T04:00:00.000000000,84.29,155.62148
2025-06-03T05:00:00.000000000,94.24,159.15327
2025-06-03T06:00:00.000000000,124.57,156.72311
2025-06-03T07:00:00.000000000,112.22,157.28922
2025-06-03T08:00:00.000000000,91.48,158.85065
2025-06-03T09:00:00.000000000,91.76,152.10854
2025-06-03T10:00:00.000000000,74.91,164.92865
2025-06-03T11:00:00.000000000,70.85,155.73918
2025-06-03T12:00:00.000000000,71.91,142.8454
2025-06-03T13:00:00.000000000,68.53,135.44891
2025-06-03T14:00:00.000000000,74.89,147.63931
2025-06-03T15:00:00.000000000,76.76,148.12407
2025-06-03T16:00:00.000000000,109.13,142.66497
2025-06-03T17:00:00.000000000,116.65,146.31883
2025-06-03T18:00:00.000000000,142.22,154.26501
2025-06-03T19:00:00.000000000,155.74,153.3942
2025-06-03T20:00:00.000000000,161.07,149.33983
2025-06-03T21:00:00.000000000,162.27,144.9909
2025-06-03T22:00:00.000000000,140.81,147.63876
2025-06-03T23:00:00.000000000,138.44,152.88068
2025-06-04T00:00:00.000000000,138.78,154.76878
2025-06-04T01:00:00.000000000,129.65,155.98844
2025-06-04T02:00:00.000000000,140.36,154.88065
2025-06-04T03:00:00.000000000,123.48,168.17055
2025-06-04T04:00:00.000000000,123.17,154.22135
2025-06-04T05:00:00.000000000,146.52,158.59769
2025-06-04T06:00:00.000000000,165.91,157.37238
2025-06-04T07:00:00.000000000,140.3,158.32917
2025-06-04T08:00:00.000000000,137.52,158.78604
2025-06-04T09:00:00.000000000,134.89,151.20641
2025-06-04T10:00:00.000000000,115.63,164.24743
2025-06-04T11:00:00.000000000,104.72,155.34368
2025-06-04T12:00:00.000000000,98.45,141.3688
2025-06-04T13:00:00.000000000,98.68,136.67285
2025-06-04T14:00:00.000000000,100.46,147.78119
2025-06-04T15:00:00.000000000,122.73,147.9491
2025-06-04T16:00:00.000000000,146.83,141.34134
2025-06-04T17:00:00.000000000,181.24,146.59214
2025-06-04T18:00:00.000000000,208.37,153.07277
2025-06-04T19:00:00.000000000,216.38,153.14172
2025-06-04T20:00:00.000000000,203.49,147.99013
2025-06-04T21:00:00.000000000,185.67,143.70484
2025-06-04T22:00:00.000000000,149.15,148.61579
2025-06-04T23:00:00.000000000,129.69,153.22882
2025-06-05T00:00:00.000000000,121.06,155.65315
2025-06-05T01:00:00.000000000,129.94,156.38559
2025-06-05T02:00:00.000000000,122.61,154.94146
2025-06-05T03:00:00.000000000,124.54,167.60628
2025-06-05T04:00:00.000000000,121.69,156.10726
2025-06-05T05:00:00.000000000,129.84,159.64179
2025-06-05T06:00:00.000000000,145.63,156.68373
2025-06-05T07:00:00.000000000,149.29,157.44587
2025-06-05T08:00:00.000000000,150.52,159.10752
2025-06-05T09:00:00.000000000,135.47,152.419
2025-06-05T10:00:00.000000000,138.13,164.85023
2025-06-05T11:00:00.000000000,124.96,155.64935
2025-06-05T12:00:00.000000000,110.18,144.11633
2025-06-05T13:00:00.000000000,113.93,135.40044
2025-06-05T14:00:00.000000000,116.48,147.65989
2025-06-05T15:00:00.000000000,141.03,149.12416
2025-06-05T16:00:00.000000000,181.88,144.02724
2025-06-05T17:00:00.000000000,226.33,147.00975
2025-06-05T18:00:00.000000000,253.07,155.32396
2025-06-05T19:00:00.000000000,253.34,153.96089
2025-06-05T20:00:00.000000000,241.19,150.36184
2025-06-05T21:00:00.000000000,231.48,147.02619
2025-06-05T22:00:00.000000000,188.64,147.20527
2025-06-05T23:00:00.000000000,165.67,153.35356
2025-06-06T00:00:00.000000000,120.58,155.18547
2025-06-06T01:00:00.000000000,107.8,156.3184
2025-06-06T02:00:00.000000000,108.19,155.58764
2025-06-06T03:00:00.000000000,110.99,168.95768
2025-06-06T04:00:00.000000000,123.54,153.93914
2025-06-06T05:00:00.000000000,146.99,158.49236
2025-06-06T06:00:00.000000000,180.58,157.53088
2025-06-06T07:00:00.000000000,200.81,159.54006
2025-06-06T08:00:00.000000000,167.62,159.29865
2025-06-06T09:00:00.000000000,150.4,150.99566
2025-06-06T10:00:00.000000000,124.99,163.95789
2025-06-06T11:00:00.000000000,109.84,155.40222
2025-05-31T12:00:00.000000000,93.77,141.26881
2025-05-31T13:00:00.000000000,86.08,136.23833
2025-05-31T14:00:00.000000000,94.28,148.03315
2025-05-31T15:00:00.000000000,116.01,147.09449
2025-05-31T16:00:00.000000000,153.72,140.8275
2025-05-31T17:00:00.000000000,192.56,145.88232
2025-05-31T18:00:00.000000000,188.27,152.7829
2025-05-31T19:00:00.000000000,198.8,152.87837
2025-05-31T20:00:00.000000000,192.36,147.61616
2025-05-31T21:00:00.000000000,174.04,142.87098
2025-05-31T22:00:00.000000000,138.0,148.61372
2025-05-31T23:00:00.000000000,105.82,152.93335
2025-06-01T00:00:00.000000000,104.7,155.40218
2025-06-01T01:00:00.000000000,120.85,155.87798
2025-06-01T02:00:00.000000000,130.55,154.54216
2025-06-01T03:00:00.000000000,131.34,166.80171
2025-06-01T04:00:00.000000000,125.05,155.62148
2025-06-01T05:00:00.000000000,105.26,159.15327
2025-06-01T06:00:00.000000000,100.69,156.72311
2025-06-01T07:00:00.000000000,99.07,157.28922
2025-06-01T08:00:00.000000000,90.31,158.85065
2025-06-01T09:00:00.000000000,92.08,152.10854
2025-06-01T10:00:00.000000000,87.67,164.92865
2025-06-01T11:00:00.000000000,78.61,155.73918
2025-06-01T12:00:00.000000000,89.59,141.26881
2025-06-01T13:00:00.000000000,90.98,136.23833
2025-06-01T14:00:00.000000000,91.19,148.03315
2025-06-01T15:00:00.000000000,71.24,147.09449
2025-06-01T16:00:00.000000000,90.21,140.8275
2025-06-01T17:00:00.000000000,96.21,145.88232
2025-06-01T18:00:00.000000000,121.58,152.7829
2025-06-01T19:00:00.000000000,148.74,152.87837
2025-06-01T20:00:00.000000000,151.99,147.61616
2025-06-01T21:00:00.000000000,136.42,142.87098
2025-06-01T22:00:00.000000000,107.85,148.61372
2025-06-01T23:00:00.000000000,106.24,152.93335
2025-06-02T00:00:00.000000000,102.98,155.40218
2025-06-02T01:00:00.000000000,100.02,155.87798
2025-06-02T02:00:00.000000000,100.17,154.54216
2025-06-02T03:00:00.000000000,105.33,166.80171
2025-06-02T04:00:00.000000000,116.59,155.62148
2025-06-02T05:00:00.000000000,150.3,159.15327
2025-06-02T06:00:00.000000000,154.92,156.72311
2025-06-02T07:00:00.000000000,157.64,157.28922
2025-06-02T08:00:00.000000000,147.3,158.85065
2025-06-02T09:00:00.000000000,135.81,152.10854
2025-06-02T10:00:00.000000000,118.81,164.92865
2025-06-02T11:00:00.000000000,102.61,155.73918
2025-06-02T12:00:00.000000000,101.92,141.26881
2025-06-02T13:00:00.000000000,104.11,136.23833
2025-06-02T14:00:00.000000000,98.35,148.03315
2025-06-02T15:00:00.000000000,121.39,147.09449
2025-06-02T16:00:00.000000000,142.88,140.8275
2025-06-02T17:00:00.000000000,191.24,145.88232
2025-06-02T18:00:00.000000000,191.45,152.7829
2025-06-02T19:00:00.000000000,173.41,152.87837
2025-06-02T20:00:00.000000000,175.88,147.61616
2025-06-02T21:00:00.000000000,173.71,142.87098
2025-06-02T22:00:00.000000000,155.14,148.61372
2025-06-02T23:00:00.000000000,144.85,152.93335
2025-06-03T00:00:00.000000000,116.68,155.40218
2025-06-03T01:00:00.000000000,110.9,155.87798
2025-06-03T02:00:00.000000000,97.29,154.54216
2025-06-03T03:00:00.000000000,91.01,166.80171
2025-06-03T04:00:00.000000000,84.29,155.62148
2025-06-03T05:00:00.000000000,94.24,159.15327
2025-06-03T06:00:00.000000000,124.57,156.72311
2025-06-03T07:00:00.000000000,112.22,157.28922
2025-06-03T08:00:00.000000000,91.48,158.85065
2025-06-03T09:00:00.000000000,91.76,152.10854
2025-06-03T10:00:00.000000000,74.91,164.92865
2025-06-03T11:00:00.000000000,70.85,155.73918
2025-06-03T12:00:00.000000000,71.91,142.8454
2025-06-03T13:00:00.000000000,68.53,135.44891
2025-06-03T14:00:00.000000000,74.89,147.63931
2025-06-03T15:00:00.000000000,76.76,148.12407
2025-06-03T16:00:00.000000000,109.13,142.66497
2025-06-03T17:00:00.000000000,116.65,146.31883
2025-06-03T18:00:00.000000000,142.22,154.26501
2025-06-03T19:00:00.000000000,155.74,153.3942
2025-06-03T20:00:00.000000000,161.07,149.33983
2025-06-03T21:00:00.000000000,162.27,144.9909
2025-06-03T22:00:00.000000000,140.81,147.63876
2025-06-03T23:00:00.000000000,138.44,152.88068
2025-06-04T00:00:00.000000000,138.78,154.76878
2025-06-04T01:00:00.000000000,129.65,155.98844
2025-06-04T02:00:00.000000000,140.36,154.88065
2025-06-04T03:00:00.000000000,123.48,168.17055
2025-06-04T04:00:00.000000000,123.17,154.22135
2025-06-04T05:00:00.000000000,146.52,158.59769
2025-06-04T06:00:00.000000000,165.91,157.37238
2025-06-04T07:00:00.000000000,140.3,158.32917
2025-06-04T08:00:00.000000000,137.52,158.78604
2025-06-04T09:00:00.000000000,134.89,151.20641
2025-06-04T10:00:00.000000000,115.63,164.24743
2025-06-04T11:00:00.000000000,104.72,155.34368
2025-06-04T12:00:00.000000000,98.45,141.3688
2025-06-04T13:00:00.000000000,98.68,136.67285
2025-06-04T14:00:00.000000000,100.46,147.78119
2025-06-04T15:00:00.000000000,122.73,147.9491
2025-06-04T16:00:00.000000000,146.83,141.34134
2025-06-04T17:00:00.000000000,181.24,146.59214
2025-06-04T18:00:00.000000000,208.37,153.07277
2025-06-04T19:00:00.000000000,216.38,153.14172
2025-06-04T20:00:00.000000000,203.49,147.99013
2025-06-04T21:00:00.000000000,185.67,143.70484
2025-06-04T22:00:00.000000000,149.15,148.61579
2025-06-04T23:00:00.000000000,129.69,153.22882
2025-06-05T00:00:00.000000000,121.06,155.65315
2025-06-05T01:00:00.000000000,129.94,156.38559
2025-06-05T02:00:00.000000000,122.61,154.94146
2025-06-05T03:00:00.000000000,124.54,167.60628
2025-06-05T04:00:00.000000000,121.69,156.10726
2025-06-05T05:00:00.000000000,129.84,159.64179
2025-06-05T06:00:00.000000000,145.63,156.68373
2025-06-05T07:00:00.000000000,149.29,157.44587
2025-06-05T08:00:00.000000000,150.52,159.10752
2025-06-05T09:00:00.000000000,135.47,152.419
2025-06-05T10:00:00.000000000,138.13,164.85023
2025-06-05T11:00:00.000000000,124.96,155.64935
2025-06-05T12:00:00.000000000,110.18,144.11633
2025-06-05T13:00:00.000000000,113.93,135.40044
2025-06-05T14:00:00.000000000,116.48,147.65989
2025-06-05T15:00:00.000000000,141.03,149.12416
2025-06-05T16:00:00.000000000,181.88,144.02724
2025-06-05T17:00:00.000000000,226.33,147.00975
2025-06-05T18:00:00.000000000,253.07,155.32396
2025-06-05T19:00:00.000000000,253.34,153.96089
2025-06-05T20:00:00.000000000,241.19,150.36184
2025-06-05T21:00:00.000000000,231.48,147.02619
2025-06-05T22:00:00.000000000,188.64,147.20527
2025-06-05T23:00:00.000000000,165.67,153.35356
2025-06-06T00:00:00.000000000,120.58,155.18547
2025-06-06T01:00:00.000000000,107.8,156.3184
2025-06-06T02:00:00.000000000,108.19,155.58764
2025-06-06T03:00:00.000000000,110.99,168.95768
2025-06-06T04:00:00.000000000,123.54,153.93914
2025-06-06T05:00:00.000000000,146.99,158.49236
2025-06-06T06:00:00.000000000,180.58,157.53088
2025-06-06T07:00:00.000000000,200.81,159.54006
2025-06-06T08:00:00.000000000,167.62,159.29865
2025-06-06T09:00:00.000000000,150.4,150.99566
2025-06-06T10:00:00.000000000,124.99,163.95789
2025-06-06T11:00:00.000000000,109.84,155.40222
2025-06-06T12:00:00.000000000,106.92,143.11057
2025-06-06T13:00:00.000000000,106.17,135.69991
2025-06-06T14:00:00.000000000,108.23,147.1875
2025-06-06T15:00:00.000000000,126.91,149.23826
2025-06-06T16:00:00.000000000,189.31,143.46909
2025-06-06T17:00:00.000000000,226.04,147.09345
2025-06-06T18:00:00.000000000,263.64,154.6484
2025-06-06T19:00:00.000000000,287.42,153.74593
2025-06-06T20:00:00.000000000,270.61,149.88562
2025-06-06T21:00:00.000000000,257.43,146.62511
2025-06-06T22:00:00.000000000,232.07,147.5208
2025-06-06T23:00:00.000000000,214.48,153.44042
2025-06-07T00:00:00.000000000,206.37,155.01045
2025-06-07T01:00:00.000000000,204.76,156.70489
2025-06-07T02:00:00.000000000,207.64,155.36174
2025-06-07T03:00:00.000000000,227.52,169.31824
2025-06-07T04:00:00.000000000,235.92,154.48039
2025-06-07T05:00:00.000000000,247.59,158.88398
2025-06-07T06:00:00.000000000,255.08,157.33125
2025-06-07T07:00:00.000000000,247.04,158.657
2025-06-07T08:00:00.000000000,231.85,159.10945
2025-06-07T09:00:00.000000000,219.17,151.37215
2025-06-07T10:00:00.000000000,203.32,163.93569
2025-06-07T11:00:00.000000000,191.72,155.10277
2025-06-01T12:00:00.000000000,89.59,141.26881
2025-06-01T13:00:00.000000000,90.98,136.23833
2025-06-01T14:00:00.000000000,91.19,148.03315
2025-06-01T15:00:00.000000000,71.24,147.09449
2025-06-01T16:00:00.000000000,90.21,140.8275
2025-06-01T17:00:00.000000000,96.21,145.88232
2025-06-01T18:00:00.000000000,121.58,152.7829
2025-06-01T19:00:00.000000000,148.74,152.87837
2025-06-01T20:00:00.000000000,151.99,147.61616
2025-06-01T21:00:00.000000000,136.42,142.87098
2025-06-01T22:00:00.000000000,107.85,148.61372
2025-06-01T23:00:00.000000000,106.24,152.93335
2025-06-02T00:00:00.000000000,102.98,155.40218
2025-06-02T01:00:00.000000000,100.02,155.87798
2025-06-02T02:00:00.000000000,100.17,154.54216
2025-06-02T03:00:00.000000000,105.33,166.80171
2025-06-02T04:00:00.000000000,116.59,155.62148
2025-06-02T05:00:00.000000000,150.3,159.15327
2025-06-02T06:00:00.000000000,154.92,156.72311
2025-06-02T07:00:00.000000000,157.64,157.28922
2025-06-02T08:00:00.000000000,147.3,158.85065
2025-06-02T09:00:00.000000000,135.81,152.10854
2025-06-02T10:00:00.000000000,118.81,164.92865
2025-06-02T11:00:00.000000000,102.61,155.73918
2025-06-02T12:00:00.000000000,101.92,141.26881
2025-06-02T13:00:00.000000000,104.11,136.23833
2025-06-02T14:00:00.000000000,98.35,148.03315
2025-06-02T15:00:00.000000000,121.39,147.09449
2025-06-02T16:00:00.000000000,142.88,140.8275
2025-06-02T17:00:00.000000000,191.24,145.88232
2025-06-02T18:00:00.000000000,191.45,152.7829
2025-06-02T19:00:00.000000000,173.41,152.87837
2025-06-02T20:00:00.000000000,175.88,147.61616
2025-06-02T21:00:00.000000000,173.71,142.87098
2025-06-02T22:00:00.000000000,155.14,148.61372
2025-06-02T23:00:00.000000000,144.85,152.93335
2025-06-03T00:00:00.000000000,116.68,155.40218
2025-06-03T01:00:00.000000000,110.9,155.87798
2025-06-03T02:00:00.000000000,97.29,154.54216
2025-06-03T03:00:00.000000000,91.01,166.80171
2025-06-03T04:00:00.000000000,84.29,155.62148
2025-06-03T05:00:00.000000000,94.24,159.15327
2025-06-03T06:00:00.000000000,124.57,156.72311
2025-06-03T07:00:00.000000000,112.22,157.28922
2025-06-03T08:00:00.000000000,91.48,158.85065
2025-06-03T09:00:00.000000000,91.76,152.10854
2025-06-03T10:00:00.000000000,74.91,164.92865
2025-06-03T11:00:00.000000000,70.85,155.73918
2025-06-03T12:00:00.000000000,71.91,142.8454
2025-06-03T13:00:00.000000000,68.53,135.44891
2025-06-03T14:00:00.000000000,74.89,147.63931
2025-06-03T15:00:00.000000000,76.76,148.12407
2025-06-03T16:00:00.000000000,109.13,142.66497
2025-06-03T17:00:00.000000000,116.65,146.31883
2025-06-03T18:00:00.000000000,142.22,154.26501
2025-06-03T19:00:00.000000000,155.74,153.3942
2025-06-03T20:00:00.000000000,161.07,149.33983
2025-06-03T21:00:00.000000000,162.27,144.9909
2025-06-03T22:00:00.000000000,140.81,147.63876
2025-06-03T23:00:00.000000000,138.44,152.88068
2025-06-04T00:00:00.000000000,138.78,154.76878
2025-06-04T01:00:00.000000000,129.65,155.98844
2025-06-04T02:00:00.000000000,140.36,154.88065
2025-06-04T03:00:00.000000000,123.48,168.17055
2025-06-04T04:00:00.000000000,123.17,154.22135
2025-06-04T05:00:00.000000000,146.52,158.59769
2025-06-04T06:00:00.000000000,165.91,157.37238
2025-06-04T07:00:00.000000000,140.3,158.32917
2025-06-04T08:00:00.000000000,137.52,158.78604
2025-06-04T09:00:00.000000000,134.89,151.20641
2025-06-04T10:00:00.000000000,115.63,164.24743
2025-06-04T11:00:00.000000000,104.72,155.34368
2025-06-04T12:00:00.000000000,98.45,141.3688
2025-06-04T13:00:00.000000000,98.68,136.67285
2025-06-04T14:00:00.000000000,100.46,147.78119
2025-06-04T15:00:00.000000000,122.73,147.9491
2025-06-04T16:00:00.000000000,146.83,141.34134
2025-06-04T17:00:00.000000000,181.24,146.59214
2025-06-04T18:00:00.000000000,208.37,153.07277
2025-06-04T19:00:00.000000000,216.38,153.14172
2025-06-04T20:00:00.000000000,203.49,147.99013
2025-06-04T21:00:00.000000000,185.67,143.70484
2025-06-04T22:00:00.000000000,149.15,148.61579
2025-06-04T23:00:00.000000000,129.69,153.22882
2025-06-05T00:00:00.000000000,121.06,155.65315
2025-06-05T01:00:00.000000000,129.94,156.38559
2025-06-05T02:00:00.000000000,122.61,154.94146
2025-06-05T03:00:00.000000000,124.54,167.60628
2025-06-05T04:00:00.000000000,121.69,156.10726
2025-06-05T05:00:00.000000000,129.84,159.64179
2025-06-05T06:00:00.000000000,145.63,156.68373
2025-06-05T07:00:00.000000000,149.29,157.44587
2025-06-05T08:00:00.000000000,150.52,159.10752
2025-06-05T09:00:00.000000000,135.47,152.419
2025-06-05T10:00:00.000000000,138.13,164.85023
2025-06-05T11:00:00.000000000,124.96,155.64935
2025-06-05T12:00:00.000000000,110.18,144.11633
2025-06-05T13:00:00.000000000,113.93,135.40044
2025-06-05T14:00:00.000000000,116.48,147.65989
2025-06-05T15:00:00.000000000,141.03,149.12416
2025-06-05T16:00:00.000000000,181.88,144.02724
2025-06-05T17:00:00.000000000,226.33,147.00975
2025-06-05T18:00:00.000000000,253.07,155.32396
2025-06-05T19:00:00.000000000,253.34,153.96089
2025-06-05T20:00:00.000000000,241.19,150.36184
2025-06-05T21:00:00.000000000,231.48,147.02619
2025-06-05T22:00:00.000000000,188.64,147.20527
2025-06-05T23:00:00.000000000,165.67,153.35356
2025-06-06T00:00:00.000000000,120.58,155.18547
2025-06-06T01:00:00.000000000,107.8,156.3184
2025-06-06T02:00:00.000000000,108.19,155.58764
2025-06-06T03:00:00.000000000,110.99,168.95768
2025-06-06T04:00:00.000000000,123.54,153.93914
2025-06-06T05:00:00.000000000,146.99,158.49236
2025-06-06T06:00:00.000000000,180.58,157.53088
2025-06-06T07:00:00.000000000,200.81,159.54006
2025-06-06T08:00:00.000000000,167.62,159.29865
2025-06-06T09:00:00.000000000,150.4,150.99566
2025-06-06T10:00:00.000000000,124.99,163.95789
2025-06-06T11:00:00.000000000,109.84,155.40222
2025-06-06T12:00:00.000000000,106.92,143.11057
2025-06-06T13:00:00.000000000,106.17,135.69991
2025-06-06T14:00:00.000000000,108.23,147.1875
2025-06-06T15:00:00.000000000,126.91,149.23826
2025-06-06T16:00:00.000000000,189.31,143.46909
2025-06-06T17:00:00.000000000,226.04,147.09345
2025-06-06T18:00:00.000000000,263.64,154.6484
2025-06-06T19:00:00.000000000,287.42,153.74593
2025-06-06T20:00:00.000000000,270.61,149.88562
2025-06-06T21:00:00.000000000,257.43,146.62511
2025-06-06T22:00:00.000000000,232.07,147.5208
2025-06-06T23:00:00.000000000,214.48,153.44042
2025-06-07T00:00:00.000000000,206.37,155.01045
2025-06-07T01:00:00.000000000,204.76,156.70489
2025-06-07T02:00:00.000000000,207.64,155.36174
2025-06-07T03:00:00.000000000,227.52,169.31824
2025-06-07T04:00:00.000000000,235.92,154.48039
2025-06-07T05:00:00.000000000,247.59,158.88398
2025-06-07T06:00:00.000000000,255.08,157.33125
2025-06-07T07:00:00.000000000,247.04,158.657
2025-06-07T08:00:00.000000000,231.85,159.10945
2025-06-07T09:00:00.000000000,219.17,151.37215
2025-06-07T10:00:00.000000000,203.32,163.93569
2025-06-07T11:00:00.000000000,191.72,155.10277
2025-06-07T12:00:00.000000000,180.68,145.1627
2025-06-07T13:00:00.000000000,181.89,135.84278
2025-06-07T14:00:00.000000000,170.3,147.54241
2025-06-07T15:00:00.000000000,168.23,150.30685
2025-06-07T16:00:00.000000000,180.63,145.30915
2025-06-07T17:00:00.000000000,190.1,147.80107
2025-06-07T18:00:00.000000000,204.61,156.27895
2025-06-07T19:00:00.000000000,214.92,154.36052
2025-06-07T20:00:00.000000000,222.49,151.50913
2025-06-07T21:00:00.000000000,213.67,148.2556
2025-06-07T22:00:00.000000000,174.19,146.91348
2025-06-07T23:00:00.000000000,132.05,153.63731
2025-06-08T00:00:00.000000000,113.62,155.30804
2025-06-08T01:00:00.000000000,115.17,156.58585
2025-06-08T02:00:00.000000000,107.27,156.21089
2025-06-08T03:00:00.000000000,106.57,169.70565
2025-06-08T04:00:00.000000000,100.95,154.09572
2025-06-08T05:00:00.000000000,108.52,158.84684
2025-06-08T06:00:00.000000000,96.52,157.81129
2025-06-08T07:00:00.000000000,92.22,160.35429
2025-06-08T08:00:00.000000000,85.27,159.5023
2025-06-08T09:00:00.000000000,96.1,151.19734
2025-06-08T10:00:00.000000000,101.54,163.91799
2025-06-08T11:00:00.000000000,90.09,155.68016
2025-06-02T12:00:00.000000000,101.92,141.26881
2025-06-02T13:00:00.000000000,104.11,136.23833
2025-06-02T14:00:00.000000000,98.35,148.03315
2025-06-02T15:00:00.000000000,121.39,147.09449
2025-06-02T16:00:00.000000000,142.88,140.8275
2025-06-02T17:00:00.000000000,191.24,145.88232
2025-06-02T18:00:00.000000000,191.45,152.7829
2025-06-02T19:00:00.000000000,173.41,152.87837
2025-06-02T20:00:00.000000000,175.88,147.61616
2025-06-02T21:00:00.000000000,173.71,142.87098
2025-06-02T22:00:00.000000000,155.14,148.61372
2025-06-02T23:00:00.000000000,144.85,152.93335
2025-06-03T00:00:00.000000000,116.68,155.40218
2025-06-03T01:00:00.000000000,110.9,155.87798
2025-06-03T02:00:00.000000000,97.29,154.54216
2025-06-03T03:00:00.000000000,91.01,166.80171
2025-06-03T04:00:00.000000000,84.29,155.62148
2025-06-03T05:00:00.000000000,94.24,159.15327
2025-06-03T06:00:00.000000000,124.57,156.72311
2025-06-03T07:00:00.000000000,112.22,157.28922
2025-06-03T08:00:00.000000000,91.48,158.85065
2025-06-03T09:00:00.000000000,91.76,152.10854
2025-06-03T10:00:00.000000000,74.91,164.92865
2025-06-03T11:00:00.000000000,70.85,155.73918
2025-06-03T12:00:00.000000000,71.91,142.8454
2025-06-03T13:00:00.000000000,68.53,135.44891
2025-06-03T14:00:00.000000000,74.89,147.63931
2025-06-03T15:00:00.000000000,76.76,148.12407
2025-06-03T16:00:00.000000000,109.13,142.66497
2025-06-03T17:00:00.000000000,116.65,146.31883
2025-06-03T18:00:00.000000000,142.22,154.26501
2025-06-03T19:00:00.000000000,155.74,153.3942
2025-06-03T20:00:00.000000000,161.07,149.33983
2025-06-03T21:00:00.000000000,162.27,144.9909
2025-06-03T22:00:00.000000000,140.81,147.63876
2025-06-03T23:00:00.000000000,138.44,152.88068
2025-06-04T00:00:00.000000000,138.78,154.76878
2025-06-04T01:00:00.000000000,129.65,155.98844
2025-06-04T02:00:00.000000000,140.36,154.88065
2025-06-04T03:00:00.000000000,123.48,168.17055
2025-06-04T04:00:00.000000000,123.17,154.22135
2025-06-04T05:00:00.000000000,146.52,158.59769
2025-06-04T06:00:00.000000000,165.91,157.37238
2025-06-04T07:00:00.000000000,140.3,158.32917
2025-06-04T08:00:00.000000000,137.52,158.78604
2025-06-04T09:00:00.000000000,134.89,151.20641
2025-06-04T10:00:00.000000000,115.63,164.24743
2025-06-04T11:00:00.000000000,104.72,155.34368
2025-06-04T12:00:00.000000000,98.45,141.3688
2025-06-04T13:00:00.000000000,98.68,136.67285
2025-06-04T14:00:00.000000000,100.46,147.78119
2025-06-04T15:00:00.000000000,122.73,147.9491
2025-06-04T16:00:00.000000000,146.83,141.34134
2025-06-04T17:00:00.000000000,181.24,146.59214
2025-06-04T18:00:00.000000000,208.37,153.07277
2025-06-04T19:00:00.000000000,216.38,153.14172
2025-06-04T20:00:00.000000000,203.49,147.99013
2025-06-04T21:00:00.000000000,185.67,143.70484
2025-06-04T22:00:00.000000000,149.15,148.61579
2025-06-04T23:00:00.000000000,129.69,153.22882
2025-06-05T00:00:00.000000000,121.06,155.65315
2025-06-05T01:00:00.000000000,129.94,156.38559
2025-06-05T02:00:00.000000000,122.61,154.94146
2025-06-05T03:00:00.000000000,124.54,167.60628
2025-06-05T04:00:00.000000000,121.69,156.10726
2025-06-05T05:00:00.000000000,129.84,159.64179
2025-06-05T06:00:00.000000000,145.63,156.68373
2025-06-05T07:00:00.000000000,149.29,157.44587
2025-06-05T08:00:00.000000000,150.52,159.10752
2025-06-05T09:00:00.000000000,135.47,152.419
2025-06-05T10:00:00.000000000,138.13,164.85023
2025-06-05T11:00:00.000000000,124.96,155.64935
2025-06-05T12:00:00.000000000,110.18,144.11633
2025-06-05T13:00:00.000000000,113.93,135.40044
2025-06-05T14:00:00.000000000,116.48,147.65989
2025-06-05T15:00:00.000000000,141.03,149.12416
2025-06-05T16:00:00.000000000,181.88,144.02724
2025-06-05T17:00:00.000000000,226.33,147.00975
2025-06-05T18:00:00.000000000,253.07,155.32396
2025-06-05T19:00:00.000000000,253.34,153.96089
2025-06-05T20:00:00.000000000,241.19,150.36184
2025-06-05T21:00:00.000000000,231.48,147.02619
2025-06-05T22:00:00.000000000,188.64,147.20527
2025-06-05T23:00:00.000000000,165.67,153.35356
2025-06-06T00:00:00.000000000,120.58,155.18547
2025-06-06T01:00:00.000000000,107.8,156.3184
2025-06-06T02:00:00.000000000,108.19,155.58764
2025-06-06T03:00:00.000000000,110.99,168.95768
2025-06-06T04:00:00.000000000,123.54,153.93914
2025-06-06T05:00:00.000000000,146.99,158.49236
2025-06-06T06:00:00.000000000,180.58,157.53088
2025-06-06T07:00:00.000000000,200.81,159.54006
2025-06-06T08:00:00.000000000,167.62,159.29865
2025-06-06T09:00:00.000000000,150.4,150.99566
2025-06-06T10:00:00.000000000,124.99,163.95789
2025-06-06T11:00:00.000000000,109.84,155.40222
2025-06-06T12:00:00.000000000,106.92,143.11057
2025-06-06T13:00:00.000000000,106.17,135.69991
2025-06-06T14:00:00.000000000,108.23,147.1875
2025-06-06T15:00:00.000000000,126.91,149.23826
2025-06-06T16:00:00.000000000,189.31,143.46909
2025-06-06T17:00:00.000000000,226.04,147.09345
2025-06-06T18:00:00.000000000,263.64,154.6484
2025-06-06T19:00:00.000000000,287.42,153.74593
2025-06-06T20:00:00.000000000,270.61,149.88562
2025-06-06T21:00:00.000000000,257.43,146.62511
2025-06-06T22:00:00.000000000,232.07,147.5208
2025-06-06T23:00:00.000000000,214.48,153.44042
2025-06-07T00:00:00.000000000,206.37,155.01045
2025-06-07T01:00:00.000000000,204.76,156.70489
2025-06-07T02:00:00.000000000,207.64,155.36174
2025-06-07T03:00:00.000000000,227.52,169.31824
2025-06-07T04:00:00.000000000,235.92,154.48039
2025-06-07T05:00:00.000000000,247.59,158.88398
2025-06-07T06:00:00.000000000,255.08,157.33125
2025-06-07T07:00:00.000000000,247.04,158.657
2025-06-07T08:00:00.000000000,231.85,159.10945
2025-06-07T09:00:00.000000000,219.17,151.37215
2025-06-07T10:00:00.000000000,203.32,163.93569
2025-06-07T11:00:00.000000000,191.72,155.10277
2025-06-07T12:00:00.000000000,180.68,145.1627
2025-06-07T13:00:00.000000000,181.89,135.84278
2025-06-07T14:00:00.000000000,170.3,147.54241
2025-06-07T15:00:00.000000000,168.23,150.30685
2025-06-07T16:00:00.000000000,180.63,145.30915
2025-06-07T17:00:00.000000000,190.1,147.80107
2025-06-07T18:00:00.000000000,204.61,156.27895
2025-06-07T19:00:00.000000000,214.92,154.36052
2025-06-07T20:00:00.000000000,222.49,151.50913
2025-06-07T21:00:00.000000000,213.67,148.2556
2025-06-07T22:00:00.000000000,174.19,146.91348
2025-06-07T23:00:00.000000000,132.05,153.63731
2025-06-08T00:00:00.000000000,113.62,155.30804
2025-06-08T01:00:00.000000000,115.17,156.58585
2025-06-08T02:00:00.000000000,107.27,156.21089
2025-06-08T03:00:00.000000000,106.57,169.70565
2025-06-08T04:00:00.000000000,100.95,154.09572
2025-06-08T05:00:00.000000000,108.52,158.84684
2025-06-08T06:00:00.000000000,96.52,157.81129
2025-06-08T07:00:00.000000000,92.22,160.35429
2025-06-08T08:00:00.000000000,85.27,159.5023
2025-06-08T09:00:00.000000000,96.1,151.19734
2025-06-08T10:00:00.000000000,101.54,163.91799
2025-06-08T11:00:00.000000000,90.09,155.68016
2025-06-08T12:00:00.000000000,99.79,141.86872
2025-06-08T13:00:00.000000000,101.3,136.24685
2025-06-08T14:00:00.000000000,102.49,147.04851
2025-06-08T15:00:00.000000000,123.93,149.10792
2025-06-08T16:00:00.000000000,159.8,142.63964
2025-06-08T17:00:00.000000000,193.38,147.28938
2025-06-08T18:00:00.000000000,207.15,153.67572
2025-06-08T19:00:00.000000000,225.98,153.46147
2025-06-08T20:00:00.000000000,224.55,149.00177
2025-06-08T21:00:00.000000000,200.94,145.53225
2025-06-08T22:00:00.000000000,177.76,148.16483
2025-06-08T23:00:00.000000000,132.04,153.2043
2025-06-09T00:00:00.000000000,124.43,155.19924
2025-06-09T01:00:00.000000000,127.55,156.74087
2025-06-09T02:00:00.000000000,135.91,155.19252
2025-06-09T03:00:00.000000000,131.7,169.07818
2025-06-09T04:00:00.000000000,150.0,155.51726
2025-06-09T05:00:00.000000000,170.09,159.55798
2025-06-09T06:00:00.000000000,217.88,156.7647
2025-06-09T07:00:00.000000000,234.13,157.7701
2025-06-09T08:00:00.000000000,223.47,159.00103
2025-06-09T09:00:00.000000000,211.78,151.88867
2025-06-09T10:00:00.000000000,213.99,164.17641
2025-06-09T11:00:00.000000000,202.07,155.03546
2025-06-03T12:00:00.000000000,71.91,143.90517
2025-06-03T13:00:00.000000000,68.53,135.90483
2025-06-03T14:00:00.000000000,74.89,147.08231
2025-06-03T15:00:00.000000000,76.76,149.8703
2025-06-03T16:00:00.000000000,109.13,144.21629
2025-06-03T17:00:00.000000000,116.65,147.70774
2025-06-03T18:00:00.000000000,142.22,155.18359
2025-06-03T19:00:00.000000000,155.74,154.02035
2025-06-03T20:00:00.000000000,161.07,150.83051
2025-06-03T21:00:00.000000000,162.27,147.2072
2025-06-03T22:00:00.000000000,140.81,147.37424
2025-06-03T23:00:00.000000000,138.44,153.54438
2025-06-04T00:00:00.000000000,138.78,154.94291
2025-06-04T01:00:00.000000000,129.65,156.65857
2025-06-04T02:00:00.000000000,140.36,155.47353
2025-06-04T03:00:00.000000000,123.48,169.74456
2025-06-04T04:00:00.000000000,123.17,154.5974
2025-06-04T05:00:00.000000000,146.52,158.86608
2025-06-04T06:00:00.000000000,165.91,157.53516
2025-06-04T07:00:00.000000000,140.3,159.2117
2025-06-04T08:00:00.000000000,137.52,158.49296
2025-06-04T09:00:00.000000000,134.89,151.45104
2025-06-04T10:00:00.000000000,115.63,164.26316
2025-06-04T11:00:00.000000000,104.72,155.50335
2025-06-04T12:00:00.000000000,98.45,141.36874
2025-06-04T13:00:00.000000000,98.68,136.67193
2025-06-04T14:00:00.000000000,100.46,147.78212
2025-06-04T15:00:00.000000000,122.73,147.94711
2025-06-04T16:00:00.000000000,146.83,141.34016
2025-06-04T17:00:00.000000000,181.24,146.59081
2025-06-04T18:00:00.000000000,208.37,153.07248
2025-06-04T19:00:00.000000000,216.38,153.14143
2025-06-04T20:00:00.000000000,203.49,147.98927
2025-06-04T21:00:00.000000000,185.67,143.70313
2025-06-04T22:00:00.000000000,149.15,148.61576
2025-06-04T23:00:00.000000000,129.69,153.22819
2025-06-05T00:00:00.000000000,121.06,155.65307
2025-06-05T01:00:00.000000000,129.94,156.38458
2025-06-05T02:00:00.000000000,122.61,154.94081
2025-06-05T03:00:00.000000000,124.54,167.60464
2025-06-05T04:00:00.000000000,121.69,156.10629
2025-06-05T05:00:00.000000000,129.84,159.64084
2025-06-05T06:00:00.000000000,145.63,156.68385
2025-06-05T07:00:00.000000000,149.29,157.44583
2025-06-05T08:00:00.000000000,150.52,159.1074
2025-06-05T09:00:00.000000000,135.47,152.41827
2025-06-05T10:00:00.000000000,138.13,164.85047
2025-06-05T11:00:00.000000000,124.96,155.64948
2025-06-05T12:00:00.000000000,110.18,144.11632
2025-06-05T13:00:00.000000000,113.93,135.40044
2025-06-05T14:00:00.000000000,116.48,147.65989
2025-06-05T15:00:00.000000000,141.03,149.12415
2025-06-05T16:00:00.000000000,181.88,144.02724
2025-06-05T17:00:00.000000000,226.33,147.00975
2025-06-05T18:00:00.000000000,253.07,155.32395
2025-06-05T19:00:00.000000000,253.34,153.96089
2025-06-05T20:00:00.000000000,241.19,150.36182
2025-06-05T21:00:00.000000000,231.48,147.02618
2025-06-05T22:00:00.000000000,188.64,147.20527
2025-06-05T23:00:00.000000000,165.67,153.35356
2025-06-06T00:00:00.000000000,120.58,155.18547
2025-06-06T01:00:00.000000000,107.8,156.3184
2025-06-06T02:00:00.000000000,108.19,155.58763
2025-06-06T03:00:00.000000000,110.99,168.95768
2025-06-06T04:00:00.000000000,123.54,153.93913
2025-06-06T05:00:00.000000000,146.99,158.49236
2025-06-06T06:00:00.000000000,180.58,157.53088
2025-06-06T07:00:00.000000000,200.81,159.54005
2025-06-06T08:00:00.000000000,167.62,159.29865
2025-06-06T09:00:00.000000000,150.4,150.99567
2025-06-06T10:00:00.000000000,124.99,163.95789
2025-06-06T11:00:00.000000000,109.84,155.40222
2025-06-06T12:00:00.000000000,106.92,143.11057
2025-06-06T13:00:00.000000000,106.17,135.69991
2025-06-06T14:00:00.000000000,108.23,147.1875
2025-06-06T15:00:00.000000000,126.91,149.23826
2025-06-06T16:00:00.000000000,189.31,143.46909
2025-06-06T17:00:00.000000000,226.04,147.09345
2025-06-06T18:00:00.000000000,263.64,154.6484
2025-06-06T19:00:00.000000000,287.42,153.74593
2025-06-06T20:00:00.000000000,270.61,149.88562
2025-06-06T21:00:00.000000000,257.43,146.62511
2025-06-06T22:00:00.000000000,232.07,147.5208
2025-06-06T23:00:00.000000000,214.48,153.44042
2025-06-07T00:00:00.000000000,206.37,155.01045
2025-06-07T01:00:00.000000000,204.76,156.70489
2025-06-07T02:00:00.000000000,207.64,155.36174
2025-06-07T03:00:00.000000000,227.52,169.31824
2025-06-07T04:00:00.000000000,235.92,154.48039
2025-06-07T05:00:00.000000000,247.59,158.88398
2025-06-07T06:00:00.000000000,255.08,157.33125
2025-06-07T07:00:00.000000000,247.04,158.657
2025-06-07T08:00:00.000000000,231.85,159.10945
2025-06-07T09:00:00.000000000,219.17,151.37215
2025-06-07T10:00:00.000000000,203.32,163.93569
2025-06-07T11:00:00.000000000,191.72,155.10277
2025-06-07T12:00:00.000000000,180.68,145.1627
2025-06-07T13:00:00.000000000,181.89,135.84278
2025-06-07T14:00:00.000000000,170.3,147.54241
2025-06-07T15:00:00.000000000,168.23,150.30685
2025-06-07T16:00:00.000000000,180.63,145.30915
2025-06-07T17:00:00.000000000,190.1,147.80107
2025-06-07T18:00:00.000000000,204.61,156.27895
2025-06-07T19:00:00.000000000,214.92,154.36052
2025-06-07T20:00:00.000000000,222.49,151.50913
2025-06-07T21:00:00.000000000,213.67,148.2556
2025-06-07T22:00:00.000000000,174.19,146.91348
2025-06-07T23:00:00.000000000,132.05,153.63731
2025-06-08T00:00:00.000000000,113.62,155.30804
2025-06-08T01:00:00.000000000,115.17,156.58585
2025-06-08T02:00:00.000000000,107.27,156.21089
2025-06-08T03:00:00.000000000,106.57,169.70565
2025-06-08T04:00:00.000000000,100.95,154.09572
2025-06-08T05:00:00.000000000,108.52,158.84684
2025-06-08T06:00:00.000000000,96.52,157.81129
2025-06-08T07:00:00.000000000,92.22,160.35429
2025-06-08T08:00:00.000000000,85.27,159.5023
2025-06-08T09:00:00.000000000,96.1,151.19734
2025-06-08T10:00:00.000000000,101.54,163.91799
2025-06-08T11:00:00.000000000,90.09,155.68016
2025-06-08T12:00:00.000000000,99.79,141.86872
2025-06-08T13:00:00.000000000,101.3,136.24685
2025-06-08T14:00:00.000000000,102.49,147.04851
2025-06-08T15:00:00.000000000,123.93,149.10792
2025-06-08T16:00:00.000000000,159.8,142.63964
2025-06-08T17:00:00.000000000,193.38,147.28938
2025-06-08T18:00:00.000000000,207.15,153.67572
2025-06-08T19:00:00.000000000,225.98,153.46147
2025-06-08T20:00:00.000000000,224.55,149.00177
2025-06-08T21:00:00.000000000,200.94,145.53225
2025-06-08T22:00:00.000000000,177.76,148.16483
2025-06-08T23:00:00.000000000,132.04,153.2043
2025-06-09T00:00:00.000000000,124.43,155.19924
2025-06-09T01:00:00.000000000,127.55,156.74087
2025-06-09T02:00:00.000000000,135.91,155.19252
2025-06-09T03:00:00.000000000,131.7,169.07818
2025-06-09T04:00:00.000000000,150.0,155.51726
2025-06-09T05:00:00.000000000,170.09,159.55798
2025-06-09T06:00:00.000000000,217.88,156.7647
2025-06-09T07:00:00.000000000,234.13,157.7701
2025-06-09T08:00:00.000000000,223.47,159.00103
2025-06-09T09:00:00.000000000,211.78,151.88867
2025-06-09T10:00:00.000000000,213.99,164.17641
2025-06-09T11:00:00.000000000,202.07,155.03546
2025-06-09T12:00:00.000000000,193.49,141.41354
2025-06-09T13:00:00.000000000,180.43,136.79053
2025-06-09T14:00:00.000000000,168.36,147.40957
2025-06-09T15:00:00.000000000,160.71,148.61171
2025-06-09T16:00:00.000000000,157.52,141.8205
2025-06-09T17:00:00.000000000,191.63,147.02363
2025-06-09T18:00:00.000000000,206.04,153.19767
2025-06-09T19:00:00.000000000,217.17,153.25808
2025-06-09T20:00:00.000000000,209.59,148.32748
2025-06-09T21:00:00.000000000,168.79,144.45156
2025-06-09T22:00:00.000000000,115.85,148.56038
2025-06-09T23:00:00.000000000,105.24,153.37773
2025-06-10T00:00:00.000000000,100.34,155.59466
2025-06-10T01:00:00.000000000,97.13,156.69655
2025-06-10T02:00:00.000000000,98.4,155.12496
2025-06-10T03:00:00.000000000,99.52,168.264
2025-06-10T04:00:00.000000000,96.54,156.23042
2025-06-10T05:00:00.000000000,106.5,159.83877
2025-06-10T06:00:00.000000000,118.32,156.6348
2025-06-10T07:00:00.000000000,88.94,157.48149
2025-06-10T08:00:00.000000000,76.74,159.11759
2025-06-10T09:00:00.000000000,75.42,152.48098
2025-06-10T10:00:00.000000000,85.07,164.65259
2025-06-10T11:00:00.000000000,87.81,155.47385
2025-06-04T12:00:00.000000000,98.45,141.38922
2025-06-04T13:00:00.000000000,98.68,137.0402
2025-06-04T14:00:00.000000000,100.46,147.41468
2025-06-04T15:00:00.000000000,122.73,148.73809
2025-06-04T16:00:00.000000000,146.83,141.81039
2025-06-04T17:00:00.000000000,181.24,147.12156
2025-06-04T18:00:00.000000000,208.37,153.1922
2025-06-04T19:00:00.000000000,216.38,153.2601
2025-06-04T20:00:00.000000000,203.49,148.33503
2025-06-04T21:00:00.000000000,185.67,144.38382
2025-06-04T22:00:00.000000000,149.15,148.62921
2025-06-04T23:00:00.000000000,129.69,153.48382
2025-06-05T00:00:00.000000000,121.06,155.68772
2025-06-05T01:00:00.000000000,129.94,156.78838
2025-06-05T02:00:00.000000000,122.61,155.20192
2025-06-05T03:00:00.000000000,124.54,168.26158
2025-06-05T04:00:00.000000000,121.69,156.49166
2025-06-05T05:00:00.000000000,129.84,160.0213
2025-06-05T06:00:00.000000000,145.63,156.63822
2025-06-05T07:00:00.000000000,149.29,157.46469
2025-06-05T08:00:00.000000000,150.52,159.16154
2025-06-05T09:00:00.000000000,135.47,152.70827
2025-06-05T10:00:00.000000000,138.13,164.75452
2025-06-05T11:00:00.000000000,124.96,155.59429
2025-06-05T12:00:00.000000000,110.18,144.12186
2025-06-05T13:00:00.000000000,113.93,135.4021
2025-06-05T14:00:00.000000000,116.48,147.66097
2025-06-05T15:00:00.000000000,141.03,149.12866
2025-06-05T16:00:00.000000000,181.88,144.03326
2025-06-05T17:00:00.000000000,226.33,147.01353
2025-06-05T18:00:00.000000000,253.07,155.32805
2025-06-05T19:00:00.000000000,253.34,153.96286
2025-06-05T20:00:00.000000000,241.19,150.36614
2025-06-05T21:00:00.000000000,231.48,147.03171
2025-06-05T22:00:00.000000000,188.64,147.20449
2025-06-05T23:00:00.000000000,165.67,153.35407
2025-06-06T00:00:00.000000000,120.58,155.18784
2025-06-06T01:00:00.000000000,107.8,156.31802
2025-06-06T02:00:00.000000000,108.19,155.5911
2025-06-06T03:00:00.000000000,110.99,168.95869
2025-06-06T04:00:00.000000000,123.54,153.94021
2025-06-06T05:00:00.000000000,146.99,158.49364
2025-06-06T06:00:00.000000000,180.58,157.5307
2025-06-06T07:00:00.000000000,200.81,159.54551
2025-06-06T08:00:00.000000000,167.62,159.30041
2025-06-06T09:00:00.000000000,150.4,150.99592
2025-06-06T10:00:00.000000000,124.99,163.95808
2025-06-06T11:00:00.000000000,109.84,155.40428
2025-06-06T12:00:00.000000000,106.92,143.1105
2025-06-06T13:00:00.000000000,106.17,135.69991
2025-06-06T14:00:00.000000000,108.23,147.18751
2025-06-06T15:00:00.000000000,126.91,149.2382
2025-06-06T16:00:00.000000000,189.31,143.46901
2025-06-06T17:00:00.000000000,226.04,147.09342
2025-06-06T18:00:00.000000000,263.64,154.64832
2025-06-06T19:00:00.000000000,287.42,153.7459
2025-06-06T20:00:00.000000000,270.61,149.88554
2025-06-06T21:00:00.000000000,257.43,146.625
2025-06-06T22:00:00.000000000,232.07,147.52083
2025-06-06T23:00:00.000000000,214.48,153.44038
2025-06-07T00:00:00.000000000,206.37,155.01046
2025-06-07T01:00:00.000000000,204.76,156.70486
2025-06-07T02:00:00.000000000,207.64,155.36172
2025-06-07T03:00:00.000000000,227.52,169.31818
2025-06-07T04:00:00.000000000,235.92,154.48042
2025-06-07T05:00:00.000000000,247.59,158.88401
2025-06-07T06:00:00.000000000,255.08,157.33123
2025-06-07T07:00:00.000000000,247.04,158.65695
2025-06-07T08:00:00.000000000,231.85,159.10944
2025-06-07T09:00:00.000000000,219.17,151.37215
2025-06-07T10:00:00.000000000,203.32,163.93571
2025-06-07T11:00:00.000000000,191.72,155.10277
2025-06-07T12:00:00.000000000,180.68,145.1627
2025-06-07T13:00:00.000000000,181.89,135.84278
2025-06-07T14:00:00.000000000,170.3,147.54241
2025-06-07T15:00:00.000000000,168.23,150.30685
2025-06-07T16:00:00.000000000,180.63,145.30916
2025-06-07T17:00:00.000000000,190.1,147.80107
2025-06-07T18:00:00.000000000,204.61,156.27895
2025-06-07T19:00:00.000000000,214.92,154.36052
2025-06-07T20:00:00.000000000,222.49,151.50913
2025-06-07T21:00:00.000000000,213.67,148.2556
2025-06-07T22:00:00.000000000,174.19,146.91348
2025-06-07T23:00:00.000000000,132.05,153.63732
2025-06-08T00:00:00.000000000,113.62,155.30804
2025-06-08T01:00:00.000000000,115.17,156.58585
2025-06-08T02:00:00.000000000,107.27,156.2109
2025-06-08T03:00:00.000000000,106.57,169.70565
2025-06-08T04:00:00.000000000,100.95,154.09572
2025-06-08T05:00:00.000000000,108.52,158.84684
2025-06-08T06:00:00.000000000,96.52,157.81129
2025-06-08T07:00:00.000000000,92.22,160.3543
2025-06-08T08:00:00.000000000,85.27,159.5023
2025-06-08T09:00:00.000000000,96.1,151.19734
2025-06-08T10:00:00.000000000,101.54,163.91799
2025-06-08T11:00:00.000000000,90.09,155.68016
2025-06-08T12:00:00.000000000,99.79,141.86872
2025-06-08T13:00:00.000000000,101.3,136.24685
2025-06-08T14:00:00.000000000,102.49,147.04851
2025-06-08T15:00:00.000000000,123.93,149.10792
2025-06-08T16:00:00.000000000,159.8,142.63964
2025-06-08T17:00:00.000000000,193.38,147.28938
2025-06-08T18:00:00.000000000,207.15,153.67572
2025-06-08T19:00:00.000000000,225.98,153.46147
2025-06-08T20:00:00.000000000,224.55,149.00177
2025-06-08T21:00:00.000000000,200.94,145.53225
2025-06-08T22:00:00.000000000,177.76,148.16483
2025-06-08T23:00:00.000000000,132.04,153.2043
2025-06-09T00:00:00.000000000,124.43,155.19924
2025-06-09T01:00:00.000000000,127.55,156.74087
2025-06-09T02:00:00.000000000,135.91,155.19252
2025-06-09T03:00:00.000000000,131.7,169.07818
2025-06-09T04:00:00.000000000,150.0,155.51726
2025-06-09T05:00:00.000000000,170.09,159.55798
2025-06-09T06:00:00.000000000,217.88,156.7647
2025-06-09T07:00:00.000000000,234.13,157.7701
2025-06-09T08:00:00.000000000,223.47,159.00103
2025-06-09T09:00:00.000000000,211.78,151.88867
2025-06-09T10:00:00.000000000,213.99,164.17641
2025-06-09T11:00:00.000000000,202.07,155.03546
2025-06-09T12:00:00.000000000,193.49,141.41354
2025-06-09T13:00:00.000000000,180.43,136.79053
2025-06-09T14:00:00.000000000,168.36,147.40957
2025-06-09T15:00:00.000000000,160.71,148.61171
2025-06-09T16:00:00.000000000,157.52,141.8205
2025-06-09T17:00:00.000000000,191.63,147.02363
2025-06-09T18:00:00.000000000,206.04,153.19767
2025-06-09T19:00:00.000000000,217.17,153.25808
2025-06-09T20:00:00.000000000,209.59,148.32748
2025-06-09T21:00:00.000000000,168.79,144.45156
2025-06-09T22:00:00.000000000,115.85,148.56038
2025-06-09T23:00:00.000000000,105.24,153.37773
2025-06-10T00:00:00.000000000,100.34,155.59466
2025-06-10T01:00:00.000000000,97.13,156.69655
2025-06-10T02:00:00.000000000,98.4,155.12496
2025-06-10T03:00:00.000000000,99.52,168.264
2025-06-10T04:00:00.000000000,96.54,156.23042
2025-06-10T05:00:00.000000000,106.5,159.83877
2025-06-10T06:00:00.000000000,118.32,156.6348
2025-06-10T07:00:00.000000000,88.94,157.48149
2025-06-10T08:00:00.000000000,76.74,159.11759
2025-06-10T09:00:00.000000000,75.42,152.48098
2025-06-10T10:00:00.000000000,85.07,164.65259
2025-06-10T11:00:00.000000000,87.81,155.47385
2025-06-10T12:00:00.000000000,105.5,147.04237
2025-06-10T13:00:00.000000000,104.82,136.86792
2025-06-10T14:00:00.000000000,118.81,146.87756
2025-06-10T15:00:00.000000000,163.24,153.91318
2025-06-10T16:00:00.000000000,213.05,148.30077
2025-06-10T17:00:00.000000000,266.81,150.58791
2025-06-10T18:00:00.000000000,300.57,157.85425
2025-06-10T19:00:00.000000000,332.58,155.59717
2025-06-10T20:00:00.000000000,342.99,154.77755
2025-06-10T21:00:00.000000000,343.69,152.42421
2025-06-10T22:00:00.000000000,325.13,147.54766
2025-06-10T23:00:00.000000000,313.63,154.92128
2025-06-11T00:00:00.000000000,301.73,155.67586
2025-06-11T01:00:00.000000000,299.68,158.12826
2025-06-11T02:00:00.000000000,295.12,156.91015
2025-06-11T03:00:00.000000000,308.51,173.37053
2025-06-11T04:00:00.000000000,304.24,155.40829
2025-06-11T05:00:00.000000000,298.07,159.24147
2025-06-11T06:00:00.000000000,276.15,158.18135
2025-06-11T07:00:00.000000000,248.05,161.58286
2025-06-11T08:00:00.000000000,229.5,157.79898
2025-06-11T09:00:00.000000000,199.19,152.00202
2025-06-11T10:00:00.000000000,172.07,165.1563
2025-06-11T11:00:00.000000000,149.3,156.26505
2025-06-05T12:00:00.000000000,110.18,144.98485
2025-06-05T13:00:00.000000000,113.93,135.79863
2025-06-05T14:00:00.000000000,116.48,147.66011
2025-06-05T15:00:00.000000000,141.03,150.12652
2025-06-05T16:00:00.000000000,181.88,145.13158
2025-06-05T17:00:00.000000000,226.33,147.77828
2025-06-05T18:00:00.000000000,253.07,156.02853
2025-06-05T19:00:00.000000000,253.34,154.3118
2025-06-05T20:00:00.000000000,241.19,151.19754
2025-06-05T21:00:00.000000000,231.48,148.13011
2025-06-05T22:00:00.000000000,188.64,147.07194
2025-06-05T23:00:00.000000000,165.67,153.54736
2025-06-06T00:00:00.000000000,120.58,155.51205
2025-06-06T01:00:00.000000000,107.8,156.44034
2025-06-06T02:00:00.000000000,108.19,156.20307
2025-06-06T03:00:00.000000000,110.99,169.4137
2025-06-06T04:00:00.000000000,123.54,154.22069
2025-06-06T05:00:00.000000000,146.99,158.82809
2025-06-06T06:00:00.000000000,180.58,157.54157
2025-06-06T07:00:00.000000000,200.81,160.35816
2025-06-06T08:00:00.000000000,167.62,159.56603
2025-06-06T09:00:00.000000000,150.4,151.14934
2025-06-06T10:00:00.000000000,124.99,163.94602
2025-06-06T11:00:00.000000000,109.84,155.69114
2025-06-06T12:00:00.000000000,106.92,143.10087
2025-06-06T13:00:00.000000000,106.17,135.70033
2025-06-06T14:00:00.000000000,108.23,147.19005
2025-06-06T15:00:00.000000000,126.91,149.22941
2025-06-06T16:00:00.000000000,189.31,143.45808
2025-06-06T17:00:00.000000000,226.04,147.0896
2025-06-06T18:00:00.000000000,263.64,154.63981
2025-06-06T19:00:00.000000000,287.42,153.74255
2025-06-06T20:00:00.000000000,270.61,149.87542
2025-06-06T21:00:00.000000000,257.43,146.60998
2025-06-06T22:00:00.000000000,232.07,147.52546
2025-06-06T23:00:00.000000000,214.48,153.43601
2025-06-07T00:00:00.000000000,206.37,155.0115
2025-06-07T01:00:00.000000000,204.76,156.70117
2025-06-07T02:00:00.000000000,207.64,155.35783
2025-06-07T03:00:00.000000000,227.52,169.3099
2025-06-07T04:00:00.000000000,235.92,154.4844
2025-06-07T05:00:00.000000000,247.59,158.88532
2025-06-07T06:00:00.000000000,255.08,157.32736
2025-06-07T07:00:00.000000000,247.04,158.65003
2025-06-07T08:00:00.000000000,231.85,159.10807
2025-06-07T09:00:00.000000000,219.17,151.37318
2025-06-07T10:00:00.000000000,203.32,163.93845
2025-06-07T11:00:00.000000000,191.72,155.10272
2025-06-07T12:00:00.000000000,180.68,145.16289
2025-06-07T13:00:00.000000000,181.89,135.84283
2025-06-07T14:00:00.000000000,170.3,147.54248
2025-06-07T15:00:00.000000000,168.23,150.30697
2025-06-07T16:00:00.000000000,180.63,145.30935
2025-06-07T17:00:00.000000000,190.1,147.8012
2025-06-07T18:00:00.000000000,204.61,156.27908
2025-06-07T19:00:00.000000000,214.92,154.36058
2025-06-07T20:00:00.000000000,222.49,151.50923
2025-06-07T21:00:00.000000000,213.67,148.25577
2025-06-07T22:00:00.000000000,174.19,146.91348
2025-06-07T23:00:00.000000000,132.05,153.63732
2025-06-08T00:00:00.000000000,113.62,155.30817
2025-06-08T01:00:00.000000000,115.17,156.58581
2025-06-08T02:00:00.000000000,107.27,156.21101
2025-06-08T03:00:00.000000000,106.57,169.70563
2025-06-08T04:00:00.000000000,100.95,154.09576
2025-06-08T05:00:00.000000000,108.52,158.84688
2025-06-08T06:00:00.000000000,96.52,157.81125
2025-06-08T07:00:00.000000000,92.22,160.3545
2025-06-08T08:00:00.000000000,85.27,159.50237
2025-06-08T09:00:00.000000000,96.1,151.19733
2025-06-08T10:00:00.000000000,101.54,163.91801
2025-06-08T11:00:00.000000000,90.09,155.68025
2025-06-08T12:00:00.000000000,99.79,141.86872
2025-06-08T13:00:00.000000000,101.3,136.24685
2025-06-08T14:00:00.000000000,102.49,147.04851
2025-06-08T15:00:00.000000000,123.93,149.10792
2025-06-08T16:00:00.000000000,159.8,142.63964
2025-06-08T17:00:00.000000000,193.38,147.28938
2025-06-08T18:00:00.000000000,207.15,153.67572
2025-06-08T19:00:00.000000000,225.98,153.46146
2025-06-08T20:00:00.000000000,224.55,149.00177
2025-06-08T21:00:00.000000000,200.94,145.53225
2025-06-08T22:00:00.000000000,177.76,148.16483
2025-06-08T23:00:00.000000000,132.04,153.2043
2025-06-09T00:00:00.000000000,124.43,155.19923
2025-06-09T01:00:00.000000000,127.55,156.74087
2025-06-09T02:00:00.000000000,135.91,155.19252
2025-06-09T03:00:00.000000000,131.7,169.07818
2025-06-09T04:00:00.000000000,150.0,155.51728
2025-06-09T05:00:00.000000000,170.09,159.55797
2025-06-09T06:00:00.000000000,217.88,156.7647
2025-06-09T07:00:00.000000000,234.13,157.77009
2025-06-09T08:00:00.000000000,223.47,159.00103
2025-06-09T09:00:00.000000000,211.78,151.88867
2025-06-09T10:00:00.000000000,213.99,164.17641
2025-06-09T11:00:00.000000000,202.07,155.03546
2025-06-09T12:00:00.000000000,193.49,141.41354
2025-06-09T13:00:00.000000000,180.43,136.79053
2025-06-09T14:00:00.000000000,168.36,147.40957
2025-06-09T15:00:00.000000000,160.71,148.61171
2025-06-09T16:00:00.000000000,157.52,141.8205
2025-06-09T17:00:00.000000000,191.63,147.02363
2025-06-09T18:00:00.000000000,206.04,153.19767
2025-06-09T19:00:00.000000000,217.17,153.25808
2025-06-09T20:00:00.000000000,209.59,148.32748
2025-06-09T21:00:00.000000000,168.79,144.45156
2025-06-09T22:00:00.000000000,115.85,148.56038
2025-06-09T23:00:00.000000000,105.24,153.37773
2025-06-10T00:00:00.000000000,100.34,155.59466
2025-06-10T01:00:00.000000000,97.13,156.69655
2025-06-10T02:00:00.000000000,98.4,155.12496
2025-06-10T03:00:00.000000000,99.52,168.264
2025-06-10T04:00:00.000000000,96.54,156.23042
2025-06-10T05:00:00.000000000,106.5,159.83877
2025-06-10T06:00:00.000000000,118.32,156.6348
2025-06-10T07:00:00.000000000,88.94,157.48149
2025-06-10T08:00:00.000000000,76.74,159.11759
2025-06-10T09:00:00.000000000,75.42,152.48098
2025-06-10T10:00:00.000000000,85.07,164.65259
2025-06-10T11:00:00.000000000,87.81,155.47385
2025-06-10T12:00:00.000000000,105.5,147.04237
2025-06-10T13:00:00.000000000,104.82,136.86792
2025-06-10T14:00:00.000000000,118.81,146.87756
2025-06-10T15:00:00.000000000,163.24,153.91318
2025-06-10T16:00:00.000000000,213.05,148.30077
2025-06-10T17:00:00.000000000,266.81,150.58791
2025-06-10T18:00:00.000000000,300.57,157.85425
2025-06-10T19:00:00.000000000,332.58,155.59717
2025-06-10T20:00:00.000000000,342.99,154.77755
2025-06-10T21:00:00.000000000,343.69,152.42421
2025-06-10T22:00:00.000000000,325.13,147.54766
2025-06-10T23:00:00.000000000,313.63,154.92128
2025-06-11T00:00:00.000000000,301.73,155.67586
2025-06-11T01:00:00.000000000,299.68,158.12826
2025-06-11T02:00:00.000000000,295.12,156.91015
2025-06-11T03:00:00.000000000,308.51,173.37053
2025-06-11T04:00:00.000000000,304.24,155.40829
2025-06-11T05:00:00.000000000,298.07,159.24147
2025-06-11T06:00:00.000000000,276.15,158.18135
2025-06-11T07:00:00.000000000,248.05,161.58286
2025-06-11T08:00:00.000000000,229.5,157.79898
2025-06-11T09:00:00.000000000,199.19,152.00202
2025-06-11T10:00:00.000000000,172.07,165.1563
2025-06-11T11:00:00.000000000,149.3,156.26505
2025-06-11T12:00:00.000000000,126.41,145.39024
2025-06-11T13:00:00.000000000,116.67,136.3336
2025-06-11T14:00:00.000000000,115.04,146.78062
2025-06-11T15:00:00.000000000,119.48,151.94473
2025-06-11T16:00:00.000000000,145.79,146.18961
2025-06-11T17:00:00.000000000,206.04,149.14327
2025-06-11T18:00:00.000000000,250.53,156.39865
2025-06-11T19:00:00.000000000,267.29,154.73381
2025-06-11T20:00:00.000000000,266.64,152.87302
2025-06-11T21:00:00.000000000,242.23,149.87115
2025-06-11T22:00:00.000000000,186.2,147.41647
2025-06-11T23:00:00.000000000,153.68,154.35344
2025-06-12T00:00:00.000000000,139.02,155.1216
2025-06-12T01:00:00.000000000,123.09,157.52171
2025-06-12T02:00:00.000000000,114.57,156.08289
2025-06-12T03:00:00.000000000,117.28,171.73728
2025-06-12T04:00:00.000000000,112.75,154.93908
2025-06-12T05:00:00.000000000,122.73,158.97605
2025-06-12T06:00:00.000000000,118.73,157.92477
2025-06-12T07:00:00.000000000,112.93,160.27199
2025-06-12T08:00:00.000000000,112.47,157.83721
2025-06-12T09:00:00.000000000,108.81,151.72842
2025-06-12T10:00:00.000000000,108.01,164.64602
2025-06-12T11:00:00.000000000,113.64,155.82649
2025-06-06T12:00:00.000000000,106.92,143.56236
2025-06-06T13:00:00.000000000,106.17,135.95041
2025-06-06T14:00:00.000000000,108.23,146.84185
2025-06-06T15:00:00.000000000,126.91,150.17048
2025-06-06T16:00:00.000000000,189.31,144.28085
2025-06-06T17:00:00.000000000,226.04,147.64175
2025-06-06T18:00:00.000000000,263.64,155.10952
2025-06-06T19:00:00.000000000,287.42,153.98095
2025-06-06T20:00:00.000000000,270.61,150.57335
2025-06-06T21:00:00.000000000,257.43,147.75249
2025-06-06T22:00:00.000000000,232.07,147.34219
2025-06-06T23:00:00.000000000,214.48,153.80559
2025-06-07T00:00:00.000000000,206.37,155.00865
2025-06-07T01:00:00.000000000,204.76,157.13063
2025-06-07T02:00:00.000000000,207.64,155.72622
2025-06-07T03:00:00.000000000,227.52,170.11893
2025-06-07T04:00:00.000000000,235.92,154.58766
2025-06-07T05:00:00.000000000,247.59,159.09832
2025-06-07T06:00:00.000000000,255.08,157.46494
2025-06-07T07:00:00.000000000,247.04,158.99351
2025-06-07T08:00:00.000000000,231.85,159.21411
2025-06-07T09:00:00.000000000,219.17,151.52858
2025-06-07T10:00:00.000000000,203.32,163.75794
2025-06-07T11:00:00.000000000,191.72,155.08617
2025-06-07T12:00:00.000000000,180.68,145.16055
2025-06-07T13:00:00.000000000,181.89,135.84204
2025-06-07T14:00:00.000000000,170.3,147.53929
2025-06-07T15:00:00.000000000,168.23,150.30592
2025-06-07T16:00:00.000000000,180.63,145.30668
2025-06-07T17:00:00.000000000,190.1,147.79803
2025-06-07T18:00:00.000000000,204.61,156.27946
2025-06-07T19:00:00.000000000,214.92,154.35951
2025-06-07T20:00:00.000000000,222.49,151.51052
2025-06-07T21:00:00.000000000,213.67,148.25272
2025-06-07T22:00:00.000000000,174.19,146.91145
2025-06-07T23:00:00.000000000,132.05,153.63844
2025-06-08T00:00:00.000000000,113.62,155.30232
2025-06-08T01:00:00.000000000,115.17,156.58881
2025-06-08T02:00:00.000000000,107.27,156.20784
2025-06-08T03:00:00.000000000,106.57,169.70986
2025-06-08T04:00:00.000000000,100.95,154.09267
2025-06-08T05:00:00.000000000,108.52,158.84606
2025-06-08T06:00:00.000000000,96.52,157.81608
2025-06-08T07:00:00.000000000,92.22,160.34912
2025-06-08T08:00:00.000000000,85.27,159.49957
2025-06-08T09:00:00.000000000,96.1,151.19802
2025-06-08T10:00:00.000000000,101.54,163.9173
2025-06-08T11:00:00.000000000,90.09,155.67799
2025-06-08T12:00:00.000000000,99.79,141.86876
2025-06-08T13:00:00.000000000,101.3,136.24686
2025-06-08T14:00:00.000000000,102.49,147.04849
2025-06-08T15:00:00.000000000,123.93,149.10797
2025-06-08T16:00:00.000000000,159.8,142.6397
2025-06-08T17:00:00.000000000,193.38,147.28941
2025-06-08T18:00:00.000000000,207.15,153.67576
2025-06-08T19:00:00.000000000,225.98,153.46148
2025-06-08T20:00:00.000000000,224.55,149.00181
2025-06-08T21:00:00.000000000,200.94,145.53232
2025-06-08T22:00:00.000000000,177.76,148.16481
2025-06-08T23:00:00.000000000,132.04,153.20432
2025-06-09T00:00:00.000000000,124.43,155.19924
2025-06-09T01:00:00.000000000,127.55,156.74089
2025-06-09T02:00:00.000000000,135.91,155.19254
2025-06-09T03:00:00.000000000,131.7,169.07822
2025-06-09T04:00:00.000000000,150.0,155.51726
2025-06-09T05:00:00.000000000,170.09,159.55798
2025-06-09T06:00:00.000000000,217.88,156.76471
2025-06-09T07:00:00.000000000,234.13,157.77012
2025-06-09T08:00:00.000000000,223.47,159.00103
2025-06-09T09:00:00.000000000,211.78,151.88868
2025-06-09T10:00:00.000000000,213.99,164.17639
2025-06-09T11:00:00.000000000,202.07,155.03546
2025-06-09T12:00:00.000000000,193.49,141.41354
2025-06-09T13:00:00.000000000,180.43,136.79053
2025-06-09T14:00:00.000000000,168.36,147.40958
2025-06-09T15:00:00.000000000,160.71,148.61171
2025-06-09T16:00:00.000000000,157.52,141.8205
2025-06-09T17:00:00.000000000,191.63,147.02364
2025-06-09T18:00:00.000000000,206.04,153.19768
2025-06-09T19:00:00.000000000,217.17,153.25808
2025-06-09T20:00:00.000000000,209.59,148.32749
2025-06-09T21:00:00.000000000,168.79,144.45156
2025-06-09T22:00:00.000000000,115.85,148.56038
2025-06-09T23:00:00.000000000,105.24,153.37774
2025-06-10T00:00:00.000000000,100.34,155.59466
2025-06-10T01:00:00.000000000,97.13,156.69656
2025-06-10T02:00:00.000000000,98.4,155.12496
2025-06-10T03:00:00.000000000,99.52,168.264
2025-06-10T04:00:00.000000000,96.54,156.23043
2025-06-10T05:00:00.000000000,106.5,159.83878
2025-06-10T06:00:00.000000000,118.32,156.6348
2025-06-10T07:00:00.000000000,88.94,157.48149
2025-06-10T08:00:00.000000000,76.74,159.11759
2025-06-10T09:00:00.000000000,75.42,152.48098
2025-06-10T10:00:00.000000000,85.07,164.65259
2025-06-10T11:00:00.000000000,87.81,155.47385
2025-06-10T12:00:00.000000000,105.5,147.04237
2025-06-10T13:00:00.000000000,104.82,136.86792
2025-06-10T14:00:00.000000000,118.81,146.87756
2025-06-10T15:00:00.000000000,163.24,153.91318
2025-06-10T16:00:00.000000000,213.05,148.30077
2025-06-10T17:00:00.000000000,266.81,150.58791
2025-06-10T18:00:00.000000000,300.57,157.85425
2025-06-10T19:00:00.000000000,332.58,155.59717
2025-06-10T20:00:00.000000000,342.99,154.77755
2025-06-10T21:00:00.000000000,343.69,152.42421
2025-06-10T22:00:00.000000000,325.13,147.54766
2025-06-10T23:00:00.000000000,313.63,154.92128
2025-06-11T00:00:00.000000000,301.73,155.67586
2025-06-11T01:00:00.000000000,299.68,158.12826
2025-06-11T02:00:00.000000000,295.12,156.91015
2025-06-11T03:00:00.000000000,308.51,173.37053
2025-06-11T04:00:00.000000000,304.24,155.40829
2025-06-11T05:00:00.000000000,298.07,159.24147
2025-06-11T06:00:00.000000000,276.15,158.18135
2025-06-11T07:00:00.000000000,248.05,161.58286
2025-06-11T08:00:00.000000000,229.5,157.79898
2025-06-11T09:00:00.000000000,199.19,152.00202
2025-06-11T10:00:00.000000000,172.07,165.1563
2025-06-11T11:00:00.000000000,149.3,156.26505
2025-06-11T12:00:00.000000000,126.41,145.39024
2025-06-11T13:00:00.000000000,116.67,136.3336
2025-06-11T14:00:00.000000000,115.04,146.78062
2025-06-11T15:00:00.000000000,119.48,151.94473
2025-06-11T16:00:00.000000000,145.79,146.18961
2025-06-11T17:00:00.000000000,206.04,149.14327
2025-06-11T18:00:00.000000000,250.53,156.39865
2025-06-11T19:00:00.000000000,267.29,154.73381
2025-06-11T20:00:00.000000000,266.64,152.87302
2025-06-11T21:00:00.000000000,242.23,149.87115
2025-06-11T22:00:00.000000000,186.2,147.41647
2025-06-11T23:00:00.000000000,153.68,154.35344
2025-06-12T00:00:00.000000000,139.02,155.1216
2025-06-12T01:00:00.000000000,123.09,157.52171
2025-06-12T02:00:00.000000000,114.57,156.08289
2025-06-12T03:00:00.000000000,117.28,171.73728
2025-06-12T04:00:00.000000000,112.75,154.93908
2025-06-12T05:00:00.000000000,122.73,158.97605
2025-06-12T06:00:00.000000000,118.73,157.92477
2025-06-12T07:00:00.000000000,112.93,160.27199
2025-06-12T08:00:00.000000000,112.47,157.83721
2025-06-12T09:00:00.000000000,108.81,151.72842
2025-06-12T10:00:00.000000000,108.01,164.64602
2025-06-12T11:00:00.000000000,113.64,155.82649
2025-06-12T12:00:00.000000000,114.6,150.42434
2025-06-12T13:00:00.000000000,104.67,138.15753
2025-06-12T14:00:00.000000000,98.27,148.00779
2025-06-12T15:00:00.000000000,102.57,156.31838
2025-06-12T16:00:00.000000000,132.87,151.07811
2025-06-12T17:00:00.000000000,195.01,152.58005
2025-06-12T18:00:00.000000000,238.62,160.7312
2025-06-12T19:00:00.000000000,256.08,157.48517
2025-06-12T20:00:00.000000000,255.05,157.485
2025-06-12T21:00:00.000000000,243.51,154.92146
2025-06-12T22:00:00.000000000,236.65,147.70142
2025-06-12T23:00:00.000000000,233.86,155.56046
2025-06-13T00:00:00.000000000,226.23,157.06693
2025-06-13T01:00:00.000000000,226.31,158.77218
2025-06-13T02:00:00.000000000,234.54,158.97503
2025-06-13T03:00:00.000000000,225.12,174.43237
2025-06-13T04:00:00.000000000,226.53,156.25539
2025-06-13T05:00:00.000000000,232.88,160.14586
2025-06-13T06:00:00.000000000,222.12,158.57402
2025-06-13T07:00:00.000000000,201.48,163.97088
2025-06-13T08:00:00.000000000,163.28,159.22485
2025-06-13T09:00:00.000000000,132.42,152.6232
2025-06-13T10:00:00.000000000,115.03,165.89981
2025-06-13T11:00:00.000000000,114.2,157.22089
2025-06-07T12:00:00.000000000,180.68,146.09987
2025-06-07T13:00:00.000000000,181.89,135.72699
2025-06-07T14:00:00.000000000,170.3,147.91571
2025-06-07T15:00:00.000000000,168.23,150.42794
2025-06-07T16:00:00.000000000,180.63,145.87637
2025-06-07T17:00:00.000000000,190.1,147.96155
2025-06-07T18:00:00.000000000,204.61,156.89907
2025-06-07T19:00:00.000000000,214.92,154.67112
2025-06-07T20:00:00.000000000,222.49,152.11683
2025-06-07T21:00:00.000000000,213.67,148.69693
2025-06-07T22:00:00.000000000,174.19,146.80968
2025-06-07T23:00:00.000000000,132.05,153.66097
2025-06-08T00:00:00.000000000,113.62,155.5259
2025-06-08T01:00:00.000000000,115.17,156.37312
2025-06-08T02:00:00.000000000,107.27,156.38572
2025-06-08T03:00:00.000000000,106.57,169.65132
2025-06-08T04:00:00.000000000,100.95,153.88749
2025-06-08T05:00:00.000000000,108.52,158.61687
2025-06-08T06:00:00.000000000,96.52,157.99131
2025-06-08T07:00:00.000000000,92.22,161.09544
2025-06-08T08:00:00.000000000,85.27,159.42174
2025-06-08T09:00:00.000000000,96.1,151.01672
2025-06-08T10:00:00.000000000,101.54,164.22542
2025-06-08T11:00:00.000000000,90.09,156.04358
2025-06-08T12:00:00.000000000,99.79,141.85331
2025-06-08T13:00:00.000000000,101.3,136.24763
2025-06-08T14:00:00.000000000,102.49,147.05257
2025-06-08T15:00:00.000000000,123.93,149.09383
2025-06-08T16:00:00.000000000,159.8,142.62218
2025-06-08T17:00:00.000000000,193.38,147.28337
2025-06-08T18:00:00.000000000,207.15,153.66201
2025-06-08T19:00:00.000000000,225.98,153.45614
2025-06-08T20:00:00.000000000,224.55,148.98554
2025-06-08T21:00:00.000000000,200.94,145.50821
2025-06-08T22:00:00.000000000,177.76,148.17238
2025-06-08T23:00:00.000000000,132.04,153.19733
2025-06-09T00:00:00.000000000,124.43,155.20097
2025-06-09T01:00:00.000000000,127.55,156.73493
2025-06-09T02:00:00.000000000,135.91,155.18631
2025-06-09T03:00:00.000000000,131.7,169.06485
2025-06-09T04:00:00.000000000,150.0,155.52374
2025-06-09T05:00:00.000000000,170.09,159.56011
2025-06-09T06:00:00.000000000,217.88,156.75852
2025-06-09T07:00:00.000000000,234.13,157.75899
2025-06-09T08:00:00.000000000,223.47,158.99886
2025-06-09T09:00:00.000000000,211.78,151.89034
2025-06-09T10:00:00.000000000,213.99,164.18085
2025-06-09T11:00:00.000000000,202.07,155.03549
2025-06-09T12:00:00.000000000,193.49,141.41357
2025-06-09T13:00:00.000000000,180.43,136.79032
2025-06-09T14:00:00.000000000,168.36,147.40949
2025-06-09T15:00:00.000000000,160.71,148.61174
2025-06-09T16:00:00.000000000,157.52,141.82061
2025-06-09T17:00:00.000000000,191.63,147.02364
2025-06-09T18:00:00.000000000,206.04,153.19771
2025-06-09T19:00:00.000000000,217.17,153.2581
2025-06-09T20:00:00.000000000,209.59,148.32756
2025-06-09T21:00:00.000000000,168.79,144.45178
2025-06-09T22:00:00.000000000,115.85,148.56031
2025-06-09T23:00:00.000000000,105.24,153.37767
2025-06-10T00:00:00.000000000,100.34,155.59455
2025-06-10T01:00:00.000000000,97.13,156.69654
2025-06-10T02:00:00.000000000,98.4,155.12493
2025-06-10T03:00:00.000000000,99.52,168.26415
2025-06-10T04:00:00.000000000,96.54,156.23021
2025-06-10T05:00:00.000000000,106.5,159.83865
2025-06-10T06:00:00.000000000,118.32,156.63478
2025-06-10T07:00:00.000000000,88.94,157.48151
2025-06-10T08:00:00.000000000,76.74,159.11754
2025-06-10T09:00:00.000000000,75.42,152.48079
2025-06-10T10:00:00.000000000,85.07,164.65245
2025-06-10T11:00:00.000000000,87.81,155.4737
2025-06-10T12:00:00.000000000,105.5,147.04237
2025-06-10T13:00:00.000000000,104.82,136.86793
2025-06-10T14:00:00.000000000,118.81,146.87756
2025-06-10T15:00:00.000000000,163.24,153.91318
2025-06-10T16:00:00.000000000,213.05,148.30077
2025-06-10T17:00:00.000000000,266.81,150.58792
2025-06-10T18:00:00.000000000,300.57,157.85425
2025-06-10T19:00:00.000000000,332.58,155.59717
2025-06-10T20:00:00.000000000,342.99,154.77755
2025-06-10T21:00:00.000000000,343.69,152.42421
2025-06-10T22:00:00.000000000,325.13,147.54766
2025-06-10T23:00:00.000000000,313.63,154.92128
2025-06-11T00:00:00.000000000,301.73,155.67586
2025-06-11T01:00:00.000000000,299.68,158.12826
2025-06-11T02:00:00.000000000,295.12,156.91015
2025-06-11T03:00:00.000000000,308.51,173.37054
2025-06-11T04:00:00.000000000,304.24,155.40829
2025-06-11T05:00:00.000000000,298.07,159.24148
2025-06-11T06:00:00.000000000,276.15,158.18135
2025-06-11T07:00:00.000000000,248.05,161.58286
2025-06-11T08:00:00.000000000,229.5,157.79897
2025-06-11T09:00:00.000000000,199.19,152.00203
2025-06-11T10:00:00.000000000,172.07,165.1563
2025-06-11T11:00:00.000000000,149.3,156.26505
2025-06-11T12:00:00.000000000,126.41,145.39024
2025-06-11T13:00:00.000000000,116.67,136.3336
2025-06-11T14:00:00.000000000,115.04,146.78062
2025-06-11T15:00:00.000000000,119.48,151.94473
2025-06-11T16:00:00.000000000,145.79,146.18961
2025-06-11T17:00:00.000000000,206.04,149.14327
2025-06-11T18:00:00.000000000,250.53,156.39865
2025-06-11T19:00:00.000000000,267.29,154.73381
2025-06-11T20:00:00.000000000,266.64,152.87302
2025-06-11T21:00:00.000000000,242.23,149.87115
2025-06-11T22:00:00.000000000,186.2,147.41647
2025-06-11T23:00:00.000000000,153.68,154.35344
2025-06-12T00:00:00.000000000,139.02,155.1216
2025-06-12T01:00:00.000000000,123.09,157.52171
2025-06-12T02:00:00.000000000,114.57,156.08289
2025-06-12T03:00:00.000000000,117.28,171.73728
2025-06-12T04:00:00.000000000,112.75,154.93908
2025-06-12T05:00:00.000000000,122.73,158.97605
2025-06-12T06:00:00.000000000,118.73,157.92477
2025-06-12T07:00:00.000000000,112.93,160.27199
2025-06-12T08:00:00.000000000,112.47,157.83721
2025-06-12T09:00:00.000000000,108.81,151.72842
2025-06-12T10:00:00.000000000,108.01,164.64602
2025-06-12T11:00:00.000000000,113.64,155.82649
2025-06-12T12:00:00.000000000,114.6,150.42434
2025-06-12T13:00:00.000000000,104.67,138.15753
2025-06-12T14:00:00.000000000,98.27,148.00779
2025-06-12T15:00:00.000000000,102.57,156.31838
2025-06-12T16:00:00.000000000,132.87,151.07811
2025-06-12T17:00:00.000000000,195.01,152.58005
2025-06-12T18:00:00.000000000,238.62,160.7312
2025-06-12T19:00:00.000000000,256.08,157.48517
2025-06-12T20:00:00.000000000,255.05,157.485
2025-06-12T21:00:00.000000000,243.51,154.92146
2025-06-12T22:00:00.000000000,236.65,147.70142
2025-06-12T23:00:00.000000000,233.86,155.56046
2025-06-13T00:00:00.000000000,226.23,157.06693
2025-06-13T01:00:00.000000000,226.31,158.77218
2025-06-13T02:00:00.000000000,234.54,158.97503
2025-06-13T03:00:00.000000000,225.12,174.43237
2025-06-13T04:00:00.000000000,226.53,156.25539
2025-06-13T05:00:00.000000000,232.88,160.14586
2025-06-13T06:00:00.000000000,222.12,158.57402
2025-06-13T07:00:00.000000000,201.48,163.97088
2025-06-13T08:00:00.000000000,163.28,159.22485
2025-06-13T09:00:00.000000000,132.42,152.6232
2025-06-13T10:00:00.000000000,115.03,165.89981
2025-06-13T11:00:00.000000000,114.2,157.22089
2025-06-13T12:00:00.000000000,122.99,146.10629
2025-06-13T13:00:00.000000000,143.81,136.2438
2025-06-13T14:00:00.000000000,153.76,147.45721
2025-06-13T15:00:00.000000000,163.7,151.45211
2025-06-13T16:00:00.000000000,227.31,146.47589
2025-06-13T17:00:00.000000000,282.97,148.65943
2025-06-13T18:00:00.000000000,302.72,157.04353
2025-06-13T19:00:00.000000000,294.26,154.81111
2025-06-13T20:00:00.000000000,264.91,152.5379
2025-06-13T21:00:00.000000000,254.23,149.5606
2025-06-13T22:00:00.000000000,217.58,146.84684
2025-06-13T23:00:00.000000000,192.85,153.9818
2025-06-14T00:00:00.000000000,186.69,155.59223
2025-06-14T01:00:00.000000000,184.11,156.87013
2025-06-14T02:00:00.000000000,198.67,156.76525
2025-06-14T03:00:00.000000000,187.1,170.46337
2025-06-14T04:00:00.000000000,168.43,154.41252
2025-06-14T05:00:00.000000000,166.47,159.14887
2025-06-14T06:00:00.000000000,159.16,157.91572
2025-06-14T07:00:00.000000000,173.0,161.12868
2025-06-14T08:00:00.000000000,152.86,159.56182
2025-06-14T09:00:00.000000000,106.84,151.39372
2025-06-14T10:00:00.000000000,96.09,164.05508
2025-06-14T11:00:00.000000000,109.02,155.97725
2025-06-08T12:00:00.000000000,99.79,141.72413
2025-06-08T13:00:00.000000000,101.3,136.83731
2025-06-08T14:00:00.000000000,102.49,146.63693
2025-06-08T15:00:00.000000000,123.93,150.00254
2025-06-08T16:00:00.000000000,159.8,143.032
2025-06-08T17:00:00.000000000,193.38,147.92068
2025-06-08T18:00:00.000000000,207.15,153.66048
2025-06-08T19:00:00.000000000,225.98,153.55768
2025-06-08T20:00:00.000000000,224.55,149.24708
2025-06-08T21:00:00.000000000,200.94,146.16153
2025-06-08T22:00:00.000000000,177.76,148.30346
2025-06-08T23:00:00.000000000,132.04,153.56103
2025-06-09T00:00:00.000000000,124.43,155.33283
2025-06-09T01:00:00.000000000,127.55,157.25846
2025-06-09T02:00:00.000000000,135.91,155.50136
2025-06-09T03:00:00.000000000,131.7,169.75131
2025-06-09T04:00:00.000000000,150.0,156.18939
2025-06-09T05:00:00.000000000,170.09,160.11993
2025-06-09T06:00:00.000000000,217.88,156.64198
2025-06-09T07:00:00.000000000,234.13,157.68497
2025-06-09T08:00:00.000000000,223.47,159.08959
2025-06-09T09:00:00.000000000,211.78,152.39144
2025-06-09T10:00:00.000000000,213.99,164.14179
2025-06-09T11:00:00.000000000,202.07,155.03599
2025-06-09T12:00:00.000000000,193.49,141.41463
2025-06-09T13:00:00.000000000,180.43,136.78396
2025-06-09T14:00:00.000000000,168.36,147.40645
2025-06-09T15:00:00.000000000,160.71,148.61319
2025-06-09T16:00:00.000000000,157.52,141.82467
2025-06-09T17:00:00.000000000,191.63,147.02415
2025-06-09T18:00:00.000000000,206.04,153.19884
2025-06-09T19:00:00.000000000,217.17,153.25896
2025-06-09T20:00:00.000000000,209.59,148.32996
2025-06-09T21:00:00.000000000,168.79,144.45958
2025-06-09T22:00:00.000000000,115.85,148.55788
2025-06-09T23:00:00.000000000,105.24,153.37573
2025-06-10T00:00:00.000000000,100.34,155.59138
2025-06-10T01:00:00.000000000,97.13,156.69628
2025-06-10T02:00:00.000000000,98.4,155.12413
2025-06-10T03:00:00.000000000,99.52,168.26936
2025-06-10T04:00:00.000000000,96.54,156.22354
2025-06-10T05:00:00.000000000,106.5,159.83487
2025-06-10T06:00:00.000000000,118.32,156.63431
2025-06-10T07:00:00.000000000,88.94,157.48229
2025-06-10T08:00:00.000000000,76.74,159.11635
2025-06-10T09:00:00.000000000,75.42,152.47464
2025-06-10T10:00:00.000000000,85.07,164.64792
2025-06-10T11:00:00.000000000,87.81,155.46883
2025-06-10T12:00:00.000000000,105.5,147.04231
2025-06-10T13:00:00.000000000,104.82,136.86795
2025-06-10T14:00:00.000000000,118.81,146.87749
2025-06-10T15:00:00.000000000,163.24,153.91327
2025-06-10T16:00:00.000000000,213.05,148.30079
2025-06-10T17:00:00.000000000,266.81,150.58798
2025-06-10T18:00:00.000000000,300.57,157.85422
2025-06-10T19:00:00.000000000,332.58,155.59717
2025-06-10T20:00:00.000000000,342.99,154.77759
2025-06-10T21:00:00.000000000,343.69,152.4243
2025-06-10T22:00:00.000000000,325.13,147.54769
2025-06-10T23:00:00.000000000,313.63,154.92129
2025-06-11T00:00:00.000000000,301.73,155.67582
2025-06-11T01:00:00.000000000,299.68,158.12831
2025-06-11T02:00:00.000000000,295.12,156.91011
2025-06-11T03:00:00.000000000,308.51,173.37067
2025-06-11T04:00:00.000000000,304.24,155.40833
2025-06-11T05:00:00.000000000,298.07,159.24147
2025-06-11T06:00:00.000000000,276.15,158.18134
2025-06-11T07:00:00.000000000,248.05,161.5828
2025-06-11T08:00:00.000000000,229.5,157.79886
2025-06-11T09:00:00.000000000,199.19,152.00205
2025-06-11T10:00:00.000000000,172.07,165.15633
2025-06-11T11:00:00.000000000,149.3,156.26503
2025-06-11T12:00:00.000000000,126.41,145.39025
2025-06-11T13:00:00.000000000,116.67,136.3336
2025-06-11T14:00:00.000000000,115.04,146.78062
2025-06-11T15:00:00.000000000,119.48,151.94473
2025-06-11T16:00:00.000000000,145.79,146.18962
2025-06-11T17:00:00.000000000,206.04,149.14326
2025-06-11T18:00:00.000000000,250.53,156.39865
2025-06-11T19:00:00.000000000,267.29,154.73381
2025-06-11T20:00:00.000000000,266.64,152.87301
2025-06-11T21:00:00.000000000,242.23,149.87117
2025-06-11T22:00:00.000000000,186.2,147.41647
2025-06-11T23:00:00.000000000,153.68,154.35344
2025-06-12T00:00:00.000000000,139.02,155.1216
2025-06-12T01:00:00.000000000,123.09,157.52171
2025-06-12T02:00:00.000000000,114.57,156.08289
2025-06-12T03:00:00.000000000,117.28,171.73728
2025-06-12T04:00:00.000000000,112.75,154.93907
2025-06-12T05:00:00.000000000,122.73,158.97605
2025-06-12T06:00:00.000000000,118.73,157.92477
2025-06-12T07:00:00.000000000,112.93,160.27199
2025-06-12T08:00:00.000000000,112.47,157.83721
2025-06-12T09:00:00.000000000,108.81,151.72842
2025-06-12T10:00:00.000000000,108.01,164.64602
2025-06-12T11:00:00.000000000,113.64,155.82649
2025-06-12T12:00:00.000000000,114.6,150.42434
2025-06-12T13:00:00.000000000,104.67,138.15753
2025-06-12T14:00:00.000000000,98.27,148.00779
2025-06-12T15:00:00.000000000,102.57,156.31838
2025-06-12T16:00:00.000000000,132.87,151.07811
2025-06-12T17:00:00.000000000,195.01,152.58005
2025-06-12T18:00:00.000000000,238.62,160.7312
2025-06-12T19:00:00.000000000,256.08,157.48517
2025-06-12T20:00:00.000000000,255.05,157.485
2025-06-12T21:00:00.000000000,243.51,154.92146
2025-06-12T22:00:00.000000000,236.65,147.70142
2025-06-12T23:00:00.000000000,233.86,155.56046
2025-06-13T00:00:00.000000000,226.23,157.06693
2025-06-13T01:00:00.000000000,226.31,158.77218
2025-06-13T02:00:00.000000000,234.54,158.97503
2025-06-13T03:00:00.000000000,225.12,174.43237
2025-06-13T04:00:00.000000000,226.53,156.25539
2025-06-13T05:00:00.000000000,232.88,160.14586
2025-06-13T06:00:00.000000000,222.12,158.57402
2025-06-13T07:00:00.000000000,201.48,163.97088
2025-06-13T08:00:00.000000000,163.28,159.22485
2025-06-13T09:00:00.000000000,132.42,152.6232
2025-06-13T10:00:00.000000000,115.03,165.89981
2025-06-13T11:00:00.000000000,114.2,157.22089
2025-06-13T12:00:00.000000000,122.99,146.10629
2025-06-13T13:00:00.000000000,143.81,136.2438
2025-06-13T14:00:00.000000000,153.76,147.45721
2025-06-13T15:00:00.000000000,163.7,151.45211
2025-06-13T16:00:00.000000000,227.31,146.47589
2025-06-13T17:00:00.000000000,282.97,148.65943
2025-06-13T18:00:00.000000000,302.72,157.04353
2025-06-13T19:00:00.000000000,294.26,154.81111
2025-06-13T20:00:00.000000000,264.91,152.5379
2025-06-13T21:00:00.000000000,254.23,149.5606
2025-06-13T22:00:00.000000000,217.58,146.84684
2025-06-13T23:00:00.000000000,192.85,153.9818
2025-06-14T00:00:00.000000000,186.69,155.59223
2025-06-14T01:00:00.000000000,184.11,156.87013
2025-06-14T02:00:00.000000000,198.67,156.76525
2025-06-14T03:00:00.000000000,187.1,170.46337
2025-06-14T04:00:00.000000000,168.43,154.41252
2025-06-14T05:00:00.000000000,166.47,159.14887
2025-06-14T06:00:00.000000000,159.16,157.91572
2025-06-14T07:00:00.000000000,173.0,161.12868
2025-06-14T08:00:00.000000000,152.86,159.56182
2025-06-14T09:00:00.000000000,106.84,151.39372
2025-06-14T10:00:00.000000000,96.09,164.05508
2025-06-14T11:00:00.000000000,109.02,155.97725
2025-06-14T12:00:00.000000000,86.27,148.48889
2025-06-14T13:00:00.000000000,91.87,137.45389
2025-06-14T14:00:00.000000000,92.23,147.11823
2025-06-14T15:00:00.000000000,89.09,155.4818
2025-06-14T16:00:00.000000000,90.01,149.82983
2025-06-14T17:00:00.000000000,120.72,151.97749
2025-06-14T18:00:00.000000000,148.11,159.13893
2025-06-14T19:00:00.000000000,162.62,156.43646
2025-06-14T20:00:00.000000000,180.12,156.37927
2025-06-14T21:00:00.000000000,196.35,154.37171
2025-06-14T22:00:00.000000000,161.96,147.89492
2025-06-14T23:00:00.000000000,143.1,155.31191
2025-06-15T00:00:00.000000000,137.96,156.23595
2025-06-15T01:00:00.000000000,151.31,158.47691
2025-06-15T02:00:00.000000000,163.46,157.53246
2025-06-15T03:00:00.000000000,186.65,174.59931
2025-06-15T04:00:00.000000000,165.01,156.04276
2025-06-15T05:00:00.000000000,142.81,159.43509
2025-06-15T06:00:00.000000000,133.26,158.28172
2025-06-15T07:00:00.000000000,125.83,162.67472
2025-06-15T08:00:00.000000000,118.67,157.76535
2025-06-15T09:00:00.000000000,106.8,152.29598
2025-06-15T10:00:00.000000000,98.46,165.79925
2025-06-15T11:00:00.000000000,90.63,156.5189
2025-06-09T12:00:00.000000000,193.49,141.61044
2025-06-09T13:00:00.000000000,180.43,136.07779
2025-06-09T14:00:00.000000000,168.36,147.5848
2025-06-09T15:00:00.000000000,160.71,148.03994
2025-06-09T16:00:00.000000000,157.52,141.76223
2025-06-09T17:00:00.000000000,191.63,146.60689
2025-06-09T18:00:00.000000000,206.04,153.30921
2025-06-09T19:00:00.000000000,217.17,153.23875
2025-06-09T20:00:00.000000000,209.59,148.31256
2025-06-09T21:00:00.000000000,168.79,144.32456
2025-06-09T22:00:00.000000000,115.85,148.33228
2025-06-09T23:00:00.000000000,105.24,152.99142
2025-06-10T00:00:00.000000000,100.34,155.32924
2025-06-10T01:00:00.000000000,97.13,156.28924
2025-06-10T02:00:00.000000000,98.4,154.87284
2025-06-10T03:00:00.000000000,99.52,168.02694
2025-06-10T04:00:00.000000000,96.54,155.41892
2025-06-10T05:00:00.000000000,106.5,159.27472
2025-06-10T06:00:00.000000000,118.32,156.73521
2025-06-10T07:00:00.000000000,88.94,157.59742
2025-06-10T08:00:00.000000000,76.74,158.98696
2025-06-10T09:00:00.000000000,75.42,151.82754
2025-06-10T10:00:00.000000000,85.07,164.47656
2025-06-10T11:00:00.000000000,87.81,155.26343
2025-06-10T12:00:00.000000000,105.5,147.02698
2025-06-10T13:00:00.000000000,104.82,136.86474
2025-06-10T14:00:00.000000000,118.81,146.87166
2025-06-10T15:00:00.000000000,163.24,153.90263
2025-06-10T16:00:00.000000000,213.05,148.28552
2025-06-10T17:00:00.000000000,266.81,150.57832
2025-06-10T18:00:00.000000000,300.57,157.84245
2025-06-10T19:00:00.000000000,332.58,155.59044
2025-06-10T20:00:00.000000000,342.99,154.76468
2025-06-10T21:00:00.000000000,343.69,152.40957
2025-06-10T22:00:00.000000000,325.13,147.5461
2025-06-10T23:00:00.000000000,313.63,154.9201
2025-06-11T00:00:00.000000000,301.73,155.66865
2025-06-11T01:00:00.000000000,299.68,158.12878
2025-06-11T02:00:00.000000000,295.12,156.90329
2025-06-11T03:00:00.000000000,308.51,173.36557
2025-06-11T04:00:00.000000000,304.24,155.40513
2025-06-11T05:00:00.000000000,298.07,159.24048
2025-06-11T06:00:00.000000000,276.15,158.18078
2025-06-11T07:00:00.000000000,248.05,161.56915
2025-06-11T08:00:00.000000000,229.5,157.79785
2025-06-11T09:00:00.000000000,199.19,152.00157
2025-06-11T10:00:00.000000000,172.07,165.1504
2025-06-11T11:00:00.000000000,149.3,156.25881
2025-06-11T12:00:00.000000000,126.41,145.39052
2025-06-11T13:00:00.000000000,116.67,136.33366
2025-06-11T14:00:00.000000000,115.04,146.78059
2025-06-11T15:00:00.000000000,119.48,151.94506
2025-06-11T16:00:00.000000000,145.79,146.18996
2025-06-11T17:00:00.000000000,206.04,149.14347
2025-06-11T18:00:00.000000000,250.53,156.39891
2025-06-11T19:00:00.000000000,267.29,154.73396
2025-06-11T20:00:00.000000000,266.64,152.87336
2025-06-11T21:00:00.000000000,242.23,149.87164
2025-06-11T22:00:00.000000000,186.2,147.41645
2025-06-11T23:00:00.000000000,153.68,154.35358
2025-06-12T00:00:00.000000000,139.02,155.12164
2025-06-12T01:00:00.000000000,123.09,157.52187
2025-06-12T02:00:00.000000000,114.57,156.08302
2025-06-12T03:00:00.000000000,117.28,171.73763
2025-06-12T04:00:00.000000000,112.75,154.93909
2025-06-12T05:00:00.000000000,122.73,158.97607
2025-06-12T06:00:00.000000000,118.73,157.92486
2025-06-12T07:00:00.000000000,112.93,160.27217
2025-06-12T08:00:00.000000000,112.47,157.8372
2025-06-12T09:00:00.000000000,108.81,151.72845
2025-06-12T10:00:00.000000000,108.01,164.64607
2025-06-12T11:00:00.000000000,113.64,155.82651
2025-06-12T12:00:00.000000000,114.6,150.42434
2025-06-12T13:00:00.000000000,104.67,138.15753
2025-06-12T14:00:00.000000000,98.27,148.00779
2025-06-12T15:00:00.000000000,102.57,156.31838
2025-06-12T16:00:00.000000000,132.87,151.0781
2025-06-12T17:00:00.000000000,195.01,152.58005
2025-06-12T18:00:00.000000000,238.62,160.7312
2025-06-12T19:00:00.000000000,256.08,157.48517
2025-06-12T20:00:00.000000000,255.05,157.485
2025-06-12T21:00:00.000000000,243.51,154.92146
2025-06-12T22:00:00.000000000,236.65,147.70142
2025-06-12T23:00:00.000000000,233.86,155.56046
2025-06-13T00:00:00.000000000,226.23,157.06693
2025-06-13T01:00:00.000000000,226.31,158.77218
2025-06-13T02:00:00.000000000,234.54,158.97502
2025-06-13T03:00:00.000000000,225.12,174.43237
2025-06-13T04:00:00.000000000,226.53,156.25539
2025-06-13T05:00:00.000000000,232.88,160.14585
2025-06-13T06:00:00.000000000,222.12,158.57402
2025-06-13T07:00:00.000000000,201.48,163.97088
2025-06-13T08:00:00.000000000,163.28,159.22485
2025-06-13T09:00:00.000000000,132.42,152.6232
2025-06-13T10:00:00.000000000,115.03,165.8998
2025-06-13T11:00:00.000000000,114.2,157.22089
2025-06-13T12:00:00.000000000,122.99,146.10629
2025-06-13T13:00:00.000000000,143.81,136.2438
2025-06-13T14:00:00.000000000,153.76,147.45721
2025-06-13T15:00:00.000000000,163.7,151.45211
2025-06-13T16:00:00.000000000,227.31,146.47589
2025-06-13T17:00:00.000000000,282.97,148.65943
2025-06-13T18:00:00.000000000,302.72,157.04353
2025-06-13T19:00:00.000000000,294.26,154.81111
2025-06-13T20:00:00.000000000,264.91,152.5379
2025-06-13T21:00:00.000000000,254.23,149.5606
2025-06-13T22:00:00.000000000,217.58,146.84684
2025-06-13T23:00:00.000000000,192.85,153.9818
2025-06-14T00:00:00.000000000,186.69,155.59223
2025-06-14T01:00:00.000000000,184.11,156.87013
2025-06-14T02:00:00.000000000,198.67,156.76525
2025-06-14T03:00:00.000000000,187.1,170.46337
2025-06-14T04:00:00.000000000,168.43,154.41252
2025-06-14T05:00:00.000000000,166.47,159.14887
2025-06-14T06:00:00.000000000,159.16,157.91572
2025-06-14T07:00:00.000000000,173.0,161.12868
2025-06-14T08:00:00.000000000,152.86,159.56182
2025-06-14T09:00:00.000000000,106.84,151.39372
2025-06-14T10:00:00.000000000,96.09,164.05508
2025-06-14T11:00:00.000000000,109.02,155.97725
2025-06-14T12:00:00.000000000,86.27,148.48889
2025-06-14T13:00:00.000000000,91.87,137.45389
2025-06-14T14:00:00.000000000,92.23,147.11823
2025-06-14T15:00:00.000000000,89.09,155.4818
2025-06-14T16:00:00.000000000,90.01,149.82983
2025-06-14T17:00:00.000000000,120.72,151.97749
2025-06-14T18:00:00.000000000,148.11,159.13893
2025-06-14T19:00:00.000000000,162.62,156.43646
2025-06-14T20:00:00.000000000,180.12,156.37927
2025-06-14T21:00:00.000000000,196.35,154.37171
2025-06-14T22:00:00.000000000,161.96,147.89492
2025-06-14T23:00:00.000000000,143.1,155.31191
2025-06-15T00:00:00.000000000,137.96,156.23595
2025-06-15T01:00:00.000000000,151.31,158.47691
2025-06-15T02:00:00.000000000,163.46,157.53246
2025-06-15T03:00:00.000000000,186.65,174.59931
2025-06-15T04:00:00.000000000,165.01,156.04276
2025-06-15T05:00:00.000000000,142.81,159.43509
2025-06-15T06:00:00.000000000,133.26,158.28172
2025-06-15T07:00:00.000000000,125.83,162.67472
2025-06-15T08:00:00.000000000,118.67,157.76535
2025-06-15T09:00:00.000000000,106.8,152.29598
2025-06-15T10:00:00.000000000,98.46,165.79925
2025-06-15T11:00:00.000000000,90.63,156.5189
2025-06-15T12:00:00.000000000,89.53,141.43385
2025-06-15T13:00:00.000000000,94.24,137.30982
2025-06-15T14:00:00.000000000,101.31,146.9679
2025-06-15T15:00:00.000000000,96.2,149.60584
2025-06-15T16:00:00.000000000,130.56,142.39446
2025-06-15T17:00:00.000000000,192.71,147.69801
2025-06-15T18:00:00.000000000,233.68,153.34142
2025-06-15T19:00:00.000000000,243.25,153.40508
2025-06-15T20:00:00.000000000,238.67,148.7522
2025-06-15T21:00:00.000000000,227.19,145.26238
2025-06-15T22:00:00.000000000,193.63,148.5985
2025-06-15T23:00:00.000000000,151.85,153.71687
2025-06-16T00:00:00.000000000,133.37,155.66211
2025-06-16T01:00:00.000000000,152.03,157.21528
2025-06-16T02:00:00.000000000,136.51,155.46696
2025-06-16T03:00:00.000000000,166.67,169.06432
2025-06-16T04:00:00.000000000,169.48,156.76745
2025-06-16T05:00:00.000000000,192.59,160.35353
2025-06-16T06:00:00.000000000,202.14,156.58454
2025-06-16T07:00:00.000000000,197.5,157.50127
2025-06-16T08:00:00.000000000,183.63,159.19649
2025-06-16T09:00:00.000000000,168.85,152.89799
2025-06-16T10:00:00.000000000,155.43,164.56121
2025-06-16T11:00:00.000000000,137.3,155.44342
2025-06-10T12:00:00.000000000,105.5,146.03281
2025-06-10T13:00:00.000000000,104.82,137.08311
2025-06-10T14:00:00.000000000,118.81,146.12764
2025-06-10T15:00:00.000000000,163.24,153.88554
2025-06-10T16:00:00.000000000,213.05,147.64784
2025-06-10T17:00:00.000000000,266.81,150.35951
2025-06-10T18:00:00.000000000,300.57,157.16614
2025-06-10T19:00:00.000000000,332.58,155.25159
2025-06-10T20:00:00.000000000,342.99,154.09979
2025-06-10T21:00:00.000000000,343.69,151.9494
2025-06-10T22:00:00.000000000,325.13,147.38201
2025-06-10T23:00:00.000000000,313.63,155.15015
2025-06-11T00:00:00.000000000,301.73,155.27447
2025-06-11T01:00:00.000000000,299.68,158.56048
2025-06-11T02:00:00.000000000,295.12,156.85362
2025-06-11T03:00:00.000000000,308.51,173.47904
2025-06-11T04:00:00.000000000,304.24,155.55042
2025-06-11T05:00:00.000000000,298.07,159.71261
2025-06-11T06:00:00.000000000,276.15,158.12095
2025-06-11T07:00:00.000000000,248.05,160.69229
2025-06-11T08:00:00.000000000,229.5,158.11873
2025-06-11T09:00:00.000000000,199.19,152.27547
2025-06-11T10:00:00.000000000,172.07,164.47294
2025-06-11T11:00:00.000000000,149.3,155.80029
2025-06-11T12:00:00.000000000,126.41,145.41686
2025-06-11T13:00:00.000000000,116.67,136.34028
2025-06-11T14:00:00.000000000,115.04,146.77907
2025-06-11T15:00:00.000000000,119.48,151.98055
2025-06-11T16:00:00.000000000,145.79,146.22635
2025-06-11T17:00:00.000000000,206.04,149.168
2025-06-11T18:00:00.000000000,250.53,156.42362
2025-06-11T19:00:00.000000000,267.29,154.74851
2025-06-11T20:00:00.000000000,266.64,152.909
2025-06-11T21:00:00.000000000,242.23,149.92005
2025-06-11T22:00:00.000000000,186.2,147.41889
2025-06-11T23:00:00.000000000,153.68,154.36485
2025-06-12T00:00:00.000000000,139.02,155.12693
2025-06-12T01:00:00.000000000,123.09,157.53577
2025-06-12T02:00:00.000000000,114.57,156.09312
2025-06-12T03:00:00.000000000,117.28,171.77345
2025-06-12T04:00:00.000000000,112.75,154.94482
2025-06-12T05:00:00.000000000,122.73,158.9766
2025-06-12T06:00:00.000000000,118.73,157.93152
2025-06-12T07:00:00.000000000,112.93,160.29101
2025-06-12T08:00:00.000000000,112.47,157.82985
2025-06-12T09:00:00.000000000,108.81,151.73261
2025-06-12T10:00:00.000000000,108.01,164.65607
2025-06-12T11:00:00.000000000,113.64,155.83123
2025-06-12T12:00:00.000000000,114.6,150.42373
2025-06-12T13:00:00.000000000,104.67,138.15719
2025-06-12T14:00:00.000000000,98.27,148.00762
2025-06-12T15:00:00.000000000,102.57,156.31787
2025-06-12T16:00:00.000000000,132.87,151.07758
2025-06-12T17:00:00.000000000,195.01,152.57969
2025-06-12T18:00:00.000000000,238.62,160.73066
2025-06-12T19:00:00.000000000,256.08,157.48479
2025-06-12T20:00:00.000000000,255.05,157.48453
2025-06-12T21:00:00.000000000,243.51,154.92105
2025-06-12T22:00:00.000000000,236.65,147.70145
2025-06-12T23:00:00.000000000,233.86,155.5603
2025-06-13T00:00:00.000000000,226.23,157.06666
2025-06-13T01:00:00.000000000,226.31,158.77197
2025-06-13T02:00:00.000000000,234.54,158.97449
2025-06-13T03:00:00.000000000,225.12,174.4322
2025-06-13T04:00:00.000000000,226.53,156.25519
2025-06-13T05:00:00.000000000,232.88,160.14553
2025-06-13T06:00:00.000000000,222.12,158.57394
2025-06-13T07:00:00.000000000,201.48,163.97048
2025-06-13T08:00:00.000000000,163.28,159.22438
2025-06-13T09:00:00.000000000,132.42,152.62302
2025-06-13T10:00:00.000000000,115.03,165.89979
2025-06-13T11:00:00.000000000,114.2,157.22069
2025-06-13T12:00:00.000000000,122.99,146.10631
2025-06-13T13:00:00.000000000,143.81,136.24381
2025-06-13T14:00:00.000000000,153.76,147.45721
2025-06-13T15:00:00.000000000,163.7,151.45213
2025-06-13T16:00:00.000000000,227.31,146.47591
2025-06-13T17:00:00.000000000,282.97,148.65944
2025-06-13T18:00:00.000000000,302.72,157.04354
2025-06-13T19:00:00.000000000,294.26,154.81112
2025-06-13T20:00:00.000000000,264.91,152.53791
2025-06-13T21:00:00.000000000,254.23,149.56062
2025-06-13T22:00:00.000000000,217.58,146.84684
2025-06-13T23:00:00.000000000,192.85,153.9818
2025-06-14T00:00:00.000000000,186.69,155.59225
2025-06-14T01:00:00.000000000,184.11,156.87014
2025-06-14T02:00:00.000000000,198.67,156.76526
2025-06-14T03:00:00.000000000,187.1,170.46338
2025-06-14T04:00:00.000000000,168.43,154.41252
2025-06-14T05:00:00.000000000,166.47,159.14888
2025-06-14T06:00:00.000000000,159.16,157.91572
2025-06-14T07:00:00.000000000,173.0,161.12869
2025-06-14T08:00:00.000000000,152.86,159.56182
2025-06-14T09:00:00.000000000,106.84,151.39372
2025-06-14T10:00:00.000000000,96.09,164.05508
2025-06-14T11:00:00.000000000,109.02,155.97726
2025-06-14T12:00:00.000000000,86.27,148.48889
2025-06-14T13:00:00.000000000,91.87,137.45389
2025-06-14T14:00:00.000000000,92.23,147.11823
2025-06-14T15:00:00.000000000,89.09,155.4818
2025-06-14T16:00:00.000000000,90.01,149.82983
2025-06-14T17:00:00.000000000,120.72,151.97749
2025-06-14T18:00:00.000000000,148.11,159.13893
2025-06-14T19:00:00.000000000,162.62,156.43646
2025-06-14T20:00:00.000000000,180.12,156.37927
2025-06-14T21:00:00.000000000,196.35,154.37171
2025-06-14T22:00:00.000000000,161.96,147.89492
2025-06-14T23:00:00.000000000,143.1,155.31191
2025-06-15T00:00:00.000000000,137.96,156.23596
2025-06-15T01:00:00.000000000,151.31,158.47691
2025-06-15T02:00:00.000000000,163.46,157.53246
2025-06-15T03:00:00.000000000,186.65,174.59931
2025-06-15T04:00:00.000000000,165.01,156.04276
2025-06-15T05:00:00.000000000,142.81,159.43509
2025-06-15T06:00:00.000000000,133.26,158.28172
2025-06-15T07:00:00.000000000,125.83,162.67472
2025-06-15T08:00:00.000000000,118.67,157.76535
2025-06-15T09:00:00.000000000,106.8,152.29598
2025-06-15T10:00:00.000000000,98.46,165.79925
2025-06-15T11:00:00.000000000,90.63,156.5189
2025-06-15T12:00:00.000000000,89.53,141.43385
2025-06-15T13:00:00.000000000,94.24,137.30982
2025-06-15T14:00:00.000000000,101.31,146.9679
2025-06-15T15:00:00.000000000,96.2,149.60584
2025-06-15T16:00:00.000000000,130.56,142.39446
2025-06-15T17:00:00.000000000,192.71,147.69801
2025-06-15T18:00:00.000000000,233.68,153.34142
2025-06-15T19:00:00.000000000,243.25,153.40508
2025-06-15T20:00:00.000000000,238.67,148.7522
2025-06-15T21:00:00.000000000,227.19,145.26238
2025-06-15T22:00:00.000000000,193.63,148.5985
2025-06-15T23:00:00.000000000,151.85,153.71687
2025-06-16T00:00:00.000000000,133.37,155.66211
2025-06-16T01:00:00.000000000,152.03,157.21528
2025-06-16T02:00:00.000000000,136.51,155.46696
2025-06-16T03:00:00.000000000,166.67,169.06432
2025-06-16T04:00:00.000000000,169.48,156.76745
2025-06-16T05:00:00.000000000,192.59,160.35353
2025-06-16T06:00:00.000000000,202.14,156.58454
2025-06-16T07:00:00.000000000,197.5,157.50127
2025-06-16T08:00:00.000000000,183.63,159.19649
2025-06-16T09:00:00.000000000,168.85,152.89799
2025-06-16T10:00:00.000000000,155.43,164.56121
2025-06-16T11:00:00.000000000,137.3,155.44342
2025-06-16T12:00:00.000000000,117.04,142.37658
2025-06-16T13:00:00.000000000,104.63,137.50868
2025-06-16T14:00:00.000000000,99.83,146.47078
2025-06-16T15:00:00.000000000,106.42,151.34614
2025-06-16T16:00:00.000000000,144.92,144.08871
2025-06-16T17:00:00.000000000,195.91,149.47213
2025-06-16T18:00:00.000000000,225.86,154.04258
2025-06-16T19:00:00.000000000,228.78,153.87605
2025-06-16T20:00:00.000000000,223.26,150.33017
2025-06-16T21:00:00.000000000,198.33,147.23489
2025-06-16T22:00:00.000000000,163.45,148.38485
2025-06-16T23:00:00.000000000,143.19,153.68903
2025-06-17T00:00:00.000000000,136.37,155.48182
2025-06-17T01:00:00.000000000,148.58,157.28523
2025-06-17T02:00:00.000000000,160.17,155.8358
2025-06-17T03:00:00.000000000,174.96,170.45596
2025-06-17T04:00:00.000000000,179.46,157.2153
2025-06-17T05:00:00.000000000,165.24,160.19048
2025-06-17T06:00:00.000000000,151.24,156.49584
2025-06-17T07:00:00.000000000,130.51,158.13586
2025-06-17T08:00:00.000000000,118.72,157.48357
2025-06-17T09:00:00.000000000,100.7,152.62951
2025-06-17T10:00:00.000000000,89.58,164.7218
2025-06-17T11:00:00.000000000,83.18,155.81356
2025-06-11T12:00:00.000000000,126.41,146.13312
2025-06-11T13:00:00.000000000,116.67,136.48173
2025-06-11T14:00:00.000000000,115.04,146.83051
2025-06-11T15:00:00.000000000,119.48,152.86228
2025-06-11T16:00:00.000000000,145.79,147.19099
2025-06-11T17:00:00.000000000,206.04,149.84038
2025-06-11T18:00:00.000000000,250.53,157.06918
2025-06-11T19:00:00.000000000,267.29,155.13734
2025-06-11T20:00:00.000000000,266.64,153.87391
2025-06-11T21:00:00.000000000,242.23,151.16321
2025-06-11T22:00:00.000000000,186.2,147.5526
2025-06-11T23:00:00.000000000,153.68,154.5795
2025-06-12T00:00:00.000000000,139.02,155.29424
2025-06-12T01:00:00.000000000,123.09,157.81095
2025-06-12T02:00:00.000000000,114.57,156.29486
2025-06-12T03:00:00.000000000,117.28,172.6767
2025-06-12T04:00:00.000000000,112.75,155.1127
2025-06-12T05:00:00.000000000,122.73,158.902
2025-06-12T06:00:00.000000000,118.73,158.07328
2025-06-12T07:00:00.000000000,112.93,160.82556
2025-06-12T08:00:00.000000000,112.47,157.49206
2025-06-12T09:00:00.000000000,108.81,151.81222
2025-06-12T10:00:00.000000000,108.01,165.04704
2025-06-12T11:00:00.000000000,113.64,156.01027
2025-06-12T12:00:00.000000000,114.6,150.40464
2025-06-12T13:00:00.000000000,104.67,138.1467
2025-06-12T14:00:00.000000000,98.27,148.00335
2025-06-12T15:00:00.000000000,102.57,156.30015
2025-06-12T16:00:00.000000000,132.87,151.06005
2025-06-12T17:00:00.000000000,195.01,152.566
2025-06-12T18:00:00.000000000,238.62,160.71371
2025-06-12T19:00:00.000000000,256.08,157.47304
2025-06-12T20:00:00.000000000,255.05,157.46813
2025-06-12T21:00:00.000000000,243.51,154.90482
2025-06-12T22:00:00.000000000,236.65,147.70087
2025-06-12T23:00:00.000000000,233.86,155.55469
2025-06-13T00:00:00.000000000,226.23,157.05856
2025-06-13T01:00:00.000000000,226.31,158.76514
2025-06-13T02:00:00.000000000,234.54,158.95984
2025-06-13T03:00:00.000000000,225.12,174.42346
2025-06-13T04:00:00.000000000,226.53,156.24808
2025-06-13T05:00:00.000000000,232.88,160.13658
2025-06-13T06:00:00.000000000,222.12,158.57155
2025-06-13T07:00:00.000000000,201.48,163.95763
2025-06-13T08:00:00.000000000,163.28,159.21341
2025-06-13T09:00:00.000000000,132.42,152.61714
2025-06-13T10:00:00.000000000,115.03,165.89762
2025-06-13T11:00:00.000000000,114.2,157.21545
2025-06-13T12:00:00.000000000,122.99,146.1067
2025-06-13T13:00:00.000000000,143.81,136.24394
2025-06-13T14:00:00.000000000,153.76,147.45729
2025-06-13T15:00:00.000000000,163.7,151.45249
2025-06-13T16:00:00.000000000,227.31,146.47634
2025-06-13T17:00:00.000000000,282.97,148.65973
2025-06-13T18:00:00.000000000,302.72,157.04386
2025-06-13T19:00:00.000000000,294.26,154.81131
2025-06-13T20:00:00.000000000,264.91,152.53826
2025-06-13T21:00:00.000000000,254.23,149.56107
2025-06-13T22:00:00.000000000,217.58,146.84685
2025-06-13T23:00:00.000000000,192.85,153.98191
2025-06-14T00:00:00.000000000,186.69,155.59243
2025-06-14T01:00:00.000000000,184.11,156.87019
2025-06-14T02:00:00.000000000,198.67,156.7655
2025-06-14T03:00:00.000000000,187.1,170.46357
2025-06-14T04:00:00.000000000,168.43,154.41265
2025-06-14T05:00:00.000000000,166.47,159.14899
2025-06-14T06:00:00.000000000,159.16,157.91574
2025-06-14T07:00:00.000000000,173.0,161.12905
2025-06-14T08:00:00.000000000,152.86,159.56194
2025-06-14T09:00:00.000000000,106.84,151.39379
2025-06-14T10:00:00.000000000,96.09,164.05517
2025-06-14T11:00:00.000000000,109.02,155.9774
2025-06-14T12:00:00.000000000,86.27,148.48888
2025-06-14T13:00:00.000000000,91.87,137.45388
2025-06-14T14:00:00.000000000,92.23,147.11822
2025-06-14T15:00:00.000000000,89.09,155.48179
2025-06-14T16:00:00.000000000,90.01,149.82983
2025-06-14T17:00:00.000000000,120.72,151.97749
2025-06-14T18:00:00.000000000,148.11,159.13892
2025-06-14T19:00:00.000000000,162.62,156.43646
2025-06-14T20:00:00.000000000,180.12,156.37925
2025-06-14T21:00:00.000000000,196.35,154.3717
2025-06-14T22:00:00.000000000,161.96,147.89492
2025-06-14T23:00:00.000000000,143.1,155.31191
2025-06-15T00:00:00.000000000,137.96,156.23595
2025-06-15T01:00:00.000000000,151.31,158.4769
2025-06-15T02:00:00.000000000,163.46,157.53246
2025-06-15T03:00:00.000000000,186.65,174.5993
2025-06-15T04:00:00.000000000,165.01,156.04276
2025-06-15T05:00:00.000000000,142.81,159.43508
2025-06-15T06:00:00.000000000,133.26,158.28172
2025-06-15T07:00:00.000000000,125.83,162.67471
2025-06-15T08:00:00.000000000,118.67,157.76534
2025-06-15T09:00:00.000000000,106.8,152.29598
2025-06-15T10:00:00.000000000,98.46,165.79925
2025-06-15T11:00:00.000000000,90.63,156.51889
2025-06-15T12:00:00.000000000,89.53,141.43385
2025-06-15T13:00:00.000000000,94.24,137.30982
2025-06-15T14:00:00.000000000,101.31,146.9679
2025-06-15T15:00:00.000000000,96.2,149.60584
2025-06-15T16:00:00.000000000,130.56,142.39446
2025-06-15T17:00:00.000000000,192.71,147.69801
2025-06-15T18:00:00.000000000,233.68,153.34142
2025-06-15T19:00:00.000000000,243.25,153.40508
2025-06-15T20:00:00.000000000,238.67,148.7522
2025-06-15T21:00:00.000000000,227.19,145.26238
2025-06-15T22:00:00.000000000,193.63,148.5985
2025-06-15T23:00:00.000000000,151.85,153.71687
2025-06-16T00:00:00.000000000,133.37,155.66211
2025-06-16T01:00:00.000000000,152.03,157.21528
2025-06-16T02:00:00.000000000,136.51,155.46696
2025-06-16T03:00:00.000000000,166.67,169.06432
2025-06-16T04:00:00.000000000,169.48,156.76745
2025-06-16T05:00:00.000000000,192.59,160.35353
2025-06-16T06:00:00.000000000,202.14,156.58454
2025-06-16T07:00:00.000000000,197.5,157.50127
2025-06-16T08:00:00.000000000,183.63,159.19649
2025-06-16T09:00:00.000000000,168.85,152.89799
2025-06-16T10:00:00.000000000,155.43,164.56121
2025-06-16T11:00:00.000000000,137.3,155.44342
2025-06-16T12:00:00.000000000,117.04,142.37658
2025-06-16T13:00:00.000000000,104.63,137.50868
2025-06-16T14:00:00.000000000,99.83,146.47078
2025-06-16T15:00:00.000000000,106.42,151.34614
2025-06-16T16:00:00.000000000,144.92,144.08871
2025-06-16T17:00:00.000000000,195.91,149.47213
2025-06-16T18:00:00.000000000,225.86,154.04258
2025-06-16T19:00:00.000000000,228.78,153.87605
2025-06-16T20:00:00.000000000,223.26,150.33017
2025-06-16T21:00:00.000000000,198.33,147.23489
2025-06-16T22:00:00.000000000,163.45,148.38485
2025-06-16T23:00:00.000000000,143.19,153.68903
2025-06-17T00:00:00.000000000,136.37,155.48182
2025-06-17T01:00:00.000000000,148.58,157.28523
2025-06-17T02:00:00.000000000,160.17,155.8358
2025-06-17T03:00:00.000000000,174.96,170.45596
2025-06-17T04:00:00.000000000,179.46,157.2153
2025-06-17T05:00:00.000000000,165.24,160.19048
2025-06-17T06:00:00.000000000,151.24,156.49584
2025-06-17T07:00:00.000000000,130.51,158.13586
2025-06-17T08:00:00.000000000,118.72,157.48357
2025-06-17T09:00:00.000000000,100.7,152.62951
2025-06-17T10:00:00.000000000,89.58,164.7218
2025-06-17T11:00:00.000000000,83.18,155.81356
2025-06-17T12:00:00.000000000,80.57,149.36167
2025-06-17T13:00:00.000000000,86.97,139.57707
2025-06-17T14:00:00.000000000,92.74,145.27515
2025-06-17T15:00:00.000000000,113.19,159.7512
2025-06-17T16:00:00.000000000,181.61,153.37845
2025-06-17T17:00:00.000000000,234.17,156.05199
2025-06-17T18:00:00.000000000,285.14,160.08483
2025-06-17T19:00:00.000000000,294.78,157.40677
2025-06-17T20:00:00.000000000,286.6,159.90008
2025-06-17T21:00:00.000000000,278.28,159.23618
2025-06-17T22:00:00.000000000,261.52,149.8867
2025-06-17T23:00:00.000000000,238.73,157.16863
2025-06-18T00:00:00.000000000,213.24,156.63595
2025-06-18T01:00:00.000000000,220.64,160.98173
2025-06-18T02:00:00.000000000,218.04,156.70954
2025-06-18T03:00:00.000000000,222.04,180.0215
2025-06-18T04:00:00.000000000,226.52,159.17719
2025-06-18T05:00:00.000000000,216.95,161.01693
2025-06-18T06:00:00.000000000,222.73,158.67814
2025-06-18T07:00:00.000000000,215.21,163.58521
2025-06-18T08:00:00.000000000,188.16,155.03784
2025-06-18T09:00:00.000000000,165.21,154.97071
2025-06-18T10:00:00.000000000,142.92,168.7074
2025-06-18T11:00:00.000000000,132.36,156.41195
2025-06-12T12:00:00.000000000,114.6,151.16448
2025-06-12T13:00:00.000000000,104.67,138.77838
2025-06-12T14:00:00.000000000,98.27,147.80072
2025-06-12T15:00:00.000000000,102.57,157.79074
2025-06-12T16:00:00.000000000,132.87,152.18049
2025-06-12T17:00:00.000000000,195.01,153.82397
2025-06-12T18:00:00.000000000,238.62,161.49706
2025-06-12T19:00:00.000000000,256.08,158.05397
2025-06-12T20:00:00.000000000,255.05,158.66247
2025-06-12T21:00:00.000000000,243.51,156.61217
2025-06-12T22:00:00.000000000,236.65,148.04084
2025-06-12T23:00:00.000000000,233.86,156.03134
2025-06-13T00:00:00.000000000,226.23,157.34389
2025-06-13T01:00:00.000000000,226.31,159.29455
2025-06-13T02:00:00.000000000,234.54,159.40122
2025-06-13T03:00:00.000000000,225.12,175.77007
2025-06-13T04:00:00.000000000,226.53,156.95522
2025-06-13T05:00:00.000000000,232.88,160.46771
2025-06-13T06:00:00.000000000,222.12,158.61483
2025-06-13T07:00:00.000000000,201.48,164.48588
2025-06-13T08:00:00.000000000,163.28,159.11338
2025-06-13T09:00:00.000000000,132.42,153.01541
2025-06-13T10:00:00.000000000,115.03,166.24081
2025-06-13T11:00:00.000000000,114.2,157.21547
2025-06-13T12:00:00.000000000,122.99,146.101
2025-06-13T13:00:00.000000000,143.81,136.24035
2025-06-13T14:00:00.000000000,153.76,147.4526
2025-06-13T15:00:00.000000000,163.7,151.44946
2025-06-13T16:00:00.000000000,227.31,146.46954
2025-06-13T17:00:00.000000000,282.97,148.65694
2025-06-13T18:00:00.000000000,302.72,157.03881
2025-06-13T19:00:00.000000000,294.26,154.81071
2025-06-13T20:00:00.000000000,264.91,152.5374
2025-06-13T21:00:00.000000000,254.23,149.55922
2025-06-13T22:00:00.000000000,217.58,146.8488
2025-06-13T23:00:00.000000000,192.85,153.98484
2025-06-14T00:00:00.000000000,186.69,155.58724
2025-06-14T01:00:00.000000000,184.11,156.87387
2025-06-14T02:00:00.000000000,198.67,156.75782
2025-06-14T03:00:00.000000000,187.1,170.46941
2025-06-14T04:00:00.000000000,168.43,154.41127
2025-06-14T05:00:00.000000000,166.47,159.14446
2025-06-14T06:00:00.000000000,159.16,157.91768
2025-06-14T07:00:00.000000000,173.0,161.12081
2025-06-14T08:00:00.000000000,152.86,159.55135
2025-06-14T09:00:00.000000000,106.84,151.3936
2025-06-14T10:00:00.000000000,96.09,164.05887
2025-06-14T11:00:00.000000000,109.02,155.9748
2025-06-14T12:00:00.000000000,86.27,148.48909
2025-06-14T13:00:00.000000000,91.87,137.45397
2025-06-14T14:00:00.000000000,92.23,147.11825
2025-06-14T15:00:00.000000000,89.09,155.48203
2025-06-14T16:00:00.000000000,90.01,149.83005
2025-06-14T17:00:00.000000000,120.72,151.97771
2025-06-14T18:00:00.000000000,148.11,159.13913
2025-06-14T19:00:00.000000000,162.62,156.4366
2025-06-14T20:00:00.000000000,180.12,156.37952
2025-06-14T21:00:00.000000000,196.35,154.37202
2025-06-14T22:00:00.000000000,161.96,147.89499
2025-06-14T23:00:00.000000000,143.1,155.31197
2025-06-15T00:00:00.000000000,137.96,156.23602
2025-06-15T01:00:00.000000000,151.31,158.47696
2025-06-15T02:00:00.000000000,163.46,157.53252
2025-06-15T03:00:00.000000000,186.65,174.59952
2025-06-15T04:00:00.000000000,165.01,156.04287
2025-06-15T05:00:00.000000000,142.81,159.43509
2025-06-15T06:00:00.000000000,133.26,158.28174
2025-06-15T07:00:00.000000000,125.83,162.67486
2025-06-15T08:00:00.000000000,118.67,157.76531
2025-06-15T09:00:00.000000000,106.8,152.29602
2025-06-15T10:00:00.000000000,98.46,165.79937
2025-06-15T11:00:00.000000000,90.63,156.5189
2025-06-15T12:00:00.000000000,89.53,141.43385
2025-06-15T13:00:00.000000000,94.24,137.30982
2025-06-15T14:00:00.000000000,101.31,146.9679
2025-06-15T15:00:00.000000000,96.2,149.60584
2025-06-15T16:00:00.000000000,130.56,142.39446
2025-06-15T17:00:00.000000000,192.71,147.69802
2025-06-15T18:00:00.000000000,233.68,153.34142
2025-06-15T19:00:00.000000000,243.25,153.40508
2025-06-15T20:00:00.000000000,238.67,148.75221
2025-06-15T21:00:00.000000000,227.19,145.26238
2025-06-15T22:00:00.000000000,193.63,148.5985
2025-06-15T23:00:00.000000000,151.85,153.71686
2025-06-16T00:00:00.000000000,133.37,155.66211
2025-06-16T01:00:00.000000000,152.03,157.21528
2025-06-16T02:00:00.000000000,136.51,155.46696
2025-06-16T03:00:00.000000000,166.67,169.06432
2025-06-16T04:00:00.000000000,169.48,156.76745
2025-06-16T05:00:00.000000000,192.59,160.35353
2025-06-16T06:00:00.000000000,202.14,156.58456
2025-06-16T07:00:00.000000000,197.5,157.50127
2025-06-16T08:00:00.000000000,183.63,159.19649
2025-06-16T09:00:00.000000000,168.85,152.89799
2025-06-16T10:00:00.000000000,155.43,164.56121
2025-06-16T11:00:00.000000000,137.3,155.44342
2025-06-16T12:00:00.000000000,117.04,142.37658
2025-06-16T13:00:00.000000000,104.63,137.50868
2025-06-16T14:00:00.000000000,99.83,146.47078
2025-06-16T15:00:00.000000000,106.42,151.34614
2025-06-16T16:00:00.000000000,144.92,144.08871
2025-06-16T17:00:00.000000000,195.91,149.47213
2025-06-16T18:00:00.000000000,225.86,154.04258
2025-06-16T19:00:00.000000000,228.78,153.87605
2025-06-16T20:00:00.000000000,223.26,150.33017
2025-06-16T21:00:00.000000000,198.33,147.23489
2025-06-16T22:00:00.000000000,163.45,148.38485
2025-06-16T23:00:00.000000000,143.19,153.68903
2025-06-17T00:00:00.000000000,136.37,155.48182
2025-06-17T01:00:00.000000000,148.58,157.28523
2025-06-17T02:00:00.000000000,160.17,155.8358
2025-06-17T03:00:00.000000000,174.96,170.45596
2025-06-17T04:00:00.000000000,179.46,157.2153
2025-06-17T05:00:00.000000000,165.24,160.19048
2025-06-17T06:00:00.000000000,151.24,156.49584
2025-06-17T07:00:00.000000000,130.51,158.13586
2025-06-17T08:00:00.000000000,118.72,157.48357
2025-06-17T09:00:00.000000000,100.7,152.62951
2025-06-17T10:00:00.000000000,89.58,164.7218
2025-06-17T11:00:00.000000000,83.18,155.81356
2025-06-17T12:00:00.000000000,80.57,149.36167
2025-06-17T13:00:00.000000000,86.97,139.57707
2025-06-17T14:00:00.000000000,92.74,145.27515
2025-06-17T15:00:00.000000000,113.19,159.7512
2025-06-17T16:00:00.000000000,181.61,153.37845
2025-06-17T17:00:00.000000000,234.17,156.05199
2025-06-17T18:00:00.000000000,285.14,160.08483
2025-06-17T19:00:00.000000000,294.78,157.40677
2025-06-17T20:00:00.000000000,286.6,159.90008
2025-06-17T21:00:00.000000000,278.28,159.23618
2025-06-17T22:00:00.000000000,261.52,149.8867
2025-06-17T23:00:00.000000000,238.73,157.16863
2025-06-18T00:00:00.000000000,213.24,156.63595
2025-06-18T01:00:00.000000000,220.64,160.98173
2025-06-18T02:00:00.000000000,218.04,156.70954
2025-06-18T03:00:00.000000000,222.04,180.0215
2025-06-18T04:00:00.000000000,226.52,159.17719
2025-06-18T05:00:00.000000000,216.95,161.01693
2025-06-18T06:00:00.000000000,222.73,158.67814
2025-06-18T07:00:00.000000000,215.21,163.58521
2025-06-18T08:00:00.000000000,188.16,155.03784
2025-06-18T09:00:00.000000000,165.21,154.97071
2025-06-18T10:00:00.000000000,142.92,168.7074
2025-06-18T11:00:00.000000000,132.36,156.41195
2025-06-18T12:00:00.000000000,133.99,152.70828
2025-06-18T13:00:00.000000000,131.35,140.32475
2025-06-18T14:00:00.000000000,137.84,147.26862
2025-06-18T15:00:00.000000000,159.33,161.38303
2025-06-18T16:00:00.000000000,215.79,154.92477
2025-06-18T17:00:00.000000000,262.22,156.9783
2025-06-18T18:00:00.000000000,300.4,163.06491
2025-06-18T19:00:00.000000000,326.29,159.46944
2025-06-18T20:00:00.000000000,334.11,161.79748
2025-06-18T21:00:00.000000000,339.63,160.87469
2025-06-18T22:00:00.000000000,331.8,149.24397
2025-06-18T23:00:00.000000000,318.34,157.50949
2025-06-19T00:00:00.000000000,311.18,157.88645
2025-06-19T01:00:00.000000000,305.33,161.17931
2025-06-19T02:00:00.000000000,300.29,159.73941
2025-06-19T03:00:00.000000000,300.11,179.75276
2025-06-19T04:00:00.000000000,297.77,158.85512
2025-06-19T05:00:00.000000000,285.31,161.13902
2025-06-19T06:00:00.000000000,268.71,159.23508
2025-06-19T07:00:00.000000000,258.64,165.58156
2025-06-19T08:00:00.000000000,223.05,158.10331
2025-06-19T09:00:00.000000000,196.05,154.50001
2025-06-19T10:00:00.000000000,158.99,167.92613
2025-06-19T11:00:00.000000000,151.99,157.43996
2025-06-13T12:00:00.000000000,122.99,147.222
2025-06-13T13:00:00.000000000,143.81,136.83405
2025-06-13T14:00:00.000000000,153.76,147.26748
2025-06-13T15:00:00.000000000,163.7,153.14396
2025-06-13T16:00:00.000000000,227.31,147.92525
2025-06-13T17:00:00.000000000,282.97,149.9022
2025-06-13T18:00:00.000000000,302.72,157.95588
2025-06-13T19:00:00.000000000,294.26,155.50968
2025-06-13T20:00:00.000000000,264.91,153.9911
2025-06-13T21:00:00.000000000,254.23,151.44787
2025-06-13T22:00:00.000000000,217.58,147.04905
2025-06-13T23:00:00.000000000,192.85,154.68825
2025-06-14T00:00:00.000000000,186.69,155.99035
2025-06-14T01:00:00.000000000,184.11,157.61716
2025-06-14T02:00:00.000000000,198.67,157.4093
2025-06-14T03:00:00.000000000,187.1,171.93259
2025-06-14T04:00:00.000000000,168.43,155.05057
2025-06-14T05:00:00.000000000,166.47,159.60048
2025-06-14T06:00:00.000000000,159.16,158.09846
2025-06-14T07:00:00.000000000,173.0,161.90148
2025-06-14T08:00:00.000000000,152.86,159.3582
2025-06-14T09:00:00.000000000,106.84,151.81025
2025-06-14T10:00:00.000000000,96.09,164.49332
2025-06-14T11:00:00.000000000,109.02,156.32278
2025-06-14T12:00:00.000000000,86.27,148.46984
2025-06-14T13:00:00.000000000,91.87,137.4414
2025-06-14T14:00:00.000000000,92.23,147.1129
2025-06-14T15:00:00.000000000,89.09,155.46583
2025-06-14T16:00:00.000000000,90.01,149.81283
2025-06-14T17:00:00.000000000,120.72,151.9674
2025-06-14T18:00:00.000000000,148.11,159.12231
2025-06-14T19:00:00.000000000,162.62,156.42472
2025-06-14T20:00:00.000000000,180.12,156.36659
2025-06-14T21:00:00.000000000,196.35,154.36234
2025-06-14T22:00:00.000000000,161.96,147.89804
2025-06-14T23:00:00.000000000,143.1,155.30639
2025-06-15T00:00:00.000000000,137.96,156.22675
2025-06-15T01:00:00.000000000,151.31,158.4686
2025-06-15T02:00:00.000000000,163.46,157.51216
2025-06-15T03:00:00.000000000,186.65,174.59673
2025-06-15T04:00:00.000000000,165.01,156.03663
2025-06-15T05:00:00.000000000,142.81,159.42074
2025-06-15T06:00:00.000000000,133.26,158.27903
2025-06-15T07:00:00.000000000,125.83,162.66207
2025-06-15T08:00:00.000000000,118.67,157.74567
2025-06-15T09:00:00.000000000,106.8,152.28862
2025-06-15T10:00:00.000000000,98.46,165.80217
2025-06-15T11:00:00.000000000,90.63,156.51101
2025-06-15T12:00:00.000000000,89.53,141.43389
2025-06-15T13:00:00.000000000,94.24,137.30967
2025-06-15T14:00:00.000000000,101.31,146.96778
2025-06-15T15:00:00.000000000,96.2,149.60597
2025-06-15T16:00:00.000000000,130.56,142.39462
2025-06-15T17:00:00.000000000,192.71,147.6981
2025-06-15T18:00:00.000000000,233.68,153.34147
2025-06-15T19:00:00.000000000,243.25,153.40511
2025-06-15T20:00:00.000000000,238.67,148.75231
2025-06-15T21:00:00.000000000,227.19,145.26268
2025-06-15T22:00:00.000000000,193.63,148.59842
2025-06-15T23:00:00.000000000,151.85,153.71684
2025-06-16T00:00:00.000000000,133.37,155.66202
2025-06-16T01:00:00.000000000,152.03,157.21531
2025-06-16T02:00:00.000000000,136.51,155.46697
2025-06-16T03:00:00.000000000,166.67,169.06454
2025-06-16T04:00:00.000000000,169.48,156.76731
2025-06-16T05:00:00.000000000,192.59,160.35346
2025-06-16T06:00:00.000000000,202.14,156.58453
2025-06-16T07:00:00.000000000,197.5,157.50129
2025-06-16T08:00:00.000000000,183.63,159.19645
2025-06-16T09:00:00.000000000,168.85,152.89784
2025-06-16T10:00:00.000000000,155.43,164.56107
2025-06-16T11:00:00.000000000,137.3,155.44329
2025-06-16T12:00:00.000000000,117.04,142.37658
2025-06-16T13:00:00.000000000,104.63,137.50868
2025-06-16T14:00:00.000000000,99.83,146.47079
2025-06-16T15:00:00.000000000,106.42,151.34614
2025-06-16T16:00:00.000000000,144.92,144.08872
2025-06-16T17:00:00.000000000,195.91,149.47213
2025-06-16T18:00:00.000000000,225.86,154.04258
2025-06-16T19:00:00.000000000,228.78,153.87604
2025-06-16T20:00:00.000000000,223.26,150.33017
2025-06-16T21:00:00.000000000,198.33,147.2349
2025-06-16T22:00:00.000000000,163.45,148.38485
2025-06-16T23:00:00.000000000,143.19,153.68903
2025-06-17T00:00:00.000000000,136.37,155.48182
2025-06-17T01:00:00.000000000,148.58,157.28523
2025-06-17T02:00:00.000000000,160.17,155.8358
2025-06-17T03:00:00.000000000,174.96,170.45596
2025-06-17T04:00:00.000000000,179.46,157.2153
2025-06-17T05:00:00.000000000,165.24,160.19048
2025-06-17T06:00:00.000000000,151.24,156.49584
2025-06-17T07:00:00.000000000,130.51,158.13586
2025-06-17T08:00:00.000000000,118.72,157.48356
2025-06-17T09:00:00.000000000,100.7,152.6295
2025-06-17T10:00:00.000000000,89.58,164.72181
2025-06-17T11:00:00.000000000,83.18,155.81356
2025-06-17T12:00:00.000000000,80.57,149.36167
2025-06-17T13:00:00.000000000,86.97,139.57707
2025-06-17T14:00:00.000000000,92.74,145.27515
2025-06-17T15:00:00.000000000,113.19,159.75119
2025-06-17T16:00:00.000000000,181.61,153.37845
2025-06-17T17:00:00.000000000,234.17,156.05199
2025-06-17T18:00:00.000000000,285.14,160.08483
2025-06-17T19:00:00.000000000,294.78,157.40677
2025-06-17T20:00:00.000000000,286.6,159.90008
2025-06-17T21:00:00.000000000,278.28,159.23618
2025-06-17T22:00:00.000000000,261.52,149.88669
2025-06-17T23:00:00.000000000,238.73,157.16863
2025-06-18T00:00:00.000000000,213.24,156.63595
2025-06-18T01:00:00.000000000,220.64,160.98173
2025-06-18T02:00:00.000000000,218.04,156.70954
2025-06-18T03:00:00.000000000,222.04,180.02149
2025-06-18T04:00:00.000000000,226.52,159.17719
2025-06-18T05:00:00.000000000,216.95,161.01693
2025-06-18T06:00:00.000000000,222.73,158.67814
2025-06-18T07:00:00.000000000,215.21,163.58521
2025-06-18T08:00:00.000000000,188.16,155.03784
2025-06-18T09:00:00.000000000,165.21,154.97071
2025-06-18T10:00:00.000000000,142.92,168.7074
2025-06-18T11:00:00.000000000,132.36,156.41195
2025-06-18T12:00:00.000000000,133.99,152.70828
2025-06-18T13:00:00.000000000,131.35,140.32475
2025-06-18T14:00:00.000000000,137.84,147.26862
2025-06-18T15:00:00.000000000,159.33,161.38303
2025-06-18T16:00:00.000000000,215.79,154.92477
2025-06-18T17:00:00.000000000,262.22,156.9783
2025-06-18T18:00:00.000000000,300.4,163.06491
2025-06-18T19:00:00.000000000,326.29,159.46944
2025-06-18T20:00:00.000000000,334.11,161.79748
2025-06-18T21:00:00.000000000,339.63,160.87469
2025-06-18T22:00:00.000000000,331.8,149.24397
2025-06-18T23:00:00.000000000,318.34,157.50949
2025-06-19T00:00:00.000000000,311.18,157.88645
2025-06-19T01:00:00.000000000,305.33,161.17931
2025-06-19T02:00:00.000000000,300.29,159.73941
2025-06-19T03:00:00.000000000,300.11,179.75276
2025-06-19T04:00:00.000000000,297.77,158.85512
2025-06-19T05:00:00.000000000,285.31,161.13902
2025-06-19T06:00:00.000000000,268.71,159.23508
2025-06-19T07:00:00.000000000,258.64,165.58156
2025-06-19T08:00:00.000000000,223.05,158.10331
2025-06-19T09:00:00.000000000,196.05,154.50001
2025-06-19T10:00:00.000000000,158.99,167.92613
2025-06-19T11:00:00.000000000,151.99,157.43996
2025-06-19T12:00:00.000000000,144.44,150.68787
2025-06-19T13:00:00.000000000,143.18,140.06071
2025-06-19T14:00:00.000000000,140.57,145.4576
2025-06-19T15:00:00.000000000,157.65,161.02802
2025-06-19T16:00:00.000000000,200.32,154.65779
2025-06-19T17:00:00.000000000,240.42,156.99157
2025-06-19T18:00:00.000000000,269.13,161.34179
2025-06-19T19:00:00.000000000,279.72,158.35264
2025-06-19T20:00:00.000000000,275.3,161.50912
2025-06-19T21:00:00.000000000,261.38,160.97531
2025-06-19T22:00:00.000000000,218.49,150.1291
2025-06-19T23:00:00.000000000,193.18,158.00753
2025-06-20T00:00:00.000000000,174.49,156.87921
2025-06-20T01:00:00.000000000,182.95,162.0526
2025-06-20T02:00:00.000000000,180.21,156.97623
2025-06-20T03:00:00.000000000,182.19,181.58954
2025-06-20T04:00:00.000000000,193.5,159.51009
2025-06-20T05:00:00.000000000,193.39,161.09835
2025-06-20T06:00:00.000000000,190.47,159.43044
2025-06-20T07:00:00.000000000,197.74,164.30633
2025-06-20T08:00:00.000000000,204.98,155.04653
2025-06-20T09:00:00.000000000,176.3,155.61067
2025-06-20T10:00:00.000000000,144.72,169.56058
2025-06-20T11:00:00.000000000,135.94,156.63867
2025-06-14T12:00:00.000000000,86.27,149.10424
2025-06-14T13:00:00.000000000,91.87,138.16396
2025-06-14T14:00:00.000000000,92.23,147.02928
2025-06-14T15:00:00.000000000,89.09,156.56668
2025-06-14T16:00:00.000000000,90.01,150.71153
2025-06-14T17:00:00.000000000,120.72,152.69781
2025-06-14T18:00:00.000000000,148.11,159.7475
2025-06-14T19:00:00.000000000,162.62,156.90986
2025-06-14T20:00:00.000000000,180.12,157.02907
2025-06-14T21:00:00.000000000,196.35,155.15809
2025-06-14T22:00:00.000000000,161.96,147.8356
2025-06-14T23:00:00.000000000,143.1,155.69679
2025-06-15T00:00:00.000000000,137.96,156.56431
2025-06-15T01:00:00.000000000,151.31,159.05773
2025-06-15T02:00:00.000000000,163.46,158.411
2025-06-15T03:00:00.000000000,186.65,175.16437
2025-06-15T04:00:00.000000000,165.01,156.54055
2025-06-15T05:00:00.000000000,142.81,160.21392
2025-06-15T06:00:00.000000000,133.26,158.34983
2025-06-15T07:00:00.000000000,125.83,163.0815
2025-06-15T08:00:00.000000000,118.67,158.47036
2025-06-15T09:00:00.000000000,106.8,152.7617
2025-06-15T10:00:00.000000000,98.46,165.60945
2025-06-15T11:00:00.000000000,90.63,156.75458
2025-06-15T12:00:00.000000000,89.53,141.43324
2025-06-15T13:00:00.000000000,94.24,137.31208
2025-06-15T14:00:00.000000000,101.31,146.97039
2025-06-15T15:00:00.000000000,96.2,149.60305
2025-06-15T16:00:00.000000000,130.56,142.39114
2025-06-15T17:00:00.000000000,192.71,147.69636
2025-06-15T18:00:00.000000000,233.68,153.34053
2025-06-15T19:00:00.000000000,243.25,153.40432
2025-06-15T20:00:00.000000000,238.67,148.75007
2025-06-15T21:00:00.000000000,227.19,145.25663
2025-06-15T22:00:00.000000000,193.63,148.59968
2025-06-15T23:00:00.000000000,151.85,153.71718
2025-06-16T00:00:00.000000000,133.37,155.66363
2025-06-16T01:00:00.000000000,152.03,157.21435
2025-06-16T02:00:00.000000000,136.51,155.46667
2025-06-16T03:00:00.000000000,166.67,169.05996
2025-06-16T04:00:00.000000000,169.48,156.76985
2025-06-16T05:00:00.000000000,192.59,160.35445
2025-06-16T06:00:00.000000000,202.14,156.58489
2025-06-16T07:00:00.000000000,197.5,157.50082
2025-06-16T08:00:00.000000000,183.63,159.19695
2025-06-16T09:00:00.000000000,168.85,152.90035
2025-06-16T10:00:00.000000000,155.43,164.56377
2025-06-16T11:00:00.000000000,137.3,155.44602
2025-06-16T12:00:00.000000000,117.04,142.37657
2025-06-16T13:00:00.000000000,104.63,137.50866
2025-06-16T14:00:00.000000000,99.83,146.4708
2025-06-16T15:00:00.000000000,106.42,151.34606
2025-06-16T16:00:00.000000000,144.92,144.08863
2025-06-16T17:00:00.000000000,195.91,149.47202
2025-06-16T18:00:00.000000000,225.86,154.04256
2025-06-16T19:00:00.000000000,228.78,153.87604
2025-06-16T20:00:00.000000000,223.26,150.33013
2025-06-16T21:00:00.000000000,198.33,147.23479
2025-06-16T22:00:00.000000000,163.45,148.38484
2025-06-16T23:00:00.000000000,143.19,153.68906
2025-06-17T00:00:00.000000000,136.37,155.48181
2025-06-17T01:00:00.000000000,148.58,157.28523
2025-06-17T02:00:00.000000000,160.17,155.83578
2025-06-17T03:00:00.000000000,174.96,170.4559
2025-06-17T04:00:00.000000000,179.46,157.21524
2025-06-17T05:00:00.000000000,165.24,160.19049
2025-06-17T06:00:00.000000000,151.24,156.49588
2025-06-17T07:00:00.000000000,130.51,158.13585
2025-06-17T08:00:00.000000000,118.72,157.48366
2025-06-17T09:00:00.000000000,100.7,152.62952
2025-06-17T10:00:00.000000000,89.58,164.72179
2025-06-17T11:00:00.000000000,83.18,155.81354
2025-06-17T12:00:00.000000000,80.57,149.36167
2025-06-17T13:00:00.000000000,86.97,139.57707
2025-06-17T14:00:00.000000000,92.74,145.27515
2025-06-17T15:00:00.000000000,113.19,159.7512
2025-06-17T16:00:00.000000000,181.61,153.37845
2025-06-17T17:00:00.000000000,234.17,156.052
2025-06-17T18:00:00.000000000,285.14,160.08483
2025-06-17T19:00:00.000000000,294.78,157.40677
2025-06-17T20:00:00.000000000,286.6,159.90008
2025-06-17T21:00:00.000000000,278.28,159.23618
2025-06-17T22:00:00.000000000,261.52,149.88669
2025-06-17T23:00:00.000000000,238.73,157.16863
2025-06-18T00:00:00.000000000,213.24,156.63596
2025-06-18T01:00:00.000000000,220.64,160.98173
2025-06-18T02:00:00.000000000,218.04,156.70954
2025-06-18T03:00:00.000000000,222.04,180.02149
2025-06-18T04:00:00.000000000,226.52,159.1772
2025-06-18T05:00:00.000000000,216.95,161.01693
2025-06-18T06:00:00.000000000,222.73,158.67814
2025-06-18T07:00:00.000000000,215.21,163.58521
2025-06-18T08:00:00.000000000,188.16,155.03784
2025-06-18T09:00:00.000000000,165.21,154.97071
2025-06-18T10:00:00.000000000,142.92,168.7074
2025-06-18T11:00:00.000000000,132.36,156.41194
2025-06-18T12:00:00.000000000,133.99,152.70828
2025-06-18T13:00:00.000000000,131.35,140.32475
2025-06-18T14:00:00.000000000,137.84,147.26862
2025-06-18T15:00:00.000000000,159.33,161.38303
2025-06-18T16:00:00.000000000,215.79,154.92477
2025-06-18T17:00:00.000000000,262.22,156.9783
2025-06-18T18:00:00.000000000,300.4,163.06491
2025-06-18T19:00:00.000000000,326.29,159.46944
2025-06-18T20:00:00.000000000,334.11,161.79748
2025-06-18T21:00:00.000000000,339.63,160.87469
2025-06-18T22:00:00.000000000,331.8,149.24397
2025-06-18T23:00:00.000000000,318.34,157.50949
2025-06-19T00:00:00.000000000,311.18,157.88645
2025-06-19T01:00:00.000000000,305.33,161.17931
2025-06-19T02:00:00.000000000,300.29,159.73941
2025-06-19T03:00:00.000000000,300.11,179.75276
2025-06-19T04:00:00.000000000,297.77,158.85512
2025-06-19T05:00:00.000000000,285.31,161.13902
2025-06-19T06:00:00.000000000,268.71,159.23508
2025-06-19T07:00:00.000000000,258.64,165.58156
2025-06-19T08:00:00.000000000,223.05,158.10331
2025-06-19T09:00:00.000000000,196.05,154.50001
2025-06-19T10:00:00.000000000,158.99,167.92613
2025-06-19T11:00:00.000000000,151.99,157.43996
2025-06-19T12:00:00.000000000,144.44,150.68787
2025-06-19T13:00:00.000000000,143.18,140.06071
2025-06-19T14:00:00.000000000,140.57,145.4576
2025-06-19T15:00:00.000000000,157.65,161.02802
2025-06-19T16:00:00.000000000,200.32,154.65779
2025-06-19T17:00:00.000000000,240.42,156.99157
2025-06-19T18:00:00.000000000,269.13,161.34179
2025-06-19T19:00:00.000000000,279.72,158.35264
2025-06-19T20:00:00.000000000,275.3,161.50912
2025-06-19T21:00:00.000000000,261.38,160.97531
2025-06-19T22:00:00.000000000,218.49,150.1291
2025-06-19T23:00:00.000000000,193.18,158.00753
2025-06-20T00:00:00.000000000,174.49,156.87921
2025-06-20T01:00:00.000000000,182.95,162.0526
2025-06-20T02:00:00.000000000,180.21,156.97623
2025-06-20T03:00:00.000000000,182.19,181.58954
2025-06-20T04:00:00.000000000,193.5,159.51009
2025-06-20T05:00:00.000000000,193.39,161.09835
2025-06-20T06:00:00.000000000,190.47,159.43044
2025-06-20T07:00:00.000000000,197.74,164.30633
2025-06-20T08:00:00.000000000,204.98,155.04653
2025-06-20T09:00:00.000000000,176.3,155.61067
2025-06-20T10:00:00.000000000,144.72,169.56058
2025-06-20T11:00:00.000000000,135.94,156.63867
2025-06-20T12:00:00.000000000,132.94,151.85892
2025-06-20T13:00:00.000000000,127.46,141.23398
2025-06-20T14:00:00.000000000,131.55,145.49893
2025-06-20T15:00:00.000000000,146.85,162.98136
2025-06-20T16:00:00.000000000,183.89,156.76944
2025-06-20T17:00:00.000000000,232.18,158.80187
2025-06-20T18:00:00.000000000,249.39,162.65033
2025-06-20T19:00:00.000000000,261.31,159.39102
2025-06-20T20:00:00.000000000,265.77,163.27399
2025-06-20T21:00:00.000000000,255.83,163.12317
2025-06-20T22:00:00.000000000,226.37,150.73873
2025-06-20T23:00:00.000000000,200.21,158.75705
2025-06-21T00:00:00.000000000,172.77,157.45121
2025-06-21T01:00:00.000000000,157.06,163.36097
2025-06-21T02:00:00.000000000,137.82,157.57203
2025-06-21T03:00:00.000000000,136.1,183.45605
2025-06-21T04:00:00.000000000,129.73,160.84504
2025-06-21T05:00:00.000000000,127.21,161.81052
2025-06-21T06:00:00.000000000,128.77,159.77531
2025-06-21T07:00:00.000000000,121.82,165.19067
2025-06-21T08:00:00.000000000,128.22,155.10258
2025-06-21T09:00:00.000000000,118.5,156.89664
2025-06-21T10:00:00.000000000,136.5,170.64768
2025-06-21T11:00:00.000000000,138.91,157.10869
2025-06-15T12:00:00.000000000,89.53,141.71389
2025-06-15T13:00:00.000000000,94.24,137.2918
2025-06-15T14:00:00.000000000,101.31,146.25728
2025-06-15T15:00:00.000000000,96.2,150.84527
2025-06-15T16:00:00.000000000,130.56,143.50762
2025-06-15T17:00:00.000000000,192.71,148.49929
2025-06-15T18:00:00.000000000,233.68,153.75301
2025-06-15T19:00:00.000000000,243.25,153.6799
2025-06-15T20:00:00.000000000,238.67,149.58531
2025-06-15T21:00:00.000000000,227.19,146.85709
2025-06-15T22:00:00.000000000,193.63,148.35631
2025-06-15T23:00:00.000000000,151.85,153.86153
2025-06-16T00:00:00.000000000,133.37,155.40081
2025-06-16T01:00:00.000000000,152.03,157.71474
2025-06-16T02:00:00.000000000,136.51,155.79504
2025-06-16T03:00:00.000000000,166.67,170.43405
2025-06-16T04:00:00.000000000,169.48,156.66364
2025-06-16T05:00:00.000000000,192.59,160.56704
2025-06-16T06:00:00.000000000,202.14,156.58747
2025-06-16T07:00:00.000000000,197.5,157.68652
2025-06-16T08:00:00.000000000,183.63,159.16128
2025-06-16T09:00:00.000000000,168.85,152.76059
2025-06-16T10:00:00.000000000,155.43,164.05915
2025-06-16T11:00:00.000000000,137.3,155.01048
2025-06-16T12:00:00.000000000,117.04,142.37864
2025-06-16T13:00:00.000000000,104.63,137.5117
2025-06-16T14:00:00.000000000,99.83,146.46903
2025-06-16T15:00:00.000000000,106.42,151.36651
2025-06-16T16:00:00.000000000,144.92,144.1095
2025-06-16T17:00:00.000000000,195.91,149.49841
2025-06-16T18:00:00.000000000,225.86,154.04753
2025-06-16T19:00:00.000000000,228.78,153.87962
2025-06-16T20:00:00.000000000,223.26,150.34216
2025-06-16T21:00:00.000000000,198.33,147.25879
2025-06-16T22:00:00.000000000,163.45,148.38533
2025-06-16T23:00:00.000000000,143.19,153.67836
2025-06-17T00:00:00.000000000,136.37,155.4822
2025-06-17T01:00:00.000000000,148.58,157.27957
2025-06-17T02:00:00.000000000,160.17,155.83907
2025-06-17T03:00:00.000000000,174.96,170.46909
2025-06-17T04:00:00.000000000,179.46,157.22673
2025-06-17T05:00:00.000000000,165.24,160.18471
2025-06-17T06:00:00.000000000,151.24,156.48703
2025-06-17T07:00:00.000000000,130.51,158.13906
2025-06-17T08:00:00.000000000,118.72,157.45869
2025-06-17T09:00:00.000000000,100.7,152.62366
2025-06-17T10:00:00.000000000,89.58,164.72531
2025-06-17T11:00:00.000000000,83.18,155.81764
2025-06-17T12:00:00.000000000,80.57,149.3618
2025-06-17T13:00:00.000000000,86.97,139.57712
2025-06-17T14:00:00.000000000,92.74,145.27514
2025-06-17T15:00:00.000000000,113.19,159.7513
2025-06-17T16:00:00.000000000,181.61,153.37857
2025-06-17T17:00:00.000000000,234.17,156.05211
2025-06-17T18:00:00.000000000,285.14,160.0849
2025-06-17T19:00:00.000000000,294.78,157.40683
2025-06-17T20:00:00.000000000,286.6,159.90024
2025-06-17T21:00:00.000000000,278.28,159.23634
2025-06-17T22:00:00.000000000,261.52,149.88676
2025-06-17T23:00:00.000000000,238.73,157.16872
2025-06-18T00:00:00.000000000,213.24,156.636
2025-06-18T01:00:00.000000000,220.64,160.9818
2025-06-18T02:00:00.000000000,218.04,156.70945
2025-06-18T03:00:00.000000000,222.04,180.02165
2025-06-18T04:00:00.000000000,226.52,159.17728
2025-06-18T05:00:00.000000000,216.95,161.01693
2025-06-18T06:00:00.000000000,222.73,158.6782
2025-06-18T07:00:00.000000000,215.21,163.58531
2025-06-18T08:00:00.000000000,188.16,155.03769
2025-06-18T09:00:00.000000000,165.21,154.97081
2025-06-18T10:00:00.000000000,142.92,168.70761
2025-06-18T11:00:00.000000000,132.36,156.41199
2025-06-18T12:00:00.000000000,133.99,152.70827
2025-06-18T13:00:00.000000000,131.35,140.32474
2025-06-18T14:00:00.000000000,137.84,147.26862
2025-06-18T15:00:00.000000000,159.33,161.38303
2025-06-18T16:00:00.000000000,215.79,154.92477
2025-06-18T17:00:00.000000000,262.22,156.9783
2025-06-18T18:00:00.000000000,300.4,163.0649
2025-06-18T19:00:00.000000000,326.29,159.46944
2025-06-18T20:00:00.000000000,334.11,161.79748
2025-06-18T21:00:00.000000000,339.63,160.87468
2025-06-18T22:00:00.000000000,331.8,149.24397
2025-06-18T23:00:00.000000000,318.34,157.50949
2025-06-19T00:00:00.000000000,311.18,157.88645
2025-06-19T01:00:00.000000000,305.33,161.17931
2025-06-19T02:00:00.000000000,300.29,159.7394
2025-06-19T03:00:00.000000000,300.11,179.75276
2025-06-19T04:00:00.000000000,297.77,158.85512
2025-06-19T05:00:00.000000000,285.31,161.13903
2025-06-19T06:00:00.000000000,268.71,159.23507
2025-06-19T07:00:00.000000000,258.64,165.58155
2025-06-19T08:00:00.000000000,223.05,158.10331
2025-06-19T09:00:00.000000000,196.05,154.50001
2025-06-19T10:00:00.000000000,158.99,167.92612
2025-06-19T11:00:00.000000000,151.99,157.43996
2025-06-19T12:00:00.000000000,144.44,150.68787
2025-06-19T13:00:00.000000000,143.18,140.06071
2025-06-19T14:00:00.000000000,140.57,145.4576
2025-06-19T15:00:00.000000000,157.65,161.02802
2025-06-19T16:00:00.000000000,200.32,154.65779
2025-06-19T17:00:00.000000000,240.42,156.99157
2025-06-19T18:00:00.000000000,269.13,161.34179
2025-06-19T19:00:00.000000000,279.72,158.35264
2025-06-19T20:00:00.000000000,275.3,161.50912
2025-06-19T21:00:00.000000000,261.38,160.97531
2025-06-19T22:00:00.000000000,218.49,150.1291
2025-06-19T23:00:00.000000000,193.18,158.00753
2025-06-20T00:00:00.000000000,174.49,156.87921
2025-06-20T01:00:00.000000000,182.95,162.0526
2025-06-20T02:00:00.000000000,180.21,156.97623
2025-06-20T03:00:00.000000000,182.19,181.58954
2025-06-20T04:00:00.000000000,193.5,159.51009
2025-06-20T05:00:00.000000000,193.39,161.09835
2025-06-20T06:00:00.000000000,190.47,159.43044
2025-06-20T07:00:00.000000000,197.74,164.30633
2025-06-20T08:00:00.000000000,204.98,155.04653
2025-06-20T09:00:00.000000000,176.3,155.61067
2025-06-20T10:00:00.000000000,144.72,169.56058
2025-06-20T11:00:00.000000000,135.94,156.63867
2025-06-20T12:00:00.000000000,132.94,151.85892
2025-06-20T13:00:00.000000000,127.46,141.23398
2025-06-20T14:00:00.000000000,131.55,145.49893
2025-06-20T15:00:00.000000000,146.85,162.98136
2025-06-20T16:00:00.000000000,183.89,156.76944
2025-06-20T17:00:00.000000000,232.18,158.80187
2025-06-20T18:00:00.000000000,249.39,162.65033
2025-06-20T19:00:00.000000000,261.31,159.39102
2025-06-20T20:00:00.000000000,265.77,163.27399
2025-06-20T21:00:00.000000000,255.83,163.12317
2025-06-20T22:00:00.000000000,226.37,150.73873
2025-06-20T23:00:00.000000000,200.21,158.75705
2025-06-21T00:00:00.000000000,172.77,157.45121
2025-06-21T01:00:00.000000000,157.06,163.36097
2025-06-21T02:00:00.000000000,137.82,157.57203
2025-06-21T03:00:00.000000000,136.1,183.45605
2025-06-21T04:00:00.000000000,129.73,160.84504
2025-06-21T05:00:00.000000000,127.21,161.81052
2025-06-21T06:00:00.000000000,128.77,159.77531
2025-06-21T07:00:00.000000000,121.82,165.19067
2025-06-21T08:00:00.000000000,128.22,155.10258
2025-06-21T09:00:00.000000000,118.5,156.89664
2025-06-21T10:00:00.000000000,136.5,170.64768
2025-06-21T11:00:00.000000000,138.91,157.10869
2025-06-21T12:00:00.000000000,141.83,152.05828
2025-06-21T13:00:00.000000000,145.29,143.59484
2025-06-21T14:00:00.000000000,135.15,145.12211
2025-06-21T15:00:00.000000000,127.96,166.21671
2025-06-21T16:00:00.000000000,144.9,160.17786
2025-06-21T17:00:00.000000000,197.22,162.33034
2025-06-21T18:00:00.000000000,219.4,163.67023
2025-06-21T19:00:00.000000000,226.92,160.73102
2025-06-21T20:00:00.000000000,212.9,165.59275
2025-06-21T21:00:00.000000000,188.96,165.70308
2025-06-21T22:00:00.000000000,148.46,152.77858
2025-06-21T23:00:00.000000000,117.85,159.20192
2025-06-22T00:00:00.000000000,103.76,158.10394
2025-06-22T01:00:00.000000000,104.51,165.98639
2025-06-22T02:00:00.000000000,104.61,159.80044
2025-06-22T03:00:00.000000000,109.88,186.85404
2025-06-22T04:00:00.000000000,109.15,163.43267
2025-06-22T05:00:00.000000000,116.3,164.53371
2025-06-22T06:00:00.000000000,101.42,160.2027
2025-06-22T07:00:00.000000000,110.79,165.68794
2025-06-22T08:00:00.000000000,97.8,156.45143
2025-06-22T09:00:00.000000000,84.56,159.03532
2025-06-22T10:00:00.000000000,84.91,170.70692
2025-06-22T11:00:00.000000000,84.57,157.81214
2025-06-16T12:00:00.000000000,117.04,142.87811
2025-06-16T13:00:00.000000000,104.63,137.3796
2025-06-16T14:00:00.000000000,99.83,146.20088
2025-06-16T15:00:00.000000000,106.42,152.16827
2025-06-16T16:00:00.000000000,144.92,145.1944
2025-06-16T17:00:00.000000000,195.91,150.3003
2025-06-16T18:00:00.000000000,225.86,154.46117
2025-06-16T19:00:00.000000000,228.78,154.05087
2025-06-16T20:00:00.000000000,223.26,151.32006
2025-06-16T21:00:00.000000000,198.33,148.38831
2025-06-16T22:00:00.000000000,163.45,148.26928
2025-06-16T23:00:00.000000000,143.19,153.34517
2025-06-17T00:00:00.000000000,136.37,155.22114
2025-06-17T01:00:00.000000000,148.58,157.10772
2025-06-17T02:00:00.000000000,160.17,155.83873
2025-06-17T03:00:00.000000000,174.96,171.28375
2025-06-17T04:00:00.000000000,179.46,157.06367
2025-06-17T05:00:00.000000000,165.24,159.92462
2025-06-17T06:00:00.000000000,151.24,156.41889
2025-06-17T07:00:00.000000000,130.51,158.64879
2025-06-17T08:00:00.000000000,118.72,156.73203
2025-06-17T09:00:00.000000000,100.7,152.34305
2025-06-17T10:00:00.000000000,89.58,164.71361
2025-06-17T11:00:00.000000000,83.18,155.77935
2025-06-17T12:00:00.000000000,80.57,149.36021
2025-06-17T13:00:00.000000000,86.97,139.5837
2025-06-17T14:00:00.000000000,92.74,145.2731
2025-06-17T15:00:00.000000000,113.19,159.75566
2025-06-17T16:00:00.000000000,181.61,153.38437
2025-06-17T17:00:00.000000000,234.17,156.06032
2025-06-17T18:00:00.000000000,285.14,160.08245
2025-06-17T19:00:00.000000000,294.78,157.40726
2025-06-17T20:00:00.000000000,286.6,159.90417
2025-06-17T21:00:00.000000000,278.28,159.23616
2025-06-17T22:00:00.000000000,261.52,149.89406
2025-06-17T23:00:00.000000000,238.73,157.16893
2025-06-18T00:00:00.000000000,213.24,156.6382
2025-06-18T01:00:00.000000000,220.64,160.98542
2025-06-18T02:00:00.000000000,218.04,156.70494
2025-06-18T03:00:00.000000000,222.04,180.0276
2025-06-18T04:00:00.000000000,226.52,159.18814
2025-06-18T05:00:00.000000000,216.95,161.02362
2025-06-18T06:00:00.000000000,222.73,158.6767
2025-06-18T07:00:00.000000000,215.21,163.58608
2025-06-18T08:00:00.000000000,188.16,155.02811
2025-06-18T09:00:00.000000000,165.21,154.9805
2025-06-18T10:00:00.000000000,142.92,168.71918
2025-06-18T11:00:00.000000000,132.36,156.41508
2025-06-18T12:00:00.000000000,133.99,152.70844
2025-06-18T13:00:00.000000000,131.35,140.32479
2025-06-18T14:00:00.000000000,137.84,147.26871
2025-06-18T15:00:00.000000000,159.33,161.38312
2025-06-18T16:00:00.000000000,215.79,154.92488
2025-06-18T17:00:00.000000000,262.22,156.97838
2025-06-18T18:00:00.000000000,300.4,163.06505
2025-06-18T19:00:00.000000000,326.29,159.46953
2025-06-18T20:00:00.000000000,334.11,161.79762
2025-06-18T21:00:00.000000000,339.63,160.8748
2025-06-18T22:00:00.000000000,331.8,149.24399
2025-06-18T23:00:00.000000000,318.34,157.50952
2025-06-19T00:00:00.000000000,311.18,157.88651
2025-06-19T01:00:00.000000000,305.33,161.17936
2025-06-19T02:00:00.000000000,300.29,159.73947
2025-06-19T03:00:00.000000000,300.11,179.75282
2025-06-19T04:00:00.000000000,297.77,158.85514
2025-06-19T05:00:00.000000000,285.31,161.13904
2025-06-19T06:00:00.000000000,268.71,159.23513
2025-06-19T07:00:00.000000000,258.64,165.58167
2025-06-19T08:00:00.000000000,223.05,158.10335
2025-06-19T09:00:00.000000000,196.05,154.50003
2025-06-19T10:00:00.000000000,158.99,167.9262
2025-06-19T11:00:00.000000000,151.99,157.44002
2025-06-19T12:00:00.000000000,144.44,150.68787
2025-06-19T13:00:00.000000000,143.18,140.06071
2025-06-19T14:00:00.000000000,140.57,145.4576
2025-06-19T15:00:00.000000000,157.65,161.02802
2025-06-19T16:00:00.000000000,200.32,154.65779
2025-06-19T17:00:00.000000000,240.42,156.99157
2025-06-19T18:00:00.000000000,269.13,161.34179
2025-06-19T19:00:00.000000000,279.72,158.35264
2025-06-19T20:00:00.000000000,275.3,161.50913
2025-06-19T21:00:00.000000000,261.38,160.97531
2025-06-19T22:00:00.000000000,218.49,150.1291
2025-06-19T23:00:00.000000000,193.18,158.00753
2025-06-20T00:00:00.000000000,174.49,156.87922
2025-06-20T01:00:00.000000000,182.95,162.0526
2025-06-20T02:00:00.000000000,180.21,156.97623
2025-06-20T03:00:00.000000000,182.19,181.58954
2025-06-20T04:00:00.000000000,193.5,159.51009
2025-06-20T05:00:00.000000000,193.39,161.09836
2025-06-20T06:00:00.000000000,190.47,159.43044
2025-06-20T07:00:00.000000000,197.74,164.30633
2025-06-20T08:00:00.000000000,204.98,155.04652
2025-06-20T09:00:00.000000000,176.3,155.61066
2025-06-20T10:00:00.000000000,144.72,169.56058
2025-06-20T11:00:00.000000000,135.94,156.63865
2025-06-20T12:00:00.000000000,132.94,151.85892
2025-06-20T13:00:00.000000000,127.46,141.23398
2025-06-20T14:00:00.000000000,131.55,145.49893
2025-06-20T15:00:00.000000000,146.85,162.98136
2025-06-20T16:00:00.000000000,183.89,156.76944
2025-06-20T17:00:00.000000000,232.18,158.80187
2025-06-20T18:00:00.000000000,249.39,162.65033
2025-06-20T19:00:00.000000000,261.31,159.39102
2025-06-20T20:00:00.000000000,265.77,163.27399
2025-06-20T21:00:00.000000000,255.83,163.12317
2025-06-20T22:00:00.000000000,226.37,150.73873
2025-06-20T23:00:00.000000000,200.21,158.75705
2025-06-21T00:00:00.000000000,172.77,157.45121
2025-06-21T01:00:00.000000000,157.06,163.36097
2025-06-21T02:00:00.000000000,137.82,157.57203
2025-06-21T03:00:00.000000000,136.1,183.45605
2025-06-21T04:00:00.000000000,129.73,160.84504
2025-06-21T05:00:00.000000000,127.21,161.81052
2025-06-21T06:00:00.000000000,128.77,159.77531
2025-06-21T07:00:00.000000000,121.82,165.19067
2025-06-21T08:00:00.000000000,128.22,155.10258
2025-06-21T09:00:00.000000000,118.5,156.89664
2025-06-21T10:00:00.000000000,136.5,170.64768
2025-06-21T11:00:00.000000000,138.91,157.10869
2025-06-21T12:00:00.000000000,141.83,152.05828
2025-06-21T13:00:00.000000000,145.29,143.59484
2025-06-21T14:00:00.000000000,135.15,145.12211
2025-06-21T15:00:00.000000000,127.96,166.21671
2025-06-21T16:00:00.000000000,144.9,160.17786
2025-06-21T17:00:00.000000000,197.22,162.33034
2025-06-21T18:00:00.000000000,219.4,163.67023
2025-06-21T19:00:00.000000000,226.92,160.73102
2025-06-21T20:00:00.000000000,212.9,165.59275
2025-06-21T21:00:00.000000000,188.96,165.70308
2025-06-21T22:00:00.000000000,148.46,152.77858
2025-06-21T23:00:00.000000000,117.85,159.20192
2025-06-22T00:00:00.000000000,103.76,158.10394
2025-06-22T01:00:00.000000000,104.51,165.98639
2025-06-22T02:00:00.000000000,104.61,159.80044
2025-06-22T03:00:00.000000000,109.88,186.85404
2025-06-22T04:00:00.000000000,109.15,163.43267
2025-06-22T05:00:00.000000000,116.3,164.53371
2025-06-22T06:00:00.000000000,101.42,160.2027
2025-06-22T07:00:00.000000000,110.79,165.68794
2025-06-22T08:00:00.000000000,97.8,156.45143
2025-06-22T09:00:00.000000000,84.56,159.03532
2025-06-22T10:00:00.000000000,84.91,170.70692
2025-06-22T11:00:00.000000000,84.57,157.81214
2025-06-22T12:00:00.000000000,86.09,151.81843
2025-06-22T13:00:00.000000000,77.56,140.66818
2025-06-22T14:00:00.000000000,81.88,146.67832
2025-06-22T15:00:00.000000000,76.1,161.80182
2025-06-22T16:00:00.000000000,98.8,155.09393
2025-06-22T17:00:00.000000000,110.09,157.4133
2025-06-22T18:00:00.000000000,132.31,162.55147
2025-06-22T19:00:00.000000000,156.76,159.23979
2025-06-22T20:00:00.000000000,143.48,161.60294
2025-06-22T21:00:00.000000000,127.07,160.93612
2025-06-22T22:00:00.000000000,127.88,149.55763
2025-06-22T23:00:00.000000000,100.53,157.41035
2025-06-23T00:00:00.000000000,99.15,157.69395
2025-06-23T01:00:00.000000000,101.17,161.60328
2025-06-23T02:00:00.000000000,97.79,160.10061
2025-06-23T03:00:00.000000000,97.06,180.29469
2025-06-23T04:00:00.000000000,102.05,159.28648
2025-06-23T05:00:00.000000000,113.08,161.8369
2025-06-23T06:00:00.000000000,121.08,159.05677
2025-06-23T07:00:00.000000000,97.2,165.05025
2025-06-23T08:00:00.000000000,83.08,158.35183
2025-06-23T09:00:00.000000000,88.1,154.74194
2025-06-23T10:00:00.000000000,76.29,167.27241
2025-06-23T11:00:00.000000000,69.49,157.25056
2025-06-17T12:00:00.000000000,80.57,149.97686
2025-06-17T13:00:00.000000000,86.97,141.0224
2025-06-17T14:00:00.000000000,92.74,145.00912
2025-06-17T15:00:00.000000000,113.19,162.11403
2025-06-17T16:00:00.000000000,181.61,155.88396
2025-06-17T17:00:00.000000000,234.17,158.47388
2025-06-17T18:00:00.000000000,285.14,161.11659
2025-06-17T19:00:00.000000000,294.78,158.42742
2025-06-17T20:00:00.000000000,286.6,161.85301
2025-06-17T21:00:00.000000000,278.28,161.52823
2025-06-17T22:00:00.000000000,261.52,151.07669
2025-06-17T23:00:00.000000000,238.73,157.77026
2025-06-18T00:00:00.000000000,213.24,157.11182
2025-06-18T01:00:00.000000000,220.64,162.81001
2025-06-18T02:00:00.000000000,218.04,157.68757
2025-06-18T03:00:00.000000000,222.04,182.64113
2025-06-18T04:00:00.000000000,226.52,160.88606
2025-06-18T05:00:00.000000000,216.95,162.43901
2025-06-18T06:00:00.000000000,222.73,159.14594
2025-06-18T07:00:00.000000000,215.21,164.1918
2025-06-18T08:00:00.000000000,188.16,155.33252
2025-06-18T09:00:00.000000000,165.21,156.4759
2025-06-18T10:00:00.000000000,142.92,169.43816
2025-06-18T11:00:00.000000000,132.36,156.83974
2025-06-18T12:00:00.000000000,133.99,152.71818
2025-06-18T13:00:00.000000000,131.35,140.32847
2025-06-18T14:00:00.000000000,137.84,147.27029
2025-06-18T15:00:00.000000000,159.33,161.39062
2025-06-18T16:00:00.000000000,215.79,154.93541
2025-06-18T17:00:00.000000000,262.22,156.98693
2025-06-18T18:00:00.000000000,300.4,163.07245
2025-06-18T19:00:00.000000000,326.29,159.47572
2025-06-18T20:00:00.000000000,334.11,161.81105
2025-06-18T21:00:00.000000000,339.63,160.88611
2025-06-18T22:00:00.000000000,331.8,149.25004
2025-06-18T23:00:00.000000000,318.34,157.51539
2025-06-19T00:00:00.000000000,311.18,157.88925
2025-06-19T01:00:00.000000000,305.33,161.18667
2025-06-19T02:00:00.000000000,300.29,159.73509
2025-06-19T03:00:00.000000000,300.11,179.76573
2025-06-19T04:00:00.000000000,297.77,158.86055
2025-06-19T05:00:00.000000000,285.31,161.13978
2025-06-19T06:00:00.000000000,268.71,159.24122
2025-06-19T07:00:00.000000000,258.64,165.58862
2025-06-19T08:00:00.000000000,223.05,158.09581
2025-06-19T09:00:00.000000000,196.05,154.50788
2025-06-19T10:00:00.000000000,158.99,167.94133
2025-06-19T11:00:00.000000000,151.99,157.44329
2025-06-19T12:00:00.000000000,144.44,150.68766
2025-06-19T13:00:00.000000000,143.18,140.06057
2025-06-19T14:00:00.000000000,140.57,145.45761
2025-06-19T15:00:00.000000000,157.65,161.02772
2025-06-19T16:00:00.000000000,200.32,154.65753
2025-06-19T17:00:00.000000000,240.42,156.99136
2025-06-19T18:00:00.000000000,269.13,161.34158
2025-06-19T19:00:00.000000000,279.72,158.35247
2025-06-19T20:00:00.000000000,275.3,161.50884
2025-06-19T21:00:00.000000000,261.38,160.97497
2025-06-19T22:00:00.000000000,218.49,150.12907
2025-06-19T23:00:00.000000000,193.18,158.00737
2025-06-20T00:00:00.000000000,174.49,156.87918
2025-06-20T01:00:00.000000000,182.95,162.05236
2025-06-20T02:00:00.000000000,180.21,156.9761
2025-06-20T03:00:00.000000000,182.19,181.58923
2025-06-20T04:00:00.000000000,193.5,159.51
2025-06-20T05:00:00.000000000,193.39,161.09828
2025-06-20T06:00:00.000000000,190.47,159.43033
2025-06-20T07:00:00.000000000,197.74,164.30625
2025-06-20T08:00:00.000000000,204.98,155.04646
2025-06-20T09:00:00.000000000,176.3,155.61055
2025-06-20T10:00:00.000000000,144.72,169.56054
2025-06-20T11:00:00.000000000,135.94,156.63863
2025-06-20T12:00:00.000000000,132.94,151.85892
2025-06-20T13:00:00.000000000,127.46,141.23398
2025-06-20T14:00:00.000000000,131.55,145.49893
2025-06-20T15:00:00.000000000,146.85,162.98136
2025-06-20T16:00:00.000000000,183.89,156.76943
2025-06-20T17:00:00.000000000,232.18,158.80187
2025-06-20T18:00:00.000000000,249.39,162.65033
2025-06-20T19:00:00.000000000,261.31,159.39102
2025-06-20T20:00:00.000000000,265.77,163.27399
2025-06-20T21:00:00.000000000,255.83,163.12317
2025-06-20T22:00:00.000000000,226.37,150.73873
2025-06-20T23:00:00.000000000,200.21,158.75705
2025-06-21T00:00:00.000000000,172.77,157.45121
2025-06-21T01:00:00.000000000,157.06,163.36096
2025-06-21T02:00:00.000000000,137.82,157.57203
2025-06-21T03:00:00.000000000,136.1,183.45605
2025-06-21T04:00:00.000000000,129.73,160.84504
2025-06-21T05:00:00.000000000,127.21,161.81053
2025-06-21T06:00:00.000000000,128.77,159.77531
2025-06-21T07:00:00.000000000,121.82,165.19067
2025-06-21T08:00:00.000000000,128.22,155.10258
2025-06-21T09:00:00.000000000,118.5,156.89665
2025-06-21T10:00:00.000000000,136.5,170.64766
2025-06-21T11:00:00.000000000,138.91,157.10869
2025-06-21T12:00:00.000000000,141.83,152.05828
2025-06-21T13:00:00.000000000,145.29,143.59484
2025-06-21T14:00:00.000000000,135.15,145.12211
2025-06-21T15:00:00.000000000,127.96,166.21671
2025-06-21T16:00:00.000000000,144.9,160.17786
2025-06-21T17:00:00.000000000,197.22,162.33034
2025-06-21T18:00:00.000000000,219.4,163.67023
2025-06-21T19:00:00.000000000,226.92,160.73102
2025-06-21T20:00:00.000000000,212.9,165.59275
2025-06-21T21:00:00.000000000,188.96,165.70308
2025-06-21T22:00:00.000000000,148.46,152.77858
2025-06-21T23:00:00.000000000,117.85,159.20192
2025-06-22T00:00:00.000000000,103.76,158.10394
2025-06-22T01:00:00.000000000,104.51,165.98639
2025-06-22T02:00:00.000000000,104.61,159.80044
2025-06-22T03:00:00.000000000,109.88,186.85404
2025-06-22T04:00:00.000000000,109.15,163.43267
2025-06-22T05:00:00.000000000,116.3,164.53371
2025-06-22T06:00:00.000000000,101.42,160.2027
2025-06-22T07:00:00.000000000,110.79,165.68794
2025-06-22T08:00:00.000000000,97.8,156.45143
2025-06-22T09:00:00.000000000,84.56,159.03532
2025-06-22T10:00:00.000000000,84.91,170.70692
2025-06-22T11:00:00.000000000,84.57,157.81214
2025-06-22T12:00:00.000000000,86.09,151.81843
2025-06-22T13:00:00.000000000,77.56,140.66818
2025-06-22T14:00:00.000000000,81.88,146.67832
2025-06-22T15:00:00.000000000,76.1,161.80182
2025-06-22T16:00:00.000000000,98.8,155.09393
2025-06-22T17:00:00.000000000,110.09,157.4133
2025-06-22T18:00:00.000000000,132.31,162.55147
2025-06-22T19:00:00.000000000,156.76,159.23979
2025-06-22T20:00:00.000000000,143.48,161.60294
2025-06-22T21:00:00.000000000,127.07,160.93612
2025-06-22T22:00:00.000000000,127.88,149.55763
2025-06-22T23:00:00.000000000,100.53,157.41035
2025-06-23T00:00:00.000000000,99.15,157.69395
2025-06-23T01:00:00.000000000,101.17,161.60328
2025-06-23T02:00:00.000000000,97.79,160.10061
2025-06-23T03:00:00.000000000,97.06,180.29469
2025-06-23T04:00:00.000000000,102.05,159.28648
2025-06-23T05:00:00.000000000,113.08,161.8369
2025-06-23T06:00:00.000000000,121.08,159.05677
2025-06-23T07:00:00.000000000,97.2,165.05025
2025-06-23T08:00:00.000000000,83.08,158.35183
2025-06-23T09:00:00.000000000,88.1,154.74194
2025-06-23T10:00:00.000000000,76.29,167.27241
2025-06-23T11:00:00.000000000,69.49,157.25056
2025-06-23T12:00:00.000000000,69.71,144.6357
2025-06-23T13:00:00.000000000,76.64,139.74389
2025-06-23T14:00:00.000000000,72.72,145.39444
2025-06-23T15:00:00.000000000,77.76,157.66917
2025-06-23T16:00:00.000000000,92.22,150.79568
2025-06-23T17:00:00.000000000,123.39,155.3162
2025-06-23T18:00:00.000000000,143.64,156.75558
2025-06-23T19:00:00.000000000,157.3,155.95276
2025-06-23T20:00:00.000000000,175.37,155.67963
2025-06-23T21:00:00.000000000,162.49,153.93879
2025-06-23T22:00:00.000000000,142.26,149.89158
2025-06-23T23:00:00.000000000,122.37,154.22609
2025-06-24T00:00:00.000000000,100.12,156.1069
2025-06-24T01:00:00.000000000,103.19,160.06739
2025-06-24T02:00:00.000000000,98.57,157.75584
2025-06-24T03:00:00.000000000,100.79,176.89435
2025-06-24T04:00:00.000000000,104.51,160.05868
2025-06-24T05:00:00.000000000,107.69,162.23606
2025-06-24T06:00:00.000000000,106.35,156.89037
2025-06-24T07:00:00.000000000,108.05,160.04808
2025-06-24T08:00:00.000000000,89.75,155.60543
2025-06-24T09:00:00.000000000,80.69,154.36009
2025-06-24T10:00:00.000000000,74.96,166.21394
2025-06-24T11:00:00.000000000,73.59,156.76973
2025-06-18T12:00:00.000000000,133.99,154.83695
2025-06-18T13:00:00.000000000,131.35,141.84355
2025-06-18T14:00:00.000000000,137.84,147.43843
2025-06-18T15:00:00.000000000,159.33,164.11271
2025-06-18T16:00:00.000000000,215.79,157.51832
2025-06-18T17:00:00.000000000,262.22,159.37209
2025-06-18T18:00:00.000000000,300.4,164.93773
2025-06-18T19:00:00.000000000,326.29,161.05626
2025-06-18T20:00:00.000000000,334.11,164.55011
2025-06-18T21:00:00.000000000,339.63,163.87976
2025-06-18T22:00:00.000000000,331.8,150.08315
2025-06-18T23:00:00.000000000,318.34,158.79589
2025-06-19T00:00:00.000000000,311.18,158.73432
2025-06-19T01:00:00.000000000,305.33,162.83685
2025-06-19T02:00:00.000000000,300.29,160.59165
2025-06-19T03:00:00.000000000,300.11,182.40641
2025-06-19T04:00:00.000000000,297.77,160.31979
2025-06-19T05:00:00.000000000,285.31,162.11884
2025-06-19T06:00:00.000000000,268.71,160.04119
2025-06-19T07:00:00.000000000,258.64,167.04014
2025-06-19T08:00:00.000000000,223.05,158.12445
2025-06-19T09:00:00.000000000,196.05,155.96913
2025-06-19T10:00:00.000000000,158.99,169.4497
2025-06-19T11:00:00.000000000,151.99,158.18519
2025-06-19T12:00:00.000000000,144.44,150.65949
2025-06-19T13:00:00.000000000,143.18,140.0459
2025-06-19T14:00:00.000000000,140.57,145.45869
2025-06-19T15:00:00.000000000,157.65,160.98972
2025-06-19T16:00:00.000000000,200.32,154.63155
2025-06-19T17:00:00.000000000,240.42,156.9698
2025-06-19T18:00:00.000000000,269.13,161.312
2025-06-19T19:00:00.000000000,279.72,158.32828
2025-06-19T20:00:00.000000000,275.3,161.47281
2025-06-19T21:00:00.000000000,261.38,160.93175
2025-06-19T22:00:00.000000000,218.49,150.12956
2025-06-19T23:00:00.000000000,193.18,157.98482
2025-06-20T00:00:00.000000000,174.49,156.87722
2025-06-20T01:00:00.000000000,182.95,162.02213
2025-06-20T02:00:00.000000000,180.21,156.95469
2025-06-20T03:00:00.000000000,182.19,181.54902
2025-06-20T04:00:00.000000000,193.5,159.5066
2025-06-20T05:00:00.000000000,193.39,161.09002
2025-06-20T06:00:00.000000000,190.47,159.41212
2025-06-20T07:00:00.000000000,197.74,164.29692
2025-06-20T08:00:00.000000000,204.98,155.03148
2025-06-20T09:00:00.000000000,176.3,155.60025
2025-06-20T10:00:00.000000000,144.72,169.56163
2025-06-20T11:00:00.000000000,135.94,156.63683
2025-06-20T12:00:00.000000000,132.94,151.85946
2025-06-20T13:00:00.000000000,127.46,141.23415
2025-06-20T14:00:00.000000000,131.55,145.4992
2025-06-20T15:00:00.000000000,146.85,162.98168
2025-06-20T16:00:00.000000000,183.89,156.76966
2025-06-20T17:00:00.000000000,232.18,158.8021
2025-06-20T18:00:00.000000000,249.39,162.65073
2025-06-20T19:00:00.000000000,261.31,159.39136
2025-06-20T20:00:00.000000000,265.77,163.27435
2025-06-20T21:00:00.000000000,255.83,163.12346
2025-06-20T22:00:00.000000000,226.37,150.7387
2025-06-20T23:00:00.000000000,200.21,158.75716
2025-06-21T00:00:00.000000000,172.77,157.45142
2025-06-21T01:00:00.000000000,157.06,163.36101
2025-06-21T02:00:00.000000000,137.82,157.57251
2025-06-21T03:00:00.000000000,136.1,183.4561
2025-06-21T04:00:00.000000000,129.73,160.84503
2025-06-21T05:00:00.000000000,127.21,161.81066
2025-06-21T06:00:00.000000000,128.77,159.77543
2025-06-21T07:00:00.000000000,121.82,165.19099
2025-06-21T08:00:00.000000000,128.22,155.10299
2025-06-21T09:00:00.000000000,118.5,156.89658
2025-06-21T10:00:00.000000000,136.5,170.64758
2025-06-21T11:00:00.000000000,138.91,157.10889
2025-06-21T12:00:00.000000000,141.83,152.05825
2025-06-21T13:00:00.000000000,145.29,143.59482
2025-06-21T14:00:00.000000000,135.15,145.12211
2025-06-21T15:00:00.000000000,127.96,166.21668
2025-06-21T16:00:00.000000000,144.9,160.17784
2025-06-21T17:00:00.000000000,197.22,162.33033
2025-06-21T18:00:00.000000000,219.4,163.6702
2025-06-21T19:00:00.000000000,226.92,160.731
2025-06-21T20:00:00.000000000,212.9,165.59272
2025-06-21T21:00:00.000000000,188.96,165.70306
2025-06-21T22:00:00.000000000,148.46,152.77857
2025-06-21T23:00:00.000000000,117.85,159.20192
2025-06-22T00:00:00.000000000,103.76,158.10392
2025-06-22T01:00:00.000000000,104.51,165.98638
2025-06-22T02:00:00.000000000,104.61,159.80043
2025-06-22T03:00:00.000000000,109.88,186.85402
2025-06-22T04:00:00.000000000,109.15,163.43267
2025-06-22T05:00:00.000000000,116.3,164.5337
2025-06-22T06:00:00.000000000,101.42,160.2027
2025-06-22T07:00:00.000000000,110.79,165.68793
2025-06-22T08:00:00.000000000,97.8,156.45142
2025-06-22T09:00:00.000000000,84.56,159.03532
2025-06-22T10:00:00.000000000,84.91,170.70689
2025-06-22T11:00:00.000000000,84.57,157.81213
2025-06-22T12:00:00.000000000,86.09,151.81844
2025-06-22T13:00:00.000000000,77.56,140.66818
2025-06-22T14:00:00.000000000,81.88,146.67833
2025-06-22T15:00:00.000000000,76.1,161.80183
2025-06-22T16:00:00.000000000,98.8,155.09393
2025-06-22T17:00:00.000000000,110.09,157.4133
2025-06-22T18:00:00.000000000,132.31,162.55147
2025-06-22T19:00:00.000000000,156.76,159.23979
2025-06-22T20:00:00.000000000,143.48,161.60294
2025-06-22T21:00:00.000000000,127.07,160.93612
2025-06-22T22:00:00.000000000,127.88,149.55763
2025-06-22T23:00:00.000000000,100.53,157.41035
2025-06-23T00:00:00.000000000,99.15,157.69395
2025-06-23T01:00:00.000000000,101.17,161.60328
2025-06-23T02:00:00.000000000,97.79,160.10061
2025-06-23T03:00:00.000000000,97.06,180.29469
2025-06-23T04:00:00.000000000,102.05,159.28648
2025-06-23T05:00:00.000000000,113.08,161.83689
2025-06-23T06:00:00.000000000,121.08,159.05677
2025-06-23T07:00:00.000000000,97.2,165.05025
2025-06-23T08:00:00.000000000,83.08,158.35183
2025-06-23T09:00:00.000000000,88.1,154.74194
2025-06-23T10:00:00.000000000,76.29,167.27241
2025-06-23T11:00:00.000000000,69.49,157.25056
2025-06-23T12:00:00.000000000,69.71,144.6357
2025-06-23T13:00:00.000000000,76.64,139.74388
2025-06-23T14:00:00.000000000,72.72,145.39444
2025-06-23T15:00:00.000000000,77.76,157.66917
2025-06-23T16:00:00.000000000,92.22,150.79567
2025-06-23T17:00:00.000000000,123.39,155.3162
2025-06-23T18:00:00.000000000,143.64,156.75558
2025-06-23T19:00:00.000000000,157.3,155.95276
2025-06-23T20:00:00.000000000,175.37,155.67963
2025-06-23T21:00:00.000000000,162.49,153.93879
2025-06-23T22:00:00.000000000,142.26,149.89158
2025-06-23T23:00:00.000000000,122.37,154.2261
2025-06-24T00:00:00.000000000,100.12,156.10689
2025-06-24T01:00:00.000000000,103.19,160.06738
2025-06-24T02:00:00.000000000,98.57,157.75584
2025-06-24T03:00:00.000000000,100.79,176.89435
2025-06-24T04:00:00.000000000,104.51,160.05869
2025-06-24T05:00:00.000000000,107.69,162.23606
2025-06-24T06:00:00.000000000,106.35,156.89037
2025-06-24T07:00:00.000000000,108.05,160.04808
2025-06-24T08:00:00.000000000,89.75,155.60543
2025-06-24T09:00:00.000000000,80.69,154.36009
2025-06-24T10:00:00.000000000,74.96,166.21394
2025-06-24T11:00:00.000000000,73.59,156.76973
2025-06-24T12:00:00.000000000,75.32,158.3896
2025-06-24T13:00:00.000000000,71.72,152.15944
2025-06-24T14:00:00.000000000,72.3,147.53065
2025-06-24T15:00:00.000000000,72.14,177.85541
2025-06-24T16:00:00.000000000,84.83,173.83586
2025-06-24T17:00:00.000000000,117.36,174.65157
2025-06-24T18:00:00.000000000,153.24,172.43673
2025-06-24T19:00:00.000000000,169.98,168.72862
2025-06-24T20:00:00.000000000,175.94,175.32986
2025-06-24T21:00:00.000000000,161.63,179.39809
2025-06-24T22:00:00.000000000,158.5,160.24966
2025-06-24T23:00:00.000000000,161.73,165.35844
2025-06-25T00:00:00.000000000,173.18,163.05213
2025-06-25T01:00:00.000000000,172.22,175.49174
2025-06-25T02:00:00.000000000,190.84,163.61991
2025-06-25T03:00:00.000000000,231.4,199.83236
2025-06-25T04:00:00.000000000,267.9,175.30546
2025-06-25T05:00:00.000000000,282.38,170.01497
2025-06-25T06:00:00.000000000,290.35,162.81793
2025-06-25T07:00:00.000000000,285.98,170.82046
2025-06-25T08:00:00.000000000,280.19,156.41559
2025-06-25T09:00:00.000000000,258.48,169.57229
2025-06-25T10:00:00.000000000,239.59,181.06204
2025-06-25T11:00:00.000000000,216.05,162.58472
2025-06-19T12:00:00.000000000,144.44,151.14064
2025-06-19T13:00:00.000000000,143.18,140.32141
2025-06-19T14:00:00.000000000,140.57,145.56556
2025-06-19T15:00:00.000000000,157.65,161.52129
2025-06-19T16:00:00.000000000,200.32,155.08533
2025-06-19T17:00:00.000000000,240.42,157.3684
2025-06-19T18:00:00.000000000,269.13,161.75427
2025-06-19T19:00:00.000000000,279.72,158.68186
2025-06-19T20:00:00.000000000,275.3,161.97647
2025-06-19T21:00:00.000000000,261.38,161.48503
2025-06-19T22:00:00.000000000,218.49,150.18514
2025-06-19T23:00:00.000000000,193.18,158.20866
2025-06-20T00:00:00.000000000,174.49,157.0495
2025-06-20T01:00:00.000000000,182.95,162.30694
2025-06-20T02:00:00.000000000,180.21,157.30805
2025-06-20T03:00:00.000000000,182.19,181.94879
2025-06-20T04:00:00.000000000,193.5,159.68388
2025-06-20T05:00:00.000000000,193.39,161.26415
2025-06-20T06:00:00.000000000,190.47,159.56267
2025-06-20T07:00:00.000000000,197.74,164.58684
2025-06-20T08:00:00.000000000,204.98,155.26349
2025-06-20T09:00:00.000000000,176.3,155.77374
2025-06-20T10:00:00.000000000,144.72,169.652
2025-06-20T11:00:00.000000000,135.94,156.78025
2025-06-20T12:00:00.000000000,132.94,151.84852
2025-06-20T13:00:00.000000000,127.46,141.22656
2025-06-20T14:00:00.000000000,131.55,145.4958
2025-06-20T15:00:00.000000000,146.85,162.96911
2025-06-20T16:00:00.000000000,183.89,156.75722
2025-06-20T17:00:00.000000000,232.18,158.79085
2025-06-20T18:00:00.000000000,249.39,162.64049
2025-06-20T19:00:00.000000000,261.31,159.38286
2025-06-20T20:00:00.000000000,265.77,163.26228
2025-06-20T21:00:00.000000000,255.83,163.11103
2025-06-20T22:00:00.000000000,226.37,150.73533
2025-06-20T23:00:00.000000000,200.21,158.75316
2025-06-21T00:00:00.000000000,172.77,157.44623
2025-06-21T01:00:00.000000000,157.06,163.35452
2025-06-21T02:00:00.000000000,137.82,157.56358
2025-06-21T03:00:00.000000000,136.1,183.44702
2025-06-21T04:00:00.000000000,129.73,160.83872
2025-06-21T05:00:00.000000000,127.21,161.80512
2025-06-21T06:00:00.000000000,128.77,159.7726
2025-06-21T07:00:00.000000000,121.82,165.18328
2025-06-21T08:00:00.000000000,128.22,155.09724
2025-06-21T09:00:00.000000000,118.5,156.89129
2025-06-21T10:00:00.000000000,136.5,170.64425
2025-06-21T11:00:00.000000000,138.91,157.10431
2025-06-21T12:00:00.000000000,141.83,152.05852
2025-06-21T13:00:00.000000000,145.29,143.59505
2025-06-21T14:00:00.000000000,135.15,145.12218
2025-06-21T15:00:00.000000000,127.96,166.21702
2025-06-21T16:00:00.000000000,144.9,160.17819
2025-06-21T17:00:00.000000000,197.22,162.33064
2025-06-21T18:00:00.000000000,219.4,163.67046
2025-06-21T19:00:00.000000000,226.92,160.73122
2025-06-21T20:00:00.000000000,212.9,165.59302
2025-06-21T21:00:00.000000000,188.96,165.70339
2025-06-21T22:00:00.000000000,148.46,152.7787
2025-06-21T23:00:00.000000000,117.85,159.20203
2025-06-22T00:00:00.000000000,103.76,158.10406
2025-06-22T01:00:00.000000000,104.51,165.98658
2025-06-22T02:00:00.000000000,104.61,159.80065
2025-06-22T03:00:00.000000000,109.88,186.85428
2025-06-22T04:00:00.000000000,109.15,163.43288
2025-06-22T05:00:00.000000000,116.3,164.53386
2025-06-22T06:00:00.000000000,101.42,160.20277
2025-06-22T07:00:00.000000000,110.79,165.6881
2025-06-22T08:00:00.000000000,97.8,156.45155
2025-06-22T09:00:00.000000000,84.56,159.03548
2025-06-22T10:00:00.000000000,84.91,170.70702
2025-06-22T11:00:00.000000000,84.57,157.81226
2025-06-22T12:00:00.000000000,86.09,151.81844
2025-06-22T13:00:00.000000000,77.56,140.66818
2025-06-22T14:00:00.000000000,81.88,146.67832
2025-06-22T15:00:00.000000000,76.1,161.80182
2025-06-22T16:00:00.000000000,98.8,155.09392
2025-06-22T17:00:00.000000000,110.09,157.4133
2025-06-22T18:00:00.000000000,132.31,162.55147
2025-06-22T19:00:00.000000000,156.76,159.23979
2025-06-22T20:00:00.000000000,143.48,161.60294
2025-06-22T21:00:00.000000000,127.07,160.93612
2025-06-22T22:00:00.000000000,127.88,149.55763
2025-06-22T23:00:00.000000000,100.53,157.41035
2025-06-23T00:00:00.000000000,99.15,157.69395
2025-06-23T01:00:00.000000000,101.17,161.60328
2025-06-23T02:00:00.000000000,97.79,160.10061
2025-06-23T03:00:00.000000000,97.06,180.29469
2025-06-23T04:00:00.000000000,102.05,159.28647
2025-06-23T05:00:00.000000000,113.08,161.83689
2025-06-23T06:00:00.000000000,121.08,159.05677
2025-06-23T07:00:00.000000000,97.2,165.05024
2025-06-23T08:00:00.000000000,83.08,158.35183
2025-06-23T09:00:00.000000000,88.1,154.74193
2025-06-23T10:00:00.000000000,76.29,167.27241
2025-06-23T11:00:00.000000000,69.49,157.25055
2025-06-23T12:00:00.000000000,69.71,144.6357
2025-06-23T13:00:00.000000000,76.64,139.74389
2025-06-23T14:00:00.000000000,72.72,145.39444
2025-06-23T15:00:00.000000000,77.76,157.66917
2025-06-23T16:00:00.000000000,92.22,150.79568
2025-06-23T17:00:00.000000000,123.39,155.3162
2025-06-23T18:00:00.000000000,143.64,156.75558
2025-06-23T19:00:00.000000000,157.3,155.95276
2025-06-23T20:00:00.000000000,175.37,155.67963
2025-06-23T21:00:00.000000000,162.49,153.93879
2025-06-23T22:00:00.000000000,142.26,149.89158
2025-06-23T23:00:00.000000000,122.37,154.22609
2025-06-24T00:00:00.000000000,100.12,156.1069
2025-06-24T01:00:00.000000000,103.19,160.06739
2025-06-24T02:00:00.000000000,98.57,157.75584
2025-06-24T03:00:00.000000000,100.79,176.89435
2025-06-24T04:00:00.000000000,104.51,160.05868
2025-06-24T05:00:00.000000000,107.69,162.23606
2025-06-24T06:00:00.000000000,106.35,156.89037
2025-06-24T07:00:00.000000000,108.05,160.04808
2025-06-24T08:00:00.000000000,89.75,155.60543
2025-06-24T09:00:00.000000000,80.69,154.36009
2025-06-24T10:00:00.000000000,74.96,166.21394
2025-06-24T11:00:00.000000000,73.59,156.76973
2025-06-24T12:00:00.000000000,75.32,158.3896
2025-06-24T13:00:00.000000000,71.72,152.15944
2025-06-24T14:00:00.000000000,72.3,147.53065
2025-06-24T15:00:00.000000000,72.14,177.85541
2025-06-24T16:00:00.000000000,84.83,173.83586
2025-06-24T17:00:00.000000000,117.36,174.65157
2025-06-24T18:00:00.000000000,153.24,172.43673
2025-06-24T19:00:00.000000000,169.98,168.72862
2025-06-24T20:00:00.000000000,175.94,175.32986
2025-06-24T21:00:00.000000000,161.63,179.39809
2025-06-24T22:00:00.000000000,158.5,160.24966
2025-06-24T23:00:00.000000000,161.73,165.35844
2025-06-25T00:00:00.000000000,173.18,163.05213
2025-06-25T01:00:00.000000000,172.22,175.49174
2025-06-25T02:00:00.000000000,190.84,163.61991
2025-06-25T03:00:00.000000000,231.4,199.83236
2025-06-25T04:00:00.000000000,267.9,175.30546
2025-06-25T05:00:00.000000000,282.38,170.01497
2025-06-25T06:00:00.000000000,290.35,162.81793
2025-06-25T07:00:00.000000000,285.98,170.82046
2025-06-25T08:00:00.000000000,280.19,156.41559
2025-06-25T09:00:00.000000000,258.48,169.57229
2025-06-25T10:00:00.000000000,239.59,181.06204
2025-06-25T11:00:00.000000000,216.05,162.58472
2025-06-25T12:00:00.000000000,202.44,164.06237
2025-06-25T13:00:00.000000000,192.74,153.54031
2025-06-25T14:00:00.000000000,201.95,149.46262
2025-06-25T15:00:00.000000000,237.79,180.35109
2025-06-25T16:00:00.000000000,268.62,176.26903
2025-06-25T17:00:00.000000000,306.02,176.1833
2025-06-25T18:00:00.000000000,300.91,176.41026
2025-06-25T19:00:00.000000000,297.31,171.93564
2025-06-25T20:00:00.000000000,285.91,179.60621
2025-06-25T21:00:00.000000000,280.88,183.11494
2025-06-25T22:00:00.000000000,272.34,161.09252
2025-06-25T23:00:00.000000000,213.12,167.99156
2025-06-26T00:00:00.000000000,193.55,164.9098
2025-06-26T01:00:00.000000000,181.06,176.69639
2025-06-26T02:00:00.000000000,169.62,165.1532
2025-06-26T03:00:00.000000000,167.73,201.6033
2025-06-26T04:00:00.000000000,180.96,175.5169
2025-06-26T05:00:00.000000000,201.71,169.79843
2025-06-26T06:00:00.000000000,212.92,164.34466
2025-06-26T07:00:00.000000000,189.58,174.88444
2025-06-26T08:00:00.000000000,142.61,158.51786
2025-06-26T09:00:00.000000000,105.6,171.07113
2025-06-26T10:00:00.000000000,93.66,183.40975
2025-06-26T11:00:00.000000000,81.42,164.27051
2025-06-20T12:00:00.000000000,132.94,151.98758
2025-06-20T13:00:00.000000000,127.46,141.48232
2025-06-20T14:00:00.000000000,131.55,145.55213
2025-06-20T15:00:00.000000000,146.85,163.34535
2025-06-20T16:00:00.000000000,183.89,157.0598
2025-06-20T17:00:00.000000000,232.18,159.15588
2025-06-20T18:00:00.000000000,249.39,162.81057
2025-06-20T19:00:00.000000000,261.31,159.59209
2025-06-20T20:00:00.000000000,265.77,163.53677
2025-06-20T21:00:00.000000000,255.83,163.33564
2025-06-20T22:00:00.000000000,226.37,150.91356
2025-06-20T23:00:00.000000000,200.21,158.76877
2025-06-21T00:00:00.000000000,172.77,157.56276
2025-06-21T01:00:00.000000000,157.06,163.56855
2025-06-21T02:00:00.000000000,137.82,158.04569
2025-06-21T03:00:00.000000000,136.1,183.71196
2025-06-21T04:00:00.000000000,129.73,161.00708
2025-06-21T05:00:00.000000000,127.21,162.16103
2025-06-21T06:00:00.000000000,128.77,159.84506
2025-06-21T07:00:00.000000000,121.82,165.29478
2025-06-21T08:00:00.000000000,128.22,155.49629
2025-06-21T09:00:00.000000000,118.5,156.9745
2025-06-21T10:00:00.000000000,136.5,170.43228
2025-06-21T11:00:00.000000000,138.91,157.22172
2025-06-21T12:00:00.000000000,141.83,152.05771
2025-06-21T13:00:00.000000000,145.29,143.59394
2025-06-21T14:00:00.000000000,135.15,145.122
2025-06-21T15:00:00.000000000,127.96,166.21543
2025-06-21T16:00:00.000000000,144.9,160.17651
2025-06-21T17:00:00.000000000,197.22,162.32905
2025-06-21T18:00:00.000000000,219.4,163.66951
2025-06-21T19:00:00.000000000,226.92,160.7303
2025-06-21T20:00:00.000000000,212.9,165.59166
2025-06-21T21:00:00.000000000,188.96,165.70189
2025-06-21T22:00:00.000000000,148.46,152.77793
2025-06-21T23:00:00.000000000,117.85,159.20157
2025-06-22T00:00:00.000000000,103.76,158.10353
2025-06-22T01:00:00.000000000,104.51,165.98549
2025-06-22T02:00:00.000000000,104.61,159.79962
2025-06-22T03:00:00.000000000,109.88,186.85287
2025-06-22T04:00:00.000000000,109.15,163.43176
2025-06-22T05:00:00.000000000,116.3,164.53288
2025-06-22T06:00:00.000000000,101.42,160.20248
2025-06-22T07:00:00.000000000,110.79,165.68744
2025-06-22T08:00:00.000000000,97.8,156.45093
2025-06-22T09:00:00.000000000,84.56,159.03451
2025-06-22T10:00:00.000000000,84.91,170.7066
2025-06-22T11:00:00.000000000,84.57,157.81173
2025-06-22T12:00:00.000000000,86.09,151.81844
2025-06-22T13:00:00.000000000,77.56,140.66819
2025-06-22T14:00:00.000000000,81.88,146.67832
2025-06-22T15:00:00.000000000,76.1,161.80183
2025-06-22T16:00:00.000000000,98.8,155.09394
2025-06-22T17:00:00.000000000,110.09,157.41331
2025-06-22T18:00:00.000000000,132.31,162.55147
2025-06-22T19:00:00.000000000,156.76,159.23979
2025-06-22T20:00:00.000000000,143.48,161.60294
2025-06-22T21:00:00.000000000,127.07,160.93612
2025-06-22T22:00:00.000000000,127.88,149.55763
2025-06-22T23:00:00.000000000,100.53,157.41035
2025-06-23T00:00:00.000000000,99.15,157.69396
2025-06-23T01:00:00.000000000,101.17,161.60328
2025-06-23T02:00:00.000000000,97.79,160.10061
2025-06-23T03:00:00.000000000,97.06,180.29471
2025-06-23T04:00:00.000000000,102.05,159.28648
2025-06-23T05:00:00.000000000,113.08,161.8369
2025-06-23T06:00:00.000000000,121.08,159.05677
2025-06-23T07:00:00.000000000,97.2,165.05025
2025-06-23T08:00:00.000000000,83.08,158.35183
2025-06-23T09:00:00.000000000,88.1,154.74194
2025-06-23T10:00:00.000000000,76.29,167.27241
2025-06-23T11:00:00.000000000,69.49,157.25056
2025-06-23T12:00:00.000000000,69.71,144.6357
2025-06-23T13:00:00.000000000,76.64,139.74389
2025-06-23T14:00:00.000000000,72.72,145.39444
2025-06-23T15:00:00.000000000,77.76,157.66917
2025-06-23T16:00:00.000000000,92.22,150.79568
2025-06-23T17:00:00.000000000,123.39,155.3162
2025-06-23T18:00:00.000000000,143.64,156.75558
2025-06-23T19:00:00.000000000,157.3,155.95276
2025-06-23T20:00:00.000000000,175.37,155.67963
2025-06-23T21:00:00.000000000,162.49,153.93879
2025-06-23T22:00:00.000000000,142.26,149.89158
2025-06-23T23:00:00.000000000,122.37,154.22609
2025-06-24T00:00:00.000000000,100.12,156.1069
2025-06-24T01:00:00.000000000,103.19,160.06739
2025-06-24T02:00:00.000000000,98.57,157.75584
2025-06-24T03:00:00.000000000,100.79,176.89435
2025-06-24T04:00:00.000000000,104.51,160.05868
2025-06-24T05:00:00.000000000,107.69,162.23606
2025-06-24T06:00:00.000000000,106.35,156.89037
2025-06-24T07:00:00.000000000,108.05,160.04808
2025-06-24T08:00:00.000000000,89.75,155.60543
2025-06-24T09:00:00.000000000,80.69,154.36009
2025-06-24T10:00:00.000000000,74.96,166.21394
2025-06-24T11:00:00.000000000,73.59,156.76973
2025-06-24T12:00:00.000000000,75.32,158.3896
2025-06-24T13:00:00.000000000,71.72,152.15944
2025-06-24T14:00:00.000000000,72.3,147.53065
2025-06-24T15:00:00.000000000,72.14,177.85541
2025-06-24T16:00:00.000000000,84.83,173.83586
2025-06-24T17:00:00.000000000,117.36,174.65157
2025-06-24T18:00:00.000000000,153.24,172.43673
2025-06-24T19:00:00.000000000,169.98,168.72862
2025-06-24T20:00:00.000000000,175.94,175.32986
2025-06-24T21:00:00.000000000,161.63,179.39809
2025-06-24T22:00:00.000000000,158.5,160.24966
2025-06-24T23:00:00.000000000,161.73,165.35844
2025-06-25T00:00:00.000000000,173.18,163.05213
2025-06-25T01:00:00.000000000,172.22,175.49174
2025-06-25T02:00:00.000000000,190.84,163.61991
2025-06-25T03:00:00.000000000,231.4,199.83236
2025-06-25T04:00:00.000000000,267.9,175.30546
2025-06-25T05:00:00.000000000,282.38,170.01497
2025-06-25T06:00:00.000000000,290.35,162.81793
2025-06-25T07:00:00.000000000,285.98,170.82046
2025-06-25T08:00:00.000000000,280.19,156.41559
2025-06-25T09:00:00.000000000,258.48,169.57229
2025-06-25T10:00:00.000000000,239.59,181.06204
2025-06-25T11:00:00.000000000,216.05,162.58472
2025-06-25T12:00:00.000000000,202.44,164.06237
2025-06-25T13:00:00.000000000,192.74,153.54031
2025-06-25T14:00:00.000000000,201.95,149.46262
2025-06-25T15:00:00.000000000,237.79,180.35109
2025-06-25T16:00:00.000000000,268.62,176.26903
2025-06-25T17:00:00.000000000,306.02,176.1833
2025-06-25T18:00:00.000000000,300.91,176.41026
2025-06-25T19:00:00.000000000,297.31,171.93564
2025-06-25T20:00:00.000000000,285.91,179.60621
2025-06-25T21:00:00.000000000,280.88,183.11494
2025-06-25T22:00:00.000000000,272.34,161.09252
2025-06-25T23:00:00.000000000,213.12,167.99156
2025-06-26T00:00:00.000000000,193.55,164.9098
2025-06-26T01:00:00.000000000,181.06,176.69639
2025-06-26T02:00:00.000000000,169.62,165.1532
2025-06-26T03:00:00.000000000,167.73,201.6033
2025-06-26T04:00:00.000000000,180.96,175.5169
2025-06-26T05:00:00.000000000,201.71,169.79843
2025-06-26T06:00:00.000000000,212.92,164.34466
2025-06-26T07:00:00.000000000,189.58,174.88444
2025-06-26T08:00:00.000000000,142.61,158.51786
2025-06-26T09:00:00.000000000,105.6,171.07113
2025-06-26T10:00:00.000000000,93.66,183.40975
2025-06-26T11:00:00.000000000,81.42,164.27051
2025-06-26T12:00:00.000000000,75.89,163.2268
2025-06-26T13:00:00.000000000,81.16,154.20151
2025-06-26T14:00:00.000000000,77.25,149.15549
2025-06-26T15:00:00.000000000,78.28,180.94014
2025-06-26T16:00:00.000000000,90.19,176.95704
2025-06-26T17:00:00.000000000,122.22,177.08251
2025-06-26T18:00:00.000000000,139.66,176.12792
2025-06-26T19:00:00.000000000,159.07,171.94489
2025-06-26T20:00:00.000000000,179.42,179.64271
2025-06-26T21:00:00.000000000,189.83,183.38305
2025-06-26T22:00:00.000000000,158.46,161.79937
2025-06-26T23:00:00.000000000,145.7,167.85003
2025-06-27T00:00:00.000000000,147.48,164.84852
2025-06-27T01:00:00.000000000,132.98,177.45957
2025-06-27T02:00:00.000000000,125.82,165.7722
2025-06-27T03:00:00.000000000,157.23,202.49743
2025-06-27T04:00:00.000000000,178.26,176.36707
2025-06-27T05:00:00.000000000,176.64,170.82714
2025-06-27T06:00:00.000000000,170.98,164.34562
2025-06-27T07:00:00.000000000,153.1,174.37994
2025-06-27T08:00:00.000000000,119.73,158.72111
2025-06-27T09:00:00.000000000,98.3,171.60887
2025-06-27T10:00:00.000000000,84.35,183.01288
2025-06-27T11:00:00.000000000,86.11,164.30655
2025-06-21T12:00:00.000000000,141.83,152.5784
2025-06-21T13:00:00.000000000,145.29,144.1912
2025-06-21T14:00:00.000000000,135.15,145.28004
2025-06-21T15:00:00.000000000,127.96,167.11598
2025-06-21T16:00:00.000000000,144.9,161.09774
2025-06-21T17:00:00.000000000,197.22,163.20915
2025-06-21T18:00:00.000000000,219.4,164.27805
2025-06-21T19:00:00.000000000,226.92,161.30415
2025-06-21T20:00:00.000000000,212.9,166.3848
2025-06-21T21:00:00.000000000,188.96,166.57876
2025-06-21T22:00:00.000000000,148.46,153.25228
2025-06-21T23:00:00.000000000,117.85,159.5152
2025-06-22T00:00:00.000000000,103.76,158.42741
2025-06-22T01:00:00.000000000,104.51,166.62672
2025-06-22T02:00:00.000000000,104.61,160.40372
2025-06-22T03:00:00.000000000,109.88,187.70267
2025-06-22T04:00:00.000000000,109.15,164.05028
2025-06-22T05:00:00.000000000,116.3,165.05394
2025-06-22T06:00:00.000000000,101.42,160.41562
2025-06-22T07:00:00.000000000,110.79,166.11011
2025-06-22T08:00:00.000000000,97.8,156.85842
2025-06-22T09:00:00.000000000,84.56,159.58743
2025-06-22T10:00:00.000000000,84.91,170.97954
2025-06-22T11:00:00.000000000,84.57,158.11715
2025-06-22T12:00:00.000000000,86.09,151.81038
2025-06-22T13:00:00.000000000,77.56,140.65999
2025-06-22T14:00:00.000000000,81.88,146.67705
2025-06-22T15:00:00.000000000,76.1,161.78836
2025-06-22T16:00:00.000000000,98.8,155.0808
2025-06-22T17:00:00.000000000,110.09,157.40056
2025-06-22T18:00:00.000000000,132.31,162.5432
2025-06-22T19:00:00.000000000,156.76,159.23225
2025-06-22T20:00:00.000000000,143.48,161.59055
2025-06-22T21:00:00.000000000,127.07,160.92354
2025-06-22T22:00:00.000000000,127.88,149.5523
2025-06-22T23:00:00.000000000,100.53,157.40641
2025-06-23T00:00:00.000000000,99.15,157.68974
2025-06-23T01:00:00.000000000,101.17,161.59477
2025-06-23T02:00:00.000000000,97.79,160.09257
2025-06-23T03:00:00.000000000,97.06,180.28248
2025-06-23T04:00:00.000000000,102.05,159.27878
2025-06-23T05:00:00.000000000,113.08,161.82946
2025-06-23T06:00:00.000000000,121.08,159.05347
2025-06-23T07:00:00.000000000,97.2,165.04415
2025-06-23T08:00:00.000000000,83.08,158.34737
2025-06-23T09:00:00.000000000,88.1,154.73524
2025-06-23T10:00:00.000000000,76.29,167.26904
2025-06-23T11:00:00.000000000,69.49,157.24676
2025-06-23T12:00:00.000000000,69.71,144.63577
2025-06-23T13:00:00.000000000,76.64,139.74392
2025-06-23T14:00:00.000000000,72.72,145.39443
2025-06-23T15:00:00.000000000,77.76,157.66926
2025-06-23T16:00:00.000000000,92.22,150.79577
2025-06-23T17:00:00.000000000,123.39,155.31625
2025-06-23T18:00:00.000000000,143.64,156.75563
2025-06-23T19:00:00.000000000,157.3,155.9528
2025-06-23T20:00:00.000000000,175.37,155.67973
2025-06-23T21:00:00.000000000,162.49,153.93888
2025-06-23T22:00:00.000000000,142.26,149.89162
2025-06-23T23:00:00.000000000,122.37,154.22615
2025-06-24T00:00:00.000000000,100.12,156.10691
2025-06-24T01:00:00.000000000,103.19,160.06745
2025-06-24T02:00:00.000000000,98.57,157.75589
2025-06-24T03:00:00.000000000,100.79,176.89445
2025-06-24T04:00:00.000000000,104.51,160.0587
2025-06-24T05:00:00.000000000,107.69,162.23611
2025-06-24T06:00:00.000000000,106.35,156.89041
2025-06-24T07:00:00.000000000,108.05,160.04815
2025-06-24T08:00:00.000000000,89.75,155.60549
2025-06-24T09:00:00.000000000,80.69,154.36013
2025-06-24T10:00:00.000000000,74.96,166.21393
2025-06-24T11:00:00.000000000,73.59,156.76974
2025-06-24T12:00:00.000000000,75.32,158.3896
2025-06-24T13:00:00.000000000,71.72,152.15945
2025-06-24T14:00:00.000000000,72.3,147.53065
2025-06-24T15:00:00.000000000,72.14,177.85541
2025-06-24T16:00:00.000000000,84.83,173.83586
2025-06-24T17:00:00.000000000,117.36,174.65157
2025-06-24T18:00:00.000000000,153.24,172.43673
2025-06-24T19:00:00.000000000,169.98,168.72862
2025-06-24T20:00:00.000000000,175.94,175.32986
2025-06-24T21:00:00.000000000,161.63,179.39809
2025-06-24T22:00:00.000000000,158.5,160.24967
2025-06-24T23:00:00.000000000,161.73,165.35844
2025-06-25T00:00:00.000000000,173.18,163.05213
2025-06-25T01:00:00.000000000,172.22,175.49174
2025-06-25T02:00:00.000000000,190.84,163.61992
2025-06-25T03:00:00.000000000,231.4,199.83237
2025-06-25T04:00:00.000000000,267.9,175.30546
2025-06-25T05:00:00.000000000,282.38,170.01497
2025-06-25T06:00:00.000000000,290.35,162.81793
2025-06-25T07:00:00.000000000,285.98,170.82047
2025-06-25T08:00:00.000000000,280.19,156.41559
2025-06-25T09:00:00.000000000,258.48,169.5723
2025-06-25T10:00:00.000000000,239.59,181.06204
2025-06-25T11:00:00.000000000,216.05,162.58472
2025-06-25T12:00:00.000000000,202.44,164.06239
2025-06-25T13:00:00.000000000,192.74,153.54031
2025-06-25T14:00:00.000000000,201.95,149.46263
2025-06-25T15:00:00.000000000,237.79,180.3511
2025-06-25T16:00:00.000000000,268.62,176.26904
2025-06-25T17:00:00.000000000,306.02,176.18331
2025-06-25T18:00:00.000000000,300.91,176.41026
2025-06-25T19:00:00.000000000,297.31,171.93564
2025-06-25T20:00:00.000000000,285.91,179.60621
2025-06-25T21:00:00.000000000,280.88,183.11494
2025-06-25T22:00:00.000000000,272.34,161.09252
2025-06-25T23:00:00.000000000,213.12,167.99156
2025-06-26T00:00:00.000000000,193.55,164.90981
2025-06-26T01:00:00.000000000,181.06,176.69639
2025-06-26T02:00:00.000000000,169.62,165.15321
2025-06-26T03:00:00.000000000,167.73,201.6033
2025-06-26T04:00:00.000000000,180.96,175.5169
2025-06-26T05:00:00.000000000,201.71,169.79844
2025-06-26T06:00:00.000000000,212.92,164.34467
2025-06-26T07:00:00.000000000,189.58,174.88445
2025-06-26T08:00:00.000000000,142.61,158.51787
2025-06-26T09:00:00.000000000,105.6,171.07113
2025-06-26T10:00:00.000000000,93.66,183.40977
2025-06-26T11:00:00.000000000,81.42,164.27051
2025-06-26T12:00:00.000000000,75.89,163.2268
2025-06-26T13:00:00.000000000,81.16,154.20151
2025-06-26T14:00:00.000000000,77.25,149.15549
2025-06-26T15:00:00.000000000,78.28,180.94014
2025-06-26T16:00:00.000000000,90.19,176.95704
2025-06-26T17:00:00.000000000,122.22,177.08251
2025-06-26T18:00:00.000000000,139.66,176.12792
2025-06-26T19:00:00.000000000,159.07,171.94489
2025-06-26T20:00:00.000000000,179.42,179.64271
2025-06-26T21:00:00.000000000,189.83,183.38305
2025-06-26T22:00:00.000000000,158.46,161.79937
2025-06-26T23:00:00.000000000,145.7,167.85003
2025-06-27T00:00:00.000000000,147.48,164.84852
2025-06-27T01:00:00.000000000,132.98,177.45957
2025-06-27T02:00:00.000000000,125.82,165.7722
2025-06-27T03:00:00.000000000,157.23,202.49743
2025-06-27T04:00:00.000000000,178.26,176.36707
2025-06-27T05:00:00.000000000,176.64,170.82714
2025-06-27T06:00:00.000000000,170.98,164.34562
2025-06-27T07:00:00.000000000,153.1,174.37994
2025-06-27T08:00:00.000000000,119.73,158.72111
2025-06-27T09:00:00.000000000,98.3,171.60887
2025-06-27T10:00:00.000000000,84.35,183.01288
2025-06-27T11:00:00.000000000,86.11,164.30655
2025-06-27T12:00:00.000000000,87.6,159.37031
2025-06-27T13:00:00.000000000,81.48,151.10421
2025-06-27T14:00:00.000000000,82.95,147.75251
2025-06-27T15:00:00.000000000,83.71,176.95389
2025-06-27T16:00:00.000000000,105.89,172.61376
2025-06-27T17:00:00.000000000,125.01,173.21725
2025-06-27T18:00:00.000000000,160.18,172.63205
2025-06-27T19:00:00.000000000,176.99,168.64547
2025-06-27T20:00:00.000000000,167.92,175.33523
2025-06-27T21:00:00.000000000,155.72,178.83532
2025-06-27T22:00:00.000000000,136.27,159.2663
2025-06-27T23:00:00.000000000,134.91,165.45446
2025-06-28T00:00:00.000000000,115.53,162.85659
2025-06-28T01:00:00.000000000,113.8,174.60671
2025-06-28T02:00:00.000000000,114.3,163.11422
2025-06-28T03:00:00.000000000,108.11,198.66364
2025-06-28T04:00:00.000000000,103.59,173.61903
2025-06-28T05:00:00.000000000,100.72,168.67047
2025-06-28T06:00:00.000000000,108.08,162.94737
2025-06-28T07:00:00.000000000,110.97,171.3458
2025-06-28T08:00:00.000000000,101.91,156.72855
2025-06-28T09:00:00.000000000,97.54,168.5698
2025-06-28T10:00:00.000000000,102.03,180.7587
2025-06-28T11:00:00.000000000,94.01,162.28739
2025-06-22T12:00:00.000000000,86.09,151.88351
2025-06-22T13:00:00.000000000,77.56,141.59581
2025-06-22T14:00:00.000000000,81.88,146.60896
2025-06-22T15:00:00.000000000,76.1,163.10321
2025-06-22T16:00:00.000000000,98.8,156.3357
2025-06-22T17:00:00.000000000,110.09,158.7964
2025-06-22T18:00:00.000000000,132.31,162.94107
2025-06-22T19:00:00.000000000,156.76,159.77555
2025-06-22T20:00:00.000000000,143.48,162.46563
2025-06-22T21:00:00.000000000,127.07,161.79229
2025-06-22T22:00:00.000000000,127.88,150.31555
2025-06-22T23:00:00.000000000,100.53,157.45253
2025-06-23T00:00:00.000000000,99.15,157.98846
2025-06-23T01:00:00.000000000,101.17,162.55143
2025-06-23T02:00:00.000000000,97.79,161.33404
2025-06-23T03:00:00.000000000,97.06,181.48186
2025-06-23T04:00:00.000000000,102.05,160.18555
2025-06-23T05:00:00.000000000,113.08,163.04616
2025-06-23T06:00:00.000000000,121.08,159.20917
2025-06-23T07:00:00.000000000,97.2,165.23915
2025-06-23T08:00:00.000000000,83.08,159.28498
2025-06-23T09:00:00.000000000,88.1,155.37858
2025-06-23T10:00:00.000000000,76.29,166.89076
2025-06-23T11:00:00.000000000,69.49,157.53985
2025-06-23T12:00:00.000000000,69.71,144.64452
2025-06-23T13:00:00.000000000,76.64,139.74462
2025-06-23T14:00:00.000000000,72.72,145.39416
2025-06-23T15:00:00.000000000,77.76,157.67399
2025-06-23T16:00:00.000000000,92.22,150.80337
2025-06-23T17:00:00.000000000,123.39,155.3177
2025-06-23T18:00:00.000000000,143.64,156.76168
2025-06-23T19:00:00.000000000,157.3,155.95574
2025-06-23T20:00:00.000000000,175.37,155.68848
2025-06-23T21:00:00.000000000,162.49,153.94757
2025-06-23T22:00:00.000000000,142.26,149.89137
2025-06-23T23:00:00.000000000,122.37,154.23116
2025-06-24T00:00:00.000000000,100.12,156.10787
2025-06-24T01:00:00.000000000,103.19,160.07105
2025-06-24T02:00:00.000000000,98.57,157.7551
2025-06-24T03:00:00.000000000,100.79,176.90102
2025-06-24T04:00:00.000000000,104.51,160.05752
2025-06-24T05:00:00.000000000,107.69,162.23595
2025-06-24T06:00:00.000000000,106.35,156.8941
2025-06-24T07:00:00.000000000,108.05,160.0546
2025-06-24T08:00:00.000000000,89.75,155.60346
2025-06-24T09:00:00.000000000,80.69,154.36303
2025-06-24T10:00:00.000000000,74.96,166.21924
2025-06-24T11:00:00.000000000,73.59,156.77155
2025-06-24T12:00:00.000000000,75.32,158.38942
2025-06-24T13:00:00.000000000,71.72,152.15936
2025-06-24T14:00:00.000000000,72.3,147.53063
2025-06-24T15:00:00.000000000,72.14,177.85525
2025-06-24T16:00:00.000000000,84.83,173.83572
2025-06-24T17:00:00.000000000,117.36,174.65146
2025-06-24T18:00:00.000000000,153.24,172.43658
2025-06-24T19:00:00.000000000,169.98,168.72847
2025-06-24T20:00:00.000000000,175.94,175.32965
2025-06-24T21:00:00.000000000,161.63,179.39789
2025-06-24T22:00:00.000000000,158.5,160.24959
2025-06-24T23:00:00.000000000,161.73,165.3583
2025-06-25T00:00:00.000000000,173.18,163.05211
2025-06-25T01:00:00.000000000,172.22,175.49156
2025-06-25T02:00:00.000000000,190.84,163.61981
2025-06-25T03:00:00.000000000,231.4,199.83216
2025-06-25T04:00:00.000000000,267.9,175.30547
2025-06-25T05:00:00.000000000,282.38,170.01493
2025-06-25T06:00:00.000000000,290.35,162.8178
2025-06-25T07:00:00.000000000,285.98,170.82036
2025-06-25T08:00:00.000000000,280.19,156.41546
2025-06-25T09:00:00.000000000,258.48,169.57221
2025-06-25T10:00:00.000000000,239.59,181.06201
2025-06-25T11:00:00.000000000,216.05,162.58468
2025-06-25T12:00:00.000000000,202.44,164.06239
2025-06-25T13:00:00.000000000,192.74,153.54031
2025-06-25T14:00:00.000000000,201.95,149.46262
2025-06-25T15:00:00.000000000,237.79,180.3511
2025-06-25T16:00:00.000000000,268.62,176.26903
2025-06-25T17:00:00.000000000,306.02,176.1833
2025-06-25T18:00:00.000000000,300.91,176.41026
2025-06-25T19:00:00.000000000,297.31,171.93564
2025-06-25T20:00:00.000000000,285.91,179.60621
2025-06-25T21:00:00.000000000,280.88,183.11494
2025-06-25T22:00:00.000000000,272.34,161.09252
2025-06-25T23:00:00.000000000,213.12,167.99156
2025-06-26T00:00:00.000000000,193.55,164.90981
2025-06-26T01:00:00.000000000,181.06,176.69639
2025-06-26T02:00:00.000000000,169.62,165.15321
2025-06-26T03:00:00.000000000,167.73,201.6033
2025-06-26T04:00:00.000000000,180.96,175.5169
2025-06-26T05:00:00.000000000,201.71,169.79843
2025-06-26T06:00:00.000000000,212.92,164.34467
2025-06-26T07:00:00.000000000,189.58,174.88444
2025-06-26T08:00:00.000000000,142.61,158.51787
2025-06-26T09:00:00.000000000,105.6,171.07113
2025-06-26T10:00:00.000000000,93.66,183.40975
2025-06-26T11:00:00.000000000,81.42,164.27051
2025-06-26T12:00:00.000000000,75.89,163.2268
2025-06-26T13:00:00.000000000,81.16,154.20151
2025-06-26T14:00:00.000000000,77.25,149.15549
2025-06-26T15:00:00.000000000,78.28,180.94014
2025-06-26T16:00:00.000000000,90.19,176.95704
2025-06-26T17:00:00.000000000,122.22,177.08251
2025-06-26T18:00:00.000000000,139.66,176.12792
2025-06-26T19:00:00.000000000,159.07,171.94489
2025-06-26T20:00:00.000000000,179.42,179.64271
2025-06-26T21:00:00.000000000,189.83,183.38305
2025-06-26T22:00:00.000000000,158.46,161.79937
2025-06-26T23:00:00.000000000,145.7,167.85003
2025-06-27T00:00:00.000000000,147.48,164.84852
2025-06-27T01:00:00.000000000,132.98,177.45957
2025-06-27T02:00:00.000000000,125.82,165.7722
2025-06-27T03:00:00.000000000,157.23,202.49743
2025-06-27T04:00:00.000000000,178.26,176.36707
2025-06-27T05:00:00.000000000,176.64,170.82714
2025-06-27T06:00:00.000000000,170.98,164.34562
2025-06-27T07:00:00.000000000,153.1,174.37994
2025-06-27T08:00:00.000000000,119.73,158.72111
2025-06-27T09:00:00.000000000,98.3,171.60887
2025-06-27T10:00:00.000000000,84.35,183.01288
2025-06-27T11:00:00.000000000,86.11,164.30655
2025-06-27T12:00:00.000000000,87.6,159.37031
2025-06-27T13:00:00.000000000,81.48,151.10421
2025-06-27T14:00:00.000000000,82.95,147.75251
2025-06-27T15:00:00.000000000,83.71,176.95389
2025-06-27T16:00:00.000000000,105.89,172.61376
2025-06-27T17:00:00.000000000,125.01,173.21725
2025-06-27T18:00:00.000000000,160.18,172.63205
2025-06-27T19:00:00.000000000,176.99,168.64547
2025-06-27T20:00:00.000000000,167.92,175.33523
2025-06-27T21:00:00.000000000,155.72,178.83532
2025-06-27T22:00:00.000000000,136.27,159.2663
2025-06-27T23:00:00.000000000,134.91,165.45446
2025-06-28T00:00:00.000000000,115.53,162.85659
2025-06-28T01:00:00.000000000,113.8,174.60671
2025-06-28T02:00:00.000000000,114.3,163.11422
2025-06-28T03:00:00.000000000,108.11,198.66364
2025-06-28T04:00:00.000000000,103.59,173.61903
2025-06-28T05:00:00.000000000,100.72,168.67047
2025-06-28T06:00:00.000000000,108.08,162.94737
2025-06-28T07:00:00.000000000,110.97,171.3458
2025-06-28T08:00:00.000000000,101.91,156.72855
2025-06-28T09:00:00.000000000,97.54,168.5698
2025-06-28T10:00:00.000000000,102.03,180.7587
2025-06-28T11:00:00.000000000,94.01,162.28739
2025-06-28T12:00:00.000000000,76.56,158.99579
2025-06-28T13:00:00.000000000,76.05,151.76988
2025-06-28T14:00:00.000000000,79.99,147.47127
2025-06-28T15:00:00.000000000,90.87,177.66489
2025-06-28T16:00:00.000000000,121.05,173.24163
2025-06-28T17:00:00.000000000,145.21,174.08485
2025-06-28T18:00:00.000000000,176.89,172.38748
2025-06-28T19:00:00.000000000,190.67,168.8191
2025-06-28T20:00:00.000000000,179.49,175.79948
2025-06-28T21:00:00.000000000,185.0,178.97407
2025-06-28T22:00:00.000000000,162.98,159.97053
2025-06-28T23:00:00.000000000,125.81,165.13779
2025-06-29T00:00:00.000000000,126.87,162.78662
2025-06-29T01:00:00.000000000,144.44,175.3062
2025-06-29T02:00:00.000000000,166.55,164.49259
2025-06-29T03:00:00.000000000,155.87,199.33256
2025-06-29T04:00:00.000000000,141.28,173.84978
2025-06-29T05:00:00.000000000,149.79,169.89666
2025-06-29T06:00:00.000000000,152.01,163.00139
2025-06-29T07:00:00.000000000,161.16,171.26365
2025-06-29T08:00:00.000000000,167.16,158.0422
2025-06-29T09:00:00.000000000,155.75,168.80211
2025-06-29T10:00:00.000000000,155.56,179.3985
2025-06-29T11:00:00.000000000,148.36,162.34906
2025-06-23T12:00:00.000000000,69.71,146.10883
2025-06-23T13:00:00.000000000,76.64,141.24432
2025-06-23T14:00:00.000000000,72.72,144.81869
2025-06-23T15:00:00.000000000,77.76,160.67228
2025-06-23T16:00:00.000000000,92.22,154.09095
2025-06-23T17:00:00.000000000,123.39,158.25578
2025-06-23T18:00:00.000000000,143.64,158.41478
2025-06-23T19:00:00.000000000,157.3,157.20593
2025-06-23T20:00:00.000000000,175.37,158.59916
2025-06-23T21:00:00.000000000,162.49,157.41718
2025-06-23T22:00:00.000000000,142.26,151.34097
2025-06-23T23:00:00.000000000,122.37,155.25536
2025-06-24T00:00:00.000000000,100.12,156.69178
2025-06-24T01:00:00.000000000,103.19,162.06011
2025-06-24T02:00:00.000000000,98.57,158.73262
2025-06-24T03:00:00.000000000,100.79,180.45951
2025-06-24T04:00:00.000000000,104.51,161.76578
2025-06-24T05:00:00.000000000,107.69,163.90451
2025-06-24T06:00:00.000000000,106.35,157.61812
2025-06-24T07:00:00.000000000,108.05,161.33742
2025-06-24T08:00:00.000000000,89.75,155.71011
2025-06-24T09:00:00.000000000,80.69,155.90187
2025-06-24T10:00:00.000000000,74.96,167.23329
2025-06-24T11:00:00.000000000,73.59,156.9747
2025-06-24T12:00:00.000000000,75.32,158.39643
2025-06-24T13:00:00.000000000,71.72,152.17912
2025-06-24T14:00:00.000000000,72.3,147.53975
2025-06-24T15:00:00.000000000,72.14,177.87347
2025-06-24T16:00:00.000000000,84.83,173.86274
2025-06-24T17:00:00.000000000,117.36,174.67682
2025-06-24T18:00:00.000000000,153.24,172.44956
2025-06-24T19:00:00.000000000,169.98,168.73925
2025-06-24T20:00:00.000000000,175.94,175.33746
2025-06-24T21:00:00.000000000,161.63,179.41905
2025-06-24T22:00:00.000000000,158.5,160.26388
2025-06-24T23:00:00.000000000,161.73,165.36691
2025-06-25T00:00:00.000000000,173.18,163.06722
2025-06-25T01:00:00.000000000,172.22,175.49977
2025-06-25T02:00:00.000000000,190.84,163.61925
2025-06-25T03:00:00.000000000,231.4,199.84783
2025-06-25T04:00:00.000000000,267.9,175.34071
2025-06-25T05:00:00.000000000,282.38,170.02737
2025-06-25T06:00:00.000000000,290.35,162.8159
2025-06-25T07:00:00.000000000,285.98,170.82902
2025-06-25T08:00:00.000000000,280.19,156.39928
2025-06-25T09:00:00.000000000,258.48,169.5952
2025-06-25T10:00:00.000000000,239.59,181.09624
2025-06-25T11:00:00.000000000,216.05,162.59928
2025-06-25T12:00:00.000000000,202.44,164.06225
2025-06-25T13:00:00.000000000,192.74,153.53979
2025-06-25T14:00:00.000000000,201.95,149.46256
2025-06-25T15:00:00.000000000,237.79,180.3505
2025-06-25T16:00:00.000000000,268.62,176.26835
2025-06-25T17:00:00.000000000,306.02,176.18262
2025-06-25T18:00:00.000000000,300.91,176.40995
2025-06-25T19:00:00.000000000,297.31,171.93529
2025-06-25T20:00:00.000000000,285.91,179.60578
2025-06-25T21:00:00.000000000,280.88,183.11433
2025-06-25T22:00:00.000000000,272.34,161.09205
2025-06-25T23:00:00.000000000,213.12,167.99129
2025-06-26T00:00:00.000000000,193.55,164.90959
2025-06-26T01:00:00.000000000,181.06,176.69585
2025-06-26T02:00:00.000000000,169.62,165.15287
2025-06-26T03:00:00.000000000,167.73,201.60258
2025-06-26T04:00:00.000000000,180.96,175.51627
2025-06-26T05:00:00.000000000,201.71,169.79794
2025-06-26T06:00:00.000000000,212.92,164.34451
2025-06-26T07:00:00.000000000,189.58,174.88431
2025-06-26T08:00:00.000000000,142.61,158.51779
2025-06-26T09:00:00.000000000,105.6,171.07058
2025-06-26T10:00:00.000000000,93.66,183.40943
2025-06-26T11:00:00.000000000,81.42,164.27027
2025-06-26T12:00:00.000000000,75.89,163.2268
2025-06-26T13:00:00.000000000,81.16,154.20152
2025-06-26T14:00:00.000000000,77.25,149.15549
2025-06-26T15:00:00.000000000,78.28,180.94014
2025-06-26T16:00:00.000000000,90.19,176.95705
2025-06-26T17:00:00.000000000,122.22,177.08252
2025-06-26T18:00:00.000000000,139.66,176.12793
2025-06-26T19:00:00.000000000,159.07,171.94489
2025-06-26T20:00:00.000000000,179.42,179.64271
2025-06-26T21:00:00.000000000,189.83,183.38305
2025-06-26T22:00:00.000000000,158.46,161.79937
2025-06-26T23:00:00.000000000,145.7,167.85003
2025-06-27T00:00:00.000000000,147.48,164.84853
2025-06-27T01:00:00.000000000,132.98,177.45959
2025-06-27T02:00:00.000000000,125.82,165.7722
2025-06-27T03:00:00.000000000,157.23,202.49744
2025-06-27T04:00:00.000000000,178.26,176.36707
2025-06-27T05:00:00.000000000,176.64,170.82715
2025-06-27T06:00:00.000000000,170.98,164.34563
2025-06-27T07:00:00.000000000,153.1,174.37994
2025-06-27T08:00:00.000000000,119.73,158.72111
2025-06-27T09:00:00.000000000,98.3,171.60887
2025-06-27T10:00:00.000000000,84.35,183.01289
2025-06-27T11:00:00.000000000,86.11,164.30656
2025-06-27T12:00:00.000000000,87.6,159.37031
2025-06-27T13:00:00.000000000,81.48,151.10421
2025-06-27T14:00:00.000000000,82.95,147.75251
2025-06-27T15:00:00.000000000,83.71,176.95389
2025-06-27T16:00:00.000000000,105.89,172.61376
2025-06-27T17:00:00.000000000,125.01,173.21725
2025-06-27T18:00:00.000000000,160.18,172.63205
2025-06-27T19:00:00.000000000,176.99,168.64547
2025-06-27T20:00:00.000000000,167.92,175.33523
2025-06-27T21:00:00.000000000,155.72,178.83532
2025-06-27T22:00:00.000000000,136.27,159.2663
2025-06-27T23:00:00.000000000,134.91,165.45446
2025-06-28T00:00:00.000000000,115.53,162.85659
2025-06-28T01:00:00.000000000,113.8,174.60671
2025-06-28T02:00:00.000000000,114.3,163.11422
2025-06-28T03:00:00.000000000,108.11,198.66364
2025-06-28T04:00:00.000000000,103.59,173.61903
2025-06-28T05:00:00.000000000,100.72,168.67047
2025-06-28T06:00:00.000000000,108.08,162.94737
2025-06-28T07:00:00.000000000,110.97,171.3458
2025-06-28T08:00:00.000000000,101.91,156.72855
2025-06-28T09:00:00.000000000,97.54,168.5698
2025-06-28T10:00:00.000000000,102.03,180.7587
2025-06-28T11:00:00.000000000,94.01,162.28739
2025-06-28T12:00:00.000000000,76.56,158.99579
2025-06-28T13:00:00.000000000,76.05,151.76988
2025-06-28T14:00:00.000000000,79.99,147.47127
2025-06-28T15:00:00.000000000,90.87,177.66489
2025-06-28T16:00:00.000000000,121.05,173.24163
2025-06-28T17:00:00.000000000,145.21,174.08485
2025-06-28T18:00:00.000000000,176.89,172.38748
2025-06-28T19:00:00.000000000,190.67,168.8191
2025-06-28T20:00:00.000000000,179.49,175.79948
2025-06-28T21:00:00.000000000,185.0,178.97407
2025-06-28T22:00:00.000000000,162.98,159.97053
2025-06-28T23:00:00.000000000,125.81,165.13779
2025-06-29T00:00:00.000000000,126.87,162.78662
2025-06-29T01:00:00.000000000,144.44,175.3062
2025-06-29T02:00:00.000000000,166.55,164.49259
2025-06-29T03:00:00.000000000,155.87,199.33256
2025-06-29T04:00:00.000000000,141.28,173.84978
2025-06-29T05:00:00.000000000,149.79,169.89666
2025-06-29T06:00:00.000000000,152.01,163.00139
2025-06-29T07:00:00.000000000,161.16,171.26365
2025-06-29T08:00:00.000000000,167.16,158.0422
2025-06-29T09:00:00.000000000,155.75,168.80211
2025-06-29T10:00:00.000000000,155.56,179.3985
2025-06-29T11:00:00.000000000,148.36,162.34906
2025-06-29T12:00:00.000000000,128.25,154.5196
2025-06-29T13:00:00.000000000,111.3,147.26204
2025-06-29T14:00:00.000000000,129.56,145.75796
2025-06-29T15:00:00.000000000,140.2,171.40196
2025-06-29T16:00:00.000000000,171.9,165.90639
2025-06-29T17:00:00.000000000,229.63,167.63072
2025-06-29T18:00:00.000000000,268.05,166.95629
2025-06-29T19:00:00.000000000,300.01,163.99139
2025-06-29T20:00:00.000000000,304.93,170.08099
2025-06-29T21:00:00.000000000,278.22,171.11051
2025-06-29T22:00:00.000000000,245.29,156.07693
2025-06-29T23:00:00.000000000,234.43,161.33529
2025-06-30T00:00:00.000000000,217.38,159.89157
2025-06-30T01:00:00.000000000,215.96,170.25495
2025-06-30T02:00:00.000000000,211.66,162.43894
2025-06-30T03:00:00.000000000,217.06,192.38909
2025-06-30T04:00:00.000000000,232.02,167.80026
2025-06-30T05:00:00.000000000,236.36,167.48481
2025-06-30T06:00:00.000000000,231.06,161.33536
2025-06-30T07:00:00.000000000,212.1,167.88717
2025-06-30T08:00:00.000000000,190.5,157.89553
2025-06-30T09:00:00.000000000,151.59,163.1993
2025-06-30T10:00:00.000000000,125.95,173.41389
2025-06-30T11:00:00.000000000,118.72,159.60001
2025-06-24T12:00:00.000000000,75.32,161.22514
2025-06-24T13:00:00.000000000,71.72,155.83221
2025-06-24T14:00:00.000000000,72.3,148.6452
2025-06-24T15:00:00.000000000,72.14,182.28648
2025-06-24T16:00:00.000000000,84.83,178.7986
2025-06-24T17:00:00.000000000,117.36,179.19568
2025-06-24T18:00:00.000000000,153.24,175.62072
2025-06-24T19:00:00.000000000,169.98,172.08017
2025-06-24T20:00:00.000000000,175.94,179.47826
2025-06-24T21:00:00.000000000,161.63,184.28081
2025-06-24T22:00:00.000000000,158.5,163.41064
2025-06-24T23:00:00.000000000,161.73,167.90409
2025-06-25T00:00:00.000000000,173.18,164.78174
2025-06-25T01:00:00.000000000,172.22,179.41334
2025-06-25T02:00:00.000000000,190.84,166.31952
2025-06-25T03:00:00.000000000,231.4,204.86546
2025-06-25T04:00:00.000000000,267.9,179.01643
2025-06-25T05:00:00.000000000,282.38,172.92808
2025-06-25T06:00:00.000000000,290.35,164.35553
2025-06-25T07:00:00.000000000,285.98,172.98514
2025-06-25T08:00:00.000000000,280.19,157.72184
2025-06-25T09:00:00.000000000,258.48,173.53268
2025-06-25T10:00:00.000000000,239.59,183.65079
2025-06-25T11:00:00.000000000,216.05,164.64066
2025-06-25T12:00:00.000000000,202.44,164.00816
2025-06-25T13:00:00.000000000,192.74,153.46489
2025-06-25T14:00:00.000000000,201.95,149.44199
2025-06-25T15:00:00.000000000,237.79,180.26139
2025-06-25T16:00:00.000000000,268.62,176.1679
2025-06-25T17:00:00.000000000,306.02,176.08721
2025-06-25T18:00:00.000000000,300.91,176.34843
2025-06-25T19:00:00.000000000,297.31,171.87142
2025-06-25T20:00:00.000000000,285.91,179.52432
2025-06-25T21:00:00.000000000,280.88,183.01823
2025-06-25T22:00:00.000000000,272.34,161.02671
2025-06-25T23:00:00.000000000,213.12,167.94571
2025-06-26T00:00:00.000000000,193.55,164.87158
2025-06-26T01:00:00.000000000,181.06,176.6235
2025-06-26T02:00:00.000000000,169.62,165.09408
2025-06-26T03:00:00.000000000,167.73,201.50656
2025-06-26T04:00:00.000000000,180.96,175.43937
2025-06-26T05:00:00.000000000,201.71,169.73521
2025-06-26T06:00:00.000000000,212.92,164.31739
2025-06-26T07:00:00.000000000,189.58,174.83903
2025-06-26T08:00:00.000000000,142.61,158.48381
2025-06-26T09:00:00.000000000,105.6,170.99717
2025-06-26T10:00:00.000000000,93.66,183.36562
2025-06-26T11:00:00.000000000,81.42,164.22953
2025-06-26T12:00:00.000000000,75.89,163.22775
2025-06-26T13:00:00.000000000,81.16,154.20291
2025-06-26T14:00:00.000000000,77.25,149.15587
2025-06-26T15:00:00.000000000,78.28,180.94177
2025-06-26T16:00:00.000000000,90.19,176.95887
2025-06-26T17:00:00.000000000,122.22,177.08428
2025-06-26T18:00:00.000000000,139.66,176.12903
2025-06-26T19:00:00.000000000,159.07,171.94605
2025-06-26T20:00:00.000000000,179.42,179.64417
2025-06-26T21:00:00.000000000,189.83,183.3848
2025-06-26T22:00:00.000000000,158.46,161.80058
2025-06-26T23:00:00.000000000,145.7,167.85085
2025-06-27T00:00:00.000000000,147.48,164.84921
2025-06-27T01:00:00.000000000,132.98,177.46092
2025-06-27T02:00:00.000000000,125.82,165.77328
2025-06-27T03:00:00.000000000,157.23,202.4992
2025-06-27T04:00:00.000000000,178.26,176.3685
2025-06-27T05:00:00.000000000,176.64,170.8283
2025-06-27T06:00:00.000000000,170.98,164.34611
2025-06-27T07:00:00.000000000,153.1,174.38074
2025-06-27T08:00:00.000000000,119.73,158.72172
2025-06-27T09:00:00.000000000,98.3,171.61022
2025-06-27T10:00:00.000000000,84.35,183.01369
2025-06-27T11:00:00.000000000,86.11,164.3073
2025-06-27T12:00:00.000000000,87.6,159.3703
2025-06-27T13:00:00.000000000,81.48,151.10418
2025-06-27T14:00:00.000000000,82.95,147.7525
2025-06-27T15:00:00.000000000,83.71,176.95386
2025-06-27T16:00:00.000000000,105.89,172.61372
2025-06-27T17:00:00.000000000,125.01,173.21721
2025-06-27T18:00:00.000000000,160.18,172.63203
2025-06-27T19:00:00.000000000,176.99,168.64545
2025-06-27T20:00:00.000000000,167.92,175.33519
2025-06-27T21:00:00.000000000,155.72,178.83529
2025-06-27T22:00:00.000000000,136.27,159.26628
2025-06-27T23:00:00.000000000,134.91,165.45444
2025-06-28T00:00:00.000000000,115.53,162.85657
2025-06-28T01:00:00.000000000,113.8,174.60669
2025-06-28T02:00:00.000000000,114.3,163.1142
2025-06-28T03:00:00.000000000,108.11,198.6636
2025-06-28T04:00:00.000000000,103.59,173.61901
2025-06-28T05:00:00.000000000,100.72,168.67044
2025-06-28T06:00:00.000000000,108.08,162.94737
2025-06-28T07:00:00.000000000,110.97,171.34579
2025-06-28T08:00:00.000000000,101.91,156.72854
2025-06-28T09:00:00.000000000,97.54,168.56976
2025-06-28T10:00:00.000000000,102.03,180.75869
2025-06-28T11:00:00.000000000,94.01,162.28737
2025-06-28T12:00:00.000000000,76.56,158.99579
2025-06-28T13:00:00.000000000,76.05,151.76989
2025-06-28T14:00:00.000000000,79.99,147.47126
2025-06-28T15:00:00.000000000,90.87,177.66489
2025-06-28T16:00:00.000000000,121.05,173.24163
2025-06-28T17:00:00.000000000,145.21,174.08485
2025-06-28T18:00:00.000000000,176.89,172.38748
2025-06-28T19:00:00.000000000,190.67,168.8191
2025-06-28T20:00:00.000000000,179.49,175.79948
2025-06-28T21:00:00.000000000,185.0,178.97407
2025-06-28T22:00:00.000000000,162.98,159.97053
2025-06-28T23:00:00.000000000,125.81,165.13779
2025-06-29T00:00:00.000000000,126.87,162.78662
2025-06-29T01:00:00.000000000,144.44,175.3062
2025-06-29T02:00:00.000000000,166.55,164.49258
2025-06-29T03:00:00.000000000,155.87,199.33256
2025-06-29T04:00:00.000000000,141.28,173.84978
2025-06-29T05:00:00.000000000,149.79,169.89666
2025-06-29T06:00:00.000000000,152.01,163.00139
2025-06-29T07:00:00.000000000,161.16,171.26365
2025-06-29T08:00:00.000000000,167.16,158.0422
2025-06-29T09:00:00.000000000,155.75,168.80211
2025-06-29T10:00:00.000000000,155.56,179.3985
2025-06-29T11:00:00.000000000,148.36,162.34906
2025-06-29T12:00:00.000000000,128.25,154.5196
2025-06-29T13:00:00.000000000,111.3,147.26204
2025-06-29T14:00:00.000000000,129.56,145.75796
2025-06-29T15:00:00.000000000,140.2,171.40196
2025-06-29T16:00:00.000000000,171.9,165.90639
2025-06-29T17:00:00.000000000,229.63,167.63072
2025-06-29T18:00:00.000000000,268.05,166.95629
2025-06-29T19:00:00.000000000,300.01,163.99139
2025-06-29T20:00:00.000000000,304.93,170.08099
2025-06-29T21:00:00.000000000,278.22,171.11051
2025-06-29T22:00:00.000000000,245.29,156.07693
2025-06-29T23:00:00.000000000,234.43,161.33529
2025-06-30T00:00:00.000000000,217.38,159.89157
2025-06-30T01:00:00.000000000,215.96,170.25495
2025-06-30T02:00:00.000000000,211.66,162.43894
2025-06-30T03:00:00.000000000,217.06,192.38909
2025-06-30T04:00:00.000000000,232.02,167.80026
2025-06-30T05:00:00.000000000,236.36,167.48481
2025-06-30T06:00:00.000000000,231.06,161.33536
2025-06-30T07:00:00.000000000,212.1,167.88717
2025-06-30T08:00:00.000000000,190.5,157.89553
2025-06-30T09:00:00.000000000,151.59,163.1993
2025-06-30T10:00:00.000000000,125.95,173.41389
2025-06-30T11:00:00.000000000,118.72,159.60001
2025-06-30T12:00:00.000000000,117.67,160.55996
2025-06-30T13:00:00.000000000,117.27,153.15661
2025-06-30T14:00:00.000000000,135.18,148.19818
2025-06-30T15:00:00.000000000,176.67,179.40095
2025-06-30T16:00:00.000000000,219.32,175.35923
2025-06-30T17:00:00.000000000,241.09,175.85001
2025-06-30T18:00:00.000000000,274.87,174.15655
2025-06-30T19:00:00.000000000,281.81,170.26354
2025-06-30T20:00:00.000000000,282.48,177.43188
2025-06-30T21:00:00.000000000,266.62,181.35576
2025-06-30T22:00:00.000000000,270.1,161.04686
2025-06-30T23:00:00.000000000,253.69,166.58108
2025-07-01T00:00:00.000000000,238.07,163.80103
2025-07-01T01:00:00.000000000,248.87,176.64502
2025-07-01T02:00:00.000000000,265.58,164.71756
2025-07-01T03:00:00.000000000,263.49,201.32818
2025-07-01T04:00:00.000000000,289.46,175.79455
2025-07-01T05:00:00.000000000,299.87,170.4928
2025-07-01T06:00:00.000000000,282.7,163.63295
2025-07-01T07:00:00.000000000,261.27,172.38331
2025-07-01T08:00:00.000000000,243.39,157.59742
2025-07-01T09:00:00.000000000,235.5,170.59893
2025-07-01T10:00:00.000000000,221.63,181.84284
2025-07-01T11:00:00.000000000,220.37,163.32712
2025-06-25T12:00:00.000000000,202.44,167.33855
2025-06-25T13:00:00.000000000,192.74,155.93477
2025-06-25T14:00:00.000000000,201.95,150.88581
2025-06-25T15:00:00.000000000,237.79,183.31653
2025-06-25T16:00:00.000000000,268.62,179.804
2025-06-25T17:00:00.000000000,306.02,179.09593
2025-06-25T18:00:00.000000000,300.91,179.46528
2025-06-25T19:00:00.000000000,297.31,174.72022
2025-06-25T20:00:00.000000000,285.91,182.78011
2025-06-25T21:00:00.000000000,280.88,187.05724
2025-06-25T22:00:00.000000000,272.34,162.96829
2025-06-25T23:00:00.000000000,213.12,170.40108
2025-06-26T00:00:00.000000000,193.55,166.67979
2025-06-26T01:00:00.000000000,181.06,178.90153
2025-06-26T02:00:00.000000000,169.62,166.1491
2025-06-26T03:00:00.000000000,167.73,204.75897
2025-06-26T04:00:00.000000000,180.96,178.21536
2025-06-26T05:00:00.000000000,201.71,170.91529
2025-06-26T06:00:00.000000000,212.92,165.48722
2025-06-26T07:00:00.000000000,189.58,177.26123
2025-06-26T08:00:00.000000000,142.61,158.55395
2025-06-26T09:00:00.000000000,105.6,173.99898
2025-06-26T10:00:00.000000000,93.66,186.98692
2025-06-26T11:00:00.000000000,81.42,166.15043
2025-06-26T12:00:00.000000000,75.89,163.13022
2025-06-26T13:00:00.000000000,81.16,154.09634
2025-06-26T14:00:00.000000000,77.25,149.1184
2025-06-26T15:00:00.000000000,78.28,180.81327
2025-06-26T16:00:00.000000000,90.19,176.81438
2025-06-26T17:00:00.000000000,122.22,176.95069
2025-06-26T18:00:00.000000000,139.66,176.02935
2025-06-26T19:00:00.000000000,159.07,171.84672
2025-06-26T20:00:00.000000000,179.42,179.51807
2025-06-26T21:00:00.000000000,189.83,183.24063
2025-06-26T22:00:00.000000000,158.46,161.70963
2025-06-26T23:00:00.000000000,145.7,167.77824
2025-06-27T00:00:00.000000000,147.48,164.78943
2025-06-27T01:00:00.000000000,132.98,177.36033
2025-06-27T02:00:00.000000000,125.82,165.68911
2025-06-27T03:00:00.000000000,157.23,202.36503
2025-06-27T04:00:00.000000000,178.26,176.26384
2025-06-27T05:00:00.000000000,176.64,170.74617
2025-06-27T06:00:00.000000000,170.98,164.30385
2025-06-27T07:00:00.000000000,153.1,174.30203
2025-06-27T08:00:00.000000000,119.73,158.66925
2025-06-27T09:00:00.000000000,98.3,171.50498
2025-06-27T10:00:00.000000000,84.35,182.94261
2025-06-27T11:00:00.000000000,86.11,164.24448
2025-06-27T12:00:00.000000000,87.6,159.37254
2025-06-27T13:00:00.000000000,81.48,151.10681
2025-06-27T14:00:00.000000000,82.95,147.75332
2025-06-27T15:00:00.000000000,83.71,176.95716
2025-06-27T16:00:00.000000000,105.89,172.61737
2025-06-27T17:00:00.000000000,125.01,173.22057
2025-06-27T18:00:00.000000000,160.18,172.63445
2025-06-27T19:00:00.000000000,176.99,168.64782
2025-06-27T20:00:00.000000000,167.92,175.33831
2025-06-27T21:00:00.000000000,155.72,178.83883
2025-06-27T22:00:00.000000000,136.27,159.26848
2025-06-27T23:00:00.000000000,134.91,165.45616
2025-06-28T00:00:00.000000000,115.53,162.858
2025-06-28T01:00:00.000000000,113.8,174.60926
2025-06-28T02:00:00.000000000,114.3,163.11626
2025-06-28T03:00:00.000000000,108.11,198.66701
2025-06-28T04:00:00.000000000,103.59,173.62167
2025-06-28T05:00:00.000000000,100.72,168.67256
2025-06-28T06:00:00.000000000,108.08,162.94837
2025-06-28T07:00:00.000000000,110.97,171.34765
2025-06-28T08:00:00.000000000,101.91,156.72981
2025-06-28T09:00:00.000000000,97.54,168.57242
2025-06-28T10:00:00.000000000,102.03,180.76042
2025-06-28T11:00:00.000000000,94.01,162.28886
2025-06-28T12:00:00.000000000,76.56,158.99573
2025-06-28T13:00:00.000000000,76.05,151.76984
2025-06-28T14:00:00.000000000,79.99,147.47125
2025-06-28T15:00:00.000000000,90.87,177.66482
2025-06-28T16:00:00.000000000,121.05,173.24154
2025-06-28T17:00:00.000000000,145.21,174.08477
2025-06-28T18:00:00.000000000,176.89,172.38744
2025-06-28T19:00:00.000000000,190.67,168.81903
2025-06-28T20:00:00.000000000,179.49,175.79942
2025-06-28T21:00:00.000000000,185.0,178.974
2025-06-28T22:00:00.000000000,162.98,159.97048
2025-06-28T23:00:00.000000000,125.81,165.13775
2025-06-29T00:00:00.000000000,126.87,162.78659
2025-06-29T01:00:00.000000000,144.44,175.30613
2025-06-29T02:00:00.000000000,166.55,164.49254
2025-06-29T03:00:00.000000000,155.87,199.33247
2025-06-29T04:00:00.000000000,141.28,173.84972
2025-06-29T05:00:00.000000000,149.79,169.89659
2025-06-29T06:00:00.000000000,152.01,163.00136
2025-06-29T07:00:00.000000000,161.16,171.26361
2025-06-29T08:00:00.000000000,167.16,158.04217
2025-06-29T09:00:00.000000000,155.75,168.80206
2025-06-29T10:00:00.000000000,155.56,179.39847
2025-06-29T11:00:00.000000000,148.36,162.34904
2025-06-29T12:00:00.000000000,128.25,154.51961
2025-06-29T13:00:00.000000000,111.3,147.26204
2025-06-29T14:00:00.000000000,129.56,145.75796
2025-06-29T15:00:00.000000000,140.2,171.40196
2025-06-29T16:00:00.000000000,171.9,165.90639
2025-06-29T17:00:00.000000000,229.63,167.63072
2025-06-29T18:00:00.000000000,268.05,166.95629
2025-06-29T19:00:00.000000000,300.01,163.99139
2025-06-29T20:00:00.000000000,304.93,170.08099
2025-06-29T21:00:00.000000000,278.22,171.11051
2025-06-29T22:00:00.000000000,245.29,156.07693
2025-06-29T23:00:00.000000000,234.43,161.33529
2025-06-30T00:00:00.000000000,217.38,159.89157
2025-06-30T01:00:00.000000000,215.96,170.25495
2025-06-30T02:00:00.000000000,211.66,162.43895
2025-06-30T03:00:00.000000000,217.06,192.38909
2025-06-30T04:00:00.000000000,232.02,167.80026
2025-06-30T05:00:00.000000000,236.36,167.48481
2025-06-30T06:00:00.000000000,231.06,161.33537
2025-06-30T07:00:00.000000000,212.1,167.88717
2025-06-30T08:00:00.000000000,190.5,157.89553
2025-06-30T09:00:00.000000000,151.59,163.1993
2025-06-30T10:00:00.000000000,125.95,173.4139
2025-06-30T11:00:00.000000000,118.72,159.60002
2025-06-30T12:00:00.000000000,117.67,160.55996
2025-06-30T13:00:00.000000000,117.27,153.15661
2025-06-30T14:00:00.000000000,135.18,148.19818
2025-06-30T15:00:00.000000000,176.67,179.40095
2025-06-30T16:00:00.000000000,219.32,175.35923
2025-06-30T17:00:00.000000000,241.09,175.85001
2025-06-30T18:00:00.000000000,274.87,174.15655
2025-06-30T19:00:00.000000000,281.81,170.26354
2025-06-30T20:00:00.000000000,282.48,177.43188
2025-06-30T21:00:00.000000000,266.62,181.35576
2025-06-30T22:00:00.000000000,270.1,161.04686
2025-06-30T23:00:00.000000000,253.69,166.58108
2025-07-01T00:00:00.000000000,238.07,163.80103
2025-07-01T01:00:00.000000000,248.87,176.64502
2025-07-01T02:00:00.000000000,265.58,164.71756
2025-07-01T03:00:00.000000000,263.49,201.32818
2025-07-01T04:00:00.000000000,289.46,175.79455
2025-07-01T05:00:00.000000000,299.87,170.4928
2025-07-01T06:00:00.000000000,282.7,163.63295
2025-07-01T07:00:00.000000000,261.27,172.38331
2025-07-01T08:00:00.000000000,243.39,157.59742
2025-07-01T09:00:00.000000000,235.5,170.59893
2025-07-01T10:00:00.000000000,221.63,181.84284
2025-07-01T11:00:00.000000000,220.37,163.32712
2025-07-01T12:00:00.000000000,219.36,165.10499
2025-07-01T13:00:00.000000000,214.71,160.23621
2025-07-01T14:00:00.000000000,225.02,150.63604
2025-07-01T15:00:00.000000000,244.32,187.18678
2025-07-01T16:00:00.000000000,261.26,184.65096
2025-07-01T17:00:00.000000000,286.83,184.43739
2025-07-01T18:00:00.000000000,305.71,179.68952
2025-07-01T19:00:00.000000000,322.47,176.40163
2025-07-01T20:00:00.000000000,329.98,184.07785
2025-07-01T21:00:00.000000000,340.25,190.18389
2025-07-01T22:00:00.000000000,326.19,167.10913
2025-07-01T23:00:00.000000000,323.94,171.29262
2025-07-02T00:00:00.000000000,320.52,167.23849
2025-07-02T01:00:00.000000000,312.48,183.67191
2025-07-02T02:00:00.000000000,302.23,168.7275
2025-07-02T03:00:00.000000000,304.69,210.47833
2025-07-02T04:00:00.000000000,303.63,183.89692
2025-07-02T05:00:00.000000000,315.02,175.83817
2025-07-02T06:00:00.000000000,308.88,165.96804
2025-07-02T07:00:00.000000000,295.77,175.81693
2025-07-02T08:00:00.000000000,275.13,157.8646
2025-07-02T09:00:00.000000000,244.14,178.70741
2025-07-02T10:00:00.000000000,215.66,188.44749
2025-07-02T11:00:00.000000000,195.26,167.60775
2025-06-26T12:00:00.000000000,75.89,161.01003
2025-06-26T13:00:00.000000000,81.16,153.02935
2025-06-26T14:00:00.000000000,77.25,148.16538
2025-06-26T15:00:00.000000000,78.28,179.36857
2025-06-26T16:00:00.000000000,90.19,174.99755
2025-06-26T17:00:00.000000000,122.22,175.62748
2025-06-26T18:00:00.000000000,139.66,173.99956
2025-06-26T19:00:00.000000000,159.07,170.3273
2025-06-26T20:00:00.000000000,179.42,177.86605
2025-06-26T21:00:00.000000000,189.83,180.87183
2025-06-26T22:00:00.000000000,158.46,160.98292
2025-06-26T23:00:00.000000000,145.7,166.1462
2025-06-27T00:00:00.000000000,147.48,163.67391
2025-06-27T01:00:00.000000000,132.98,176.41649
2025-06-27T02:00:00.000000000,125.82,165.89166
2025-06-27T03:00:00.000000000,157.23,200.78396
2025-06-27T04:00:00.000000000,178.26,174.67241
2025-06-27T05:00:00.000000000,176.64,170.75886
2025-06-27T06:00:00.000000000,170.98,163.64612
2025-06-27T07:00:00.000000000,153.1,172.853
2025-06-27T08:00:00.000000000,119.73,159.36139
2025-06-27T09:00:00.000000000,98.3,169.91356
2025-06-27T10:00:00.000000000,84.35,180.03728
2025-06-27T11:00:00.000000000,86.11,163.22553
2025-06-27T12:00:00.000000000,87.6,159.44483
2025-06-27T13:00:00.000000000,81.48,151.17937
2025-06-27T14:00:00.000000000,82.95,147.77962
2025-06-27T15:00:00.000000000,83.71,177.04976
2025-06-27T16:00:00.000000000,105.89,172.71901
2025-06-27T17:00:00.000000000,125.01,173.3128
2025-06-27T18:00:00.000000000,160.18,172.70698
2025-06-27T19:00:00.000000000,176.99,168.71755
2025-06-27T20:00:00.000000000,167.92,175.42969
2025-06-27T21:00:00.000000000,155.72,178.94042
2025-06-27T22:00:00.000000000,136.27,159.32837
2025-06-27T23:00:00.000000000,134.91,165.50691
2025-06-28T00:00:00.000000000,115.53,162.89993
2025-06-28T01:00:00.000000000,113.8,174.67896
2025-06-28T02:00:00.000000000,114.3,163.17418
2025-06-28T03:00:00.000000000,108.11,198.76008
2025-06-28T04:00:00.000000000,103.59,173.69291
2025-06-28T05:00:00.000000000,100.72,168.72775
2025-06-28T06:00:00.000000000,108.08,162.97789
2025-06-28T07:00:00.000000000,110.97,171.4058
2025-06-28T08:00:00.000000000,101.91,156.76755
2025-06-28T09:00:00.000000000,97.54,168.64558
2025-06-28T10:00:00.000000000,102.03,180.81188
2025-06-28T11:00:00.000000000,94.01,162.33225
2025-06-28T12:00:00.000000000,76.56,158.994
2025-06-28T13:00:00.000000000,76.05,151.76797
2025-06-28T14:00:00.000000000,79.99,147.47061
2025-06-28T15:00:00.000000000,90.87,177.66248
2025-06-28T16:00:00.000000000,121.05,173.239
2025-06-28T17:00:00.000000000,145.21,174.08239
2025-06-28T18:00:00.000000000,176.89,172.38561
2025-06-28T19:00:00.000000000,190.67,168.8173
2025-06-28T20:00:00.000000000,179.49,175.79712
2025-06-28T21:00:00.000000000,185.0,178.97147
2025-06-28T22:00:00.000000000,162.98,159.96892
2025-06-28T23:00:00.000000000,125.81,165.1365
2025-06-29T00:00:00.000000000,126.87,162.78553
2025-06-29T01:00:00.000000000,144.44,175.30436
2025-06-29T02:00:00.000000000,166.55,164.49099
2025-06-29T03:00:00.000000000,155.87,199.33009
2025-06-29T04:00:00.000000000,141.28,173.84787
2025-06-29T05:00:00.000000000,149.79,169.89514
2025-06-29T06:00:00.000000000,152.01,163.00062
2025-06-29T07:00:00.000000000,161.16,171.26222
2025-06-29T08:00:00.000000000,167.16,158.04115
2025-06-29T09:00:00.000000000,155.75,168.80026
2025-06-29T10:00:00.000000000,155.56,179.39729
2025-06-29T11:00:00.000000000,148.36,162.34799
2025-06-29T12:00:00.000000000,128.25,154.51964
2025-06-29T13:00:00.000000000,111.3,147.26208
2025-06-29T14:00:00.000000000,129.56,145.75798
2025-06-29T15:00:00.000000000,140.2,171.40202
2025-06-29T16:00:00.000000000,171.9,165.90646
2025-06-29T17:00:00.000000000,229.63,167.63078
2025-06-29T18:00:00.000000000,268.05,166.95633
2025-06-29T19:00:00.000000000,300.01,163.99143
2025-06-29T20:00:00.000000000,304.93,170.08105
2025-06-29T21:00:00.000000000,278.22,171.11058
2025-06-29T22:00:00.000000000,245.29,156.07697
2025-06-29T23:00:00.000000000,234.43,161.33532
2025-06-30T00:00:00.000000000,217.38,159.89159
2025-06-30T01:00:00.000000000,215.96,170.25499
2025-06-30T02:00:00.000000000,211.66,162.43898
2025-06-30T03:00:00.000000000,217.06,192.38917
2025-06-30T04:00:00.000000000,232.02,167.8003
2025-06-30T05:00:00.000000000,236.36,167.48485
2025-06-30T06:00:00.000000000,231.06,161.33538
2025-06-30T07:00:00.000000000,212.1,167.88721
2025-06-30T08:00:00.000000000,190.5,157.89555
2025-06-30T09:00:00.000000000,151.59,163.19936
2025-06-30T10:00:00.000000000,125.95,173.41393
2025-06-30T11:00:00.000000000,118.72,159.60005
2025-06-30T12:00:00.000000000,117.67,160.55996
2025-06-30T13:00:00.000000000,117.27,153.15661
2025-06-30T14:00:00.000000000,135.18,148.19818
2025-06-30T15:00:00.000000000,176.67,179.40095
2025-06-30T16:00:00.000000000,219.32,175.35923
2025-06-30T17:00:00.000000000,241.09,175.85001
2025-06-30T18:00:00.000000000,274.87,174.15655
2025-06-30T19:00:00.000000000,281.81,170.26354
2025-06-30T20:00:00.000000000,282.48,177.43188
2025-06-30T21:00:00.000000000,266.62,181.35576
2025-06-30T22:00:00.000000000,270.1,161.04686
2025-06-30T23:00:00.000000000,253.69,166.58108
2025-07-01T00:00:00.000000000,238.07,163.80103
2025-07-01T01:00:00.000000000,248.87,176.64502
2025-07-01T02:00:00.000000000,265.58,164.71756
2025-07-01T03:00:00.000000000,263.49,201.32818
2025-07-01T04:00:00.000000000,289.46,175.79455
2025-07-01T05:00:00.000000000,299.87,170.4928
2025-07-01T06:00:00.000000000,282.7,163.63295
2025-07-01T07:00:00.000000000,261.27,172.38331
2025-07-01T08:00:00.000000000,243.39,157.59742
2025-07-01T09:00:00.000000000,235.5,170.59893
2025-07-01T10:00:00.000000000,221.63,181.84284
2025-07-01T11:00:00.000000000,220.37,163.32712
2025-07-01T12:00:00.000000000,219.36,165.10499
2025-07-01T13:00:00.000000000,214.71,160.23621
2025-07-01T14:00:00.000000000,225.02,150.63604
2025-07-01T15:00:00.000000000,244.32,187.18678
2025-07-01T16:00:00.000000000,261.26,184.65096
2025-07-01T17:00:00.000000000,286.83,184.43739
2025-07-01T18:00:00.000000000,305.71,179.68952
2025-07-01T19:00:00.000000000,322.47,176.40163
2025-07-01T20:00:00.000000000,329.98,184.07785
2025-07-01T21:00:00.000000000,340.25,190.18389
2025-07-01T22:00:00.000000000,326.19,167.10913
2025-07-01T23:00:00.000000000,323.94,171.29262
2025-07-02T00:00:00.000000000,320.52,167.23849
2025-07-02T01:00:00.000000000,312.48,183.67191
2025-07-02T02:00:00.000000000,302.23,168.7275
2025-07-02T03:00:00.000000000,304.69,210.47833
2025-07-02T04:00:00.000000000,303.63,183.89692
2025-07-02T05:00:00.000000000,315.02,175.83817
2025-07-02T06:00:00.000000000,308.88,165.96804
2025-07-02T07:00:00.000000000,295.77,175.81693
2025-07-02T08:00:00.000000000,275.13,157.8646
2025-07-02T09:00:00.000000000,244.14,178.70741
2025-07-02T10:00:00.000000000,215.66,188.44749
2025-07-02T11:00:00.000000000,195.26,167.60775
2025-07-02T12:00:00.000000000,178.06,171.19846
2025-07-02T13:00:00.000000000,154.62,163.53582
2025-07-02T14:00:00.000000000,171.09,152.95367
2025-07-02T15:00:00.000000000,186.05,191.12998
2025-07-02T16:00:00.000000000,213.75,189.08553
2025-07-02T17:00:00.000000000,248.01,188.25641
2025-07-02T18:00:00.000000000,246.62,184.38014
2025-07-02T19:00:00.000000000,238.97,180.74411
2025-07-02T20:00:00.000000000,229.01,189.53881
2025-07-02T21:00:00.000000000,226.87,195.40041
2025-07-02T22:00:00.000000000,195.84,169.86781
2025-07-02T23:00:00.000000000,178.77,174.46012
2025-07-03T00:00:00.000000000,163.36,169.98929
2025-07-03T01:00:00.000000000,161.02,186.23484
2025-07-03T02:00:00.000000000,161.38,172.02044
2025-07-03T03:00:00.000000000,174.1,214.04055
2025-07-03T04:00:00.000000000,189.57,185.9488
2025-07-03T05:00:00.000000000,195.44,177.55971
2025-07-03T06:00:00.000000000,205.42,167.88779
2025-07-03T07:00:00.000000000,182.2,180.45497
2025-07-03T08:00:00.000000000,151.19,160.99426
2025-07-03T09:00:00.000000000,119.5,181.57104
2025-07-03T10:00:00.000000000,109.07,190.92818
2025-07-03T11:00:00.000000000,95.55,170.22254
2025-06-27T12:00:00.000000000,87.6,162.47422
2025-06-27T13:00:00.000000000,81.48,154.89437
2025-06-27T14:00:00.000000000,82.95,148.9742
2025-06-27T15:00:00.000000000,83.71,181.54249
2025-06-27T16:00:00.000000000,105.89,177.79499
2025-06-27T17:00:00.000000000,125.01,178.00158
2025-06-27T18:00:00.000000000,160.18,176.02695
2025-06-27T19:00:00.000000000,176.99,172.03715
2025-06-27T20:00:00.000000000,167.92,179.61208
2025-06-27T21:00:00.000000000,155.72,183.90584
2025-06-27T22:00:00.000000000,136.27,162.4751
2025-06-27T23:00:00.000000000,134.91,167.97216
2025-06-28T00:00:00.000000000,115.53,164.8904
2025-06-28T01:00:00.000000000,113.8,178.2772
2025-06-28T02:00:00.000000000,114.3,165.89362
2025-06-28T03:00:00.000000000,108.11,203.54808
2025-06-28T04:00:00.000000000,103.59,177.57223
2025-06-28T05:00:00.000000000,100.72,171.64063
2025-06-28T06:00:00.000000000,108.08,164.37541
2025-06-28T07:00:00.000000000,110.97,173.86173
2025-06-28T08:00:00.000000000,101.91,158.21467
2025-06-28T09:00:00.000000000,97.54,172.45485
2025-06-28T10:00:00.000000000,102.03,183.48598
2025-06-28T11:00:00.000000000,94.01,164.46535
2025-06-28T12:00:00.000000000,76.56,158.92937
2025-06-28T13:00:00.000000000,76.05,151.68635
2025-06-28T14:00:00.000000000,79.99,147.44682
2025-06-28T15:00:00.000000000,90.87,177.56204
2025-06-28T16:00:00.000000000,121.05,173.1287
2025-06-28T17:00:00.000000000,145.21,173.97732
2025-06-28T18:00:00.000000000,176.89,172.31192
2025-06-28T19:00:00.000000000,190.67,168.74615
2025-06-28T20:00:00.000000000,179.49,175.70328
2025-06-28T21:00:00.000000000,185.0,178.86495
2025-06-28T22:00:00.000000000,162.98,159.89944
2025-06-28T23:00:00.000000000,125.81,165.08565
2025-06-29T00:00:00.000000000,126.87,162.74223
2025-06-29T01:00:00.000000000,144.44,175.22547
2025-06-29T02:00:00.000000000,166.55,164.42547
2025-06-29T03:00:00.000000000,155.87,199.2248
2025-06-29T04:00:00.000000000,141.28,173.76375
2025-06-29T05:00:00.000000000,149.79,169.82851
2025-06-29T06:00:00.000000000,152.01,162.96975
2025-06-29T07:00:00.000000000,161.16,171.2091
2025-06-29T08:00:00.000000000,167.16,158.00098
2025-06-29T09:00:00.000000000,155.75,168.72107
2025-06-29T10:00:00.000000000,155.56,179.34802
2025-06-29T11:00:00.000000000,148.36,162.3042
2025-06-29T12:00:00.000000000,128.25,154.52087
2025-06-29T13:00:00.000000000,111.3,147.26356
2025-06-29T14:00:00.000000000,129.56,145.75837
2025-06-29T15:00:00.000000000,140.2,171.4041
2025-06-29T16:00:00.000000000,171.9,165.90871
2025-06-29T17:00:00.000000000,229.63,167.6329
2025-06-29T18:00:00.000000000,268.05,166.95778
2025-06-29T19:00:00.000000000,300.01,163.99284
2025-06-29T20:00:00.000000000,304.93,170.08292
2025-06-29T21:00:00.000000000,278.22,171.11278
2025-06-29T22:00:00.000000000,245.29,156.07823
2025-06-29T23:00:00.000000000,234.43,161.33621
2025-06-30T00:00:00.000000000,217.38,159.89239
2025-06-30T01:00:00.000000000,215.96,170.25661
2025-06-30T02:00:00.000000000,211.66,162.44024
2025-06-30T03:00:00.000000000,217.06,192.39128
2025-06-30T04:00:00.000000000,232.02,167.80192
2025-06-30T05:00:00.000000000,236.36,167.48603
2025-06-30T06:00:00.000000000,231.06,161.33588
2025-06-30T07:00:00.000000000,212.1,167.88822
2025-06-30T08:00:00.000000000,190.5,157.89632
2025-06-30T09:00:00.000000000,151.59,163.20087
2025-06-30T10:00:00.000000000,125.95,173.41487
2025-06-30T11:00:00.000000000,118.72,159.60082
2025-06-30T12:00:00.000000000,117.67,160.55992
2025-06-30T13:00:00.000000000,117.27,153.15658
2025-06-30T14:00:00.000000000,135.18,148.19817
2025-06-30T15:00:00.000000000,176.67,179.40093
2025-06-30T16:00:00.000000000,219.32,175.35918
2025-06-30T17:00:00.000000000,241.09,175.84997
2025-06-30T18:00:00.000000000,274.87,174.15651
2025-06-30T19:00:00.000000000,281.81,170.2635
2025-06-30T20:00:00.000000000,282.48,177.43184
2025-06-30T21:00:00.000000000,266.62,181.35572
2025-06-30T22:00:00.000000000,270.1,161.04683
2025-06-30T23:00:00.000000000,253.69,166.58106
2025-07-01T00:00:00.000000000,238.07,163.80101
2025-07-01T01:00:00.000000000,248.87,176.64499
2025-07-01T02:00:00.000000000,265.58,164.71754
2025-07-01T03:00:00.000000000,263.49,201.32814
2025-07-01T04:00:00.000000000,289.46,175.79454
2025-07-01T05:00:00.000000000,299.87,170.49278
2025-07-01T06:00:00.000000000,282.7,163.63294
2025-07-01T07:00:00.000000000,261.27,172.38329
2025-07-01T08:00:00.000000000,243.39,157.5974
2025-07-01T09:00:00.000000000,235.5,170.59889
2025-07-01T10:00:00.000000000,221.63,181.84283
2025-07-01T11:00:00.000000000,220.37,163.32711
2025-07-01T12:00:00.000000000,219.36,165.105
2025-07-01T13:00:00.000000000,214.71,160.23621
2025-07-01T14:00:00.000000000,225.02,150.63604
2025-07-01T15:00:00.000000000,244.32,187.18678
2025-07-01T16:00:00.000000000,261.26,184.65097
2025-07-01T17:00:00.000000000,286.83,184.43739
2025-07-01T18:00:00.000000000,305.71,179.68952
2025-07-01T19:00:00.000000000,322.47,176.40163
2025-07-01T20:00:00.000000000,329.98,184.07785
2025-07-01T21:00:00.000000000,340.25,190.18389
2025-07-01T22:00:00.000000000,326.19,167.10913
2025-07-01T23:00:00.000000000,323.94,171.29262
2025-07-02T00:00:00.000000000,320.52,167.23849
2025-07-02T01:00:00.000000000,312.48,183.67191
2025-07-02T02:00:00.000000000,302.23,168.72751
2025-07-02T03:00:00.000000000,304.69,210.47835
2025-07-02T04:00:00.000000000,303.63,183.89692
2025-07-02T05:00:00.000000000,315.02,175.83817
2025-07-02T06:00:00.000000000,308.88,165.96804
2025-07-02T07:00:00.000000000,295.77,175.81693
2025-07-02T08:00:00.000000000,275.13,157.8646
2025-07-02T09:00:00.000000000,244.14,178.70741
2025-07-02T10:00:00.000000000,215.66,188.4475
2025-07-02T11:00:00.000000000,195.26,167.60776
2025-07-02T12:00:00.000000000,178.06,171.19846
2025-07-02T13:00:00.000000000,154.62,163.53582
2025-07-02T14:00:00.000000000,171.09,152.95367
2025-07-02T15:00:00.000000000,186.05,191.12998
2025-07-02T16:00:00.000000000,213.75,189.08553
2025-07-02T17:00:00.000000000,248.01,188.25641
2025-07-02T18:00:00.000000000,246.62,184.38014
2025-07-02T19:00:00.000000000,238.97,180.74411
2025-07-02T20:00:00.000000000,229.01,189.53881
2025-07-02T21:00:00.000000000,226.87,195.40041
2025-07-02T22:00:00.000000000,195.84,169.86781
2025-07-02T23:00:00.000000000,178.77,174.46012
2025-07-03T00:00:00.000000000,163.36,169.98929
2025-07-03T01:00:00.000000000,161.02,186.23484
2025-07-03T02:00:00.000000000,161.38,172.02044
2025-07-03T03:00:00.000000000,174.1,214.04055
2025-07-03T04:00:00.000000000,189.57,185.9488
2025-07-03T05:00:00.000000000,195.44,177.55971
2025-07-03T06:00:00.000000000,205.42,167.88779
2025-07-03T07:00:00.000000000,182.2,180.45497
2025-07-03T08:00:00.000000000,151.19,160.99426
2025-07-03T09:00:00.000000000,119.5,181.57104
2025-07-03T10:00:00.000000000,109.07,190.92818
2025-07-03T11:00:00.000000000,95.55,170.22254
2025-07-03T12:00:00.000000000,97.44,173.17494
2025-07-03T13:00:00.000000000,103.41,166.74085
2025-07-03T14:00:00.000000000,109.14,154.08677
2025-07-03T15:00:00.000000000,135.52,194.195
2025-07-03T16:00:00.000000000,178.91,192.93996
2025-07-03T17:00:00.000000000,209.78,191.98548
2025-07-03T18:00:00.000000000,229.01,186.67798
2025-07-03T19:00:00.000000000,244.08,183.47656
2025-07-03T20:00:00.000000000,241.83,192.31223
2025-07-03T21:00:00.000000000,225.12,199.07785
2025-07-03T22:00:00.000000000,200.05,172.77046
2025-07-03T23:00:00.000000000,189.89,176.47529
2025-07-04T00:00:00.000000000,192.1,171.56372
2025-07-04T01:00:00.000000000,191.24,189.25828
2025-07-04T02:00:00.000000000,185.8,174.23585
2025-07-04T03:00:00.000000000,182.7,217.86099
2025-07-04T04:00:00.000000000,182.1,189.25614
2025-07-04T05:00:00.000000000,182.69,180.08619
2025-07-04T06:00:00.000000000,180.63,168.95477
2025-07-04T07:00:00.000000000,131.54,181.97023
2025-07-04T08:00:00.000000000,108.67,161.65935
2025-07-04T09:00:00.000000000,93.01,184.89595
2025-07-04T10:00:00.000000000,81.65,193.14234
2025-07-04T11:00:00.000000000,91.32,172.08558
2025-06-28T12:00:00.000000000,76.56,161.50707
2025-06-28T13:00:00.000000000,76.05,154.93625
2025-06-28T14:00:00.000000000,79.99,148.47614
2025-06-28T15:00:00.000000000,90.87,181.45922
2025-06-28T16:00:00.000000000,121.05,177.53691
2025-06-28T17:00:00.000000000,145.21,178.09006
2025-06-28T18:00:00.000000000,176.89,175.23485
2025-06-28T19:00:00.000000000,190.67,171.5986
2025-06-28T20:00:00.000000000,179.49,179.3183
2025-06-28T21:00:00.000000000,185.0,183.19002
2025-06-28T22:00:00.000000000,162.98,162.66285
2025-06-28T23:00:00.000000000,125.81,167.23914
2025-06-29T00:00:00.000000000,126.87,164.48924
2025-06-29T01:00:00.000000000,144.44,178.36026
2025-06-29T02:00:00.000000000,166.55,166.77169
2025-06-29T03:00:00.000000000,155.87,203.41865
2025-06-29T04:00:00.000000000,141.28,177.21788
2025-06-29T05:00:00.000000000,149.79,172.36113
2025-06-29T06:00:00.000000000,152.01,164.20172
2025-06-29T07:00:00.000000000,161.16,173.29804
2025-06-29T08:00:00.000000000,167.16,159.2338
2025-06-29T09:00:00.000000000,155.75,172.01485
2025-06-29T10:00:00.000000000,155.56,181.68733
2025-06-29T11:00:00.000000000,148.36,164.12371
2025-06-29T12:00:00.000000000,128.25,154.46941
2025-06-29T13:00:00.000000000,111.3,147.19932
2025-06-29T14:00:00.000000000,129.56,145.74213
2025-06-29T15:00:00.000000000,140.2,171.31407
2025-06-29T16:00:00.000000000,171.9,165.8107
2025-06-29T17:00:00.000000000,229.63,167.54144
2025-06-29T18:00:00.000000000,268.05,166.8956
2025-06-29T19:00:00.000000000,300.01,163.93217
2025-06-29T20:00:00.000000000,304.93,170.00251
2025-06-29T21:00:00.000000000,278.22,171.01779
2025-06-29T22:00:00.000000000,245.29,156.02274
2025-06-29T23:00:00.000000000,234.43,161.29803
2025-06-30T00:00:00.000000000,217.38,159.85863
2025-06-30T01:00:00.000000000,215.96,170.18577
2025-06-30T02:00:00.000000000,211.66,162.38726
2025-06-30T03:00:00.000000000,217.06,192.29878
2025-06-30T04:00:00.000000000,232.02,167.73062
2025-06-30T05:00:00.000000000,236.36,167.43499
2025-06-30T06:00:00.000000000,231.06,161.31406
2025-06-30T07:00:00.000000000,212.1,167.84546
2025-06-30T08:00:00.000000000,190.5,157.86464
2025-06-30T09:00:00.000000000,151.59,163.13355
2025-06-30T10:00:00.000000000,125.95,173.37261
2025-06-30T11:00:00.000000000,118.72,159.56728
2025-06-30T12:00:00.000000000,117.67,160.56081
2025-06-30T13:00:00.000000000,117.27,153.15769
2025-06-30T14:00:00.000000000,135.18,148.1985
2025-06-30T15:00:00.000000000,176.67,179.40227
2025-06-30T16:00:00.000000000,219.32,175.36066
2025-06-30T17:00:00.000000000,241.09,175.85136
2025-06-30T18:00:00.000000000,274.87,174.15746
2025-06-30T19:00:00.000000000,281.81,170.26449
2025-06-30T20:00:00.000000000,282.48,177.43312
2025-06-30T21:00:00.000000000,266.62,181.35714
2025-06-30T22:00:00.000000000,270.1,161.04778
2025-06-30T23:00:00.000000000,253.69,166.58171
2025-07-01T00:00:00.000000000,238.07,163.80158
2025-07-01T01:00:00.000000000,248.87,176.64607
2025-07-01T02:00:00.000000000,265.58,164.71852
2025-07-01T03:00:00.000000000,263.49,201.32953
2025-07-01T04:00:00.000000000,289.46,175.79559
2025-07-01T05:00:00.000000000,299.87,170.49372
2025-07-01T06:00:00.000000000,282.7,163.63335
2025-07-01T07:00:00.000000000,261.27,172.38403
2025-07-01T08:00:00.000000000,243.39,157.59806
2025-07-01T09:00:00.000000000,235.5,170.59994
2025-07-01T10:00:00.000000000,221.63,181.84336
2025-07-01T11:00:00.000000000,220.37,163.3277
2025-07-01T12:00:00.000000000,219.36,165.10498
2025-07-01T13:00:00.000000000,214.71,160.23618
2025-07-01T14:00:00.000000000,225.02,150.63603
2025-07-01T15:00:00.000000000,244.32,187.18676
2025-07-01T16:00:00.000000000,261.26,184.65094
2025-07-01T17:00:00.000000000,286.83,184.43736
2025-07-01T18:00:00.000000000,305.71,179.6895
2025-07-01T19:00:00.000000000,322.47,176.40159
2025-07-01T20:00:00.000000000,329.98,184.07783
2025-07-01T21:00:00.000000000,340.25,190.18385
2025-07-01T22:00:00.000000000,326.19,167.10913
2025-07-01T23:00:00.000000000,323.94,171.2926
2025-07-02T00:00:00.000000000,320.52,167.23848
2025-07-02T01:00:00.000000000,312.48,183.67188
2025-07-02T02:00:00.000000000,302.23,168.72749
2025-07-02T03:00:00.000000000,304.69,210.47831
2025-07-02T04:00:00.000000000,303.63,183.89689
2025-07-02T05:00:00.000000000,315.02,175.83817
2025-07-02T06:00:00.000000000,308.88,165.96804
2025-07-02T07:00:00.000000000,295.77,175.81692
2025-07-02T08:00:00.000000000,275.13,157.8646
2025-07-02T09:00:00.000000000,244.14,178.7074
2025-07-02T10:00:00.000000000,215.66,188.44747
2025-07-02T11:00:00.000000000,195.26,167.60774
2025-07-02T12:00:00.000000000,178.06,171.19846
2025-07-02T13:00:00.000000000,154.62,163.53582
2025-07-02T14:00:00.000000000,171.09,152.95367
2025-07-02T15:00:00.000000000,186.05,191.12998
2025-07-02T16:00:00.000000000,213.75,189.08553
2025-07-02T17:00:00.000000000,248.01,188.25641
2025-07-02T18:00:00.000000000,246.62,184.38014
2025-07-02T19:00:00.000000000,238.97,180.74411
2025-07-02T20:00:00.000000000,229.01,189.53881
2025-07-02T21:00:00.000000000,226.87,195.40041
2025-07-02T22:00:00.000000000,195.84,169.86781
2025-07-02T23:00:00.000000000,178.77,174.46012
2025-07-03T00:00:00.000000000,163.36,169.98929
2025-07-03T01:00:00.000000000,161.02,186.23484
2025-07-03T02:00:00.000000000,161.38,172.02044
2025-07-03T03:00:00.000000000,174.1,214.04055
2025-07-03T04:00:00.000000000,189.57,185.9488
2025-07-03T05:00:00.000000000,195.44,177.55971
2025-07-03T06:00:00.000000000,205.42,167.88779
2025-07-03T07:00:00.000000000,182.2,180.45497
2025-07-03T08:00:00.000000000,151.19,160.99426
2025-07-03T09:00:00.000000000,119.5,181.57104
2025-07-03T10:00:00.000000000,109.07,190.92818
2025-07-03T11:00:00.000000000,95.55,170.22254
2025-07-03T12:00:00.000000000,97.44,173.17494
2025-07-03T13:00:00.000000000,103.41,166.74085
2025-07-03T14:00:00.000000000,109.14,154.08677
2025-07-03T15:00:00.000000000,135.52,194.195
2025-07-03T16:00:00.000000000,178.91,192.93996
2025-07-03T17:00:00.000000000,209.78,191.98548
2025-07-03T18:00:00.000000000,229.01,186.67798
2025-07-03T19:00:00.000000000,244.08,183.47656
2025-07-03T20:00:00.000000000,241.83,192.31223
2025-07-03T21:00:00.000000000,225.12,199.07785
2025-07-03T22:00:00.000000000,200.05,172.77046
2025-07-03T23:00:00.000000000,189.89,176.47529
2025-07-04T00:00:00.000000000,192.1,171.56372
2025-07-04T01:00:00.000000000,191.24,189.25828
2025-07-04T02:00:00.000000000,185.8,174.23585
2025-07-04T03:00:00.000000000,182.7,217.86099
2025-07-04T04:00:00.000000000,182.1,189.25614
2025-07-04T05:00:00.000000000,182.69,180.08619
2025-07-04T06:00:00.000000000,180.63,168.95477
2025-07-04T07:00:00.000000000,131.54,181.97023
2025-07-04T08:00:00.000000000,108.67,161.65935
2025-07-04T09:00:00.000000000,93.01,184.89595
2025-07-04T10:00:00.000000000,81.65,193.14234
2025-07-04T11:00:00.000000000,91.32,172.08558
2025-07-04T12:00:00.000000000,80.4,168.20161
2025-07-04T13:00:00.000000000,79.83,163.2074
2025-07-04T14:00:00.000000000,88.06,151.37729
2025-07-04T15:00:00.000000000,102.89,190.21577
2025-07-04T16:00:00.000000000,125.13,188.20046
2025-07-04T17:00:00.000000000,138.71,187.75118
2025-07-04T18:00:00.000000000,151.23,182.10189
2025-07-04T19:00:00.000000000,154.58,178.58479
2025-07-04T20:00:00.000000000,150.57,187.71224
2025-07-04T21:00:00.000000000,157.8,192.91794
2025-07-04T22:00:00.000000000,156.36,169.75402
2025-07-04T23:00:00.000000000,138.19,172.93549
2025-07-05T00:00:00.000000000,128.31,169.21771
2025-07-05T01:00:00.000000000,130.75,186.38
2025-07-05T02:00:00.000000000,120.27,172.69523
2025-07-05T03:00:00.000000000,117.75,213.08648
2025-07-05T04:00:00.000000000,116.53,185.50604
2025-07-05T05:00:00.000000000,130.77,178.92252
2025-07-05T06:00:00.000000000,101.65,167.74269
2025-07-05T07:00:00.000000000,87.36,178.37758
2025-07-05T08:00:00.000000000,78.11,161.90176
2025-07-05T09:00:00.000000000,80.47,180.6109
2025-07-05T10:00:00.000000000,93.97,187.81635
2025-07-05T11:00:00.000000000,90.05,169.22069
2025-06-29T12:00:00.000000000,128.25,157.3964
2025-06-29T13:00:00.000000000,111.3,149.7937
2025-06-29T14:00:00.000000000,129.56,146.77465
2025-06-29T15:00:00.000000000,140.2,175.05082
2025-06-29T16:00:00.000000000,171.9,170.02681
2025-06-29T17:00:00.000000000,229.63,171.23752
2025-06-29T18:00:00.000000000,268.05,170.07785
2025-06-29T19:00:00.000000000,300.01,166.82737
2025-06-29T20:00:00.000000000,304.93,173.62231
2025-06-29T21:00:00.000000000,278.22,175.5
2025-06-29T22:00:00.000000000,245.29,158.24167
2025-06-29T23:00:00.000000000,234.43,163.38914
2025-06-30T00:00:00.000000000,217.38,161.52705
2025-06-30T01:00:00.000000000,215.96,173.07722
2025-06-30T02:00:00.000000000,211.66,164.06267
2025-06-30T03:00:00.000000000,217.06,196.16867
2025-06-30T04:00:00.000000000,232.02,170.80479
2025-06-30T05:00:00.000000000,236.36,168.93996
2025-06-30T06:00:00.000000000,231.06,162.31814
2025-06-30T07:00:00.000000000,212.1,170.11379
2025-06-30T08:00:00.000000000,190.5,158.67585
2025-06-30T09:00:00.000000000,151.59,166.1849
2025-06-30T10:00:00.000000000,125.95,176.22736
2025-06-30T11:00:00.000000000,118.72,161.16861
2025-06-30T12:00:00.000000000,117.67,160.4891
2025-06-30T13:00:00.000000000,117.27,153.08174
2025-06-30T14:00:00.000000000,135.18,148.172
2025-06-30T15:00:00.000000000,176.67,179.30867
2025-06-30T16:00:00.000000000,219.32,175.2576
2025-06-30T17:00:00.000000000,241.09,175.75606
2025-06-30T18:00:00.000000000,274.87,174.0857
2025-06-30T19:00:00.000000000,281.81,170.1931
2025-06-30T20:00:00.000000000,282.48,177.34032
2025-06-30T21:00:00.000000000,266.62,181.25515
2025-06-30T22:00:00.000000000,270.1,160.98366
2025-06-30T23:00:00.000000000,253.69,166.53148
2025-07-01T00:00:00.000000000,238.07,163.75938
2025-07-01T01:00:00.000000000,248.87,176.57405
2025-07-01T02:00:00.000000000,265.58,164.65378
2025-07-01T03:00:00.000000000,263.49,201.23468
2025-07-01T04:00:00.000000000,289.46,175.72407
2025-07-01T05:00:00.000000000,299.87,170.4337
2025-07-01T06:00:00.000000000,282.7,163.60323
2025-07-01T07:00:00.000000000,261.27,172.32575
2025-07-01T08:00:00.000000000,243.39,157.55392
2025-07-01T09:00:00.000000000,235.5,170.5263
2025-07-01T10:00:00.000000000,221.63,181.79848
2025-07-01T11:00:00.000000000,220.37,163.28338
2025-07-01T12:00:00.000000000,219.36,165.10667
2025-07-01T13:00:00.000000000,214.71,160.23809
2025-07-01T14:00:00.000000000,225.02,150.63676
2025-07-01T15:00:00.000000000,244.32,187.18884
2025-07-01T16:00:00.000000000,261.26,184.65331
2025-07-01T17:00:00.000000000,286.83,184.43962
2025-07-01T18:00:00.000000000,305.71,179.69114
2025-07-01T19:00:00.000000000,322.47,176.40341
2025-07-01T20:00:00.000000000,329.98,184.07992
2025-07-01T21:00:00.000000000,340.25,190.18621
2025-07-01T22:00:00.000000000,326.19,167.1108
2025-07-01T23:00:00.000000000,323.94,171.29383
2025-07-02T00:00:00.000000000,320.52,167.2395
2025-07-02T01:00:00.000000000,312.48,183.67364
2025-07-02T02:00:00.000000000,302.23,168.72914
2025-07-02T03:00:00.000000000,304.69,210.48057
2025-07-02T04:00:00.000000000,303.63,183.89861
2025-07-02T05:00:00.000000000,315.02,175.83965
2025-07-02T06:00:00.000000000,308.88,165.96874
2025-07-02T07:00:00.000000000,295.77,175.81824
2025-07-02T08:00:00.000000000,275.13,157.86559
2025-07-02T09:00:00.000000000,244.14,178.70923
2025-07-02T10:00:00.000000000,215.66,188.44852
2025-07-02T11:00:00.000000000,195.26,167.60891
2025-07-02T12:00:00.000000000,178.06,171.19841
2025-07-02T13:00:00.000000000,154.62,163.53575
2025-07-02T14:00:00.000000000,171.09,152.95363
2025-07-02T15:00:00.000000000,186.05,191.12993
2025-07-02T16:00:00.000000000,213.75,189.08545
2025-07-02T17:00:00.000000000,248.01,188.25633
2025-07-02T18:00:00.000000000,246.62,184.38008
2025-07-02T19:00:00.000000000,238.97,180.74406
2025-07-02T20:00:00.000000000,229.01,189.53875
2025-07-02T21:00:00.000000000,226.87,195.40036
2025-07-02T22:00:00.000000000,195.84,169.86775
2025-07-02T23:00:00.000000000,178.77,174.46007
2025-07-03T00:00:00.000000000,163.36,169.98924
2025-07-03T01:00:00.000000000,161.02,186.23477
2025-07-03T02:00:00.000000000,161.38,172.02038
2025-07-03T03:00:00.000000000,174.1,214.04046
2025-07-03T04:00:00.000000000,189.57,185.94874
2025-07-03T05:00:00.000000000,195.44,177.55964
2025-07-03T06:00:00.000000000,205.42,167.88774
2025-07-03T07:00:00.000000000,182.2,180.45493
2025-07-03T08:00:00.000000000,151.19,160.99422
2025-07-03T09:00:00.000000000,119.5,181.57098
2025-07-03T10:00:00.000000000,109.07,190.92814
2025-07-03T11:00:00.000000000,95.55,170.2225
2025-07-03T12:00:00.000000000,97.44,173.17494
2025-07-03T13:00:00.000000000,103.41,166.74086
2025-07-03T14:00:00.000000000,109.14,154.08677
2025-07-03T15:00:00.000000000,135.52,194.195
2025-07-03T16:00:00.000000000,178.91,192.93997
2025-07-03T17:00:00.000000000,209.78,191.98549
2025-07-03T18:00:00.000000000,229.01,186.67798
2025-07-03T19:00:00.000000000,244.08,183.47656
2025-07-03T20:00:00.000000000,241.83,192.31223
2025-07-03T21:00:00.000000000,225.12,199.07785
2025-07-03T22:00:00.000000000,200.05,172.77046
2025-07-03T23:00:00.000000000,189.89,176.47529
2025-07-04T00:00:00.000000000,192.1,171.56372
2025-07-04T01:00:00.000000000,191.24,189.25827
2025-07-04T02:00:00.000000000,185.8,174.23585
2025-07-04T03:00:00.000000000,182.7,217.86096
2025-07-04T04:00:00.000000000,182.1,189.25615
2025-07-04T05:00:00.000000000,182.69,180.08619
2025-07-04T06:00:00.000000000,180.63,168.95477
2025-07-04T07:00:00.000000000,131.54,181.97023
2025-07-04T08:00:00.000000000,108.67,161.65935
2025-07-04T09:00:00.000000000,93.01,184.89595
2025-07-04T10:00:00.000000000,81.65,193.14234
2025-07-04T11:00:00.000000000,91.32,172.08558
2025-07-04T12:00:00.000000000,80.4,168.20161
2025-07-04T13:00:00.000000000,79.83,163.2074
2025-07-04T14:00:00.000000000,88.06,151.37729
2025-07-04T15:00:00.000000000,102.89,190.21577
2025-07-04T16:00:00.000000000,125.13,188.20046
2025-07-04T17:00:00.000000000,138.71,187.75118
2025-07-04T18:00:00.000000000,151.23,182.10189
2025-07-04T19:00:00.000000000,154.58,178.58479
2025-07-04T20:00:00.000000000,150.57,187.71224
2025-07-04T21:00:00.000000000,157.8,192.91794
2025-07-04T22:00:00.000000000,156.36,169.75402
2025-07-04T23:00:00.000000000,138.19,172.93549
2025-07-05T00:00:00.000000000,128.31,169.21771
2025-07-05T01:00:00.000000000,130.75,186.38
2025-07-05T02:00:00.000000000,120.27,172.69523
2025-07-05T03:00:00.000000000,117.75,213.08648
2025-07-05T04:00:00.000000000,116.53,185.50604
2025-07-05T05:00:00.000000000,130.77,178.92252
2025-07-05T06:00:00.000000000,101.65,167.74269
2025-07-05T07:00:00.000000000,87.36,178.37758
2025-07-05T08:00:00.000000000,78.11,161.90176
2025-07-05T09:00:00.000000000,80.47,180.6109
2025-07-05T10:00:00.000000000,93.97,187.81635
2025-07-05T11:00:00.000000000,90.05,169.22069
2025-07-05T12:00:00.000000000,82.87,156.90669
2025-07-05T13:00:00.000000000,80.1,155.98009
2025-07-05T14:00:00.000000000,86.53,146.63563
2025-07-05T15:00:00.000000000,93.01,181.65992
2025-07-05T16:00:00.000000000,88.7,178.6631
2025-07-05T17:00:00.000000000,110.29,179.91304
2025-07-05T18:00:00.000000000,119.07,172.43555
2025-07-05T19:00:00.000000000,143.98,169.51399
2025-07-05T20:00:00.000000000,173.89,176.46478
2025-07-05T21:00:00.000000000,167.24,181.65381
2025-07-05T22:00:00.000000000,144.54,163.7497
2025-07-05T23:00:00.000000000,142.55,165.23354
2025-07-06T00:00:00.000000000,126.29,164.11427
2025-07-06T01:00:00.000000000,136.16,178.74658
2025-07-06T02:00:00.000000000,149.68,167.01046
2025-07-06T03:00:00.000000000,176.37,203.3972
2025-07-06T04:00:00.000000000,193.96,180.3753
2025-07-06T05:00:00.000000000,208.83,175.35334
2025-07-06T06:00:00.000000000,192.4,162.60516
2025-07-06T07:00:00.000000000,183.29,170.37936
2025-07-06T08:00:00.000000000,179.68,157.29979
2025-07-06T09:00:00.000000000,194.96,172.82817
2025-07-06T10:00:00.000000000,180.17,180.73614
2025-07-06T11:00:00.000000000,164.97,163.90368
2025-06-30T12:00:00.000000000,117.67,161.0504
2025-06-30T13:00:00.000000000,117.27,154.12821
2025-06-30T14:00:00.000000000,135.18,148.37781
2025-06-30T15:00:00.000000000,176.67,180.52234
2025-06-30T16:00:00.000000000,219.32,176.60856
2025-06-30T17:00:00.000000000,241.09,177.08257
2025-06-30T18:00:00.000000000,274.87,174.80087
2025-06-30T19:00:00.000000000,281.81,170.99548
2025-06-30T20:00:00.000000000,282.48,178.39112
2025-06-30T21:00:00.000000000,266.62,182.4647
2025-06-30T22:00:00.000000000,270.1,161.90882
2025-06-30T23:00:00.000000000,253.69,167.04582
2025-07-01T00:00:00.000000000,238.07,164.21067
2025-07-01T01:00:00.000000000,248.87,177.60126
2025-07-01T02:00:00.000000000,265.58,165.57596
2025-07-01T03:00:00.000000000,263.49,202.54807
2025-07-01T04:00:00.000000000,289.46,176.75918
2025-07-01T05:00:00.000000000,299.87,171.4131
2025-07-01T06:00:00.000000000,282.7,163.94236
2025-07-01T07:00:00.000000000,261.27,172.83212
2025-07-01T08:00:00.000000000,243.39,158.12815
2025-07-01T09:00:00.000000000,235.5,171.50154
2025-07-01T10:00:00.000000000,221.63,182.15881
2025-07-01T11:00:00.000000000,220.37,163.79218
2025-07-01T12:00:00.000000000,219.36,165.10035
2025-07-01T13:00:00.000000000,214.71,160.22514
2025-07-01T14:00:00.000000000,225.02,150.63349
2025-07-01T15:00:00.000000000,244.32,187.17549
2025-07-01T16:00:00.000000000,261.26,184.63777
2025-07-01T17:00:00.000000000,286.83,184.42412
2025-07-01T18:00:00.000000000,305.71,179.68313
2025-07-01T19:00:00.000000000,322.47,176.39327
2025-07-01T20:00:00.000000000,329.98,184.06848
2025-07-01T21:00:00.000000000,340.25,190.1723
2025-07-01T22:00:00.000000000,326.19,167.0991
2025-07-01T23:00:00.000000000,323.94,171.28735
2025-07-02T00:00:00.000000000,320.52,167.23421
2025-07-02T01:00:00.000000000,312.48,183.66114
2025-07-02T02:00:00.000000000,302.23,168.71823
2025-07-02T03:00:00.000000000,304.69,210.46508
2025-07-02T04:00:00.000000000,303.63,183.88595
2025-07-02T05:00:00.000000000,315.02,175.82797
2025-07-02T06:00:00.000000000,308.88,165.96489
2025-07-02T07:00:00.000000000,295.77,175.81292
2025-07-02T08:00:00.000000000,275.13,157.8603
2025-07-02T09:00:00.000000000,244.14,178.69668
2025-07-02T10:00:00.000000000,215.66,188.44339
2025-07-02T11:00:00.000000000,195.26,167.60219
2025-07-02T12:00:00.000000000,178.06,171.19858
2025-07-02T13:00:00.000000000,154.62,163.5361
2025-07-02T14:00:00.000000000,171.09,152.95374
2025-07-02T15:00:00.000000000,186.05,191.13016
2025-07-02T16:00:00.000000000,213.75,189.08581
2025-07-02T17:00:00.000000000,248.01,188.25669
2025-07-02T18:00:00.000000000,246.62,184.38031
2025-07-02T19:00:00.000000000,238.97,180.74427
2025-07-02T20:00:00.000000000,229.01,189.53902
2025-07-02T21:00:00.000000000,226.87,195.40055
2025-07-02T22:00:00.000000000,195.84,169.86802
2025-07-02T23:00:00.000000000,178.77,174.4602
2025-07-03T00:00:00.000000000,163.36,169.98943
2025-07-03T01:00:00.000000000,161.02,186.23508
2025-07-03T02:00:00.000000000,161.38,172.02066
2025-07-03T03:00:00.000000000,174.1,214.04082
2025-07-03T04:00:00.000000000,189.57,185.94901
2025-07-03T05:00:00.000000000,195.44,177.55997
2025-07-03T06:00:00.000000000,205.42,167.88794
2025-07-03T07:00:00.000000000,182.2,180.45504
2025-07-03T08:00:00.000000000,151.19,160.99441
2025-07-03T09:00:00.000000000,119.5,181.57124
2025-07-03T10:00:00.000000000,109.07,190.92826
2025-07-03T11:00:00.000000000,95.55,170.22268
2025-07-03T12:00:00.000000000,97.44,173.17494
2025-07-03T13:00:00.000000000,103.41,166.74084
2025-07-03T14:00:00.000000000,109.14,154.08677
2025-07-03T15:00:00.000000000,135.52,194.19498
2025-07-03T16:00:00.000000000,178.91,192.93996
2025-07-03T17:00:00.000000000,209.78,191.98547
2025-07-03T18:00:00.000000000,229.01,186.67798
2025-07-03T19:00:00.000000000,244.08,183.47655
2025-07-03T20:00:00.000000000,241.83,192.31222
2025-07-03T21:00:00.000000000,225.12,199.07785
2025-07-03T22:00:00.000000000,200.05,172.77045
2025-07-03T23:00:00.000000000,189.89,176.47529
2025-07-04T00:00:00.000000000,192.1,171.56372
2025-07-04T01:00:00.000000000,191.24,189.25827
2025-07-04T02:00:00.000000000,185.8,174.23585
2025-07-04T03:00:00.000000000,182.7,217.86096
2025-07-04T04:00:00.000000000,182.1,189.25613
2025-07-04T05:00:00.000000000,182.69,180.08618
2025-07-04T06:00:00.000000000,180.63,168.95477
2025-07-04T07:00:00.000000000,131.54,181.97024
2025-07-04T08:00:00.000000000,108.67,161.65935
2025-07-04T09:00:00.000000000,93.01,184.89593
2025-07-04T10:00:00.000000000,81.65,193.14233
2025-07-04T11:00:00.000000000,91.32,172.08558
2025-07-04T12:00:00.000000000,80.4,168.20161
2025-07-04T13:00:00.000000000,79.83,163.2074
2025-07-04T14:00:00.000000000,88.06,151.37729
2025-07-04T15:00:00.000000000,102.89,190.21577
2025-07-04T16:00:00.000000000,125.13,188.20046
2025-07-04T17:00:00.000000000,138.71,187.75118
2025-07-04T18:00:00.000000000,151.23,182.10189
2025-07-04T19:00:00.000000000,154.58,178.58479
2025-07-04T20:00:00.000000000,150.57,187.71224
2025-07-04T21:00:00.000000000,157.8,192.91794
2025-07-04T22:00:00.000000000,156.36,169.75402
2025-07-04T23:00:00.000000000,138.19,172.93549
2025-07-05T00:00:00.000000000,128.31,169.21771
2025-07-05T01:00:00.000000000,130.75,186.38
2025-07-05T02:00:00.000000000,120.27,172.69523
2025-07-05T03:00:00.000000000,117.75,213.08648
2025-07-05T04:00:00.000000000,116.53,185.50604
2025-07-05T05:00:00.000000000,130.77,178.92252
2025-07-05T06:00:00.000000000,101.65,167.74269
2025-07-05T07:00:00.000000000,87.36,178.37758
2025-07-05T08:00:00.000000000,78.11,161.90176
2025-07-05T09:00:00.000000000,80.47,180.6109
2025-07-05T10:00:00.000000000,93.97,187.81635
2025-07-05T11:00:00.000000000,90.05,169.22069
2025-07-05T12:00:00.000000000,82.87,156.90669
2025-07-05T13:00:00.000000000,80.1,155.98009
2025-07-05T14:00:00.000000000,86.53,146.63563
2025-07-05T15:00:00.000000000,93.01,181.65992
2025-07-05T16:00:00.000000000,88.7,178.6631
2025-07-05T17:00:00.000000000,110.29,179.91304
2025-07-05T18:00:00.000000000,119.07,172.43555
2025-07-05T19:00:00.000000000,143.98,169.51399
2025-07-05T20:00:00.000000000,173.89,176.46478
2025-07-05T21:00:00.000000000,167.24,181.65381
2025-07-05T22:00:00.000000000,144.54,163.7497
2025-07-05T23:00:00.000000000,142.55,165.23354
2025-07-06T00:00:00.000000000,126.29,164.11427
2025-07-06T01:00:00.000000000,136.16,178.74658
2025-07-06T02:00:00.000000000,149.68,167.01046
2025-07-06T03:00:00.000000000,176.37,203.3972
2025-07-06T04:00:00.000000000,193.96,180.3753
2025-07-06T05:00:00.000000000,208.83,175.35334
2025-07-06T06:00:00.000000000,192.4,162.60516
2025-07-06T07:00:00.000000000,183.29,170.37936
2025-07-06T08:00:00.000000000,179.68,157.29979
2025-07-06T09:00:00.000000000,194.96,172.82817
2025-07-06T10:00:00.000000000,180.17,180.73614
2025-07-06T11:00:00.000000000,164.97,163.90368
2025-07-06T12:00:00.000000000,153.78,165.71715
2025-07-06T13:00:00.000000000,138.84,161.09499
2025-07-06T14:00:00.000000000,171.72,150.2123
2025-07-06T15:00:00.000000000,172.95,188.37966
2025-07-06T16:00:00.000000000,209.73,185.84096
2025-07-06T17:00:00.000000000,240.28,185.69026
2025-07-06T18:00:00.000000000,255.63,180.08369
2025-07-06T19:00:00.000000000,261.21,176.82414
2025-07-06T20:00:00.000000000,267.17,185.23774
2025-07-06T21:00:00.000000000,251.47,191.03842
2025-07-06T22:00:00.000000000,223.63,168.06339
2025-07-06T23:00:00.000000000,203.98,171.4814
2025-07-07T00:00:00.000000000,176.54,167.52056
2025-07-07T01:00:00.000000000,148.69,184.68746
2025-07-07T02:00:00.000000000,140.21,170.6819
2025-07-07T03:00:00.000000000,122.74,211.34251
2025-07-07T04:00:00.000000000,112.62,184.15369
2025-07-07T05:00:00.000000000,114.46,177.356
2025-07-07T06:00:00.000000000,132.14,166.39047
2025-07-07T07:00:00.000000000,111.52,176.43728
2025-07-07T08:00:00.000000000,94.29,160.03594
2025-07-07T09:00:00.000000000,95.16,178.90807
2025-07-07T10:00:00.000000000,86.67,186.77223
2025-07-07T11:00:00.000000000,79.36,167.72261
2025-07-01T12:00:00.000000000,219.36,166.38529
2025-07-01T13:00:00.000000000,214.71,160.57202
2025-07-01T14:00:00.000000000,225.02,151.19113
2025-07-01T15:00:00.000000000,244.32,187.69408
2025-07-01T16:00:00.000000000,261.26,185.26385
2025-07-01T17:00:00.000000000,286.83,184.80851
2025-07-01T18:00:00.000000000,305.71,180.6466
2025-07-01T19:00:00.000000000,322.47,177.18349
2025-07-01T20:00:00.000000000,329.98,184.90385
2025-07-01T21:00:00.000000000,340.25,191.13292
2025-07-01T22:00:00.000000000,326.19,167.3112
2025-07-01T23:00:00.000000000,323.94,172.02221
2025-07-02T00:00:00.000000000,320.52,167.76498
2025-07-02T01:00:00.000000000,312.48,183.90715
2025-07-02T02:00:00.000000000,302.23,168.71351
2025-07-02T03:00:00.000000000,304.69,210.92417
2025-07-02T04:00:00.000000000,303.63,184.23024
2025-07-02T05:00:00.000000000,315.02,175.65426
2025-07-02T06:00:00.000000000,308.88,166.26196
2025-07-02T07:00:00.000000000,295.77,176.70131
2025-07-02T08:00:00.000000000,275.13,157.76934
2025-07-02T09:00:00.000000000,244.14,179.25436
2025-07-02T10:00:00.000000000,215.66,189.62189
2025-07-02T11:00:00.000000000,195.26,168.11202
2025-07-02T12:00:00.000000000,178.06,171.15364
2025-07-02T13:00:00.000000000,154.62,163.49395
2025-07-02T14:00:00.000000000,171.09,152.93411
2025-07-02T15:00:00.000000000,186.05,191.08449
2025-07-02T16:00:00.000000000,213.75,189.03231
2025-07-02T17:00:00.000000000,248.01,188.2065
2025-07-02T18:00:00.000000000,246.62,184.34021
2025-07-02T19:00:00.000000000,238.97,180.70043
2025-07-02T20:00:00.000000000,229.01,189.48898
2025-07-02T21:00:00.000000000,226.87,195.34338
2025-07-02T22:00:00.000000000,195.84,169.82967
2025-07-02T23:00:00.000000000,178.77,174.42881
2025-07-03T00:00:00.000000000,163.36,169.96446
2025-07-03T01:00:00.000000000,161.02,186.19764
2025-07-03T02:00:00.000000000,161.38,171.98478
2025-07-03T03:00:00.000000000,174.1,213.99164
2025-07-03T04:00:00.000000000,189.57,185.91239
2025-07-03T05:00:00.000000000,195.44,177.53024
2025-07-03T06:00:00.000000000,205.42,167.87118
2025-07-03T07:00:00.000000000,182.2,180.41967
2025-07-03T08:00:00.000000000,151.19,160.97155
2025-07-03T09:00:00.000000000,119.5,181.53053
2025-07-03T10:00:00.000000000,109.07,190.9014
2025-07-03T11:00:00.000000000,95.55,170.19511
2025-07-03T12:00:00.000000000,97.44,173.1764
2025-07-03T13:00:00.000000000,103.41,166.74265
2025-07-03T14:00:00.000000000,109.14,154.08742
2025-07-03T15:00:00.000000000,135.52,194.19649
2025-07-03T16:00:00.000000000,178.91,192.94201
2025-07-03T17:00:00.000000000,209.78,191.98742
2025-07-03T18:00:00.000000000,229.01,186.67947
2025-07-03T19:00:00.000000000,244.08,183.47796
2025-07-03T20:00:00.000000000,241.83,192.31393
2025-07-03T21:00:00.000000000,225.12,199.07952
2025-07-03T22:00:00.000000000,200.05,172.77195
2025-07-03T23:00:00.000000000,189.89,176.47634
2025-07-04T00:00:00.000000000,192.1,171.56481
2025-07-04T01:00:00.000000000,191.24,189.25983
2025-07-04T02:00:00.000000000,185.8,174.23736
2025-07-04T03:00:00.000000000,182.7,217.86282
2025-07-04T04:00:00.000000000,182.1,189.25762
2025-07-04T05:00:00.000000000,182.69,180.08767
2025-07-04T06:00:00.000000000,180.63,168.95572
2025-07-04T07:00:00.000000000,131.54,181.97126
2025-07-04T08:00:00.000000000,108.67,161.66031
2025-07-04T09:00:00.000000000,93.01,184.89745
2025-07-04T10:00:00.000000000,81.65,193.14319
2025-07-04T11:00:00.000000000,91.32,172.08659
2025-07-04T12:00:00.000000000,80.4,168.20153
2025-07-04T13:00:00.000000000,79.83,163.2073
2025-07-04T14:00:00.000000000,88.06,151.37722
2025-07-04T15:00:00.000000000,102.89,190.21569
2025-07-04T16:00:00.000000000,125.13,188.20035
2025-07-04T17:00:00.000000000,138.71,187.75107
2025-07-04T18:00:00.000000000,151.23,182.10181
2025-07-04T19:00:00.000000000,154.58,178.58469
2025-07-04T20:00:00.000000000,150.57,187.71216
2025-07-04T21:00:00.000000000,157.8,192.91783
2025-07-04T22:00:00.000000000,156.36,169.75392
2025-07-04T23:00:00.000000000,138.19,172.93541
2025-07-05T00:00:00.000000000,128.31,169.21763
2025-07-05T01:00:00.000000000,130.75,186.37989
2025-07-05T02:00:00.000000000,120.27,172.69516
2025-07-05T03:00:00.000000000,117.75,213.08638
2025-07-05T04:00:00.000000000,116.53,185.50593
2025-07-05T05:00:00.000000000,130.77,178.92241
2025-07-05T06:00:00.000000000,101.65,167.74264
2025-07-05T07:00:00.000000000,87.36,178.3775
2025-07-05T08:00:00.000000000,78.11,161.90171
2025-07-05T09:00:00.000000000,80.47,180.61079
2025-07-05T10:00:00.000000000,93.97,187.81627
2025-07-05T11:00:00.000000000,90.05,169.22062
2025-07-05T12:00:00.000000000,82.87,156.90669
2025-07-05T13:00:00.000000000,80.1,155.98009
2025-07-05T14:00:00.000000000,86.53,146.63563
2025-07-05T15:00:00.000000000,93.01,181.65992
2025-07-05T16:00:00.000000000,88.7,178.6631
2025-07-05T17:00:00.000000000,110.29,179.91304
2025-07-05T18:00:00.000000000,119.07,172.43555
2025-07-05T19:00:00.000000000,143.98,169.51399
2025-07-05T20:00:00.000000000,173.89,176.46478
2025-07-05T21:00:00.000000000,167.24,181.65381
2025-07-05T22:00:00.000000000,144.54,163.7497
2025-07-05T23:00:00.000000000,142.55,165.23354
2025-07-06T00:00:00.000000000,126.29,164.11427
2025-07-06T01:00:00.000000000,136.16,178.74658
2025-07-06T02:00:00.000000000,149.68,167.01046
2025-07-06T03:00:00.000000000,176.37,203.3972
2025-07-06T04:00:00.000000000,193.96,180.3753
2025-07-06T05:00:00.000000000,208.83,175.35334
2025-07-06T06:00:00.000000000,192.4,162.60516
2025-07-06T07:00:00.000000000,183.29,170.37936
2025-07-06T08:00:00.000000000,179.68,157.29979
2025-07-06T09:00:00.000000000,194.96,172.82817
2025-07-06T10:00:00.000000000,180.17,180.73614
2025-07-06T11:00:00.000000000,164.97,163.90368
2025-07-06T12:00:00.000000000,153.78,165.71715
2025-07-06T13:00:00.000000000,138.84,161.09499
2025-07-06T14:00:00.000000000,171.72,150.2123
2025-07-06T15:00:00.000000000,172.95,188.37966
2025-07-06T16:00:00.000000000,209.73,185.84096
2025-07-06T17:00:00.000000000,240.28,185.69026
2025-07-06T18:00:00.000000000,255.63,180.08369
2025-07-06T19:00:00.000000000,261.21,176.82414
2025-07-06T20:00:00.000000000,267.17,185.23774
2025-07-06T21:00:00.000000000,251.47,191.03842
2025-07-06T22:00:00.000000000,223.63,168.06339
2025-07-06T23:00:00.000000000,203.98,171.4814
2025-07-07T00:00:00.000000000,176.54,167.52056
2025-07-07T01:00:00.000000000,148.69,184.68746
2025-07-07T02:00:00.000000000,140.21,170.6819
2025-07-07T03:00:00.000000000,122.74,211.34251
2025-07-07T04:00:00.000000000,112.62,184.15369
2025-07-07T05:00:00.000000000,114.46,177.356
2025-07-07T06:00:00.000000000,132.14,166.39047
2025-07-07T07:00:00.000000000,111.52,176.43728
2025-07-07T08:00:00.000000000,94.29,160.03594
2025-07-07T09:00:00.000000000,95.16,178.90807
2025-07-07T10:00:00.000000000,86.67,186.77223
2025-07-07T11:00:00.000000000,79.36,167.72261
2025-07-07T12:00:00.000000000,68.8,171.98678
2025-07-07T13:00:00.000000000,66.56,173.18171
2025-07-07T14:00:00.000000000,74.18,159.11345
2025-07-07T15:00:00.000000000,84.4,194.81499
2025-07-07T16:00:00.000000000,114.68,196.47185
2025-07-07T17:00:00.000000000,172.82,194.69143
2025-07-07T18:00:00.000000000,222.61,185.05445
2025-07-07T19:00:00.000000000,252.56,181.80482
2025-07-07T20:00:00.000000000,229.15,191.57901
2025-07-07T21:00:00.000000000,193.65,194.9033
2025-07-07T22:00:00.000000000,171.65,178.33313
2025-07-07T23:00:00.000000000,126.44,179.36037
2025-07-08T00:00:00.000000000,114.03,179.04534
2025-07-08T01:00:00.000000000,113.61,194.87003
2025-07-08T02:00:00.000000000,106.16,178.82765
2025-07-08T03:00:00.000000000,105.93,218.71926
2025-07-08T04:00:00.000000000,122.91,194.61376
2025-07-08T05:00:00.000000000,137.03,189.74507
2025-07-08T06:00:00.000000000,136.53,174.59864
2025-07-08T07:00:00.000000000,117.12,183.38806
2025-07-08T08:00:00.000000000,109.56,166.91552
2025-07-08T09:00:00.000000000,98.06,191.8094
2025-07-08T10:00:00.000000000,99.39,196.77934
2025-07-08T11:00:00.000000000,98.67,177.33938
2025-07-02T12:00:00.000000000,178.06,168.32519
2025-07-02T13:00:00.000000000,154.62,160.00731
2025-07-02T14:00:00.000000000,171.09,151.46041
2025-07-02T15:00:00.000000000,186.05,187.52276
2025-07-02T16:00:00.000000000,213.75,184.64595
2025-07-02T17:00:00.000000000,248.01,184.13325
2025-07-02T18:00:00.000000000,246.62,181.36498
2025-07-02T19:00:00.000000000,238.97,177.44781
2025-07-02T20:00:00.000000000,229.01,186.02444
2025-07-02T21:00:00.000000000,226.87,191.0301
2025-07-02T22:00:00.000000000,195.84,166.79368
2025-07-02T23:00:00.000000000,178.77,171.97726
2025-07-03T00:00:00.000000000,163.36,168.04668
2025-07-03T01:00:00.000000000,161.02,182.96295
2025-07-03T02:00:00.000000000,161.38,169.74468
2025-07-03T03:00:00.000000000,174.1,209.76622
2025-07-03T04:00:00.000000000,189.57,182.32666
2025-07-03T05:00:00.000000000,195.44,175.04652
2025-07-03T06:00:00.000000000,205.42,166.56189
2025-07-03T07:00:00.000000000,182.2,178.30883
2025-07-03T08:00:00.000000000,151.19,160.33012
2025-07-03T09:00:00.000000000,119.5,177.79628
2025-07-03T10:00:00.000000000,109.07,187.87289
2025-07-03T11:00:00.000000000,95.55,167.96928
2025-07-03T12:00:00.000000000,97.44,173.26276
2025-07-03T13:00:00.000000000,103.41,166.86646
2025-07-03T14:00:00.000000000,109.14,154.12643
2025-07-03T15:00:00.000000000,135.52,194.30107
2025-07-03T16:00:00.000000000,178.91,193.08421
2025-07-03T17:00:00.000000000,209.78,192.12256
2025-07-03T18:00:00.000000000,229.01,186.77472
2025-07-03T19:00:00.000000000,244.08,183.57028
2025-07-03T20:00:00.000000000,241.83,192.42383
2025-07-03T21:00:00.000000000,225.12,199.19328
2025-07-03T22:00:00.000000000,200.05,172.87699
2025-07-03T23:00:00.000000000,189.89,176.54678
2025-07-04T00:00:00.000000000,192.1,171.63496
2025-07-04T01:00:00.000000000,191.24,189.37154
2025-07-04T02:00:00.000000000,185.8,174.33801
2025-07-04T03:00:00.000000000,182.7,217.99449
2025-07-04T04:00:00.000000000,182.1,189.3664
2025-07-04T05:00:00.000000000,182.69,180.19489
2025-07-04T06:00:00.000000000,180.63,169.01618
2025-07-04T07:00:00.000000000,131.54,182.03232
2025-07-04T08:00:00.000000000,108.67,161.71749
2025-07-04T09:00:00.000000000,93.01,185.00479
2025-07-04T10:00:00.000000000,81.65,193.20046
2025-07-04T11:00:00.000000000,91.32,172.15318
2025-07-04T12:00:00.000000000,80.4,168.19726
2025-07-04T13:00:00.000000000,79.83,163.20072
2025-07-04T14:00:00.000000000,88.06,151.37408
2025-07-04T15:00:00.000000000,102.89,190.21067
2025-07-04T16:00:00.000000000,125.13,188.19329
2025-07-04T17:00:00.000000000,138.71,187.74501
2025-07-04T18:00:00.000000000,151.23,182.09832
2025-07-04T19:00:00.000000000,154.58,178.58054
2025-07-04T20:00:00.000000000,150.57,187.70714
2025-07-04T21:00:00.000000000,157.8,192.91251
2025-07-04T22:00:00.000000000,156.36,169.74796
2025-07-04T23:00:00.000000000,138.19,172.93077
2025-07-05T00:00:00.000000000,128.31,169.21264
2025-07-05T01:00:00.000000000,130.75,186.37395
2025-07-05T02:00:00.000000000,120.27,172.69041
2025-07-05T03:00:00.000000000,117.75,213.08134
2025-07-05T04:00:00.000000000,116.53,185.50008
2025-07-05T05:00:00.000000000,130.77,178.91727
2025-07-05T06:00:00.000000000,101.65,167.73937
2025-07-05T07:00:00.000000000,87.36,178.37367
2025-07-05T08:00:00.000000000,78.11,161.89842
2025-07-05T09:00:00.000000000,80.47,180.60391
2025-07-05T10:00:00.000000000,93.97,187.81159
2025-07-05T11:00:00.000000000,90.05,169.21572
2025-07-05T12:00:00.000000000,82.87,156.90682
2025-07-05T13:00:00.000000000,80.1,155.98028
2025-07-05T14:00:00.000000000,86.53,146.63566
2025-07-05T15:00:00.000000000,93.01,181.66016
2025-07-05T16:00:00.000000000,88.7,178.66337
2025-07-05T17:00:00.000000000,110.29,179.91329
2025-07-05T18:00:00.000000000,119.07,172.43571
2025-07-05T19:00:00.000000000,143.98,169.51416
2025-07-05T20:00:00.000000000,173.89,176.46499
2025-07-05T21:00:00.000000000,167.24,181.65406
2025-07-05T22:00:00.000000000,144.54,163.74987
2025-07-05T23:00:00.000000000,142.55,165.23368
2025-07-06T00:00:00.000000000,126.29,164.11436
2025-07-06T01:00:00.000000000,136.16,178.74679
2025-07-06T02:00:00.000000000,149.68,167.0106
2025-07-06T03:00:00.000000000,176.37,203.39748
2025-07-06T04:00:00.000000000,193.96,180.37552
2025-07-06T05:00:00.000000000,208.83,175.35352
2025-07-06T06:00:00.000000000,192.4,162.60523
2025-07-06T07:00:00.000000000,183.29,170.37945
2025-07-06T08:00:00.000000000,179.68,157.29983
2025-07-06T09:00:00.000000000,194.96,172.82839
2025-07-06T10:00:00.000000000,180.17,180.73628
2025-07-06T11:00:00.000000000,164.97,163.90378
2025-07-06T12:00:00.000000000,153.78,165.71715
2025-07-06T13:00:00.000000000,138.84,161.09499
2025-07-06T14:00:00.000000000,171.72,150.2123
2025-07-06T15:00:00.000000000,172.95,188.37966
2025-07-06T16:00:00.000000000,209.73,185.84096
2025-07-06T17:00:00.000000000,240.28,185.69026
2025-07-06T18:00:00.000000000,255.63,180.08369
2025-07-06T19:00:00.000000000,261.21,176.82414
2025-07-06T20:00:00.000000000,267.17,185.23774
2025-07-06T21:00:00.000000000,251.47,191.03841
2025-07-06T22:00:00.000000000,223.63,168.06339
2025-07-06T23:00:00.000000000,203.98,171.4814
2025-07-07T00:00:00.000000000,176.54,167.52056
2025-07-07T01:00:00.000000000,148.69,184.68746
2025-07-07T02:00:00.000000000,140.21,170.68189
2025-07-07T03:00:00.000000000,122.74,211.34251
2025-07-07T04:00:00.000000000,112.62,184.15369
2025-07-07T05:00:00.000000000,114.46,177.356
2025-07-07T06:00:00.000000000,132.14,166.39047
2025-07-07T07:00:00.000000000,111.52,176.43728
2025-07-07T08:00:00.000000000,94.29,160.03593
2025-07-07T09:00:00.000000000,95.16,178.90807
2025-07-07T10:00:00.000000000,86.67,186.77223
2025-07-07T11:00:00.000000000,79.36,167.72262
2025-07-07T12:00:00.000000000,68.8,171.98678
2025-07-07T13:00:00.000000000,66.56,173.18171
2025-07-07T14:00:00.000000000,74.18,159.11345
2025-07-07T15:00:00.000000000,84.4,194.81499
2025-07-07T16:00:00.000000000,114.68,196.47185
2025-07-07T17:00:00.000000000,172.82,194.69143
2025-07-07T18:00:00.000000000,222.61,185.05445
2025-07-07T19:00:00.000000000,252.56,181.80482
2025-07-07T20:00:00.000000000,229.15,191.57901
2025-07-07T21:00:00.000000000,193.65,194.9033
2025-07-07T22:00:00.000000000,171.65,178.33313
2025-07-07T23:00:00.000000000,126.44,179.36037
2025-07-08T00:00:00.000000000,114.03,179.04534
2025-07-08T01:00:00.000000000,113.61,194.87003
2025-07-08T02:00:00.000000000,106.16,178.82765
2025-07-08T03:00:00.000000000,105.93,218.71926
2025-07-08T04:00:00.000000000,122.91,194.61376
2025-07-08T05:00:00.000000000,137.03,189.74507
2025-07-08T06:00:00.000000000,136.53,174.59864
2025-07-08T07:00:00.000000000,117.12,183.38806
2025-07-08T08:00:00.000000000,109.56,166.91552
2025-07-08T09:00:00.000000000,98.06,191.8094
2025-07-08T10:00:00.000000000,99.39,196.77934
2025-07-08T11:00:00.000000000,98.67,177.33938
2025-07-08T12:00:00.000000000,96.48,191.74078
2025-07-08T13:00:00.000000000,101.9,194.25065
2025-07-08T14:00:00.000000000,110.19,175.82225
2025-07-08T15:00:00.000000000,134.73,213.92587
2025-07-08T16:00:00.000000000,190.05,221.53146
2025-07-08T17:00:00.000000000,249.38,219.01525
2025-07-08T18:00:00.000000000,268.76,203.76571
2025-07-08T19:00:00.000000000,289.1,205.90775
2025-07-08T20:00:00.000000000,297.28,211.36413
2025-07-08T21:00:00.000000000,283.92,226.44586
2025-07-08T22:00:00.000000000,267.16,198.71619
2025-07-08T23:00:00.000000000,260.94,198.3051
2025-07-09T00:00:00.000000000,251.3,195.59671
2025-07-09T01:00:00.000000000,249.91,219.14668
2025-07-09T02:00:00.000000000,245.11,197.83408
2025-07-09T03:00:00.000000000,247.76,247.07351
2025-07-09T04:00:00.000000000,258.13,213.63251
2025-07-09T05:00:00.000000000,270.53,205.30446
2025-07-09T06:00:00.000000000,268.14,184.33273
2025-07-09T07:00:00.000000000,244.7,199.53196
2025-07-09T08:00:00.000000000,211.75,176.19064
2025-07-09T09:00:00.000000000,189.33,213.65434
2025-07-09T10:00:00.000000000,175.1,212.80925
2025-07-09T11:00:00.000000000,170.97,191.2306
2025-07-03T12:00:00.000000000,97.44,172.11365
2025-07-03T13:00:00.000000000,103.41,166.43236
2025-07-03T14:00:00.000000000,109.14,153.26384
2025-07-03T15:00:00.000000000,135.52,193.9596
2025-07-03T16:00:00.000000000,178.91,192.60289
2025-07-03T17:00:00.000000000,209.78,191.78169
2025-07-03T18:00:00.000000000,229.01,185.8111
2025-07-03T19:00:00.000000000,244.08,182.65752
2025-07-03T20:00:00.000000000,241.83,191.66661
2025-07-03T21:00:00.000000000,225.12,198.36028
2025-07-03T22:00:00.000000000,200.05,172.64344
2025-07-03T23:00:00.000000000,189.89,175.90191
2025-07-04T00:00:00.000000000,192.1,171.07481
2025-07-04T01:00:00.000000000,191.24,189.27166
2025-07-04T02:00:00.000000000,185.8,174.48991
2025-07-04T03:00:00.000000000,182.7,217.51296
2025-07-04T04:00:00.000000000,182.1,188.96897
2025-07-04T05:00:00.000000000,182.69,180.52966
2025-07-04T06:00:00.000000000,180.63,168.76677
2025-07-04T07:00:00.000000000,131.54,181.21493
2025-07-04T08:00:00.000000000,108.67,162.02809
2025-07-04T09:00:00.000000000,93.01,184.37769
2025-07-04T10:00:00.000000000,81.65,191.71353
2025-07-04T11:00:00.000000000,91.32,171.52826
2025-07-04T12:00:00.000000000,80.4,168.24163
2025-07-04T13:00:00.000000000,79.83,163.24312
2025-07-04T14:00:00.000000000,88.06,151.3881
2025-07-04T15:00:00.000000000,102.89,190.26293
2025-07-04T16:00:00.000000000,125.13,188.25286
2025-07-04T17:00:00.000000000,138.71,187.80116
2025-07-04T18:00:00.000000000,151.23,182.1428
2025-07-04T19:00:00.000000000,154.58,178.62709
2025-07-04T20:00:00.000000000,150.57,187.75893
2025-07-04T21:00:00.000000000,157.8,192.9781
2025-07-04T22:00:00.000000000,156.36,169.78576
2025-07-04T23:00:00.000000000,138.19,172.96295
2025-07-05T00:00:00.000000000,128.31,169.23234
2025-07-05T01:00:00.000000000,130.75,186.41584
2025-07-05T02:00:00.000000000,120.27,172.72337
2025-07-05T03:00:00.000000000,117.75,213.14105
2025-07-05T04:00:00.000000000,116.53,185.54323
2025-07-05T05:00:00.000000000,130.77,178.94892
2025-07-05T06:00:00.000000000,101.65,167.75407
2025-07-05T07:00:00.000000000,87.36,178.40529
2025-07-05T08:00:00.000000000,78.11,161.91052
2025-07-05T09:00:00.000000000,80.47,180.6476
2025-07-05T10:00:00.000000000,93.97,187.84216
2025-07-05T11:00:00.000000000,90.05,169.23974
2025-07-05T12:00:00.000000000,82.87,156.9059
2025-07-05T13:00:00.000000000,80.1,155.97937
2025-07-05T14:00:00.000000000,86.53,146.63546
2025-07-05T15:00:00.000000000,93.01,181.65892
2025-07-05T16:00:00.000000000,88.7,178.66203
2025-07-05T17:00:00.000000000,110.29,179.91215
2025-07-05T18:00:00.000000000,119.07,172.43477
2025-07-05T19:00:00.000000000,143.98,169.51321
2025-07-05T20:00:00.000000000,173.89,176.46372
2025-07-05T21:00:00.000000000,167.24,181.65261
2025-07-05T22:00:00.000000000,144.54,163.74905
2025-07-05T23:00:00.000000000,142.55,165.23282
2025-07-06T00:00:00.000000000,126.29,164.11397
2025-07-06T01:00:00.000000000,136.16,178.74555
2025-07-06T02:00:00.000000000,149.68,167.00984
2025-07-06T03:00:00.000000000,176.37,203.396
2025-07-06T04:00:00.000000000,193.96,180.3747
2025-07-06T05:00:00.000000000,208.83,175.35276
2025-07-06T06:00:00.000000000,192.4,162.60465
2025-07-06T07:00:00.000000000,183.29,170.37884
2025-07-06T08:00:00.000000000,179.68,157.29937
2025-07-06T09:00:00.000000000,194.96,172.82732
2025-07-06T10:00:00.000000000,180.17,180.73569
2025-07-06T11:00:00.000000000,164.97,163.90331
2025-07-06T12:00:00.000000000,153.78,165.71717
2025-07-06T13:00:00.000000000,138.84,161.09501
2025-07-06T14:00:00.000000000,171.72,150.2123
2025-07-06T15:00:00.000000000,172.95,188.37968
2025-07-06T16:00:00.000000000,209.73,185.84098
2025-07-06T17:00:00.000000000,240.28,185.69028
2025-07-06T18:00:00.000000000,255.63,180.08371
2025-07-06T19:00:00.000000000,261.21,176.82415
2025-07-06T20:00:00.000000000,267.17,185.23779
2025-07-06T21:00:00.000000000,251.47,191.03844
2025-07-06T22:00:00.000000000,223.63,168.0634
2025-07-06T23:00:00.000000000,203.98,171.4814
2025-07-07T00:00:00.000000000,176.54,167.52057
2025-07-07T01:00:00.000000000,148.69,184.68746
2025-07-07T02:00:00.000000000,140.21,170.68193
2025-07-07T03:00:00.000000000,122.74,211.34253
2025-07-07T04:00:00.000000000,112.62,184.15371
2025-07-07T05:00:00.000000000,114.46,177.35602
2025-07-07T06:00:00.000000000,132.14,166.39048
2025-07-07T07:00:00.000000000,111.52,176.43728
2025-07-07T08:00:00.000000000,94.29,160.03595
2025-07-07T09:00:00.000000000,95.16,178.90809
2025-07-07T10:00:00.000000000,86.67,186.77224
2025-07-07T11:00:00.000000000,79.36,167.72263
2025-07-07T12:00:00.000000000,68.8,171.98678
2025-07-07T13:00:00.000000000,66.56,173.18171
2025-07-07T14:00:00.000000000,74.18,159.11345
2025-07-07T15:00:00.000000000,84.4,194.81499
2025-07-07T16:00:00.000000000,114.68,196.47185
2025-07-07T17:00:00.000000000,172.82,194.69143
2025-07-07T18:00:00.000000000,222.61,185.05445
2025-07-07T19:00:00.000000000,252.56,181.80482
2025-07-07T20:00:00.000000000,229.15,191.579
2025-07-07T21:00:00.000000000,193.65,194.9033
2025-07-07T22:00:00.000000000,171.65,178.33313
2025-07-07T23:00:00.000000000,126.44,179.36037
2025-07-08T00:00:00.000000000,114.03,179.04534
2025-07-08T01:00:00.000000000,113.61,194.87003
2025-07-08T02:00:00.000000000,106.16,178.82765
2025-07-08T03:00:00.000000000,105.93,218.71926
2025-07-08T04:00:00.000000000,122.91,194.61375
2025-07-08T05:00:00.000000000,137.03,189.74507
2025-07-08T06:00:00.000000000,136.53,174.59863
2025-07-08T07:00:00.000000000,117.12,183.38806
2025-07-08T08:00:00.000000000,109.56,166.91553
2025-07-08T09:00:00.000000000,98.06,191.8094
2025-07-08T10:00:00.000000000,99.39,196.77933
2025-07-08T11:00:00.000000000,98.67,177.33938
2025-07-08T12:00:00.000000000,96.48,191.74078
2025-07-08T13:00:00.000000000,101.9,194.25065
2025-07-08T14:00:00.000000000,110.19,175.82225
2025-07-08T15:00:00.000000000,134.73,213.92587
2025-07-08T16:00:00.000000000,190.05,221.53146
2025-07-08T17:00:00.000000000,249.38,219.01525
2025-07-08T18:00:00.000000000,268.76,203.76571
2025-07-08T19:00:00.000000000,289.1,205.90775
2025-07-08T20:00:00.000000000,297.28,211.36413
2025-07-08T21:00:00.000000000,283.92,226.44586
2025-07-08T22:00:00.000000000,267.16,198.71619
2025-07-08T23:00:00.000000000,260.94,198.3051
2025-07-09T00:00:00.000000000,251.3,195.59671
2025-07-09T01:00:00.000000000,249.91,219.14668
2025-07-09T02:00:00.000000000,245.11,197.83408
2025-07-09T03:00:00.000000000,247.76,247.07351
2025-07-09T04:00:00.000000000,258.13,213.63251
2025-07-09T05:00:00.000000000,270.53,205.30446
2025-07-09T06:00:00.000000000,268.14,184.33273
2025-07-09T07:00:00.000000000,244.7,199.53196
2025-07-09T08:00:00.000000000,211.75,176.19064
2025-07-09T09:00:00.000000000,189.33,213.65434
2025-07-09T10:00:00.000000000,175.1,212.80925
2025-07-09T11:00:00.000000000,170.97,191.2306
2025-07-09T12:00:00.000000000,164.99,194.09506
2025-07-09T13:00:00.000000000,158.19,193.13012
2025-07-09T14:00:00.000000000,166.99,174.30799
2025-07-09T15:00:00.000000000,180.94,212.21239
2025-07-09T16:00:00.000000000,235.21,218.00022
2025-07-09T17:00:00.000000000,263.77,215.32153
2025-07-09T18:00:00.000000000,309.22,204.60524
2025-07-09T19:00:00.000000000,332.06,202.46357
2025-07-09T20:00:00.000000000,336.33,213.00989
2025-07-09T21:00:00.000000000,328.76,220.05541
2025-07-09T22:00:00.000000000,315.77,196.99003
2025-07-09T23:00:00.000000000,294.63,197.25736
2025-07-10T00:00:00.000000000,286.31,194.42493
2025-07-10T01:00:00.000000000,294.16,213.88378
2025-07-10T02:00:00.000000000,290.12,196.26982
2025-07-10T03:00:00.000000000,289.49,242.14152
2025-07-10T04:00:00.000000000,282.71,210.34494
2025-07-10T05:00:00.000000000,280.85,205.06933
2025-07-10T06:00:00.000000000,274.69,186.47481
2025-07-10T07:00:00.000000000,249.33,201.20063
2025-07-10T08:00:00.000000000,222.43,179.49746
2025-07-10T09:00:00.000000000,202.73,210.42654
2025-07-10T10:00:00.000000000,193.12,210.98327
2025-07-10T11:00:00.000000000,180.08,190.19328
2025-07-04T12:00:00.000000000,80.4,169.98195
2025-07-04T13:00:00.000000000,79.83,165.26459
2025-07-04T14:00:00.000000000,88.06,151.68819
2025-07-04T15:00:00.000000000,102.89,192.89211
2025-07-04T16:00:00.000000000,125.13,191.20846
2025-07-04T17:00:00.000000000,138.71,190.6505
2025-07-04T18:00:00.000000000,151.23,183.90666
2025-07-04T19:00:00.000000000,154.58,180.72081
2025-07-04T20:00:00.000000000,150.57,190.06843
2025-07-04T21:00:00.000000000,157.8,196.3134
2025-07-04T22:00:00.000000000,156.36,171.81502
2025-07-04T23:00:00.000000000,138.19,174.46444
2025-07-05T00:00:00.000000000,128.31,169.97296
2025-07-05T01:00:00.000000000,130.75,188.61703
2025-07-05T02:00:00.000000000,120.27,174.55171
2025-07-05T03:00:00.000000000,117.75,216.09186
2025-07-05T04:00:00.000000000,116.53,187.69035
2025-07-05T05:00:00.000000000,130.77,180.77196
2025-07-05T06:00:00.000000000,101.65,168.2843
2025-07-05T07:00:00.000000000,87.36,179.69856
2025-07-05T08:00:00.000000000,78.11,162.70283
2025-07-05T09:00:00.000000000,80.47,182.73689
2025-07-05T10:00:00.000000000,93.97,188.73048
2025-07-05T11:00:00.000000000,90.05,170.21992
2025-07-05T12:00:00.000000000,82.87,156.88221
2025-07-05T13:00:00.000000000,80.1,155.95618
2025-07-05T14:00:00.000000000,86.53,146.63309
2025-07-05T15:00:00.000000000,93.01,181.62585
2025-07-05T16:00:00.000000000,88.7,178.62685
2025-07-05T17:00:00.000000000,110.29,179.88248
2025-07-05T18:00:00.000000000,119.07,172.4107
2025-07-05T19:00:00.000000000,143.98,169.48917
2025-07-05T20:00:00.000000000,173.89,176.43013
2025-07-05T21:00:00.000000000,167.24,181.61453
2025-07-05T22:00:00.000000000,144.54,163.72745
2025-07-05T23:00:00.000000000,142.55,165.21003
2025-07-06T00:00:00.000000000,126.29,164.10527
2025-07-06T01:00:00.000000000,136.16,178.71061
2025-07-06T02:00:00.000000000,149.68,166.98783
2025-07-06T03:00:00.000000000,176.37,203.35574
2025-07-06T04:00:00.000000000,193.96,180.35546
2025-07-06T05:00:00.000000000,208.83,175.33173
2025-07-06T06:00:00.000000000,192.4,162.5881
2025-07-06T07:00:00.000000000,183.29,170.36375
2025-07-06T08:00:00.000000000,179.68,157.2833
2025-07-06T09:00:00.000000000,194.96,172.80047
2025-07-06T10:00:00.000000000,180.17,180.72541
2025-07-06T11:00:00.000000000,164.97,163.89269
2025-07-06T12:00:00.000000000,153.78,165.71755
2025-07-06T13:00:00.000000000,138.84,161.09533
2025-07-06T14:00:00.000000000,171.72,150.21241
2025-07-06T15:00:00.000000000,172.95,188.38006
2025-07-06T16:00:00.000000000,209.73,185.8414
2025-07-06T17:00:00.000000000,240.28,185.69066
2025-07-06T18:00:00.000000000,255.63,180.08403
2025-07-06T19:00:00.000000000,261.21,176.82445
2025-07-06T20:00:00.000000000,267.17,185.23819
2025-07-06T21:00:00.000000000,251.47,191.03886
2025-07-06T22:00:00.000000000,223.63,168.06367
2025-07-06T23:00:00.000000000,203.98,171.48164
2025-07-07T00:00:00.000000000,176.54,167.52076
2025-07-07T01:00:00.000000000,148.69,184.68775
2025-07-07T02:00:00.000000000,140.21,170.68226
2025-07-07T03:00:00.000000000,122.74,211.34289
2025-07-07T04:00:00.000000000,112.62,184.15395
2025-07-07T05:00:00.000000000,114.46,177.35629
2025-07-07T06:00:00.000000000,132.14,166.39063
2025-07-07T07:00:00.000000000,111.52,176.43757
2025-07-07T08:00:00.000000000,94.29,160.03622
2025-07-07T09:00:00.000000000,95.16,178.90835
2025-07-07T10:00:00.000000000,86.67,186.77231
2025-07-07T11:00:00.000000000,79.36,167.72282
2025-07-07T12:00:00.000000000,68.8,171.98676
2025-07-07T13:00:00.000000000,66.56,173.18166
2025-07-07T14:00:00.000000000,74.18,159.11342
2025-07-07T15:00:00.000000000,84.4,194.81497
2025-07-07T16:00:00.000000000,114.68,196.47181
2025-07-07T17:00:00.000000000,172.82,194.69141
2025-07-07T18:00:00.000000000,222.61,185.05443
2025-07-07T19:00:00.000000000,252.56,181.8048
2025-07-07T20:00:00.000000000,229.15,191.57899
2025-07-07T21:00:00.000000000,193.65,194.90328
2025-07-07T22:00:00.000000000,171.65,178.33311
2025-07-07T23:00:00.000000000,126.44,179.36035
2025-07-08T00:00:00.000000000,114.03,179.04532
2025-07-08T01:00:00.000000000,113.61,194.86999
2025-07-08T02:00:00.000000000,106.16,178.82764
2025-07-08T03:00:00.000000000,105.93,218.71924
2025-07-08T04:00:00.000000000,122.91,194.61373
2025-07-08T05:00:00.000000000,137.03,189.74505
2025-07-08T06:00:00.000000000,136.53,174.59859
2025-07-08T07:00:00.000000000,117.12,183.38805
2025-07-08T08:00:00.000000000,109.56,166.91551
2025-07-08T09:00:00.000000000,98.06,191.80936
2025-07-08T10:00:00.000000000,99.39,196.77931
2025-07-08T11:00:00.000000000,98.67,177.33936
2025-07-08T12:00:00.000000000,96.48,191.74078
2025-07-08T13:00:00.000000000,101.9,194.25065
2025-07-08T14:00:00.000000000,110.19,175.82225
2025-07-08T15:00:00.000000000,134.73,213.92587
2025-07-08T16:00:00.000000000,190.05,221.53146
2025-07-08T17:00:00.000000000,249.38,219.01525
2025-07-08T18:00:00.000000000,268.76,203.76571
2025-07-08T19:00:00.000000000,289.1,205.90775
2025-07-08T20:00:00.000000000,297.28,211.36413
2025-07-08T21:00:00.000000000,283.92,226.44586
2025-07-08T22:00:00.000000000,267.16,198.71619
2025-07-08T23:00:00.000000000,260.94,198.3051
2025-07-09T00:00:00.000000000,251.3,195.59671
2025-07-09T01:00:00.000000000,249.91,219.14668
2025-07-09T02:00:00.000000000,245.11,197.83408
2025-07-09T03:00:00.000000000,247.76,247.07351
2025-07-09T04:00:00.000000000,258.13,213.63251
2025-07-09T05:00:00.000000000,270.53,205.30446
2025-07-09T06:00:00.000000000,268.14,184.33273
2025-07-09T07:00:00.000000000,244.7,199.53196
2025-07-09T08:00:00.000000000,211.75,176.19064
2025-07-09T09:00:00.000000000,189.33,213.65434
2025-07-09T10:00:00.000000000,175.1,212.80925
2025-07-09T11:00:00.000000000,170.97,191.2306
2025-07-09T12:00:00.000000000,164.99,194.09506
2025-07-09T13:00:00.000000000,158.19,193.13012
2025-07-09T14:00:00.000000000,166.99,174.30799
2025-07-09T15:00:00.000000000,180.94,212.21239
2025-07-09T16:00:00.000000000,235.21,218.00022
2025-07-09T17:00:00.000000000,263.77,215.32153
2025-07-09T18:00:00.000000000,309.22,204.60524
2025-07-09T19:00:00.000000000,332.06,202.46357
2025-07-09T20:00:00.000000000,336.33,213.00989
2025-07-09T21:00:00.000000000,328.76,220.05541
2025-07-09T22:00:00.000000000,315.77,196.99003
2025-07-09T23:00:00.000000000,294.63,197.25736
2025-07-10T00:00:00.000000000,286.31,194.42493
2025-07-10T01:00:00.000000000,294.16,213.88378
2025-07-10T02:00:00.000000000,290.12,196.26982
2025-07-10T03:00:00.000000000,289.49,242.14152
2025-07-10T04:00:00.000000000,282.71,210.34494
2025-07-10T05:00:00.000000000,280.85,205.06933
2025-07-10T06:00:00.000000000,274.69,186.47481
2025-07-10T07:00:00.000000000,249.33,201.20063
2025-07-10T08:00:00.000000000,222.43,179.49746
2025-07-10T09:00:00.000000000,202.73,210.42654
2025-07-10T10:00:00.000000000,193.12,210.98327
2025-07-10T11:00:00.000000000,180.08,190.19328
2025-07-10T12:00:00.000000000,176.19,187.26493
2025-07-10T13:00:00.000000000,175.09,183.69943
2025-07-10T14:00:00.000000000,182.51,165.05134
2025-07-10T15:00:00.000000000,205.61,206.85461
2025-07-10T16:00:00.000000000,242.47,210.91578
2025-07-10T17:00:00.000000000,288.36,208.41434
2025-07-10T18:00:00.000000000,319.29,199.59272
2025-07-10T19:00:00.000000000,336.63,196.6927
2025-07-10T20:00:00.000000000,335.57,206.32885
2025-07-10T21:00:00.000000000,333.83,214.83125
2025-07-10T22:00:00.000000000,328.84,188.2808
2025-07-10T23:00:00.000000000,321.03,189.31945
2025-07-11T00:00:00.000000000,311.49,184.78141
2025-07-11T01:00:00.000000000,312.79,204.46878
2025-07-11T02:00:00.000000000,312.42,187.56772
2025-07-11T03:00:00.000000000,309.87,234.51991
2025-07-11T04:00:00.000000000,311.87,203.78145
2025-07-11T05:00:00.000000000,305.62,195.22493
2025-07-11T06:00:00.000000000,288.54,178.7316
2025-07-11T07:00:00.000000000,265.38,193.90325
2025-07-11T08:00:00.000000000,238.59,171.10498
2025-07-11T09:00:00.000000000,199.93,201.51721
2025-07-11T10:00:00.000000000,177.96,205.08843
2025-07-11T11:00:00.000000000,165.42,183.01391
2025-07-05T12:00:00.000000000,82.87,159.68451
2025-07-05T13:00:00.000000000,80.1,159.22999
2025-07-05T14:00:00.000000000,86.53,147.42566
2025-07-05T15:00:00.000000000,93.01,185.66169
2025-07-05T16:00:00.000000000,88.7,183.19054
2025-07-05T17:00:00.000000000,110.29,183.89954
2025-07-05T18:00:00.000000000,119.07,175.36054
2025-07-05T19:00:00.000000000,143.98,172.56793
2025-07-05T20:00:00.000000000,173.89,180.25354
2025-07-05T21:00:00.000000000,167.24,186.2192
2025-07-05T22:00:00.000000000,144.54,166.62871
2025-07-05T23:00:00.000000000,142.55,167.86235
2025-07-06T00:00:00.000000000,126.29,165.55903
2025-07-06T01:00:00.000000000,136.16,182.64995
2025-07-06T02:00:00.000000000,149.68,169.48743
2025-07-06T03:00:00.000000000,176.37,208.06958
2025-07-06T04:00:00.000000000,193.96,183.5721
2025-07-06T05:00:00.000000000,208.83,178.03449
2025-07-06T06:00:00.000000000,192.4,164.21736
2025-07-06T07:00:00.000000000,183.29,172.28398
2025-07-06T08:00:00.000000000,179.68,158.43844
2025-07-06T09:00:00.000000000,194.96,176.52301
2025-07-06T10:00:00.000000000,180.17,182.96991
2025-07-06T11:00:00.000000000,164.97,165.68304
2025-07-06T12:00:00.000000000,153.78,165.66346
2025-07-06T13:00:00.000000000,138.84,161.03348
2025-07-06T14:00:00.000000000,171.72,150.19613
2025-07-06T15:00:00.000000000,172.95,188.30956
2025-07-06T16:00:00.000000000,209.73,185.75885
2025-07-06T17:00:00.000000000,240.28,185.6142
2025-07-06T18:00:00.000000000,255.63,180.03232
2025-07-06T19:00:00.000000000,261.21,176.76954
2025-07-06T20:00:00.000000000,267.17,185.17069
2025-07-06T21:00:00.000000000,251.47,190.95936
2025-07-06T22:00:00.000000000,223.63,168.00738
2025-07-06T23:00:00.000000000,203.98,171.43892
2025-07-07T00:00:00.000000000,176.54,167.48817
2025-07-07T01:00:00.000000000,148.69,184.62524
2025-07-07T02:00:00.000000000,140.21,170.62697
2025-07-07T03:00:00.000000000,122.74,211.26836
2025-07-07T04:00:00.000000000,112.62,184.09566
2025-07-07T05:00:00.000000000,114.46,177.30189
2025-07-07T06:00:00.000000000,132.14,166.36574
2025-07-07T07:00:00.000000000,111.52,176.39608
2025-07-07T08:00:00.000000000,94.29,160.00345
2025-07-07T09:00:00.000000000,95.16,178.84763
2025-07-07T10:00:00.000000000,86.67,186.74271
2025-07-07T11:00:00.000000000,79.36,167.68761
2025-07-07T12:00:00.000000000,68.8,171.99093
2025-07-07T13:00:00.000000000,66.56,173.1867
2025-07-07T14:00:00.000000000,74.18,159.11694
2025-07-07T15:00:00.000000000,84.4,194.81877
2025-07-07T16:00:00.000000000,114.68,196.47676
2025-07-07T17:00:00.000000000,172.82,194.6958
2025-07-07T18:00:00.000000000,222.61,185.05769
2025-07-07T19:00:00.000000000,252.56,181.80822
2025-07-07T20:00:00.000000000,229.15,191.5835
2025-07-07T21:00:00.000000000,193.65,194.90692
2025-07-07T22:00:00.000000000,171.65,178.33762
2025-07-07T23:00:00.000000000,126.44,179.36438
2025-07-08T00:00:00.000000000,114.03,179.04964
2025-07-08T01:00:00.000000000,113.61,194.87489
2025-07-08T02:00:00.000000000,106.16,178.83173
2025-07-08T03:00:00.000000000,105.93,218.72394
2025-07-08T04:00:00.000000000,122.91,194.61748
2025-07-08T05:00:00.000000000,137.03,189.74998
2025-07-08T06:00:00.000000000,136.53,174.60234
2025-07-08T07:00:00.000000000,117.12,183.39183
2025-07-08T08:00:00.000000000,109.56,166.91938
2025-07-08T09:00:00.000000000,98.06,191.81444
2025-07-08T10:00:00.000000000,99.39,196.78275
2025-07-08T11:00:00.000000000,98.67,177.34295
2025-07-08T12:00:00.000000000,96.48,191.74037
2025-07-08T13:00:00.000000000,101.9,194.25012
2025-07-08T14:00:00.000000000,110.19,175.82178
2025-07-08T15:00:00.000000000,134.73,213.92551
2025-07-08T16:00:00.000000000,190.05,221.53098
2025-07-08T17:00:00.000000000,249.38,219.01478
2025-07-08T18:00:00.000000000,268.76,203.7654
2025-07-08T19:00:00.000000000,289.1,205.9073
2025-07-08T20:00:00.000000000,297.28,211.36373
2025-07-08T21:00:00.000000000,283.92,226.44535
2025-07-08T22:00:00.000000000,267.16,198.71566
2025-07-08T23:00:00.000000000,260.94,198.30461
2025-07-09T00:00:00.000000000,251.3,195.59619
2025-07-09T01:00:00.000000000,249.91,219.14609
2025-07-09T02:00:00.000000000,245.11,197.83358
2025-07-09T03:00:00.000000000,247.76,247.07298
2025-07-09T04:00:00.000000000,258.13,213.63208
2025-07-09T05:00:00.000000000,270.53,205.30404
2025-07-09T06:00:00.000000000,268.14,184.33242
2025-07-09T07:00:00.000000000,244.7,199.53154
2025-07-09T08:00:00.000000000,211.75,176.19026
2025-07-09T09:00:00.000000000,189.33,213.6538
2025-07-09T10:00:00.000000000,175.1,212.80889
2025-07-09T11:00:00.000000000,170.97,191.23019
2025-07-09T12:00:00.000000000,164.99,194.0951
2025-07-09T13:00:00.000000000,158.19,193.13021
2025-07-09T14:00:00.000000000,166.99,174.30806
2025-07-09T15:00:00.000000000,180.94,212.21242
2025-07-09T16:00:00.000000000,235.21,218.00029
2025-07-09T17:00:00.000000000,263.77,215.32159
2025-07-09T18:00:00.000000000,309.22,204.60528
2025-07-09T19:00:00.000000000,332.06,202.46362
2025-07-09T20:00:00.000000000,336.33,213.00993
2025-07-09T21:00:00.000000000,328.76,220.05545
2025-07-09T22:00:00.000000000,315.77,196.99011
2025-07-09T23:00:00.000000000,294.63,197.25741
2025-07-10T00:00:00.000000000,286.31,194.42497
2025-07-10T01:00:00.000000000,294.16,213.88384
2025-07-10T02:00:00.000000000,290.12,196.26989
2025-07-10T03:00:00.000000000,289.49,242.14157
2025-07-10T04:00:00.000000000,282.71,210.34499
2025-07-10T05:00:00.000000000,280.85,205.0694
2025-07-10T06:00:00.000000000,274.69,186.47486
2025-07-10T07:00:00.000000000,249.33,201.20067
2025-07-10T08:00:00.000000000,222.43,179.49751
2025-07-10T09:00:00.000000000,202.73,210.42661
2025-07-10T10:00:00.000000000,193.12,210.9833
2025-07-10T11:00:00.000000000,180.08,190.19333
2025-07-10T12:00:00.000000000,176.19,187.26493
2025-07-10T13:00:00.000000000,175.09,183.69942
2025-07-10T14:00:00.000000000,182.51,165.05136
2025-07-10T15:00:00.000000000,205.61,206.8546
2025-07-10T16:00:00.000000000,242.47,210.91576
2025-07-10T17:00:00.000000000,288.36,208.41432
2025-07-10T18:00:00.000000000,319.29,199.59272
2025-07-10T19:00:00.000000000,336.63,196.69268
2025-07-10T20:00:00.000000000,335.57,206.32885
2025-07-10T21:00:00.000000000,333.83,214.83123
2025-07-10T22:00:00.000000000,328.84,188.28077
2025-07-10T23:00:00.000000000,321.03,189.31944
2025-07-11T00:00:00.000000000,311.49,184.78141
2025-07-11T01:00:00.000000000,312.79,204.46877
2025-07-11T02:00:00.000000000,312.42,187.56772
2025-07-11T03:00:00.000000000,309.87,234.51991
2025-07-11T04:00:00.000000000,311.87,203.78143
2025-07-11T05:00:00.000000000,305.62,195.22493
2025-07-11T06:00:00.000000000,288.54,178.7316
2025-07-11T07:00:00.000000000,265.38,193.90325
2025-07-11T08:00:00.000000000,238.59,171.10499
2025-07-11T09:00:00.000000000,199.93,201.5172
2025-07-11T10:00:00.000000000,177.96,205.08841
2025-07-11T11:00:00.000000000,165.42,183.01389
2025-07-11T12:00:00.000000000,165.66,191.99649
2025-07-11T13:00:00.000000000,162.55,191.65556
2025-07-11T14:00:00.000000000,164.42,173.2584
2025-07-11T15:00:00.000000000,183.03,210.84408
2025-07-11T16:00:00.000000000,228.56,216.09112
2025-07-11T17:00:00.000000000,275.13,213.47256
2025-07-11T18:00:00.000000000,304.21,202.66828
2025-07-11T19:00:00.000000000,321.89,200.33564
2025-07-11T20:00:00.000000000,321.91,211.17635
2025-07-11T21:00:00.000000000,310.56,217.29669
2025-07-11T22:00:00.000000000,310.68,195.56798
2025-07-11T23:00:00.000000000,295.59,195.88759
2025-07-12T00:00:00.000000000,298.59,193.47973
2025-07-12T01:00:00.000000000,298.7,212.70464
2025-07-12T02:00:00.000000000,289.35,195.11813
2025-07-12T03:00:00.000000000,274.23,240.21706
2025-07-12T04:00:00.000000000,266.88,209.03022
2025-07-12T05:00:00.000000000,253.6,204.52069
2025-07-12T06:00:00.000000000,212.97,186.14351
2025-07-12T07:00:00.000000000,185.6,199.60692
2025-07-12T08:00:00.000000000,162.53,179.07898
2025-07-12T09:00:00.000000000,132.34,209.06704
2025-07-12T10:00:00.000000000,112.6,209.72408
2025-07-12T11:00:00.000000000,111.78,189.30491
2025-07-06T12:00:00.000000000,153.78,168.43946
2025-07-06T13:00:00.000000000,138.84,163.6969
2025-07-06T14:00:00.000000000,171.72,151.55897
2025-07-06T15:00:00.000000000,172.95,191.15275
2025-07-06T16:00:00.000000000,209.73,189.18542
2025-07-06T17:00:00.000000000,240.28,188.71437
2025-07-06T18:00:00.000000000,255.63,182.6692
2025-07-06T19:00:00.000000000,261.21,179.55159
2025-07-06T20:00:00.000000000,267.17,188.14208
2025-07-06T21:00:00.000000000,251.47,194.59922
2025-07-06T22:00:00.000000000,223.63,170.30708
2025-07-06T23:00:00.000000000,203.98,173.58437
2025-07-07T00:00:00.000000000,176.54,169.11094
2025-07-07T01:00:00.000000000,148.69,187.04762
2025-07-07T02:00:00.000000000,140.21,172.35506
2025-07-07T03:00:00.000000000,122.74,214.47947
2025-07-07T04:00:00.000000000,112.62,186.74997
2025-07-07T05:00:00.000000000,114.46,178.97588
2025-07-07T06:00:00.000000000,132.14,167.42181
2025-07-07T07:00:00.000000000,111.52,178.45473
2025-07-07T08:00:00.000000000,94.29,160.59755
2025-07-07T09:00:00.000000000,95.16,181.75419
2025-07-07T10:00:00.000000000,86.67,189.34198
2025-07-07T11:00:00.000000000,79.36,169.5289
2025-07-07T12:00:00.000000000,68.8,171.81925
2025-07-07T13:00:00.000000000,66.56,172.98502
2025-07-07T14:00:00.000000000,74.18,158.99476
2025-07-07T15:00:00.000000000,84.4,194.64843
2025-07-07T16:00:00.000000000,114.68,196.26287
2025-07-07T17:00:00.000000000,172.82,194.5028
2025-07-07T18:00:00.000000000,222.61,184.91079
2025-07-07T19:00:00.000000000,252.56,181.65505
2025-07-07T20:00:00.000000000,229.15,191.38773
2025-07-07T21:00:00.000000000,193.65,194.73018
2025-07-07T22:00:00.000000000,171.65,178.1569
2025-07-07T23:00:00.000000000,126.44,179.20563
2025-07-08T00:00:00.000000000,114.03,178.8962
2025-07-08T01:00:00.000000000,113.61,194.67447
2025-07-08T02:00:00.000000000,106.16,178.66912
2025-07-08T03:00:00.000000000,105.93,218.5066
2025-07-08T04:00:00.000000000,122.91,194.45978
2025-07-08T05:00:00.000000000,137.03,189.55602
2025-07-08T06:00:00.000000000,136.53,174.46532
2025-07-08T07:00:00.000000000,117.12,183.24628
2025-07-08T08:00:00.000000000,109.56,166.78227
2025-07-08T09:00:00.000000000,98.06,191.61076
2025-07-08T10:00:00.000000000,99.39,196.64691
2025-07-08T11:00:00.000000000,98.67,177.21271
2025-07-08T12:00:00.000000000,96.48,191.75466
2025-07-08T13:00:00.000000000,101.9,194.26887
2025-07-08T14:00:00.000000000,110.19,175.83923
2025-07-08T15:00:00.000000000,134.73,213.93827
2025-07-08T16:00:00.000000000,190.05,221.54931
2025-07-08T17:00:00.000000000,249.38,219.03265
2025-07-08T18:00:00.000000000,268.76,203.77684
2025-07-08T19:00:00.000000000,289.1,205.92415
2025-07-08T20:00:00.000000000,297.28,211.37833
2025-07-08T21:00:00.000000000,283.92,226.4648
2025-07-08T22:00:00.000000000,267.16,198.73443
2025-07-08T23:00:00.000000000,260.94,198.32158
2025-07-09T00:00:00.000000000,251.3,195.61522
2025-07-09T01:00:00.000000000,249.91,219.16838
2025-07-09T02:00:00.000000000,245.11,197.8513
2025-07-09T03:00:00.000000000,247.76,247.09288
2025-07-09T04:00:00.000000000,258.13,213.64736
2025-07-09T05:00:00.000000000,270.53,205.31867
2025-07-09T06:00:00.000000000,268.14,184.34371
2025-07-09T07:00:00.000000000,244.7,199.54675
2025-07-09T08:00:00.000000000,211.75,176.20375
2025-07-09T09:00:00.000000000,189.33,213.67358
2025-07-09T10:00:00.000000000,175.1,212.82202
2025-07-09T11:00:00.000000000,170.97,191.24546
2025-07-09T12:00:00.000000000,164.99,194.09312
2025-07-09T13:00:00.000000000,158.19,193.12768
2025-07-09T14:00:00.000000000,166.99,174.30591
2025-07-09T15:00:00.000000000,180.94,212.21078
2025-07-09T16:00:00.000000000,235.21,217.99811
2025-07-09T17:00:00.000000000,263.77,215.31936
2025-07-09T18:00:00.000000000,309.22,204.60361
2025-07-09T19:00:00.000000000,332.06,202.46168
2025-07-09T20:00:00.000000000,336.33,213.00803
2025-07-09T21:00:00.000000000,328.76,220.0533
2025-07-09T22:00:00.000000000,315.77,196.98771
2025-07-09T23:00:00.000000000,294.63,197.25529
2025-07-10T00:00:00.000000000,286.31,194.42275
2025-07-10T01:00:00.000000000,294.16,213.88138
2025-07-10T02:00:00.000000000,290.12,196.26768
2025-07-10T03:00:00.000000000,289.49,242.13921
2025-07-10T04:00:00.000000000,282.71,210.34302
2025-07-10T05:00:00.000000000,280.85,205.06713
2025-07-10T06:00:00.000000000,274.69,186.47315
2025-07-10T07:00:00.000000000,249.33,201.1988
2025-07-10T08:00:00.000000000,222.43,179.49573
2025-07-10T09:00:00.000000000,202.73,210.42423
2025-07-10T10:00:00.000000000,193.12,210.98173
2025-07-10T11:00:00.000000000,180.08,190.19155
2025-07-10T12:00:00.000000000,176.19,187.26518
2025-07-10T13:00:00.000000000,175.09,183.69973
2025-07-10T14:00:00.000000000,182.51,165.05159
2025-07-10T15:00:00.000000000,205.61,206.85481
2025-07-10T16:00:00.000000000,242.47,210.91606
2025-07-10T17:00:00.000000000,288.36,208.41461
2025-07-10T18:00:00.000000000,319.29,199.59294
2025-07-10T19:00:00.000000000,336.63,196.69292
2025-07-10T20:00:00.000000000,335.57,206.32908
2025-07-10T21:00:00.000000000,333.83,214.83151
2025-07-10T22:00:00.000000000,328.84,188.28107
2025-07-10T23:00:00.000000000,321.03,189.31969
2025-07-11T00:00:00.000000000,311.49,184.78169
2025-07-11T01:00:00.000000000,312.79,204.46909
2025-07-11T02:00:00.000000000,312.42,187.56799
2025-07-11T03:00:00.000000000,309.87,234.52018
2025-07-11T04:00:00.000000000,311.87,203.7817
2025-07-11T05:00:00.000000000,305.62,195.22522
2025-07-11T06:00:00.000000000,288.54,178.73179
2025-07-11T07:00:00.000000000,265.38,193.90349
2025-07-11T08:00:00.000000000,238.59,171.10519
2025-07-11T09:00:00.000000000,199.93,201.51751
2025-07-11T10:00:00.000000000,177.96,205.08862
2025-07-11T11:00:00.000000000,165.42,183.01412
2025-07-11T12:00:00.000000000,165.66,191.99647
2025-07-11T13:00:00.000000000,162.55,191.65553
2025-07-11T14:00:00.000000000,164.42,173.25838
2025-07-11T15:00:00.000000000,183.03,210.84406
2025-07-11T16:00:00.000000000,228.56,216.09108
2025-07-11T17:00:00.000000000,275.13,213.47254
2025-07-11T18:00:00.000000000,304.21,202.66826
2025-07-11T19:00:00.000000000,321.89,200.33562
2025-07-11T20:00:00.000000000,321.91,211.17633
2025-07-11T21:00:00.000000000,310.56,217.29667
2025-07-11T22:00:00.000000000,310.68,195.56794
2025-07-11T23:00:00.000000000,295.59,195.88758
2025-07-12T00:00:00.000000000,298.59,193.47969
2025-07-12T01:00:00.000000000,298.7,212.70461
2025-07-12T02:00:00.000000000,289.35,195.11811
2025-07-12T03:00:00.000000000,274.23,240.21704
2025-07-12T04:00:00.000000000,266.88,209.03021
2025-07-12T05:00:00.000000000,253.6,204.52066
2025-07-12T06:00:00.000000000,212.97,186.1435
2025-07-12T07:00:00.000000000,185.6,199.60689
2025-07-12T08:00:00.000000000,162.53,179.07896
2025-07-12T09:00:00.000000000,132.34,209.06702
2025-07-12T10:00:00.000000000,112.6,209.72406
2025-07-12T11:00:00.000000000,111.78,189.3049
2025-07-12T12:00:00.000000000,111.96,179.52555
2025-07-12T13:00:00.000000000,108.33,175.15398
2025-07-12T14:00:00.000000000,110.59,157.26764
2025-07-12T15:00:00.000000000,111.63,201.9722
2025-07-12T16:00:00.000000000,161.33,203.23068
2025-07-12T17:00:00.000000000,228.48,201.71961
2025-07-12T18:00:00.000000000,263.98,193.13324
2025-07-12T19:00:00.000000000,282.39,191.09473
2025-07-12T20:00:00.000000000,283.6,199.82641
2025-07-12T21:00:00.000000000,262.47,209.46521
2025-07-12T22:00:00.000000000,242.52,180.65063
2025-07-12T23:00:00.000000000,229.19,182.55172
2025-07-13T00:00:00.000000000,211.45,176.10594
2025-07-13T01:00:00.000000000,209.99,197.20609
2025-07-13T02:00:00.000000000,208.44,180.17514
2025-07-13T03:00:00.000000000,211.84,227.56004
2025-07-13T04:00:00.000000000,181.83,197.72904
2025-07-13T05:00:00.000000000,174.64,186.42319
2025-07-13T06:00:00.000000000,162.22,171.86931
2025-07-13T07:00:00.000000000,148.31,186.84975
2025-07-13T08:00:00.000000000,131.69,163.76748
2025-07-13T09:00:00.000000000,115.84,193.72145
2025-07-13T10:00:00.000000000,112.91,199.07949
2025-07-13T11:00:00.000000000,110.81,177.22269
2025-07-07T12:00:00.000000000,68.8,171.45145
2025-07-07T13:00:00.000000000,66.56,173.60161
2025-07-07T14:00:00.000000000,74.18,158.85701
2025-07-07T15:00:00.000000000,84.4,195.16305
2025-07-07T16:00:00.000000000,114.68,196.76193
2025-07-07T17:00:00.000000000,172.82,194.99678
2025-07-07T18:00:00.000000000,222.61,184.40998
2025-07-07T19:00:00.000000000,252.56,181.38638
2025-07-07T20:00:00.000000000,229.15,191.44009
2025-07-07T21:00:00.000000000,193.65,194.78222
2025-07-07T22:00:00.000000000,171.65,178.85996
2025-07-07T23:00:00.000000000,126.44,179.52961
2025-07-08T00:00:00.000000000,114.03,179.27693
2025-07-08T01:00:00.000000000,113.61,195.77484
2025-07-08T02:00:00.000000000,106.16,179.78276
2025-07-08T03:00:00.000000000,105.93,218.5846
2025-07-08T04:00:00.000000000,122.91,194.86343
2025-07-08T05:00:00.000000000,137.03,190.49104
2025-07-08T06:00:00.000000000,136.53,174.96368
2025-07-08T07:00:00.000000000,117.12,183.19364
2025-07-08T08:00:00.000000000,109.56,167.91429
2025-07-08T09:00:00.000000000,98.06,192.1551
2025-07-08T10:00:00.000000000,99.39,195.7794
2025-07-08T11:00:00.000000000,98.67,177.69976
2025-07-08T12:00:00.000000000,96.48,191.70691
2025-07-08T13:00:00.000000000,101.9,194.19757
2025-07-08T14:00:00.000000000,110.19,175.76729
2025-07-08T15:00:00.000000000,134.73,213.89858
2025-07-08T16:00:00.000000000,190.05,221.49316
2025-07-08T17:00:00.000000000,249.38,218.98168
2025-07-08T18:00:00.000000000,268.76,203.74641
2025-07-08T19:00:00.000000000,289.1,205.88252
2025-07-08T20:00:00.000000000,297.28,211.3262
2025-07-08T21:00:00.000000000,283.92,226.43039
2025-07-08T22:00:00.000000000,267.16,198.66602
2025-07-08T23:00:00.000000000,260.94,198.26039
2025-07-09T00:00:00.000000000,251.3,195.53527
2025-07-09T01:00:00.000000000,249.91,219.09037
2025-07-09T02:00:00.000000000,245.11,197.78664
2025-07-09T03:00:00.000000000,247.76,247.0366
2025-07-09T04:00:00.000000000,258.13,213.59847
2025-07-09T05:00:00.000000000,270.53,205.2507
2025-07-09T06:00:00.000000000,268.14,184.28239
2025-07-09T07:00:00.000000000,244.7,199.48985
2025-07-09T08:00:00.000000000,211.75,176.13535
2025-07-09T09:00:00.000000000,189.33,213.60011
2025-07-09T10:00:00.000000000,175.1,212.77143
2025-07-09T11:00:00.000000000,170.97,191.18244
2025-07-09T12:00:00.000000000,164.99,194.10111
2025-07-09T13:00:00.000000000,158.19,193.13783
2025-07-09T14:00:00.000000000,166.99,174.31462
2025-07-09T15:00:00.000000000,180.94,212.21741
2025-07-09T16:00:00.000000000,235.21,218.00686
2025-07-09T17:00:00.000000000,263.77,215.32833
2025-07-09T18:00:00.000000000,309.22,204.61032
2025-07-09T19:00:00.000000000,332.06,202.46952
2025-07-09T20:00:00.000000000,336.33,213.01564
2025-07-09T21:00:00.000000000,328.76,220.06207
2025-07-09T22:00:00.000000000,315.77,196.99741
2025-07-09T23:00:00.000000000,294.63,197.26393
2025-07-10T00:00:00.000000000,286.31,194.43174
2025-07-10T01:00:00.000000000,294.16,213.89138
2025-07-10T02:00:00.000000000,290.12,196.27665
2025-07-10T03:00:00.000000000,289.49,242.14886
2025-07-10T04:00:00.000000000,282.71,210.35104
2025-07-10T05:00:00.000000000,280.85,205.07634
2025-07-10T06:00:00.000000000,274.69,186.48005
2025-07-10T07:00:00.000000000,249.33,201.20637
2025-07-10T08:00:00.000000000,222.43,179.50288
2025-07-10T09:00:00.000000000,202.73,210.43383
2025-07-10T10:00:00.000000000,193.12,210.98812
2025-07-10T11:00:00.000000000,180.08,190.19864
2025-07-10T12:00:00.000000000,176.19,187.26419
2025-07-10T13:00:00.000000000,175.09,183.69848
2025-07-10T14:00:00.000000000,182.51,165.0506
2025-07-10T15:00:00.000000000,205.61,206.85398
2025-07-10T16:00:00.000000000,242.47,210.9149
2025-07-10T17:00:00.000000000,288.36,208.4135
2025-07-10T18:00:00.000000000,319.29,199.59206
2025-07-10T19:00:00.000000000,336.63,196.69201
2025-07-10T20:00:00.000000000,335.57,206.32818
2025-07-10T21:00:00.000000000,333.83,214.83045
2025-07-10T22:00:00.000000000,328.84,188.27991
2025-07-10T23:00:00.000000000,321.03,189.31868
2025-07-11T00:00:00.000000000,311.49,184.78058
2025-07-11T01:00:00.000000000,312.79,204.46786
2025-07-11T02:00:00.000000000,312.42,187.56692
2025-07-11T03:00:00.000000000,309.87,234.51904
2025-07-11T04:00:00.000000000,311.87,203.78066
2025-07-11T05:00:00.000000000,305.62,195.22405
2025-07-11T06:00:00.000000000,288.54,178.73098
2025-07-11T07:00:00.000000000,265.38,193.90256
2025-07-11T08:00:00.000000000,238.59,171.10434
2025-07-11T09:00:00.000000000,199.93,201.51627
2025-07-11T10:00:00.000000000,177.96,205.08782
2025-07-11T11:00:00.000000000,165.42,183.01326
2025-07-11T12:00:00.000000000,165.66,191.9966
2025-07-11T13:00:00.000000000,162.55,191.65569
2025-07-11T14:00:00.000000000,164.42,173.25852
2025-07-11T15:00:00.000000000,183.03,210.84417
2025-07-11T16:00:00.000000000,228.56,216.0912
2025-07-11T17:00:00.000000000,275.13,213.47267
2025-07-11T18:00:00.000000000,304.21,202.66835
2025-07-11T19:00:00.000000000,321.89,200.33574
2025-07-11T20:00:00.000000000,321.91,211.17645
2025-07-11T21:00:00.000000000,310.56,217.29679
2025-07-11T22:00:00.000000000,310.68,195.56808
2025-07-11T23:00:00.000000000,295.59,195.88771
2025-07-12T00:00:00.000000000,298.59,193.47982
2025-07-12T01:00:00.000000000,298.7,212.70475
2025-07-12T02:00:00.000000000,289.35,195.11823
2025-07-12T03:00:00.000000000,274.23,240.21717
2025-07-12T04:00:00.000000000,266.88,209.03032
2025-07-12T05:00:00.000000000,253.6,204.52083
2025-07-12T06:00:00.000000000,212.97,186.1436
2025-07-12T07:00:00.000000000,185.6,199.60699
2025-07-12T08:00:00.000000000,162.53,179.07907
2025-07-12T09:00:00.000000000,132.34,209.06716
2025-07-12T10:00:00.000000000,112.6,209.72417
2025-07-12T11:00:00.000000000,111.78,189.30501
2025-07-12T12:00:00.000000000,111.96,179.52555
2025-07-12T13:00:00.000000000,108.33,175.15398
2025-07-12T14:00:00.000000000,110.59,157.26763
2025-07-12T15:00:00.000000000,111.63,201.9722
2025-07-12T16:00:00.000000000,161.33,203.23068
2025-07-12T17:00:00.000000000,228.48,201.71959
2025-07-12T18:00:00.000000000,263.98,193.13323
2025-07-12T19:00:00.000000000,282.39,191.09472
2025-07-12T20:00:00.000000000,283.6,199.8264
2025-07-12T21:00:00.000000000,262.47,209.46521
2025-07-12T22:00:00.000000000,242.52,180.65063
2025-07-12T23:00:00.000000000,229.19,182.55172
2025-07-13T00:00:00.000000000,211.45,176.10594
2025-07-13T01:00:00.000000000,209.99,197.20607
2025-07-13T02:00:00.000000000,208.44,180.17514
2025-07-13T03:00:00.000000000,211.84,227.56004
2025-07-13T04:00:00.000000000,181.83,197.72904
2025-07-13T05:00:00.000000000,174.64,186.42317
2025-07-13T06:00:00.000000000,162.22,171.86931
2025-07-13T07:00:00.000000000,148.31,186.84975
2025-07-13T08:00:00.000000000,131.69,163.76748
2025-07-13T09:00:00.000000000,115.84,193.72144
2025-07-13T10:00:00.000000000,112.91,199.07949
2025-07-13T11:00:00.000000000,110.81,177.22269
2025-07-13T12:00:00.000000000,108.5,171.5343
2025-07-13T13:00:00.000000000,115.92,170.43152
2025-07-13T14:00:00.000000000,127.82,154.85526
2025-07-13T15:00:00.000000000,157.25,195.8865
2025-07-13T16:00:00.000000000,226.6,196.17454
2025-07-13T17:00:00.000000000,267.74,194.92719
2025-07-13T18:00:00.000000000,292.49,185.98919
2025-07-13T19:00:00.000000000,297.07,183.43831
2025-07-13T20:00:00.000000000,302.82,192.232
2025-07-13T21:00:00.000000000,294.96,199.1871
2025-07-13T22:00:00.000000000,265.48,176.1709
2025-07-13T23:00:00.000000000,234.29,177.82863
2025-07-14T00:00:00.000000000,218.29,173.73229
2025-07-14T01:00:00.000000000,222.39,193.24068
2025-07-14T02:00:00.000000000,206.21,176.54641
2025-07-14T03:00:00.000000000,206.41,220.36357
2025-07-14T04:00:00.000000000,212.19,193.29209
2025-07-14T05:00:00.000000000,227.47,184.85423
2025-07-14T06:00:00.000000000,221.79,170.83962
2025-07-14T07:00:00.000000000,184.22,181.19032
2025-07-14T08:00:00.000000000,146.46,162.42214
2025-07-14T09:00:00.000000000,129.95,189.0939
2025-07-14T10:00:00.000000000,100.12,194.67978
2025-07-14T11:00:00.000000000,118.38,174.22901
2025-07-08T12:00:00.000000000,96.48,198.40068
2025-07-08T13:00:00.000000000,101.9,203.09581
2025-07-08T14:00:00.000000000,110.19,183.4687
2025-07-08T15:00:00.000000000,134.73,219.76312
2025-07-08T16:00:00.000000000,190.05,229.69449
2025-07-08T17:00:00.000000000,249.38,227.514
2025-07-08T18:00:00.000000000,268.76,209.1845
2025-07-08T19:00:00.000000000,289.1,214.10676
2025-07-08T20:00:00.000000000,297.28,217.97454
2025-07-08T21:00:00.000000000,283.92,235.41392
2025-07-08T22:00:00.000000000,267.16,207.43527
2025-07-08T23:00:00.000000000,260.94,206.05686
2025-07-09T00:00:00.000000000,251.3,204.07347
2025-07-09T01:00:00.000000000,249.91,229.01656
2025-07-09T02:00:00.000000000,245.11,206.17653
2025-07-09T03:00:00.000000000,247.76,256.08414
2025-07-09T04:00:00.000000000,258.13,220.92143
2025-07-09T05:00:00.000000000,270.53,211.91775
2025-07-09T06:00:00.000000000,268.14,188.88976
2025-07-09T07:00:00.000000000,244.7,206.39524
2025-07-09T08:00:00.000000000,211.75,182.16374
2025-07-09T09:00:00.000000000,189.33,222.86932
2025-07-09T10:00:00.000000000,175.1,218.69421
2025-07-09T11:00:00.000000000,170.97,198.2276
2025-07-09T12:00:00.000000000,164.99,193.17608
2025-07-09T13:00:00.000000000,158.19,191.97325
2025-07-09T14:00:00.000000000,166.99,173.32701
2025-07-09T15:00:00.000000000,180.94,211.45624
2025-07-09T16:00:00.000000000,235.21,216.99792
2025-07-09T17:00:00.000000000,263.77,214.30056
2025-07-09T18:00:00.000000000,309.22,203.84456
2025-07-09T19:00:00.000000000,332.06,201.57548
2025-07-09T20:00:00.000000000,336.33,212.13317
2025-07-09T21:00:00.000000000,328.76,219.06358
2025-07-09T22:00:00.000000000,315.77,195.8835
2025-07-09T23:00:00.000000000,294.63,196.27332
2025-07-10T00:00:00.000000000,286.31,193.39826
2025-07-10T01:00:00.000000000,294.16,212.75044
2025-07-10T02:00:00.000000000,290.12,195.25309
2025-07-10T03:00:00.000000000,289.49,241.05543
2025-07-10T04:00:00.000000000,282.71,209.43558
2025-07-10T05:00:00.000000000,280.85,204.0244
2025-07-10T06:00:00.000000000,274.69,185.68044
2025-07-10T07:00:00.000000000,249.33,200.33106
2025-07-10T08:00:00.000000000,222.43,178.67412
2025-07-10T09:00:00.000000000,202.73,209.32957
2025-07-10T10:00:00.000000000,193.12,210.2521
2025-07-10T11:00:00.000000000,180.08,189.37469
2025-07-10T12:00:00.000000000,176.19,187.37639
2025-07-10T13:00:00.000000000,175.09,183.8426
2025-07-10T14:00:00.000000000,182.51,165.16265
2025-07-10T15:00:00.000000000,205.61,206.94853
2025-07-10T16:00:00.000000000,242.47,211.05017
2025-07-10T17:00:00.000000000,288.36,208.54201
2025-07-10T18:00:00.000000000,319.29,199.69236
2025-07-10T19:00:00.000000000,336.63,196.7955
2025-07-10T20:00:00.000000000,335.57,206.43301
2025-07-10T21:00:00.000000000,333.83,214.95214
2025-07-10T22:00:00.000000000,328.84,188.41106
2025-07-10T23:00:00.000000000,321.03,189.43647
2025-07-11T00:00:00.000000000,311.49,184.90769
2025-07-11T01:00:00.000000000,312.79,204.60832
2025-07-11T02:00:00.000000000,312.42,187.68824
2025-07-11T03:00:00.000000000,309.87,234.6508
2025-07-11T04:00:00.000000000,311.87,203.90035
2025-07-11T05:00:00.000000000,305.62,195.35712
2025-07-11T06:00:00.000000000,288.54,178.8253
2025-07-11T07:00:00.000000000,265.38,194.00765
2025-07-11T08:00:00.000000000,238.59,171.19974
2025-07-11T09:00:00.000000000,199.93,201.65801
2025-07-11T10:00:00.000000000,177.96,205.18273
2025-07-11T11:00:00.000000000,165.42,183.11
2025-07-11T12:00:00.000000000,165.66,191.98151
2025-07-11T13:00:00.000000000,162.55,191.63673
2025-07-11T14:00:00.000000000,164.42,173.24254
2025-07-11T15:00:00.000000000,183.03,210.83145
2025-07-11T16:00:00.000000000,228.56,216.07527
2025-07-11T17:00:00.000000000,275.13,213.45609
2025-07-11T18:00:00.000000000,304.21,202.65574
2025-07-11T19:00:00.000000000,321.89,200.32141
2025-07-11T20:00:00.000000000,321.91,211.16179
2025-07-11T21:00:00.000000000,310.56,217.28139
2025-07-11T22:00:00.000000000,310.68,195.5503
2025-07-11T23:00:00.000000000,295.59,195.87235
2025-07-12T00:00:00.000000000,298.59,193.46344
2025-07-12T01:00:00.000000000,298.7,212.68764
2025-07-12T02:00:00.000000000,289.35,195.10129
2025-07-12T03:00:00.000000000,274.23,240.20029
2025-07-12T04:00:00.000000000,266.88,209.01545
2025-07-12T05:00:00.000000000,253.6,204.50363
2025-07-12T06:00:00.000000000,212.97,186.13084
2025-07-12T07:00:00.000000000,185.6,199.59295
2025-07-12T08:00:00.000000000,162.53,179.06523
2025-07-12T09:00:00.000000000,132.34,209.04995
2025-07-12T10:00:00.000000000,112.6,209.71253
2025-07-12T11:00:00.000000000,111.78,189.29142
2025-07-12T12:00:00.000000000,111.96,179.52623
2025-07-12T13:00:00.000000000,108.33,175.15504
2025-07-12T14:00:00.000000000,110.59,157.26805
2025-07-12T15:00:00.000000000,111.63,201.97294
2025-07-12T16:00:00.000000000,161.33,203.23182
2025-07-12T17:00:00.000000000,228.48,201.72067
2025-07-12T18:00:00.000000000,263.98,193.134
2025-07-12T19:00:00.000000000,282.39,191.09552
2025-07-12T20:00:00.000000000,283.6,199.82724
2025-07-12T21:00:00.000000000,262.47,209.46611
2025-07-12T22:00:00.000000000,242.52,180.65153
2025-07-12T23:00:00.000000000,229.19,182.55234
2025-07-13T00:00:00.000000000,211.45,176.10655
2025-07-13T01:00:00.000000000,209.99,197.20697
2025-07-13T02:00:00.000000000,208.44,180.1759
2025-07-13T03:00:00.000000000,211.84,227.56107
2025-07-13T04:00:00.000000000,181.83,197.72997
2025-07-13T05:00:00.000000000,174.64,186.42401
2025-07-13T06:00:00.000000000,162.22,171.86979
2025-07-13T07:00:00.000000000,148.31,186.85028
2025-07-13T08:00:00.000000000,131.69,163.76787
2025-07-13T09:00:00.000000000,115.84,193.72242
2025-07-13T10:00:00.000000000,112.91,199.08008
2025-07-13T11:00:00.000000000,110.81,177.2233
2025-07-13T12:00:00.000000000,108.5,171.53425
2025-07-13T13:00:00.000000000,115.92,170.43144
2025-07-13T14:00:00.000000000,127.82,154.85521
2025-07-13T15:00:00.000000000,157.25,195.88644
2025-07-13T16:00:00.000000000,226.6,196.17446
2025-07-13T17:00:00.000000000,267.74,194.92711
2025-07-13T18:00:00.000000000,292.49,185.98913
2025-07-13T19:00:00.000000000,297.07,183.43825
2025-07-13T20:00:00.000000000,302.82,192.23194
2025-07-13T21:00:00.000000000,294.96,199.18705
2025-07-13T22:00:00.000000000,265.48,176.17083
2025-07-13T23:00:00.000000000,234.29,177.82856
2025-07-14T00:00:00.000000000,218.29,173.73222
2025-07-14T01:00:00.000000000,222.39,193.24062
2025-07-14T02:00:00.000000000,206.21,176.54635
2025-07-14T03:00:00.000000000,206.41,220.36349
2025-07-14T04:00:00.000000000,212.19,193.29201
2025-07-14T05:00:00.000000000,227.47,184.85415
2025-07-14T06:00:00.000000000,221.79,170.83958
2025-07-14T07:00:00.000000000,184.22,181.19027
2025-07-14T08:00:00.000000000,146.46,162.4221
2025-07-14T09:00:00.000000000,129.95,189.09381
2025-07-14T10:00:00.000000000,100.12,194.67971
2025-07-14T11:00:00.000000000,118.38,174.22896
2025-07-14T12:00:00.000000000,96.06,198.0033
2025-07-14T13:00:00.000000000,91.3,204.31775
2025-07-14T14:00:00.000000000,88.79,185.4734
2025-07-14T15:00:00.000000000,96.43,219.51296
2025-07-14T16:00:00.000000000,109.61,227.28785
2025-07-14T17:00:00.000000000,121.41,225.12103
2025-07-14T18:00:00.000000000,152.47,207.71527
2025-07-14T19:00:00.000000000,170.65,210.32514
2025-07-14T20:00:00.000000000,183.74,218.08756
2025-07-14T21:00:00.000000000,175.13,227.80924
2025-07-14T22:00:00.000000000,152.09,207.65927
2025-07-14T23:00:00.000000000,146.78,205.43522
2025-07-15T00:00:00.000000000,163.02,205.95445
2025-07-15T01:00:00.000000000,152.76,227.34293
2025-07-15T02:00:00.000000000,139.33,207.72289
2025-07-15T03:00:00.000000000,150.91,252.37837
2025-07-15T04:00:00.000000000,147.19,220.43145
2025-07-15T05:00:00.000000000,152.26,216.21941
2025-07-15T06:00:00.000000000,149.62,192.64811
2025-07-15T07:00:00.000000000,134.3,207.00927
2025-07-15T08:00:00.000000000,115.71,187.46474
2025-07-15T09:00:00.000000000,104.66,222.49468
2025-07-15T10:00:00.000000000,110.93,218.16238
2025-07-15T11:00:00.000000000,96.04,199.97125
2025-07-09T12:00:00.000000000,164.99,191.01084
2025-07-09T13:00:00.000000000,158.19,189.29204
2025-07-09T14:00:00.000000000,166.99,168.44646
2025-07-09T15:00:00.000000000,180.94,210.43704
2025-07-09T16:00:00.000000000,235.21,216.19091
2025-07-09T17:00:00.000000000,263.77,213.36687
2025-07-09T18:00:00.000000000,309.22,202.57617
2025-07-09T19:00:00.000000000,332.06,200.55221
2025-07-09T20:00:00.000000000,336.33,210.40332
2025-07-09T21:00:00.000000000,328.76,219.08345
2025-07-09T22:00:00.000000000,315.77,193.39292
2025-07-09T23:00:00.000000000,294.63,193.52413
2025-07-10T00:00:00.000000000,286.31,189.12168
2025-07-10T01:00:00.000000000,294.16,209.61037
2025-07-10T02:00:00.000000000,290.12,191.61325
2025-07-10T03:00:00.000000000,289.49,239.14953
2025-07-10T04:00:00.000000000,282.71,208.43604
2025-07-10T05:00:00.000000000,280.85,199.63543
2025-07-10T06:00:00.000000000,274.69,181.76064
2025-07-10T07:00:00.000000000,249.33,197.44878
2025-07-10T08:00:00.000000000,222.43,173.99123
2025-07-10T09:00:00.000000000,202.73,207.34441
2025-07-10T10:00:00.000000000,193.12,208.9465
2025-07-10T11:00:00.000000000,180.08,187.23018
2025-07-10T12:00:00.000000000,176.19,187.83435
2025-07-10T13:00:00.000000000,175.09,184.42595
2025-07-10T14:00:00.000000000,182.51,165.62914
2025-07-10T15:00:00.000000000,205.61,207.3292
2025-07-10T16:00:00.000000000,242.47,211.595
2025-07-10T17:00:00.000000000,288.36,209.06079
2025-07-10T18:00:00.000000000,319.29,200.10604
2025-07-10T19:00:00.000000000,336.63,197.22261
2025-07-10T20:00:00.000000000,335.57,206.85423
2025-07-10T21:00:00.000000000,333.83,215.45217
2025-07-10T22:00:00.000000000,328.84,188.93808
2025-07-10T23:00:00.000000000,321.03,189.91794
2025-07-11T00:00:00.000000000,311.49,185.42515
2025-07-11T01:00:00.000000000,312.79,205.17441
2025-07-11T02:00:00.000000000,312.42,188.17047
2025-07-11T03:00:00.000000000,309.87,235.18781
2025-07-11T04:00:00.000000000,311.87,204.39044
2025-07-11T05:00:00.000000000,305.62,195.88819
2025-07-11T06:00:00.000000000,288.54,179.20379
2025-07-11T07:00:00.000000000,265.38,194.43565
2025-07-11T08:00:00.000000000,238.59,171.56962
2025-07-11T09:00:00.000000000,199.93,202.23666
2025-07-11T10:00:00.000000000,177.96,205.58732
2025-07-11T11:00:00.000000000,165.42,183.50398
2025-07-11T12:00:00.000000000,165.66,191.92046
2025-07-11T13:00:00.000000000,162.55,191.56013
2025-07-11T14:00:00.000000000,164.42,173.17808
2025-07-11T15:00:00.000000000,183.03,210.77988
2025-07-11T16:00:00.000000000,228.56,216.01065
2025-07-11T17:00:00.000000000,275.13,213.38868
2025-07-11T18:00:00.000000000,304.21,202.60452
2025-07-11T19:00:00.000000000,321.89,200.26324
2025-07-11T20:00:00.000000000,321.91,211.10243
2025-07-11T21:00:00.000000000,310.56,217.2186
2025-07-11T22:00:00.000000000,310.68,195.4784
2025-07-11T23:00:00.000000000,295.59,195.81033
2025-07-12T00:00:00.000000000,298.59,193.39744
2025-07-12T01:00:00.000000000,298.7,212.61842
2025-07-12T02:00:00.000000000,289.35,195.03278
2025-07-12T03:00:00.000000000,274.23,240.1317
2025-07-12T04:00:00.000000000,266.88,208.95522
2025-07-12T05:00:00.000000000,253.6,204.43431
2025-07-12T06:00:00.000000000,212.97,186.07961
2025-07-12T07:00:00.000000000,185.6,199.53619
2025-07-12T08:00:00.000000000,162.53,179.00958
2025-07-12T09:00:00.000000000,132.34,208.98043
2025-07-12T10:00:00.000000000,112.6,209.66553
2025-07-12T11:00:00.000000000,111.78,189.23665
2025-07-12T12:00:00.000000000,111.96,179.52913
2025-07-12T13:00:00.000000000,108.33,175.15933
2025-07-12T14:00:00.000000000,110.59,157.26977
2025-07-12T15:00:00.000000000,111.63,201.97599
2025-07-12T16:00:00.000000000,161.33,203.23645
2025-07-12T17:00:00.000000000,228.48,201.72504
2025-07-12T18:00:00.000000000,263.98,193.13715
2025-07-12T19:00:00.000000000,282.39,191.09875
2025-07-12T20:00:00.000000000,283.6,199.83067
2025-07-12T21:00:00.000000000,262.47,209.46988
2025-07-12T22:00:00.000000000,242.52,180.65515
2025-07-12T23:00:00.000000000,229.19,182.55488
2025-07-13T00:00:00.000000000,211.45,176.10906
2025-07-13T01:00:00.000000000,209.99,197.21064
2025-07-13T02:00:00.000000000,208.44,180.17899
2025-07-13T03:00:00.000000000,211.84,227.56527
2025-07-13T04:00:00.000000000,181.83,197.7337
2025-07-13T05:00:00.000000000,174.64,186.4273
2025-07-13T06:00:00.000000000,162.22,171.87175
2025-07-13T07:00:00.000000000,148.31,186.85238
2025-07-13T08:00:00.000000000,131.69,163.76943
2025-07-13T09:00:00.000000000,115.84,193.72631
2025-07-13T10:00:00.000000000,112.91,199.08251
2025-07-13T11:00:00.000000000,110.81,177.22577
2025-07-13T12:00:00.000000000,108.5,171.53405
2025-07-13T13:00:00.000000000,115.92,170.43114
2025-07-13T14:00:00.000000000,127.82,154.85504
2025-07-13T15:00:00.000000000,157.25,195.88623
2025-07-13T16:00:00.000000000,226.6,196.17416
2025-07-13T17:00:00.000000000,267.74,194.92685
2025-07-13T18:00:00.000000000,292.49,185.98896
2025-07-13T19:00:00.000000000,297.07,183.43806
2025-07-13T20:00:00.000000000,302.82,192.23172
2025-07-13T21:00:00.000000000,294.96,199.18682
2025-07-13T22:00:00.000000000,265.48,176.17056
2025-07-13T23:00:00.000000000,234.29,177.82835
2025-07-14T00:00:00.000000000,218.29,173.732
2025-07-14T01:00:00.000000000,222.39,193.24034
2025-07-14T02:00:00.000000000,206.21,176.54614
2025-07-14T03:00:00.000000000,206.41,220.36325
2025-07-14T04:00:00.000000000,212.19,193.29177
2025-07-14T05:00:00.000000000,227.47,184.85388
2025-07-14T06:00:00.000000000,221.79,170.83941
2025-07-14T07:00:00.000000000,184.22,181.19008
2025-07-14T08:00:00.000000000,146.46,162.42194
2025-07-14T09:00:00.000000000,129.95,189.0935
2025-07-14T10:00:00.000000000,100.12,194.6795
2025-07-14T11:00:00.000000000,118.38,174.22875
2025-07-14T12:00:00.000000000,96.06,198.00331
2025-07-14T13:00:00.000000000,91.3,204.31777
2025-07-14T14:00:00.000000000,88.79,185.47342
2025-07-14T15:00:00.000000000,96.43,219.51298
2025-07-14T16:00:00.000000000,109.61,227.28787
2025-07-14T17:00:00.000000000,121.41,225.12105
2025-07-14T18:00:00.000000000,152.47,207.71529
2025-07-14T19:00:00.000000000,170.65,210.32516
2025-07-14T20:00:00.000000000,183.74,218.08758
2025-07-14T21:00:00.000000000,175.13,227.80924
2025-07-14T22:00:00.000000000,152.09,207.65928
2025-07-14T23:00:00.000000000,146.78,205.43525
2025-07-15T00:00:00.000000000,163.02,205.95447
2025-07-15T01:00:00.000000000,152.76,227.34294
2025-07-15T02:00:00.000000000,139.33,207.7229
2025-07-15T03:00:00.000000000,150.91,252.37837
2025-07-15T04:00:00.000000000,147.19,220.43147
2025-07-15T05:00:00.000000000,152.26,216.21942
2025-07-15T06:00:00.000000000,149.62,192.64811
2025-07-15T07:00:00.000000000,134.3,207.00929
2025-07-15T08:00:00.000000000,115.71,187.46474
2025-07-15T09:00:00.000000000,104.66,222.49471
2025-07-15T10:00:00.000000000,110.93,218.1624
2025-07-15T11:00:00.000000000,96.04,199.97129
2025-07-15T12:00:00.000000000,87.27,207.95797
2025-07-15T13:00:00.000000000,80.82,213.84965
2025-07-15T14:00:00.000000000,86.96,194.43189
2025-07-15T15:00:00.000000000,112.75,225.78899
2025-07-15T16:00:00.000000000,157.87,236.52956
2025-07-15T17:00:00.000000000,180.83,234.78354
2025-07-15T18:00:00.000000000,177.79,216.82927
2025-07-15T19:00:00.000000000,184.54,222.06778
2025-07-15T20:00:00.000000000,182.31,226.83103
2025-07-15T21:00:00.000000000,182.16,241.30899
2025-07-15T22:00:00.000000000,154.54,217.36159
2025-07-15T23:00:00.000000000,133.15,215.858
2025-07-16T00:00:00.000000000,124.57,215.21239
2025-07-16T01:00:00.000000000,124.17,238.61087
2025-07-16T02:00:00.000000000,123.88,216.62513
2025-07-16T03:00:00.000000000,133.17,264.34513
2025-07-16T04:00:00.000000000,154.01,228.40183
2025-07-16T05:00:00.000000000,190.35,221.34905
2025-07-16T06:00:00.000000000,211.95,196.98479
2025-07-16T07:00:00.000000000,217.97,216.39555
2025-07-16T08:00:00.000000000,208.24,193.74927
2025-07-16T09:00:00.000000000,199.57,232.63101
2025-07-16T10:00:00.000000000,200.53,225.5293
2025-07-16T11:00:00.000000000,195.43,206.77588
2025-07-10T12:00:00.000000000,176.19,181.39185
2025-07-10T13:00:00.000000000,175.09,175.81924
2025-07-10T14:00:00.000000000,182.51,158.26284
2025-07-10T15:00:00.000000000,205.61,202.50642
2025-07-10T16:00:00.000000000,242.47,204.0031
2025-07-10T17:00:00.000000000,288.36,202.32369
2025-07-10T18:00:00.000000000,319.29,194.50775
2025-07-10T19:00:00.000000000,336.63,192.27098
2025-07-10T20:00:00.000000000,335.57,201.18545
2025-07-10T21:00:00.000000000,333.83,210.57711
2025-07-10T22:00:00.000000000,328.84,181.15499
2025-07-10T23:00:00.000000000,321.03,183.386
2025-07-11T00:00:00.000000000,311.49,176.98935
2025-07-11T01:00:00.000000000,312.79,197.41578
2025-07-11T02:00:00.000000000,312.42,180.67662
2025-07-11T03:00:00.000000000,309.87,228.12893
2025-07-11T04:00:00.000000000,311.87,197.90983
2025-07-11T05:00:00.000000000,305.62,186.37015
2025-07-11T06:00:00.000000000,288.54,172.47328
2025-07-11T07:00:00.000000000,265.38,188.27743
2025-07-11T08:00:00.000000000,238.59,164.46601
2025-07-11T09:00:00.000000000,199.93,194.18969
2025-07-11T10:00:00.000000000,177.96,200.07784
2025-07-11T11:00:00.000000000,165.42,177.96748
2025-07-11T12:00:00.000000000,165.66,192.88749
2025-07-11T13:00:00.000000000,162.55,192.77055
2025-07-11T14:00:00.000000000,164.42,174.21468
2025-07-11T15:00:00.000000000,183.03,211.59079
2025-07-11T16:00:00.000000000,228.56,217.02468
2025-07-11T17:00:00.000000000,275.13,214.4496
2025-07-11T18:00:00.000000000,304.21,203.41914
2025-07-11T19:00:00.000000000,321.89,201.18702
2025-07-11T20:00:00.000000000,321.91,212.03667
2025-07-11T21:00:00.000000000,310.56,218.21285
2025-07-11T22:00:00.000000000,310.68,196.61414
2025-07-11T23:00:00.000000000,295.59,196.79527
2025-07-12T00:00:00.000000000,298.59,194.44817
2025-07-12T01:00:00.000000000,298.7,213.71416
2025-07-12T02:00:00.000000000,289.35,196.11862
2025-07-12T03:00:00.000000000,274.23,241.21991
2025-07-12T04:00:00.000000000,266.88,209.90699
2025-07-12T05:00:00.000000000,253.6,205.53263
2025-07-12T06:00:00.000000000,212.97,186.89233
2025-07-12T07:00:00.000000000,185.6,200.43736
2025-07-12T08:00:00.000000000,162.53,179.89004
2025-07-12T09:00:00.000000000,132.34,210.07821
2025-07-12T10:00:00.000000000,112.6,210.4146
2025-07-12T11:00:00.000000000,111.78,190.10037
2025-07-12T12:00:00.000000000,111.96,179.48296
2025-07-12T13:00:00.000000000,108.33,175.09096
2025-07-12T14:00:00.000000000,110.59,157.24246
2025-07-12T15:00:00.000000000,111.63,201.92751
2025-07-12T16:00:00.000000000,161.33,203.1625
2025-07-12T17:00:00.000000000,228.48,201.65528
2025-07-12T18:00:00.000000000,263.98,193.08702
2025-07-12T19:00:00.000000000,282.39,191.04706
2025-07-12T20:00:00.000000000,283.6,199.77609
2025-07-12T21:00:00.000000000,262.47,209.40956
2025-07-12T22:00:00.000000000,242.52,180.59725
2025-07-12T23:00:00.000000000,229.19,182.51439
2025-07-13T00:00:00.000000000,211.45,176.06919
2025-07-13T01:00:00.000000000,209.99,197.15226
2025-07-13T02:00:00.000000000,208.44,180.12973
2025-07-13T03:00:00.000000000,211.84,227.49818
2025-07-13T04:00:00.000000000,181.83,197.67399
2025-07-13T05:00:00.000000000,174.64,186.37485
2025-07-13T06:00:00.000000000,162.22,171.8404
2025-07-13T07:00:00.000000000,148.31,186.81858
2025-07-13T08:00:00.000000000,131.69,163.74471
2025-07-13T09:00:00.000000000,115.84,193.66404
2025-07-13T10:00:00.000000000,112.91,199.04361
2025-07-13T11:00:00.000000000,110.81,177.1862
2025-07-13T12:00:00.000000000,108.5,171.53741
2025-07-13T13:00:00.000000000,115.92,170.43592
2025-07-13T14:00:00.000000000,127.82,154.8579
2025-07-13T15:00:00.000000000,157.25,195.88977
2025-07-13T16:00:00.000000000,226.6,196.17903
2025-07-13T17:00:00.000000000,267.74,194.93116
2025-07-13T18:00:00.000000000,292.49,185.9918
2025-07-13T19:00:00.000000000,297.07,183.44125
2025-07-13T20:00:00.000000000,302.82,192.23537
2025-07-13T21:00:00.000000000,294.96,199.19042
2025-07-13T22:00:00.000000000,265.48,176.17478
2025-07-13T23:00:00.000000000,234.29,177.83181
2025-07-14T00:00:00.000000000,218.29,173.73571
2025-07-14T01:00:00.000000000,222.39,193.24468
2025-07-14T02:00:00.000000000,206.21,176.54977
2025-07-14T03:00:00.000000000,206.41,220.3673
2025-07-14T04:00:00.000000000,212.19,193.29582
2025-07-14T05:00:00.000000000,227.47,184.85821
2025-07-14T06:00:00.000000000,221.79,170.84211
2025-07-14T07:00:00.000000000,184.22,181.19311
2025-07-14T08:00:00.000000000,146.46,162.42462
2025-07-14T09:00:00.000000000,129.95,189.09851
2025-07-14T10:00:00.000000000,100.12,194.68287
2025-07-14T11:00:00.000000000,118.38,174.23217
2025-07-14T12:00:00.000000000,96.06,198.00294
2025-07-14T13:00:00.000000000,91.3,204.31728
2025-07-14T14:00:00.000000000,88.79,185.47296
2025-07-14T15:00:00.000000000,96.43,219.51266
2025-07-14T16:00:00.000000000,109.61,227.28747
2025-07-14T17:00:00.000000000,121.41,225.12061
2025-07-14T18:00:00.000000000,152.47,207.71498
2025-07-14T19:00:00.000000000,170.65,210.3247
2025-07-14T20:00:00.000000000,183.74,218.0872
2025-07-14T21:00:00.000000000,175.13,227.8088
2025-07-14T22:00:00.000000000,152.09,207.65879
2025-07-14T23:00:00.000000000,146.78,205.4348
2025-07-15T00:00:00.000000000,163.02,205.95397
2025-07-15T01:00:00.000000000,152.76,227.34239
2025-07-15T02:00:00.000000000,139.33,207.72242
2025-07-15T03:00:00.000000000,150.91,252.37791
2025-07-15T04:00:00.000000000,147.19,220.43107
2025-07-15T05:00:00.000000000,152.26,216.21902
2025-07-15T06:00:00.000000000,149.62,192.64785
2025-07-15T07:00:00.000000000,134.3,207.00889
2025-07-15T08:00:00.000000000,115.71,187.46434
2025-07-15T09:00:00.000000000,104.66,222.4942
2025-07-15T10:00:00.000000000,110.93,218.16207
2025-07-15T11:00:00.000000000,96.04,199.97088
2025-07-15T12:00:00.000000000,87.27,207.95802
2025-07-15T13:00:00.000000000,80.82,213.84971
2025-07-15T14:00:00.000000000,86.96,194.43196
2025-07-15T15:00:00.000000000,112.75,225.78903
2025-07-15T16:00:00.000000000,157.87,236.52962
2025-07-15T17:00:00.000000000,180.83,234.78359
2025-07-15T18:00:00.000000000,177.79,216.82932
2025-07-15T19:00:00.000000000,184.54,222.06784
2025-07-15T20:00:00.000000000,182.31,226.83107
2025-07-15T21:00:00.000000000,182.16,241.30908
2025-07-15T22:00:00.000000000,154.54,217.36164
2025-07-15T23:00:00.000000000,133.15,215.85809
2025-07-16T00:00:00.000000000,124.57,215.21247
2025-07-16T01:00:00.000000000,124.17,238.61096
2025-07-16T02:00:00.000000000,123.88,216.62517
2025-07-16T03:00:00.000000000,133.17,264.34521
2025-07-16T04:00:00.000000000,154.01,228.40186
2025-07-16T05:00:00.000000000,190.35,221.34911
2025-07-16T06:00:00.000000000,211.95,196.98484
2025-07-16T07:00:00.000000000,217.97,216.39563
2025-07-16T08:00:00.000000000,208.24,193.74933
2025-07-16T09:00:00.000000000,199.57,232.63107
2025-07-16T10:00:00.000000000,200.53,225.52936
2025-07-16T11:00:00.000000000,195.43,206.77593
2025-07-16T12:00:00.000000000,201.25,209.93847
2025-07-16T13:00:00.000000000,208.83,213.74069
2025-07-16T14:00:00.000000000,220.35,195.61958
2025-07-16T15:00:00.000000000,243.43,225.27133
2025-07-16T16:00:00.000000000,283.61,232.175
2025-07-16T17:00:00.000000000,309.13,230.06892
2025-07-16T18:00:00.000000000,332.43,217.64979
2025-07-16T19:00:00.000000000,350.19,217.51664
2025-07-16T20:00:00.000000000,349.7,229.37506
2025-07-16T21:00:00.000000000,349.79,232.16278
2025-07-16T22:00:00.000000000,335.6,216.35688
2025-07-16T23:00:00.000000000,328.06,214.92302
2025-07-17T00:00:00.000000000,322.5,215.04168
2025-07-17T01:00:00.000000000,322.06,234.12416
2025-07-17T02:00:00.000000000,316.07,217.72283
2025-07-17T03:00:00.000000000,314.37,260.09112
2025-07-17T04:00:00.000000000,315.23,225.21734
2025-07-17T05:00:00.000000000,303.89,225.73115
2025-07-17T06:00:00.000000000,298.88,201.59362
2025-07-17T07:00:00.000000000,288.89,218.59475
2025-07-17T08:00:00.000000000,270.59,200.93795
2025-07-17T09:00:00.000000000,244.14,229.13826
2025-07-17T10:00:00.000000000,235.25,222.85857
2025-07-17T11:00:00.000000000,227.62,206.20778
2025-07-11T12:00:00.000000000,165.66,180.25703
2025-07-11T13:00:00.000000000,162.55,177.62379
2025-07-11T14:00:00.000000000,164.42,159.52119
2025-07-11T15:00:00.000000000,183.03,202.31477
2025-07-11T16:00:00.000000000,228.56,204.50894
2025-07-11T17:00:00.000000000,275.13,202.48161
2025-07-11T18:00:00.000000000,304.21,193.25733
2025-07-11T19:00:00.000000000,321.89,190.81524
2025-07-11T20:00:00.000000000,321.91,200.54096
2025-07-11T21:00:00.000000000,310.56,207.84538
2025-07-11T22:00:00.000000000,310.68,182.64646
2025-07-11T23:00:00.000000000,295.59,183.79397
2025-07-12T00:00:00.000000000,298.59,179.22857
2025-07-12T01:00:00.000000000,298.7,199.13626
2025-07-12T02:00:00.000000000,289.35,182.40169
2025-07-12T03:00:00.000000000,274.23,228.0071
2025-07-12T04:00:00.000000000,266.88,198.84577
2025-07-12T05:00:00.000000000,253.6,190.0031
2025-07-12T06:00:00.000000000,212.97,174.61106
2025-07-12T07:00:00.000000000,185.6,188.12876
2025-07-12T08:00:00.000000000,162.53,166.96589
2025-07-12T09:00:00.000000000,132.34,195.91107
2025-07-12T10:00:00.000000000,112.6,200.14473
2025-07-12T11:00:00.000000000,111.78,179.17168
2025-07-12T12:00:00.000000000,111.96,180.16236
2025-07-12T13:00:00.000000000,108.33,176.08325
2025-07-12T14:00:00.000000000,110.59,157.6699
2025-07-12T15:00:00.000000000,111.63,202.62586
2025-07-12T16:00:00.000000000,161.33,204.22135
2025-07-12T17:00:00.000000000,228.48,202.64938
2025-07-12T18:00:00.000000000,263.98,193.79301
2025-07-12T19:00:00.000000000,282.39,191.787
2025-07-12T20:00:00.000000000,283.6,200.55955
2025-07-12T21:00:00.000000000,262.47,210.26263
2025-07-12T22:00:00.000000000,242.52,181.43475
2025-07-12T23:00:00.000000000,229.19,183.12512
2025-07-13T00:00:00.000000000,211.45,176.6774
2025-07-13T01:00:00.000000000,209.99,198.00627
2025-07-13T02:00:00.000000000,208.44,180.82869
2025-07-13T03:00:00.000000000,211.84,228.43425
2025-07-13T04:00:00.000000000,181.83,198.54529
2025-07-13T05:00:00.000000000,174.64,187.11908
2025-07-13T06:00:00.000000000,162.22,172.2977
2025-07-13T07:00:00.000000000,148.31,187.33798
2025-07-13T08:00:00.000000000,131.69,164.09342
2025-07-13T09:00:00.000000000,115.84,194.59697
2025-07-13T10:00:00.000000000,112.91,199.6506
2025-07-13T11:00:00.000000000,110.81,177.79546
2025-07-13T12:00:00.000000000,108.5,171.48732
2025-07-13T13:00:00.000000000,115.92,170.3646
2025-07-13T14:00:00.000000000,127.82,154.81569
2025-07-13T15:00:00.000000000,157.25,195.83668
2025-07-13T16:00:00.000000000,226.6,196.10636
2025-07-13T17:00:00.000000000,267.74,194.86661
2025-07-13T18:00:00.000000000,292.49,185.94957
2025-07-13T19:00:00.000000000,297.07,183.3936
2025-07-13T20:00:00.000000000,302.82,192.18098
2025-07-13T21:00:00.000000000,294.96,199.13618
2025-07-13T22:00:00.000000000,265.48,176.11209
2025-07-13T23:00:00.000000000,234.29,177.78059
2025-07-14T00:00:00.000000000,218.29,173.68094
2025-07-14T01:00:00.000000000,222.39,193.18009
2025-07-14T02:00:00.000000000,206.21,176.4956
2025-07-14T03:00:00.000000000,206.41,220.30659
2025-07-14T04:00:00.000000000,212.19,193.23531
2025-07-14T05:00:00.000000000,227.47,184.79398
2025-07-14T06:00:00.000000000,221.79,170.80239
2025-07-14T07:00:00.000000000,184.22,181.14815
2025-07-14T08:00:00.000000000,146.46,162.38501
2025-07-14T09:00:00.000000000,129.95,189.02407
2025-07-14T10:00:00.000000000,100.12,194.63299
2025-07-14T11:00:00.000000000,118.38,174.18148
2025-07-14T12:00:00.000000000,96.06,198.00855
2025-07-14T13:00:00.000000000,91.3,204.3247
2025-07-14T14:00:00.000000000,88.79,185.47989
2025-07-14T15:00:00.000000000,96.43,219.51758
2025-07-14T16:00:00.000000000,109.61,227.29389
2025-07-14T17:00:00.000000000,121.41,225.12716
2025-07-14T18:00:00.000000000,152.47,207.71968
2025-07-14T19:00:00.000000000,170.65,210.33148
2025-07-14T20:00:00.000000000,183.74,218.09281
2025-07-14T21:00:00.000000000,175.13,227.81559
2025-07-14T22:00:00.000000000,152.09,207.6659
2025-07-14T23:00:00.000000000,146.78,205.44149
2025-07-15T00:00:00.000000000,163.02,205.96146
2025-07-15T01:00:00.000000000,152.76,227.35078
2025-07-15T02:00:00.000000000,139.33,207.72976
2025-07-15T03:00:00.000000000,150.91,252.38522
2025-07-15T04:00:00.000000000,147.19,220.43722
2025-07-15T05:00:00.000000000,152.26,216.22492
2025-07-15T06:00:00.000000000,149.62,192.65191
2025-07-15T07:00:00.000000000,134.3,207.01486
2025-07-15T08:00:00.000000000,115.71,187.47035
2025-07-15T09:00:00.000000000,104.66,222.50185
2025-07-15T10:00:00.000000000,110.93,218.16708
2025-07-15T11:00:00.000000000,96.04,199.97699
2025-07-15T12:00:00.000000000,87.27,207.95728
2025-07-15T13:00:00.000000000,80.82,213.84878
2025-07-15T14:00:00.000000000,86.96,194.43104
2025-07-15T15:00:00.000000000,112.75,225.78853
2025-07-15T16:00:00.000000000,157.87,236.52897
2025-07-15T17:00:00.000000000,180.83,234.78283
2025-07-15T18:00:00.000000000,177.79,216.8287
2025-07-15T19:00:00.000000000,184.54,222.06699
2025-07-15T20:00:00.000000000,182.31,226.83038
2025-07-15T21:00:00.000000000,182.16,241.3083
2025-07-15T22:00:00.000000000,154.54,217.36075
2025-07-15T23:00:00.000000000,133.15,215.85718
2025-07-16T00:00:00.000000000,124.57,215.21148
2025-07-16T01:00:00.000000000,124.17,238.60995
2025-07-16T02:00:00.000000000,123.88,216.6243
2025-07-16T03:00:00.000000000,133.17,264.34433
2025-07-16T04:00:00.000000000,154.01,228.40111
2025-07-16T05:00:00.000000000,190.35,221.34838
2025-07-16T06:00:00.000000000,211.95,196.98435
2025-07-16T07:00:00.000000000,217.97,216.3948
2025-07-16T08:00:00.000000000,208.24,193.74855
2025-07-16T09:00:00.000000000,199.57,232.63012
2025-07-16T10:00:00.000000000,200.53,225.52868
2025-07-16T11:00:00.000000000,195.43,206.77522
2025-07-16T12:00:00.000000000,201.25,209.93857
2025-07-16T13:00:00.000000000,208.83,213.74082
2025-07-16T14:00:00.000000000,220.35,195.61971
2025-07-16T15:00:00.000000000,243.43,225.27139
2025-07-16T16:00:00.000000000,283.61,232.17508
2025-07-16T17:00:00.000000000,309.13,230.06901
2025-07-16T18:00:00.000000000,332.43,217.64986
2025-07-16T19:00:00.000000000,350.19,217.51676
2025-07-16T20:00:00.000000000,349.7,229.37515
2025-07-16T21:00:00.000000000,349.79,232.1629
2025-07-16T22:00:00.000000000,335.6,216.35699
2025-07-16T23:00:00.000000000,328.06,214.92314
2025-07-17T00:00:00.000000000,322.5,215.0418
2025-07-17T01:00:00.000000000,322.06,234.1243
2025-07-17T02:00:00.000000000,316.07,217.72294
2025-07-17T03:00:00.000000000,314.37,260.09122
2025-07-17T04:00:00.000000000,315.23,225.21744
2025-07-17T05:00:00.000000000,303.89,225.73123
2025-07-17T06:00:00.000000000,298.88,201.59371
2025-07-17T07:00:00.000000000,288.89,218.59487
2025-07-17T08:00:00.000000000,270.59,200.93807
2025-07-17T09:00:00.000000000,244.14,229.13838
2025-07-17T10:00:00.000000000,235.25,222.85867
2025-07-17T11:00:00.000000000,227.62,206.20786
2025-07-17T12:00:00.000000000,216.02,211.58236
2025-07-17T13:00:00.000000000,206.89,216.22743
2025-07-17T14:00:00.000000000,198.19,196.00842
2025-07-17T15:00:00.000000000,210.67,227.02003
2025-07-17T16:00:00.000000000,242.66,237.08579
2025-07-17T17:00:00.000000000,269.04,235.35671
2025-07-17T18:00:00.000000000,276.36,219.66735
2025-07-17T19:00:00.000000000,288.21,222.65738
2025-07-17T20:00:00.000000000,287.57,230.10862
2025-07-17T21:00:00.000000000,275.84,240.75738
2025-07-17T22:00:00.000000000,268.97,219.29299
2025-07-17T23:00:00.000000000,263.54,217.31135
2025-07-18T00:00:00.000000000,262.64,216.29948
2025-07-18T01:00:00.000000000,265.04,237.98085
2025-07-18T02:00:00.000000000,254.79,218.79124
2025-07-18T03:00:00.000000000,251.25,264.54018
2025-07-18T04:00:00.000000000,251.19,229.06632
2025-07-18T05:00:00.000000000,256.69,223.93812
2025-07-18T06:00:00.000000000,254.51,199.24001
2025-07-18T07:00:00.000000000,228.37,219.43454
2025-07-18T08:00:00.000000000,214.07,197.47378
2025-07-18T09:00:00.000000000,199.46,233.11831
2025-07-18T10:00:00.000000000,187.45,225.50732
2025-07-18T11:00:00.000000000,179.51,207.65475
2025-07-12T12:00:00.000000000,111.96,179.70271
2025-07-12T13:00:00.000000000,108.33,175.96089
2025-07-12T14:00:00.000000000,110.59,157.10821
2025-07-12T15:00:00.000000000,111.63,202.78516
2025-07-12T16:00:00.000000000,161.33,204.23226
2025-07-12T17:00:00.000000000,228.48,202.76816
2025-07-12T18:00:00.000000000,263.98,193.33051
2025-07-12T19:00:00.000000000,282.39,191.52082
2025-07-12T20:00:00.000000000,283.6,200.37515
2025-07-12T21:00:00.000000000,262.47,210.36209
2025-07-12T22:00:00.000000000,242.52,181.60022
2025-07-12T23:00:00.000000000,229.19,182.96907
2025-07-13T00:00:00.000000000,211.45,176.30534
2025-07-13T01:00:00.000000000,209.99,198.18064
2025-07-13T02:00:00.000000000,208.44,181.2082
2025-07-13T03:00:00.000000000,211.84,228.46556
2025-07-13T04:00:00.000000000,181.83,198.48389
2025-07-13T05:00:00.000000000,174.64,187.49234
2025-07-13T06:00:00.000000000,162.22,172.07328
2025-07-13T07:00:00.000000000,148.31,187.05021
2025-07-13T08:00:00.000000000,131.69,164.45561
2025-07-13T09:00:00.000000000,115.84,194.39001
2025-07-13T10:00:00.000000000,112.91,198.63983
2025-07-13T11:00:00.000000000,110.81,177.45342
2025-07-13T12:00:00.000000000,108.5,171.49748
2025-07-13T13:00:00.000000000,115.92,170.37103
2025-07-13T14:00:00.000000000,127.82,154.80896
2025-07-13T15:00:00.000000000,157.25,195.85393
2025-07-13T16:00:00.000000000,226.6,196.12334
2025-07-13T17:00:00.000000000,267.74,194.88562
2025-07-13T18:00:00.000000000,292.49,185.96473
2025-07-13T19:00:00.000000000,297.07,183.4112
2025-07-13T20:00:00.000000000,302.82,192.19547
2025-07-13T21:00:00.000000000,294.96,199.16649
2025-07-13T22:00:00.000000000,265.48,176.11907
2025-07-13T23:00:00.000000000,234.29,177.7856
2025-07-14T00:00:00.000000000,218.29,173.67455
2025-07-14T01:00:00.000000000,222.39,193.18815
2025-07-14T02:00:00.000000000,206.21,176.49952
2025-07-14T03:00:00.000000000,206.41,220.32836
2025-07-14T04:00:00.000000000,212.19,193.24806
2025-07-14T05:00:00.000000000,227.47,184.79213
2025-07-14T06:00:00.000000000,221.79,170.79554
2025-07-14T07:00:00.000000000,184.22,181.15121
2025-07-14T08:00:00.000000000,146.46,162.37513
2025-07-14T09:00:00.000000000,129.95,189.03031
2025-07-14T10:00:00.000000000,100.12,194.63734
2025-07-14T11:00:00.000000000,118.38,174.18072
2025-07-14T12:00:00.000000000,96.06,198.00916
2025-07-14T13:00:00.000000000,91.3,204.32529
2025-07-14T14:00:00.000000000,88.79,185.48048
2025-07-14T15:00:00.000000000,96.43,219.51791
2025-07-14T16:00:00.000000000,109.61,227.29415
2025-07-14T17:00:00.000000000,121.41,225.12745
2025-07-14T18:00:00.000000000,152.47,207.72024
2025-07-14T19:00:00.000000000,170.65,210.33183
2025-07-14T20:00:00.000000000,183.74,218.09338
2025-07-14T21:00:00.000000000,175.13,227.81573
2025-07-14T22:00:00.000000000,152.09,207.66638
2025-07-14T23:00:00.000000000,146.78,205.44196
2025-07-15T00:00:00.000000000,163.02,205.96188
2025-07-15T01:00:00.000000000,152.76,227.35101
2025-07-15T02:00:00.000000000,139.33,207.73026
2025-07-15T03:00:00.000000000,150.91,252.3856
2025-07-15T04:00:00.000000000,147.19,220.43761
2025-07-15T05:00:00.000000000,152.26,216.22553
2025-07-15T06:00:00.000000000,149.62,192.65234
2025-07-15T07:00:00.000000000,134.3,207.01545
2025-07-15T08:00:00.000000000,115.71,187.47094
2025-07-15T09:00:00.000000000,104.66,222.50227
2025-07-15T10:00:00.000000000,110.93,218.16744
2025-07-15T11:00:00.000000000,96.04,199.97733
2025-07-15T12:00:00.000000000,87.27,207.95723
2025-07-15T13:00:00.000000000,80.82,213.84872
2025-07-15T14:00:00.000000000,86.96,194.43097
2025-07-15T15:00:00.000000000,112.75,225.7885
2025-07-15T16:00:00.000000000,157.87,236.52893
2025-07-15T17:00:00.000000000,180.83,234.78279
2025-07-15T18:00:00.000000000,177.79,216.82864
2025-07-15T19:00:00.000000000,184.54,222.06694
2025-07-15T20:00:00.000000000,182.31,226.83034
2025-07-15T21:00:00.000000000,182.16,241.30828
2025-07-15T22:00:00.000000000,154.54,217.3607
2025-07-15T23:00:00.000000000,133.15,215.85712
2025-07-16T00:00:00.000000000,124.57,215.21141
2025-07-16T01:00:00.000000000,124.17,238.6099
2025-07-16T02:00:00.000000000,123.88,216.62424
2025-07-16T03:00:00.000000000,133.17,264.34427
2025-07-16T04:00:00.000000000,154.01,228.40106
2025-07-16T05:00:00.000000000,190.35,221.34831
2025-07-16T06:00:00.000000000,211.95,196.98432
2025-07-16T07:00:00.000000000,217.97,216.39474
2025-07-16T08:00:00.000000000,208.24,193.74849
2025-07-16T09:00:00.000000000,199.57,232.63006
2025-07-16T10:00:00.000000000,200.53,225.52864
2025-07-16T11:00:00.000000000,195.43,206.7752
2025-07-16T12:00:00.000000000,201.25,209.93859
2025-07-16T13:00:00.000000000,208.83,213.74086
2025-07-16T14:00:00.000000000,220.35,195.61973
2025-07-16T15:00:00.000000000,243.43,225.27141
2025-07-16T16:00:00.000000000,283.61,232.1751
2025-07-16T17:00:00.000000000,309.13,230.06903
2025-07-16T18:00:00.000000000,332.43,217.6499
2025-07-16T19:00:00.000000000,350.19,217.51677
2025-07-16T20:00:00.000000000,349.7,229.37517
2025-07-16T21:00:00.000000000,349.79,232.1629
2025-07-16T22:00:00.000000000,335.6,216.35701
2025-07-16T23:00:00.000000000,328.06,214.92316
2025-07-17T00:00:00.000000000,322.5,215.04182
2025-07-17T01:00:00.000000000,322.06,234.12433
2025-07-17T02:00:00.000000000,316.07,217.72296
2025-07-17T03:00:00.000000000,314.37,260.09124
2025-07-17T04:00:00.000000000,315.23,225.21745
2025-07-17T05:00:00.000000000,303.89,225.73124
2025-07-17T06:00:00.000000000,298.88,201.59371
2025-07-17T07:00:00.000000000,288.89,218.59488
2025-07-17T08:00:00.000000000,270.59,200.93807
2025-07-17T09:00:00.000000000,244.14,229.13841
2025-07-17T10:00:00.000000000,235.25,222.85869
2025-07-17T11:00:00.000000000,227.62,206.20789
2025-07-17T12:00:00.000000000,216.02,211.58236
2025-07-17T13:00:00.000000000,206.89,216.22743
2025-07-17T14:00:00.000000000,198.19,196.00842
2025-07-17T15:00:00.000000000,210.67,227.02003
2025-07-17T16:00:00.000000000,242.66,237.08579
2025-07-17T17:00:00.000000000,269.04,235.35671
2025-07-17T18:00:00.000000000,276.36,219.66735
2025-07-17T19:00:00.000000000,288.21,222.65738
2025-07-17T20:00:00.000000000,287.57,230.10862
2025-07-17T21:00:00.000000000,275.84,240.75738
2025-07-17T22:00:00.000000000,268.97,219.29299
2025-07-17T23:00:00.000000000,263.54,217.31135
2025-07-18T00:00:00.000000000,262.64,216.29948
2025-07-18T01:00:00.000000000,265.04,237.98085
2025-07-18T02:00:00.000000000,254.79,218.79124
2025-07-18T03:00:00.000000000,251.25,264.54018
2025-07-18T04:00:00.000000000,251.19,229.06632
2025-07-18T05:00:00.000000000,256.69,223.93812
2025-07-18T06:00:00.000000000,254.51,199.24001
2025-07-18T07:00:00.000000000,228.37,219.43454
2025-07-18T08:00:00.000000000,214.07,197.47378
2025-07-18T09:00:00.000000000,199.46,233.11831
2025-07-18T10:00:00.000000000,187.45,225.50732
2025-07-18T11:00:00.000000000,179.51,207.65475
2025-07-18T12:00:00.000000000,177.53,214.98605
2025-07-18T13:00:00.000000000,181.06,222.88665
2025-07-18T14:00:00.000000000,178.79,203.36157
2025-07-18T15:00:00.000000000,199.29,230.55618
2025-07-18T16:00:00.000000000,226.0,240.82009
2025-07-18T17:00:00.000000000,255.25,239.49855
2025-07-18T18:00:00.000000000,274.25,222.46806
2025-07-18T19:00:00.000000000,286.5,227.01295
2025-07-18T20:00:00.000000000,282.34,233.66119
2025-07-18T21:00:00.000000000,275.45,243.11974
2025-07-18T22:00:00.000000000,277.9,225.28395
2025-07-18T23:00:00.000000000,278.56,223.57189
2025-07-19T00:00:00.000000000,256.26,224.24442
2025-07-19T01:00:00.000000000,253.98,246.01331
2025-07-19T02:00:00.000000000,263.85,225.74611
2025-07-19T03:00:00.000000000,273.82,269.86367
2025-07-19T04:00:00.000000000,271.93,234.655
2025-07-19T05:00:00.000000000,255.48,230.87565
2025-07-19T06:00:00.000000000,240.14,203.99684
2025-07-19T07:00:00.000000000,233.48,224.05918
2025-07-19T08:00:00.000000000,240.11,204.26923
2025-07-19T09:00:00.000000000,243.76,240.3048
2025-07-19T10:00:00.000000000,227.05,230.33244
2025-07-19T11:00:00.000000000,201.9,213.50552
2025-07-13T12:00:00.000000000,108.5,171.90696
2025-07-13T13:00:00.000000000,115.92,170.49635
2025-07-13T14:00:00.000000000,127.82,153.88609
2025-07-13T15:00:00.000000000,157.25,196.92542
2025-07-13T16:00:00.000000000,226.6,196.94437
2025-07-13T17:00:00.000000000,267.74,195.99201
2025-07-13T18:00:00.000000000,292.49,186.75263
2025-07-13T19:00:00.000000000,297.07,184.35811
2025-07-13T20:00:00.000000000,302.82,193.02734
2025-07-13T21:00:00.000000000,294.96,201.01622
2025-07-13T22:00:00.000000000,265.48,176.3428
2025-07-13T23:00:00.000000000,234.29,177.86279
2025-07-14T00:00:00.000000000,218.29,172.87511
2025-07-14T01:00:00.000000000,222.39,193.60543
2025-07-14T02:00:00.000000000,206.21,176.87207
2025-07-14T03:00:00.000000000,206.41,221.63935
2025-07-14T04:00:00.000000000,212.19,193.77712
2025-07-14T05:00:00.000000000,227.47,184.71277
2025-07-14T06:00:00.000000000,221.79,170.09066
2025-07-14T07:00:00.000000000,184.22,181.11456
2025-07-14T08:00:00.000000000,146.46,161.95207
2025-07-14T09:00:00.000000000,129.95,188.97311
2025-07-14T10:00:00.000000000,100.12,194.09434
2025-07-14T11:00:00.000000000,118.38,173.64213
2025-07-14T12:00:00.000000000,96.06,198.07001
2025-07-14T13:00:00.000000000,91.3,204.39244
2025-07-14T14:00:00.000000000,88.79,185.542
2025-07-14T15:00:00.000000000,96.43,219.56193
2025-07-14T16:00:00.000000000,109.61,227.33867
2025-07-14T17:00:00.000000000,121.41,225.17674
2025-07-14T18:00:00.000000000,152.47,207.78051
2025-07-14T19:00:00.000000000,170.65,210.38575
2025-07-14T20:00:00.000000000,183.74,218.15189
2025-07-14T21:00:00.000000000,175.13,227.86439
2025-07-14T22:00:00.000000000,152.09,207.72551
2025-07-14T23:00:00.000000000,146.78,205.49659
2025-07-15T00:00:00.000000000,163.02,206.01318
2025-07-15T01:00:00.000000000,152.76,227.39905
2025-07-15T02:00:00.000000000,139.33,207.79304
2025-07-15T03:00:00.000000000,150.91,252.44567
2025-07-15T04:00:00.000000000,147.19,220.48947
2025-07-15T05:00:00.000000000,152.26,216.28502
2025-07-15T06:00:00.000000000,149.62,192.68753
2025-07-15T07:00:00.000000000,134.3,207.07562
2025-07-15T08:00:00.000000000,115.71,187.52439
2025-07-15T09:00:00.000000000,104.66,222.5582
2025-07-15T10:00:00.000000000,110.93,218.2048
2025-07-15T11:00:00.000000000,96.04,200.01639
2025-07-15T12:00:00.000000000,87.27,207.95101
2025-07-15T13:00:00.000000000,80.82,213.84126
2025-07-15T14:00:00.000000000,86.96,194.42329
2025-07-15T15:00:00.000000000,112.75,225.78447
2025-07-15T16:00:00.000000000,157.87,236.52341
2025-07-15T17:00:00.000000000,180.83,234.7767
2025-07-15T18:00:00.000000000,177.79,216.82327
2025-07-15T19:00:00.000000000,184.54,222.05983
2025-07-15T20:00:00.000000000,182.31,226.82479
2025-07-15T21:00:00.000000000,182.16,241.30185
2025-07-15T22:00:00.000000000,154.54,217.35329
2025-07-15T23:00:00.000000000,133.15,215.84962
2025-07-16T00:00:00.000000000,124.57,215.20333
2025-07-16T01:00:00.000000000,124.17,238.60166
2025-07-16T02:00:00.000000000,123.88,216.61696
2025-07-16T03:00:00.000000000,133.17,264.33693
2025-07-16T04:00:00.000000000,154.01,228.39488
2025-07-16T05:00:00.000000000,190.35,221.34251
2025-07-16T06:00:00.000000000,211.95,196.98033
2025-07-16T07:00:00.000000000,217.97,216.38786
2025-07-16T08:00:00.000000000,208.24,193.74227
2025-07-16T09:00:00.000000000,199.57,232.62225
2025-07-16T10:00:00.000000000,200.53,225.5231
2025-07-16T11:00:00.000000000,195.43,206.76947
2025-07-16T12:00:00.000000000,201.25,209.93943
2025-07-16T13:00:00.000000000,208.83,213.74183
2025-07-16T14:00:00.000000000,220.35,195.62071
2025-07-16T15:00:00.000000000,243.43,225.27203
2025-07-16T16:00:00.000000000,283.61,232.17584
2025-07-16T17:00:00.000000000,309.13,230.06981
2025-07-16T18:00:00.000000000,332.43,217.65061
2025-07-16T19:00:00.000000000,350.19,217.51764
2025-07-16T20:00:00.000000000,349.7,229.37599
2025-07-16T21:00:00.000000000,349.79,232.16368
2025-07-16T22:00:00.000000000,335.6,216.35798
2025-07-16T23:00:00.000000000,328.06,214.92407
2025-07-17T00:00:00.000000000,322.5,215.04281
2025-07-17T01:00:00.000000000,322.06,234.12533
2025-07-17T02:00:00.000000000,316.07,217.72394
2025-07-17T03:00:00.000000000,314.37,260.09219
2025-07-17T04:00:00.000000000,315.23,225.21824
2025-07-17T05:00:00.000000000,303.89,225.73208
2025-07-17T06:00:00.000000000,298.88,201.59428
2025-07-17T07:00:00.000000000,288.89,218.59576
2025-07-17T08:00:00.000000000,270.59,200.93896
2025-07-17T09:00:00.000000000,244.14,229.13935
2025-07-17T10:00:00.000000000,235.25,222.85935
2025-07-17T11:00:00.000000000,227.62,206.20862
2025-07-17T12:00:00.000000000,216.02,211.58227
2025-07-17T13:00:00.000000000,206.89,216.2273
2025-07-17T14:00:00.000000000,198.19,196.00829
2025-07-17T15:00:00.000000000,210.67,227.01997
2025-07-17T16:00:00.000000000,242.66,237.08572
2025-07-17T17:00:00.000000000,269.04,235.35663
2025-07-17T18:00:00.000000000,276.36,219.66726
2025-07-17T19:00:00.000000000,288.21,222.65728
2025-07-17T20:00:00.000000000,287.57,230.10854
2025-07-17T21:00:00.000000000,275.84,240.7573
2025-07-17T22:00:00.000000000,268.97,219.29288
2025-07-17T23:00:00.000000000,263.54,217.31125
2025-07-18T00:00:00.000000000,262.64,216.29936
2025-07-18T01:00:00.000000000,265.04,237.98073
2025-07-18T02:00:00.000000000,254.79,218.79112
2025-07-18T03:00:00.000000000,251.25,264.5401
2025-07-18T04:00:00.000000000,251.19,229.06622
2025-07-18T05:00:00.000000000,256.69,223.93804
2025-07-18T06:00:00.000000000,254.51,199.23996
2025-07-18T07:00:00.000000000,228.37,219.43444
2025-07-18T08:00:00.000000000,214.07,197.47369
2025-07-18T09:00:00.000000000,199.46,233.11819
2025-07-18T10:00:00.000000000,187.45,225.50726
2025-07-18T11:00:00.000000000,179.51,207.65466
2025-07-18T12:00:00.000000000,177.53,214.98606
2025-07-18T13:00:00.000000000,181.06,222.88665
2025-07-18T14:00:00.000000000,178.79,203.36159
2025-07-18T15:00:00.000000000,199.29,230.5562
2025-07-18T16:00:00.000000000,226.0,240.82009
2025-07-18T17:00:00.000000000,255.25,239.49857
2025-07-18T18:00:00.000000000,274.25,222.46808
2025-07-18T19:00:00.000000000,286.5,227.01296
2025-07-18T20:00:00.000000000,282.34,233.66119
2025-07-18T21:00:00.000000000,275.45,243.11976
2025-07-18T22:00:00.000000000,277.9,225.28396
2025-07-18T23:00:00.000000000,278.56,223.5719
2025-07-19T00:00:00.000000000,256.26,224.24443
2025-07-19T01:00:00.000000000,253.98,246.01331
2025-07-19T02:00:00.000000000,263.85,225.74614
2025-07-19T03:00:00.000000000,273.82,269.86367
2025-07-19T04:00:00.000000000,271.93,234.65501
2025-07-19T05:00:00.000000000,255.48,230.87566
2025-07-19T06:00:00.000000000,240.14,203.99686
2025-07-19T07:00:00.000000000,233.48,224.05918
2025-07-19T08:00:00.000000000,240.11,204.26924
2025-07-19T09:00:00.000000000,243.76,240.3048
2025-07-19T10:00:00.000000000,227.05,230.33244
2025-07-19T11:00:00.000000000,201.9,213.50552
2025-07-19T12:00:00.000000000,172.4,199.15688
2025-07-19T13:00:00.000000000,146.63,200.55214
2025-07-19T14:00:00.000000000,135.64,178.04843
2025-07-19T15:00:00.000000000,163.38,217.85284
2025-07-19T16:00:00.000000000,196.29,226.89483
2025-07-19T17:00:00.000000000,230.67,224.38806
2025-07-19T18:00:00.000000000,251.81,209.64327
2025-07-19T19:00:00.000000000,261.18,210.37876
2025-07-19T20:00:00.000000000,271.21,218.31957
2025-07-19T21:00:00.000000000,276.63,231.02864
2025-07-19T22:00:00.000000000,251.83,204.62928
2025-07-19T23:00:00.000000000,234.32,202.79706
2025-07-20T00:00:00.000000000,214.08,198.88403
2025-07-20T01:00:00.000000000,201.06,221.65501
2025-07-20T02:00:00.000000000,198.7,202.36298
2025-07-20T03:00:00.000000000,187.68,250.86991
2025-07-20T04:00:00.000000000,189.41,217.68837
2025-07-20T05:00:00.000000000,180.61,209.31956
2025-07-20T06:00:00.000000000,164.82,187.70938
2025-07-20T07:00:00.000000000,154.38,205.41244
2025-07-20T08:00:00.000000000,165.72,180.86369
2025-07-20T09:00:00.000000000,171.08,218.24149
2025-07-20T10:00:00.000000000,166.84,215.24439
2025-07-20T11:00:00.000000000,148.5,194.76117
2025-07-14T12:00:00.000000000,96.06,194.39459
2025-07-14T13:00:00.000000000,91.3,200.3693
2025-07-14T14:00:00.000000000,88.79,180.19246
2025-07-14T15:00:00.000000000,96.43,217.16868
2025-07-14T16:00:00.000000000,109.61,225.0643
2025-07-14T17:00:00.000000000,121.41,222.84957
2025-07-14T18:00:00.000000000,152.47,205.07518
2025-07-14T19:00:00.000000000,170.65,207.58065
2025-07-14T20:00:00.000000000,183.74,214.72358
2025-07-14T21:00:00.000000000,175.13,226.40734
2025-07-14T22:00:00.000000000,152.09,204.12845
2025-07-14T23:00:00.000000000,146.78,201.90183
2025-07-15T00:00:00.000000000,163.02,201.13611
2025-07-15T01:00:00.000000000,152.76,223.8819
2025-07-15T02:00:00.000000000,139.33,203.45886
2025-07-15T03:00:00.000000000,150.91,249.55627
2025-07-15T04:00:00.000000000,147.19,217.92335
2025-07-15T05:00:00.000000000,152.26,212.04405
2025-07-15T06:00:00.000000000,149.62,189.06621
2025-07-15T07:00:00.000000000,134.3,202.88074
2025-07-15T08:00:00.000000000,115.71,182.44994
2025-07-15T09:00:00.000000000,104.66,219.0743
2025-07-15T10:00:00.000000000,110.93,215.25832
2025-07-15T11:00:00.000000000,96.04,196.27878
2025-07-15T12:00:00.000000000,87.27,208.46766
2025-07-15T13:00:00.000000000,80.82,214.45073
2025-07-15T14:00:00.000000000,86.96,195.05305
2025-07-15T15:00:00.000000000,112.75,226.11196
2025-07-15T16:00:00.000000000,157.87,236.95548
2025-07-15T17:00:00.000000000,180.83,235.25494
2025-07-15T18:00:00.000000000,177.79,217.27686
2025-07-15T19:00:00.000000000,184.54,222.62291
2025-07-15T20:00:00.000000000,182.31,227.28667
2025-07-15T21:00:00.000000000,182.16,241.80239
2025-07-15T22:00:00.000000000,154.54,217.95155
2025-07-15T23:00:00.000000000,133.15,216.45872
2025-07-16T00:00:00.000000000,124.57,215.85522
2025-07-16T01:00:00.000000000,124.17,239.2529
2025-07-16T02:00:00.000000000,123.88,217.2117
2025-07-16T03:00:00.000000000,133.17,264.9231
2025-07-16T04:00:00.000000000,154.01,228.89137
2025-07-16T05:00:00.000000000,190.35,221.82767
2025-07-16T06:00:00.000000000,211.95,197.31618
2025-07-16T07:00:00.000000000,217.97,216.95744
2025-07-16T08:00:00.000000000,208.24,194.2749
2025-07-16T09:00:00.000000000,199.57,233.244
2025-07-16T10:00:00.000000000,200.53,225.96005
2025-07-16T11:00:00.000000000,195.43,207.22316
2025-07-16T12:00:00.000000000,201.25,209.86862
2025-07-16T13:00:00.000000000,208.83,213.65967
2025-07-16T14:00:00.000000000,220.35,195.53808
2025-07-16T15:00:00.000000000,243.43,225.22141
2025-07-16T16:00:00.000000000,283.61,232.11461
2025-07-16T17:00:00.000000000,309.13,230.00548
2025-07-16T18:00:00.000000000,332.43,217.58949
2025-07-16T19:00:00.000000000,350.19,217.44453
2025-07-16T20:00:00.000000000,349.7,229.3077
2025-07-16T21:00:00.000000000,349.79,232.09809
2025-07-16T22:00:00.000000000,335.6,216.27844
2025-07-16T23:00:00.000000000,328.06,214.84794
2025-07-17T00:00:00.000000000,322.5,214.96037
2025-07-17T01:00:00.000000000,322.06,234.04264
2025-07-17T02:00:00.000000000,316.07,217.64283
2025-07-17T03:00:00.000000000,314.37,260.0144
2025-07-17T04:00:00.000000000,315.23,225.15349
2025-07-17T05:00:00.000000000,303.89,225.6635
2025-07-17T06:00:00.000000000,298.88,201.54672
2025-07-17T07:00:00.000000000,288.89,218.52083
2025-07-17T08:00:00.000000000,270.59,200.86472
2025-07-17T09:00:00.000000000,244.14,229.06027
2025-07-17T10:00:00.000000000,235.25,222.80374
2025-07-17T11:00:00.000000000,227.62,206.14695
2025-07-17T12:00:00.000000000,216.02,211.59033
2025-07-17T13:00:00.000000000,206.89,216.23722
2025-07-17T14:00:00.000000000,198.19,196.01864
2025-07-17T15:00:00.000000000,210.67,227.02531
2025-07-17T16:00:00.000000000,242.66,237.09308
2025-07-17T17:00:00.000000000,269.04,235.36457
2025-07-17T18:00:00.000000000,276.36,219.67432
2025-07-17T19:00:00.000000000,288.21,222.66657
2025-07-17T20:00:00.000000000,287.57,230.11583
2025-07-17T21:00:00.000000000,275.84,240.76589
2025-07-17T22:00:00.000000000,268.97,219.30275
2025-07-17T23:00:00.000000000,263.54,217.32122
2025-07-18T00:00:00.000000000,262.64,216.31019
2025-07-18T01:00:00.000000000,265.04,237.99194
2025-07-18T02:00:00.000000000,254.79,218.80093
2025-07-18T03:00:00.000000000,251.25,264.54983
2025-07-18T04:00:00.000000000,251.19,229.07445
2025-07-18T05:00:00.000000000,256.69,223.94576
2025-07-18T06:00:00.000000000,254.51,199.24547
2025-07-18T07:00:00.000000000,228.37,219.44344
2025-07-18T08:00:00.000000000,214.07,197.48251
2025-07-18T09:00:00.000000000,199.46,233.12845
2025-07-18T10:00:00.000000000,187.45,225.51431
2025-07-18T11:00:00.000000000,179.51,207.66229
2025-07-18T12:00:00.000000000,177.53,214.98504
2025-07-18T13:00:00.000000000,181.06,222.88547
2025-07-18T14:00:00.000000000,178.79,203.36031
2025-07-18T15:00:00.000000000,199.29,230.55559
2025-07-18T16:00:00.000000000,226.0,240.81929
2025-07-18T17:00:00.000000000,255.25,239.49764
2025-07-18T18:00:00.000000000,274.25,222.46716
2025-07-18T19:00:00.000000000,286.5,227.01182
2025-07-18T20:00:00.000000000,282.34,233.66034
2025-07-18T21:00:00.000000000,275.45,243.1187
2025-07-18T22:00:00.000000000,277.9,225.2828
2025-07-18T23:00:00.000000000,278.56,223.57068
2025-07-19T00:00:00.000000000,256.26,224.2431
2025-07-19T01:00:00.000000000,253.98,246.012
2025-07-19T02:00:00.000000000,263.85,225.74493
2025-07-19T03:00:00.000000000,273.82,269.86249
2025-07-19T04:00:00.000000000,271.93,234.65402
2025-07-19T05:00:00.000000000,255.48,230.87475
2025-07-19T06:00:00.000000000,240.14,203.99623
2025-07-19T07:00:00.000000000,233.48,224.05808
2025-07-19T08:00:00.000000000,240.11,204.26817
2025-07-19T09:00:00.000000000,243.76,240.30366
2025-07-19T10:00:00.000000000,227.05,230.33159
2025-07-19T11:00:00.000000000,201.9,213.50466
2025-07-19T12:00:00.000000000,172.4,199.15701
2025-07-19T13:00:00.000000000,146.63,200.5523
2025-07-19T14:00:00.000000000,135.64,178.04859
2025-07-19T15:00:00.000000000,163.38,217.85294
2025-07-19T16:00:00.000000000,196.29,226.89496
2025-07-19T17:00:00.000000000,230.67,224.3882
2025-07-19T18:00:00.000000000,251.81,209.64338
2025-07-19T19:00:00.000000000,261.18,210.37891
2025-07-19T20:00:00.000000000,271.21,218.31968
2025-07-19T21:00:00.000000000,276.63,231.02878
2025-07-19T22:00:00.000000000,251.83,204.62946
2025-07-19T23:00:00.000000000,234.32,202.79721
2025-07-20T00:00:00.000000000,214.08,198.8842
2025-07-20T01:00:00.000000000,201.06,221.65519
2025-07-20T02:00:00.000000000,198.7,202.36313
2025-07-20T03:00:00.000000000,187.68,250.87008
2025-07-20T04:00:00.000000000,189.41,217.6885
2025-07-20T05:00:00.000000000,180.61,209.3197
2025-07-20T06:00:00.000000000,164.82,187.70948
2025-07-20T07:00:00.000000000,154.38,205.41255
2025-07-20T08:00:00.000000000,165.72,180.86381
2025-07-20T09:00:00.000000000,171.08,218.24166
2025-07-20T10:00:00.000000000,166.84,215.24451
2025-07-20T11:00:00.000000000,148.5,194.76129
2025-07-20T12:00:00.000000000,137.96,201.86813
2025-07-20T13:00:00.000000000,127.05,207.46843
2025-07-20T14:00:00.000000000,133.54,184.22938
2025-07-20T15:00:00.000000000,158.76,221.35731
2025-07-20T16:00:00.000000000,197.08,229.96728
2025-07-20T17:00:00.000000000,236.46,227.8839
2025-07-20T18:00:00.000000000,276.89,210.90681
2025-07-20T19:00:00.000000000,291.07,212.35812
2025-07-20T20:00:00.000000000,266.99,221.65344
2025-07-20T21:00:00.000000000,237.35,230.32571
2025-07-20T22:00:00.000000000,227.38,210.1995
2025-07-20T23:00:00.000000000,213.77,207.65715
2025-07-21T00:00:00.000000000,204.9,205.84446
2025-07-21T01:00:00.000000000,213.95,227.72237
2025-07-21T02:00:00.000000000,229.07,208.36046
2025-07-21T03:00:00.000000000,244.31,253.87168
2025-07-21T04:00:00.000000000,261.42,222.53423
2025-07-21T05:00:00.000000000,266.4,216.96068
2025-07-21T06:00:00.000000000,265.27,193.92601
2025-07-21T07:00:00.000000000,262.55,208.90554
2025-07-21T08:00:00.000000000,239.25,187.68396
2025-07-21T09:00:00.000000000,214.74,224.98889
2025-07-21T10:00:00.000000000,212.34,219.51498
2025-07-21T11:00:00.000000000,207.74,201.19022
2025-07-15T12:00:00.000000000,87.27,213.49133
2025-07-15T13:00:00.000000000,80.82,221.36285
2025-07-15T14:00:00.000000000,86.96,201.58049
2025-07-15T15:00:00.000000000,112.75,229.6326
2025-07-15T16:00:00.000000000,157.87,242.59895
2025-07-15T17:00:00.000000000,180.83,242.0179
2025-07-15T18:00:00.000000000,177.79,221.58977
2025-07-15T19:00:00.000000000,184.54,229.98682
2025-07-15T20:00:00.000000000,182.31,231.38463
2025-07-15T21:00:00.000000000,182.16,249.25594
2025-07-15T22:00:00.000000000,154.54,225.08584
2025-07-15T23:00:00.000000000,133.15,223.52777
2025-07-16T00:00:00.000000000,124.57,223.45466
2025-07-16T01:00:00.000000000,124.17,247.88963
2025-07-16T02:00:00.000000000,123.88,223.90669
2025-07-16T03:00:00.000000000,133.17,272.27668
2025-07-16T04:00:00.000000000,154.01,235.17821
2025-07-16T05:00:00.000000000,190.35,226.33736
2025-07-16T06:00:00.000000000,211.95,199.78672
2025-07-16T07:00:00.000000000,217.97,222.60152
2025-07-16T08:00:00.000000000,208.24,198.26485
2025-07-16T09:00:00.000000000,199.57,241.27022
2025-07-16T10:00:00.000000000,200.53,231.17264
2025-07-16T11:00:00.000000000,195.43,212.45267
2025-07-16T12:00:00.000000000,201.25,209.09163
2025-07-16T13:00:00.000000000,208.83,212.74349
2025-07-16T14:00:00.000000000,220.35,194.62052
2025-07-16T15:00:00.000000000,243.43,224.65689
2025-07-16T16:00:00.000000000,283.61,231.4333
2025-07-16T17:00:00.000000000,309.13,229.29253
2025-07-16T18:00:00.000000000,332.43,216.91965
2025-07-16T19:00:00.000000000,350.19,216.64054
2025-07-16T20:00:00.000000000,349.7,228.55283
2025-07-16T21:00:00.000000000,349.79,231.38269
2025-07-16T22:00:00.000000000,335.6,215.39337
2025-07-16T23:00:00.000000000,328.06,214.00296
2025-07-17T00:00:00.000000000,322.5,214.04231
2025-07-17T01:00:00.000000000,322.06,233.1184
2025-07-17T02:00:00.000000000,316.07,216.7397
2025-07-17T03:00:00.000000000,314.37,259.15298
2025-07-17T04:00:00.000000000,315.23,224.43051
2025-07-17T05:00:00.000000000,303.89,224.88984
2025-07-17T06:00:00.000000000,298.88,201.01073
2025-07-17T07:00:00.000000000,288.89,217.69538
2025-07-17T08:00:00.000000000,270.59,200.03681
2025-07-17T09:00:00.000000000,244.14,228.17579
2025-07-17T10:00:00.000000000,235.25,222.18348
2025-07-17T11:00:00.000000000,227.62,205.45532
2025-07-17T12:00:00.000000000,216.02,211.67985
2025-07-17T13:00:00.000000000,206.89,216.34772
2025-07-17T14:00:00.000000000,198.19,196.13394
2025-07-17T15:00:00.000000000,210.67,227.08483
2025-07-17T16:00:00.000000000,242.66,237.1746
2025-07-17T17:00:00.000000000,269.04,235.45309
2025-07-17T18:00:00.000000000,276.36,219.75256
2025-07-17T19:00:00.000000000,288.21,222.76984
2025-07-17T20:00:00.000000000,287.57,230.19668
2025-07-17T21:00:00.000000000,275.84,240.86143
2025-07-17T22:00:00.000000000,268.97,219.4124
2025-07-17T23:00:00.000000000,263.54,217.43207
2025-07-18T00:00:00.000000000,262.64,216.43075
2025-07-18T01:00:00.000000000,265.04,238.11666
2025-07-18T02:00:00.000000000,254.79,218.91008
2025-07-18T03:00:00.000000000,251.25,264.6585
2025-07-18T04:00:00.000000000,251.19,229.16581
2025-07-18T05:00:00.000000000,256.69,224.03197
2025-07-18T06:00:00.000000000,254.51,199.3069
2025-07-18T07:00:00.000000000,228.37,219.54349
2025-07-18T08:00:00.000000000,214.07,197.58094
2025-07-18T09:00:00.000000000,199.46,233.24257
2025-07-18T10:00:00.000000000,187.45,225.59306
2025-07-18T11:00:00.000000000,179.51,207.74723
2025-07-18T12:00:00.000000000,177.53,214.97367
2025-07-18T13:00:00.000000000,181.06,222.87247
2025-07-18T14:00:00.000000000,178.79,203.34592
2025-07-18T15:00:00.000000000,199.29,230.54877
2025-07-18T16:00:00.000000000,226.0,240.81031
2025-07-18T17:00:00.000000000,255.25,239.48736
2025-07-18T18:00:00.000000000,274.25,222.45696
2025-07-18T19:00:00.000000000,286.5,226.99907
2025-07-18T20:00:00.000000000,282.34,233.65078
2025-07-18T21:00:00.000000000,275.45,243.10699
2025-07-18T22:00:00.000000000,277.9,225.27
2025-07-18T23:00:00.000000000,278.56,223.55695
2025-07-19T00:00:00.000000000,256.26,224.22817
2025-07-19T01:00:00.000000000,253.98,245.99738
2025-07-19T02:00:00.000000000,263.85,225.73168
2025-07-19T03:00:00.000000000,273.82,269.84951
2025-07-19T04:00:00.000000000,271.93,234.64313
2025-07-19T05:00:00.000000000,255.48,230.86471
2025-07-19T06:00:00.000000000,240.14,203.98922
2025-07-19T07:00:00.000000000,233.48,224.04556
2025-07-19T08:00:00.000000000,240.11,204.25635
2025-07-19T09:00:00.000000000,243.76,240.29047
2025-07-19T10:00:00.000000000,227.05,230.32213
2025-07-19T11:00:00.000000000,201.9,213.49488
2025-07-19T12:00:00.000000000,172.4,199.15845
2025-07-19T13:00:00.000000000,146.63,200.55414
2025-07-19T14:00:00.000000000,135.64,178.05029
2025-07-19T15:00:00.000000000,163.38,217.85399
2025-07-19T16:00:00.000000000,196.29,226.8965
2025-07-19T17:00:00.000000000,230.67,224.38983
2025-07-19T18:00:00.000000000,251.81,209.64454
2025-07-19T19:00:00.000000000,261.18,210.38046
2025-07-19T20:00:00.000000000,271.21,218.32092
2025-07-19T21:00:00.000000000,276.63,231.03051
2025-07-19T22:00:00.000000000,251.83,204.63124
2025-07-19T23:00:00.000000000,234.32,202.79886
2025-07-20T00:00:00.000000000,214.08,198.88597
2025-07-20T01:00:00.000000000,201.06,221.65713
2025-07-20T02:00:00.000000000,198.7,202.36482
2025-07-20T03:00:00.000000000,187.68,250.87185
2025-07-20T04:00:00.000000000,189.41,217.68999
2025-07-20T05:00:00.000000000,180.61,209.32125
2025-07-20T06:00:00.000000000,164.82,187.71064
2025-07-20T07:00:00.000000000,154.38,205.41396
2025-07-20T08:00:00.000000000,165.72,180.8651
2025-07-20T09:00:00.000000000,171.08,218.24347
2025-07-20T10:00:00.000000000,166.84,215.24569
2025-07-20T11:00:00.000000000,148.5,194.76263
2025-07-20T12:00:00.000000000,137.96,201.86795
2025-07-20T13:00:00.000000000,127.05,207.46817
2025-07-20T14:00:00.000000000,133.54,184.22918
2025-07-20T15:00:00.000000000,158.76,221.35718
2025-07-20T16:00:00.000000000,197.08,229.96709
2025-07-20T17:00:00.000000000,236.46,227.88373
2025-07-20T18:00:00.000000000,276.89,210.90666
2025-07-20T19:00:00.000000000,291.07,212.35794
2025-07-20T20:00:00.000000000,266.99,221.65327
2025-07-20T21:00:00.000000000,237.35,230.3255
2025-07-20T22:00:00.000000000,227.38,210.19928
2025-07-20T23:00:00.000000000,213.77,207.65696
2025-07-21T00:00:00.000000000,204.9,205.84427
2025-07-21T01:00:00.000000000,213.95,227.72216
2025-07-21T02:00:00.000000000,229.07,208.36023
2025-07-21T03:00:00.000000000,244.31,253.87149
2025-07-21T04:00:00.000000000,261.42,222.53406
2025-07-21T05:00:00.000000000,266.4,216.96051
2025-07-21T06:00:00.000000000,265.27,193.92586
2025-07-21T07:00:00.000000000,262.55,208.90537
2025-07-21T08:00:00.000000000,239.25,187.68378
2025-07-21T09:00:00.000000000,214.74,224.98867
2025-07-21T10:00:00.000000000,212.34,219.51486
2025-07-21T11:00:00.000000000,207.74,201.19005
2025-07-21T12:00:00.000000000,216.5,217.21941
2025-07-21T13:00:00.000000000,223.17,228.56055
2025-07-21T14:00:00.000000000,218.7,210.83066
2025-07-21T15:00:00.000000000,240.86,233.49101
2025-07-21T16:00:00.000000000,264.11,244.81906
2025-07-21T17:00:00.000000000,266.18,245.55757
2025-07-21T18:00:00.000000000,292.42,224.44693
2025-07-21T19:00:00.000000000,305.59,233.60129
2025-07-21T20:00:00.000000000,316.33,235.19702
2025-07-21T21:00:00.000000000,307.38,248.66459
2025-07-21T22:00:00.000000000,264.11,231.57228
2025-07-21T23:00:00.000000000,261.0,228.91869
2025-07-22T00:00:00.000000000,242.3,232.736
2025-07-22T01:00:00.000000000,235.79,254.5242
2025-07-22T02:00:00.000000000,228.91,232.87415
2025-07-22T03:00:00.000000000,223.58,276.2554
2025-07-22T04:00:00.000000000,224.64,241.04826
2025-07-22T05:00:00.000000000,244.48,236.00669
2025-07-22T06:00:00.000000000,245.33,204.30516
2025-07-22T07:00:00.000000000,239.42,228.63173
2025-07-22T08:00:00.000000000,231.81,207.92006
2025-07-22T09:00:00.000000000,229.06,247.72058
2025-07-22T10:00:00.000000000,218.44,235.2195
2025-07-22T11:00:00.000000000,208.75,218.43974
2025-07-16T12:00:00.000000000,201.25,218.33697
2025-07-16T13:00:00.000000000,208.83,223.32132
2025-07-16T14:00:00.000000000,220.35,206.11328
2025-07-16T15:00:00.000000000,243.43,231.0677
2025-07-16T16:00:00.000000000,283.61,240.26586
2025-07-16T17:00:00.000000000,309.13,238.72343
2025-07-16T18:00:00.000000000,332.43,224.91371
2025-07-16T19:00:00.000000000,350.19,227.70305
2025-07-16T20:00:00.000000000,349.7,236.60838
2025-07-16T21:00:00.000000000,349.79,242.26934
2025-07-16T22:00:00.000000000,335.6,226.33886
2025-07-16T23:00:00.000000000,328.06,224.63774
2025-07-17T00:00:00.000000000,322.5,225.62999
2025-07-17T01:00:00.000000000,322.06,245.22741
2025-07-17T02:00:00.000000000,316.07,227.5088
2025-07-17T03:00:00.000000000,314.37,270.25291
2025-07-17T04:00:00.000000000,315.23,233.59136
2025-07-17T05:00:00.000000000,303.89,232.77036
2025-07-17T06:00:00.000000000,298.88,206.31509
2025-07-17T07:00:00.000000000,288.89,227.47325
2025-07-17T08:00:00.000000000,270.59,208.51344
2025-07-17T09:00:00.000000000,244.14,239.34477
2025-07-17T10:00:00.000000000,235.25,230.403
2025-07-17T11:00:00.000000000,227.62,213.94465
2025-07-17T12:00:00.000000000,216.02,210.5874
2025-07-17T13:00:00.000000000,206.89,214.98511
2025-07-17T14:00:00.000000000,198.19,194.72668
2025-07-17T15:00:00.000000000,210.67,226.34874
2025-07-17T16:00:00.000000000,242.66,236.16522
2025-07-17T17:00:00.000000000,269.04,234.36059
2025-07-17T18:00:00.000000000,276.36,218.79246
2025-07-17T19:00:00.000000000,288.21,221.49846
2025-07-17T20:00:00.000000000,287.57,229.20955
2025-07-17T21:00:00.000000000,275.84,239.67733
2025-07-17T22:00:00.000000000,268.97,218.06504
2025-07-17T23:00:00.000000000,263.54,216.07212
2025-07-18T00:00:00.000000000,262.64,214.96027
2025-07-18T01:00:00.000000000,265.04,236.58654
2025-07-18T02:00:00.000000000,254.79,217.56973
2025-07-18T03:00:00.000000000,251.25,263.32222
2025-07-18T04:00:00.000000000,251.19,228.0318
2025-07-18T05:00:00.000000000,256.69,222.9705
2025-07-18T06:00:00.000000000,254.51,198.56648
2025-07-18T07:00:00.000000000,228.37,218.32594
2025-07-18T08:00:00.000000000,214.07,196.38586
2025-07-18T09:00:00.000000000,199.46,231.83462
2025-07-18T10:00:00.000000000,187.45,224.62658
2025-07-18T11:00:00.000000000,179.51,206.70634
2025-07-18T12:00:00.000000000,177.53,215.11259
2025-07-18T13:00:00.000000000,181.06,223.0315
2025-07-18T14:00:00.000000000,178.79,203.52185
2025-07-18T15:00:00.000000000,199.29,230.63209
2025-07-18T16:00:00.000000000,226.0,240.9199
2025-07-18T17:00:00.000000000,255.25,239.61323
2025-07-18T18:00:00.000000000,274.25,222.58125
2025-07-18T19:00:00.000000000,286.5,227.15477
2025-07-18T20:00:00.000000000,282.34,233.76719
2025-07-18T21:00:00.000000000,275.45,243.25012
2025-07-18T22:00:00.000000000,277.9,225.42671
2025-07-18T23:00:00.000000000,278.56,223.72452
2025-07-19T00:00:00.000000000,256.26,224.41077
2025-07-19T01:00:00.000000000,253.98,246.17644
2025-07-19T02:00:00.000000000,263.85,225.89374
2025-07-19T03:00:00.000000000,273.82,270.00825
2025-07-19T04:00:00.000000000,271.93,234.77629
2025-07-19T05:00:00.000000000,255.48,230.98741
2025-07-19T06:00:00.000000000,240.14,204.07467
2025-07-19T07:00:00.000000000,233.48,224.1983
2025-07-19T08:00:00.000000000,240.11,204.40072
2025-07-19T09:00:00.000000000,243.76,240.45154
2025-07-19T10:00:00.000000000,227.05,230.43783
2025-07-19T11:00:00.000000000,201.9,213.61426
2025-07-19T12:00:00.000000000,172.4,199.14106
2025-07-19T13:00:00.000000000,146.63,200.53153
2025-07-19T14:00:00.000000000,135.64,178.02941
2025-07-19T15:00:00.000000000,163.38,217.84097
2025-07-19T16:00:00.000000000,196.29,226.87785
2025-07-19T17:00:00.000000000,230.67,224.36987
2025-07-19T18:00:00.000000000,251.81,209.63027
2025-07-19T19:00:00.000000000,261.18,210.36153
2025-07-19T20:00:00.000000000,271.21,218.30588
2025-07-19T21:00:00.000000000,276.63,231.00959
2025-07-19T22:00:00.000000000,251.83,204.60951
2025-07-19T23:00:00.000000000,234.32,202.77875
2025-07-20T00:00:00.000000000,214.08,198.86438
2025-07-20T01:00:00.000000000,201.06,221.63365
2025-07-20T02:00:00.000000000,198.7,202.34436
2025-07-20T03:00:00.000000000,187.68,250.85037
2025-07-20T04:00:00.000000000,189.41,217.67205
2025-07-20T05:00:00.000000000,180.61,209.30237
2025-07-20T06:00:00.000000000,164.82,187.69654
2025-07-20T07:00:00.000000000,154.38,205.397
2025-07-20T08:00:00.000000000,165.72,180.84949
2025-07-20T09:00:00.000000000,171.08,218.22136
2025-07-20T10:00:00.000000000,166.84,215.23124
2025-07-20T11:00:00.000000000,148.5,194.74632
2025-07-20T12:00:00.000000000,137.96,201.87005
2025-07-20T13:00:00.000000000,127.05,207.47091
2025-07-20T14:00:00.000000000,133.54,184.23165
2025-07-20T15:00:00.000000000,158.76,221.3589
2025-07-20T16:00:00.000000000,197.08,229.96932
2025-07-20T17:00:00.000000000,236.46,227.88605
2025-07-20T18:00:00.000000000,276.89,210.90837
2025-07-20T19:00:00.000000000,291.07,212.36026
2025-07-20T20:00:00.000000000,266.99,221.6553
2025-07-20T21:00:00.000000000,237.35,230.3278
2025-07-20T22:00:00.000000000,227.38,210.20186
2025-07-20T23:00:00.000000000,213.77,207.65927
2025-07-21T00:00:00.000000000,204.9,205.8468
2025-07-21T01:00:00.000000000,213.95,227.72489
2025-07-21T02:00:00.000000000,229.07,208.36286
2025-07-21T03:00:00.000000000,244.31,253.87391
2025-07-21T04:00:00.000000000,261.42,222.53623
2025-07-21T05:00:00.000000000,266.4,216.9627
2025-07-21T06:00:00.000000000,265.27,193.92741
2025-07-21T07:00:00.000000000,262.55,208.90744
2025-07-21T08:00:00.000000000,239.25,187.68588
2025-07-21T09:00:00.000000000,214.74,224.99129
2025-07-21T10:00:00.000000000,212.34,219.51656
2025-07-21T11:00:00.000000000,207.74,201.19218
2025-07-21T12:00:00.000000000,216.5,217.21918
2025-07-21T13:00:00.000000000,223.17,228.56027
2025-07-21T14:00:00.000000000,218.7,210.83036
2025-07-21T15:00:00.000000000,240.86,233.49087
2025-07-21T16:00:00.000000000,264.11,244.81889
2025-07-21T17:00:00.000000000,266.18,245.55734
2025-07-21T18:00:00.000000000,292.42,224.44672
2025-07-21T19:00:00.000000000,305.59,233.60103
2025-07-21T20:00:00.000000000,316.33,235.19683
2025-07-21T21:00:00.000000000,307.38,248.66438
2025-07-21T22:00:00.000000000,264.11,231.57203
2025-07-21T23:00:00.000000000,261.0,228.91841
2025-07-22T00:00:00.000000000,242.3,232.73568
2025-07-22T01:00:00.000000000,235.79,254.52391
2025-07-22T02:00:00.000000000,228.91,232.87387
2025-07-22T03:00:00.000000000,223.58,276.2551
2025-07-22T04:00:00.000000000,224.64,241.04801
2025-07-22T05:00:00.000000000,244.48,236.0065
2025-07-22T06:00:00.000000000,245.33,204.30502
2025-07-22T07:00:00.000000000,239.42,228.63146
2025-07-22T08:00:00.000000000,231.81,207.91982
2025-07-22T09:00:00.000000000,229.06,247.72028
2025-07-22T10:00:00.000000000,218.44,235.21929
2025-07-22T11:00:00.000000000,208.75,218.43954
2025-07-22T12:00:00.000000000,207.52,227.96293
2025-07-22T13:00:00.000000000,214.73,236.27087
2025-07-22T14:00:00.000000000,211.98,220.56634
2025-07-22T15:00:00.000000000,223.33,236.65505
2025-07-22T16:00:00.000000000,239.29,251.39358
2025-07-22T17:00:00.000000000,251.56,253.32289
2025-07-22T18:00:00.000000000,278.01,234.14461
2025-07-22T19:00:00.000000000,300.49,244.75934
2025-07-22T20:00:00.000000000,299.64,241.78418
2025-07-22T21:00:00.000000000,285.64,261.03825
2025-07-22T22:00:00.000000000,258.46,240.3029
2025-07-22T23:00:00.000000000,234.06,241.03906
2025-07-23T00:00:00.000000000,230.3,243.22872
2025-07-23T01:00:00.000000000,234.67,265.26388
2025-07-23T02:00:00.000000000,224.27,240.25143
2025-07-23T03:00:00.000000000,221.16,286.27073
2025-07-23T04:00:00.000000000,241.08,247.76678
2025-07-23T05:00:00.000000000,234.01,238.29203
2025-07-23T06:00:00.000000000,240.69,209.11315
2025-07-23T07:00:00.000000000,233.8,239.00886
2025-07-23T08:00:00.000000000,232.42,214.18436
2025-07-23T09:00:00.000000000,212.12,257.27643
2025-07-23T10:00:00.000000000,201.76,243.17709
2025-07-23T11:00:00.000000000,206.5,224.09873
2025-07-17T12:00:00.000000000,216.02,202.10275
2025-07-17T13:00:00.000000000,206.89,204.53781
2025-07-17T14:00:00.000000000,198.19,183.06665
2025-07-17T15:00:00.000000000,210.67,220.21346
2025-07-17T16:00:00.000000000,242.66,229.37555
2025-07-17T17:00:00.000000000,269.04,227.07971
2025-07-17T18:00:00.000000000,276.36,212.03608
2025-07-17T19:00:00.000000000,288.21,213.33214
2025-07-17T20:00:00.000000000,287.57,221.03602
2025-07-17T21:00:00.000000000,275.84,233.35132
2025-07-17T22:00:00.000000000,268.97,208.22877
2025-07-17T23:00:00.000000000,263.54,206.39478
2025-07-18T00:00:00.000000000,262.64,203.41543
2025-07-18T01:00:00.000000000,265.04,225.79723
2025-07-18T02:00:00.000000000,254.79,206.5143
2025-07-18T03:00:00.000000000,251.25,254.34592
2025-07-18T04:00:00.000000000,251.19,220.593
2025-07-18T05:00:00.000000000,256.69,213.30705
2025-07-18T06:00:00.000000000,254.51,190.90188
2025-07-18T07:00:00.000000000,228.37,208.78029
2025-07-18T08:00:00.000000000,214.07,184.88016
2025-07-18T09:00:00.000000000,199.46,222.02605
2025-07-18T10:00:00.000000000,187.45,218.08939
2025-07-18T11:00:00.000000000,179.51,198.12839
2025-07-18T12:00:00.000000000,177.53,216.24836
2025-07-18T13:00:00.000000000,181.06,224.31648
2025-07-18T14:00:00.000000000,178.79,204.9717
2025-07-18T15:00:00.000000000,199.29,231.30676
2025-07-18T16:00:00.000000000,226.0,241.7994
2025-07-18T17:00:00.000000000,255.25,240.63816
2025-07-18T18:00:00.000000000,274.25,223.58964
2025-07-18T19:00:00.000000000,286.5,228.42278
2025-07-18T20:00:00.000000000,282.34,234.72434
2025-07-18T21:00:00.000000000,275.45,244.38386
2025-07-18T22:00:00.000000000,277.9,226.69259
2025-07-18T23:00:00.000000000,278.56,225.07317
2025-07-19T00:00:00.000000000,256.26,225.90638
2025-07-19T01:00:00.000000000,253.98,247.61244
2025-07-19T02:00:00.000000000,263.85,227.20883
2025-07-19T03:00:00.000000000,273.82,271.29903
2025-07-19T04:00:00.000000000,271.93,235.84651
2025-07-19T05:00:00.000000000,255.48,231.99507
2025-07-19T06:00:00.000000000,240.14,204.78339
2025-07-19T07:00:00.000000000,233.48,225.45893
2025-07-19T08:00:00.000000000,240.11,205.58762
2025-07-19T09:00:00.000000000,243.76,241.74636
2025-07-19T10:00:00.000000000,227.05,231.39
2025-07-19T11:00:00.000000000,201.9,214.59347
2025-07-19T12:00:00.000000000,172.4,198.99892
2025-07-19T13:00:00.000000000,146.63,200.34672
2025-07-19T14:00:00.000000000,135.64,177.85888
2025-07-19T15:00:00.000000000,163.38,217.73438
2025-07-19T16:00:00.000000000,196.29,226.72574
2025-07-19T17:00:00.000000000,230.67,224.20672
2025-07-19T18:00:00.000000000,251.81,209.51325
2025-07-19T19:00:00.000000000,261.18,210.20665
2025-07-19T20:00:00.000000000,271.21,218.1828
2025-07-19T21:00:00.000000000,276.63,230.83843
2025-07-19T22:00:00.000000000,251.83,204.43221
2025-07-19T23:00:00.000000000,234.32,202.61453
2025-07-20T00:00:00.000000000,214.08,198.6884
2025-07-20T01:00:00.000000000,201.06,221.44226
2025-07-20T02:00:00.000000000,198.7,202.17717
2025-07-20T03:00:00.000000000,187.68,250.67483
2025-07-20T04:00:00.000000000,189.41,217.52586
2025-07-20T05:00:00.000000000,180.61,209.14815
2025-07-20T06:00:00.000000000,164.82,187.58156
2025-07-20T07:00:00.000000000,154.38,205.25833
2025-07-20T08:00:00.000000000,165.72,180.72195
2025-07-20T09:00:00.000000000,171.08,218.04131
2025-07-20T10:00:00.000000000,166.84,215.11341
2025-07-20T11:00:00.000000000,148.5,194.61353
2025-07-20T12:00:00.000000000,137.96,201.88717
2025-07-20T13:00:00.000000000,127.05,207.4931
2025-07-20T14:00:00.000000000,133.54,184.25186
2025-07-20T15:00:00.000000000,158.76,221.37317
2025-07-20T16:00:00.000000000,197.08,229.98744
2025-07-20T17:00:00.000000000,236.46,227.90493
2025-07-20T18:00:00.000000000,276.89,210.92213
2025-07-20T19:00:00.000000000,291.07,212.37919
2025-07-20T20:00:00.000000000,266.99,221.67173
2025-07-20T21:00:00.000000000,237.35,230.34643
2025-07-20T22:00:00.000000000,227.38,210.22264
2025-07-20T23:00:00.000000000,213.77,207.67801
2025-07-21T00:00:00.000000000,204.9,205.86749
2025-07-21T01:00:00.000000000,213.95,227.74719
2025-07-21T02:00:00.000000000,229.07,208.3842
2025-07-21T03:00:00.000000000,244.31,253.89378
2025-07-21T04:00:00.000000000,261.42,222.55387
2025-07-21T05:00:00.000000000,266.4,216.9805
2025-07-21T06:00:00.000000000,265.27,193.93994
2025-07-21T07:00:00.000000000,262.55,208.9243
2025-07-21T08:00:00.000000000,239.25,187.70291
2025-07-21T09:00:00.000000000,214.74,225.01258
2025-07-21T10:00:00.000000000,212.34,219.53055
2025-07-21T11:00:00.000000000,207.74,201.20959
2025-07-21T12:00:00.000000000,216.5,217.21711
2025-07-21T13:00:00.000000000,223.17,228.55814
2025-07-21T14:00:00.000000000,218.7,210.82784
2025-07-21T15:00:00.000000000,240.86,233.48975
2025-07-21T16:00:00.000000000,264.11,244.81748
2025-07-21T17:00:00.000000000,266.18,245.55553
2025-07-21T18:00:00.000000000,292.42,224.44484
2025-07-21T19:00:00.000000000,305.59,233.59877
2025-07-21T20:00:00.000000000,316.33,235.19533
2025-07-21T21:00:00.000000000,307.38,248.66238
2025-07-21T22:00:00.000000000,264.11,231.56983
2025-07-21T23:00:00.000000000,261.0,228.916
2025-07-22T00:00:00.000000000,242.3,232.73306
2025-07-22T01:00:00.000000000,235.79,254.5215
2025-07-22T02:00:00.000000000,228.91,232.8716
2025-07-22T03:00:00.000000000,223.58,276.25298
2025-07-22T04:00:00.000000000,224.64,241.04616
2025-07-22T05:00:00.000000000,244.48,236.00497
2025-07-22T06:00:00.000000000,245.33,204.30392
2025-07-22T07:00:00.000000000,239.42,228.62923
2025-07-22T08:00:00.000000000,231.81,207.91788
2025-07-22T09:00:00.000000000,229.06,247.71798
2025-07-22T10:00:00.000000000,218.44,235.21758
2025-07-22T11:00:00.000000000,208.75,218.43797
2025-07-22T12:00:00.000000000,207.52,227.96315
2025-07-22T13:00:00.000000000,214.73,236.27108
2025-07-22T14:00:00.000000000,211.98,220.56662
2025-07-22T15:00:00.000000000,223.33,236.65513
2025-07-22T16:00:00.000000000,239.29,251.39371
2025-07-22T17:00:00.000000000,251.56,253.32302
2025-07-22T18:00:00.000000000,278.01,234.14478
2025-07-22T19:00:00.000000000,300.49,244.75955
2025-07-22T20:00:00.000000000,299.64,241.78431
2025-07-22T21:00:00.000000000,285.64,261.03842
2025-07-22T22:00:00.000000000,258.46,240.30307
2025-07-22T23:00:00.000000000,234.06,241.03933
2025-07-23T00:00:00.000000000,230.3,243.22901
2025-07-23T01:00:00.000000000,234.67,265.26411
2025-07-23T02:00:00.000000000,224.27,240.25164
2025-07-23T03:00:00.000000000,221.16,286.27092
2025-07-23T04:00:00.000000000,241.08,247.76695
2025-07-23T05:00:00.000000000,234.01,238.29216
2025-07-23T06:00:00.000000000,240.69,209.11326
2025-07-23T07:00:00.000000000,233.8,239.00909
2025-07-23T08:00:00.000000000,232.42,214.18456
2025-07-23T09:00:00.000000000,212.12,257.27669
2025-07-23T10:00:00.000000000,201.76,243.17728
2025-07-23T11:00:00.000000000,206.5,224.09888
2025-07-23T12:00:00.000000000,204.83,225.99905
2025-07-23T13:00:00.000000000,210.56,233.62722
2025-07-23T14:00:00.000000000,221.02,214.89391
2025-07-23T15:00:00.000000000,227.79,235.6992
2025-07-23T16:00:00.000000000,252.17,248.70996
2025-07-23T17:00:00.000000000,276.25,248.63983
2025-07-23T18:00:00.000000000,287.51,231.39894
2025-07-23T19:00:00.000000000,298.83,238.13113
2025-07-23T20:00:00.000000000,292.38,242.22517
2025-07-23T21:00:00.000000000,284.28,253.77136
2025-07-23T22:00:00.000000000,263.02,236.23672
2025-07-23T23:00:00.000000000,241.99,235.17187
2025-07-24T00:00:00.000000000,223.44,236.97879
2025-07-24T01:00:00.000000000,210.54,257.68221
2025-07-24T02:00:00.000000000,211.98,236.56966
2025-07-24T03:00:00.000000000,199.78,279.98574
2025-07-24T04:00:00.000000000,194.7,243.07658
2025-07-24T05:00:00.000000000,191.26,237.68175
2025-07-24T06:00:00.000000000,192.63,209.82767
2025-07-24T07:00:00.000000000,183.79,235.61723
2025-07-24T08:00:00.000000000,175.36,214.47273
2025-07-24T09:00:00.000000000,169.29,250.92888
2025-07-24T10:00:00.000000000,161.76,237.8388
2025-07-24T11:00:00.000000000,167.32,221.78001
2025-07-18T12:00:00.000000000,177.53,209.89826
2025-07-18T13:00:00.000000000,181.06,217.87763
2025-07-18T14:00:00.000000000,178.79,196.88065
2025-07-18T15:00:00.000000000,199.29,227.83861
2025-07-18T16:00:00.000000000,226.0,237.89855
2025-07-18T17:00:00.000000000,255.25,236.36571
2025-07-18T18:00:00.000000000,274.25,218.18708
2025-07-18T19:00:00.000000000,286.5,222.51723
2025-07-18T20:00:00.000000000,282.34,229.24585
2025-07-18T21:00:00.000000000,275.45,239.87717
2025-07-18T22:00:00.000000000,277.9,220.42014
2025-07-18T23:00:00.000000000,278.56,218.05465
2025-07-19T00:00:00.000000000,256.26,217.97148
2025-07-19T01:00:00.000000000,253.98,240.72356
2025-07-19T02:00:00.000000000,263.85,220.29614
2025-07-19T03:00:00.000000000,273.82,265.19692
2025-07-19T04:00:00.000000000,271.93,231.03065
2025-07-19T05:00:00.000000000,255.48,226.13904
2025-07-19T06:00:00.000000000,240.14,200.07566
2025-07-19T07:00:00.000000000,233.48,218.43978
2025-07-19T08:00:00.000000000,240.11,198.13624
2025-07-19T09:00:00.000000000,243.76,235.63008
2025-07-19T10:00:00.000000000,227.05,226.49034
2025-07-19T11:00:00.000000000,201.9,209.43282
2025-07-19T12:00:00.000000000,172.4,199.79691
2025-07-19T13:00:00.000000000,146.63,201.37346
2025-07-19T14:00:00.000000000,135.64,178.80573
2025-07-19T15:00:00.000000000,163.38,218.32645
2025-07-19T16:00:00.000000000,196.29,227.55071
2025-07-19T17:00:00.000000000,230.67,225.10594
2025-07-19T18:00:00.000000000,251.81,210.17224
2025-07-19T19:00:00.000000000,261.18,211.06108
2025-07-19T20:00:00.000000000,271.21,218.87641
2025-07-19T21:00:00.000000000,276.63,231.7627
2025-07-19T22:00:00.000000000,251.83,205.41122
2025-07-19T23:00:00.000000000,234.32,203.51005
2025-07-20T00:00:00.000000000,214.08,199.65555
2025-07-20T01:00:00.000000000,201.06,222.4619
2025-07-20T02:00:00.000000000,198.7,203.11414
2025-07-20T03:00:00.000000000,187.68,251.62256
2025-07-20T04:00:00.000000000,189.41,218.3321
2025-07-20T05:00:00.000000000,180.61,210.00512
2025-07-20T06:00:00.000000000,164.82,188.21533
2025-07-20T07:00:00.000000000,154.38,206.03207
2025-07-20T08:00:00.000000000,165.72,181.44624
2025-07-20T09:00:00.000000000,171.08,219.01661
2025-07-20T10:00:00.000000000,166.84,215.75302
2025-07-20T11:00:00.000000000,148.5,195.3513
2025-07-20T12:00:00.000000000,137.96,201.79109
2025-07-20T13:00:00.000000000,127.05,207.36906
2025-07-20T14:00:00.000000000,133.54,184.13872
2025-07-20T15:00:00.000000000,158.76,221.29359
2025-07-20T16:00:00.000000000,197.08,229.88632
2025-07-20T17:00:00.000000000,236.46,227.79968
2025-07-20T18:00:00.000000000,276.89,210.84503
2025-07-20T19:00:00.000000000,291.07,212.2736
2025-07-20T20:00:00.000000000,266.99,221.5794
2025-07-20T21:00:00.000000000,237.35,230.2428
2025-07-20T22:00:00.000000000,227.38,210.1064
2025-07-20T23:00:00.000000000,213.77,207.5732
2025-07-21T00:00:00.000000000,204.9,205.75174
2025-07-21T01:00:00.000000000,213.95,227.62294
2025-07-21T02:00:00.000000000,229.07,208.26487
2025-07-21T03:00:00.000000000,244.31,253.78293
2025-07-21T04:00:00.000000000,261.42,222.45552
2025-07-21T05:00:00.000000000,266.4,216.88079
2025-07-21T06:00:00.000000000,265.27,193.86956
2025-07-21T07:00:00.000000000,262.55,208.82969
2025-07-21T08:00:00.000000000,239.25,187.6072
2025-07-21T09:00:00.000000000,214.74,224.89383
2025-07-21T10:00:00.000000000,212.34,219.45247
2025-07-21T11:00:00.000000000,207.74,201.11234
2025-07-21T12:00:00.000000000,216.5,217.22853
2025-07-21T13:00:00.000000000,223.17,228.56997
2025-07-21T14:00:00.000000000,218.7,210.84194
2025-07-21T15:00:00.000000000,240.86,233.49601
2025-07-21T16:00:00.000000000,264.11,244.82523
2025-07-21T17:00:00.000000000,266.18,245.56556
2025-07-21T18:00:00.000000000,292.42,224.45523
2025-07-21T19:00:00.000000000,305.59,233.61136
2025-07-21T20:00:00.000000000,316.33,235.20378
2025-07-21T21:00:00.000000000,307.38,248.67359
2025-07-21T22:00:00.000000000,264.11,231.58199
2025-07-21T23:00:00.000000000,261.0,228.92948
2025-07-22T00:00:00.000000000,242.3,232.74769
2025-07-22T01:00:00.000000000,235.79,254.53507
2025-07-22T02:00:00.000000000,228.91,232.88424
2025-07-22T03:00:00.000000000,223.58,276.26499
2025-07-22T04:00:00.000000000,224.64,241.05661
2025-07-22T05:00:00.000000000,244.48,236.01354
2025-07-22T06:00:00.000000000,245.33,204.31007
2025-07-22T07:00:00.000000000,239.42,228.6416
2025-07-22T08:00:00.000000000,231.81,207.9287
2025-07-22T09:00:00.000000000,229.06,247.73084
2025-07-22T10:00:00.000000000,218.44,235.22715
2025-07-22T11:00:00.000000000,208.75,218.44673
2025-07-22T12:00:00.000000000,207.52,227.96203
2025-07-22T13:00:00.000000000,214.73,236.26997
2025-07-22T14:00:00.000000000,211.98,220.56514
2025-07-22T15:00:00.000000000,223.33,236.65466
2025-07-22T16:00:00.000000000,239.29,251.39312
2025-07-22T17:00:00.000000000,251.56,253.32217
2025-07-22T18:00:00.000000000,278.01,234.14375
2025-07-22T19:00:00.000000000,300.49,244.75837
2025-07-22T20:00:00.000000000,299.64,241.78361
2025-07-22T21:00:00.000000000,285.64,261.03745
2025-07-22T22:00:00.000000000,258.46,240.30198
2025-07-22T23:00:00.000000000,234.06,241.0379
2025-07-23T00:00:00.000000000,230.3,243.22749
2025-07-23T01:00:00.000000000,234.67,265.26279
2025-07-23T02:00:00.000000000,224.27,240.25044
2025-07-23T03:00:00.000000000,221.16,286.26984
2025-07-23T04:00:00.000000000,241.08,247.76594
2025-07-23T05:00:00.000000000,234.01,238.2914
2025-07-23T06:00:00.000000000,240.69,209.11268
2025-07-23T07:00:00.000000000,233.8,239.00781
2025-07-23T08:00:00.000000000,232.42,214.18343
2025-07-23T09:00:00.000000000,212.12,257.27538
2025-07-23T10:00:00.000000000,201.76,243.17633
2025-07-23T11:00:00.000000000,206.5,224.09809
2025-07-23T12:00:00.000000000,204.83,225.99917
2025-07-23T13:00:00.000000000,210.56,233.62735
2025-07-23T14:00:00.000000000,221.02,214.89407
2025-07-23T15:00:00.000000000,227.79,235.69926
2025-07-23T16:00:00.000000000,252.17,248.71002
2025-07-23T17:00:00.000000000,276.25,248.63996
2025-07-23T18:00:00.000000000,287.51,231.39904
2025-07-23T19:00:00.000000000,298.83,238.13124
2025-07-23T20:00:00.000000000,292.38,242.22526
2025-07-23T21:00:00.000000000,284.28,253.77145
2025-07-23T22:00:00.000000000,263.02,236.23683
2025-07-23T23:00:00.000000000,241.99,235.17201
2025-07-24T00:00:00.000000000,223.44,236.97894
2025-07-24T01:00:00.000000000,210.54,257.68236
2025-07-24T02:00:00.000000000,211.98,236.5698
2025-07-24T03:00:00.000000000,199.78,279.98589
2025-07-24T04:00:00.000000000,194.7,243.07671
2025-07-24T05:00:00.000000000,191.26,237.68184
2025-07-24T06:00:00.000000000,192.63,209.82773
2025-07-24T07:00:00.000000000,183.79,235.61736
2025-07-24T08:00:00.000000000,175.36,214.47284
2025-07-24T09:00:00.000000000,169.29,250.92897
2025-07-24T10:00:00.000000000,161.76,237.83886
2025-07-24T11:00:00.000000000,167.32,221.7801
2025-07-24T12:00:00.000000000,169.89,224.69033
2025-07-24T13:00:00.000000000,171.0,232.38271
2025-07-24T14:00:00.000000000,189.55,214.73057
2025-07-24T15:00:00.000000000,203.11,234.93799
2025-07-24T16:00:00.000000000,236.57,248.67966
2025-07-24T17:00:00.000000000,271.52,249.53176
2025-07-24T18:00:00.000000000,286.13,231.27253
2025-07-24T19:00:00.000000000,298.76,240.00288
2025-07-24T20:00:00.000000000,307.62,239.99422
2025-07-24T21:00:00.000000000,315.27,256.78654
2025-07-24T22:00:00.000000000,311.9,236.25823
2025-07-24T23:00:00.000000000,298.95,235.53353
2025-07-25T00:00:00.000000000,291.25,236.37838
2025-07-25T01:00:00.000000000,282.75,258.78287
2025-07-25T02:00:00.000000000,269.19,235.77499
2025-07-25T03:00:00.000000000,257.95,281.70876
2025-07-25T04:00:00.000000000,260.89,243.75795
2025-07-25T05:00:00.000000000,267.23,235.75944
2025-07-25T06:00:00.000000000,258.69,207.01285
2025-07-25T07:00:00.000000000,229.86,234.64655
2025-07-25T08:00:00.000000000,202.18,210.91391
2025-07-25T09:00:00.000000000,167.49,251.80139
2025-07-25T10:00:00.000000000,149.67,238.64935
2025-07-25T11:00:00.000000000,139.05,220.37998
2025-07-19T12:00:00.000000000,172.4,195.77331
2025-07-19T13:00:00.000000000,146.63,196.95562
2025-07-19T14:00:00.000000000,135.64,173.37252
2025-07-19T15:00:00.000000000,163.38,216.01835
2025-07-19T16:00:00.000000000,196.29,225.12231
2025-07-19T17:00:00.000000000,230.67,222.35596
2025-07-19T18:00:00.000000000,251.81,207.15131
2025-07-19T19:00:00.000000000,261.18,208.24835
2025-07-19T20:00:00.000000000,271.21,215.43948
2025-07-19T21:00:00.000000000,276.63,229.6564
2025-07-19T22:00:00.000000000,251.83,201.407
2025-07-19T23:00:00.000000000,234.32,199.47221
2025-07-20T00:00:00.000000000,214.08,194.60622
2025-07-20T01:00:00.000000000,201.06,218.42881
2025-07-20T02:00:00.000000000,198.7,198.42379
2025-07-20T03:00:00.000000000,187.68,248.21136
2025-07-20T04:00:00.000000000,189.41,215.77674
2025-07-20T05:00:00.000000000,180.61,205.07656
2025-07-20T06:00:00.000000000,164.82,184.02514
2025-07-20T07:00:00.000000000,154.38,201.77744
2025-07-20T08:00:00.000000000,165.72,176.34768
2025-07-20T09:00:00.000000000,171.08,215.48897
2025-07-20T10:00:00.000000000,166.84,213.33014
2025-07-20T11:00:00.000000000,148.5,192.18853
2025-07-20T12:00:00.000000000,137.96,202.32752
2025-07-20T13:00:00.000000000,127.05,208.02621
2025-07-20T14:00:00.000000000,133.54,184.75106
2025-07-20T15:00:00.000000000,158.76,221.71235
2025-07-20T16:00:00.000000000,197.08,230.4125
2025-07-20T17:00:00.000000000,236.46,228.34581
2025-07-20T18:00:00.000000000,276.89,211.28113
2025-07-20T19:00:00.000000000,291.07,212.83266
2025-07-20T20:00:00.000000000,266.99,222.08759
2025-07-20T21:00:00.000000000,237.35,230.78295
2025-07-20T22:00:00.000000000,227.38,210.72473
2025-07-20T23:00:00.000000000,213.77,208.13517
2025-07-21T00:00:00.000000000,204.9,206.36623
2025-07-21T01:00:00.000000000,213.95,228.26054
2025-07-21T02:00:00.000000000,229.07,208.89676
2025-07-21T03:00:00.000000000,244.31,254.36484
2025-07-21T04:00:00.000000000,261.42,222.96926
2025-07-21T05:00:00.000000000,266.4,217.41192
2025-07-21T06:00:00.000000000,265.27,194.2544
2025-07-21T07:00:00.000000000,262.55,209.35699
2025-07-21T08:00:00.000000000,239.25,188.13362
2025-07-21T09:00:00.000000000,214.74,225.51239
2025-07-21T10:00:00.000000000,212.34,219.86969
2025-07-21T11:00:00.000000000,207.74,201.62097
2025-07-21T12:00:00.000000000,216.5,217.16744
2025-07-21T13:00:00.000000000,223.17,228.50709
2025-07-21T14:00:00.000000000,218.7,210.76666
2025-07-21T15:00:00.000000000,240.86,233.46266
2025-07-21T16:00:00.000000000,264.11,244.78402
2025-07-21T17:00:00.000000000,266.18,245.51206
2025-07-21T18:00:00.000000000,292.42,224.39965
2025-07-21T19:00:00.000000000,305.59,233.54403
2025-07-21T20:00:00.000000000,316.33,235.15863
2025-07-21T21:00:00.000000000,307.38,248.61331
2025-07-21T22:00:00.000000000,264.11,231.51701
2025-07-21T23:00:00.000000000,261.0,228.85742
2025-07-22T00:00:00.000000000,242.3,232.66978
2025-07-22T01:00:00.000000000,235.79,254.46263
2025-07-22T02:00:00.000000000,228.91,232.81675
2025-07-22T03:00:00.000000000,223.58,276.20076
2025-07-22T04:00:00.000000000,224.64,241.00106
2025-07-22T05:00:00.000000000,244.48,235.96805
2025-07-22T06:00:00.000000000,245.33,204.27726
2025-07-22T07:00:00.000000000,239.42,228.57568
2025-07-22T08:00:00.000000000,231.81,207.87115
2025-07-22T09:00:00.000000000,229.06,247.66253
2025-07-22T10:00:00.000000000,218.44,235.1762
2025-07-22T11:00:00.000000000,208.75,218.40024
2025-07-22T12:00:00.000000000,207.52,227.96783
2025-07-22T13:00:00.000000000,214.73,236.27576
2025-07-22T14:00:00.000000000,211.98,220.57286
2025-07-22T15:00:00.000000000,223.33,236.65709
2025-07-22T16:00:00.000000000,239.29,251.39619
2025-07-22T17:00:00.000000000,251.56,253.3267
2025-07-22T18:00:00.000000000,278.01,234.14927
2025-07-22T19:00:00.000000000,300.49,244.76465
2025-07-22T20:00:00.000000000,299.64,241.7872
2025-07-22T21:00:00.000000000,285.64,261.04263
2025-07-22T22:00:00.000000000,258.46,240.30792
2025-07-22T23:00:00.000000000,234.06,241.04529
2025-07-23T00:00:00.000000000,230.3,243.2355
2025-07-23T01:00:00.000000000,234.67,265.2698
2025-07-23T02:00:00.000000000,224.27,240.2568
2025-07-23T03:00:00.000000000,221.16,286.27553
2025-07-23T04:00:00.000000000,241.08,247.77131
2025-07-23T05:00:00.000000000,234.01,238.29542
2025-07-23T06:00:00.000000000,240.69,209.11569
2025-07-23T07:00:00.000000000,233.8,239.01448
2025-07-23T08:00:00.000000000,232.42,214.18939
2025-07-23T09:00:00.000000000,212.12,257.28208
2025-07-23T10:00:00.000000000,201.76,243.18133
2025-07-23T11:00:00.000000000,206.5,224.10221
2025-07-23T12:00:00.000000000,204.83,225.99855
2025-07-23T13:00:00.000000000,210.56,233.62669
2025-07-23T14:00:00.000000000,221.02,214.89323
2025-07-23T15:00:00.000000000,227.79,235.69896
2025-07-23T16:00:00.000000000,252.17,248.70964
2025-07-23T17:00:00.000000000,276.25,248.63945
2025-07-23T18:00:00.000000000,287.51,231.39849
2025-07-23T19:00:00.000000000,298.83,238.13054
2025-07-23T20:00:00.000000000,292.38,242.22482
2025-07-23T21:00:00.000000000,284.28,253.7709
2025-07-23T22:00:00.000000000,263.02,236.23615
2025-07-23T23:00:00.000000000,241.99,235.17125
2025-07-24T00:00:00.000000000,223.44,236.97811
2025-07-24T01:00:00.000000000,210.54,257.68158
2025-07-24T02:00:00.000000000,211.98,236.56907
2025-07-24T03:00:00.000000000,199.78,279.98523
2025-07-24T04:00:00.000000000,194.7,243.07614
2025-07-24T05:00:00.000000000,191.26,237.68135
2025-07-24T06:00:00.000000000,192.63,209.82739
2025-07-24T07:00:00.000000000,183.79,235.61664
2025-07-24T08:00:00.000000000,175.36,214.47218
2025-07-24T09:00:00.000000000,169.29,250.92832
2025-07-24T10:00:00.000000000,161.76,237.83835
2025-07-24T11:00:00.000000000,167.32,221.77961
2025-07-24T12:00:00.000000000,169.89,224.6904
2025-07-24T13:00:00.000000000,171.0,232.38278
2025-07-24T14:00:00.000000000,189.55,214.73065
2025-07-24T15:00:00.000000000,203.11,234.93804
2025-07-24T16:00:00.000000000,236.57,248.67968
2025-07-24T17:00:00.000000000,271.52,249.5318
2025-07-24T18:00:00.000000000,286.13,231.27257
2025-07-24T19:00:00.000000000,298.76,240.00294
2025-07-24T20:00:00.000000000,307.62,239.99426
2025-07-24T21:00:00.000000000,315.27,256.7866
2025-07-24T22:00:00.000000000,311.9,236.2583
2025-07-24T23:00:00.000000000,298.95,235.53362
2025-07-25T00:00:00.000000000,291.25,236.37847
2025-07-25T01:00:00.000000000,282.75,258.78296
2025-07-25T02:00:00.000000000,269.19,235.77505
2025-07-25T03:00:00.000000000,257.95,281.70881
2025-07-25T04:00:00.000000000,260.89,243.75804
2025-07-25T05:00:00.000000000,267.23,235.75949
2025-07-25T06:00:00.000000000,258.69,207.01289
2025-07-25T07:00:00.000000000,229.86,234.64662
2025-07-25T08:00:00.000000000,202.18,210.91397
2025-07-25T09:00:00.000000000,167.49,251.80145
2025-07-25T10:00:00.000000000,149.67,238.64939
2025-07-25T11:00:00.000000000,139.05,220.38004
2025-07-25T12:00:00.000000000,139.94,232.69087
2025-07-25T13:00:00.000000000,141.91,241.32094
2025-07-25T14:00:00.000000000,137.32,227.15609
2025-07-25T15:00:00.000000000,155.66,238.92921
2025-07-25T16:00:00.000000000,213.75,253.17792
2025-07-25T17:00:00.000000000,250.17,256.11336
2025-07-25T18:00:00.000000000,289.83,238.60367
2025-07-25T19:00:00.000000000,303.84,249.06867
2025-07-25T20:00:00.000000000,302.52,245.28921
2025-07-25T21:00:00.000000000,295.62,263.25368
2025-07-25T22:00:00.000000000,279.34,244.97306
2025-07-25T23:00:00.000000000,251.2,246.65462
2025-07-26T00:00:00.000000000,238.4,249.70895
2025-07-26T01:00:00.000000000,221.77,270.35346
2025-07-26T02:00:00.000000000,217.92,245.97283
2025-07-26T03:00:00.000000000,220.44,290.22197
2025-07-26T04:00:00.000000000,229.76,251.98738
2025-07-26T05:00:00.000000000,220.47,242.84118
2025-07-26T06:00:00.000000000,199.99,212.21455
2025-07-26T07:00:00.000000000,201.57,244.52065
2025-07-26T08:00:00.000000000,198.1,220.82773
2025-07-26T09:00:00.000000000,177.07,262.27705
2025-07-26T10:00:00.000000000,169.86,246.78069
2025-07-26T11:00:00.000000000,154.83,227.67805
2025-07-20T12:00:00.000000000,137.96,200.056
2025-07-20T13:00:00.000000000,127.05,206.53667
2025-07-20T14:00:00.000000000,133.54,182.10457
2025-07-20T15:00:00.000000000,158.76,220.87486
2025-07-20T16:00:00.000000000,197.08,230.22344
2025-07-20T17:00:00.000000000,236.46,228.13658
2025-07-20T18:00:00.000000000,276.89,209.64068
2025-07-20T19:00:00.000000000,291.07,212.16465
2025-07-20T20:00:00.000000000,266.99,220.08451
2025-07-20T21:00:00.000000000,237.35,231.2149
2025-07-20T22:00:00.000000000,227.38,209.40677
2025-07-20T23:00:00.000000000,213.77,206.6714
2025-07-21T00:00:00.000000000,204.9,204.35483
2025-07-21T01:00:00.000000000,213.95,227.61841
2025-07-21T02:00:00.000000000,229.07,206.88537
2025-07-21T03:00:00.000000000,244.31,253.67808
2025-07-21T04:00:00.000000000,261.42,222.6772
2025-07-21T05:00:00.000000000,266.4,215.14021
2025-07-21T06:00:00.000000000,265.27,191.90875
2025-07-21T07:00:00.000000000,262.55,206.99025
2025-07-21T08:00:00.000000000,239.25,184.88874
2025-07-21T09:00:00.000000000,214.74,224.93491
2025-07-21T10:00:00.000000000,212.34,219.13265
2025-07-21T11:00:00.000000000,207.74,200.41819
2025-07-21T12:00:00.000000000,216.5,217.39458
2025-07-21T13:00:00.000000000,223.17,228.71881
2025-07-21T14:00:00.000000000,218.7,211.03155
2025-07-21T15:00:00.000000000,240.86,233.5764
2025-07-21T16:00:00.000000000,264.11,244.91946
2025-07-21T17:00:00.000000000,266.18,245.68517
2025-07-21T18:00:00.000000000,292.42,224.60787
2025-07-21T19:00:00.000000000,305.59,233.77881
2025-07-21T20:00:00.000000000,316.33,235.32734
2025-07-21T21:00:00.000000000,307.38,248.82148
2025-07-21T22:00:00.000000000,264.11,231.74125
2025-07-21T23:00:00.000000000,261.0,229.11256
2025-07-22T00:00:00.000000000,242.3,232.93117
2025-07-22T01:00:00.000000000,235.79,254.70295
2025-07-22T02:00:00.000000000,228.91,233.04691
2025-07-22T03:00:00.000000000,223.58,276.42532
2025-07-22T04:00:00.000000000,224.64,241.18307
2025-07-22T05:00:00.000000000,244.48,236.12401
2025-07-22T06:00:00.000000000,245.33,204.40028
2025-07-22T07:00:00.000000000,239.42,228.81453
2025-07-22T08:00:00.000000000,231.81,208.08445
2025-07-22T09:00:00.000000000,229.06,247.88859
2025-07-22T10:00:00.000000000,218.44,235.3506
2025-07-22T11:00:00.000000000,208.75,218.55326
2025-07-22T12:00:00.000000000,207.52,227.94793
2025-07-22T13:00:00.000000000,214.73,236.2561
2025-07-22T14:00:00.000000000,211.98,220.54665
2025-07-22T15:00:00.000000000,223.33,236.64891
2025-07-22T16:00:00.000000000,239.29,251.38566
2025-07-22T17:00:00.000000000,251.56,253.3112
2025-07-22T18:00:00.000000000,278.01,234.13041
2025-07-22T19:00:00.000000000,300.49,244.74312
2025-07-22T20:00:00.000000000,299.64,241.77504
2025-07-22T21:00:00.000000000,285.64,261.02466
2025-07-22T22:00:00.000000000,258.46,240.28756
2025-07-22T23:00:00.000000000,234.06,241.02007
2025-07-23T00:00:00.000000000,230.3,243.20819
2025-07-23T01:00:00.000000000,234.67,265.24584
2025-07-23T02:00:00.000000000,224.27,240.23516
2025-07-23T03:00:00.000000000,221.16,286.25606
2025-07-23T04:00:00.000000000,241.08,247.75305
2025-07-23T05:00:00.000000000,234.01,238.28187
2025-07-23T06:00:00.000000000,240.69,209.10558
2025-07-23T07:00:00.000000000,233.8,238.99167
2025-07-23T08:00:00.000000000,232.42,214.16923
2025-07-23T09:00:00.000000000,212.12,257.25934
2025-07-23T10:00:00.000000000,201.76,243.1643
2025-07-23T11:00:00.000000000,206.5,224.08825
2025-07-23T12:00:00.000000000,204.83,226.00065
2025-07-23T13:00:00.000000000,210.56,233.62888
2025-07-23T14:00:00.000000000,221.02,214.89607
2025-07-23T15:00:00.000000000,227.79,235.70001
2025-07-23T16:00:00.000000000,252.17,248.71097
2025-07-23T17:00:00.000000000,276.25,248.64116
2025-07-23T18:00:00.000000000,287.51,231.40039
2025-07-23T19:00:00.000000000,298.83,238.1329
2025-07-23T20:00:00.000000000,292.38,242.22633
2025-07-23T21:00:00.000000000,284.28,253.77284
2025-07-23T22:00:00.000000000,263.02,236.23848
2025-07-23T23:00:00.000000000,241.99,235.17381
2025-07-24T00:00:00.000000000,223.44,236.98092
2025-07-24T01:00:00.000000000,210.54,257.6842
2025-07-24T02:00:00.000000000,211.98,236.57149
2025-07-24T03:00:00.000000000,199.78,279.98749
2025-07-24T04:00:00.000000000,194.7,243.07808
2025-07-24T05:00:00.000000000,191.26,237.68304
2025-07-24T06:00:00.000000000,192.63,209.82855
2025-07-24T07:00:00.000000000,183.79,235.61905
2025-07-24T08:00:00.000000000,175.36,214.47442
2025-07-24T09:00:00.000000000,169.29,250.93068
2025-07-24T10:00:00.000000000,161.76,237.84016
2025-07-24T11:00:00.000000000,167.32,221.78125
2025-07-24T12:00:00.000000000,169.89,224.69019
2025-07-24T13:00:00.000000000,171.0,232.38254
2025-07-24T14:00:00.000000000,189.55,214.73035
2025-07-24T15:00:00.000000000,203.11,234.93791
2025-07-24T16:00:00.000000000,236.57,248.67957
2025-07-24T17:00:00.000000000,271.52,249.53164
2025-07-24T18:00:00.000000000,286.13,231.27238
2025-07-24T19:00:00.000000000,298.76,240.00271
2025-07-24T20:00:00.000000000,307.62,239.99411
2025-07-24T21:00:00.000000000,315.27,256.78641
2025-07-24T22:00:00.000000000,311.9,236.25805
2025-07-24T23:00:00.000000000,298.95,235.53333
2025-07-25T00:00:00.000000000,291.25,236.37815
2025-07-25T01:00:00.000000000,282.75,258.78266
2025-07-25T02:00:00.000000000,269.19,235.77478
2025-07-25T03:00:00.000000000,257.95,281.70857
2025-07-25T04:00:00.000000000,260.89,243.7578
2025-07-25T05:00:00.000000000,267.23,235.75931
2025-07-25T06:00:00.000000000,258.69,207.01276
2025-07-25T07:00:00.000000000,229.86,234.64637
2025-07-25T08:00:00.000000000,202.18,210.91376
2025-07-25T09:00:00.000000000,167.49,251.8012
2025-07-25T10:00:00.000000000,149.67,238.64918
2025-07-25T11:00:00.000000000,139.05,220.37986
2025-07-25T12:00:00.000000000,139.94,232.69089
2025-07-25T13:00:00.000000000,141.91,241.32096
2025-07-25T14:00:00.000000000,137.32,227.15611
2025-07-25T15:00:00.000000000,155.66,238.92921
2025-07-25T16:00:00.000000000,213.75,253.17792
2025-07-25T17:00:00.000000000,250.17,256.11334
2025-07-25T18:00:00.000000000,289.83,238.60369
2025-07-25T19:00:00.000000000,303.84,249.06867
2025-07-25T20:00:00.000000000,302.52,245.28923
2025-07-25T21:00:00.000000000,295.62,263.2537
2025-07-25T22:00:00.000000000,279.34,244.97309
2025-07-25T23:00:00.000000000,251.2,246.65467
2025-07-26T00:00:00.000000000,238.4,249.70897
2025-07-26T01:00:00.000000000,221.77,270.35346
2025-07-26T02:00:00.000000000,217.92,245.97286
2025-07-26T03:00:00.000000000,220.44,290.22197
2025-07-26T04:00:00.000000000,229.76,251.9874
2025-07-26T05:00:00.000000000,220.47,242.84118
2025-07-26T06:00:00.000000000,199.99,212.21457
2025-07-26T07:00:00.000000000,201.57,244.52065
2025-07-26T08:00:00.000000000,198.1,220.82775
2025-07-26T09:00:00.000000000,177.07,262.27709
2025-07-26T10:00:00.000000000,169.86,246.78069
2025-07-26T11:00:00.000000000,154.83,227.67806
2025-07-26T12:00:00.000000000,144.36,224.00241
2025-07-26T13:00:00.000000000,136.98,232.63457
2025-07-26T14:00:00.000000000,134.82,213.33556
2025-07-26T15:00:00.000000000,132.74,233.70377
2025-07-26T16:00:00.000000000,166.17,251.58324
2025-07-26T17:00:00.000000000,218.36,254.30426
2025-07-26T18:00:00.000000000,261.84,231.49085
2025-07-26T19:00:00.000000000,274.27,244.03887
2025-07-26T20:00:00.000000000,267.56,236.63679
2025-07-26T21:00:00.000000000,250.24,265.16146
2025-07-26T22:00:00.000000000,245.01,237.72501
2025-07-26T23:00:00.000000000,248.96,237.76951
2025-07-27T00:00:00.000000000,233.72,237.14653
2025-07-27T01:00:00.000000000,229.28,262.73437
2025-07-27T02:00:00.000000000,216.79,235.05108
2025-07-27T03:00:00.000000000,202.42,284.76551
2025-07-27T04:00:00.000000000,179.79,246.3276
2025-07-27T05:00:00.000000000,167.67,231.25433
2025-07-27T06:00:00.000000000,156.83,203.01882
2025-07-27T07:00:00.000000000,155.68,233.81877
2025-07-27T08:00:00.000000000,165.13,204.00484
2025-07-27T09:00:00.000000000,162.08,255.364
2025-07-27T10:00:00.000000000,154.34,240.0387
2025-07-27T11:00:00.000000000,141.37,219.41701
2025-07-21T12:00:00.000000000,216.5,216.67525
2025-07-21T13:00:00.000000000,223.17,227.97031
2025-07-21T14:00:00.000000000,218.7,209.67583
2025-07-21T15:00:00.000000000,240.86,233.09659
2025-07-21T16:00:00.000000000,264.11,245.13801
2025-07-21T17:00:00.000000000,266.18,246.27838
2025-07-21T18:00:00.000000000,292.42,224.26903
2025-07-21T19:00:00.000000000,305.59,234.16323
2025-07-21T20:00:00.000000000,316.33,234.14794
2025-07-21T21:00:00.000000000,307.38,250.41164
2025-07-21T22:00:00.000000000,264.11,231.23071
2025-07-21T23:00:00.000000000,261.0,228.64272
2025-07-22T00:00:00.000000000,242.3,231.82891
2025-07-22T01:00:00.000000000,235.79,254.30361
2025-07-22T02:00:00.000000000,228.91,231.79882
2025-07-22T03:00:00.000000000,223.58,276.4833
2025-07-22T04:00:00.000000000,224.64,241.23491
2025-07-22T05:00:00.000000000,244.48,234.21536
2025-07-22T06:00:00.000000000,245.33,202.76127
2025-07-22T07:00:00.000000000,239.42,227.72427
2025-07-22T08:00:00.000000000,231.81,205.22316
2025-07-22T09:00:00.000000000,229.06,247.76128
2025-07-22T10:00:00.000000000,218.44,235.32995
2025-07-22T11:00:00.000000000,208.75,217.68566
2025-07-22T12:00:00.000000000,207.52,228.05053
2025-07-22T13:00:00.000000000,214.73,236.35903
2025-07-22T14:00:00.000000000,211.98,220.68235
2025-07-22T15:00:00.000000000,223.33,236.69356
2025-07-22T16:00:00.000000000,239.29,251.43707
2025-07-22T17:00:00.000000000,251.56,253.3848
2025-07-22T18:00:00.000000000,278.01,234.22565
2025-07-22T19:00:00.000000000,300.49,244.84658
2025-07-22T20:00:00.000000000,299.64,241.8435
2025-07-22T21:00:00.000000000,285.64,261.1033
2025-07-22T22:00:00.000000000,258.46,240.39022
2025-07-22T23:00:00.000000000,234.06,241.14572
2025-07-23T00:00:00.000000000,230.3,243.34772
2025-07-23T01:00:00.000000000,234.67,265.3634
2025-07-23T02:00:00.000000000,224.27,240.34764
2025-07-23T03:00:00.000000000,221.16,286.35073
2025-07-23T04:00:00.000000000,241.08,247.84411
2025-07-23T05:00:00.000000000,234.01,238.35958
2025-07-23T06:00:00.000000000,240.69,209.16471
2025-07-23T07:00:00.000000000,233.8,239.10937
2025-07-23T08:00:00.000000000,232.42,214.28338
2025-07-23T09:00:00.000000000,212.12,257.37207
2025-07-23T10:00:00.000000000,201.76,243.24995
2025-07-23T11:00:00.000000000,206.5,224.16358
2025-07-23T12:00:00.000000000,204.83,225.98984
2025-07-23T13:00:00.000000000,210.56,233.61755
2025-07-23T14:00:00.000000000,221.02,214.88146
2025-07-23T15:00:00.000000000,227.79,235.69452
2025-07-23T16:00:00.000000000,252.17,248.70412
2025-07-23T17:00:00.000000000,276.25,248.63223
2025-07-23T18:00:00.000000000,287.51,231.39049
2025-07-23T19:00:00.000000000,298.83,238.12085
2025-07-23T20:00:00.000000000,292.38,242.21847
2025-07-23T21:00:00.000000000,284.28,253.76281
2025-07-23T22:00:00.000000000,263.02,236.2265
2025-07-23T23:00:00.000000000,241.99,235.16063
2025-07-24T00:00:00.000000000,223.44,236.96632
2025-07-24T01:00:00.000000000,210.54,257.67086
2025-07-24T02:00:00.000000000,211.98,236.55897
2025-07-24T03:00:00.000000000,199.78,279.97594
2025-07-24T04:00:00.000000000,194.7,243.06797
2025-07-24T05:00:00.000000000,191.26,237.67427
2025-07-24T06:00:00.000000000,192.63,209.82252
2025-07-24T07:00:00.000000000,183.79,235.6067
2025-07-24T08:00:00.000000000,175.36,214.46281
2025-07-24T09:00:00.000000000,169.29,250.91835
2025-07-24T10:00:00.000000000,161.76,237.83094
2025-07-24T11:00:00.000000000,167.32,221.77276
2025-07-24T12:00:00.000000000,169.89,224.69134
2025-07-24T13:00:00.000000000,171.0,232.38374
2025-07-24T14:00:00.000000000,189.55,214.73189
2025-07-24T15:00:00.000000000,203.11,234.93844
2025-07-24T16:00:00.000000000,236.57,248.68023
2025-07-24T17:00:00.000000000,271.52,249.53256
2025-07-24T18:00:00.000000000,286.13,231.2734
2025-07-24T19:00:00.000000000,298.76,240.00399
2025-07-24T20:00:00.000000000,307.62,239.99489
2025-07-24T21:00:00.000000000,315.27,256.78744
2025-07-24T22:00:00.000000000,311.9,236.2593
2025-07-24T23:00:00.000000000,298.95,235.53478
2025-07-25T00:00:00.000000000,291.25,236.37977
2025-07-25T01:00:00.000000000,282.75,258.78414
2025-07-25T02:00:00.000000000,269.19,235.77609
2025-07-25T03:00:00.000000000,257.95,281.70975
2025-07-25T04:00:00.000000000,260.89,243.75888
2025-07-25T05:00:00.000000000,267.23,235.7602
2025-07-25T06:00:00.000000000,258.69,207.0134
2025-07-25T07:00:00.000000000,229.86,234.6477
2025-07-25T08:00:00.000000000,202.18,210.91495
2025-07-25T09:00:00.000000000,167.49,251.80252
2025-07-25T10:00:00.000000000,149.67,238.65019
2025-07-25T11:00:00.000000000,139.05,220.38077
2025-07-25T12:00:00.000000000,139.94,232.69079
2025-07-25T13:00:00.000000000,141.91,241.32088
2025-07-25T14:00:00.000000000,137.32,227.15595
2025-07-25T15:00:00.000000000,155.66,238.92917
2025-07-25T16:00:00.000000000,213.75,253.1779
2025-07-25T17:00:00.000000000,250.17,256.1133
2025-07-25T18:00:00.000000000,289.83,238.6036
2025-07-25T19:00:00.000000000,303.84,249.06858
2025-07-25T20:00:00.000000000,302.52,245.28915
2025-07-25T21:00:00.000000000,295.62,263.2536
2025-07-25T22:00:00.000000000,279.34,244.97296
2025-07-25T23:00:00.000000000,251.2,246.65454
2025-07-26T00:00:00.000000000,238.4,249.7088
2025-07-26T01:00:00.000000000,221.77,270.35333
2025-07-26T02:00:00.000000000,217.92,245.97273
2025-07-26T03:00:00.000000000,220.44,290.22189
2025-07-26T04:00:00.000000000,229.76,251.98732
2025-07-26T05:00:00.000000000,220.47,242.84112
2025-07-26T06:00:00.000000000,199.99,212.21452
2025-07-26T07:00:00.000000000,201.57,244.52055
2025-07-26T08:00:00.000000000,198.1,220.82764
2025-07-26T09:00:00.000000000,177.07,262.27696
2025-07-26T10:00:00.000000000,169.86,246.78061
2025-07-26T11:00:00.000000000,154.83,227.67799
2025-07-26T12:00:00.000000000,144.36,224.00243
2025-07-26T13:00:00.000000000,136.98,232.63464
2025-07-26T14:00:00.000000000,134.82,213.3356
2025-07-26T15:00:00.000000000,132.74,233.70379
2025-07-26T16:00:00.000000000,166.17,251.58326
2025-07-26T17:00:00.000000000,218.36,254.30429
2025-07-26T18:00:00.000000000,261.84,231.49087
2025-07-26T19:00:00.000000000,274.27,244.03889
2025-07-26T20:00:00.000000000,267.56,236.63681
2025-07-26T21:00:00.000000000,250.24,265.16146
2025-07-26T22:00:00.000000000,245.01,237.72503
2025-07-26T23:00:00.000000000,248.96,237.76954
2025-07-27T00:00:00.000000000,233.72,237.14658
2025-07-27T01:00:00.000000000,229.28,262.73441
2025-07-27T02:00:00.000000000,216.79,235.0511
2025-07-27T03:00:00.000000000,202.42,284.76555
2025-07-27T04:00:00.000000000,179.79,246.32765
2025-07-27T05:00:00.000000000,167.67,231.25435
2025-07-27T06:00:00.000000000,156.83,203.01884
2025-07-27T07:00:00.000000000,155.68,233.8188
2025-07-27T08:00:00.000000000,165.13,204.00489
2025-07-27T09:00:00.000000000,162.08,255.364
2025-07-27T10:00:00.000000000,154.34,240.03872
2025-07-27T11:00:00.000000000,141.37,219.41704
2025-07-27T12:00:00.000000000,149.63,219.69196
2025-07-27T13:00:00.000000000,134.33,229.84856
2025-07-27T14:00:00.000000000,144.76,209.89243
2025-07-27T15:00:00.000000000,171.85,234.05961
2025-07-27T16:00:00.000000000,222.08,245.81293
2025-07-27T17:00:00.000000000,251.91,245.73534
2025-07-27T18:00:00.000000000,261.28,226.41444
2025-07-27T19:00:00.000000000,276.14,233.55352
2025-07-27T20:00:00.000000000,281.34,237.61186
2025-07-27T21:00:00.000000000,259.43,249.45403
2025-07-27T22:00:00.000000000,218.76,232.10734
2025-07-27T23:00:00.000000000,197.24,230.27887
2025-07-28T00:00:00.000000000,177.67,232.04427
2025-07-28T01:00:00.000000000,167.44,254.5887
2025-07-28T02:00:00.000000000,169.29,233.08477
2025-07-28T03:00:00.000000000,169.31,276.46668
2025-07-28T04:00:00.000000000,168.62,240.65967
2025-07-28T05:00:00.000000000,194.54,235.76152
2025-07-28T06:00:00.000000000,193.2,206.82122
2025-07-28T07:00:00.000000000,192.16,229.53514
2025-07-28T08:00:00.000000000,179.92,209.833
2025-07-28T09:00:00.000000000,161.82,247.73992
2025-07-28T10:00:00.000000000,153.28,234.34441
2025-07-28T11:00:00.000000000,157.08,218.68816
2025-07-22T12:00:00.000000000,207.52,226.73466
2025-07-22T13:00:00.000000000,214.73,235.19194
2025-07-22T14:00:00.000000000,211.98,218.57989
2025-07-22T15:00:00.000000000,223.33,236.13784
2025-07-22T16:00:00.000000000,239.29,250.73442
2025-07-22T17:00:00.000000000,251.56,252.30742
2025-07-22T18:00:00.000000000,278.01,232.91578
2025-07-22T19:00:00.000000000,300.49,243.19222
2025-07-22T20:00:00.000000000,299.64,241.13792
2025-07-22T21:00:00.000000000,285.64,259.69126
2025-07-22T22:00:00.000000000,258.46,239.00974
2025-07-22T23:00:00.000000000,234.06,239.27372
2025-07-23T00:00:00.000000000,230.3,241.22408
2025-07-23T01:00:00.000000000,234.67,263.45282
2025-07-23T02:00:00.000000000,224.27,238.80365
2025-07-23T03:00:00.000000000,221.16,284.78783
2025-07-23T04:00:00.000000000,241.08,246.58551
2025-07-23T05:00:00.000000000,234.01,237.46382
2025-07-23T06:00:00.000000000,240.69,208.49839
2025-07-23T07:00:00.000000000,233.8,237.44721
2025-07-23T08:00:00.000000000,232.42,212.93161
2025-07-23T09:00:00.000000000,212.12,255.73329
2025-07-23T10:00:00.000000000,201.76,241.84
2025-07-23T11:00:00.000000000,206.5,223.18747
2025-07-23T12:00:00.000000000,204.83,226.14268
2025-07-23T13:00:00.000000000,210.56,233.77627
2025-07-23T14:00:00.000000000,221.02,215.08644
2025-07-23T15:00:00.000000000,227.79,235.77104
2025-07-23T16:00:00.000000000,252.17,248.80003
2025-07-23T17:00:00.000000000,276.25,248.7584
2025-07-23T18:00:00.000000000,287.51,231.53183
2025-07-23T19:00:00.000000000,298.83,238.29176
2025-07-23T20:00:00.000000000,292.38,242.32874
2025-07-23T21:00:00.000000000,284.28,253.90603
2025-07-23T22:00:00.000000000,263.02,236.39534
2025-07-23T23:00:00.000000000,241.99,235.34639
2025-07-24T00:00:00.000000000,223.44,237.17028
2025-07-24T01:00:00.000000000,210.54,257.85685
2025-07-24T02:00:00.000000000,211.98,236.73428
2025-07-24T03:00:00.000000000,199.78,280.13842
2025-07-24T04:00:00.000000000,194.7,243.21034
2025-07-24T05:00:00.000000000,191.26,237.7964
2025-07-24T06:00:00.000000000,192.63,209.90559
2025-07-24T07:00:00.000000000,183.79,235.78086
2025-07-24T08:00:00.000000000,175.36,214.62423
2025-07-24T09:00:00.000000000,169.29,251.0918
2025-07-24T10:00:00.000000000,161.76,237.96071
2025-07-24T11:00:00.000000000,167.32,221.89058
2025-07-24T12:00:00.000000000,169.89,224.67498
2025-07-24T13:00:00.000000000,171.0,232.36687
2025-07-24T14:00:00.000000000,189.55,214.71026
2025-07-24T15:00:00.000000000,203.11,234.93101
2025-07-24T16:00:00.000000000,236.57,248.67058
2025-07-24T17:00:00.000000000,271.52,249.51937
2025-07-24T18:00:00.000000000,286.13,231.2589
2025-07-24T19:00:00.000000000,298.76,239.98612
2025-07-24T20:00:00.000000000,307.62,239.98389
2025-07-24T21:00:00.000000000,315.27,256.77303
2025-07-24T22:00:00.000000000,311.9,236.24177
2025-07-24T23:00:00.000000000,298.95,235.51434
2025-07-25T00:00:00.000000000,291.25,236.35725
2025-07-25T01:00:00.000000000,282.75,258.76399
2025-07-25T02:00:00.000000000,269.19,235.7579
2025-07-25T03:00:00.000000000,257.95,281.6933
2025-07-25T04:00:00.000000000,260.89,243.74386
2025-07-25T05:00:00.000000000,267.23,235.74749
2025-07-25T06:00:00.000000000,258.69,207.00434
2025-07-25T07:00:00.000000000,229.86,234.62896
2025-07-25T08:00:00.000000000,202.18,210.89811
2025-07-25T09:00:00.000000000,167.49,251.78352
2025-07-25T10:00:00.000000000,149.67,238.63591
2025-07-25T11:00:00.000000000,139.05,220.36806
2025-07-25T12:00:00.000000000,139.94,232.6922
2025-07-25T13:00:00.000000000,141.91,241.32218
2025-07-25T14:00:00.000000000,137.32,227.15787
2025-07-25T15:00:00.000000000,155.66,238.92967
2025-07-25T16:00:00.000000000,213.75,253.17851
2025-07-25T17:00:00.000000000,250.17,256.11431
2025-07-25T18:00:00.000000000,289.83,238.60499
2025-07-25T19:00:00.000000000,303.84,249.07014
2025-07-25T20:00:00.000000000,302.52,245.28993
2025-07-25T21:00:00.000000000,295.62,263.2548
2025-07-25T22:00:00.000000000,279.34,244.97435
2025-07-25T23:00:00.000000000,251.2,246.65635
2025-07-26T00:00:00.000000000,238.4,249.71082
2025-07-26T01:00:00.000000000,221.77,270.35506
2025-07-26T02:00:00.000000000,217.92,245.97427
2025-07-26T03:00:00.000000000,220.44,290.2232
2025-07-26T04:00:00.000000000,229.76,251.98862
2025-07-26T05:00:00.000000000,220.47,242.84198
2025-07-26T06:00:00.000000000,199.99,212.21516
2025-07-26T07:00:00.000000000,201.57,244.52217
2025-07-26T08:00:00.000000000,198.1,220.82914
2025-07-26T09:00:00.000000000,177.07,262.27857
2025-07-26T10:00:00.000000000,169.86,246.78185
2025-07-26T11:00:00.000000000,154.83,227.67893
2025-07-26T12:00:00.000000000,144.36,224.00225
2025-07-26T13:00:00.000000000,136.98,232.63447
2025-07-26T14:00:00.000000000,134.82,213.33537
2025-07-26T15:00:00.000000000,132.74,233.70373
2025-07-26T16:00:00.000000000,166.17,251.58318
2025-07-26T17:00:00.000000000,218.36,254.30416
2025-07-26T18:00:00.000000000,261.84,231.49072
2025-07-26T19:00:00.000000000,274.27,244.03872
2025-07-26T20:00:00.000000000,267.56,236.63668
2025-07-26T21:00:00.000000000,250.24,265.16133
2025-07-26T22:00:00.000000000,245.01,237.72487
2025-07-26T23:00:00.000000000,248.96,237.76935
2025-07-27T00:00:00.000000000,233.72,237.14632
2025-07-27T01:00:00.000000000,229.28,262.7342
2025-07-27T02:00:00.000000000,216.79,235.05091
2025-07-27T03:00:00.000000000,202.42,284.76541
2025-07-27T04:00:00.000000000,179.79,246.32752
2025-07-27T05:00:00.000000000,167.67,231.25422
2025-07-27T06:00:00.000000000,156.83,203.01874
2025-07-27T07:00:00.000000000,155.68,233.81857
2025-07-27T08:00:00.000000000,165.13,204.00468
2025-07-27T09:00:00.000000000,162.08,255.36383
2025-07-27T10:00:00.000000000,154.34,240.03859
2025-07-27T11:00:00.000000000,141.37,219.41691
2025-07-27T12:00:00.000000000,149.63,219.692
2025-07-27T13:00:00.000000000,134.33,229.84859
2025-07-27T14:00:00.000000000,144.76,209.89247
2025-07-27T15:00:00.000000000,171.85,234.05964
2025-07-27T16:00:00.000000000,222.08,245.81295
2025-07-27T17:00:00.000000000,251.91,245.73539
2025-07-27T18:00:00.000000000,261.28,226.41448
2025-07-27T19:00:00.000000000,276.14,233.55353
2025-07-27T20:00:00.000000000,281.34,237.61188
2025-07-27T21:00:00.000000000,259.43,249.45407
2025-07-27T22:00:00.000000000,218.76,232.10737
2025-07-27T23:00:00.000000000,197.24,230.27891
2025-07-28T00:00:00.000000000,177.67,232.04429
2025-07-28T01:00:00.000000000,167.44,254.58872
2025-07-28T02:00:00.000000000,169.29,233.08479
2025-07-28T03:00:00.000000000,169.31,276.4667
2025-07-28T04:00:00.000000000,168.62,240.6597
2025-07-28T05:00:00.000000000,194.54,235.76155
2025-07-28T06:00:00.000000000,193.2,206.82123
2025-07-28T07:00:00.000000000,192.16,229.53516
2025-07-28T08:00:00.000000000,179.92,209.83304
2025-07-28T09:00:00.000000000,161.82,247.73996
2025-07-28T10:00:00.000000000,153.28,234.34445
2025-07-28T11:00:00.000000000,157.08,218.68818
2025-07-28T12:00:00.000000000,156.75,235.92237
2025-07-28T13:00:00.000000000,159.98,246.9316
2025-07-28T14:00:00.000000000,172.84,235.61402
2025-07-28T15:00:00.000000000,192.12,241.69811
2025-07-28T16:00:00.000000000,217.0,254.06081
2025-07-28T17:00:00.000000000,256.66,259.51799
2025-07-28T18:00:00.000000000,291.68,241.43131
2025-07-28T19:00:00.000000000,315.48,253.90628
2025-07-28T20:00:00.000000000,320.54,247.17688
2025-07-28T21:00:00.000000000,317.57,264.39446
2025-07-28T22:00:00.000000000,287.63,248.93786
2025-07-28T23:00:00.000000000,266.86,252.92084
2025-07-29T00:00:00.000000000,266.28,259.14403
2025-07-29T01:00:00.000000000,267.06,277.63048
2025-07-29T02:00:00.000000000,265.35,252.89157
2025-07-29T03:00:00.000000000,272.22,294.13561
2025-07-29T04:00:00.000000000,290.53,257.59755
2025-07-29T05:00:00.000000000,294.45,247.84546
2025-07-29T06:00:00.000000000,307.44,213.98387
2025-07-29T07:00:00.000000000,307.42,250.11302
2025-07-29T08:00:00.000000000,296.3,227.57938
2025-07-29T09:00:00.000000000,278.74,269.54602
2025-07-29T10:00:00.000000000,270.23,252.05308
2025-07-29T11:00:00.000000000,262.51,232.64124
2025-07-23T12:00:00.000000000,204.83,226.05262
2025-07-23T13:00:00.000000000,210.56,233.73318
2025-07-23T14:00:00.000000000,221.02,214.90271
2025-07-23T15:00:00.000000000,227.79,235.69855
2025-07-23T16:00:00.000000000,252.17,248.84414
2025-07-23T17:00:00.000000000,276.25,248.89871
2025-07-23T18:00:00.000000000,287.51,231.49426
2025-07-23T19:00:00.000000000,298.83,238.39852
2025-07-23T20:00:00.000000000,292.38,242.16399
2025-07-23T21:00:00.000000000,284.28,254.20445
2025-07-23T22:00:00.000000000,263.02,236.44152
2025-07-23T23:00:00.000000000,241.99,235.33539
2025-07-24T00:00:00.000000000,223.44,237.03646
2025-07-24T01:00:00.000000000,210.54,257.93123
2025-07-24T02:00:00.000000000,211.98,236.72318
2025-07-24T03:00:00.000000000,199.78,280.21727
2025-07-24T04:00:00.000000000,194.7,243.24551
2025-07-24T05:00:00.000000000,191.26,237.60274
2025-07-24T06:00:00.000000000,192.63,209.65184
2025-07-24T07:00:00.000000000,183.79,235.66895
2025-07-24T08:00:00.000000000,175.36,214.38691
2025-07-24T09:00:00.000000000,169.29,251.11705
2025-07-24T10:00:00.000000000,161.76,237.78403
2025-07-24T11:00:00.000000000,167.32,221.72361
2025-07-24T12:00:00.000000000,169.89,224.6835
2025-07-24T13:00:00.000000000,171.0,232.37511
2025-07-24T14:00:00.000000000,189.55,214.72175
2025-07-24T15:00:00.000000000,203.11,234.93477
2025-07-24T16:00:00.000000000,236.57,248.67517
2025-07-24T17:00:00.000000000,271.52,249.52645
2025-07-24T18:00:00.000000000,286.13,231.26684
2025-07-24T19:00:00.000000000,298.76,239.99611
2025-07-24T20:00:00.000000000,307.62,239.98912
2025-07-24T21:00:00.000000000,315.27,256.78177
2025-07-24T22:00:00.000000000,311.9,236.25142
2025-07-24T23:00:00.000000000,298.95,235.52519
2025-07-25T00:00:00.000000000,291.25,236.36854
2025-07-25T01:00:00.000000000,282.75,258.77486
2025-07-25T02:00:00.000000000,269.19,235.76795
2025-07-25T03:00:00.000000000,257.95,281.70255
2025-07-25T04:00:00.000000000,260.89,243.75167
2025-07-25T05:00:00.000000000,267.23,235.75372
2025-07-25T06:00:00.000000000,258.69,207.00777
2025-07-25T07:00:00.000000000,229.86,234.63904
2025-07-25T08:00:00.000000000,202.18,210.90658
2025-07-25T09:00:00.000000000,167.49,251.79346
2025-07-25T10:00:00.000000000,149.67,238.6425
2025-07-25T11:00:00.000000000,139.05,220.37344
2025-07-25T12:00:00.000000000,139.94,232.69145
2025-07-25T13:00:00.000000000,141.91,241.32149
2025-07-25T14:00:00.000000000,137.32,227.15687
2025-07-25T15:00:00.000000000,155.66,238.92938
2025-07-25T16:00:00.000000000,213.75,253.17818
2025-07-25T17:00:00.000000000,250.17,256.11379
2025-07-25T18:00:00.000000000,289.83,238.60428
2025-07-25T19:00:00.000000000,303.84,249.06932
2025-07-25T20:00:00.000000000,302.52,245.28951
2025-07-25T21:00:00.000000000,295.62,263.25419
2025-07-25T22:00:00.000000000,279.34,244.97363
2025-07-25T23:00:00.000000000,251.2,246.65542
2025-07-26T00:00:00.000000000,238.4,249.70979
2025-07-26T01:00:00.000000000,221.77,270.35417
2025-07-26T02:00:00.000000000,217.92,245.97349
2025-07-26T03:00:00.000000000,220.44,290.22254
2025-07-26T04:00:00.000000000,229.76,251.98791
2025-07-26T05:00:00.000000000,220.47,242.84152
2025-07-26T06:00:00.000000000,199.99,212.2148
2025-07-26T07:00:00.000000000,201.57,244.52131
2025-07-26T08:00:00.000000000,198.1,220.82836
2025-07-26T09:00:00.000000000,177.07,262.27774
2025-07-26T10:00:00.000000000,169.86,246.78122
2025-07-26T11:00:00.000000000,154.83,227.67844
2025-07-26T12:00:00.000000000,144.36,224.00235
2025-07-26T13:00:00.000000000,136.98,232.63455
2025-07-26T14:00:00.000000000,134.82,213.33551
2025-07-26T15:00:00.000000000,132.74,233.70377
2025-07-26T16:00:00.000000000,166.17,251.58322
2025-07-26T17:00:00.000000000,218.36,254.30422
2025-07-26T18:00:00.000000000,261.84,231.4908
2025-07-26T19:00:00.000000000,274.27,244.03881
2025-07-26T20:00:00.000000000,267.56,236.63675
2025-07-26T21:00:00.000000000,250.24,265.16141
2025-07-26T22:00:00.000000000,245.01,237.72495
2025-07-26T23:00:00.000000000,248.96,237.76945
2025-07-27T00:00:00.000000000,233.72,237.14647
2025-07-27T01:00:00.000000000,229.28,262.73433
2025-07-27T02:00:00.000000000,216.79,235.05102
2025-07-27T03:00:00.000000000,202.42,284.76549
2025-07-27T04:00:00.000000000,179.79,246.3276
2025-07-27T05:00:00.000000000,167.67,231.25428
2025-07-27T06:00:00.000000000,156.83,203.01879
2025-07-27T07:00:00.000000000,155.68,233.81871
2025-07-27T08:00:00.000000000,165.13,204.00478
2025-07-27T09:00:00.000000000,162.08,255.36392
2025-07-27T10:00:00.000000000,154.34,240.03865
2025-07-27T11:00:00.000000000,141.37,219.41697
2025-07-27T12:00:00.000000000,149.63,219.69198
2025-07-27T13:00:00.000000000,134.33,229.84856
2025-07-27T14:00:00.000000000,144.76,209.89245
2025-07-27T15:00:00.000000000,171.85,234.05962
2025-07-27T16:00:00.000000000,222.08,245.81295
2025-07-27T17:00:00.000000000,251.91,245.73537
2025-07-27T18:00:00.000000000,261.28,226.41446
2025-07-27T19:00:00.000000000,276.14,233.55355
2025-07-27T20:00:00.000000000,281.34,237.61186
2025-07-27T21:00:00.000000000,259.43,249.45407
2025-07-27T22:00:00.000000000,218.76,232.10738
2025-07-27T23:00:00.000000000,197.24,230.27889
2025-07-28T00:00:00.000000000,177.67,232.04428
2025-07-28T01:00:00.000000000,167.44,254.5887
2025-07-28T02:00:00.000000000,169.29,233.08477
2025-07-28T03:00:00.000000000,169.31,276.46668
2025-07-28T04:00:00.000000000,168.62,240.65967
2025-07-28T05:00:00.000000000,194.54,235.76154
2025-07-28T06:00:00.000000000,193.2,206.8212
2025-07-28T07:00:00.000000000,192.16,229.53515
2025-07-28T08:00:00.000000000,179.92,209.83302
2025-07-28T09:00:00.000000000,161.82,247.73994
2025-07-28T10:00:00.000000000,153.28,234.34445
2025-07-28T11:00:00.000000000,157.08,218.68817
2025-07-28T12:00:00.000000000,156.75,235.92236
2025-07-28T13:00:00.000000000,159.98,246.93162
2025-07-28T14:00:00.000000000,172.84,235.61401
2025-07-28T15:00:00.000000000,192.12,241.69811
2025-07-28T16:00:00.000000000,217.0,254.06081
2025-07-28T17:00:00.000000000,256.66,259.51799
2025-07-28T18:00:00.000000000,291.68,241.43129
2025-07-28T19:00:00.000000000,315.48,253.90628
2025-07-28T20:00:00.000000000,320.54,247.17688
2025-07-28T21:00:00.000000000,317.57,264.39446
2025-07-28T22:00:00.000000000,287.63,248.93786
2025-07-28T23:00:00.000000000,266.86,252.92084
2025-07-29T00:00:00.000000000,266.28,259.144
2025-07-29T01:00:00.000000000,267.06,277.63046
2025-07-29T02:00:00.000000000,265.35,252.89157
2025-07-29T03:00:00.000000000,272.22,294.13559
2025-07-29T04:00:00.000000000,290.53,257.59755
2025-07-29T05:00:00.000000000,294.45,247.84546
2025-07-29T06:00:00.000000000,307.44,213.98387
2025-07-29T07:00:00.000000000,307.42,250.113
2025-07-29T08:00:00.000000000,296.3,227.57938
2025-07-29T09:00:00.000000000,278.74,269.54602
2025-07-29T10:00:00.000000000,270.23,252.05306
2025-07-29T11:00:00.000000000,262.51,232.64124
2025-07-29T12:00:00.000000000,254.08,239.28946
2025-07-29T13:00:00.000000000,253.17,246.3779
2025-07-29T14:00:00.000000000,252.39,237.49998
2025-07-29T15:00:00.000000000,262.53,238.56264
2025-07-29T16:00:00.000000000,294.44,256.07459
2025-07-29T17:00:00.000000000,310.73,264.816
2025-07-29T18:00:00.000000000,325.48,246.97069
2025-07-29T19:00:00.000000000,333.97,261.72335
2025-07-29T20:00:00.000000000,328.28,242.06131
2025-07-29T21:00:00.000000000,324.45,277.66911
2025-07-29T22:00:00.000000000,301.26,251.86192
2025-07-29T23:00:00.000000000,275.99,261.09325
2025-07-30T00:00:00.000000000,258.69,263.41163
2025-07-30T01:00:00.000000000,255.23,284.21605
2025-07-30T02:00:00.000000000,250.22,252.45715
2025-07-30T03:00:00.000000000,254.1,299.54717
2025-07-30T04:00:00.000000000,259.94,261.81855
2025-07-30T05:00:00.000000000,267.43,241.26753
2025-07-30T06:00:00.000000000,257.21,210.37609
2025-07-30T07:00:00.000000000,256.9,253.21655
2025-07-30T08:00:00.000000000,241.05,221.28287
2025-07-30T09:00:00.000000000,223.4,275.62846
2025-07-30T10:00:00.000000000,215.97,257.02885
2025-07-30T11:00:00.000000000,211.65,229.97036
2025-07-24T12:00:00.000000000,169.89,224.8802
2025-07-24T13:00:00.000000000,171.0,233.00481
2025-07-24T14:00:00.000000000,189.55,214.93408
2025-07-24T15:00:00.000000000,203.11,235.18616
2025-07-24T16:00:00.000000000,236.57,248.92454
2025-07-24T17:00:00.000000000,271.52,249.92206
2025-07-24T18:00:00.000000000,286.13,231.32108
2025-07-24T19:00:00.000000000,298.76,240.13172
2025-07-24T20:00:00.000000000,307.62,240.25288
2025-07-24T21:00:00.000000000,315.27,256.82807
2025-07-24T22:00:00.000000000,311.9,236.73671
2025-07-24T23:00:00.000000000,298.95,235.86007
2025-07-25T00:00:00.000000000,291.25,236.84764
2025-07-25T01:00:00.000000000,282.75,259.36023
2025-07-25T02:00:00.000000000,269.19,236.47189
2025-07-25T03:00:00.000000000,257.95,281.90831
2025-07-25T04:00:00.000000000,260.89,244.1095
2025-07-25T05:00:00.000000000,267.23,236.29818
2025-07-25T06:00:00.000000000,258.69,207.3081
2025-07-25T07:00:00.000000000,229.86,234.87557
2025-07-25T08:00:00.000000000,202.18,211.58158
2025-07-25T09:00:00.000000000,167.49,252.2381
2025-07-25T10:00:00.000000000,149.67,238.45143
2025-07-25T11:00:00.000000000,139.05,220.7034
2025-07-25T12:00:00.000000000,139.94,232.65354
2025-07-25T13:00:00.000000000,141.91,241.28011
2025-07-25T14:00:00.000000000,137.32,227.10153
2025-07-25T15:00:00.000000000,155.66,238.91168
2025-07-25T16:00:00.000000000,213.75,253.16058
2025-07-25T17:00:00.000000000,250.17,256.08783
2025-07-25T18:00:00.000000000,289.83,238.56873
2025-07-25T19:00:00.000000000,303.84,249.0315
2025-07-25T20:00:00.000000000,302.52,245.26353
2025-07-25T21:00:00.000000000,295.62,263.23177
2025-07-25T22:00:00.000000000,279.34,244.93693
2025-07-25T23:00:00.000000000,251.2,246.60633
2025-07-26T00:00:00.000000000,238.4,249.65066
2025-07-26T01:00:00.000000000,221.77,270.30685
2025-07-26T02:00:00.000000000,217.92,245.92846
2025-07-26T03:00:00.000000000,220.44,290.18906
2025-07-26T04:00:00.000000000,229.76,251.95088
2025-07-26T05:00:00.000000000,220.47,242.80917
2025-07-26T06:00:00.000000000,199.99,212.18983
2025-07-26T07:00:00.000000000,201.57,244.47592
2025-07-26T08:00:00.000000000,198.1,220.77851
2025-07-26T09:00:00.000000000,177.07,262.23259
2025-07-26T10:00:00.000000000,169.86,246.74521
2025-07-26T11:00:00.000000000,154.83,227.64537
2025-07-26T12:00:00.000000000,144.36,224.0071
2025-07-26T13:00:00.000000000,136.98,232.63912
2025-07-26T14:00:00.000000000,134.82,213.34168
2025-07-26T15:00:00.000000000,132.74,233.70552
2025-07-26T16:00:00.000000000,166.17,251.58541
2025-07-26T17:00:00.000000000,218.36,254.30743
2025-07-26T18:00:00.000000000,261.84,231.49504
2025-07-26T19:00:00.000000000,274.27,244.04344
2025-07-26T20:00:00.000000000,267.56,236.63959
2025-07-26T21:00:00.000000000,250.24,265.16491
2025-07-26T22:00:00.000000000,245.01,237.72965
2025-07-26T23:00:00.000000000,248.96,237.77537
2025-07-27T00:00:00.000000000,233.72,237.15288
2025-07-27T01:00:00.000000000,229.28,262.73972
2025-07-27T02:00:00.000000000,216.79,235.05603
2025-07-27T03:00:00.000000000,202.42,284.76964
2025-07-27T04:00:00.000000000,179.79,246.33157
2025-07-27T05:00:00.000000000,167.67,231.25778
2025-07-27T06:00:00.000000000,156.83,203.02164
2025-07-27T07:00:00.000000000,155.68,233.82408
2025-07-27T08:00:00.000000000,165.13,204.00992
2025-07-27T09:00:00.000000000,162.08,255.3691
2025-07-27T10:00:00.000000000,154.34,240.04255
2025-07-27T11:00:00.000000000,141.37,219.42029
2025-07-27T12:00:00.000000000,149.63,219.69142
2025-07-27T13:00:00.000000000,134.33,229.84797
2025-07-27T14:00:00.000000000,144.76,209.89172
2025-07-27T15:00:00.000000000,171.85,234.05934
2025-07-27T16:00:00.000000000,222.08,245.81257
2025-07-27T17:00:00.000000000,251.91,245.73492
2025-07-27T18:00:00.000000000,261.28,226.41396
2025-07-27T19:00:00.000000000,276.14,233.55294
2025-07-27T20:00:00.000000000,281.34,237.61144
2025-07-27T21:00:00.000000000,259.43,249.45357
2025-07-27T22:00:00.000000000,218.76,232.10681
2025-07-27T23:00:00.000000000,197.24,230.27826
2025-07-28T00:00:00.000000000,177.67,232.04357
2025-07-28T01:00:00.000000000,167.44,254.58807
2025-07-28T02:00:00.000000000,169.29,233.08418
2025-07-28T03:00:00.000000000,169.31,276.46609
2025-07-28T04:00:00.000000000,168.62,240.65917
2025-07-28T05:00:00.000000000,194.54,235.76107
2025-07-28T06:00:00.000000000,193.2,206.8209
2025-07-28T07:00:00.000000000,192.16,229.53453
2025-07-28T08:00:00.000000000,179.92,209.83246
2025-07-28T09:00:00.000000000,161.82,247.73935
2025-07-28T10:00:00.000000000,153.28,234.34396
2025-07-28T11:00:00.000000000,157.08,218.68774
2025-07-28T12:00:00.000000000,156.75,235.92239
2025-07-28T13:00:00.000000000,159.98,246.93166
2025-07-28T14:00:00.000000000,172.84,235.6141
2025-07-28T15:00:00.000000000,192.12,241.69813
2025-07-28T16:00:00.000000000,217.0,254.06083
2025-07-28T17:00:00.000000000,256.66,259.51801
2025-07-28T18:00:00.000000000,291.68,241.43135
2025-07-28T19:00:00.000000000,315.48,253.90632
2025-07-28T20:00:00.000000000,320.54,247.17691
2025-07-28T21:00:00.000000000,317.57,264.3945
2025-07-28T22:00:00.000000000,287.63,248.9379
2025-07-28T23:00:00.000000000,266.86,252.92092
2025-07-29T00:00:00.000000000,266.28,259.14411
2025-07-29T01:00:00.000000000,267.06,277.63052
2025-07-29T02:00:00.000000000,265.35,252.89161
2025-07-29T03:00:00.000000000,272.22,294.13563
2025-07-29T04:00:00.000000000,290.53,257.59759
2025-07-29T05:00:00.000000000,294.45,247.8455
2025-07-29T06:00:00.000000000,307.44,213.98389
2025-07-29T07:00:00.000000000,307.42,250.11306
2025-07-29T08:00:00.000000000,296.3,227.57944
2025-07-29T09:00:00.000000000,278.74,269.54611
2025-07-29T10:00:00.000000000,270.23,252.05314
2025-07-29T11:00:00.000000000,262.51,232.64126
2025-07-29T12:00:00.000000000,254.08,239.28944
2025-07-29T13:00:00.000000000,253.17,246.37788
2025-07-29T14:00:00.000000000,252.39,237.49998
2025-07-29T15:00:00.000000000,262.53,238.56262
2025-07-29T16:00:00.000000000,294.44,256.07457
2025-07-29T17:00:00.000000000,310.73,264.81598
2025-07-29T18:00:00.000000000,325.48,246.97066
2025-07-29T19:00:00.000000000,333.97,261.72333
2025-07-29T20:00:00.000000000,328.28,242.06131
2025-07-29T21:00:00.000000000,324.45,277.66911
2025-07-29T22:00:00.000000000,301.26,251.8619
2025-07-29T23:00:00.000000000,275.99,261.09325
2025-07-30T00:00:00.000000000,258.69,263.41163
2025-07-30T01:00:00.000000000,255.23,284.21605
2025-07-30T02:00:00.000000000,250.22,252.45713
2025-07-30T03:00:00.000000000,254.1,299.54717
2025-07-30T04:00:00.000000000,259.94,261.81855
2025-07-30T05:00:00.000000000,267.43,241.26753
2025-07-30T06:00:00.000000000,257.21,210.37609
2025-07-30T07:00:00.000000000,256.9,253.21657
2025-07-30T08:00:00.000000000,241.05,221.28287
2025-07-30T09:00:00.000000000,223.4,275.62846
2025-07-30T10:00:00.000000000,215.97,257.02885
2025-07-30T11:00:00.000000000,211.65,229.97036
2025-07-30T12:00:00.000000000,211.49,238.26506
2025-07-30T13:00:00.000000000,203.92,246.78878
2025-07-30T14:00:00.000000000,196.45,234.51719
2025-07-30T15:00:00.000000000,193.15,240.33257
2025-07-30T16:00:00.000000000,219.87,256.0582
2025-07-30T17:00:00.000000000,246.98,261.25387
2025-07-30T18:00:00.000000000,280.55,244.04801
2025-07-30T19:00:00.000000000,288.94,255.98264
2025-07-30T20:00:00.000000000,274.85,247.1804
2025-07-30T21:00:00.000000000,272.6,269.79297
2025-07-30T22:00:00.000000000,234.44,250.34261
2025-07-30T23:00:00.000000000,204.81,255.09687
2025-07-31T00:00:00.000000000,188.98,258.75093
2025-07-31T01:00:00.000000000,187.69,278.64991
2025-07-31T02:00:00.000000000,188.7,251.76013
2025-07-31T03:00:00.000000000,184.8,295.82783
2025-07-31T04:00:00.000000000,216.05,257.81658
2025-07-31T05:00:00.000000000,232.16,244.66071
2025-07-31T06:00:00.000000000,223.84,214.24691
2025-07-31T07:00:00.000000000,218.33,251.03643
2025-07-31T08:00:00.000000000,210.61,225.25197
2025-07-31T09:00:00.000000000,192.77,269.90815
2025-07-31T10:00:00.000000000,167.36,252.36219
2025-07-31T11:00:00.000000000,155.7,231.5656
2025-07-25T12:00:00.000000000,139.94,229.85634
2025-07-25T13:00:00.000000000,141.91,239.09915
2025-07-25T14:00:00.000000000,137.32,222.53878
2025-07-25T15:00:00.000000000,155.66,237.60303
2025-07-25T16:00:00.000000000,213.75,252.60813
2025-07-25T17:00:00.000000000,250.17,255.39786
2025-07-25T18:00:00.000000000,289.83,236.03321
2025-07-25T19:00:00.000000000,303.84,246.86335
2025-07-25T20:00:00.000000000,302.52,242.92858
2025-07-25T21:00:00.000000000,295.62,262.91802
2025-07-25T22:00:00.000000000,279.34,242.72259
2025-07-25T23:00:00.000000000,251.2,243.60744
2025-07-26T00:00:00.000000000,238.4,245.62818
2025-07-26T01:00:00.000000000,221.77,267.80722
2025-07-26T02:00:00.000000000,217.92,242.80035
2025-07-26T03:00:00.000000000,220.44,288.12842
2025-07-26T04:00:00.000000000,229.76,250.18597
2025-07-26T05:00:00.000000000,220.47,239.86813
2025-07-26T06:00:00.000000000,199.99,209.89674
2025-07-26T07:00:00.000000000,201.57,240.88062
2025-07-26T08:00:00.000000000,198.1,216.07934
2025-07-26T09:00:00.000000000,177.07,260.03066
2025-07-26T10:00:00.000000000,169.86,244.21974
2025-07-26T11:00:00.000000000,154.83,225.40091
2025-07-26T12:00:00.000000000,144.36,224.3427
2025-07-26T13:00:00.000000000,136.98,232.95668
2025-07-26T14:00:00.000000000,134.82,213.77242
2025-07-26T15:00:00.000000000,132.74,233.82458
2025-07-26T16:00:00.000000000,166.17,251.7371
2025-07-26T17:00:00.000000000,218.36,254.53134
2025-07-26T18:00:00.000000000,261.84,231.79715
2025-07-26T19:00:00.000000000,274.27,244.37122
2025-07-26T20:00:00.000000000,267.56,236.83863
2025-07-26T21:00:00.000000000,250.24,265.41749
2025-07-26T22:00:00.000000000,245.01,238.06042
2025-07-26T23:00:00.000000000,248.96,238.19274
2025-07-27T00:00:00.000000000,233.72,237.59724
2025-07-27T01:00:00.000000000,229.28,263.11516
2025-07-27T02:00:00.000000000,216.79,235.40385
2025-07-27T03:00:00.000000000,202.42,285.05943
2025-07-27T04:00:00.000000000,179.79,246.60995
2025-07-27T05:00:00.000000000,167.67,231.49594
2025-07-27T06:00:00.000000000,156.83,203.21604
2025-07-27T07:00:00.000000000,155.68,234.20436
2025-07-27T08:00:00.000000000,165.13,204.3653
2025-07-27T09:00:00.000000000,162.08,255.72943
2025-07-27T10:00:00.000000000,154.34,240.31394
2025-07-27T11:00:00.000000000,141.37,219.64661
2025-07-27T12:00:00.000000000,149.63,219.6523
2025-07-27T13:00:00.000000000,134.33,229.80703
2025-07-27T14:00:00.000000000,144.76,209.84108
2025-07-27T15:00:00.000000000,171.85,234.03946
2025-07-27T16:00:00.000000000,222.08,245.78787
2025-07-27T17:00:00.000000000,251.91,245.7038
2025-07-27T18:00:00.000000000,261.28,226.3779
2025-07-27T19:00:00.000000000,276.14,233.51071
2025-07-27T20:00:00.000000000,281.34,237.58007
2025-07-27T21:00:00.000000000,259.43,249.41794
2025-07-27T22:00:00.000000000,218.76,232.06654
2025-07-27T23:00:00.000000000,197.24,230.23293
2025-07-28T00:00:00.000000000,177.67,231.99357
2025-07-28T01:00:00.000000000,167.44,254.54308
2025-07-28T02:00:00.000000000,169.29,233.0416
2025-07-28T03:00:00.000000000,169.31,276.42409
2025-07-28T04:00:00.000000000,168.62,240.62529
2025-07-28T05:00:00.000000000,194.54,235.72994
2025-07-28T06:00:00.000000000,193.2,206.79851
2025-07-28T07:00:00.000000000,192.16,229.4903
2025-07-28T08:00:00.000000000,179.92,209.79286
2025-07-28T09:00:00.000000000,161.82,247.6979
2025-07-28T10:00:00.000000000,153.28,234.31168
2025-07-28T11:00:00.000000000,157.08,218.65773
2025-07-28T12:00:00.000000000,156.75,235.92522
2025-07-28T13:00:00.000000000,159.98,246.93442
2025-07-28T14:00:00.000000000,172.84,235.61876
2025-07-28T15:00:00.000000000,192.12,241.69893
2025-07-28T16:00:00.000000000,217.0,254.06098
2025-07-28T17:00:00.000000000,256.66,259.51953
2025-07-28T18:00:00.000000000,291.68,241.43422
2025-07-28T19:00:00.000000000,315.48,253.90973
2025-07-28T20:00:00.000000000,320.54,247.178
2025-07-28T21:00:00.000000000,317.57,264.39652
2025-07-28T22:00:00.000000000,287.63,248.94005
2025-07-28T23:00:00.000000000,266.86,252.92539
2025-07-29T00:00:00.000000000,266.28,259.14887
2025-07-29T01:00:00.000000000,267.06,277.63436
2025-07-29T02:00:00.000000000,265.35,252.89469
2025-07-29T03:00:00.000000000,272.22,294.13826
2025-07-29T04:00:00.000000000,290.53,257.6005
2025-07-29T05:00:00.000000000,294.45,247.8469
2025-07-29T06:00:00.000000000,307.44,213.98478
2025-07-29T07:00:00.000000000,307.42,250.11673
2025-07-29T08:00:00.000000000,296.3,227.58288
2025-07-29T09:00:00.000000000,278.74,269.54994
2025-07-29T10:00:00.000000000,270.23,252.0562
2025-07-29T11:00:00.000000000,262.51,232.64327
2025-07-29T12:00:00.000000000,254.08,239.28927
2025-07-29T13:00:00.000000000,253.17,246.37773
2025-07-29T14:00:00.000000000,252.39,237.49968
2025-07-29T15:00:00.000000000,262.53,238.5626
2025-07-29T16:00:00.000000000,294.44,256.07457
2025-07-29T17:00:00.000000000,310.73,264.81592
2025-07-29T18:00:00.000000000,325.48,246.97043
2025-07-29T19:00:00.000000000,333.97,261.72314
2025-07-29T20:00:00.000000000,328.28,242.06124
2025-07-29T21:00:00.000000000,324.45,277.66898
2025-07-29T22:00:00.000000000,301.26,251.86178
2025-07-29T23:00:00.000000000,275.99,261.09295
2025-07-30T00:00:00.000000000,258.69,263.41131
2025-07-30T01:00:00.000000000,255.23,284.21579
2025-07-30T02:00:00.000000000,250.22,252.45692
2025-07-30T03:00:00.000000000,254.1,299.54702
2025-07-30T04:00:00.000000000,259.94,261.81836
2025-07-30T05:00:00.000000000,267.43,241.26742
2025-07-30T06:00:00.000000000,257.21,210.37599
2025-07-30T07:00:00.000000000,256.9,253.21631
2025-07-30T08:00:00.000000000,241.05,221.28261
2025-07-30T09:00:00.000000000,223.4,275.62825
2025-07-30T10:00:00.000000000,215.97,257.02864
2025-07-30T11:00:00.000000000,211.65,229.97025
2025-07-30T12:00:00.000000000,211.49,238.26506
2025-07-30T13:00:00.000000000,203.92,246.78878
2025-07-30T14:00:00.000000000,196.45,234.51721
2025-07-30T15:00:00.000000000,193.15,240.33257
2025-07-30T16:00:00.000000000,219.87,256.0582
2025-07-30T17:00:00.000000000,246.98,261.25387
2025-07-30T18:00:00.000000000,280.55,244.04803
2025-07-30T19:00:00.000000000,288.94,255.98266
2025-07-30T20:00:00.000000000,274.85,247.1804
2025-07-30T21:00:00.000000000,272.6,269.79297
2025-07-30T22:00:00.000000000,234.44,250.34261
2025-07-30T23:00:00.000000000,204.81,255.09689
2025-07-31T00:00:00.000000000,188.98,258.75095
2025-07-31T01:00:00.000000000,187.69,278.64993
2025-07-31T02:00:00.000000000,188.7,251.76013
2025-07-31T03:00:00.000000000,184.8,295.82783
2025-07-31T04:00:00.000000000,216.05,257.8166
2025-07-31T05:00:00.000000000,232.16,244.66071
2025-07-31T06:00:00.000000000,223.84,214.24691
2025-07-31T07:00:00.000000000,218.33,251.03647
2025-07-31T08:00:00.000000000,210.61,225.25198
2025-07-31T09:00:00.000000000,192.77,269.90819
2025-07-31T10:00:00.000000000,167.36,252.36219
2025-07-31T11:00:00.000000000,155.7,231.56559
2025-07-31T12:00:00.000000000,138.21,239.19803
2025-07-31T13:00:00.000000000,148.5,247.8241
2025-07-31T14:00:00.000000000,164.82,237.0675
2025-07-31T15:00:00.000000000,183.14,240.99441
2025-07-31T16:00:00.000000000,194.58,255.58586
2025-07-31T17:00:00.000000000,222.67,261.54983
2025-07-31T18:00:00.000000000,248.33,245.44922
2025-07-31T19:00:00.000000000,250.47,257.29207
2025-07-31T20:00:00.000000000,251.52,247.58899
2025-07-31T21:00:00.000000000,233.71,269.73832
2025-07-31T22:00:00.000000000,230.64,251.26176
2025-07-31T23:00:00.000000000,178.85,256.81983
2025-08-01T00:00:00.000000000,163.39,260.95224
2025-08-01T01:00:00.000000000,157.92,280.323
2025-08-01T02:00:00.000000000,138.88,253.79125
2025-08-01T03:00:00.000000000,121.71,297.0944
2025-08-01T04:00:00.000000000,134.83,259.1597
2025-08-01T05:00:00.000000000,154.47,246.24227
2025-08-01T06:00:00.000000000,141.37,214.70048
2025-08-01T07:00:00.000000000,124.74,252.55197
2025-08-01T08:00:00.000000000,113.65,227.62121
2025-08-01T09:00:00.000000000,111.9,271.38024
2025-08-01T10:00:00.000000000,111.47,253.51217
2025-08-01T11:00:00.000000000,115.46,232.19812
2025-07-26T12:00:00.000000000,144.36,225.97238
2025-07-26T13:00:00.000000000,136.98,234.91515
2025-07-26T14:00:00.000000000,134.82,215.25308
2025-07-26T15:00:00.000000000,132.74,233.99043
2025-07-26T16:00:00.000000000,166.17,253.27173
2025-07-26T17:00:00.000000000,218.36,256.82478
2025-07-26T18:00:00.000000000,261.84,233.44304
2025-07-26T19:00:00.000000000,274.27,246.80178
2025-07-26T20:00:00.000000000,267.56,237.08657
2025-07-26T21:00:00.000000000,250.24,268.49162
2025-07-26T22:00:00.000000000,245.01,240.10716
2025-07-26T23:00:00.000000000,248.96,240.79664
2025-07-27T00:00:00.000000000,233.72,239.80534
2025-07-27T01:00:00.000000000,229.28,265.67164
2025-07-27T02:00:00.000000000,216.79,236.84977
2025-07-27T03:00:00.000000000,202.42,286.95494
2025-07-27T04:00:00.000000000,179.79,248.69858
2025-07-27T05:00:00.000000000,167.67,231.6883
2025-07-27T06:00:00.000000000,156.83,203.43911
2025-07-27T07:00:00.000000000,155.68,235.8067
2025-07-27T08:00:00.000000000,165.13,204.57504
2025-07-27T09:00:00.000000000,162.08,258.40406
2025-07-27T10:00:00.000000000,154.34,241.83741
2025-07-27T11:00:00.000000000,141.37,220.57132
2025-07-27T12:00:00.000000000,149.63,219.4783
2025-07-27T13:00:00.000000000,134.33,229.62178
2025-07-27T14:00:00.000000000,144.76,209.61224
2025-07-27T15:00:00.000000000,171.85,233.94951
2025-07-27T16:00:00.000000000,222.08,245.67527
2025-07-27T17:00:00.000000000,251.91,245.56111
2025-07-27T18:00:00.000000000,261.28,226.21747
2025-07-27T19:00:00.000000000,276.14,233.31889
2025-07-27T20:00:00.000000000,281.34,237.44096
2025-07-27T21:00:00.000000000,259.43,249.25601
2025-07-27T22:00:00.000000000,218.76,231.8841
2025-07-27T23:00:00.000000000,197.24,230.0293
2025-07-28T00:00:00.000000000,177.67,231.76672
2025-07-28T01:00:00.000000000,167.44,254.33872
2025-07-28T02:00:00.000000000,169.29,232.84945
2025-07-28T03:00:00.000000000,169.31,276.23412
2025-07-28T04:00:00.000000000,168.62,240.47004
2025-07-28T05:00:00.000000000,194.54,235.58944
2025-07-28T06:00:00.000000000,193.2,206.70067
2025-07-28T07:00:00.000000000,192.16,229.29216
2025-07-28T08:00:00.000000000,179.92,209.61799
2025-07-28T09:00:00.000000000,161.82,247.50858
2025-07-28T10:00:00.000000000,153.28,234.16394
2025-07-28T11:00:00.000000000,157.08,218.52111
2025-07-28T12:00:00.000000000,156.75,235.93793
2025-07-28T13:00:00.000000000,159.98,246.94707
2025-07-28T14:00:00.000000000,172.84,235.64
2025-07-28T15:00:00.000000000,192.12,241.70258
2025-07-28T16:00:00.000000000,217.0,254.06172
2025-07-28T17:00:00.000000000,256.66,259.5264
2025-07-28T18:00:00.000000000,291.68,241.44722
2025-07-28T19:00:00.000000000,315.48,253.92514
2025-07-28T20:00:00.000000000,320.54,247.18295
2025-07-28T21:00:00.000000000,317.57,264.40571
2025-07-28T22:00:00.000000000,287.63,248.94979
2025-07-28T23:00:00.000000000,266.86,252.9456
2025-07-29T00:00:00.000000000,266.28,259.17051
2025-07-29T01:00:00.000000000,267.06,277.65164
2025-07-29T02:00:00.000000000,265.35,252.90872
2025-07-29T03:00:00.000000000,272.22,294.15013
2025-07-29T04:00:00.000000000,290.53,257.61378
2025-07-29T05:00:00.000000000,294.45,247.8533
2025-07-29T06:00:00.000000000,307.44,213.9887
2025-07-29T07:00:00.000000000,307.42,250.13325
2025-07-29T08:00:00.000000000,296.3,227.5985
2025-07-29T09:00:00.000000000,278.74,269.56739
2025-07-29T10:00:00.000000000,270.23,252.07019
2025-07-29T11:00:00.000000000,262.51,232.65236
2025-07-29T12:00:00.000000000,254.08,239.28826
2025-07-29T13:00:00.000000000,253.17,246.37697
2025-07-29T14:00:00.000000000,252.39,237.49837
2025-07-29T15:00:00.000000000,262.53,238.56245
2025-07-29T16:00:00.000000000,294.44,256.07453
2025-07-29T17:00:00.000000000,310.73,264.81552
2025-07-29T18:00:00.000000000,325.48,246.96938
2025-07-29T19:00:00.000000000,333.97,261.72217
2025-07-29T20:00:00.000000000,328.28,242.06091
2025-07-29T21:00:00.000000000,324.45,277.66845
2025-07-29T22:00:00.000000000,301.26,251.86106
2025-07-29T23:00:00.000000000,275.99,261.09158
2025-07-30T00:00:00.000000000,258.69,263.4099
2025-07-30T01:00:00.000000000,255.23,284.21474
2025-07-30T02:00:00.000000000,250.22,252.45597
2025-07-30T03:00:00.000000000,254.1,299.54637
2025-07-30T04:00:00.000000000,259.94,261.81754
2025-07-30T05:00:00.000000000,267.43,241.26698
2025-07-30T06:00:00.000000000,257.21,210.37555
2025-07-30T07:00:00.000000000,256.9,253.21518
2025-07-30T08:00:00.000000000,241.05,221.28147
2025-07-30T09:00:00.000000000,223.4,275.62719
2025-07-30T10:00:00.000000000,215.97,257.0278
2025-07-30T11:00:00.000000000,211.65,229.96976
2025-07-30T12:00:00.000000000,211.49,238.26514
2025-07-30T13:00:00.000000000,203.92,246.78884
2025-07-30T14:00:00.000000000,196.45,234.5173
2025-07-30T15:00:00.000000000,193.15,240.33259
2025-07-30T16:00:00.000000000,219.87,256.05822
2025-07-30T17:00:00.000000000,246.98,261.25391
2025-07-30T18:00:00.000000000,280.55,244.04812
2025-07-30T19:00:00.000000000,288.94,255.98275
2025-07-30T20:00:00.000000000,274.85,247.18042
2025-07-30T21:00:00.000000000,272.6,269.79302
2025-07-30T22:00:00.000000000,234.44,250.34269
2025-07-30T23:00:00.000000000,204.81,255.09699
2025-07-31T00:00:00.000000000,188.98,258.75105
2025-07-31T01:00:00.000000000,187.69,278.65002
2025-07-31T02:00:00.000000000,188.7,251.76021
2025-07-31T03:00:00.000000000,184.8,295.82791
2025-07-31T04:00:00.000000000,216.05,257.81669
2025-07-31T05:00:00.000000000,232.16,244.66075
2025-07-31T06:00:00.000000000,223.84,214.24694
2025-07-31T07:00:00.000000000,218.33,251.03658
2025-07-31T08:00:00.000000000,210.61,225.25207
2025-07-31T09:00:00.000000000,192.77,269.90827
2025-07-31T10:00:00.000000000,167.36,252.36227
2025-07-31T11:00:00.000000000,155.7,231.56564
2025-07-31T12:00:00.000000000,138.21,239.19803
2025-07-31T13:00:00.000000000,148.5,247.82408
2025-07-31T14:00:00.000000000,164.82,237.06748
2025-07-31T15:00:00.000000000,183.14,240.99441
2025-07-31T16:00:00.000000000,194.58,255.58583
2025-07-31T17:00:00.000000000,222.67,261.54981
2025-07-31T18:00:00.000000000,248.33,245.4492
2025-07-31T19:00:00.000000000,250.47,257.29205
2025-07-31T20:00:00.000000000,251.52,247.58897
2025-07-31T21:00:00.000000000,233.71,269.7383
2025-07-31T22:00:00.000000000,230.64,251.26178
2025-07-31T23:00:00.000000000,178.85,256.81979
2025-08-01T00:00:00.000000000,163.39,260.95224
2025-08-01T01:00:00.000000000,157.92,280.32298
2025-08-01T02:00:00.000000000,138.88,253.79125
2025-08-01T03:00:00.000000000,121.71,297.09437
2025-08-01T04:00:00.000000000,134.83,259.1597
2025-08-01T05:00:00.000000000,154.47,246.24227
2025-08-01T06:00:00.000000000,141.37,214.70046
2025-08-01T07:00:00.000000000,124.74,252.55193
2025-08-01T08:00:00.000000000,113.65,227.6212
2025-08-01T09:00:00.000000000,111.9,271.38024
2025-08-01T10:00:00.000000000,111.47,253.51215
2025-08-01T11:00:00.000000000,115.46,232.19811
2025-08-01T12:00:00.000000000,105.95,244.70237
2025-08-01T13:00:00.000000000,99.58,251.96133
2025-08-01T14:00:00.000000000,105.6,246.41357
2025-08-01T15:00:00.000000000,116.02,240.78218
2025-08-01T16:00:00.000000000,119.75,255.20658
2025-08-01T17:00:00.000000000,157.74,265.84057
2025-08-01T18:00:00.000000000,186.99,252.29097
2025-08-01T19:00:00.000000000,186.59,265.74838
2025-08-01T20:00:00.000000000,179.44,245.80374
2025-08-01T21:00:00.000000000,160.76,276.80371
2025-08-01T22:00:00.000000000,141.53,254.96342
2025-08-01T23:00:00.000000000,114.94,268.16618
2025-08-02T00:00:00.000000000,115.88,272.58216
2025-08-02T01:00:00.000000000,113.81,290.21089
2025-08-02T02:00:00.000000000,114.02,259.25104
2025-08-02T03:00:00.000000000,122.93,302.81913
2025-08-02T04:00:00.000000000,130.6,266.25619
2025-08-02T05:00:00.000000000,136.58,245.83299
2025-08-02T06:00:00.000000000,131.92,214.63692
2025-08-02T07:00:00.000000000,126.65,259.82487
2025-08-02T08:00:00.000000000,110.99,231.60321
2025-08-02T09:00:00.000000000,107.76,280.86838
2025-08-02T10:00:00.000000000,96.91,261.39144
2025-08-02T11:00:00.000000000,102.02,234.59688
2025-07-27T12:00:00.000000000,149.63,220.33479
2025-07-27T13:00:00.000000000,134.33,231.4294
2025-07-27T14:00:00.000000000,144.76,210.58855
2025-07-27T15:00:00.000000000,171.85,234.52137
2025-07-27T16:00:00.000000000,222.08,247.6558
2025-07-27T17:00:00.000000000,251.91,248.42702
2025-07-27T18:00:00.000000000,261.28,227.00179
2025-07-27T19:00:00.000000000,276.14,236.1973
2025-07-27T20:00:00.000000000,281.34,237.5001
2025-07-27T21:00:00.000000000,259.43,252.99225
2025-07-27T22:00:00.000000000,218.76,233.93871
2025-07-27T23:00:00.000000000,197.24,232.03906
2025-07-28T00:00:00.000000000,177.67,233.61584
2025-07-28T01:00:00.000000000,167.44,257.25616
2025-07-28T02:00:00.000000000,169.29,234.14866
2025-07-28T03:00:00.000000000,169.31,278.59749
2025-07-28T04:00:00.000000000,168.62,242.74843
2025-07-28T05:00:00.000000000,194.54,235.36453
2025-07-28T06:00:00.000000000,193.2,205.81624
2025-07-28T07:00:00.000000000,192.16,230.17069
2025-07-28T08:00:00.000000000,179.92,208.449
2025-07-28T09:00:00.000000000,161.82,250.44784
2025-07-28T10:00:00.000000000,153.28,235.85546
2025-07-28T11:00:00.000000000,157.08,219.65416
2025-07-28T12:00:00.000000000,156.75,235.84543
2025-07-28T13:00:00.000000000,159.98,246.82521
2025-07-28T14:00:00.000000000,172.84,235.45483
2025-07-28T15:00:00.000000000,192.12,241.66319
2025-07-28T16:00:00.000000000,217.0,254.07061
2025-07-28T17:00:00.000000000,256.66,259.47722
2025-07-28T18:00:00.000000000,291.68,241.36515
2025-07-28T19:00:00.000000000,315.48,253.80716
2025-07-28T20:00:00.000000000,320.54,247.14062
2025-07-28T21:00:00.000000000,317.57,264.36576
2025-07-28T22:00:00.000000000,287.63,248.88109
2025-07-28T23:00:00.000000000,266.86,252.78333
2025-07-29T00:00:00.000000000,266.28,258.98218
2025-07-29T01:00:00.000000000,267.06,277.51038
2025-07-29T02:00:00.000000000,265.35,252.78729
2025-07-29T03:00:00.000000000,272.22,294.06974
2025-07-29T04:00:00.000000000,290.53,257.4989
2025-07-29T05:00:00.000000000,294.45,247.78651
2025-07-29T06:00:00.000000000,307.44,213.96288
2025-07-29T07:00:00.000000000,307.42,249.99911
2025-07-29T08:00:00.000000000,296.3,227.45824
2025-07-29T09:00:00.000000000,278.74,269.40769
2025-07-29T10:00:00.000000000,270.23,251.94916
2025-07-29T11:00:00.000000000,262.51,232.55738
2025-07-29T12:00:00.000000000,254.08,239.2969
2025-07-29T13:00:00.000000000,253.17,246.38382
2025-07-29T14:00:00.000000000,252.39,237.51001
2025-07-29T15:00:00.000000000,262.53,238.56405
2025-07-29T16:00:00.000000000,294.44,256.07489
2025-07-29T17:00:00.000000000,310.73,264.81889
2025-07-29T18:00:00.000000000,325.48,246.97848
2025-07-29T19:00:00.000000000,333.97,261.7303
2025-07-29T20:00:00.000000000,328.28,242.06417
2025-07-29T21:00:00.000000000,324.45,277.67262
2025-07-29T22:00:00.000000000,301.26,251.86708
2025-07-29T23:00:00.000000000,275.99,261.10332
2025-07-30T00:00:00.000000000,258.69,263.42221
2025-07-30T01:00:00.000000000,255.23,284.22384
2025-07-30T02:00:00.000000000,250.22,252.46434
2025-07-30T03:00:00.000000000,254.1,299.55208
2025-07-30T04:00:00.000000000,259.94,261.82472
2025-07-30T05:00:00.000000000,267.43,241.27113
2025-07-30T06:00:00.000000000,257.21,210.37946
2025-07-30T07:00:00.000000000,256.9,253.22506
2025-07-30T08:00:00.000000000,241.05,221.29193
2025-07-30T09:00:00.000000000,223.4,275.63609
2025-07-30T10:00:00.000000000,215.97,257.03523
2025-07-30T11:00:00.000000000,211.65,229.97426
2025-07-30T12:00:00.000000000,211.49,238.26451
2025-07-30T13:00:00.000000000,203.92,246.78832
2025-07-30T14:00:00.000000000,196.45,234.51641
2025-07-30T15:00:00.000000000,193.15,240.33244
2025-07-30T16:00:00.000000000,219.87,256.0581
2025-07-30T17:00:00.000000000,246.98,261.2536
2025-07-30T18:00:00.000000000,280.55,244.04747
2025-07-30T19:00:00.000000000,288.94,255.98207
2025-07-30T20:00:00.000000000,274.85,247.18015
2025-07-30T21:00:00.000000000,272.6,269.79259
2025-07-30T22:00:00.000000000,234.44,250.34215
2025-07-30T23:00:00.000000000,204.81,255.09615
2025-07-31T00:00:00.000000000,188.98,258.75015
2025-07-31T01:00:00.000000000,187.69,278.64934
2025-07-31T02:00:00.000000000,188.7,251.75956
2025-07-31T03:00:00.000000000,184.8,295.82736
2025-07-31T04:00:00.000000000,216.05,257.81614
2025-07-31T05:00:00.000000000,232.16,244.66039
2025-07-31T06:00:00.000000000,223.84,214.24668
2025-07-31T07:00:00.000000000,218.33,251.03582
2025-07-31T08:00:00.000000000,210.61,225.25135
2025-07-31T09:00:00.000000000,192.77,269.9076
2025-07-31T10:00:00.000000000,167.36,252.36172
2025-07-31T11:00:00.000000000,155.7,231.56529
2025-07-31T12:00:00.000000000,138.21,239.19807
2025-07-31T13:00:00.000000000,148.5,247.82412
2025-07-31T14:00:00.000000000,164.82,237.06754
2025-07-31T15:00:00.000000000,183.14,240.99441
2025-07-31T16:00:00.000000000,194.58,255.58583
2025-07-31T17:00:00.000000000,222.67,261.54983
2025-07-31T18:00:00.000000000,248.33,245.44924
2025-07-31T19:00:00.000000000,250.47,257.29207
2025-07-31T20:00:00.000000000,251.52,247.58899
2025-07-31T21:00:00.000000000,233.71,269.73834
2025-07-31T22:00:00.000000000,230.64,251.2618
2025-07-31T23:00:00.000000000,178.85,256.81987
2025-08-01T00:00:00.000000000,163.39,260.9523
2025-08-01T01:00:00.000000000,157.92,280.32304
2025-08-01T02:00:00.000000000,138.88,253.79127
2025-08-01T03:00:00.000000000,121.71,297.09442
2025-08-01T04:00:00.000000000,134.83,259.15974
2025-08-01T05:00:00.000000000,154.47,246.24229
2025-08-01T06:00:00.000000000,141.37,214.70048
2025-08-01T07:00:00.000000000,124.74,252.55197
2025-08-01T08:00:00.000000000,113.65,227.62124
2025-08-01T09:00:00.000000000,111.9,271.38028
2025-08-01T10:00:00.000000000,111.47,253.51219
2025-08-01T11:00:00.000000000,115.46,232.19813
2025-08-01T12:00:00.000000000,105.95,244.70237
2025-08-01T13:00:00.000000000,99.58,251.96133
2025-08-01T14:00:00.000000000,105.6,246.41357
2025-08-01T15:00:00.000000000,116.02,240.78218
2025-08-01T16:00:00.000000000,119.75,255.20658
2025-08-01T17:00:00.000000000,157.74,265.84057
2025-08-01T18:00:00.000000000,186.99,252.29097
2025-08-01T19:00:00.000000000,186.59,265.74836
2025-08-01T20:00:00.000000000,179.44,245.80374
2025-08-01T21:00:00.000000000,160.76,276.80371
2025-08-01T22:00:00.000000000,141.53,254.96344
2025-08-01T23:00:00.000000000,114.94,268.1662
2025-08-02T00:00:00.000000000,115.88,272.58216
2025-08-02T01:00:00.000000000,113.81,290.21087
2025-08-02T02:00:00.000000000,114.02,259.25102
2025-08-02T03:00:00.000000000,122.93,302.81911
2025-08-02T04:00:00.000000000,130.6,266.25619
2025-08-02T05:00:00.000000000,136.58,245.83299
2025-08-02T06:00:00.000000000,131.92,214.63691
2025-08-02T07:00:00.000000000,126.65,259.82487
2025-08-02T08:00:00.000000000,110.99,231.60321
2025-08-02T09:00:00.000000000,107.76,280.8684
2025-08-02T10:00:00.000000000,96.91,261.39144
2025-08-02T11:00:00.000000000,102.02,234.59687
2025-08-02T12:00:00.000000000,112.07,239.05083
2025-08-02T13:00:00.000000000,103.92,247.7337
2025-08-02T14:00:00.000000000,106.62,235.96406
2025-08-02T15:00:00.000000000,117.08,240.19961
2025-08-02T16:00:00.000000000,144.79,256.07137
2025-08-02T17:00:00.000000000,188.98,262.54783
2025-08-02T18:00:00.000000000,231.7,245.37676
2025-08-02T19:00:00.000000000,255.69,257.88205
2025-08-02T20:00:00.000000000,236.85,246.3314
2025-08-02T21:00:00.000000000,224.14,271.86723
2025-08-02T22:00:00.000000000,179.09,251.39388
2025-08-02T23:00:00.000000000,150.26,257.41649
2025-08-03T00:00:00.000000000,141.76,260.69248
2025-08-03T01:00:00.000000000,150.91,281.05239
2025-08-03T02:00:00.000000000,146.69,253.10807
2025-08-03T03:00:00.000000000,142.35,297.27961
2025-08-03T04:00:00.000000000,150.51,259.46005
2025-08-03T05:00:00.000000000,140.51,244.38416
2025-08-03T06:00:00.000000000,132.15,213.75275
2025-08-03T07:00:00.000000000,124.17,252.01372
2025-08-03T08:00:00.000000000,119.58,225.39518
2025-08-03T09:00:00.000000000,116.06,272.0607
2025-08-03T10:00:00.000000000,111.96,253.34499
2025-08-03T11:00:00.000000000,110.7,231.53166
2025-07-28T12:00:00.000000000,156.75,239.31595
2025-07-28T13:00:00.000000000,159.98,250.819
2025-07-28T14:00:00.000000000,172.84,240.93155
2025-07-28T15:00:00.000000000,192.12,243.03967
2025-07-28T16:00:00.000000000,217.0,254.35814
2025-07-28T17:00:00.000000000,256.66,261.674
2025-07-28T18:00:00.000000000,291.68,244.45365
2025-07-28T19:00:00.000000000,315.48,257.76515
2025-07-28T20:00:00.000000000,320.54,248.73343
2025-07-28T21:00:00.000000000,317.57,266.17694
2025-07-28T22:00:00.000000000,287.63,251.33562
2025-07-28T23:00:00.000000000,266.86,257.99942
2025-07-29T00:00:00.000000000,266.28,264.95283
2025-07-29T01:00:00.000000000,267.06,282.175
2025-07-29T02:00:00.000000000,265.35,256.75476
2025-07-29T03:00:00.000000000,272.22,296.78659
2025-07-29T04:00:00.000000000,290.53,261.18183
2025-07-29T05:00:00.000000000,294.45,249.60465
2025-07-29T06:00:00.000000000,307.44,215.0903
2025-07-29T07:00:00.000000000,307.42,254.31269
2025-07-29T08:00:00.000000000,296.3,231.52346
2025-07-29T09:00:00.000000000,278.74,274.49542
2025-07-29T10:00:00.000000000,270.23,255.69968
2025-07-29T11:00:00.000000000,262.51,235.5056
2025-07-29T12:00:00.000000000,254.08,239.02028
2025-07-29T13:00:00.000000000,253.17,246.16336
2025-07-29T14:00:00.000000000,252.39,237.13625
2025-07-29T15:00:00.000000000,262.53,238.51306
2025-07-29T16:00:00.000000000,294.44,256.05877
2025-07-29T17:00:00.000000000,310.73,264.7082
2025-07-29T18:00:00.000000000,325.48,246.68804
2025-07-29T19:00:00.000000000,333.97,261.46835
2025-07-29T20:00:00.000000000,328.28,241.96147
2025-07-29T21:00:00.000000000,324.45,277.53261
2025-07-29T22:00:00.000000000,301.26,251.67218
2025-07-29T23:00:00.000000000,275.99,260.72282
2025-07-30T00:00:00.000000000,258.69,263.02422
2025-07-30T01:00:00.000000000,255.23,283.92544
2025-07-30T02:00:00.000000000,250.22,252.19693
2025-07-30T03:00:00.000000000,254.1,299.36636
2025-07-30T04:00:00.000000000,259.94,261.59309
2025-07-30T05:00:00.000000000,267.43,241.14015
2025-07-30T06:00:00.000000000,257.21,210.2529
2025-07-30T07:00:00.000000000,256.9,252.90664
2025-07-30T08:00:00.000000000,241.05,220.9575
2025-07-30T09:00:00.000000000,223.4,275.34689
2025-07-30T10:00:00.000000000,215.97,256.79399
2025-07-30T11:00:00.000000000,211.65,229.8272
2025-07-30T12:00:00.000000000,211.49,238.28491
2025-07-30T13:00:00.000000000,203.92,246.80482
2025-07-30T14:00:00.000000000,196.45,234.5447
2025-07-30T15:00:00.000000000,193.15,240.33738
2025-07-30T16:00:00.000000000,219.87,256.0617
2025-07-30T17:00:00.000000000,246.98,261.26422
2025-07-30T18:00:00.000000000,280.55,244.06837
2025-07-30T19:00:00.000000000,288.94,256.00314
2025-07-30T20:00:00.000000000,274.85,247.18902
2025-07-30T21:00:00.000000000,272.6,269.80625
2025-07-30T22:00:00.000000000,234.44,250.35862
2025-07-30T23:00:00.000000000,204.81,255.12316
2025-07-31T00:00:00.000000000,188.98,258.77904
2025-07-31T01:00:00.000000000,187.69,278.67155
2025-07-31T02:00:00.000000000,188.7,251.78
2025-07-31T03:00:00.000000000,184.8,295.84407
2025-07-31T04:00:00.000000000,216.05,257.83333
2025-07-31T05:00:00.000000000,232.16,244.67101
2025-07-31T06:00:00.000000000,223.84,214.25509
2025-07-31T07:00:00.000000000,218.33,251.05995
2025-07-31T08:00:00.000000000,210.61,225.27435
2025-07-31T09:00:00.000000000,192.77,269.92888
2025-07-31T10:00:00.000000000,167.36,252.37942
2025-07-31T11:00:00.000000000,155.7,231.57652
2025-07-31T12:00:00.000000000,138.21,239.19668
2025-07-31T13:00:00.000000000,148.5,247.82306
2025-07-31T14:00:00.000000000,164.82,237.06562
2025-07-31T15:00:00.000000000,183.14,240.99415
2025-07-31T16:00:00.000000000,194.58,255.58567
2025-07-31T17:00:00.000000000,222.67,261.54913
2025-07-31T18:00:00.000000000,248.33,245.44779
2025-07-31T19:00:00.000000000,250.47,257.29063
2025-07-31T20:00:00.000000000,251.52,247.58846
2025-07-31T21:00:00.000000000,233.71,269.73735
2025-07-31T22:00:00.000000000,230.64,251.26075
2025-07-31T23:00:00.000000000,178.85,256.81795
2025-08-01T00:00:00.000000000,163.39,260.9503
2025-08-01T01:00:00.000000000,157.92,280.32146
2025-08-01T02:00:00.000000000,138.88,253.78995
2025-08-01T03:00:00.000000000,121.71,297.09328
2025-08-01T04:00:00.000000000,134.83,259.15856
2025-08-01T05:00:00.000000000,154.47,246.2417
2025-08-01T06:00:00.000000000,141.37,214.69995
2025-08-01T07:00:00.000000000,124.74,252.55037
2025-08-01T08:00:00.000000000,113.65,227.61977
2025-08-01T09:00:00.000000000,111.9,271.37885
2025-08-01T10:00:00.000000000,111.47,253.51093
2025-08-01T11:00:00.000000000,115.46,232.1974
2025-08-01T12:00:00.000000000,105.95,244.70241
2025-08-01T13:00:00.000000000,99.58,251.9614
2025-08-01T14:00:00.000000000,105.6,246.4137
2025-08-01T15:00:00.000000000,116.02,240.78218
2025-08-01T16:00:00.000000000,119.75,255.20652
2025-08-01T17:00:00.000000000,157.74,265.84059
2025-08-01T18:00:00.000000000,186.99,252.29107
2025-08-01T19:00:00.000000000,186.59,265.74843
2025-08-01T20:00:00.000000000,179.44,245.80374
2025-08-01T21:00:00.000000000,160.76,276.80371
2025-08-01T22:00:00.000000000,141.53,254.96347
2025-08-01T23:00:00.000000000,114.94,268.16631
2025-08-02T00:00:00.000000000,115.88,272.58229
2025-08-02T01:00:00.000000000,113.81,290.21097
2025-08-02T02:00:00.000000000,114.02,259.25111
2025-08-02T03:00:00.000000000,122.93,302.81917
2025-08-02T04:00:00.000000000,130.6,266.25625
2025-08-02T05:00:00.000000000,136.58,245.83303
2025-08-02T06:00:00.000000000,131.92,214.63693
2025-08-02T07:00:00.000000000,126.65,259.82497
2025-08-02T08:00:00.000000000,110.99,231.6033
2025-08-02T09:00:00.000000000,107.76,280.86846
2025-08-02T10:00:00.000000000,96.91,261.39146
2025-08-02T11:00:00.000000000,102.02,234.5969
2025-08-02T12:00:00.000000000,112.07,239.05083
2025-08-02T13:00:00.000000000,103.92,247.7337
2025-08-02T14:00:00.000000000,106.62,235.96406
2025-08-02T15:00:00.000000000,117.08,240.19959
2025-08-02T16:00:00.000000000,144.79,256.07139
2025-08-02T17:00:00.000000000,188.98,262.54781
2025-08-02T18:00:00.000000000,231.7,245.37678
2025-08-02T19:00:00.000000000,255.69,257.88205
2025-08-02T20:00:00.000000000,236.85,246.3314
2025-08-02T21:00:00.000000000,224.14,271.86723
2025-08-02T22:00:00.000000000,179.09,251.39388
2025-08-02T23:00:00.000000000,150.26,257.41647
2025-08-03T00:00:00.000000000,141.76,260.69248
2025-08-03T01:00:00.000000000,150.91,281.05237
2025-08-03T02:00:00.000000000,146.69,253.10807
2025-08-03T03:00:00.000000000,142.35,297.27961
2025-08-03T04:00:00.000000000,150.51,259.46002
2025-08-03T05:00:00.000000000,140.51,244.38416
2025-08-03T06:00:00.000000000,132.15,213.75273
2025-08-03T07:00:00.000000000,124.17,252.01372
2025-08-03T08:00:00.000000000,119.58,225.39517
2025-08-03T09:00:00.000000000,116.06,272.0607
2025-08-03T10:00:00.000000000,111.96,253.34497
2025-08-03T11:00:00.000000000,110.7,231.53165
2025-08-03T12:00:00.000000000,97.05,236.11683
2025-08-03T13:00:00.000000000,85.17,247.1217
2025-08-03T14:00:00.000000000,93.34,235.65133
2025-08-03T15:00:00.000000000,98.41,240.09346
2025-08-03T16:00:00.000000000,116.34,253.46634
2025-08-03T17:00:00.000000000,154.19,259.75931
2025-08-03T18:00:00.000000000,206.52,242.57668
2025-08-03T19:00:00.000000000,260.88,255.36564
2025-08-03T20:00:00.000000000,292.34,245.35306
2025-08-03T21:00:00.000000000,294.86,267.61214
2025-08-03T22:00:00.000000000,258.58,248.88956
2025-08-03T23:00:00.000000000,238.53,255.23484
2025-08-04T00:00:00.000000000,214.98,259.50075
2025-08-04T01:00:00.000000000,192.25,279.26893
2025-08-04T02:00:00.000000000,169.8,252.26341
2025-08-04T03:00:00.000000000,147.36,295.11702
2025-08-04T04:00:00.000000000,173.21,258.5567
2025-08-04T05:00:00.000000000,201.17,245.05796
2025-08-04T06:00:00.000000000,185.93,212.8244
2025-08-04T07:00:00.000000000,178.47,250.0421
2025-08-04T08:00:00.000000000,146.79,226.2437
2025-08-04T09:00:00.000000000,137.42,270.69647
2025-08-04T10:00:00.000000000,148.75,252.19446
2025-08-04T11:00:00.000000000,123.92,231.68853
2025-07-29T12:00:00.000000000,254.08,239.46525
2025-07-29T13:00:00.000000000,253.17,246.1811
2025-07-29T14:00:00.000000000,252.39,237.02335
2025-07-29T15:00:00.000000000,262.53,237.82257
2025-07-29T16:00:00.000000000,294.44,256.53567
2025-07-29T17:00:00.000000000,310.73,265.56439
2025-07-29T18:00:00.000000000,325.48,247.38338
2025-07-29T19:00:00.000000000,333.97,262.58833
2025-07-29T20:00:00.000000000,328.28,241.09013
2025-07-29T21:00:00.000000000,324.45,279.65486
2025-07-29T22:00:00.000000000,301.26,251.96681
2025-07-29T23:00:00.000000000,275.99,261.81008
2025-07-30T00:00:00.000000000,258.69,263.32132
2025-07-30T01:00:00.000000000,255.23,284.47075
2025-07-30T02:00:00.000000000,250.22,251.55165
2025-07-30T03:00:00.000000000,254.1,299.91774
2025-07-30T04:00:00.000000000,259.94,262.24365
2025-07-30T05:00:00.000000000,267.43,239.80675
2025-07-30T06:00:00.000000000,257.21,209.51139
2025-07-30T07:00:00.000000000,256.9,253.20081
2025-07-30T08:00:00.000000000,241.05,219.30947
2025-07-30T09:00:00.000000000,223.4,276.33543
2025-07-30T10:00:00.000000000,215.97,257.74201
2025-07-30T11:00:00.000000000,211.65,229.46991
2025-07-30T12:00:00.000000000,211.49,238.29127
2025-07-30T13:00:00.000000000,203.92,246.81853
2025-07-30T14:00:00.000000000,196.45,234.55718
2025-07-30T15:00:00.000000000,193.15,240.34593
2025-07-30T16:00:00.000000000,219.87,256.06659
2025-07-30T17:00:00.000000000,246.98,261.26843
2025-07-30T18:00:00.000000000,280.55,244.07235
2025-07-30T19:00:00.000000000,288.94,256.00565
2025-07-30T20:00:00.000000000,274.85,247.19981
2025-07-30T21:00:00.000000000,272.6,269.79967
2025-07-30T22:00:00.000000000,234.44,250.36425
2025-07-30T23:00:00.000000000,204.81,255.13077
2025-07-31T00:00:00.000000000,188.98,258.79484
2025-07-31T01:00:00.000000000,187.69,278.68228
2025-07-31T02:00:00.000000000,188.7,251.79228
2025-07-31T03:00:00.000000000,184.8,295.84814
2025-07-31T04:00:00.000000000,216.05,257.84178
2025-07-31T05:00:00.000000000,232.16,244.68503
2025-07-31T06:00:00.000000000,223.84,214.26785
2025-07-31T07:00:00.000000000,218.33,251.06812
2025-07-31T08:00:00.000000000,210.61,225.29262
2025-07-31T09:00:00.000000000,192.77,269.93885
2025-07-31T10:00:00.000000000,167.36,252.38783
2025-07-31T11:00:00.000000000,155.7,231.59141
2025-07-31T12:00:00.000000000,138.21,239.19597
2025-07-31T13:00:00.000000000,148.5,247.82245
2025-07-31T14:00:00.000000000,164.82,237.06453
2025-07-31T15:00:00.000000000,183.14,240.99394
2025-07-31T16:00:00.000000000,194.58,255.58558
2025-07-31T17:00:00.000000000,222.67,261.54871
2025-07-31T18:00:00.000000000,248.33,245.44703
2025-07-31T19:00:00.000000000,250.47,257.28983
2025-07-31T20:00:00.000000000,251.52,247.58821
2025-07-31T21:00:00.000000000,233.71,269.73688
2025-07-31T22:00:00.000000000,230.64,251.2602
2025-07-31T23:00:00.000000000,178.85,256.81696
2025-08-01T00:00:00.000000000,163.39,260.94916
2025-08-01T01:00:00.000000000,157.92,280.3206
2025-08-01T02:00:00.000000000,138.88,253.78915
2025-08-01T03:00:00.000000000,121.71,297.09269
2025-08-01T04:00:00.000000000,134.83,259.15789
2025-08-01T05:00:00.000000000,154.47,246.2413
2025-08-01T06:00:00.000000000,141.37,214.69966
2025-08-01T07:00:00.000000000,124.74,252.54949
2025-08-01T08:00:00.000000000,113.65,227.61889
2025-08-01T09:00:00.000000000,111.9,271.37801
2025-08-01T10:00:00.000000000,111.47,253.51025
2025-08-01T11:00:00.000000000,115.46,232.19698
2025-08-01T12:00:00.000000000,105.95,244.70245
2025-08-01T13:00:00.000000000,99.58,251.96144
2025-08-01T14:00:00.000000000,105.6,246.41378
2025-08-01T15:00:00.000000000,116.02,240.78218
2025-08-01T16:00:00.000000000,119.75,255.20648
2025-08-01T17:00:00.000000000,157.74,265.84059
2025-08-01T18:00:00.000000000,186.99,252.29109
2025-08-01T19:00:00.000000000,186.59,265.74847
2025-08-01T20:00:00.000000000,179.44,245.80374
2025-08-01T21:00:00.000000000,160.76,276.80371
2025-08-01T22:00:00.000000000,141.53,254.96349
2025-08-01T23:00:00.000000000,114.94,268.16637
2025-08-02T00:00:00.000000000,115.88,272.58237
2025-08-02T01:00:00.000000000,113.81,290.21102
2025-08-02T02:00:00.000000000,114.02,259.25115
2025-08-02T03:00:00.000000000,122.93,302.81924
2025-08-02T04:00:00.000000000,130.6,266.25632
2025-08-02T05:00:00.000000000,136.58,245.83303
2025-08-02T06:00:00.000000000,131.92,214.63692
2025-08-02T07:00:00.000000000,126.65,259.82501
2025-08-02T08:00:00.000000000,110.99,231.60337
2025-08-02T09:00:00.000000000,107.76,280.8685
2025-08-02T10:00:00.000000000,96.91,261.39153
2025-08-02T11:00:00.000000000,102.02,234.59692
2025-08-02T12:00:00.000000000,112.07,239.05083
2025-08-02T13:00:00.000000000,103.92,247.7337
2025-08-02T14:00:00.000000000,106.62,235.96405
2025-08-02T15:00:00.000000000,117.08,240.19961
2025-08-02T16:00:00.000000000,144.79,256.07137
2025-08-02T17:00:00.000000000,188.98,262.54781
2025-08-02T18:00:00.000000000,231.7,245.37674
2025-08-02T19:00:00.000000000,255.69,257.88205
2025-08-02T20:00:00.000000000,236.85,246.3314
2025-08-02T21:00:00.000000000,224.14,271.86723
2025-08-02T22:00:00.000000000,179.09,251.39385
2025-08-02T23:00:00.000000000,150.26,257.41647
2025-08-03T00:00:00.000000000,141.76,260.69244
2025-08-03T01:00:00.000000000,150.91,281.05234
2025-08-03T02:00:00.000000000,146.69,253.10807
2025-08-03T03:00:00.000000000,142.35,297.27959
2025-08-03T04:00:00.000000000,150.51,259.46002
2025-08-03T05:00:00.000000000,140.51,244.38416
2025-08-03T06:00:00.000000000,132.15,213.75273
2025-08-03T07:00:00.000000000,124.17,252.0137
2025-08-03T08:00:00.000000000,119.58,225.39516
2025-08-03T09:00:00.000000000,116.06,272.0607
2025-08-03T10:00:00.000000000,111.96,253.34497
2025-08-03T11:00:00.000000000,110.7,231.53165
2025-08-03T12:00:00.000000000,97.05,236.11683
2025-08-03T13:00:00.000000000,85.17,247.1217
2025-08-03T14:00:00.000000000,93.34,235.65133
2025-08-03T15:00:00.000000000,98.41,240.09346
2025-08-03T16:00:00.000000000,116.34,253.46634
2025-08-03T17:00:00.000000000,154.19,259.75931
2025-08-03T18:00:00.000000000,206.52,242.57668
2025-08-03T19:00:00.000000000,260.88,255.36564
2025-08-03T20:00:00.000000000,292.34,245.35306
2025-08-03T21:00:00.000000000,294.86,267.61214
2025-08-03T22:00:00.000000000,258.58,248.88956
2025-08-03T23:00:00.000000000,238.53,255.23484
2025-08-04T00:00:00.000000000,214.98,259.50075
2025-08-04T01:00:00.000000000,192.25,279.26893
2025-08-04T02:00:00.000000000,169.8,252.26341
2025-08-04T03:00:00.000000000,147.36,295.11702
2025-08-04T04:00:00.000000000,173.21,258.5567
2025-08-04T05:00:00.000000000,201.17,245.05796
2025-08-04T06:00:00.000000000,185.93,212.8244
2025-08-04T07:00:00.000000000,178.47,250.0421
2025-08-04T08:00:00.000000000,146.79,226.2437
2025-08-04T09:00:00.000000000,137.42,270.69647
2025-08-04T10:00:00.000000000,148.75,252.19446
2025-08-04T11:00:00.000000000,123.92,231.68853
2025-08-04T12:00:00.000000000,103.25,240.15579
2025-08-04T13:00:00.000000000,85.21,250.47291
2025-08-04T14:00:00.000000000,81.12,243.05012
2025-08-04T15:00:00.000000000,82.99,241.2607
2025-08-04T16:00:00.000000000,91.46,253.57113
2025-08-04T17:00:00.000000000,96.42,263.13649
2025-08-04T18:00:00.000000000,118.83,246.94664
2025-08-04T19:00:00.000000000,129.97,261.23897
2025-08-04T20:00:00.000000000,138.17,245.34478
2025-08-04T21:00:00.000000000,150.01,271.19585
2025-08-04T22:00:00.000000000,146.08,251.8185
2025-08-04T23:00:00.000000000,138.21,262.28379
2025-08-05T00:00:00.000000000,121.26,268.09239
2025-08-05T01:00:00.000000000,123.02,285.65426
2025-08-05T02:00:00.000000000,125.0,256.99908
2025-08-05T03:00:00.000000000,114.04,299.15428
2025-08-05T04:00:00.000000000,102.54,263.62347
2025-08-05T05:00:00.000000000,113.6,246.75656
2025-08-05T06:00:00.000000000,100.86,213.1494
2025-08-05T07:00:00.000000000,104.88,255.67526
2025-08-05T08:00:00.000000000,91.6,230.12209
2025-08-05T09:00:00.000000000,87.75,277.30292
2025-08-05T10:00:00.000000000,87.78,258.1852
2025-08-05T11:00:00.000000000,87.35,234.28885
2025-07-30T12:00:00.000000000,211.49,237.53723
2025-07-30T13:00:00.000000000,203.92,246.25767
2025-07-30T14:00:00.000000000,196.45,233.37866
2025-07-30T15:00:00.000000000,193.15,240.27191
2025-07-30T16:00:00.000000000,219.87,255.67244
2025-07-30T17:00:00.000000000,246.98,260.5083
2025-07-30T18:00:00.000000000,280.55,243.21683
2025-07-30T19:00:00.000000000,288.94,254.82669
2025-07-30T20:00:00.000000000,274.85,247.18959
2025-07-30T21:00:00.000000000,272.6,268.55479
2025-07-30T22:00:00.000000000,234.44,249.71914
2025-07-30T23:00:00.000000000,204.81,253.7394
2025-07-31T00:00:00.000000000,188.98,257.35349
2025-07-31T01:00:00.000000000,187.69,277.34063
2025-07-31T02:00:00.000000000,188.7,251.17383
2025-07-31T03:00:00.000000000,184.8,294.89532
2025-07-31T04:00:00.000000000,216.05,256.95717
2025-07-31T05:00:00.000000000,232.16,244.72946
2025-07-31T06:00:00.000000000,223.84,214.11538
2025-07-31T07:00:00.000000000,218.33,250.11121
2025-07-31T08:00:00.000000000,210.61,225.02185
2025-07-31T09:00:00.000000000,192.77,268.72696
2025-07-31T10:00:00.000000000,167.36,251.22213
2025-07-31T11:00:00.000000000,155.7,231.0936
2025-07-31T12:00:00.000000000,138.21,239.24972
2025-07-31T13:00:00.000000000,148.5,247.86158
2025-07-31T14:00:00.000000000,164.82,237.14023
2025-07-31T15:00:00.000000000,183.14,241.0033
2025-07-31T16:00:00.000000000,194.58,255.59102
2025-07-31T17:00:00.000000000,222.67,261.57632
2025-07-31T18:00:00.000000000,248.33,245.5055
2025-07-31T19:00:00.000000000,250.47,257.34946
2025-07-31T20:00:00.000000000,251.52,247.60511
2025-07-31T21:00:00.000000000,233.71,269.77843
2025-07-31T22:00:00.000000000,230.64,251.301
2025-07-31T23:00:00.000000000,178.85,256.89256
2025-08-01T00:00:00.000000000,163.39,261.02681
2025-08-01T01:00:00.000000000,157.92,280.38187
2025-08-01T02:00:00.000000000,138.88,253.84085
2025-08-01T03:00:00.000000000,121.71,297.13892
2025-08-01T04:00:00.000000000,134.83,259.20408
2025-08-01T05:00:00.000000000,154.47,246.26172
2025-08-01T06:00:00.000000000,141.37,214.71645
2025-08-01T07:00:00.000000000,124.74,252.61341
2025-08-01T08:00:00.000000000,113.65,227.67447
2025-08-01T09:00:00.000000000,111.9,271.43561
2025-08-01T10:00:00.000000000,111.47,253.55941
2025-08-01T11:00:00.000000000,115.46,232.22169
2025-08-01T12:00:00.000000000,105.95,244.70003
2025-08-01T13:00:00.000000000,99.58,251.95959
2025-08-01T14:00:00.000000000,105.6,246.40881
2025-08-01T15:00:00.000000000,116.02,240.7822
2025-08-01T16:00:00.000000000,119.75,255.20827
2025-08-01T17:00:00.000000000,157.74,265.84044
2025-08-01T18:00:00.000000000,186.99,252.28797
2025-08-01T19:00:00.000000000,186.59,265.74562
2025-08-01T20:00:00.000000000,179.44,245.80382
2025-08-01T21:00:00.000000000,160.76,276.80316
2025-08-01T22:00:00.000000000,141.53,254.96275
2025-08-01T23:00:00.000000000,114.94,268.16188
2025-08-02T00:00:00.000000000,115.88,272.5774
2025-08-02T01:00:00.000000000,113.81,290.20767
2025-08-02T02:00:00.000000000,114.02,259.24839
2025-08-02T03:00:00.000000000,122.93,302.81755
2025-08-02T04:00:00.000000000,130.6,266.25375
2025-08-02T05:00:00.000000000,136.58,245.83248
2025-08-02T06:00:00.000000000,131.92,214.63637
2025-08-02T07:00:00.000000000,126.65,259.82171
2025-08-02T08:00:00.000000000,110.99,231.59934
2025-08-02T09:00:00.000000000,107.76,280.86545
2025-08-02T10:00:00.000000000,96.91,261.38868
2025-08-02T11:00:00.000000000,102.02,234.59571
2025-08-02T12:00:00.000000000,112.07,239.05108
2025-08-02T13:00:00.000000000,103.92,247.73385
2025-08-02T14:00:00.000000000,106.62,235.96438
2025-08-02T15:00:00.000000000,117.08,240.19966
2025-08-02T16:00:00.000000000,144.79,256.07139
2025-08-02T17:00:00.000000000,188.98,262.54791
2025-08-02T18:00:00.000000000,231.7,245.37701
2025-08-02T19:00:00.000000000,255.69,257.88228
2025-08-02T20:00:00.000000000,236.85,246.3315
2025-08-02T21:00:00.000000000,224.14,271.86738
2025-08-02T22:00:00.000000000,179.09,251.39404
2025-08-02T23:00:00.000000000,150.26,257.41676
2025-08-03T00:00:00.000000000,141.76,260.69277
2025-08-03T01:00:00.000000000,150.91,281.05258
2025-08-03T02:00:00.000000000,146.69,253.1083
2025-08-03T03:00:00.000000000,142.35,297.27978
2025-08-03T04:00:00.000000000,150.51,259.46019
2025-08-03T05:00:00.000000000,140.51,244.38428
2025-08-03T06:00:00.000000000,132.15,213.75283
2025-08-03T07:00:00.000000000,124.17,252.01399
2025-08-03T08:00:00.000000000,119.58,225.39543
2025-08-03T09:00:00.000000000,116.06,272.06091
2025-08-03T10:00:00.000000000,111.96,253.34518
2025-08-03T11:00:00.000000000,110.7,231.53175
2025-08-03T12:00:00.000000000,97.05,236.11682
2025-08-03T13:00:00.000000000,85.17,247.12166
2025-08-03T14:00:00.000000000,93.34,235.65129
2025-08-03T15:00:00.000000000,98.41,240.09348
2025-08-03T16:00:00.000000000,116.34,253.46636
2025-08-03T17:00:00.000000000,154.19,259.75929
2025-08-03T18:00:00.000000000,206.52,242.57666
2025-08-03T19:00:00.000000000,260.88,255.36562
2025-08-03T20:00:00.000000000,292.34,245.35306
2025-08-03T21:00:00.000000000,294.86,267.61214
2025-08-03T22:00:00.000000000,258.58,248.88952
2025-08-03T23:00:00.000000000,238.53,255.23484
2025-08-04T00:00:00.000000000,214.98,259.50075
2025-08-04T01:00:00.000000000,192.25,279.26891
2025-08-04T02:00:00.000000000,169.8,252.26339
2025-08-04T03:00:00.000000000,147.36,295.11702
2025-08-04T04:00:00.000000000,173.21,258.5567
2025-08-04T05:00:00.000000000,201.17,245.05796
2025-08-04T06:00:00.000000000,185.93,212.8244
2025-08-04T07:00:00.000000000,178.47,250.04208
2025-08-04T08:00:00.000000000,146.79,226.24369
2025-08-04T09:00:00.000000000,137.42,270.69647
2025-08-04T10:00:00.000000000,148.75,252.19446
2025-08-04T11:00:00.000000000,123.92,231.68852
2025-08-04T12:00:00.000000000,103.25,240.15579
2025-08-04T13:00:00.000000000,85.21,250.47291
2025-08-04T14:00:00.000000000,81.12,243.05012
2025-08-04T15:00:00.000000000,82.99,241.2607
2025-08-04T16:00:00.000000000,91.46,253.57113
2025-08-04T17:00:00.000000000,96.42,263.13649
2025-08-04T18:00:00.000000000,118.83,246.94664
2025-08-04T19:00:00.000000000,129.97,261.23897
2025-08-04T20:00:00.000000000,138.17,245.34478
2025-08-04T21:00:00.000000000,150.01,271.19585
2025-08-04T22:00:00.000000000,146.08,251.8185
2025-08-04T23:00:00.000000000,138.21,262.28379
2025-08-05T00:00:00.000000000,121.26,268.09239
2025-08-05T01:00:00.000000000,123.02,285.65426
2025-08-05T02:00:00.000000000,125.0,256.99908
2025-08-05T03:00:00.000000000,114.04,299.15428
2025-08-05T04:00:00.000000000,102.54,263.62347
2025-08-05T05:00:00.000000000,113.6,246.75656
2025-08-05T06:00:00.000000000,100.86,213.1494
2025-08-05T07:00:00.000000000,104.88,255.67526
2025-08-05T08:00:00.000000000,91.6,230.12209
2025-08-05T09:00:00.000000000,87.75,277.30292
2025-08-05T10:00:00.000000000,87.78,258.1852
2025-08-05T11:00:00.000000000,87.35,234.28885
2025-08-05T12:00:00.000000000,88.45,243.36597
2025-08-05T13:00:00.000000000,87.95,251.23169
2025-08-05T14:00:00.000000000,96.63,242.76815
2025-08-05T15:00:00.000000000,103.52,239.57929
2025-08-05T16:00:00.000000000,115.95,257.06929
2025-08-05T17:00:00.000000000,143.09,268.2457
2025-08-05T18:00:00.000000000,157.65,251.1842
2025-08-05T19:00:00.000000000,172.22,266.19448
2025-08-05T20:00:00.000000000,175.24,242.73305
2025-08-05T21:00:00.000000000,182.89,280.59917
2025-08-05T22:00:00.000000000,168.18,255.04002
2025-08-05T23:00:00.000000000,130.49,267.67211
2025-08-06T00:00:00.000000000,132.27,270.91082
2025-08-06T01:00:00.000000000,134.95,289.83473
2025-08-06T02:00:00.000000000,136.84,256.51299
2025-08-06T03:00:00.000000000,139.1,302.50237
2025-08-06T04:00:00.000000000,139.67,267.0257
2025-08-06T05:00:00.000000000,156.47,242.9113
2025-08-06T06:00:00.000000000,145.98,212.12378
2025-08-06T07:00:00.000000000,133.44,257.63799
2025-08-06T08:00:00.000000000,118.01,225.11877
2025-08-06T09:00:00.000000000,101.69,281.97348
2025-08-06T10:00:00.000000000,95.96,261.95955
2025-08-06T11:00:00.000000000,94.69,233.21307
2025-07-31T12:00:00.000000000,138.21,241.2242
2025-07-31T13:00:00.000000000,148.5,249.55886
2025-07-31T14:00:00.000000000,164.82,240.40067
2025-07-31T15:00:00.000000000,183.14,241.44292
2025-07-31T16:00:00.000000000,194.58,255.6658
2025-07-31T17:00:00.000000000,222.67,262.78115
2025-07-31T18:00:00.000000000,248.33,247.71723
2025-07-31T19:00:00.000000000,250.47,259.74568
2025-07-31T20:00:00.000000000,251.52,248.03617
2025-07-31T21:00:00.000000000,233.71,271.26366
2025-07-31T22:00:00.000000000,230.64,252.93778
2025-07-31T23:00:00.000000000,178.85,260.11059
2025-08-01T00:00:00.000000000,163.39,264.63603
2025-08-01T01:00:00.000000000,157.92,283.36276
2025-08-01T02:00:00.000000000,138.88,256.30454
2025-08-01T03:00:00.000000000,121.71,299.01538
2025-08-01T04:00:00.000000000,134.83,261.26207
2025-08-01T05:00:00.000000000,154.47,247.22316
2025-08-01T06:00:00.000000000,141.37,215.37828
2025-08-01T07:00:00.000000000,124.74,255.16134
2025-08-01T08:00:00.000000000,113.65,230.19698
2025-08-01T09:00:00.000000000,111.9,274.0587
2025-08-01T10:00:00.000000000,111.47,255.52572
2025-08-01T11:00:00.000000000,115.46,233.33038
2025-08-01T12:00:00.000000000,105.95,244.58766
2025-08-01T13:00:00.000000000,99.58,251.87311
2025-08-01T14:00:00.000000000,105.6,246.18403
2025-08-01T15:00:00.000000000,116.02,240.77683
2025-08-01T16:00:00.000000000,119.75,255.28208
2025-08-01T17:00:00.000000000,157.74,265.83366
2025-08-01T18:00:00.000000000,186.99,252.14665
2025-08-01T19:00:00.000000000,186.59,265.6193
2025-08-01T20:00:00.000000000,179.44,245.79759
2025-08-01T21:00:00.000000000,160.76,276.78282
2025-08-01T22:00:00.000000000,141.53,254.92501
2025-08-01T23:00:00.000000000,114.94,267.96154
2025-08-02T00:00:00.000000000,115.88,272.3527
2025-08-02T01:00:00.000000000,113.81,290.05832
2025-08-02T02:00:00.000000000,114.02,259.11979
2025-08-02T03:00:00.000000000,122.93,302.74252
2025-08-02T04:00:00.000000000,130.6,266.13862
2025-08-02T05:00:00.000000000,136.58,245.79919
2025-08-02T06:00:00.000000000,131.92,214.60492
2025-08-02T07:00:00.000000000,126.65,259.66936
2025-08-02T08:00:00.000000000,110.99,231.41074
2025-08-02T09:00:00.000000000,107.76,280.72836
2025-08-02T10:00:00.000000000,96.91,261.25992
2025-08-02T11:00:00.000000000,102.02,234.53468
2025-08-02T12:00:00.000000000,112.07,239.06145
2025-08-02T13:00:00.000000000,103.92,247.74148
2025-08-02T14:00:00.000000000,106.62,235.97866
2025-08-02T15:00:00.000000000,117.08,240.20187
2025-08-02T16:00:00.000000000,144.79,256.072
2025-08-02T17:00:00.000000000,188.98,262.55196
2025-08-02T18:00:00.000000000,231.7,245.38774
2025-08-02T19:00:00.000000000,255.69,257.89225
2025-08-02T20:00:00.000000000,236.85,246.33601
2025-08-02T21:00:00.000000000,224.14,271.87281
2025-08-02T22:00:00.000000000,179.09,251.40159
2025-08-02T23:00:00.000000000,150.26,257.43
2025-08-03T00:00:00.000000000,141.76,260.70689
2025-08-03T01:00:00.000000000,150.91,281.06261
2025-08-03T02:00:00.000000000,146.69,253.11819
2025-08-03T03:00:00.000000000,142.35,297.28736
2025-08-03T04:00:00.000000000,150.51,259.46814
2025-08-03T05:00:00.000000000,140.51,244.38955
2025-08-03T06:00:00.000000000,132.15,213.75713
2025-08-03T07:00:00.000000000,124.17,252.02621
2025-08-03T08:00:00.000000000,119.58,225.40773
2025-08-03T09:00:00.000000000,116.06,272.07065
2025-08-03T10:00:00.000000000,111.96,253.35384
2025-08-03T11:00:00.000000000,110.7,231.53694
2025-08-03T12:00:00.000000000,97.05,236.11606
2025-08-03T13:00:00.000000000,85.17,247.12101
2025-08-03T14:00:00.000000000,93.34,235.65007
2025-08-03T15:00:00.000000000,98.41,240.09329
2025-08-03T16:00:00.000000000,116.34,253.46642
2025-08-03T17:00:00.000000000,154.19,259.75898
2025-08-03T18:00:00.000000000,206.52,242.57588
2025-08-03T19:00:00.000000000,260.88,255.3648
2025-08-03T20:00:00.000000000,292.34,245.35278
2025-08-03T21:00:00.000000000,294.86,267.61174
2025-08-03T22:00:00.000000000,258.58,248.88902
2025-08-03T23:00:00.000000000,238.53,255.23374
2025-08-04T00:00:00.000000000,214.98,259.49953
2025-08-04T01:00:00.000000000,192.25,279.26802
2025-08-04T02:00:00.000000000,169.8,252.26256
2025-08-04T03:00:00.000000000,147.36,295.11641
2025-08-04T04:00:00.000000000,173.21,258.55598
2025-08-04T05:00:00.000000000,201.17,245.05758
2025-08-04T06:00:00.000000000,185.93,212.82413
2025-08-04T07:00:00.000000000,178.47,250.04115
2025-08-04T08:00:00.000000000,146.79,226.24268
2025-08-04T09:00:00.000000000,137.42,270.69556
2025-08-04T10:00:00.000000000,148.75,252.19375
2025-08-04T11:00:00.000000000,123.92,231.68804
2025-08-04T12:00:00.000000000,103.25,240.15583
2025-08-04T13:00:00.000000000,85.21,250.47298
2025-08-04T14:00:00.000000000,81.12,243.0502
2025-08-04T15:00:00.000000000,82.99,241.2607
2025-08-04T16:00:00.000000000,91.46,253.5711
2025-08-04T17:00:00.000000000,96.42,263.13651
2025-08-04T18:00:00.000000000,118.83,246.94671
2025-08-04T19:00:00.000000000,129.97,261.23901
2025-08-04T20:00:00.000000000,138.17,245.34482
2025-08-04T21:00:00.000000000,150.01,271.19585
2025-08-04T22:00:00.000000000,146.08,251.8185
2025-08-04T23:00:00.000000000,138.21,262.28388
2025-08-05T00:00:00.000000000,121.26,268.09247
2025-08-05T01:00:00.000000000,123.02,285.65434
2025-08-05T02:00:00.000000000,125.0,256.99912
2025-08-05T03:00:00.000000000,114.04,299.15432
2025-08-05T04:00:00.000000000,102.54,263.62352
2025-08-05T05:00:00.000000000,113.6,246.75661
2025-08-05T06:00:00.000000000,100.86,213.1494
2025-08-05T07:00:00.000000000,104.88,255.67534
2025-08-05T08:00:00.000000000,91.6,230.12214
2025-08-05T09:00:00.000000000,87.75,277.303
2025-08-05T10:00:00.000000000,87.78,258.18524
2025-08-05T11:00:00.000000000,87.35,234.28888
2025-08-05T12:00:00.000000000,88.45,243.36597
2025-08-05T13:00:00.000000000,87.95,251.23169
2025-08-05T14:00:00.000000000,96.63,242.76815
2025-08-05T15:00:00.000000000,103.52,239.57929
2025-08-05T16:00:00.000000000,115.95,257.06929
2025-08-05T17:00:00.000000000,143.09,268.2457
2025-08-05T18:00:00.000000000,157.65,251.1842
2025-08-05T19:00:00.000000000,172.22,266.19448
2025-08-05T20:00:00.000000000,175.24,242.73305
2025-08-05T21:00:00.000000000,182.89,280.59917
2025-08-05T22:00:00.000000000,168.18,255.04002
2025-08-05T23:00:00.000000000,130.49,267.67211
2025-08-06T00:00:00.000000000,132.27,270.91082
2025-08-06T01:00:00.000000000,134.95,289.83473
2025-08-06T02:00:00.000000000,136.84,256.51299
2025-08-06T03:00:00.000000000,139.1,302.50237
2025-08-06T04:00:00.000000000,139.67,267.0257
2025-08-06T05:00:00.000000000,156.47,242.9113
2025-08-06T06:00:00.000000000,145.98,212.12378
2025-08-06T07:00:00.000000000,133.44,257.63799
2025-08-06T08:00:00.000000000,118.01,225.11877
2025-08-06T09:00:00.000000000,101.69,281.97348
2025-08-06T10:00:00.000000000,95.96,261.95955
2025-08-06T11:00:00.000000000,94.69,233.21307
2025-08-06T12:00:00.000000000,86.17,247.88975
2025-08-06T13:00:00.000000000,94.59,252.68546
2025-08-06T14:00:00.000000000,111.21,256.58451
2025-08-06T15:00:00.000000000,127.25,238.10764
2025-08-06T16:00:00.000000000,163.21,248.37763
2025-08-06T17:00:00.000000000,219.29,264.47284
2025-08-06T18:00:00.000000000,259.1,259.39928
2025-08-06T19:00:00.000000000,261.42,271.76754
2025-08-06T20:00:00.000000000,253.51,240.40232
2025-08-06T21:00:00.000000000,256.95,278.94739
2025-08-06T22:00:00.000000000,214.68,253.27786
2025-08-06T23:00:00.000000000,180.07,278.78146
2025-08-07T00:00:00.000000000,140.52,283.46405
2025-08-07T01:00:00.000000000,136.93,297.95128
2025-08-07T02:00:00.000000000,139.42,263.16478
2025-08-07T03:00:00.000000000,153.39,305.73234
2025-08-07T04:00:00.000000000,157.74,271.68105
2025-08-07T05:00:00.000000000,163.39,242.99643
2025-08-07T06:00:00.000000000,151.62,213.04327
2025-08-07T07:00:00.000000000,129.19,265.26982
2025-08-07T08:00:00.000000000,108.18,237.18417
2025-08-07T09:00:00.000000000,95.57,287.1368
2025-08-07T10:00:00.000000000,88.24,267.91316
2025-08-07T11:00:00.000000000,90.18,234.22396
2025-08-01T12:00:00.000000000,105.95,247.95954
2025-08-01T13:00:00.000000000,99.58,254.88125
2025-08-01T14:00:00.000000000,105.6,253.2648
2025-08-01T15:00:00.000000000,116.02,241.29751
2025-08-01T16:00:00.000000000,119.75,252.52761
2025-08-01T17:00:00.000000000,157.74,266.31382
2025-08-01T18:00:00.000000000,186.99,256.26244
2025-08-01T19:00:00.000000000,186.59,269.4574
2025-08-01T20:00:00.000000000,179.44,245.52561
2025-08-01T21:00:00.000000000,160.76,276.8189
2025-08-01T22:00:00.000000000,141.53,255.49582
2025-08-01T23:00:00.000000000,114.94,274.48364
2025-08-02T00:00:00.000000000,115.88,280.10129
2025-08-02T01:00:00.000000000,113.81,295.53452
2025-08-02T02:00:00.000000000,114.02,263.54263
2025-08-02T03:00:00.000000000,122.93,304.79747
2025-08-02T04:00:00.000000000,130.6,270.00707
2025-08-02T05:00:00.000000000,136.58,246.58758
2025-08-02T06:00:00.000000000,131.92,215.52938
2025-08-02T07:00:00.000000000,126.65,264.17532
2025-08-02T08:00:00.000000000,110.99,237.14084
2025-08-02T09:00:00.000000000,107.76,285.74069
2025-08-02T10:00:00.000000000,96.91,265.40535
2025-08-02T11:00:00.000000000,102.02,236.69632
2025-08-02T12:00:00.000000000,112.07,238.70841
2025-08-02T13:00:00.000000000,103.92,247.47554
2025-08-02T14:00:00.000000000,106.62,235.48862
2025-08-02T15:00:00.000000000,117.08,240.11782
2025-08-02T16:00:00.000000000,144.79,256.05017
2025-08-02T17:00:00.000000000,188.98,262.41814
2025-08-02T18:00:00.000000000,231.7,245.02713
2025-08-02T19:00:00.000000000,255.69,257.56209
2025-08-02T20:00:00.000000000,236.85,246.16949
2025-08-02T21:00:00.000000000,224.14,271.70766
2025-08-02T22:00:00.000000000,179.09,251.14482
2025-08-02T23:00:00.000000000,150.26,256.98749
2025-08-03T00:00:00.000000000,141.76,260.22496
2025-08-03T01:00:00.000000000,150.91,280.7253
2025-08-03T02:00:00.000000000,146.69,252.77414
2025-08-03T03:00:00.000000000,142.35,297.03243
2025-08-03T04:00:00.000000000,150.51,259.19948
2025-08-03T05:00:00.000000000,140.51,244.19258
2025-08-03T06:00:00.000000000,132.15,213.59863
2025-08-03T07:00:00.000000000,124.17,251.60996
2025-08-03T08:00:00.000000000,119.58,224.97004
2025-08-03T09:00:00.000000000,116.06,271.74426
2025-08-03T10:00:00.000000000,111.96,253.06281
2025-08-03T11:00:00.000000000,110.7,231.35088
2025-08-03T12:00:00.000000000,97.05,236.14122
2025-08-03T13:00:00.000000000,85.17,247.14382
2025-08-03T14:00:00.000000000,93.34,235.6923
2025-08-03T15:00:00.000000000,98.41,240.09898
2025-08-03T16:00:00.000000000,116.34,253.46487
2025-08-03T17:00:00.000000000,154.19,259.76977
2025-08-03T18:00:00.000000000,206.52,242.60251
2025-08-03T19:00:00.000000000,260.88,255.39316
2025-08-03T20:00:00.000000000,292.34,245.36203
2025-08-03T21:00:00.000000000,294.86,267.62516
2025-08-03T22:00:00.000000000,258.58,248.90655
2025-08-03T23:00:00.000000000,238.53,255.27097
2025-08-04T00:00:00.000000000,214.98,259.54125
2025-08-04T01:00:00.000000000,192.25,279.29849
2025-08-04T02:00:00.000000000,169.8,252.29076
2025-08-04T03:00:00.000000000,147.36,295.13683
2025-08-04T04:00:00.000000000,173.21,258.57996
2025-08-04T05:00:00.000000000,201.17,245.07024
2025-08-04T06:00:00.000000000,185.93,212.83321
2025-08-04T07:00:00.000000000,178.47,250.07316
2025-08-04T08:00:00.000000000,146.79,226.27712
2025-08-04T09:00:00.000000000,137.42,270.72506
2025-08-04T10:00:00.000000000,148.75,252.2184
2025-08-04T11:00:00.000000000,123.92,231.70435
2025-08-04T12:00:00.000000000,103.25,240.1541
2025-08-04T13:00:00.000000000,85.21,250.47158
2025-08-04T14:00:00.000000000,81.12,243.04721
2025-08-04T15:00:00.000000000,82.99,241.26045
2025-08-04T16:00:00.000000000,91.46,253.57163
2025-08-04T17:00:00.000000000,96.42,263.13609
2025-08-04T18:00:00.000000000,118.83,246.94468
2025-08-04T19:00:00.000000000,129.97,261.23712
2025-08-04T20:00:00.000000000,138.17,245.34438
2025-08-04T21:00:00.000000000,150.01,271.19517
2025-08-04T22:00:00.000000000,146.08,251.81761
2025-08-04T23:00:00.000000000,138.21,262.28122
2025-08-05T00:00:00.000000000,121.26,268.08952
2025-08-05T01:00:00.000000000,123.02,285.65224
2025-08-05T02:00:00.000000000,125.0,256.99722
2025-08-05T03:00:00.000000000,114.04,299.15304
2025-08-05T04:00:00.000000000,102.54,263.62192
2025-08-05T05:00:00.000000000,113.6,246.75595
2025-08-05T06:00:00.000000000,100.86,213.14883
2025-08-05T07:00:00.000000000,104.88,255.67315
2025-08-05T08:00:00.000000000,91.6,230.11964
2025-08-05T09:00:00.000000000,87.75,277.30102
2025-08-05T10:00:00.000000000,87.78,258.18357
2025-08-05T11:00:00.000000000,87.35,234.28796
2025-08-05T12:00:00.000000000,88.45,243.36612
2025-08-05T13:00:00.000000000,87.95,251.23178
2025-08-05T14:00:00.000000000,96.63,242.76836
2025-08-05T15:00:00.000000000,103.52,239.57933
2025-08-05T16:00:00.000000000,115.95,257.06929
2025-08-05T17:00:00.000000000,143.09,268.2457
2025-08-05T18:00:00.000000000,157.65,251.18435
2025-08-05T19:00:00.000000000,172.22,266.1946
2025-08-05T20:00:00.000000000,175.24,242.73311
2025-08-05T21:00:00.000000000,182.89,280.59922
2025-08-05T22:00:00.000000000,168.18,255.0401
2025-08-05T23:00:00.000000000,130.49,267.67228
2025-08-06T00:00:00.000000000,132.27,270.91101
2025-08-06T01:00:00.000000000,134.95,289.8349
2025-08-06T02:00:00.000000000,136.84,256.51312
2025-08-06T03:00:00.000000000,139.1,302.50246
2025-08-06T04:00:00.000000000,139.67,267.0258
2025-08-06T05:00:00.000000000,156.47,242.91135
2025-08-06T06:00:00.000000000,145.98,212.12384
2025-08-06T07:00:00.000000000,133.44,257.63813
2025-08-06T08:00:00.000000000,118.01,225.11895
2025-08-06T09:00:00.000000000,101.69,281.9736
2025-08-06T10:00:00.000000000,95.96,261.95968
2025-08-06T11:00:00.000000000,94.69,233.21315
2025-08-06T12:00:00.000000000,86.17,247.88975
2025-08-06T13:00:00.000000000,94.59,252.68546
2025-08-06T14:00:00.000000000,111.21,256.58451
2025-08-06T15:00:00.000000000,127.25,238.10764
2025-08-06T16:00:00.000000000,163.21,248.37763
2025-08-06T17:00:00.000000000,219.29,264.47282
2025-08-06T18:00:00.000000000,259.1,259.39926
2025-08-06T19:00:00.000000000,261.42,271.76754
2025-08-06T20:00:00.000000000,253.51,240.40232
2025-08-06T21:00:00.000000000,256.95,278.94739
2025-08-06T22:00:00.000000000,214.68,253.27786
2025-08-06T23:00:00.000000000,180.07,278.78146
2025-08-07T00:00:00.000000000,140.52,283.46405
2025-08-07T01:00:00.000000000,136.93,297.95128
2025-08-07T02:00:00.000000000,139.42,263.1648
2025-08-07T03:00:00.000000000,153.39,305.73234
2025-08-07T04:00:00.000000000,157.74,271.68105
2025-08-07T05:00:00.000000000,163.39,242.99643
2025-08-07T06:00:00.000000000,151.62,213.04327
2025-08-07T07:00:00.000000000,129.19,265.26982
2025-08-07T08:00:00.000000000,108.18,237.18417
2025-08-07T09:00:00.000000000,95.57,287.1368
2025-08-07T10:00:00.000000000,88.24,267.91314
2025-08-07T11:00:00.000000000,90.18,234.22397
2025-08-07T12:00:00.000000000,91.15,249.21355
2025-08-07T13:00:00.000000000,98.25,254.66066
2025-08-07T14:00:00.000000000,102.21,258.25918
2025-08-07T15:00:00.000000000,129.74,239.96623
2025-08-07T16:00:00.000000000,163.03,249.3164
2025-08-07T17:00:00.000000000,205.57,265.15777
2025-08-07T18:00:00.000000000,220.06,259.65917
2025-08-07T19:00:00.000000000,210.92,271.89654
2025-08-07T20:00:00.000000000,206.13,243.12456
2025-08-07T21:00:00.000000000,201.63,277.33357
2025-08-07T22:00:00.000000000,189.14,254.30448
2025-08-07T23:00:00.000000000,165.5,279.25766
2025-08-08T00:00:00.000000000,142.48,285.30136
2025-08-08T01:00:00.000000000,147.84,299.05594
2025-08-08T02:00:00.000000000,143.08,265.18364
2025-08-08T03:00:00.000000000,149.26,306.18341
2025-08-08T04:00:00.000000000,185.58,272.28789
2025-08-08T05:00:00.000000000,193.2,245.28574
2025-08-08T06:00:00.000000000,188.86,215.18854
2025-08-08T07:00:00.000000000,163.67,266.77009
2025-08-08T08:00:00.000000000,150.59,240.26576
2025-08-08T09:00:00.000000000,121.26,288.09312
2025-08-08T10:00:00.000000000,100.84,268.57647
2025-08-08T11:00:00.000000000,97.27,236.66353
2025-08-02T12:00:00.000000000,112.07,244.74341
2025-08-02T13:00:00.000000000,103.92,252.3856
2025-08-02T14:00:00.000000000,106.62,247.04233
2025-08-02T15:00:00.000000000,117.08,240.36713
2025-08-02T16:00:00.000000000,144.79,254.22976
2025-08-02T17:00:00.000000000,188.98,265.0049
2025-08-02T18:00:00.000000000,231.7,252.55941
2025-08-02T19:00:00.000000000,255.69,265.51016
2025-08-02T20:00:00.000000000,236.85,245.72951
2025-08-02T21:00:00.000000000,224.14,276.11351
2025-08-02T22:00:00.000000000,179.09,254.64576
2025-08-02T23:00:00.000000000,150.26,268.66556
2025-08-03T00:00:00.000000000,141.76,272.93367
2025-08-03T01:00:00.000000000,150.91,290.6133
2025-08-03T02:00:00.000000000,146.69,259.80959
2025-08-03T03:00:00.000000000,142.35,302.52797
2025-08-03T04:00:00.000000000,150.51,266.23377
2025-08-03T05:00:00.000000000,140.51,245.63315
2025-08-03T06:00:00.000000000,132.15,215.01691
2025-08-03T07:00:00.000000000,124.17,259.85139
2025-08-03T08:00:00.000000000,119.58,232.99744
2025-08-03T09:00:00.000000000,116.06,280.67221
2025-08-03T10:00:00.000000000,111.96,260.64994
2025-08-03T11:00:00.000000000,110.7,234.66767
2025-08-03T12:00:00.000000000,97.05,235.53163
2025-08-03T13:00:00.000000000,85.17,246.57152
2025-08-03T14:00:00.000000000,93.34,234.66179
2025-08-03T15:00:00.000000000,98.41,239.93602
2025-08-03T16:00:00.000000000,116.34,253.51965
2025-08-03T17:00:00.000000000,154.19,259.53902
2025-08-03T18:00:00.000000000,206.52,241.98027
2025-08-03T19:00:00.000000000,260.88,254.7355
2025-08-03T20:00:00.000000000,292.34,245.09273
2025-08-03T21:00:00.000000000,294.86,267.37817
2025-08-03T22:00:00.000000000,258.58,248.48595
2025-08-03T23:00:00.000000000,238.53,254.40484
2025-08-04T00:00:00.000000000,214.98,258.55358
2025-08-04T01:00:00.000000000,192.25,278.60783
2025-08-04T02:00:00.000000000,169.8,251.5982
2025-08-04T03:00:00.000000000,147.36,294.67321
2025-08-04T04:00:00.000000000,173.21,258.01703
2025-08-04T05:00:00.000000000,201.17,244.71547
2025-08-04T06:00:00.000000000,185.93,212.60071
2025-08-04T07:00:00.000000000,178.47,249.29337
2025-08-04T08:00:00.000000000,146.79,225.39631
2025-08-04T09:00:00.000000000,137.42,270.02796
2025-08-04T10:00:00.000000000,148.75,251.63571
2025-08-04T11:00:00.000000000,123.92,231.28783
2025-08-04T12:00:00.000000000,103.25,240.19603
2025-08-04T13:00:00.000000000,85.21,250.50435
2025-08-04T14:00:00.000000000,81.12,243.11877
2025-08-04T15:00:00.000000000,82.99,241.26639
2025-08-04T16:00:00.000000000,91.46,253.55952
2025-08-04T17:00:00.000000000,96.42,263.14645
2025-08-04T18:00:00.000000000,118.83,246.99384
2025-08-04T19:00:00.000000000,129.97,261.28217
2025-08-04T20:00:00.000000000,138.17,245.35493
2025-08-04T21:00:00.000000000,150.01,271.21178
2025-08-04T22:00:00.000000000,146.08,251.83902
2025-08-04T23:00:00.000000000,138.21,262.34555
2025-08-05T00:00:00.000000000,121.26,268.16043
2025-08-05T01:00:00.000000000,123.02,285.70306
2025-08-05T02:00:00.000000000,125.0,257.0424
2025-08-05T03:00:00.000000000,114.04,299.18433
2025-08-05T04:00:00.000000000,102.54,263.6601
2025-08-05T05:00:00.000000000,113.6,246.77098
2025-08-05T06:00:00.000000000,100.86,213.16269
2025-08-05T07:00:00.000000000,104.88,255.72604
2025-08-05T08:00:00.000000000,91.6,230.17927
2025-08-05T09:00:00.000000000,87.75,277.34763
2025-08-05T10:00:00.000000000,87.78,258.22449
2025-08-05T11:00:00.000000000,87.35,234.30999
2025-08-05T12:00:00.000000000,88.45,243.36306
2025-08-05T13:00:00.000000000,87.95,251.22961
2025-08-05T14:00:00.000000000,96.63,242.76398
2025-08-05T15:00:00.000000000,103.52,239.5787
2025-08-05T16:00:00.000000000,115.95,257.06992
2025-08-05T17:00:00.000000000,143.09,268.24505
2025-08-05T18:00:00.000000000,157.65,251.18123
2025-08-05T19:00:00.000000000,172.22,266.19188
2025-08-05T20:00:00.000000000,175.24,242.73197
2025-08-05T21:00:00.000000000,182.89,280.5985
2025-08-05T22:00:00.000000000,168.18,255.03858
2025-08-05T23:00:00.000000000,130.49,267.66815
2025-08-06T00:00:00.000000000,132.27,270.90657
2025-08-06T01:00:00.000000000,134.95,289.83183
2025-08-06T02:00:00.000000000,136.84,256.51025
2025-08-06T03:00:00.000000000,139.1,302.50071
2025-08-06T04:00:00.000000000,139.67,267.02363
2025-08-06T05:00:00.000000000,156.47,242.91017
2025-08-06T06:00:00.000000000,145.98,212.12249
2025-08-06T07:00:00.000000000,133.44,257.63462
2025-08-06T08:00:00.000000000,118.01,225.11503
2025-08-06T09:00:00.000000000,101.69,281.97065
2025-08-06T10:00:00.000000000,95.96,261.95705
2025-08-06T11:00:00.000000000,94.69,233.21159
2025-08-06T12:00:00.000000000,86.17,247.8898
2025-08-06T13:00:00.000000000,94.59,252.68546
2025-08-06T14:00:00.000000000,111.21,256.5847
2025-08-06T15:00:00.000000000,127.25,238.1076
2025-08-06T16:00:00.000000000,163.21,248.37748
2025-08-06T17:00:00.000000000,219.29,264.47278
2025-08-06T18:00:00.000000000,259.1,259.3994
2025-08-06T19:00:00.000000000,261.42,271.76763
2025-08-06T20:00:00.000000000,253.51,240.40225
2025-08-06T21:00:00.000000000,256.95,278.94739
2025-08-06T22:00:00.000000000,214.68,253.2778
2025-08-06T23:00:00.000000000,180.07,278.78162
2025-08-07T00:00:00.000000000,140.52,283.46422
2025-08-07T01:00:00.000000000,136.93,297.95139
2025-08-07T02:00:00.000000000,139.42,263.16487
2025-08-07T03:00:00.000000000,153.39,305.73239
2025-08-07T04:00:00.000000000,157.74,271.68111
2025-08-07T05:00:00.000000000,163.39,242.99641
2025-08-07T06:00:00.000000000,151.62,213.04329
2025-08-07T07:00:00.000000000,129.19,265.26993
2025-08-07T08:00:00.000000000,108.18,237.18429
2025-08-07T09:00:00.000000000,95.57,287.13684
2025-08-07T10:00:00.000000000,88.24,267.91324
2025-08-07T11:00:00.000000000,90.18,234.22396
2025-08-07T12:00:00.000000000,91.15,249.21355
2025-08-07T13:00:00.000000000,98.25,254.66066
2025-08-07T14:00:00.000000000,102.21,258.25918
2025-08-07T15:00:00.000000000,129.74,239.96623
2025-08-07T16:00:00.000000000,163.03,249.3164
2025-08-07T17:00:00.000000000,205.57,265.15777
2025-08-07T18:00:00.000000000,220.06,259.65917
2025-08-07T19:00:00.000000000,210.92,271.89656
2025-08-07T20:00:00.000000000,206.13,243.12456
2025-08-07T21:00:00.000000000,201.63,277.33359
2025-08-07T22:00:00.000000000,189.14,254.30448
2025-08-07T23:00:00.000000000,165.5,279.25766
2025-08-08T00:00:00.000000000,142.48,285.30136
2025-08-08T01:00:00.000000000,147.84,299.05594
2025-08-08T02:00:00.000000000,143.08,265.18364
2025-08-08T03:00:00.000000000,149.26,306.18341
2025-08-08T04:00:00.000000000,185.58,272.28789
2025-08-08T05:00:00.000000000,193.2,245.28574
2025-08-08T06:00:00.000000000,188.86,215.18855
2025-08-08T07:00:00.000000000,163.67,266.77009
2025-08-08T08:00:00.000000000,150.59,240.26573
2025-08-08T09:00:00.000000000,121.26,288.09312
2025-08-08T10:00:00.000000000,100.84,268.57647
2025-08-08T11:00:00.000000000,97.27,236.66353
2025-08-08T12:00:00.000000000,96.17,247.77955
2025-08-08T13:00:00.000000000,103.34,254.57307
2025-08-08T14:00:00.000000000,103.13,254.0625
2025-08-08T15:00:00.000000000,119.57,241.17909
2025-08-08T16:00:00.000000000,151.04,251.81976
2025-08-08T17:00:00.000000000,201.7,265.81503
2025-08-08T18:00:00.000000000,228.93,256.72082
2025-08-08T19:00:00.000000000,235.64,269.6199
2025-08-08T20:00:00.000000000,237.04,244.95992
2025-08-08T21:00:00.000000000,235.12,276.5758
2025-08-08T22:00:00.000000000,195.24,254.98991
2025-08-08T23:00:00.000000000,177.73,275.18905
2025-08-09T00:00:00.000000000,168.54,281.0113
2025-08-09T01:00:00.000000000,171.66,295.92781
2025-08-09T02:00:00.000000000,165.98,263.59029
2025-08-09T03:00:00.000000000,164.03,304.96157
2025-08-09T04:00:00.000000000,169.35,270.5798
2025-08-09T05:00:00.000000000,166.22,246.48014
2025-08-09T06:00:00.000000000,151.7,215.30263
2025-08-09T07:00:00.000000000,114.34,264.44507
2025-08-09T08:00:00.000000000,113.4,237.79834
2025-08-09T09:00:00.000000000,105.09,286.03084
2025-08-09T10:00:00.000000000,90.64,266.25021
2025-08-09T11:00:00.000000000,87.97,236.75494
2025-08-03T12:00:00.000000000,97.05,241.65944
2025-08-03T13:00:00.000000000,85.17,252.2554
2025-08-03T14:00:00.000000000,93.34,245.92515
2025-08-03T15:00:00.000000000,98.41,241.00431
2025-08-03T16:00:00.000000000,116.34,252.16954
2025-08-03T17:00:00.000000000,154.19,262.67602
2025-08-03T18:00:00.000000000,206.52,248.90977
2025-08-03T19:00:00.000000000,260.88,262.50126
2025-08-03T20:00:00.000000000,292.34,245.6317
2025-08-03T21:00:00.000000000,294.86,271.27246
2025-08-03T22:00:00.000000000,258.58,252.13329
2025-08-03T23:00:00.000000000,238.53,265.12958
2025-08-04T00:00:00.000000000,214.98,270.72742
2025-08-04T01:00:00.000000000,192.25,287.90361
2025-08-04T02:00:00.000000000,169.8,258.98176
2025-08-04T03:00:00.000000000,147.36,299.87193
2025-08-04T04:00:00.000000000,173.21,264.9471
2025-08-04T05:00:00.000000000,201.17,246.66438
2025-08-04T06:00:00.000000000,185.93,214.09119
2025-08-04T07:00:00.000000000,178.47,257.30007
2025-08-04T08:00:00.000000000,146.79,233.29603
2025-08-04T09:00:00.000000000,137.42,278.75556
2025-08-04T10:00:00.000000000,148.75,258.7055
2025-08-04T11:00:00.000000000,123.92,235.17287
2025-08-04T12:00:00.000000000,103.25,239.71043
2025-08-04T13:00:00.000000000,85.21,250.10896
2025-08-04T14:00:00.000000000,81.12,242.27796
2025-08-04T15:00:00.000000000,82.99,241.18324
2025-08-04T16:00:00.000000000,91.46,253.70735
2025-08-04T17:00:00.000000000,96.42,263.03992
2025-08-04T18:00:00.000000000,118.83,246.43953
2025-08-04T19:00:00.000000000,129.97,260.77352
2025-08-04T20:00:00.000000000,138.17,245.20425
2025-08-04T21:00:00.000000000,150.01,271.0614
2025-08-04T22:00:00.000000000,146.08,251.58906
2025-08-04T23:00:00.000000000,138.21,261.61445
2025-08-05T00:00:00.000000000,121.26,267.34456
2025-08-05T01:00:00.000000000,123.02,285.13254
2025-08-05T02:00:00.000000000,125.0,256.50813
2025-08-05T03:00:00.000000000,114.04,298.83584
2025-08-05T04:00:00.000000000,102.54,263.22532
2025-08-05T05:00:00.000000000,113.6,246.56638
2025-08-05T06:00:00.000000000,100.86,212.98862
2025-08-05T07:00:00.000000000,104.88,255.10917
2025-08-05T08:00:00.000000000,91.6,229.45273
2025-08-05T09:00:00.000000000,87.75,276.81559
2025-08-05T10:00:00.000000000,87.78,257.75853
2025-08-05T11:00:00.000000000,87.35,234.03653
2025-08-05T12:00:00.000000000,88.45,243.39846
2025-08-05T13:00:00.000000000,87.95,251.25464
2025-08-05T14:00:00.000000000,96.63,242.81434
2025-08-05T15:00:00.000000000,103.52,239.58567
2025-08-05T16:00:00.000000000,115.95,257.06223
2025-08-05T17:00:00.000000000,143.09,268.25265
2025-08-05T18:00:00.000000000,157.65,251.21758
2025-08-05T19:00:00.000000000,172.22,266.22322
2025-08-05T20:00:00.000000000,175.24,242.74495
2025-08-05T21:00:00.000000000,182.89,280.60691
2025-08-05T22:00:00.000000000,168.18,255.05546
2025-08-05T23:00:00.000000000,130.49,267.71589
2025-08-06T00:00:00.000000000,132.27,270.95785
2025-08-06T01:00:00.000000000,134.95,289.86725
2025-08-06T02:00:00.000000000,136.84,256.54327
2025-08-06T03:00:00.000000000,139.1,302.52113
2025-08-06T04:00:00.000000000,139.67,267.04894
2025-08-06T05:00:00.000000000,156.47,242.9239
2025-08-06T06:00:00.000000000,145.98,212.13811
2025-08-06T07:00:00.000000000,133.44,257.67518
2025-08-06T08:00:00.000000000,118.01,225.16049
2025-08-06T09:00:00.000000000,101.69,282.00441
2025-08-06T10:00:00.000000000,95.96,261.98758
2025-08-06T11:00:00.000000000,94.69,233.22936
2025-08-06T12:00:00.000000000,86.17,247.88895
2025-08-06T13:00:00.000000000,94.59,252.68541
2025-08-06T14:00:00.000000000,111.21,256.58261
2025-08-06T15:00:00.000000000,127.25,238.10787
2025-08-06T16:00:00.000000000,163.21,248.379
2025-08-06T17:00:00.000000000,219.29,264.4733
2025-08-06T18:00:00.000000000,259.1,259.39776
2025-08-06T19:00:00.000000000,261.42,271.76668
2025-08-06T20:00:00.000000000,253.51,240.40286
2025-08-06T21:00:00.000000000,256.95,278.94758
2025-08-06T22:00:00.000000000,214.68,253.27828
2025-08-06T23:00:00.000000000,180.07,278.77969
2025-08-07T00:00:00.000000000,140.52,283.46213
2025-08-07T01:00:00.000000000,136.93,297.95002
2025-08-07T02:00:00.000000000,139.42,263.16388
2025-08-07T03:00:00.000000000,153.39,305.73188
2025-08-07T04:00:00.000000000,157.74,271.68033
2025-08-07T05:00:00.000000000,163.39,242.99673
2025-08-07T06:00:00.000000000,151.62,213.04312
2025-08-07T07:00:00.000000000,129.19,265.26877
2025-08-07T08:00:00.000000000,108.18,237.18267
2025-08-07T09:00:00.000000000,95.57,287.13604
2025-08-07T10:00:00.000000000,88.24,267.91219
2025-08-07T11:00:00.000000000,90.18,234.224
2025-08-07T12:00:00.000000000,91.15,249.21357
2025-08-07T13:00:00.000000000,98.25,254.66066
2025-08-07T14:00:00.000000000,102.21,258.25926
2025-08-07T15:00:00.000000000,129.74,239.96623
2025-08-07T16:00:00.000000000,163.03,249.31635
2025-08-07T17:00:00.000000000,205.57,265.15775
2025-08-07T18:00:00.000000000,220.06,259.65921
2025-08-07T19:00:00.000000000,210.92,271.89656
2025-08-07T20:00:00.000000000,206.13,243.12456
2025-08-07T21:00:00.000000000,201.63,277.33357
2025-08-07T22:00:00.000000000,189.14,254.30443
2025-08-07T23:00:00.000000000,165.5,279.25774
2025-08-08T00:00:00.000000000,142.48,285.30141
2025-08-08T01:00:00.000000000,147.84,299.05599
2025-08-08T02:00:00.000000000,143.08,265.18369
2025-08-08T03:00:00.000000000,149.26,306.18341
2025-08-08T04:00:00.000000000,185.58,272.28793
2025-08-08T05:00:00.000000000,193.2,245.28574
2025-08-08T06:00:00.000000000,188.86,215.18856
2025-08-08T07:00:00.000000000,163.67,266.77013
2025-08-08T08:00:00.000000000,150.59,240.26582
2025-08-08T09:00:00.000000000,121.26,288.09317
2025-08-08T10:00:00.000000000,100.84,268.57649
2025-08-08T11:00:00.000000000,97.27,236.66354
2025-08-08T12:00:00.000000000,96.17,247.77955
2025-08-08T13:00:00.000000000,103.34,254.57307
2025-08-08T14:00:00.000000000,103.13,254.0625
2025-08-08T15:00:00.000000000,119.57,241.17911
2025-08-08T16:00:00.000000000,151.04,251.81976
2025-08-08T17:00:00.000000000,201.7,265.81505
2025-08-08T18:00:00.000000000,228.93,256.72079
2025-08-08T19:00:00.000000000,235.64,269.6199
2025-08-08T20:00:00.000000000,237.04,244.95992
2025-08-08T21:00:00.000000000,235.12,276.5758
2025-08-08T22:00:00.000000000,195.24,254.98991
2025-08-08T23:00:00.000000000,177.73,275.18905
2025-08-09T00:00:00.000000000,168.54,281.0113
2025-08-09T01:00:00.000000000,171.66,295.92783
2025-08-09T02:00:00.000000000,165.98,263.59029
2025-08-09T03:00:00.000000000,164.03,304.96157
2025-08-09T04:00:00.000000000,169.35,270.5798
2025-08-09T05:00:00.000000000,166.22,246.48014
2025-08-09T06:00:00.000000000,151.7,215.30264
2025-08-09T07:00:00.000000000,114.34,264.44505
2025-08-09T08:00:00.000000000,113.4,237.79834
2025-08-09T09:00:00.000000000,105.09,286.03084
2025-08-09T10:00:00.000000000,90.64,266.25019
2025-08-09T11:00:00.000000000,87.97,236.75494
2025-08-09T12:00:00.000000000,83.84,244.22621
2025-08-09T13:00:00.000000000,86.41,252.21768
2025-08-09T14:00:00.000000000,98.68,245.53081
2025-08-09T15:00:00.000000000,107.84,240.42731
2025-08-09T16:00:00.000000000,138.94,254.9662
2025-08-09T17:00:00.000000000,152.03,266.35613
2025-08-09T18:00:00.000000000,185.01,251.75035
2025-08-09T19:00:00.000000000,205.5,265.7609
2025-08-09T20:00:00.000000000,214.32,244.6279
2025-08-09T21:00:00.000000000,184.01,277.31
2025-08-09T22:00:00.000000000,153.63,254.69839
2025-08-09T23:00:00.000000000,180.11,268.3103
2025-08-10T00:00:00.000000000,182.88,272.34541
2025-08-10T01:00:00.000000000,193.29,290.57723
2025-08-10T02:00:00.000000000,192.07,259.01893
2025-08-10T03:00:00.000000000,209.14,302.39095
2025-08-10T04:00:00.000000000,201.76,266.54743
2025-08-10T05:00:00.000000000,212.14,244.92587
2025-08-10T06:00:00.000000000,217.86,213.81866
2025-08-10T07:00:00.000000000,182.86,259.01229
2025-08-10T08:00:00.000000000,154.58,230.21881
2025-08-10T09:00:00.000000000,133.91,281.5256
2025-08-10T10:00:00.000000000,121.62,260.96077
2025-08-10T11:00:00.000000000,124.2,234.15382
2025-08-04T12:00:00.000000000,103.25,243.61968
2025-08-04T13:00:00.000000000,85.21,253.95552
2025-08-04T14:00:00.000000000,81.12,247.36243
2025-08-04T15:00:00.000000000,82.99,242.1887
2025-08-04T16:00:00.000000000,91.46,252.91506
2025-08-04T17:00:00.000000000,96.42,265.66446
2025-08-04T18:00:00.000000000,118.83,250.73269
2025-08-04T19:00:00.000000000,129.97,265.32768
2025-08-04T20:00:00.000000000,138.17,244.768
2025-08-04T21:00:00.000000000,150.01,273.9602
2025-08-04T22:00:00.000000000,146.08,253.0605
2025-08-04T23:00:00.000000000,138.21,268.97174
2025-08-05T00:00:00.000000000,121.26,274.52038
2025-08-05T01:00:00.000000000,123.02,291.187
2025-08-05T02:00:00.000000000,125.0,260.12159
2025-08-05T03:00:00.000000000,114.04,301.44264
2025-08-05T04:00:00.000000000,102.54,268.20014
2025-08-05T05:00:00.000000000,113.6,246.17672
2025-08-05T06:00:00.000000000,100.86,213.36017
2025-08-05T07:00:00.000000000,104.88,259.17479
2025-08-05T08:00:00.000000000,91.6,232.11604
2025-08-05T09:00:00.000000000,87.75,283.51687
2025-08-05T10:00:00.000000000,87.78,262.66753
2025-08-05T11:00:00.000000000,87.35,236.23341
2025-08-05T12:00:00.000000000,88.45,243.10697
2025-08-05T13:00:00.000000000,87.95,251.02214
2025-08-05T14:00:00.000000000,96.63,242.37825
2025-08-05T15:00:00.000000000,103.52,239.50238
2025-08-05T16:00:00.000000000,115.95,257.13454
2025-08-05T17:00:00.000000000,143.09,268.19652
2025-08-05T18:00:00.000000000,157.65,250.93725
2025-08-05T19:00:00.000000000,172.22,265.97833
2025-08-05T20:00:00.000000000,175.24,242.61052
2025-08-05T21:00:00.000000000,182.89,280.58815
2025-08-05T22:00:00.000000000,168.18,254.91903
2025-08-05T23:00:00.000000000,130.49,267.33072
2025-08-06T00:00:00.000000000,132.27,270.51912
2025-08-06T01:00:00.000000000,134.95,289.5728
2025-08-06T02:00:00.000000000,136.84,256.24413
2025-08-06T03:00:00.000000000,139.1,302.36592
2025-08-06T04:00:00.000000000,139.67,266.83939
2025-08-06T05:00:00.000000000,156.47,242.77514
2025-08-06T06:00:00.000000000,145.98,211.99236
2025-08-06T07:00:00.000000000,133.44,257.33421
2025-08-06T08:00:00.000000000,118.01,224.74219
2025-08-06T09:00:00.000000000,101.69,281.71839
2025-08-06T10:00:00.000000000,95.96,261.73928
2025-08-06T11:00:00.000000000,94.69,233.05238
2025-08-06T12:00:00.000000000,86.17,247.89662
2025-08-06T13:00:00.000000000,94.59,252.68596
2025-08-06T14:00:00.000000000,111.21,256.60042
2025-08-06T15:00:00.000000000,127.25,238.10576
2025-08-06T16:00:00.000000000,163.21,248.36642
2025-08-06T17:00:00.000000000,219.29,264.46905
2025-08-06T18:00:00.000000000,259.1,259.41194
2025-08-06T19:00:00.000000000,261.42,271.7749
2025-08-06T20:00:00.000000000,253.51,240.39819
2025-08-06T21:00:00.000000000,256.95,278.94591
2025-08-06T22:00:00.000000000,214.68,253.27432
2025-08-06T23:00:00.000000000,180.07,278.79612
2025-08-07T00:00:00.000000000,140.52,283.4803
2025-08-07T01:00:00.000000000,136.93,297.96205
2025-08-07T02:00:00.000000000,139.42,263.17252
2025-08-07T03:00:00.000000000,153.39,305.7366
2025-08-07T04:00:00.000000000,157.74,271.68712
2025-08-07T05:00:00.000000000,163.39,242.99428
2025-08-07T06:00:00.000000000,151.62,213.04471
2025-08-07T07:00:00.000000000,129.19,265.27876
2025-08-07T08:00:00.000000000,108.18,237.19679
2025-08-07T09:00:00.000000000,95.57,287.14304
2025-08-07T10:00:00.000000000,88.24,267.92146
2025-08-07T11:00:00.000000000,90.18,234.22381
2025-08-07T12:00:00.000000000,91.15,249.21332
2025-08-07T13:00:00.000000000,98.25,254.66066
2025-08-07T14:00:00.000000000,102.21,258.25865
2025-08-07T15:00:00.000000000,129.74,239.9663
2025-08-07T16:00:00.000000000,163.03,249.31684
2025-08-07T17:00:00.000000000,205.57,265.15796
2025-08-07T18:00:00.000000000,220.06,259.65872
2025-08-07T19:00:00.000000000,210.92,271.89631
2025-08-07T20:00:00.000000000,206.13,243.12465
2025-08-07T21:00:00.000000000,201.63,277.33374
2025-08-07T22:00:00.000000000,189.14,254.3046
2025-08-07T23:00:00.000000000,165.5,279.25726
2025-08-08T00:00:00.000000000,142.48,285.30088
2025-08-08T01:00:00.000000000,147.84,299.05565
2025-08-08T02:00:00.000000000,143.08,265.18337
2025-08-08T03:00:00.000000000,149.26,306.18326
2025-08-08T04:00:00.000000000,185.58,272.28776
2025-08-08T05:00:00.000000000,193.2,245.28578
2025-08-08T06:00:00.000000000,188.86,215.18848
2025-08-08T07:00:00.000000000,163.67,266.76977
2025-08-08T08:00:00.000000000,150.59,240.26527
2025-08-08T09:00:00.000000000,121.26,288.093
2025-08-08T10:00:00.000000000,100.84,268.57626
2025-08-08T11:00:00.000000000,97.27,236.66356
2025-08-08T12:00:00.000000000,96.17,247.77955
2025-08-08T13:00:00.000000000,103.34,254.57307
2025-08-08T14:00:00.000000000,103.13,254.06254
2025-08-08T15:00:00.000000000,119.57,241.17911
2025-08-08T16:00:00.000000000,151.04,251.81976
2025-08-08T17:00:00.000000000,201.7,265.81503
2025-08-08T18:00:00.000000000,228.93,256.72082
2025-08-08T19:00:00.000000000,235.64,269.61992
2025-08-08T20:00:00.000000000,237.04,244.95992
2025-08-08T21:00:00.000000000,235.12,276.5758
2025-08-08T22:00:00.000000000,195.24,254.98987
2025-08-08T23:00:00.000000000,177.73,275.18905
2025-08-09T00:00:00.000000000,168.54,281.01132
2025-08-09T01:00:00.000000000,171.66,295.92783
2025-08-09T02:00:00.000000000,165.98,263.59031
2025-08-09T03:00:00.000000000,164.03,304.96159
2025-08-09T04:00:00.000000000,169.35,270.5798
2025-08-09T05:00:00.000000000,166.22,246.48016
2025-08-09T06:00:00.000000000,151.7,215.30264
2025-08-09T07:00:00.000000000,114.34,264.44507
2025-08-09T08:00:00.000000000,113.4,237.79838
2025-08-09T09:00:00.000000000,105.09,286.03084
2025-08-09T10:00:00.000000000,90.64,266.25021
2025-08-09T11:00:00.000000000,87.97,236.75494
2025-08-09T12:00:00.000000000,83.84,244.22621
2025-08-09T13:00:00.000000000,86.41,252.21768
2025-08-09T14:00:00.000000000,98.68,245.53081
2025-08-09T15:00:00.000000000,107.84,240.42731
2025-08-09T16:00:00.000000000,138.94,254.9662
2025-08-09T17:00:00.000000000,152.03,266.35613
2025-08-09T18:00:00.000000000,185.01,251.75035
2025-08-09T19:00:00.000000000,205.5,265.7609
2025-08-09T20:00:00.000000000,214.32,244.6279
2025-08-09T21:00:00.000000000,184.01,277.31
2025-08-09T22:00:00.000000000,153.63,254.69839
2025-08-09T23:00:00.000000000,180.11,268.3103
2025-08-10T00:00:00.000000000,182.88,272.34541
2025-08-10T01:00:00.000000000,193.29,290.57723
2025-08-10T02:00:00.000000000,192.07,259.01893
2025-08-10T03:00:00.000000000,209.14,302.39095
2025-08-10T04:00:00.000000000,201.76,266.54743
2025-08-10T05:00:00.000000000,212.14,244.92587
2025-08-10T06:00:00.000000000,217.86,213.81866
2025-08-10T07:00:00.000000000,182.86,259.01229
2025-08-10T08:00:00.000000000,154.58,230.21881
2025-08-10T09:00:00.000000000,133.91,281.5256
2025-08-10T10:00:00.000000000,121.62,260.96077
2025-08-10T11:00:00.000000000,124.2,234.15382
2025-08-10T12:00:00.000000000,117.17,243.43968
2025-08-10T13:00:00.000000000,114.29,254.38208
2025-08-10T14:00:00.000000000,118.14,247.87597
2025-08-10T15:00:00.000000000,126.51,241.91295
2025-08-10T16:00:00.000000000,159.03,252.27508
2025-08-10T17:00:00.000000000,201.91,265.14462
2025-08-10T18:00:00.000000000,245.94,250.70058
2025-08-10T19:00:00.000000000,266.09,265.05861
2025-08-10T20:00:00.000000000,260.76,244.54954
2025-08-10T21:00:00.000000000,252.89,273.42906
2025-08-10T22:00:00.000000000,229.67,252.57915
2025-08-10T23:00:00.000000000,215.82,269.4724
2025-08-11T00:00:00.000000000,207.04,275.12251
2025-08-11T01:00:00.000000000,205.85,291.93779
2025-08-11T02:00:00.000000000,194.53,260.57229
2025-08-11T03:00:00.000000000,203.07,301.21537
2025-08-11T04:00:00.000000000,223.93,268.27368
2025-08-11T05:00:00.000000000,242.29,245.88642
2025-08-11T06:00:00.000000000,243.46,213.85901
2025-08-11T07:00:00.000000000,224.86,259.05435
2025-08-11T08:00:00.000000000,210.8,233.17652
2025-08-11T09:00:00.000000000,186.08,283.58664
2025-08-11T10:00:00.000000000,181.01,262.21476
2025-08-11T11:00:00.000000000,181.37,236.60777
2025-08-05T12:00:00.000000000,88.45,248.84759
2025-08-05T13:00:00.000000000,87.95,255.5163
2025-08-05T14:00:00.000000000,96.63,251.20369
2025-08-05T15:00:00.000000000,103.52,240.6468
2025-08-05T16:00:00.000000000,115.95,253.96753
2025-08-05T17:00:00.000000000,143.09,269.71676
2025-08-05T18:00:00.000000000,157.65,257.42852
2025-08-05T19:00:00.000000000,172.22,271.81794
2025-08-05T20:00:00.000000000,175.24,242.18166
2025-08-05T21:00:00.000000000,182.89,282.06039
2025-08-05T22:00:00.000000000,168.18,256.27949
2025-08-05T23:00:00.000000000,130.49,277.89389
2025-08-06T00:00:00.000000000,132.27,281.43592
2025-08-06T01:00:00.000000000,134.95,297.673
2025-08-06T02:00:00.000000000,136.84,261.88924
2025-08-06T03:00:00.000000000,139.1,305.33014
2025-08-06T04:00:00.000000000,139.67,272.97071
2025-08-06T05:00:00.000000000,156.47,243.2438
2025-08-06T06:00:00.000000000,145.98,213.46349
2025-08-06T07:00:00.000000000,133.44,263.82122
2025-08-06T08:00:00.000000000,118.01,231.59872
2025-08-06T09:00:00.000000000,101.69,290.07707
2025-08-06T10:00:00.000000000,95.96,268.69074
2025-08-06T11:00:00.000000000,94.69,235.99898
2025-08-06T12:00:00.000000000,86.17,247.72717
2025-08-06T13:00:00.000000000,94.59,252.66114
2025-08-06T14:00:00.000000000,111.21,256.16474
2025-08-06T15:00:00.000000000,127.25,238.13244
2025-08-06T16:00:00.000000000,163.21,248.68082
2025-08-06T17:00:00.000000000,219.29,264.5932
2025-08-06T18:00:00.000000000,259.1,259.10161
2025-08-06T19:00:00.000000000,261.42,271.60582
2025-08-06T20:00:00.000000000,253.51,240.47505
2025-08-06T21:00:00.000000000,256.95,279.04794
2025-08-06T22:00:00.000000000,214.68,253.38067
2025-08-06T23:00:00.000000000,180.07,278.43889
2025-08-07T00:00:00.000000000,140.52,283.05757
2025-08-07T01:00:00.000000000,136.93,297.69407
2025-08-07T02:00:00.000000000,139.42,262.94847
2025-08-07T03:00:00.000000000,153.39,305.63774
2025-08-07T04:00:00.000000000,157.74,271.54223
2025-08-07T05:00:00.000000000,163.39,243.01695
2025-08-07T06:00:00.000000000,151.62,212.99119
2025-08-07T07:00:00.000000000,129.19,265.04767
2025-08-07T08:00:00.000000000,108.18,236.81628
2025-08-07T09:00:00.000000000,95.57,287.00073
2025-08-07T10:00:00.000000000,88.24,267.72565
2025-08-07T11:00:00.000000000,90.18,234.20804
2025-08-07T12:00:00.000000000,91.15,249.21962
2025-08-07T13:00:00.000000000,98.25,254.66095
2025-08-07T14:00:00.000000000,102.21,258.27287
2025-08-07T15:00:00.000000000,129.74,239.96543
2025-08-07T16:00:00.000000000,163.03,249.30622
2025-08-07T17:00:00.000000000,205.57,265.15358
2025-08-07T18:00:00.000000000,220.06,259.67008
2025-08-07T19:00:00.000000000,210.92,271.90212
2025-08-07T20:00:00.000000000,206.13,243.1233
2025-08-07T21:00:00.000000000,201.63,277.33008
2025-08-07T22:00:00.000000000,189.14,254.30106
2025-08-07T23:00:00.000000000,165.5,279.26823
2025-08-08T00:00:00.000000000,142.48,285.31367
2025-08-08T01:00:00.000000000,147.84,299.06313
2025-08-08T02:00:00.000000000,143.08,265.19064
2025-08-08T03:00:00.000000000,149.26,306.18714
2025-08-08T04:00:00.000000000,185.58,272.29185
2025-08-08T05:00:00.000000000,193.2,245.28525
2025-08-08T06:00:00.000000000,188.86,215.19038
2025-08-08T07:00:00.000000000,163.67,266.77774
2025-08-08T08:00:00.000000000,150.59,240.27838
2025-08-08T09:00:00.000000000,121.26,288.09612
2025-08-08T10:00:00.000000000,100.84,268.58189
2025-08-08T11:00:00.000000000,97.27,236.66337
2025-08-08T12:00:00.000000000,96.17,247.7793
2025-08-08T13:00:00.000000000,103.34,254.57298
2025-08-08T14:00:00.000000000,103.13,254.06203
2025-08-08T15:00:00.000000000,119.57,241.17909
2025-08-08T16:00:00.000000000,151.04,251.82005
2025-08-08T17:00:00.000000000,201.7,265.81516
2025-08-08T18:00:00.000000000,228.93,256.72044
2025-08-08T19:00:00.000000000,235.64,269.61971
2025-08-08T20:00:00.000000000,237.04,244.9599
2025-08-08T21:00:00.000000000,235.12,276.57591
2025-08-08T22:00:00.000000000,195.24,254.98995
2025-08-08T23:00:00.000000000,177.73,275.18867
2025-08-09T00:00:00.000000000,168.54,281.01086
2025-08-09T01:00:00.000000000,171.66,295.92753
2025-08-09T02:00:00.000000000,165.98,263.59004
2025-08-09T03:00:00.000000000,164.03,304.96145
2025-08-09T04:00:00.000000000,169.35,270.57961
2025-08-09T05:00:00.000000000,166.22,246.48011
2025-08-09T06:00:00.000000000,151.7,215.30254
2025-08-09T07:00:00.000000000,114.34,264.44477
2025-08-09T08:00:00.000000000,113.4,237.79788
2025-08-09T09:00:00.000000000,105.09,286.03067
2025-08-09T10:00:00.000000000,90.64,266.25002
2025-08-09T11:00:00.000000000,87.97,236.75489
2025-08-09T12:00:00.000000000,83.84,244.22625
2025-08-09T13:00:00.000000000,86.41,252.2177
2025-08-09T14:00:00.000000000,98.68,245.53085
2025-08-09T15:00:00.000000000,107.84,240.42733
2025-08-09T16:00:00.000000000,138.94,254.9662
2025-08-09T17:00:00.000000000,152.03,266.35613
2025-08-09T18:00:00.000000000,185.01,251.75035
2025-08-09T19:00:00.000000000,205.5,265.7609
2025-08-09T20:00:00.000000000,214.32,244.62792
2025-08-09T21:00:00.000000000,184.01,277.31
2025-08-09T22:00:00.000000000,153.63,254.69839
2025-08-09T23:00:00.000000000,180.11,268.31032
2025-08-10T00:00:00.000000000,182.88,272.34545
2025-08-10T01:00:00.000000000,193.29,290.57725
2025-08-10T02:00:00.000000000,192.07,259.01895
2025-08-10T03:00:00.000000000,209.14,302.39097
2025-08-10T04:00:00.000000000,201.76,266.54743
2025-08-10T05:00:00.000000000,212.14,244.92589
2025-08-10T06:00:00.000000000,217.86,213.81866
2025-08-10T07:00:00.000000000,182.86,259.01231
2025-08-10T08:00:00.000000000,154.58,230.21885
2025-08-10T09:00:00.000000000,133.91,281.5256
2025-08-10T10:00:00.000000000,121.62,260.96077
2025-08-10T11:00:00.000000000,124.2,234.15382
2025-08-10T12:00:00.000000000,117.17,243.43968
2025-08-10T13:00:00.000000000,114.29,254.38208
2025-08-10T14:00:00.000000000,118.14,247.87597
2025-08-10T15:00:00.000000000,126.51,241.91295
2025-08-10T16:00:00.000000000,159.03,252.27508
2025-08-10T17:00:00.000000000,201.91,265.14462
2025-08-10T18:00:00.000000000,245.94,250.70058
2025-08-10T19:00:00.000000000,266.09,265.05861
2025-08-10T20:00:00.000000000,260.76,244.54954
2025-08-10T21:00:00.000000000,252.89,273.42906
2025-08-10T22:00:00.000000000,229.67,252.57915
2025-08-10T23:00:00.000000000,215.82,269.4724
2025-08-11T00:00:00.000000000,207.04,275.12251
2025-08-11T01:00:00.000000000,205.85,291.93779
2025-08-11T02:00:00.000000000,194.53,260.57229
2025-08-11T03:00:00.000000000,203.07,301.21537
2025-08-11T04:00:00.000000000,223.93,268.27368
2025-08-11T05:00:00.000000000,242.29,245.88642
2025-08-11T06:00:00.000000000,243.46,213.85901
2025-08-11T07:00:00.000000000,224.86,259.05435
2025-08-11T08:00:00.000000000,210.8,233.17652
2025-08-11T09:00:00.000000000,186.08,283.58664
2025-08-11T10:00:00.000000000,181.01,262.21476
2025-08-11T11:00:00.000000000,181.37,236.60777
2025-08-11T12:00:00.000000000,190.77,246.81316
2025-08-11T13:00:00.000000000,204.29,254.23338
2025-08-11T14:00:00.000000000,238.39,259.97578
2025-08-11T15:00:00.000000000,279.19,241.95711
2025-08-11T16:00:00.000000000,318.22,242.43563
2025-08-11T17:00:00.000000000,336.81,262.16788
2025-08-11T18:00:00.000000000,344.74,259.09103
2025-08-11T19:00:00.000000000,350.27,270.16694
2025-08-11T20:00:00.000000000,349.11,240.41348
2025-08-11T21:00:00.000000000,331.48,270.45327
2025-08-11T22:00:00.000000000,291.75,248.85627
2025-08-11T23:00:00.000000000,282.02,279.5497
2025-08-12T00:00:00.000000000,283.92,287.48118
2025-08-12T01:00:00.000000000,276.01,299.50296
2025-08-12T02:00:00.000000000,269.14,266.76689
2025-08-12T03:00:00.000000000,292.28,303.99931
2025-08-12T04:00:00.000000000,317.06,273.82252
2025-08-12T05:00:00.000000000,312.9,245.22619
2025-08-12T06:00:00.000000000,300.79,213.38665
2025-08-12T07:00:00.000000000,282.69,264.54688
2025-08-12T08:00:00.000000000,264.02,243.01851
2025-08-12T09:00:00.000000000,240.62,288.60055
2025-08-12T10:00:00.000000000,219.39,269.05804
2025-08-12T11:00:00.000000000,199.64,236.36592
2025-08-06T12:00:00.000000000,86.17,249.15036
2025-08-06T13:00:00.000000000,94.59,251.85307
2025-08-06T14:00:00.000000000,111.21,261.12698
2025-08-06T15:00:00.000000000,127.25,236.86411
2025-08-06T16:00:00.000000000,163.21,242.38896
2025-08-06T17:00:00.000000000,219.29,262.61323
2025-08-06T18:00:00.000000000,259.1,263.56313
2025-08-06T19:00:00.000000000,261.42,273.82163
2025-08-06T20:00:00.000000000,253.51,235.81406
2025-08-06T21:00:00.000000000,256.95,278.15957
2025-08-06T22:00:00.000000000,214.68,249.77812
2025-08-06T23:00:00.000000000,180.07,284.94164
2025-08-07T00:00:00.000000000,140.52,289.53496
2025-08-07T01:00:00.000000000,136.93,302.56485
2025-08-07T02:00:00.000000000,139.42,264.98739
2025-08-07T03:00:00.000000000,153.39,306.05369
2025-08-07T04:00:00.000000000,157.74,274.38604
2025-08-07T05:00:00.000000000,163.39,239.83454
2025-08-07T06:00:00.000000000,151.62,212.19306
2025-08-07T07:00:00.000000000,129.19,266.74065
2025-08-07T08:00:00.000000000,108.18,239.60146
2025-08-07T09:00:00.000000000,95.57,290.23969
2025-08-07T10:00:00.000000000,88.24,271.22063
2025-08-07T11:00:00.000000000,90.18,232.97165
2025-08-07T12:00:00.000000000,91.15,249.14073
2025-08-07T13:00:00.000000000,98.25,254.64858
2025-08-07T14:00:00.000000000,102.21,258.05799
2025-08-07T15:00:00.000000000,129.74,239.95681
2025-08-07T16:00:00.000000000,163.03,249.47125
2025-08-07T17:00:00.000000000,205.57,265.23872
2025-08-07T18:00:00.000000000,220.06,259.52971
2025-08-07T19:00:00.000000000,210.92,271.84433
2025-08-07T20:00:00.000000000,206.13,243.10796
2025-08-07T21:00:00.000000000,201.63,277.44318
2025-08-07T22:00:00.000000000,189.14,254.36455
2025-08-07T23:00:00.000000000,165.5,279.14691
2025-08-08T00:00:00.000000000,142.48,285.14316
2025-08-08T01:00:00.000000000,147.84,298.97788
2025-08-08T02:00:00.000000000,143.08,265.07007
2025-08-08T03:00:00.000000000,149.26,306.1435
2025-08-08T04:00:00.000000000,185.58,272.25221
2025-08-08T05:00:00.000000000,193.2,245.25761
2025-08-08T06:00:00.000000000,188.86,215.14799
2025-08-08T07:00:00.000000000,163.67,266.6683
2025-08-08T08:00:00.000000000,150.59,240.04683
2025-08-08T09:00:00.000000000,121.26,288.0793
2025-08-08T10:00:00.000000000,100.84,268.52733
2025-08-08T11:00:00.000000000,97.27,236.64894
2025-08-08T12:00:00.000000000,96.17,247.78314
2025-08-08T13:00:00.000000000,103.34,254.57435
2025-08-08T14:00:00.000000000,103.13,254.06848
2025-08-08T15:00:00.000000000,119.57,241.17949
2025-08-08T16:00:00.000000000,151.04,251.81645
2025-08-08T17:00:00.000000000,201.7,265.81404
2025-08-08T18:00:00.000000000,228.93,256.72585
2025-08-08T19:00:00.000000000,235.64,269.62281
2025-08-08T20:00:00.000000000,237.04,244.96057
2025-08-08T21:00:00.000000000,235.12,276.57498
2025-08-08T22:00:00.000000000,195.24,254.9897
2025-08-08T23:00:00.000000000,177.73,275.19431
2025-08-09T00:00:00.000000000,168.54,281.01699
2025-08-09T01:00:00.000000000,171.66,295.93141
2025-08-09T02:00:00.000000000,165.98,263.59381
2025-08-09T03:00:00.000000000,164.03,304.96359
2025-08-09T04:00:00.000000000,169.35,270.58212
2025-08-09T05:00:00.000000000,166.22,246.48056
2025-08-09T06:00:00.000000000,151.7,215.30411
2025-08-09T07:00:00.000000000,114.34,264.44907
2025-08-09T08:00:00.000000000,113.4,237.80428
2025-08-09T09:00:00.000000000,105.09,286.03307
2025-08-09T10:00:00.000000000,90.64,266.25307
2025-08-09T11:00:00.000000000,87.97,236.75576
2025-08-09T12:00:00.000000000,83.84,244.22604
2025-08-09T13:00:00.000000000,86.41,252.21758
2025-08-09T14:00:00.000000000,98.68,245.53047
2025-08-09T15:00:00.000000000,107.84,240.42731
2025-08-09T16:00:00.000000000,138.94,254.96629
2025-08-09T17:00:00.000000000,152.03,266.35613
2025-08-09T18:00:00.000000000,185.01,251.75012
2025-08-09T19:00:00.000000000,205.5,265.76073
2025-08-09T20:00:00.000000000,214.32,244.62788
2025-08-09T21:00:00.000000000,184.01,277.30997
2025-08-09T22:00:00.000000000,153.63,254.69833
2025-08-09T23:00:00.000000000,180.11,268.31001
2025-08-10T00:00:00.000000000,182.88,272.34512
2025-08-10T01:00:00.000000000,193.29,290.57702
2025-08-10T02:00:00.000000000,192.07,259.01872
2025-08-10T03:00:00.000000000,209.14,302.39085
2025-08-10T04:00:00.000000000,201.76,266.54726
2025-08-10T05:00:00.000000000,212.14,244.92585
2025-08-10T06:00:00.000000000,217.86,213.8186
2025-08-10T07:00:00.000000000,182.86,259.01204
2025-08-10T08:00:00.000000000,154.58,230.21854
2025-08-10T09:00:00.000000000,133.91,281.52543
2025-08-10T10:00:00.000000000,121.62,260.96058
2025-08-10T11:00:00.000000000,124.2,234.15373
2025-08-10T12:00:00.000000000,117.17,243.43968
2025-08-10T13:00:00.000000000,114.29,254.38208
2025-08-10T14:00:00.000000000,118.14,247.87599
2025-08-10T15:00:00.000000000,126.51,241.91297
2025-08-10T16:00:00.000000000,159.03,252.27508
2025-08-10T17:00:00.000000000,201.91,265.14464
2025-08-10T18:00:00.000000000,245.94,250.7006
2025-08-10T19:00:00.000000000,266.09,265.05863
2025-08-10T20:00:00.000000000,260.76,244.54954
2025-08-10T21:00:00.000000000,252.89,273.42906
2025-08-10T22:00:00.000000000,229.67,252.57915
2025-08-10T23:00:00.000000000,215.82,269.4724
2025-08-11T00:00:00.000000000,207.04,275.12251
2025-08-11T01:00:00.000000000,205.85,291.93779
2025-08-11T02:00:00.000000000,194.53,260.57231
2025-08-11T03:00:00.000000000,203.07,301.21537
2025-08-11T04:00:00.000000000,223.93,268.27368
2025-08-11T05:00:00.000000000,242.29,245.8864
2025-08-11T06:00:00.000000000,243.46,213.85901
2025-08-11T07:00:00.000000000,224.86,259.05437
2025-08-11T08:00:00.000000000,210.8,233.17654
2025-08-11T09:00:00.000000000,186.08,283.58662
2025-08-11T10:00:00.000000000,181.01,262.21476
2025-08-11T11:00:00.000000000,181.37,236.60777
2025-08-11T12:00:00.000000000,190.77,246.81316
2025-08-11T13:00:00.000000000,204.29,254.23338
2025-08-11T14:00:00.000000000,238.39,259.97578
2025-08-11T15:00:00.000000000,279.19,241.95711
2025-08-11T16:00:00.000000000,318.22,242.43563
2025-08-11T17:00:00.000000000,336.81,262.16788
2025-08-11T18:00:00.000000000,344.74,259.09103
2025-08-11T19:00:00.000000000,350.27,270.16694
2025-08-11T20:00:00.000000000,349.11,240.41348
2025-08-11T21:00:00.000000000,331.48,270.45327
2025-08-11T22:00:00.000000000,291.75,248.85627
2025-08-11T23:00:00.000000000,282.02,279.5497
2025-08-12T00:00:00.000000000,283.92,287.48118
2025-08-12T01:00:00.000000000,276.01,299.50296
2025-08-12T02:00:00.000000000,269.14,266.76689
2025-08-12T03:00:00.000000000,292.28,303.99931
2025-08-12T04:00:00.000000000,317.06,273.82252
2025-08-12T05:00:00.000000000,312.9,245.22619
2025-08-12T06:00:00.000000000,300.79,213.38665
2025-08-12T07:00:00.000000000,282.69,264.54688
2025-08-12T08:00:00.000000000,264.02,243.01851
2025-08-12T09:00:00.000000000,240.62,288.60055
2025-08-12T10:00:00.000000000,219.39,269.05804
2025-08-12T11:00:00.000000000,199.64,236.36592
2025-08-12T12:00:00.000000000,191.23,249.33075
2025-08-12T13:00:00.000000000,197.84,253.9102
2025-08-12T14:00:00.000000000,205.34,260.16699
2025-08-12T15:00:00.000000000,242.46,239.46331
2025-08-12T16:00:00.000000000,270.07,244.82959
2025-08-12T17:00:00.000000000,306.62,264.55424
2025-08-12T18:00:00.000000000,345.44,262.01914
2025-08-12T19:00:00.000000000,359.66,273.4372
2025-08-12T20:00:00.000000000,358.51,238.51654
2025-08-12T21:00:00.000000000,353.44,277.00417
2025-08-12T22:00:00.000000000,342.28,251.54801
2025-08-12T23:00:00.000000000,331.56,283.55944
2025-08-13T00:00:00.000000000,327.76,289.2221
2025-08-13T01:00:00.000000000,335.02,301.95363
2025-08-13T02:00:00.000000000,337.74,265.8222
2025-08-13T03:00:00.000000000,339.93,305.91374
2025-08-13T04:00:00.000000000,344.33,275.20691
2025-08-13T05:00:00.000000000,348.52,242.70317
2025-08-13T06:00:00.000000000,333.91,212.86187
2025-08-13T07:00:00.000000000,314.23,266.87989
2025-08-13T08:00:00.000000000,295.42,240.19822
2025-08-13T09:00:00.000000000,266.74,291.42409
2025-08-13T10:00:00.000000000,256.64,271.64481
2025-08-13T11:00:00.000000000,242.26,235.216
2025-08-07T12:00:00.000000000,91.15,250.35407
2025-08-07T13:00:00.000000000,98.25,254.12004
2025-08-07T14:00:00.000000000,102.21,261.86693
2025-08-07T15:00:00.000000000,129.74,239.26432
2025-08-07T16:00:00.000000000,163.03,243.82692
2025-08-07T17:00:00.000000000,205.57,263.61144
2025-08-07T18:00:00.000000000,220.06,263.35153
2025-08-07T19:00:00.000000000,210.92,273.50772
2025-08-07T20:00:00.000000000,206.13,239.44618
2025-08-07T21:00:00.000000000,201.63,276.12451
2025-08-07T22:00:00.000000000,189.14,251.07059
2025-08-07T23:00:00.000000000,165.5,284.31959
2025-08-08T00:00:00.000000000,142.48,290.21588
2025-08-08T01:00:00.000000000,147.84,302.6815
2025-08-08T02:00:00.000000000,143.08,266.90007
2025-08-08T03:00:00.000000000,149.26,306.37049
2025-08-08T04:00:00.000000000,185.58,274.7001
2025-08-08T05:00:00.000000000,193.2,242.60312
2025-08-08T06:00:00.000000000,188.86,214.46225
2025-08-08T07:00:00.000000000,163.67,267.74417
2025-08-08T08:00:00.000000000,150.59,242.53346
2025-08-08T09:00:00.000000000,121.26,290.49318
2025-08-08T10:00:00.000000000,100.84,271.02048
2025-08-08T11:00:00.000000000,97.27,235.54529
2025-08-08T12:00:00.000000000,96.17,247.6982
2025-08-08T13:00:00.000000000,103.34,254.52707
2025-08-08T14:00:00.000000000,103.13,253.87288
2025-08-08T15:00:00.000000000,119.57,241.14616
2025-08-08T16:00:00.000000000,151.04,251.94277
2025-08-08T17:00:00.000000000,201.7,265.87666
2025-08-08T18:00:00.000000000,228.93,256.60876
2025-08-08T19:00:00.000000000,235.64,269.57072
2025-08-08T20:00:00.000000000,237.04,244.9123
2025-08-08T21:00:00.000000000,235.12,276.67932
2025-08-08T22:00:00.000000000,195.24,255.02084
2025-08-08T23:00:00.000000000,177.73,275.07529
2025-08-09T00:00:00.000000000,168.54,280.85563
2025-08-09T01:00:00.000000000,171.66,295.84479
2025-08-09T02:00:00.000000000,165.98,263.47004
2025-08-09T03:00:00.000000000,164.03,304.92512
2025-08-09T04:00:00.000000000,169.35,270.53199
2025-08-09T05:00:00.000000000,166.22,246.43081
2025-08-09T06:00:00.000000000,151.7,215.24839
2025-08-09T07:00:00.000000000,114.34,264.33828
2025-08-09T08:00:00.000000000,113.4,237.57486
2025-08-09T09:00:00.000000000,105.09,285.99215
2025-08-09T10:00:00.000000000,90.64,266.19536
2025-08-09T11:00:00.000000000,87.97,236.70997
2025-08-09T12:00:00.000000000,83.84,244.23169
2025-08-09T13:00:00.000000000,86.41,252.22112
2025-08-09T14:00:00.000000000,98.68,245.53985
2025-08-09T15:00:00.000000000,107.84,240.42785
2025-08-09T16:00:00.000000000,138.94,254.96393
2025-08-09T17:00:00.000000000,152.03,266.35628
2025-08-09T18:00:00.000000000,185.01,251.75678
2025-08-09T19:00:00.000000000,205.5,265.76583
2025-08-09T20:00:00.000000000,214.32,244.62961
2025-08-09T21:00:00.000000000,184.01,277.31075
2025-08-09T22:00:00.000000000,153.63,254.70061
2025-08-09T23:00:00.000000000,180.11,268.31818
2025-08-10T00:00:00.000000000,182.88,272.35405
2025-08-10T01:00:00.000000000,193.29,290.58285
2025-08-10T02:00:00.000000000,192.07,259.02432
2025-08-10T03:00:00.000000000,209.14,302.39426
2025-08-10T04:00:00.000000000,201.76,266.55144
2025-08-10T05:00:00.000000000,212.14,244.92778
2025-08-10T06:00:00.000000000,217.86,213.82113
2025-08-10T07:00:00.000000000,182.86,259.01899
2025-08-10T08:00:00.000000000,154.58,230.22722
2025-08-10T09:00:00.000000000,133.91,281.53036
2025-08-10T10:00:00.000000000,121.62,260.96564
2025-08-10T11:00:00.000000000,124.2,234.15641
2025-08-10T12:00:00.000000000,117.17,243.43942
2025-08-10T13:00:00.000000000,114.29,254.38195
2025-08-10T14:00:00.000000000,118.14,247.87553
2025-08-10T15:00:00.000000000,126.51,241.91293
2025-08-10T16:00:00.000000000,159.03,252.27529
2025-08-10T17:00:00.000000000,201.91,265.14462
2025-08-10T18:00:00.000000000,245.94,250.70025
2025-08-10T19:00:00.000000000,266.09,265.0584
2025-08-10T20:00:00.000000000,260.76,244.54952
2025-08-10T21:00:00.000000000,252.89,273.42902
2025-08-10T22:00:00.000000000,229.67,252.57915
2025-08-10T23:00:00.000000000,215.82,269.47198
2025-08-11T00:00:00.000000000,207.04,275.12204
2025-08-11T01:00:00.000000000,205.85,291.93748
2025-08-11T02:00:00.000000000,194.53,260.57202
2025-08-11T03:00:00.000000000,203.07,301.2152
2025-08-11T04:00:00.000000000,223.93,268.27347
2025-08-11T05:00:00.000000000,242.29,245.88638
2025-08-11T06:00:00.000000000,243.46,213.85892
2025-08-11T07:00:00.000000000,224.86,259.05405
2025-08-11T08:00:00.000000000,210.8,233.17613
2025-08-11T09:00:00.000000000,186.08,283.58643
2025-08-11T10:00:00.000000000,181.01,262.21451
2025-08-11T11:00:00.000000000,181.37,236.6077
2025-08-11T12:00:00.000000000,190.77,246.81316
2025-08-11T13:00:00.000000000,204.29,254.23338
2025-08-11T14:00:00.000000000,238.39,259.9758
2025-08-11T15:00:00.000000000,279.19,241.95711
2025-08-11T16:00:00.000000000,318.22,242.43559
2025-08-11T17:00:00.000000000,336.81,262.16786
2025-08-11T18:00:00.000000000,344.74,259.09105
2025-08-11T19:00:00.000000000,350.27,270.16694
2025-08-11T20:00:00.000000000,349.11,240.41348
2025-08-11T21:00:00.000000000,331.48,270.45327
2025-08-11T22:00:00.000000000,291.75,248.85625
2025-08-11T23:00:00.000000000,282.02,279.5497
2025-08-12T00:00:00.000000000,283.92,287.48123
2025-08-12T01:00:00.000000000,276.01,299.50298
2025-08-12T02:00:00.000000000,269.14,266.76691
2025-08-12T03:00:00.000000000,292.28,303.99931
2025-08-12T04:00:00.000000000,317.06,273.8225
2025-08-12T05:00:00.000000000,312.9,245.22619
2025-08-12T06:00:00.000000000,300.79,213.38665
2025-08-12T07:00:00.000000000,282.69,264.54688
2025-08-12T08:00:00.000000000,264.02,243.01853
2025-08-12T09:00:00.000000000,240.62,288.60051
2025-08-12T10:00:00.000000000,219.39,269.05804
2025-08-12T11:00:00.000000000,199.64,236.36591
2025-08-12T12:00:00.000000000,191.23,249.33075
2025-08-12T13:00:00.000000000,197.84,253.9102
2025-08-12T14:00:00.000000000,205.34,260.16701
2025-08-12T15:00:00.000000000,242.46,239.46331
2025-08-12T16:00:00.000000000,270.07,244.82959
2025-08-12T17:00:00.000000000,306.62,264.55422
2025-08-12T18:00:00.000000000,345.44,262.01914
2025-08-12T19:00:00.000000000,359.66,273.43718
2025-08-12T20:00:00.000000000,358.51,238.51654
2025-08-12T21:00:00.000000000,353.44,277.00419
2025-08-12T22:00:00.000000000,342.28,251.54803
2025-08-12T23:00:00.000000000,331.56,283.55944
2025-08-13T00:00:00.000000000,327.76,289.22212
2025-08-13T01:00:00.000000000,335.02,301.95363
2025-08-13T02:00:00.000000000,337.74,265.82222
2025-08-13T03:00:00.000000000,339.93,305.91376
2025-08-13T04:00:00.000000000,344.33,275.20689
2025-08-13T05:00:00.000000000,348.52,242.70317
2025-08-13T06:00:00.000000000,333.91,212.86187
2025-08-13T07:00:00.000000000,314.23,266.87989
2025-08-13T08:00:00.000000000,295.42,240.19822
2025-08-13T09:00:00.000000000,266.74,291.42409
2025-08-13T10:00:00.000000000,256.64,271.64481
2025-08-13T11:00:00.000000000,242.26,235.21598
2025-08-13T12:00:00.000000000,229.0,249.13323
2025-08-13T13:00:00.000000000,228.25,254.26914
2025-08-13T14:00:00.000000000,236.06,259.64543
2025-08-13T15:00:00.000000000,254.31,239.74823
2025-08-13T16:00:00.000000000,285.81,244.80465
2025-08-13T17:00:00.000000000,306.1,263.97808
2025-08-13T18:00:00.000000000,324.71,261.43664
2025-08-13T19:00:00.000000000,308.44,272.36983
2025-08-13T20:00:00.000000000,306.2,239.58738
2025-08-13T21:00:00.000000000,298.71,276.00084
2025-08-13T22:00:00.000000000,263.76,251.08911
2025-08-13T23:00:00.000000000,251.11,282.64568
2025-08-14T00:00:00.000000000,251.2,288.2812
2025-08-14T01:00:00.000000000,247.85,301.37485
2025-08-14T02:00:00.000000000,252.86,265.82148
2025-08-14T03:00:00.000000000,244.41,305.50246
2025-08-14T04:00:00.000000000,259.72,274.33661
2025-08-14T05:00:00.000000000,282.11,242.71337
2025-08-14T06:00:00.000000000,283.19,213.93308
2025-08-14T07:00:00.000000000,272.29,266.22888
2025-08-14T08:00:00.000000000,258.52,240.74069
2025-08-14T09:00:00.000000000,244.41,290.13666
2025-08-14T10:00:00.000000000,232.93,270.23281
2025-08-14T11:00:00.000000000,229.5,235.69299
2025-08-08T12:00:00.000000000,96.17,249.51592
2025-08-08T13:00:00.000000000,103.34,254.63866
2025-08-08T14:00:00.000000000,103.13,258.81703
2025-08-08T15:00:00.000000000,119.57,240.27602
2025-08-08T16:00:00.000000000,151.04,246.56648
2025-08-08T17:00:00.000000000,201.7,264.61372
2025-08-08T18:00:00.000000000,228.93,260.9908
2025-08-08T19:00:00.000000000,235.64,272.17853
2025-08-08T20:00:00.000000000,237.04,241.38946
2025-08-08T21:00:00.000000000,235.12,276.28844
2025-08-08T22:00:00.000000000,195.24,252.58273
2025-08-08T23:00:00.000000000,177.73,281.35469
2025-08-09T00:00:00.000000000,168.54,287.00201
2025-08-09T01:00:00.000000000,171.66,300.36646
2025-08-09T02:00:00.000000000,165.98,265.80962
2025-08-09T03:00:00.000000000,164.03,305.78247
2025-08-09T04:00:00.000000000,169.35,273.68255
2025-08-09T05:00:00.000000000,166.22,243.99961
2025-08-09T06:00:00.000000000,151.7,214.51692
2025-08-09T07:00:00.000000000,114.34,266.46863
2025-08-09T08:00:00.000000000,113.4,240.72504
2025-08-09T09:00:00.000000000,105.09,289.40929
2025-08-09T10:00:00.000000000,90.64,269.50999
2025-08-09T11:00:00.000000000,87.97,236.04027
2025-08-09T12:00:00.000000000,83.84,244.06474
2025-08-09T13:00:00.000000000,86.41,252.09216
2025-08-09T14:00:00.000000000,98.68,245.20503
2025-08-09T15:00:00.000000000,107.84,240.39397
2025-08-09T16:00:00.000000000,138.94,255.08294
2025-08-09T17:00:00.000000000,152.03,266.3945
2025-08-09T18:00:00.000000000,185.01,251.56902
2025-08-09T19:00:00.000000000,205.5,265.62775
2025-08-09T20:00:00.000000000,214.32,244.55053
2025-08-09T21:00:00.000000000,184.01,277.36613
2025-08-09T22:00:00.000000000,153.63,254.65351
2025-08-09T23:00:00.000000000,180.11,268.07568
2025-08-10T00:00:00.000000000,182.88,272.06348
2025-08-10T01:00:00.000000000,193.29,290.4134
2025-08-10T02:00:00.000000000,192.07,258.82406
2025-08-10T03:00:00.000000000,209.14,302.30983
2025-08-10T04:00:00.000000000,201.76,266.4299
2025-08-10T05:00:00.000000000,212.14,244.83385
2025-08-10T06:00:00.000000000,217.86,213.73125
2025-08-10T07:00:00.000000000,182.86,258.79636
2025-08-10T08:00:00.000000000,154.58,229.88551
2025-08-10T09:00:00.000000000,133.91,281.38781
2025-08-10T10:00:00.000000000,121.62,260.81977
2025-08-10T11:00:00.000000000,124.2,234.04746
2025-08-10T12:00:00.000000000,117.17,243.44819
2025-08-10T13:00:00.000000000,114.29,254.38634
2025-08-10T14:00:00.000000000,118.14,247.89047
2025-08-10T15:00:00.000000000,126.51,241.91411
2025-08-10T16:00:00.000000000,159.03,252.26851
2025-08-10T17:00:00.000000000,201.91,265.14405
2025-08-10T18:00:00.000000000,245.94,250.71234
2025-08-10T19:00:00.000000000,266.09,265.06651
2025-08-10T20:00:00.000000000,260.76,244.55026
2025-08-10T21:00:00.000000000,252.89,273.42974
2025-08-10T22:00:00.000000000,229.67,252.58042
2025-08-10T23:00:00.000000000,215.82,269.48618
2025-08-11T00:00:00.000000000,207.04,275.13694
2025-08-11T01:00:00.000000000,205.85,291.94776
2025-08-11T02:00:00.000000000,194.53,260.58122
2025-08-11T03:00:00.000000000,203.07,301.22085
2025-08-11T04:00:00.000000000,223.93,268.28076
2025-08-11T05:00:00.000000000,242.29,245.88762
2025-08-11T06:00:00.000000000,243.46,213.86206
2025-08-11T07:00:00.000000000,224.86,259.06404
2025-08-11T08:00:00.000000000,210.8,233.18965
2025-08-11T09:00:00.000000000,186.08,283.5941
2025-08-11T10:00:00.000000000,181.01,262.22252
2025-08-11T11:00:00.000000000,181.37,236.61018
2025-08-11T12:00:00.000000000,190.77,246.81303
2025-08-11T13:00:00.000000000,204.29,254.23351
2025-08-11T14:00:00.000000000,238.39,259.9754
2025-08-11T15:00:00.000000000,279.19,241.95722
2025-08-11T16:00:00.000000000,318.22,242.43614
2025-08-11T17:00:00.000000000,336.81,262.16811
2025-08-11T18:00:00.000000000,344.74,259.09065
2025-08-11T19:00:00.000000000,350.27,270.16681
2025-08-11T20:00:00.000000000,349.11,240.41367
2025-08-11T21:00:00.000000000,331.48,270.45346
2025-08-11T22:00:00.000000000,291.75,248.85657
2025-08-11T23:00:00.000000000,282.02,279.5494
2025-08-12T00:00:00.000000000,283.92,287.48085
2025-08-12T01:00:00.000000000,276.01,299.50277
2025-08-12T02:00:00.000000000,269.14,266.76674
2025-08-12T03:00:00.000000000,292.28,303.99925
2025-08-12T04:00:00.000000000,317.06,273.82241
2025-08-12T05:00:00.000000000,312.9,245.22636
2025-08-12T06:00:00.000000000,300.79,213.38667
2025-08-12T07:00:00.000000000,282.69,264.54676
2025-08-12T08:00:00.000000000,264.02,243.01822
2025-08-12T09:00:00.000000000,240.62,288.60059
2025-08-12T10:00:00.000000000,219.39,269.05794
2025-08-12T11:00:00.000000000,199.64,236.36607
2025-08-12T12:00:00.000000000,191.23,249.33075
2025-08-12T13:00:00.000000000,197.84,253.9102
2025-08-12T14:00:00.000000000,205.34,260.16701
2025-08-12T15:00:00.000000000,242.46,239.46334
2025-08-12T16:00:00.000000000,270.07,244.82959
2025-08-12T17:00:00.000000000,306.62,264.55424
2025-08-12T18:00:00.000000000,345.44,262.01916
2025-08-12T19:00:00.000000000,359.66,273.4372
2025-08-12T20:00:00.000000000,358.51,238.51654
2025-08-12T21:00:00.000000000,353.44,277.00417
2025-08-12T22:00:00.000000000,342.28,251.54803
2025-08-12T23:00:00.000000000,331.56,283.55944
2025-08-13T00:00:00.000000000,327.76,289.22212
2025-08-13T01:00:00.000000000,335.02,301.9536
2025-08-13T02:00:00.000000000,337.74,265.82222
2025-08-13T03:00:00.000000000,339.93,305.91374
2025-08-13T04:00:00.000000000,344.33,275.20691
2025-08-13T05:00:00.000000000,348.52,242.70317
2025-08-13T06:00:00.000000000,333.91,212.86187
2025-08-13T07:00:00.000000000,314.23,266.87989
2025-08-13T08:00:00.000000000,295.42,240.19824
2025-08-13T09:00:00.000000000,266.74,291.42409
2025-08-13T10:00:00.000000000,256.64,271.64481
2025-08-13T11:00:00.000000000,242.26,235.216
2025-08-13T12:00:00.000000000,229.0,249.13323
2025-08-13T13:00:00.000000000,228.25,254.26914
2025-08-13T14:00:00.000000000,236.06,259.64543
2025-08-13T15:00:00.000000000,254.31,239.74823
2025-08-13T16:00:00.000000000,285.81,244.80465
2025-08-13T17:00:00.000000000,306.1,263.97808
2025-08-13T18:00:00.000000000,324.71,261.43664
2025-08-13T19:00:00.000000000,308.44,272.36983
2025-08-13T20:00:00.000000000,306.2,239.58738
2025-08-13T21:00:00.000000000,298.71,276.00084
2025-08-13T22:00:00.000000000,263.76,251.08911
2025-08-13T23:00:00.000000000,251.11,282.64568
2025-08-14T00:00:00.000000000,251.2,288.2812
2025-08-14T01:00:00.000000000,247.85,301.37485
2025-08-14T02:00:00.000000000,252.86,265.82148
2025-08-14T03:00:00.000000000,244.41,305.50246
2025-08-14T04:00:00.000000000,259.72,274.33661
2025-08-14T05:00:00.000000000,282.11,242.71337
2025-08-14T06:00:00.000000000,283.19,213.93308
2025-08-14T07:00:00.000000000,272.29,266.22888
2025-08-14T08:00:00.000000000,258.52,240.74069
2025-08-14T09:00:00.000000000,244.41,290.13666
2025-08-14T10:00:00.000000000,232.93,270.23281
2025-08-14T11:00:00.000000000,229.5,235.69299
2025-08-14T12:00:00.000000000,218.09,248.22166
2025-08-14T13:00:00.000000000,217.54,253.80927
2025-08-14T14:00:00.000000000,224.17,258.80049
2025-08-14T15:00:00.000000000,239.35,239.94847
2025-08-14T16:00:00.000000000,274.77,244.3371
2025-08-14T17:00:00.000000000,296.66,263.57876
2025-08-14T18:00:00.000000000,324.22,260.62168
2025-08-14T19:00:00.000000000,339.57,271.68103
2025-08-14T20:00:00.000000000,332.68,239.21232
2025-08-14T21:00:00.000000000,323.62,275.22571
2025-08-14T22:00:00.000000000,306.89,250.47923
2025-08-14T23:00:00.000000000,285.76,281.66947
2025-08-15T00:00:00.000000000,270.62,287.33259
2025-08-15T01:00:00.000000000,276.81,300.50867
2025-08-15T02:00:00.000000000,278.41,265.36896
2025-08-15T03:00:00.000000000,265.65,304.95765
2025-08-15T04:00:00.000000000,266.65,274.07078
2025-08-15T05:00:00.000000000,272.52,242.78374
2025-08-15T06:00:00.000000000,258.41,213.22709
2025-08-15T07:00:00.000000000,254.3,265.32031
2025-08-15T08:00:00.000000000,232.52,240.16999
2025-08-15T09:00:00.000000000,198.29,289.62586
2025-08-15T10:00:00.000000000,171.23,269.74655
2025-08-15T11:00:00.000000000,147.18,235.24267
2025-08-09T12:00:00.000000000,83.84,247.40032
2025-08-09T13:00:00.000000000,86.41,254.4262
2025-08-09T14:00:00.000000000,98.68,252.13123
2025-08-09T15:00:00.000000000,107.84,240.12886
2025-08-09T16:00:00.000000000,138.94,251.28418
2025-08-09T17:00:00.000000000,152.03,266.56332
2025-08-09T18:00:00.000000000,185.01,256.50398
2025-08-09T19:00:00.000000000,205.5,269.83025
2025-08-09T20:00:00.000000000,214.32,242.45108
2025-08-09T21:00:00.000000000,184.01,278.43179
2025-08-09T22:00:00.000000000,153.63,254.53356
2025-08-09T23:00:00.000000000,180.11,276.09252
2025-08-10T00:00:00.000000000,182.88,280.2836
2025-08-10T01:00:00.000000000,193.29,296.55749
2025-08-10T02:00:00.000000000,192.07,262.64138
2025-08-10T03:00:00.000000000,209.14,304.30736
2025-08-10T04:00:00.000000000,201.76,270.95223
2025-08-10T05:00:00.000000000,212.14,243.94142
2025-08-10T06:00:00.000000000,217.86,213.84331
2025-08-10T07:00:00.000000000,182.86,263.04101
2025-08-10T08:00:00.000000000,154.58,234.63137
2025-08-10T09:00:00.000000000,133.91,287.11624
2025-08-10T10:00:00.000000000,121.62,265.68538
2025-08-10T11:00:00.000000000,124.2,235.22896
2025-08-10T12:00:00.000000000,117.17,243.23546
2025-08-10T13:00:00.000000000,114.29,254.25873
2025-08-10T14:00:00.000000000,118.14,247.4798
2025-08-10T15:00:00.000000000,126.51,241.86191
2025-08-10T16:00:00.000000000,159.03,252.47422
2025-08-10T17:00:00.000000000,201.91,265.19142
2025-08-10T18:00:00.000000000,245.94,250.4271
2025-08-10T19:00:00.000000000,266.09,264.88279
2025-08-10T20:00:00.000000000,260.76,244.50281
2025-08-10T21:00:00.000000000,252.89,273.48726
2025-08-10T22:00:00.000000000,229.67,252.56938
2025-08-10T23:00:00.000000000,215.82,269.145
2025-08-11T00:00:00.000000000,207.04,274.75086
2025-08-11T01:00:00.000000000,205.85,291.69678
2025-08-11T02:00:00.000000000,194.53,260.32224
2025-08-11T03:00:00.000000000,203.07,301.09531
2025-08-11T04:00:00.000000000,223.93,268.10579
2025-08-11T05:00:00.000000000,242.29,245.8207
2025-08-11T06:00:00.000000000,243.46,213.7695
2025-08-11T07:00:00.000000000,224.86,258.80723
2025-08-11T08:00:00.000000000,210.8,232.78523
2025-08-11T09:00:00.000000000,186.08,283.41049
2025-08-11T10:00:00.000000000,181.01,262.03368
2025-08-11T11:00:00.000000000,181.37,236.52179
2025-08-11T12:00:00.000000000,190.77,246.81659
2025-08-11T13:00:00.000000000,204.29,254.23041
2025-08-11T14:00:00.000000000,238.39,259.985
2025-08-11T15:00:00.000000000,279.19,241.95507
2025-08-11T16:00:00.000000000,318.22,242.42332
2025-08-11T17:00:00.000000000,336.81,262.16263
2025-08-11T18:00:00.000000000,344.74,259.10066
2025-08-11T19:00:00.000000000,350.27,270.17027
2025-08-11T20:00:00.000000000,349.11,240.40849
2025-08-11T21:00:00.000000000,331.48,270.44897
2025-08-11T22:00:00.000000000,291.75,248.84957
2025-08-11T23:00:00.000000000,282.02,279.5575
2025-08-12T00:00:00.000000000,283.92,287.4897
2025-08-12T01:00:00.000000000,276.01,299.50766
2025-08-12T02:00:00.000000000,269.14,266.77137
2025-08-12T03:00:00.000000000,292.28,304.00083
2025-08-12T04:00:00.000000000,317.06,273.82471
2025-08-12T05:00:00.000000000,312.9,245.22252
2025-08-12T06:00:00.000000000,300.79,213.38634
2025-08-12T07:00:00.000000000,282.69,264.55004
2025-08-12T08:00:00.000000000,264.02,243.0266
2025-08-12T09:00:00.000000000,240.62,288.60047
2025-08-12T10:00:00.000000000,219.39,269.06053
2025-08-12T11:00:00.000000000,199.64,236.36215
2025-08-12T12:00:00.000000000,191.23,249.33066
2025-08-12T13:00:00.000000000,197.84,253.91024
2025-08-12T14:00:00.000000000,205.34,260.16676
2025-08-12T15:00:00.000000000,242.46,239.46334
2025-08-12T16:00:00.000000000,270.07,244.8298
2025-08-12T17:00:00.000000000,306.62,264.55436
2025-08-12T18:00:00.000000000,345.44,262.01897
2025-08-12T19:00:00.000000000,359.66,273.43715
2025-08-12T20:00:00.000000000,358.51,238.5165
2025-08-12T21:00:00.000000000,353.44,277.00432
2025-08-12T22:00:00.000000000,342.28,251.54814
2025-08-12T23:00:00.000000000,331.56,283.55931
2025-08-13T00:00:00.000000000,327.76,289.22193
2025-08-13T01:00:00.000000000,335.02,301.95356
2025-08-13T02:00:00.000000000,337.74,265.82209
2025-08-13T03:00:00.000000000,339.93,305.9137
2025-08-13T04:00:00.000000000,344.33,275.20691
2025-08-13T05:00:00.000000000,348.52,242.70317
2025-08-13T06:00:00.000000000,333.91,212.86178
2025-08-13T07:00:00.000000000,314.23,266.87978
2025-08-13T08:00:00.000000000,295.42,240.19801
2025-08-13T09:00:00.000000000,266.74,291.42409
2025-08-13T10:00:00.000000000,256.64,271.64476
2025-08-13T11:00:00.000000000,242.26,235.21601
2025-08-13T12:00:00.000000000,229.0,249.13323
2025-08-13T13:00:00.000000000,228.25,254.26914
2025-08-13T14:00:00.000000000,236.06,259.64545
2025-08-13T15:00:00.000000000,254.31,239.74823
2025-08-13T16:00:00.000000000,285.81,244.80465
2025-08-13T17:00:00.000000000,306.1,263.97808
2025-08-13T18:00:00.000000000,324.71,261.43666
2025-08-13T19:00:00.000000000,308.44,272.36983
2025-08-13T20:00:00.000000000,306.2,239.58738
2025-08-13T21:00:00.000000000,298.71,276.00084
2025-08-13T22:00:00.000000000,263.76,251.08911
2025-08-13T23:00:00.000000000,251.11,282.64568
2025-08-14T00:00:00.000000000,251.2,288.2812
2025-08-14T01:00:00.000000000,247.85,301.37485
2025-08-14T02:00:00.000000000,252.86,265.8215
2025-08-14T03:00:00.000000000,244.41,305.50248
2025-08-14T04:00:00.000000000,259.72,274.33661
2025-08-14T05:00:00.000000000,282.11,242.71337
2025-08-14T06:00:00.000000000,283.19,213.93308
2025-08-14T07:00:00.000000000,272.29,266.22888
2025-08-14T08:00:00.000000000,258.52,240.74067
2025-08-14T09:00:00.000000000,244.41,290.13662
2025-08-14T10:00:00.000000000,232.93,270.23281
2025-08-14T11:00:00.000000000,229.5,235.693
2025-08-14T12:00:00.000000000,218.09,248.22166
2025-08-14T13:00:00.000000000,217.54,253.80927
2025-08-14T14:00:00.000000000,224.17,258.80049
2025-08-14T15:00:00.000000000,239.35,239.94847
2025-08-14T16:00:00.000000000,274.77,244.3371
2025-08-14T17:00:00.000000000,296.66,263.57876
2025-08-14T18:00:00.000000000,324.22,260.62168
2025-08-14T19:00:00.000000000,339.57,271.68103
2025-08-14T20:00:00.000000000,332.68,239.21232
2025-08-14T21:00:00.000000000,323.62,275.22573
2025-08-14T22:00:00.000000000,306.89,250.47923
2025-08-14T23:00:00.000000000,285.76,281.66947
2025-08-15T00:00:00.000000000,270.62,287.33259
2025-08-15T01:00:00.000000000,276.81,300.50867
2025-08-15T02:00:00.000000000,278.41,265.36896
2025-08-15T03:00:00.000000000,265.65,304.95765
2025-08-15T04:00:00.000000000,266.65,274.07078
2025-08-15T05:00:00.000000000,272.52,242.78372
2025-08-15T06:00:00.000000000,258.41,213.22709
2025-08-15T07:00:00.000000000,254.3,265.32031
2025-08-15T08:00:00.000000000,232.52,240.16999
2025-08-15T09:00:00.000000000,198.29,289.62586
2025-08-15T10:00:00.000000000,171.23,269.74655
2025-08-15T11:00:00.000000000,147.18,235.24267
2025-08-15T12:00:00.000000000,143.31,248.58928
2025-08-15T13:00:00.000000000,145.1,254.20614
2025-08-15T14:00:00.000000000,168.47,258.91916
2025-08-15T15:00:00.000000000,181.15,240.16447
2025-08-15T16:00:00.000000000,230.38,244.29532
2025-08-15T17:00:00.000000000,272.47,263.84215
2025-08-15T18:00:00.000000000,303.28,260.89644
2025-08-15T19:00:00.000000000,313.81,271.84312
2025-08-15T20:00:00.000000000,308.75,239.31281
2025-08-15T21:00:00.000000000,300.29,275.33709
2025-08-15T22:00:00.000000000,271.98,250.39082
2025-08-15T23:00:00.000000000,258.95,282.15962
2025-08-16T00:00:00.000000000,261.99,287.7334
2025-08-16T01:00:00.000000000,252.18,300.98407
2025-08-16T02:00:00.000000000,232.84,265.58603
2025-08-16T03:00:00.000000000,237.78,305.04626
2025-08-16T04:00:00.000000000,236.81,274.30614
2025-08-16T05:00:00.000000000,238.31,242.57978
2025-08-16T06:00:00.000000000,214.83,213.59053
2025-08-16T07:00:00.000000000,211.67,265.39513
2025-08-16T08:00:00.000000000,215.92,240.24626
2025-08-16T09:00:00.000000000,200.59,290.00395
2025-08-16T10:00:00.000000000,194.03,269.91202
2025-08-16T11:00:00.000000000,180.87,235.49889
2025-08-10T12:00:00.000000000,117.17,245.70403
2025-08-10T13:00:00.000000000,114.29,255.08241
2025-08-10T14:00:00.000000000,118.14,252.43073
2025-08-10T15:00:00.000000000,126.51,241.07384
2025-08-10T16:00:00.000000000,159.03,248.74506
2025-08-10T17:00:00.000000000,201.91,265.04692
2025-08-10T18:00:00.000000000,245.94,254.98487
2025-08-10T19:00:00.000000000,266.09,268.21873
2025-08-10T20:00:00.000000000,260.76,241.6197
2025-08-10T21:00:00.000000000,252.89,275.11239
2025-08-10T22:00:00.000000000,229.67,251.8611
2025-08-10T23:00:00.000000000,215.82,275.9169
2025-08-11T00:00:00.000000000,207.04,280.97544
2025-08-11T01:00:00.000000000,205.85,296.63779
2025-08-11T02:00:00.000000000,194.53,262.80778
2025-08-11T03:00:00.000000000,203.07,302.71218
2025-08-11T04:00:00.000000000,223.93,271.63638
2025-08-11T05:00:00.000000000,242.29,243.73172
2025-08-11T06:00:00.000000000,243.46,213.50491
2025-08-11T07:00:00.000000000,224.86,261.50687
2025-08-11T08:00:00.000000000,210.8,235.58432
2025-08-11T09:00:00.000000000,186.08,287.41072
2025-08-11T10:00:00.000000000,181.01,265.71931
2025-08-11T11:00:00.000000000,181.37,236.31121
2025-08-11T12:00:00.000000000,190.77,246.77726
2025-08-11T13:00:00.000000000,204.29,254.27641
2025-08-11T14:00:00.000000000,238.39,259.82451
2025-08-11T15:00:00.000000000,279.19,241.97694
2025-08-11T16:00:00.000000000,318.22,242.63663
2025-08-11T17:00:00.000000000,336.81,262.26776
2025-08-11T18:00:00.000000000,344.74,258.96431
2025-08-11T19:00:00.000000000,350.27,270.13521
2025-08-11T20:00:00.000000000,349.11,240.47185
2025-08-11T21:00:00.000000000,331.48,270.5593
2025-08-11T22:00:00.000000000,291.75,248.9701
2025-08-11T23:00:00.000000000,282.02,279.45956
2025-08-12T00:00:00.000000000,283.92,287.36298
2025-08-12T01:00:00.000000000,276.01,299.44826
2025-08-12T02:00:00.000000000,269.14,266.68899
2025-08-12T03:00:00.000000000,292.28,303.98595
2025-08-12T04:00:00.000000000,317.06,273.80318
2025-08-12T05:00:00.000000000,312.9,245.2622
2025-08-12T06:00:00.000000000,300.79,213.38808
2025-08-12T07:00:00.000000000,282.69,264.50575
2025-08-12T08:00:00.000000000,264.02,242.86876
2025-08-12T09:00:00.000000000,240.62,288.62356
2025-08-12T10:00:00.000000000,219.39,269.04043
2025-08-12T11:00:00.000000000,199.64,236.41496
2025-08-12T12:00:00.000000000,191.23,249.33231
2025-08-12T13:00:00.000000000,197.84,253.91007
2025-08-12T14:00:00.000000000,205.34,260.17011
2025-08-12T15:00:00.000000000,242.46,239.46361
2025-08-12T16:00:00.000000000,270.07,244.82717
2025-08-12T17:00:00.000000000,306.62,264.55272
2025-08-12T18:00:00.000000000,345.44,262.02169
2025-08-12T19:00:00.000000000,359.66,273.43785
2025-08-12T20:00:00.000000000,358.51,238.51742
2025-08-12T21:00:00.000000000,353.44,277.00223
2025-08-12T22:00:00.000000000,342.28,251.54693
2025-08-12T23:00:00.000000000,331.56,283.56112
2025-08-13T00:00:00.000000000,327.76,289.22444
2025-08-13T01:00:00.000000000,335.02,301.95474
2025-08-13T02:00:00.000000000,337.74,265.82394
2025-08-13T03:00:00.000000000,339.93,305.91461
2025-08-13T04:00:00.000000000,344.33,275.20708
2025-08-13T05:00:00.000000000,348.52,242.70346
2025-08-13T06:00:00.000000000,333.91,212.86314
2025-08-13T07:00:00.000000000,314.23,266.8816
2025-08-13T08:00:00.000000000,295.42,240.202
2025-08-13T09:00:00.000000000,266.74,291.42354
2025-08-13T10:00:00.000000000,256.64,271.64537
2025-08-13T11:00:00.000000000,242.26,235.21615
2025-08-13T12:00:00.000000000,229.0,249.13323
2025-08-13T13:00:00.000000000,228.25,254.26916
2025-08-13T14:00:00.000000000,236.06,259.64541
2025-08-13T15:00:00.000000000,254.31,239.74823
2025-08-13T16:00:00.000000000,285.81,244.80471
2025-08-13T17:00:00.000000000,306.1,263.9781
2025-08-13T18:00:00.000000000,324.71,261.4366
2025-08-13T19:00:00.000000000,308.44,272.36981
2025-08-13T20:00:00.000000000,306.2,239.5874
2025-08-13T21:00:00.000000000,298.71,276.00084
2025-08-13T22:00:00.000000000,263.76,251.08915
2025-08-13T23:00:00.000000000,251.11,282.64564
2025-08-14T00:00:00.000000000,251.2,288.28116
2025-08-14T01:00:00.000000000,247.85,301.37485
2025-08-14T02:00:00.000000000,252.86,265.82146
2025-08-14T03:00:00.000000000,244.41,305.50246
2025-08-14T04:00:00.000000000,259.72,274.33661
2025-08-14T05:00:00.000000000,282.11,242.71337
2025-08-14T06:00:00.000000000,283.19,213.93308
2025-08-14T07:00:00.000000000,272.29,266.22884
2025-08-14T08:00:00.000000000,258.52,240.74063
2025-08-14T09:00:00.000000000,244.41,290.13666
2025-08-14T10:00:00.000000000,232.93,270.23279
2025-08-14T11:00:00.000000000,229.5,235.69301
2025-08-14T12:00:00.000000000,218.09,248.22166
2025-08-14T13:00:00.000000000,217.54,253.80929
2025-08-14T14:00:00.000000000,224.17,258.80049
2025-08-14T15:00:00.000000000,239.35,239.94849
2025-08-14T16:00:00.000000000,274.77,244.3371
2025-08-14T17:00:00.000000000,296.66,263.57876
2025-08-14T18:00:00.000000000,324.22,260.62168
2025-08-14T19:00:00.000000000,339.57,271.68105
2025-08-14T20:00:00.000000000,332.68,239.21232
2025-08-14T21:00:00.000000000,323.62,275.22571
2025-08-14T22:00:00.000000000,306.89,250.47923
2025-08-14T23:00:00.000000000,285.76,281.66947
2025-08-15T00:00:00.000000000,270.62,287.33259
2025-08-15T01:00:00.000000000,276.81,300.50865
2025-08-15T02:00:00.000000000,278.41,265.36898
2025-08-15T03:00:00.000000000,265.65,304.95765
2025-08-15T04:00:00.000000000,266.65,274.07078
2025-08-15T05:00:00.000000000,272.52,242.78374
2025-08-15T06:00:00.000000000,258.41,213.22709
2025-08-15T07:00:00.000000000,254.3,265.32031
2025-08-15T08:00:00.000000000,232.52,240.17001
2025-08-15T09:00:00.000000000,198.29,289.62586
2025-08-15T10:00:00.000000000,171.23,269.74653
2025-08-15T11:00:00.000000000,147.18,235.24267
2025-08-15T12:00:00.000000000,143.31,248.58928
2025-08-15T13:00:00.000000000,145.1,254.20614
2025-08-15T14:00:00.000000000,168.47,258.91916
2025-08-15T15:00:00.000000000,181.15,240.16447
2025-08-15T16:00:00.000000000,230.38,244.29532
2025-08-15T17:00:00.000000000,272.47,263.84215
2025-08-15T18:00:00.000000000,303.28,260.89644
2025-08-15T19:00:00.000000000,313.81,271.84312
2025-08-15T20:00:00.000000000,308.75,239.31281
2025-08-15T21:00:00.000000000,300.29,275.33709
2025-08-15T22:00:00.000000000,271.98,250.39082
2025-08-15T23:00:00.000000000,258.95,282.15962
2025-08-16T00:00:00.000000000,261.99,287.7334
2025-08-16T01:00:00.000000000,252.18,300.98407
2025-08-16T02:00:00.000000000,232.84,265.58603
2025-08-16T03:00:00.000000000,237.78,305.04626
2025-08-16T04:00:00.000000000,236.81,274.30614
2025-08-16T05:00:00.000000000,238.31,242.57978
2025-08-16T06:00:00.000000000,214.83,213.59053
2025-08-16T07:00:00.000000000,211.67,265.39513
2025-08-16T08:00:00.000000000,215.92,240.24626
2025-08-16T09:00:00.000000000,200.59,290.00395
2025-08-16T10:00:00.000000000,194.03,269.91202
2025-08-16T11:00:00.000000000,180.87,235.49889
2025-08-16T12:00:00.000000000,173.7,248.4983
2025-08-16T13:00:00.000000000,170.3,254.51782
2025-08-16T14:00:00.000000000,175.62,253.76786
2025-08-16T15:00:00.000000000,188.51,239.44772
2025-08-16T16:00:00.000000000,233.22,250.15617
2025-08-16T17:00:00.000000000,258.39,267.77055
2025-08-16T18:00:00.000000000,290.66,258.82891
2025-08-16T19:00:00.000000000,291.55,272.46547
2025-08-16T20:00:00.000000000,296.71,239.29635
2025-08-16T21:00:00.000000000,292.51,281.25319
2025-08-16T22:00:00.000000000,269.96,254.12053
2025-08-16T23:00:00.000000000,261.55,280.48805
2025-08-17T00:00:00.000000000,248.11,283.92072
2025-08-17T01:00:00.000000000,241.28,299.42298
2025-08-17T02:00:00.000000000,229.74,262.52707
2025-08-17T03:00:00.000000000,234.95,305.22692
2025-08-17T04:00:00.000000000,237.97,273.94827
2025-08-17T05:00:00.000000000,233.71,241.7157
2025-08-17T06:00:00.000000000,203.95,212.25593
2025-08-17T07:00:00.000000000,164.77,264.3068
2025-08-17T08:00:00.000000000,147.96,233.22306
2025-08-17T09:00:00.000000000,135.37,291.06179
2025-08-17T10:00:00.000000000,128.24,269.76984
2025-08-17T11:00:00.000000000,130.43,234.9066
2025-08-11T12:00:00.000000000,190.77,247.83113
2025-08-11T13:00:00.000000000,204.29,253.34725
2025-08-11T14:00:00.000000000,238.39,261.65824
2025-08-11T15:00:00.000000000,279.19,240.94934
2025-08-11T16:00:00.000000000,318.22,239.61254
2025-08-11T17:00:00.000000000,336.81,261.81943
2025-08-11T18:00:00.000000000,344.74,261.96054
2025-08-11T19:00:00.000000000,350.27,271.76289
2025-08-11T20:00:00.000000000,349.11,237.47549
2025-08-11T21:00:00.000000000,331.48,271.51798
2025-08-11T22:00:00.000000000,291.75,247.06255
2025-08-11T23:00:00.000000000,282.02,282.95483
2025-08-12T00:00:00.000000000,283.92,290.18453
2025-08-12T01:00:00.000000000,276.01,301.91092
2025-08-12T02:00:00.000000000,269.14,267.20558
2025-08-12T03:00:00.000000000,292.28,304.57939
2025-08-12T04:00:00.000000000,317.06,275.16954
2025-08-12T05:00:00.000000000,312.9,242.61037
2025-08-12T06:00:00.000000000,300.79,212.78832
2025-08-12T07:00:00.000000000,282.69,265.01238
2025-08-12T08:00:00.000000000,264.02,242.95595
2025-08-12T09:00:00.000000000,240.62,290.05216
2025-08-12T10:00:00.000000000,219.39,270.73084
2025-08-12T11:00:00.000000000,199.64,234.92683
2025-08-12T12:00:00.000000000,191.23,249.32211
2025-08-12T13:00:00.000000000,197.84,253.92238
2025-08-12T14:00:00.000000000,205.34,260.09803
2025-08-12T15:00:00.000000000,242.46,239.4657
2025-08-12T16:00:00.000000000,270.07,244.91143
2025-08-12T17:00:00.000000000,306.62,264.607
2025-08-12T18:00:00.000000000,345.44,261.98113
2025-08-12T19:00:00.000000000,359.66,273.43802
2025-08-12T20:00:00.000000000,358.51,238.52155
2025-08-12T21:00:00.000000000,353.44,277.07206
2025-08-12T22:00:00.000000000,342.28,251.59881
2025-08-12T23:00:00.000000000,331.56,283.53466
2025-08-13T00:00:00.000000000,327.76,289.17718
2025-08-13T01:00:00.000000000,335.02,301.93616
2025-08-13T02:00:00.000000000,337.74,265.78644
2025-08-13T03:00:00.000000000,339.93,305.91206
2025-08-13T04:00:00.000000000,344.33,275.2089
2025-08-13T05:00:00.000000000,348.52,242.70312
2025-08-13T06:00:00.000000000,333.91,212.85078
2025-08-13T07:00:00.000000000,314.23,266.86055
2025-08-13T08:00:00.000000000,295.42,240.11676
2025-08-13T09:00:00.000000000,266.74,291.44301
2025-08-13T10:00:00.000000000,256.64,271.64689
2025-08-13T11:00:00.000000000,242.26,235.22309
2025-08-13T12:00:00.000000000,229.0,249.13399
2025-08-13T13:00:00.000000000,228.25,254.26912
2025-08-13T14:00:00.000000000,236.06,259.64656
2025-08-13T15:00:00.000000000,254.31,239.74836
2025-08-13T16:00:00.000000000,285.81,244.80389
2025-08-13T17:00:00.000000000,306.1,263.9777
2025-08-13T18:00:00.000000000,324.71,261.43775
2025-08-13T19:00:00.000000000,308.44,272.37023
2025-08-13T20:00:00.000000000,306.2,239.58776
2025-08-13T21:00:00.000000000,298.71,276.0003
2025-08-13T22:00:00.000000000,263.76,251.08885
2025-08-13T23:00:00.000000000,251.11,282.64635
2025-08-14T00:00:00.000000000,251.2,288.28207
2025-08-14T01:00:00.000000000,247.85,301.37521
2025-08-14T02:00:00.000000000,252.86,265.82215
2025-08-14T03:00:00.000000000,244.41,305.5029
2025-08-14T04:00:00.000000000,259.72,274.33673
2025-08-14T05:00:00.000000000,282.11,242.71349
2025-08-14T06:00:00.000000000,283.19,213.93353
2025-08-14T07:00:00.000000000,272.29,266.2296
2025-08-14T08:00:00.000000000,258.52,240.74198
2025-08-14T09:00:00.000000000,244.41,290.13649
2025-08-14T10:00:00.000000000,232.93,270.2331
2025-08-14T11:00:00.000000000,229.5,235.69301
2025-08-14T12:00:00.000000000,218.09,248.22166
2025-08-14T13:00:00.000000000,217.54,253.80927
2025-08-14T14:00:00.000000000,224.17,258.80049
2025-08-14T15:00:00.000000000,239.35,239.94849
2025-08-14T16:00:00.000000000,274.77,244.33715
2025-08-14T17:00:00.000000000,296.66,263.57878
2025-08-14T18:00:00.000000000,324.22,260.62168
2025-08-14T19:00:00.000000000,339.57,271.68101
2025-08-14T20:00:00.000000000,332.68,239.21234
2025-08-14T21:00:00.000000000,323.62,275.22575
2025-08-14T22:00:00.000000000,306.89,250.47925
2025-08-14T23:00:00.000000000,285.76,281.66943
2025-08-15T00:00:00.000000000,270.62,287.33255
2025-08-15T01:00:00.000000000,276.81,300.50865
2025-08-15T02:00:00.000000000,278.41,265.36896
2025-08-15T03:00:00.000000000,265.65,304.95765
2025-08-15T04:00:00.000000000,266.65,274.07073
2025-08-15T05:00:00.000000000,272.52,242.78374
2025-08-15T06:00:00.000000000,258.41,213.22709
2025-08-15T07:00:00.000000000,254.3,265.32031
2025-08-15T08:00:00.000000000,232.52,240.16999
2025-08-15T09:00:00.000000000,198.29,289.62586
2025-08-15T10:00:00.000000000,171.23,269.74655
2025-08-15T11:00:00.000000000,147.18,235.24268
2025-08-15T12:00:00.000000000,143.31,248.58928
2025-08-15T13:00:00.000000000,145.1,254.20614
2025-08-15T14:00:00.000000000,168.47,258.91916
2025-08-15T15:00:00.000000000,181.15,240.16447
2025-08-15T16:00:00.000000000,230.38,244.29532
2025-08-15T17:00:00.000000000,272.47,263.84215
2025-08-15T18:00:00.000000000,303.28,260.89644
2025-08-15T19:00:00.000000000,313.81,271.84312
2025-08-15T20:00:00.000000000,308.75,239.31281
2025-08-15T21:00:00.000000000,300.29,275.33709
2025-08-15T22:00:00.000000000,271.98,250.39082
2025-08-15T23:00:00.000000000,258.95,282.15962
2025-08-16T00:00:00.000000000,261.99,287.7334
2025-08-16T01:00:00.000000000,252.18,300.98407
2025-08-16T02:00:00.000000000,232.84,265.58605
2025-08-16T03:00:00.000000000,237.78,305.04626
2025-08-16T04:00:00.000000000,236.81,274.30614
2025-08-16T05:00:00.000000000,238.31,242.57978
2025-08-16T06:00:00.000000000,214.83,213.59052
2025-08-16T07:00:00.000000000,211.67,265.39515
2025-08-16T08:00:00.000000000,215.92,240.24626
2025-08-16T09:00:00.000000000,200.59,290.00395
2025-08-16T10:00:00.000000000,194.03,269.91202
2025-08-16T11:00:00.000000000,180.87,235.4989
2025-08-16T12:00:00.000000000,173.7,248.4983
2025-08-16T13:00:00.000000000,170.3,254.51782
2025-08-16T14:00:00.000000000,175.62,253.76786
2025-08-16T15:00:00.000000000,188.51,239.44772
2025-08-16T16:00:00.000000000,233.22,250.15617
2025-08-16T17:00:00.000000000,258.39,267.77055
2025-08-16T18:00:00.000000000,290.66,258.82891
2025-08-16T19:00:00.000000000,291.55,272.46547
2025-08-16T20:00:00.000000000,296.71,239.29635
2025-08-16T21:00:00.000000000,292.51,281.25319
2025-08-16T22:00:00.000000000,269.96,254.12053
2025-08-16T23:00:00.000000000,261.55,280.48805
2025-08-17T00:00:00.000000000,248.11,283.92072
2025-08-17T01:00:00.000000000,241.28,299.42298
2025-08-17T02:00:00.000000000,229.74,262.52707
2025-08-17T03:00:00.000000000,234.95,305.22692
2025-08-17T04:00:00.000000000,237.97,273.94827
2025-08-17T05:00:00.000000000,233.71,241.7157
2025-08-17T06:00:00.000000000,203.95,212.25593
2025-08-17T07:00:00.000000000,164.77,264.3068
2025-08-17T08:00:00.000000000,147.96,233.22306
2025-08-17T09:00:00.000000000,135.37,291.06179
2025-08-17T10:00:00.000000000,128.24,269.76984
2025-08-17T11:00:00.000000000,130.43,234.9066
2025-08-17T12:00:00.000000000,130.01,247.03002
2025-08-17T13:00:00.000000000,135.62,254.59702
2025-08-17T14:00:00.000000000,143.97,258.56755
2025-08-17T15:00:00.000000000,169.24,241.73262
2025-08-17T16:00:00.000000000,222.88,242.47413
2025-08-17T17:00:00.000000000,268.47,262.98791
2025-08-17T18:00:00.000000000,295.44,259.31803
2025-08-17T19:00:00.000000000,294.05,270.35963
2025-08-17T20:00:00.000000000,281.49,239.25766
2025-08-17T21:00:00.000000000,282.06,272.02048
2025-08-17T22:00:00.000000000,278.51,248.51181
2025-08-17T23:00:00.000000000,270.4,280.48963
2025-08-18T00:00:00.000000000,275.61,287.284
2025-08-18T01:00:00.000000000,279.36,300.12202
2025-08-18T02:00:00.000000000,281.26,266.0714
2025-08-18T03:00:00.000000000,283.32,303.75921
2025-08-18T04:00:00.000000000,292.05,274.35898
2025-08-18T05:00:00.000000000,306.97,243.46962
2025-08-18T06:00:00.000000000,311.89,213.20531
2025-08-18T07:00:00.000000000,306.47,263.57305
2025-08-18T08:00:00.000000000,306.51,240.89573
2025-08-18T09:00:00.000000000,300.17,289.40849
2025-08-18T10:00:00.000000000,295.14,269.14494
2025-08-18T11:00:00.000000000,278.86,235.98274
2025-08-12T12:00:00.000000000,191.23,249.2857
2025-08-12T13:00:00.000000000,197.84,254.03698
2025-08-12T14:00:00.000000000,205.34,259.52806
2025-08-12T15:00:00.000000000,242.46,239.74575
2025-08-12T16:00:00.000000000,270.07,244.97252
2025-08-12T17:00:00.000000000,306.62,264.39633
2025-08-12T18:00:00.000000000,345.44,261.67921
2025-08-12T19:00:00.000000000,359.66,272.86643
2025-08-12T20:00:00.000000000,358.51,239.2144
2025-08-12T21:00:00.000000000,353.44,276.534
2025-08-12T22:00:00.000000000,342.28,251.56253
2025-08-12T23:00:00.000000000,331.56,282.87289
2025-08-13T00:00:00.000000000,327.76,288.37509
2025-08-13T01:00:00.000000000,335.02,301.38619
2025-08-13T02:00:00.000000000,337.74,265.76806
2025-08-13T03:00:00.000000000,339.93,305.69439
2025-08-13T04:00:00.000000000,344.33,274.69997
2025-08-13T05:00:00.000000000,348.52,242.88893
2025-08-13T06:00:00.000000000,333.91,213.24156
2025-08-13T07:00:00.000000000,314.23,266.49259
2025-08-13T08:00:00.000000000,295.42,240.24841
2025-08-13T09:00:00.000000000,266.74,290.7129
2025-08-13T10:00:00.000000000,256.64,270.78918
2025-08-13T11:00:00.000000000,242.26,235.2386
2025-08-13T12:00:00.000000000,229.0,249.1381
2025-08-13T13:00:00.000000000,228.25,254.26345
2025-08-13T14:00:00.000000000,236.06,259.66334
2025-08-13T15:00:00.000000000,254.31,239.74604
2025-08-13T16:00:00.000000000,285.81,244.78138
2025-08-13T17:00:00.000000000,306.1,263.96779
2025-08-13T18:00:00.000000000,324.71,261.45204
2025-08-13T19:00:00.000000000,308.44,272.37537
2025-08-13T20:00:00.000000000,306.2,239.5787
2025-08-13T21:00:00.000000000,298.71,275.99151
2025-08-13T22:00:00.000000000,263.76,251.07596
2025-08-13T23:00:00.000000000,251.11,282.65904
2025-08-14T00:00:00.000000000,251.2,288.29652
2025-08-14T01:00:00.000000000,247.85,301.38362
2025-08-14T02:00:00.000000000,252.86,265.82959
2025-08-14T03:00:00.000000000,244.41,305.50549
2025-08-14T04:00:00.000000000,259.72,274.33989
2025-08-14T05:00:00.000000000,282.11,242.70789
2025-08-14T06:00:00.000000000,283.19,213.932
2025-08-14T07:00:00.000000000,272.29,266.23466
2025-08-14T08:00:00.000000000,258.52,240.75534
2025-08-14T09:00:00.000000000,244.41,290.13721
2025-08-14T10:00:00.000000000,232.93,270.23801
2025-08-14T11:00:00.000000000,229.5,235.68641
2025-08-14T12:00:00.000000000,218.09,248.22147
2025-08-14T13:00:00.000000000,217.54,253.80929
2025-08-14T14:00:00.000000000,224.17,258.80006
2025-08-14T15:00:00.000000000,239.35,239.94845
2025-08-14T16:00:00.000000000,274.77,244.33746
2025-08-14T17:00:00.000000000,296.66,263.57895
2025-08-14T18:00:00.000000000,324.22,260.62136
2025-08-14T19:00:00.000000000,339.57,271.68092
2025-08-14T20:00:00.000000000,332.68,239.21223
2025-08-14T21:00:00.000000000,323.62,275.22594
2025-08-14T22:00:00.000000000,306.89,250.47936
2025-08-14T23:00:00.000000000,285.76,281.66926
2025-08-15T00:00:00.000000000,270.62,287.3323
2025-08-15T01:00:00.000000000,276.81,300.5085
2025-08-15T02:00:00.000000000,278.41,265.36873
2025-08-15T03:00:00.000000000,265.65,304.95753
2025-08-15T04:00:00.000000000,266.65,274.07073
2025-08-15T05:00:00.000000000,272.52,242.78368
2025-08-15T06:00:00.000000000,258.41,213.22694
2025-08-15T07:00:00.000000000,254.3,265.3201
2025-08-15T08:00:00.000000000,232.52,240.16952
2025-08-15T09:00:00.000000000,198.29,289.6259
2025-08-15T10:00:00.000000000,171.23,269.74647
2025-08-15T11:00:00.000000000,147.18,235.24266
2025-08-15T12:00:00.000000000,143.31,248.58928
2025-08-15T13:00:00.000000000,145.1,254.20612
2025-08-15T14:00:00.000000000,168.47,258.91916
2025-08-15T15:00:00.000000000,181.15,240.16447
2025-08-15T16:00:00.000000000,230.38,244.29532
2025-08-15T17:00:00.000000000,272.47,263.84213
2025-08-15T18:00:00.000000000,303.28,260.89644
2025-08-15T19:00:00.000000000,313.81,271.8431
2025-08-15T20:00:00.000000000,308.75,239.31281
2025-08-15T21:00:00.000000000,300.29,275.33707
2025-08-15T22:00:00.000000000,271.98,250.39082
2025-08-15T23:00:00.000000000,258.95,282.15962
2025-08-16T00:00:00.000000000,261.99,287.7334
2025-08-16T01:00:00.000000000,252.18,300.98407
2025-08-16T02:00:00.000000000,232.84,265.58605
2025-08-16T03:00:00.000000000,237.78,305.04626
2025-08-16T04:00:00.000000000,236.81,274.30614
2025-08-16T05:00:00.000000000,238.31,242.57978
2025-08-16T06:00:00.000000000,214.83,213.59053
2025-08-16T07:00:00.000000000,211.67,265.39515
2025-08-16T08:00:00.000000000,215.92,240.24626
2025-08-16T09:00:00.000000000,200.59,290.00395
2025-08-16T10:00:00.000000000,194.03,269.91202
2025-08-16T11:00:00.000000000,180.87,235.49889
2025-08-16T12:00:00.000000000,173.7,248.4983
2025-08-16T13:00:00.000000000,170.3,254.51782
2025-08-16T14:00:00.000000000,175.62,253.76786
2025-08-16T15:00:00.000000000,188.51,239.44772
2025-08-16T16:00:00.000000000,233.22,250.15617
2025-08-16T17:00:00.000000000,258.39,267.77055
2025-08-16T18:00:00.000000000,290.66,258.82891
2025-08-16T19:00:00.000000000,291.55,272.46547
2025-08-16T20:00:00.000000000,296.71,239.29635
2025-08-16T21:00:00.000000000,292.51,281.25319
2025-08-16T22:00:00.000000000,269.96,254.12053
2025-08-16T23:00:00.000000000,261.55,280.48805
2025-08-17T00:00:00.000000000,248.11,283.92072
2025-08-17T01:00:00.000000000,241.28,299.42298
2025-08-17T02:00:00.000000000,229.74,262.52707
2025-08-17T03:00:00.000000000,234.95,305.22692
2025-08-17T04:00:00.000000000,237.97,273.94827
2025-08-17T05:00:00.000000000,233.71,241.7157
2025-08-17T06:00:00.000000000,203.95,212.25593
2025-08-17T07:00:00.000000000,164.77,264.3068
2025-08-17T08:00:00.000000000,147.96,233.22306
2025-08-17T09:00:00.000000000,135.37,291.06179
2025-08-17T10:00:00.000000000,128.24,269.76984
2025-08-17T11:00:00.000000000,130.43,234.9066
2025-08-17T12:00:00.000000000,130.01,247.03002
2025-08-17T13:00:00.000000000,135.62,254.59702
2025-08-17T14:00:00.000000000,143.97,258.56755
2025-08-17T15:00:00.000000000,169.24,241.73262
2025-08-17T16:00:00.000000000,222.88,242.47413
2025-08-17T17:00:00.000000000,268.47,262.98791
2025-08-17T18:00:00.000000000,295.44,259.31803
2025-08-17T19:00:00.000000000,294.05,270.35963
2025-08-17T20:00:00.000000000,281.49,239.25766
2025-08-17T21:00:00.000000000,282.06,272.02048
2025-08-17T22:00:00.000000000,278.51,248.51181
2025-08-17T23:00:00.000000000,270.4,280.48963
2025-08-18T00:00:00.000000000,275.61,287.284
2025-08-18T01:00:00.000000000,279.36,300.12202
2025-08-18T02:00:00.000000000,281.26,266.0714
2025-08-18T03:00:00.000000000,283.32,303.75921
2025-08-18T04:00:00.000000000,292.05,274.35898
2025-08-18T05:00:00.000000000,306.97,243.46962
2025-08-18T06:00:00.000000000,311.89,213.20531
2025-08-18T07:00:00.000000000,306.47,263.57305
2025-08-18T08:00:00.000000000,306.51,240.89573
2025-08-18T09:00:00.000000000,300.17,289.40849
2025-08-18T10:00:00.000000000,295.14,269.14494
2025-08-18T11:00:00.000000000,278.86,235.98274
2025-08-18T12:00:00.000000000,271.59,247.31819
2025-08-18T13:00:00.000000000,271.57,250.44622
2025-08-18T14:00:00.000000000,279.18,263.96685
2025-08-18T15:00:00.000000000,301.21,239.11975
2025-08-18T16:00:00.000000000,319.83,233.97411
2025-08-18T17:00:00.000000000,327.7,259.42241
2025-08-18T18:00:00.000000000,335.93,264.84815
2025-08-18T19:00:00.000000000,335.65,272.42974
2025-08-18T20:00:00.000000000,332.8,232.19364
2025-08-18T21:00:00.000000000,329.3,270.68046
2025-08-18T22:00:00.000000000,300.29,242.59002
2025-08-18T23:00:00.000000000,288.48,286.1973
2025-08-19T00:00:00.000000000,287.87,293.12467
2025-08-19T01:00:00.000000000,285.08,304.39344
2025-08-19T02:00:00.000000000,286.04,267.43706
2025-08-19T03:00:00.000000000,279.79,304.22831
2025-08-19T04:00:00.000000000,270.91,275.97158
2025-08-19T05:00:00.000000000,268.2,238.70247
2025-08-19T06:00:00.000000000,257.23,211.40817
2025-08-19T07:00:00.000000000,241.51,264.35811
2025-08-19T08:00:00.000000000,239.39,243.31081
2025-08-19T09:00:00.000000000,235.13,290.47383
2025-08-19T10:00:00.000000000,223.31,271.96702
2025-08-19T11:00:00.000000000,208.24,232.14907
2025-08-13T12:00:00.000000000,229.0,249.06546
2025-08-13T13:00:00.000000000,228.25,254.47856
2025-08-13T14:00:00.000000000,236.06,257.30922
2025-08-13T15:00:00.000000000,254.31,239.67676
2025-08-13T16:00:00.000000000,285.81,246.81118
2025-08-13T17:00:00.000000000,306.1,265.08314
2025-08-13T18:00:00.000000000,324.71,260.48449
2025-08-13T19:00:00.000000000,308.44,272.08961
2025-08-13T20:00:00.000000000,306.2,240.12561
2025-08-13T21:00:00.000000000,298.71,277.71725
2025-08-13T22:00:00.000000000,263.76,252.16364
2025-08-13T23:00:00.000000000,251.11,281.61696
2025-08-14T00:00:00.000000000,251.2,286.17947
2025-08-14T01:00:00.000000000,247.85,300.32474
2025-08-14T02:00:00.000000000,252.86,264.55554
2025-08-14T03:00:00.000000000,244.41,305.37146
2025-08-14T04:00:00.000000000,259.72,273.78404
2025-08-14T05:00:00.000000000,282.11,242.34741
2025-08-14T06:00:00.000000000,283.19,213.75231
2025-08-14T07:00:00.000000000,272.29,265.50936
2025-08-14T08:00:00.000000000,258.52,238.2639
2025-08-14T09:00:00.000000000,244.41,289.91491
2025-08-14T10:00:00.000000000,232.93,269.49518
2025-08-14T11:00:00.000000000,229.5,235.47512
2025-08-14T12:00:00.000000000,218.09,248.24914
2025-08-14T13:00:00.000000000,217.54,253.80628
2025-08-14T14:00:00.000000000,224.17,258.84973
2025-08-14T15:00:00.000000000,239.35,239.95271
2025-08-14T16:00:00.000000000,274.77,244.29456
2025-08-14T17:00:00.000000000,296.66,263.56216
2025-08-14T18:00:00.000000000,324.22,260.67006
2025-08-14T19:00:00.000000000,339.57,271.7002
2025-08-14T20:00:00.000000000,332.68,239.21493
2025-08-14T21:00:00.000000000,323.62,275.20276
2025-08-14T22:00:00.000000000,306.89,250.46153
2025-08-14T23:00:00.000000000,285.76,281.7039
2025-08-15T00:00:00.000000000,270.62,287.37528
2025-08-15T01:00:00.000000000,276.81,300.53031
2025-08-15T02:00:00.000000000,278.41,265.39798
2025-08-15T03:00:00.000000000,265.65,304.97331
2025-08-15T04:00:00.000000000,266.65,274.08215
2025-08-15T05:00:00.000000000,272.52,242.78505
2025-08-15T06:00:00.000000000,258.41,213.23878
2025-08-15T07:00:00.000000000,254.3,265.3477
2025-08-15T08:00:00.000000000,232.52,240.22212
2025-08-15T09:00:00.000000000,198.29,289.62805
2025-08-15T10:00:00.000000000,171.23,269.76347
2025-08-15T11:00:00.000000000,147.18,235.23865
2025-08-15T12:00:00.000000000,143.31,248.5888
2025-08-15T13:00:00.000000000,145.1,254.20633
2025-08-15T14:00:00.000000000,168.47,258.91796
2025-08-15T15:00:00.000000000,181.15,240.16455
2025-08-15T16:00:00.000000000,230.38,244.29646
2025-08-15T17:00:00.000000000,272.47,263.8427
2025-08-15T18:00:00.000000000,303.28,260.89535
2025-08-15T19:00:00.000000000,313.81,271.84274
2025-08-15T20:00:00.000000000,308.75,239.313
2025-08-15T21:00:00.000000000,300.29,275.33755
2025-08-15T22:00:00.000000000,271.98,250.39137
2025-08-15T23:00:00.000000000,258.95,282.15873
2025-08-16T00:00:00.000000000,261.99,287.73239
2025-08-16T01:00:00.000000000,252.18,300.98346
2025-08-16T02:00:00.000000000,232.84,265.5854
2025-08-16T03:00:00.000000000,237.78,305.04596
2025-08-16T04:00:00.000000000,236.81,274.30595
2025-08-16T05:00:00.000000000,238.31,242.57999
2025-08-16T06:00:00.000000000,214.83,213.59029
2025-08-16T07:00:00.000000000,211.67,265.39456
2025-08-16T08:00:00.000000000,215.92,240.24513
2025-08-16T09:00:00.000000000,200.59,290.00395
2025-08-16T10:00:00.000000000,194.03,269.91171
2025-08-16T11:00:00.000000000,180.87,235.49908
2025-08-16T12:00:00.000000000,173.7,248.49832
2025-08-16T13:00:00.000000000,170.3,254.51784
2025-08-16T14:00:00.000000000,175.62,253.76793
2025-08-16T15:00:00.000000000,188.51,239.44772
2025-08-16T16:00:00.000000000,233.22,250.15617
2025-08-16T17:00:00.000000000,258.39,267.77053
2025-08-16T18:00:00.000000000,290.66,258.82893
2025-08-16T19:00:00.000000000,291.55,272.46547
2025-08-16T20:00:00.000000000,296.71,239.29635
2025-08-16T21:00:00.000000000,292.51,281.25321
2025-08-16T22:00:00.000000000,269.96,254.12051
2025-08-16T23:00:00.000000000,261.55,280.48807
2025-08-17T00:00:00.000000000,248.11,283.92074
2025-08-17T01:00:00.000000000,241.28,299.423
2025-08-17T02:00:00.000000000,229.74,262.52707
2025-08-17T03:00:00.000000000,234.95,305.22692
2025-08-17T04:00:00.000000000,237.97,273.94829
2025-08-17T05:00:00.000000000,233.71,241.71575
2025-08-17T06:00:00.000000000,203.95,212.25593
2025-08-17T07:00:00.000000000,164.77,264.30684
2025-08-17T08:00:00.000000000,147.96,233.22311
2025-08-17T09:00:00.000000000,135.37,291.06179
2025-08-17T10:00:00.000000000,128.24,269.76986
2025-08-17T11:00:00.000000000,130.43,234.9066
2025-08-17T12:00:00.000000000,130.01,247.03002
2025-08-17T13:00:00.000000000,135.62,254.59704
2025-08-17T14:00:00.000000000,143.97,258.56755
2025-08-17T15:00:00.000000000,169.24,241.73264
2025-08-17T16:00:00.000000000,222.88,242.47413
2025-08-17T17:00:00.000000000,268.47,262.98794
2025-08-17T18:00:00.000000000,295.44,259.31803
2025-08-17T19:00:00.000000000,294.05,270.35963
2025-08-17T20:00:00.000000000,281.49,239.25766
2025-08-17T21:00:00.000000000,282.06,272.02048
2025-08-17T22:00:00.000000000,278.51,248.51183
2025-08-17T23:00:00.000000000,270.4,280.48963
2025-08-18T00:00:00.000000000,275.61,287.284
2025-08-18T01:00:00.000000000,279.36,300.122
2025-08-18T02:00:00.000000000,281.26,266.0714
2025-08-18T03:00:00.000000000,283.32,303.75921
2025-08-18T04:00:00.000000000,292.05,274.359
2025-08-18T05:00:00.000000000,306.97,243.46964
2025-08-18T06:00:00.000000000,311.89,213.20531
2025-08-18T07:00:00.000000000,306.47,263.57303
2025-08-18T08:00:00.000000000,306.51,240.89573
2025-08-18T09:00:00.000000000,300.17,289.40849
2025-08-18T10:00:00.000000000,295.14,269.14494
2025-08-18T11:00:00.000000000,278.86,235.98274
2025-08-18T12:00:00.000000000,271.59,247.31819
2025-08-18T13:00:00.000000000,271.57,250.44622
2025-08-18T14:00:00.000000000,279.18,263.96685
2025-08-18T15:00:00.000000000,301.21,239.11975
2025-08-18T16:00:00.000000000,319.83,233.97411
2025-08-18T17:00:00.000000000,327.7,259.42241
2025-08-18T18:00:00.000000000,335.93,264.84815
2025-08-18T19:00:00.000000000,335.65,272.42974
2025-08-18T20:00:00.000000000,332.8,232.19364
2025-08-18T21:00:00.000000000,329.3,270.68046
2025-08-18T22:00:00.000000000,300.29,242.59002
2025-08-18T23:00:00.000000000,288.48,286.1973
2025-08-19T00:00:00.000000000,287.87,293.12467
2025-08-19T01:00:00.000000000,285.08,304.39344
2025-08-19T02:00:00.000000000,286.04,267.43706
2025-08-19T03:00:00.000000000,279.79,304.22831
2025-08-19T04:00:00.000000000,270.91,275.97158
2025-08-19T05:00:00.000000000,268.2,238.70247
2025-08-19T06:00:00.000000000,257.23,211.40817
2025-08-19T07:00:00.000000000,241.51,264.35811
2025-08-19T08:00:00.000000000,239.39,243.31081
2025-08-19T09:00:00.000000000,235.13,290.47383
2025-08-19T10:00:00.000000000,223.31,271.96702
2025-08-19T11:00:00.000000000,208.24,232.14907
2025-08-19T12:00:00.000000000,191.51,248.85396
2025-08-19T13:00:00.000000000,195.63,248.34927
2025-08-19T14:00:00.000000000,201.05,264.26365
2025-08-19T15:00:00.000000000,215.48,234.93696
2025-08-19T16:00:00.000000000,232.73,234.08323
2025-08-19T17:00:00.000000000,256.24,260.14266
2025-08-19T18:00:00.000000000,269.18,268.43841
2025-08-19T19:00:00.000000000,258.67,275.47456
2025-08-19T20:00:00.000000000,247.0,227.32413
2025-08-19T21:00:00.000000000,229.17,277.00912
2025-08-19T22:00:00.000000000,186.89,242.19875
2025-08-19T23:00:00.000000000,155.95,292.30992
2025-08-20T00:00:00.000000000,150.6,296.40747
2025-08-20T01:00:00.000000000,156.49,308.83587
2025-08-20T02:00:00.000000000,159.45,265.02053
2025-08-20T03:00:00.000000000,161.26,306.20671
2025-08-20T04:00:00.000000000,167.27,277.46432
2025-08-20T05:00:00.000000000,210.08,233.73491
2025-08-20T06:00:00.000000000,206.95,210.25656
2025-08-20T07:00:00.000000000,211.15,266.47187
2025-08-20T08:00:00.000000000,214.17,239.58258
2025-08-20T09:00:00.000000000,213.06,294.3818
2025-08-20T10:00:00.000000000,221.04,276.09223
2025-08-20T11:00:00.000000000,230.73,229.75027
2025-08-14T12:00:00.000000000,218.09,248.32839
2025-08-14T13:00:00.000000000,217.54,253.74157
2025-08-14T14:00:00.000000000,224.17,259.41044
2025-08-14T15:00:00.000000000,239.35,240.15465
2025-08-14T16:00:00.000000000,274.77,243.31934
2025-08-14T17:00:00.000000000,296.66,263.03693
2025-08-14T18:00:00.000000000,324.22,260.98361
2025-08-14T19:00:00.000000000,339.57,271.58067
2025-08-14T20:00:00.000000000,332.68,239.27062
2025-08-14T21:00:00.000000000,323.62,274.30005
2025-08-14T22:00:00.000000000,306.89,249.82174
2025-08-14T23:00:00.000000000,285.76,281.7933
2025-08-15T00:00:00.000000000,270.62,287.66774
2025-08-15T01:00:00.000000000,276.81,300.61006
2025-08-15T02:00:00.000000000,278.41,265.82793
2025-08-15T03:00:00.000000000,265.65,304.93068
2025-08-15T04:00:00.000000000,266.65,273.985
2025-08-15T05:00:00.000000000,272.52,242.8231
2025-08-15T06:00:00.000000000,258.41,213.40377
2025-08-15T07:00:00.000000000,254.3,265.35881
2025-08-15T08:00:00.000000000,232.52,241.02329
2025-08-15T09:00:00.000000000,198.29,289.3288
2025-08-15T10:00:00.000000000,171.23,269.55371
2025-08-15T11:00:00.000000000,147.18,235.13738
2025-08-15T12:00:00.000000000,143.31,248.58172
2025-08-15T13:00:00.000000000,145.1,254.20369
2025-08-15T14:00:00.000000000,168.47,258.90915
2025-08-15T15:00:00.000000000,181.15,240.1603
2025-08-15T16:00:00.000000000,230.38,244.29911
2025-08-15T17:00:00.000000000,272.47,263.8447
2025-08-15T18:00:00.000000000,303.28,260.88764
2025-08-15T19:00:00.000000000,313.81,271.84083
2025-08-15T20:00:00.000000000,308.75,239.30324
2025-08-15T21:00:00.000000000,300.29,275.34453
2025-08-15T22:00:00.000000000,271.98,250.39086
2025-08-15T23:00:00.000000000,258.95,282.15654
2025-08-16T00:00:00.000000000,261.99,287.72685
2025-08-16T01:00:00.000000000,252.18,300.9823
2025-08-16T02:00:00.000000000,232.84,265.5783
2025-08-16T03:00:00.000000000,237.78,305.04208
2025-08-16T04:00:00.000000000,236.81,274.30586
2025-08-16T05:00:00.000000000,238.31,242.574
2025-08-16T06:00:00.000000000,214.83,213.5831
2025-08-16T07:00:00.000000000,211.67,265.38774
2025-08-16T08:00:00.000000000,215.92,240.23088
2025-08-16T09:00:00.000000000,200.59,290.00673
2025-08-16T10:00:00.000000000,194.03,269.91101
2025-08-16T11:00:00.000000000,180.87,235.49533
2025-08-16T12:00:00.000000000,173.7,248.49845
2025-08-16T13:00:00.000000000,170.3,254.51784
2025-08-16T14:00:00.000000000,175.62,253.76812
2025-08-16T15:00:00.000000000,188.51,239.44768
2025-08-16T16:00:00.000000000,233.22,250.15603
2025-08-16T17:00:00.000000000,258.39,267.77049
2025-08-16T18:00:00.000000000,290.66,258.82912
2025-08-16T19:00:00.000000000,291.55,272.46562
2025-08-16T20:00:00.000000000,296.71,239.29631
2025-08-16T21:00:00.000000000,292.51,281.25323
2025-08-16T22:00:00.000000000,269.96,254.12048
2025-08-16T23:00:00.000000000,261.55,280.48832
2025-08-17T00:00:00.000000000,248.11,283.92101
2025-08-17T01:00:00.000000000,241.28,299.42314
2025-08-17T02:00:00.000000000,229.74,262.52716
2025-08-17T03:00:00.000000000,234.95,305.22698
2025-08-17T04:00:00.000000000,237.97,273.9484
2025-08-17T05:00:00.000000000,233.71,241.71566
2025-08-17T06:00:00.000000000,203.95,212.25597
2025-08-17T07:00:00.000000000,164.77,264.30695
2025-08-17T08:00:00.000000000,147.96,233.22328
2025-08-17T09:00:00.000000000,135.37,291.06188
2025-08-17T10:00:00.000000000,128.24,269.76999
2025-08-17T11:00:00.000000000,130.43,234.90659
2025-08-17T12:00:00.000000000,130.01,247.03002
2025-08-17T13:00:00.000000000,135.62,254.59702
2025-08-17T14:00:00.000000000,143.97,258.56757
2025-08-17T15:00:00.000000000,169.24,241.73262
2025-08-17T16:00:00.000000000,222.88,242.47413
2025-08-17T17:00:00.000000000,268.47,262.98791
2025-08-17T18:00:00.000000000,295.44,259.31803
2025-08-17T19:00:00.000000000,294.05,270.35963
2025-08-17T20:00:00.000000000,281.49,239.25766
2025-08-17T21:00:00.000000000,282.06,272.02048
2025-08-17T22:00:00.000000000,278.51,248.51181
2025-08-17T23:00:00.000000000,270.4,280.48963
2025-08-18T00:00:00.000000000,275.61,287.284
2025-08-18T01:00:00.000000000,279.36,300.12202
2025-08-18T02:00:00.000000000,281.26,266.0714
2025-08-18T03:00:00.000000000,283.32,303.75921
2025-08-18T04:00:00.000000000,292.05,274.35898
2025-08-18T05:00:00.000000000,306.97,243.46964
2025-08-18T06:00:00.000000000,311.89,213.20531
2025-08-18T07:00:00.000000000,306.47,263.57305
2025-08-18T08:00:00.000000000,306.51,240.89571
2025-08-18T09:00:00.000000000,300.17,289.40849
2025-08-18T10:00:00.000000000,295.14,269.14494
2025-08-18T11:00:00.000000000,278.86,235.98275
2025-08-18T12:00:00.000000000,271.59,247.31819
2025-08-18T13:00:00.000000000,271.57,250.44622
2025-08-18T14:00:00.000000000,279.18,263.96685
2025-08-18T15:00:00.000000000,301.21,239.11975
2025-08-18T16:00:00.000000000,319.83,233.97411
2025-08-18T17:00:00.000000000,327.7,259.42241
2025-08-18T18:00:00.000000000,335.93,264.84815
2025-08-18T19:00:00.000000000,335.65,272.42974
2025-08-18T20:00:00.000000000,332.8,232.19364
2025-08-18T21:00:00.000000000,329.3,270.68046
2025-08-18T22:00:00.000000000,300.29,242.59002
2025-08-18T23:00:00.000000000,288.48,286.1973
2025-08-19T00:00:00.000000000,287.87,293.12467
2025-08-19T01:00:00.000000000,285.08,304.39344
2025-08-19T02:00:00.000000000,286.04,267.43706
2025-08-19T03:00:00.000000000,279.79,304.22831
2025-08-19T04:00:00.000000000,270.91,275.97158
2025-08-19T05:00:00.000000000,268.2,238.70247
2025-08-19T06:00:00.000000000,257.23,211.40817
2025-08-19T07:00:00.000000000,241.51,264.35811
2025-08-19T08:00:00.000000000,239.39,243.31081
2025-08-19T09:00:00.000000000,235.13,290.47383
2025-08-19T10:00:00.000000000,223.31,271.96702
2025-08-19T11:00:00.000000000,208.24,232.14907
2025-08-19T12:00:00.000000000,191.51,248.85396
2025-08-19T13:00:00.000000000,195.63,248.34927
2025-08-19T14:00:00.000000000,201.05,264.26365
2025-08-19T15:00:00.000000000,215.48,234.93696
2025-08-19T16:00:00.000000000,232.73,234.08323
2025-08-19T17:00:00.000000000,256.24,260.14266
2025-08-19T18:00:00.000000000,269.18,268.43841
2025-08-19T19:00:00.000000000,258.67,275.47456
2025-08-19T20:00:00.000000000,247.0,227.32413
2025-08-19T21:00:00.000000000,229.17,277.00912
2025-08-19T22:00:00.000000000,186.89,242.19875
2025-08-19T23:00:00.000000000,155.95,292.30992
2025-08-20T00:00:00.000000000,150.6,296.40747
2025-08-20T01:00:00.000000000,156.49,308.83587
2025-08-20T02:00:00.000000000,159.45,265.02053
2025-08-20T03:00:00.000000000,161.26,306.20671
2025-08-20T04:00:00.000000000,167.27,277.46432
2025-08-20T05:00:00.000000000,210.08,233.73491
2025-08-20T06:00:00.000000000,206.95,210.25656
2025-08-20T07:00:00.000000000,211.15,266.47187
2025-08-20T08:00:00.000000000,214.17,239.58258
2025-08-20T09:00:00.000000000,213.06,294.3818
2025-08-20T10:00:00.000000000,221.04,276.09223
2025-08-20T11:00:00.000000000,230.73,229.75027
2025-08-20T12:00:00.000000000,224.65,248.78324
2025-08-20T13:00:00.000000000,222.2,250.07558
2025-08-20T14:00:00.000000000,222.66,264.29561
2025-08-20T15:00:00.000000000,239.95,237.42362
2025-08-20T16:00:00.000000000,255.35,234.74427
2025-08-20T17:00:00.000000000,273.45,259.65251
2025-08-20T18:00:00.000000000,290.83,266.50717
2025-08-20T19:00:00.000000000,284.59,273.62323
2025-08-20T20:00:00.000000000,278.47,231.80453
2025-08-20T21:00:00.000000000,266.3,273.233
2025-08-20T22:00:00.000000000,257.78,243.57862
2025-08-20T23:00:00.000000000,245.27,288.06516
2025-08-21T00:00:00.000000000,243.77,293.87907
2025-08-21T01:00:00.000000000,251.05,305.25876
2025-08-21T02:00:00.000000000,244.22,266.84757
2025-08-21T03:00:00.000000000,244.02,305.12986
2025-08-21T04:00:00.000000000,243.57,275.96049
2025-08-21T05:00:00.000000000,257.37,237.44035
2025-08-21T06:00:00.000000000,259.46,211.82466
2025-08-21T07:00:00.000000000,247.77,265.75797
2025-08-21T08:00:00.000000000,221.01,242.73745
2025-08-21T09:00:00.000000000,196.55,290.76402
2025-08-21T10:00:00.000000000,189.36,272.69862
2025-08-21T11:00:00.000000000,191.17,231.62762
2025-08-15T12:00:00.000000000,143.31,248.51404
2025-08-15T13:00:00.000000000,145.1,254.36588
2025-08-15T14:00:00.000000000,168.47,258.31851
2025-08-15T15:00:00.000000000,181.15,240.62272
2025-08-15T16:00:00.000000000,230.38,243.83709
2025-08-15T17:00:00.000000000,272.47,263.80997
2025-08-15T18:00:00.000000000,303.28,260.67613
2025-08-15T19:00:00.000000000,313.81,271.40784
2025-08-15T20:00:00.000000000,308.75,239.44288
2025-08-15T21:00:00.000000000,300.29,274.6403
2025-08-15T22:00:00.000000000,271.98,250.01462
2025-08-15T23:00:00.000000000,258.95,281.80261
2025-08-16T00:00:00.000000000,261.99,287.20006
2025-08-16T01:00:00.000000000,252.18,300.73478
2025-08-16T02:00:00.000000000,232.84,265.74874
2025-08-16T03:00:00.000000000,237.78,304.69772
2025-08-16T04:00:00.000000000,236.81,274.13285
2025-08-16T05:00:00.000000000,238.31,242.59794
2025-08-16T06:00:00.000000000,214.83,213.62065
2025-08-16T07:00:00.000000000,211.67,264.8305
2025-08-16T08:00:00.000000000,215.92,240.18377
2025-08-16T09:00:00.000000000,200.59,289.81044
2025-08-16T10:00:00.000000000,194.03,269.21428
2025-08-16T11:00:00.000000000,180.87,235.26814
2025-08-16T12:00:00.000000000,173.7,248.50329
2025-08-16T13:00:00.000000000,170.3,254.51249
2025-08-16T14:00:00.000000000,175.62,253.77956
2025-08-16T15:00:00.000000000,188.51,239.43866
2025-08-16T16:00:00.000000000,233.22,250.14242
2025-08-16T17:00:00.000000000,258.39,267.76769
2025-08-16T18:00:00.000000000,290.66,258.84263
2025-08-16T19:00:00.000000000,291.55,272.4766
2025-08-16T20:00:00.000000000,296.71,239.28042
2025-08-16T21:00:00.000000000,292.51,281.26227
2025-08-16T22:00:00.000000000,269.96,254.11576
2025-08-16T23:00:00.000000000,261.55,280.50556
2025-08-17T00:00:00.000000000,248.11,283.93347
2025-08-17T01:00:00.000000000,241.28,299.43315
2025-08-17T02:00:00.000000000,229.74,262.52838
2025-08-17T03:00:00.000000000,234.95,305.23086
2025-08-17T04:00:00.000000000,237.97,273.95453
2025-08-17T05:00:00.000000000,233.71,241.70441
2025-08-17T06:00:00.000000000,203.95,212.24826
2025-08-17T07:00:00.000000000,164.77,264.31312
2025-08-17T08:00:00.000000000,147.96,233.22278
2025-08-17T09:00:00.000000000,135.37,291.07031
2025-08-17T10:00:00.000000000,128.24,269.77936
2025-08-17T11:00:00.000000000,130.43,234.89721
2025-08-17T12:00:00.000000000,130.01,247.02994
2025-08-17T13:00:00.000000000,135.62,254.59711
2025-08-17T14:00:00.000000000,143.97,258.56719
2025-08-17T15:00:00.000000000,169.24,241.73267
2025-08-17T16:00:00.000000000,222.88,242.47451
2025-08-17T17:00:00.000000000,268.47,262.98817
2025-08-17T18:00:00.000000000,295.44,259.31778
2025-08-17T19:00:00.000000000,294.05,270.35959
2025-08-17T20:00:00.000000000,281.49,239.25771
2025-08-17T21:00:00.000000000,282.06,272.02069
2025-08-17T22:00:00.000000000,278.51,248.51206
2025-08-17T23:00:00.000000000,270.4,280.48946
2025-08-18T00:00:00.000000000,275.61,287.28375
2025-08-18T01:00:00.000000000,279.36,300.12192
2025-08-18T02:00:00.000000000,281.26,266.07123
2025-08-18T03:00:00.000000000,283.32,303.75919
2025-08-18T04:00:00.000000000,292.05,274.359
2025-08-18T05:00:00.000000000,306.97,243.46968
2025-08-18T06:00:00.000000000,311.89,213.20526
2025-08-18T07:00:00.000000000,306.47,263.57295
2025-08-18T08:00:00.000000000,306.51,240.89533
2025-08-18T09:00:00.000000000,300.17,289.40862
2025-08-18T10:00:00.000000000,295.14,269.14494
2025-08-18T11:00:00.000000000,278.86,235.98282
2025-08-18T12:00:00.000000000,271.59,247.31819
2025-08-18T13:00:00.000000000,271.57,250.44624
2025-08-18T14:00:00.000000000,279.18,263.96682
2025-08-18T15:00:00.000000000,301.21,239.11975
2025-08-18T16:00:00.000000000,319.83,233.97411
2025-08-18T17:00:00.000000000,327.7,259.42241
2025-08-18T18:00:00.000000000,335.93,264.84815
2025-08-18T19:00:00.000000000,335.65,272.42974
2025-08-18T20:00:00.000000000,332.8,232.19362
2025-08-18T21:00:00.000000000,329.3,270.68046
2025-08-18T22:00:00.000000000,300.29,242.59002
2025-08-18T23:00:00.000000000,288.48,286.1973
2025-08-19T00:00:00.000000000,287.87,293.12465
2025-08-19T01:00:00.000000000,285.08,304.39344
2025-08-19T02:00:00.000000000,286.04,267.43706
2025-08-19T03:00:00.000000000,279.79,304.22831
2025-08-19T04:00:00.000000000,270.91,275.9716
2025-08-19T05:00:00.000000000,268.2,238.70245
2025-08-19T06:00:00.000000000,257.23,211.40817
2025-08-19T07:00:00.000000000,241.51,264.35811
2025-08-19T08:00:00.000000000,239.39,243.31081
2025-08-19T09:00:00.000000000,235.13,290.47383
2025-08-19T10:00:00.000000000,223.31,271.96702
2025-08-19T11:00:00.000000000,208.24,232.14907
2025-08-19T12:00:00.000000000,191.51,248.85396
2025-08-19T13:00:00.000000000,195.63,248.34927
2025-08-19T14:00:00.000000000,201.05,264.26365
2025-08-19T15:00:00.000000000,215.48,234.93696
2025-08-19T16:00:00.000000000,232.73,234.08323
2025-08-19T17:00:00.000000000,256.24,260.14266
2025-08-19T18:00:00.000000000,269.18,268.43841
2025-08-19T19:00:00.000000000,258.67,275.47456
2025-08-19T20:00:00.000000000,247.0,227.32413
2025-08-19T21:00:00.000000000,229.17,277.00912
2025-08-19T22:00:00.000000000,186.89,242.19875
2025-08-19T23:00:00.000000000,155.95,292.30992
2025-08-20T00:00:00.000000000,150.6,296.40747
2025-08-20T01:00:00.000000000,156.49,308.83587
2025-08-20T02:00:00.000000000,159.45,265.02053
2025-08-20T03:00:00.000000000,161.26,306.20671
2025-08-20T04:00:00.000000000,167.27,277.46432
2025-08-20T05:00:00.000000000,210.08,233.73491
2025-08-20T06:00:00.000000000,206.95,210.25656
2025-08-20T07:00:00.000000000,211.15,266.47187
2025-08-20T08:00:00.000000000,214.17,239.58258
2025-08-20T09:00:00.000000000,213.06,294.3818
2025-08-20T10:00:00.000000000,221.04,276.09223
2025-08-20T11:00:00.000000000,230.73,229.75027
2025-08-20T12:00:00.000000000,224.65,248.78324
2025-08-20T13:00:00.000000000,222.2,250.07558
2025-08-20T14:00:00.000000000,222.66,264.29561
2025-08-20T15:00:00.000000000,239.95,237.42362
2025-08-20T16:00:00.000000000,255.35,234.74427
2025-08-20T17:00:00.000000000,273.45,259.65251
2025-08-20T18:00:00.000000000,290.83,266.50717
2025-08-20T19:00:00.000000000,284.59,273.62323
2025-08-20T20:00:00.000000000,278.47,231.80453
2025-08-20T21:00:00.000000000,266.3,273.233
2025-08-20T22:00:00.000000000,257.78,243.57862
2025-08-20T23:00:00.000000000,245.27,288.06516
2025-08-21T00:00:00.000000000,243.77,293.87907
2025-08-21T01:00:00.000000000,251.05,305.25876
2025-08-21T02:00:00.000000000,244.22,266.84757
2025-08-21T03:00:00.000000000,244.02,305.12986
2025-08-21T04:00:00.000000000,243.57,275.96049
2025-08-21T05:00:00.000000000,257.37,237.44035
2025-08-21T06:00:00.000000000,259.46,211.82466
2025-08-21T07:00:00.000000000,247.77,265.75797
2025-08-21T08:00:00.000000000,221.01,242.73745
2025-08-21T09:00:00.000000000,196.55,290.76402
2025-08-21T10:00:00.000000000,189.36,272.69862
2025-08-21T11:00:00.000000000,191.17,231.62762
2025-08-21T12:00:00.000000000,196.8,247.01544
2025-08-21T13:00:00.000000000,201.73,246.9253
2025-08-21T14:00:00.000000000,204.23,264.38506
2025-08-21T15:00:00.000000000,222.91,235.50145
2025-08-21T16:00:00.000000000,243.77,229.73046
2025-08-21T17:00:00.000000000,269.67,257.42821
2025-08-21T18:00:00.000000000,306.44,267.85793
2025-08-21T19:00:00.000000000,314.86,273.13359
2025-08-21T20:00:00.000000000,316.96,226.20055
2025-08-21T21:00:00.000000000,313.32,272.01041
2025-08-21T22:00:00.000000000,300.41,238.35503
2025-08-21T23:00:00.000000000,297.85,290.07939
2025-08-22T00:00:00.000000000,294.45,295.37291
2025-08-22T01:00:00.000000000,295.4,307.17504
2025-08-22T02:00:00.000000000,298.86,265.7589
2025-08-22T03:00:00.000000000,298.79,304.21383
2025-08-22T04:00:00.000000000,303.22,276.19375
2025-08-22T05:00:00.000000000,317.17,233.20281
2025-08-22T06:00:00.000000000,315.69,210.04726
2025-08-22T07:00:00.000000000,298.36,263.86172
2025-08-22T08:00:00.000000000,269.57,241.17637
2025-08-22T09:00:00.000000000,244.64,291.22433
2025-08-22T10:00:00.000000000,223.78,273.37415
2025-08-22T11:00:00.000000000,220.55,228.64033
2025-08-16T12:00:00.000000000,173.7,249.35641
2025-08-16T13:00:00.000000000,170.3,254.83828
2025-08-16T14:00:00.000000000,175.62,254.84292
2025-08-16T15:00:00.000000000,188.51,239.33103
2025-08-16T16:00:00.000000000,233.22,248.63246
2025-08-16T17:00:00.000000000,258.39,267.60723
2025-08-16T18:00:00.000000000,290.66,260.26078
2025-08-16T19:00:00.000000000,291.55,273.23066
2025-08-16T20:00:00.000000000,296.71,238.36586
2025-08-16T21:00:00.000000000,292.51,281.29354
2025-08-16T22:00:00.000000000,269.96,253.37352
2025-08-16T23:00:00.000000000,261.55,282.5737
2025-08-17T00:00:00.000000000,248.11,285.64954
2025-08-17T01:00:00.000000000,241.28,300.86182
2025-08-17T02:00:00.000000000,229.74,263.15507
2025-08-17T03:00:00.000000000,234.95,305.35732
2025-08-17T04:00:00.000000000,237.97,274.92393
2025-08-17T05:00:00.000000000,233.71,240.76659
2025-08-17T06:00:00.000000000,203.95,212.36403
2025-08-17T07:00:00.000000000,164.77,264.77333
2025-08-17T08:00:00.000000000,147.96,233.93916
2025-08-17T09:00:00.000000000,135.37,292.222
2025-08-17T10:00:00.000000000,128.24,270.70292
2025-08-17T11:00:00.000000000,130.43,234.78034
2025-08-17T12:00:00.000000000,130.01,247.01751
2025-08-17T13:00:00.000000000,135.62,254.60783
2025-08-17T14:00:00.000000000,143.97,258.51531
2025-08-17T15:00:00.000000000,169.24,241.731
2025-08-17T16:00:00.000000000,222.88,242.53283
2025-08-17T17:00:00.000000000,268.47,263.01927
2025-08-17T18:00:00.000000000,295.44,259.28012
2025-08-17T19:00:00.000000000,294.05,270.35249
2025-08-17T20:00:00.000000000,281.49,239.26392
2025-08-17T21:00:00.000000000,282.06,272.05996
2025-08-17T22:00:00.000000000,278.51,248.54577
2025-08-17T23:00:00.000000000,270.4,280.46466
2025-08-18T00:00:00.000000000,275.61,287.2457
2025-08-18T01:00:00.000000000,279.36,300.10274
2025-08-18T02:00:00.000000000,281.26,266.04184
2025-08-18T03:00:00.000000000,283.32,303.75179
2025-08-18T04:00:00.000000000,292.05,274.35641
2025-08-18T05:00:00.000000000,306.97,243.4736
2025-08-18T06:00:00.000000000,311.89,213.19514
2025-08-18T07:00:00.000000000,306.47,263.55735
2025-08-18T08:00:00.000000000,306.51,240.83804
2025-08-18T09:00:00.000000000,300.17,289.41814
2025-08-18T10:00:00.000000000,295.14,269.14075
2025-08-18T11:00:00.000000000,278.86,235.99048
2025-08-18T12:00:00.000000000,271.59,247.31835
2025-08-18T13:00:00.000000000,271.57,250.4459
2025-08-18T14:00:00.000000000,279.18,263.96739
2025-08-18T15:00:00.000000000,301.21,239.11965
2025-08-18T16:00:00.000000000,319.83,233.97324
2025-08-18T17:00:00.000000000,327.7,259.42189
2025-08-18T18:00:00.000000000,335.93,264.8487
2025-08-18T19:00:00.000000000,335.65,272.42972
2025-08-18T20:00:00.000000000,332.8,232.19352
2025-08-18T21:00:00.000000000,329.3,270.67982
2025-08-18T22:00:00.000000000,300.29,242.58947
2025-08-18T23:00:00.000000000,288.48,286.19746
2025-08-19T00:00:00.000000000,287.87,293.12497
2025-08-19T01:00:00.000000000,285.08,304.39342
2025-08-19T02:00:00.000000000,286.04,267.43734
2025-08-19T03:00:00.000000000,279.79,304.22835
2025-08-19T04:00:00.000000000,270.91,275.97153
2025-08-19T05:00:00.000000000,268.2,238.70232
2025-08-19T06:00:00.000000000,257.23,211.40823
2025-08-19T07:00:00.000000000,241.51,264.35826
2025-08-19T08:00:00.000000000,239.39,243.31142
2025-08-19T09:00:00.000000000,235.13,290.47341
2025-08-19T10:00:00.000000000,223.31,271.96694
2025-08-19T11:00:00.000000000,208.24,232.14881
2025-08-19T12:00:00.000000000,191.51,248.85396
2025-08-19T13:00:00.000000000,195.63,248.34927
2025-08-19T14:00:00.000000000,201.05,264.26365
2025-08-19T15:00:00.000000000,215.48,234.93696
2025-08-19T16:00:00.000000000,232.73,234.08326
2025-08-19T17:00:00.000000000,256.24,260.14266
2025-08-19T18:00:00.000000000,269.18,268.43844
2025-08-19T19:00:00.000000000,258.67,275.47456
2025-08-19T20:00:00.000000000,247.0,227.32413
2025-08-19T21:00:00.000000000,229.17,277.00915
2025-08-19T22:00:00.000000000,186.89,242.19873
2025-08-19T23:00:00.000000000,155.95,292.30995
2025-08-20T00:00:00.000000000,150.6,296.40747
2025-08-20T01:00:00.000000000,156.49,308.83589
2025-08-20T02:00:00.000000000,159.45,265.02051
2025-08-20T03:00:00.000000000,161.26,306.20673
2025-08-20T04:00:00.000000000,167.27,277.46432
2025-08-20T05:00:00.000000000,210.08,233.73491
2025-08-20T06:00:00.000000000,206.95,210.25656
2025-08-20T07:00:00.000000000,211.15,266.47187
2025-08-20T08:00:00.000000000,214.17,239.58255
2025-08-20T09:00:00.000000000,213.06,294.38184
2025-08-20T10:00:00.000000000,221.04,276.09225
2025-08-20T11:00:00.000000000,230.73,229.75028
2025-08-20T12:00:00.000000000,224.65,248.78324
2025-08-20T13:00:00.000000000,222.2,250.07558
2025-08-20T14:00:00.000000000,222.66,264.29563
2025-08-20T15:00:00.000000000,239.95,237.42359
2025-08-20T16:00:00.000000000,255.35,234.74427
2025-08-20T17:00:00.000000000,273.45,259.65251
2025-08-20T18:00:00.000000000,290.83,266.50719
2025-08-20T19:00:00.000000000,284.59,273.62323
2025-08-20T20:00:00.000000000,278.47,231.80451
2025-08-20T21:00:00.000000000,266.3,273.233
2025-08-20T22:00:00.000000000,257.78,243.57862
2025-08-20T23:00:00.000000000,245.27,288.06516
2025-08-21T00:00:00.000000000,243.77,293.87907
2025-08-21T01:00:00.000000000,251.05,305.25876
2025-08-21T02:00:00.000000000,244.22,266.84757
2025-08-21T03:00:00.000000000,244.02,305.12986
2025-08-21T04:00:00.000000000,243.57,275.96049
2025-08-21T05:00:00.000000000,257.37,237.44039
2025-08-21T06:00:00.000000000,259.46,211.82468
2025-08-21T07:00:00.000000000,247.77,265.75799
2025-08-21T08:00:00.000000000,221.01,242.73747
2025-08-21T09:00:00.000000000,196.55,290.76402
2025-08-21T10:00:00.000000000,189.36,272.69864
2025-08-21T11:00:00.000000000,191.17,231.62763
2025-08-21T12:00:00.000000000,196.8,247.01544
2025-08-21T13:00:00.000000000,201.73,246.9253
2025-08-21T14:00:00.000000000,204.23,264.38506
2025-08-21T15:00:00.000000000,222.91,235.50144
2025-08-21T16:00:00.000000000,243.77,229.73044
2025-08-21T17:00:00.000000000,269.67,257.42818
2025-08-21T18:00:00.000000000,306.44,267.85791
2025-08-21T19:00:00.000000000,314.86,273.13359
2025-08-21T20:00:00.000000000,316.96,226.20053
2025-08-21T21:00:00.000000000,313.32,272.01041
2025-08-21T22:00:00.000000000,300.41,238.35503
2025-08-21T23:00:00.000000000,297.85,290.07939
2025-08-22T00:00:00.000000000,294.45,295.37289
2025-08-22T01:00:00.000000000,295.4,307.17502
2025-08-22T02:00:00.000000000,298.86,265.75888
2025-08-22T03:00:00.000000000,298.79,304.21383
2025-08-22T04:00:00.000000000,303.22,276.19375
2025-08-22T05:00:00.000000000,317.17,233.2028
2025-08-22T06:00:00.000000000,315.69,210.04724
2025-08-22T07:00:00.000000000,298.36,263.86172
2025-08-22T08:00:00.000000000,269.57,241.17637
2025-08-22T09:00:00.000000000,244.64,291.22429
2025-08-22T10:00:00.000000000,223.78,273.37413
2025-08-22T11:00:00.000000000,220.55,228.64032
2025-08-22T12:00:00.000000000,219.64,245.764
2025-08-22T13:00:00.000000000,213.1,243.39322
2025-08-22T14:00:00.000000000,219.95,264.72278
2025-08-22T15:00:00.000000000,238.35,231.61742
2025-08-22T16:00:00.000000000,275.25,226.61099
2025-08-22T17:00:00.000000000,318.69,255.03523
2025-08-22T18:00:00.000000000,357.63,269.15236
2025-08-22T19:00:00.000000000,351.08,273.17897
2025-08-22T20:00:00.000000000,344.26,220.45816
2025-08-22T21:00:00.000000000,332.78,273.36669
2025-08-22T22:00:00.000000000,321.75,234.47468
2025-08-22T23:00:00.000000000,313.67,293.66324
2025-08-23T00:00:00.000000000,303.17,297.68343
2025-08-23T01:00:00.000000000,305.09,310.48986
2025-08-23T02:00:00.000000000,307.87,263.4708
2025-08-23T03:00:00.000000000,308.34,303.99868
2025-08-23T04:00:00.000000000,310.76,275.86534
2025-08-23T05:00:00.000000000,307.42,228.27273
2025-08-23T06:00:00.000000000,286.59,208.73592
2025-08-23T07:00:00.000000000,265.05,263.79284
2025-08-23T08:00:00.000000000,240.55,238.96775
2025-08-23T09:00:00.000000000,211.95,292.75256
2025-08-23T10:00:00.000000000,201.05,275.23424
2025-08-23T11:00:00.000000000,213.06,225.8674
2025-08-17T12:00:00.000000000,130.01,247.32423
2025-08-17T13:00:00.000000000,135.62,254.392
2025-08-17T14:00:00.000000000,143.97,258.8326
2025-08-17T15:00:00.000000000,169.24,241.9672
2025-08-17T16:00:00.000000000,222.88,240.41572
2025-08-17T17:00:00.000000000,268.47,262.64929
2025-08-17T18:00:00.000000000,295.44,260.44553
2025-08-17T19:00:00.000000000,294.05,270.48696
2025-08-17T20:00:00.000000000,281.49,238.0904
2025-08-17T21:00:00.000000000,282.06,271.29975
2025-08-17T22:00:00.000000000,278.51,247.04553
2025-08-17T23:00:00.000000000,270.4,281.62008
2025-08-18T00:00:00.000000000,275.61,288.11841
2025-08-18T01:00:00.000000000,279.36,300.95078
2025-08-18T02:00:00.000000000,281.26,266.63315
2025-08-18T03:00:00.000000000,283.32,303.5477
2025-08-18T04:00:00.000000000,292.05,274.8965
2025-08-18T05:00:00.000000000,306.97,242.40438
2025-08-18T06:00:00.000000000,311.89,213.1027
2025-08-18T07:00:00.000000000,306.47,263.05736
2025-08-18T08:00:00.000000000,306.51,241.23135
2025-08-18T09:00:00.000000000,300.17,289.75439
2025-08-18T10:00:00.000000000,295.14,269.16489
2025-08-18T11:00:00.000000000,278.86,235.22675
2025-08-18T12:00:00.000000000,271.59,247.32244
2025-08-18T13:00:00.000000000,271.57,250.44965
2025-08-18T14:00:00.000000000,279.18,263.94816
2025-08-18T15:00:00.000000000,301.21,239.11168
2025-08-18T16:00:00.000000000,319.83,234.00007
2025-08-18T17:00:00.000000000,327.7,259.44357
2025-08-18T18:00:00.000000000,335.93,264.84615
2025-08-18T19:00:00.000000000,335.65,272.44282
2025-08-18T20:00:00.000000000,332.8,232.18155
2025-08-18T21:00:00.000000000,329.3,270.72418
2025-08-18T22:00:00.000000000,300.29,242.60953
2025-08-18T23:00:00.000000000,288.48,286.20987
2025-08-19T00:00:00.000000000,287.87,293.12103
2025-08-19T01:00:00.000000000,285.08,304.40121
2025-08-19T02:00:00.000000000,286.04,267.42187
2025-08-19T03:00:00.000000000,279.79,304.23311
2025-08-19T04:00:00.000000000,270.91,275.98019
2025-08-19T05:00:00.000000000,268.2,238.69117
2025-08-19T06:00:00.000000000,257.23,211.39913
2025-08-19T07:00:00.000000000,241.51,264.35876
2025-08-19T08:00:00.000000000,239.39,243.27553
2025-08-19T09:00:00.000000000,235.13,290.49625
2025-08-19T10:00:00.000000000,223.31,271.98173
2025-08-19T11:00:00.000000000,208.24,232.14581
2025-08-19T12:00:00.000000000,191.51,248.85436
2025-08-19T13:00:00.000000000,195.63,248.34958
2025-08-19T14:00:00.000000000,201.05,264.26369
2025-08-19T15:00:00.000000000,215.48,234.93731
2025-08-19T16:00:00.000000000,232.73,234.08351
2025-08-19T17:00:00.000000000,256.24,260.14293
2025-08-19T18:00:00.000000000,269.18,268.43852
2025-08-19T19:00:00.000000000,258.67,275.47473
2025-08-19T20:00:00.000000000,247.0,227.3247
2025-08-19T21:00:00.000000000,229.17,277.0091
2025-08-19T22:00:00.000000000,186.89,242.19919
2025-08-19T23:00:00.000000000,155.95,292.30973
2025-08-20T00:00:00.000000000,150.6,296.40734
2025-08-20T01:00:00.000000000,156.49,308.83557
2025-08-20T02:00:00.000000000,159.45,265.02079
2025-08-20T03:00:00.000000000,161.26,306.2068
2025-08-20T04:00:00.000000000,167.27,277.46436
2025-08-20T05:00:00.000000000,210.08,233.73541
2025-08-20T06:00:00.000000000,206.95,210.25671
2025-08-20T07:00:00.000000000,211.15,266.47204
2025-08-20T08:00:00.000000000,214.17,239.58283
2025-08-20T09:00:00.000000000,213.06,294.38167
2025-08-20T10:00:00.000000000,221.04,276.09214
2025-08-20T11:00:00.000000000,230.73,229.75047
2025-08-20T12:00:00.000000000,224.65,248.78324
2025-08-20T13:00:00.000000000,222.2,250.07558
2025-08-20T14:00:00.000000000,222.66,264.29563
2025-08-20T15:00:00.000000000,239.95,237.42359
2025-08-20T16:00:00.000000000,255.35,234.74427
2025-08-20T17:00:00.000000000,273.45,259.65251
2025-08-20T18:00:00.000000000,290.83,266.50719
2025-08-20T19:00:00.000000000,284.59,273.62323
2025-08-20T20:00:00.000000000,278.47,231.80453
2025-08-20T21:00:00.000000000,266.3,273.23298
2025-08-20T22:00:00.000000000,257.78,243.57862
2025-08-20T23:00:00.000000000,245.27,288.06516
2025-08-21T00:00:00.000000000,243.77,293.87907
2025-08-21T01:00:00.000000000,251.05,305.25876
2025-08-21T02:00:00.000000000,244.22,266.84757
2025-08-21T03:00:00.000000000,244.02,305.12986
2025-08-21T04:00:00.000000000,243.57,275.96049
2025-08-21T05:00:00.000000000,257.37,237.44039
2025-08-21T06:00:00.000000000,259.46,211.82468
2025-08-21T07:00:00.000000000,247.77,265.75799
2025-08-21T08:00:00.000000000,221.01,242.73747
2025-08-21T09:00:00.000000000,196.55,290.76402
2025-08-21T10:00:00.000000000,189.36,272.69862
2025-08-21T11:00:00.000000000,191.17,231.62763
2025-08-21T12:00:00.000000000,196.8,247.01544
2025-08-21T13:00:00.000000000,201.73,246.9253
2025-08-21T14:00:00.000000000,204.23,264.38506
2025-08-21T15:00:00.000000000,222.91,235.50145
2025-08-21T16:00:00.000000000,243.77,229.73046
2025-08-21T17:00:00.000000000,269.67,257.42818
2025-08-21T18:00:00.000000000,306.44,267.85791
2025-08-21T19:00:00.000000000,314.86,273.13359
2025-08-21T20:00:00.000000000,316.96,226.20055
2025-08-21T21:00:00.000000000,313.32,272.01041
2025-08-21T22:00:00.000000000,300.41,238.35503
2025-08-21T23:00:00.000000000,297.85,290.07939
2025-08-22T00:00:00.000000000,294.45,295.37291
2025-08-22T01:00:00.000000000,295.4,307.17502
2025-08-22T02:00:00.000000000,298.86,265.7589
2025-08-22T03:00:00.000000000,298.79,304.21385
2025-08-22T04:00:00.000000000,303.22,276.19375
2025-08-22T05:00:00.000000000,317.17,233.20281
2025-08-22T06:00:00.000000000,315.69,210.04724
2025-08-22T07:00:00.000000000,298.36,263.86172
2025-08-22T08:00:00.000000000,269.57,241.17637
2025-08-22T09:00:00.000000000,244.64,291.22433
2025-08-22T10:00:00.000000000,223.78,273.37415
2025-08-22T11:00:00.000000000,220.55,228.64033
2025-08-22T12:00:00.000000000,219.64,245.764
2025-08-22T13:00:00.000000000,213.1,243.39322
2025-08-22T14:00:00.000000000,219.95,264.7228
2025-08-22T15:00:00.000000000,238.35,231.61742
2025-08-22T16:00:00.000000000,275.25,226.61099
2025-08-22T17:00:00.000000000,318.69,255.03523
2025-08-22T18:00:00.000000000,357.63,269.15236
2025-08-22T19:00:00.000000000,351.08,273.17897
2025-08-22T20:00:00.000000000,344.26,220.45816
2025-08-22T21:00:00.000000000,332.78,273.36671
2025-08-22T22:00:00.000000000,321.75,234.47469
2025-08-22T23:00:00.000000000,313.67,293.66324
2025-08-23T00:00:00.000000000,303.17,297.68343
2025-08-23T01:00:00.000000000,305.09,310.48989
2025-08-23T02:00:00.000000000,307.87,263.4708
2025-08-23T03:00:00.000000000,308.34,303.99868
2025-08-23T04:00:00.000000000,310.76,275.86534
2025-08-23T05:00:00.000000000,307.42,228.27272
2025-08-23T06:00:00.000000000,286.59,208.73592
2025-08-23T07:00:00.000000000,265.05,263.79284
2025-08-23T08:00:00.000000000,240.55,238.96777
2025-08-23T09:00:00.000000000,211.95,292.75256
2025-08-23T10:00:00.000000000,201.05,275.23424
2025-08-23T11:00:00.000000000,213.06,225.86741
2025-08-23T12:00:00.000000000,219.9,248.22516
2025-08-23T13:00:00.000000000,232.66,248.93445
2025-08-23T14:00:00.000000000,242.32,262.68426
2025-08-23T15:00:00.000000000,262.1,234.85061
2025-08-23T16:00:00.000000000,291.84,234.56786
2025-08-23T17:00:00.000000000,316.47,260.20541
2025-08-23T18:00:00.000000000,346.99,267.01948
2025-08-23T19:00:00.000000000,347.09,274.27942
2025-08-23T20:00:00.000000000,341.28,227.43258
2025-08-23T21:00:00.000000000,339.52,276.83051
2025-08-23T22:00:00.000000000,323.81,242.1887
2025-08-23T23:00:00.000000000,318.72,291.52527
2025-08-24T00:00:00.000000000,314.91,295.24638
2025-08-24T01:00:00.000000000,304.88,308.51216
2025-08-24T02:00:00.000000000,298.43,264.58051
2025-08-24T03:00:00.000000000,296.77,305.28172
2025-08-24T04:00:00.000000000,291.62,276.85773
2025-08-24T05:00:00.000000000,296.48,233.23492
2025-08-24T06:00:00.000000000,284.05,210.90158
2025-08-24T07:00:00.000000000,265.98,265.21344
2025-08-24T08:00:00.000000000,242.24,238.76815
2025-08-24T09:00:00.000000000,203.95,293.88373
2025-08-24T10:00:00.000000000,184.15,274.6427
2025-08-24T11:00:00.000000000,171.28,230.16094
2025-08-18T12:00:00.000000000,271.59,248.02185
2025-08-18T13:00:00.000000000,271.57,250.15407
2025-08-18T14:00:00.000000000,279.18,264.05083
2025-08-18T15:00:00.000000000,301.21,238.27941
2025-08-18T16:00:00.000000000,319.83,233.974
2025-08-18T17:00:00.000000000,327.7,259.83633
2025-08-18T18:00:00.000000000,335.93,266.0057
2025-08-18T19:00:00.000000000,335.65,273.44838
2025-08-18T20:00:00.000000000,332.8,231.06741
2025-08-18T21:00:00.000000000,329.3,272.64262
2025-08-18T22:00:00.000000000,300.29,242.63005
2025-08-18T23:00:00.000000000,288.48,287.70382
2025-08-19T00:00:00.000000000,287.87,293.79388
2025-08-19T01:00:00.000000000,285.08,305.25328
2025-08-19T02:00:00.000000000,286.04,266.95321
2025-08-19T03:00:00.000000000,279.79,304.75836
2025-08-19T04:00:00.000000000,270.91,276.45977
2025-08-19T05:00:00.000000000,268.2,237.41329
2025-08-19T06:00:00.000000000,257.23,211.08323
2025-08-19T07:00:00.000000000,241.51,264.76421
2025-08-19T08:00:00.000000000,239.39,242.15282
2025-08-19T09:00:00.000000000,235.13,291.29817
2025-08-19T10:00:00.000000000,223.31,272.91603
2025-08-19T11:00:00.000000000,208.24,231.51606
2025-08-19T12:00:00.000000000,191.51,248.87448
2025-08-19T13:00:00.000000000,195.63,248.3759
2025-08-19T14:00:00.000000000,201.05,264.25385
2025-08-19T15:00:00.000000000,215.48,234.96133
2025-08-19T16:00:00.000000000,232.73,234.11688
2025-08-19T17:00:00.000000000,256.24,260.17182
2025-08-19T18:00:00.000000000,269.18,268.43532
2025-08-19T19:00:00.000000000,258.67,275.48535
2025-08-19T20:00:00.000000000,247.0,227.35993
2025-08-19T21:00:00.000000000,229.17,277.0208
2025-08-19T22:00:00.000000000,186.89,242.2383
2025-08-19T23:00:00.000000000,155.95,292.29652
2025-08-20T00:00:00.000000000,150.6,296.39516
2025-08-20T01:00:00.000000000,156.49,308.818
2025-08-20T02:00:00.000000000,159.45,265.03227
2025-08-20T03:00:00.000000000,161.26,306.20972
2025-08-20T04:00:00.000000000,167.27,277.4714
2025-08-20T05:00:00.000000000,210.08,233.76606
2025-08-20T06:00:00.000000000,206.95,210.26457
2025-08-20T07:00:00.000000000,211.15,266.47824
2025-08-20T08:00:00.000000000,214.17,239.58607
2025-08-20T09:00:00.000000000,213.06,294.38416
2025-08-20T10:00:00.000000000,221.04,276.09014
2025-08-20T11:00:00.000000000,230.73,229.76737
2025-08-20T12:00:00.000000000,224.65,248.78328
2025-08-20T13:00:00.000000000,222.2,250.07566
2025-08-20T14:00:00.000000000,222.66,264.29574
2025-08-20T15:00:00.000000000,239.95,237.42374
2025-08-20T16:00:00.000000000,255.35,234.74431
2025-08-20T17:00:00.000000000,273.45,259.65244
2025-08-20T18:00:00.000000000,290.83,266.5071
2025-08-20T19:00:00.000000000,284.59,273.62319
2025-08-20T20:00:00.000000000,278.47,231.80487
2025-08-20T21:00:00.000000000,266.3,273.23279
2025-08-20T22:00:00.000000000,257.78,243.5787
2025-08-20T23:00:00.000000000,245.27,288.06497
2025-08-21T00:00:00.000000000,243.77,293.87901
2025-08-21T01:00:00.000000000,251.05,305.25863
2025-08-21T02:00:00.000000000,244.22,266.84765
2025-08-21T03:00:00.000000000,244.02,305.12993
2025-08-21T04:00:00.000000000,243.57,275.96037
2025-08-21T05:00:00.000000000,257.37,237.44062
2025-08-21T06:00:00.000000000,259.46,211.8248
2025-08-21T07:00:00.000000000,247.77,265.7581
2025-08-21T08:00:00.000000000,221.01,242.73768
2025-08-21T09:00:00.000000000,196.55,290.76385
2025-08-21T10:00:00.000000000,189.36,272.69852
2025-08-21T11:00:00.000000000,191.17,231.62774
2025-08-21T12:00:00.000000000,196.8,247.01544
2025-08-21T13:00:00.000000000,201.73,246.9253
2025-08-21T14:00:00.000000000,204.23,264.38506
2025-08-21T15:00:00.000000000,222.91,235.50144
2025-08-21T16:00:00.000000000,243.77,229.73046
2025-08-21T17:00:00.000000000,269.67,257.42818
2025-08-21T18:00:00.000000000,306.44,267.85791
2025-08-21T19:00:00.000000000,314.86,273.13361
2025-08-21T20:00:00.000000000,316.96,226.20055
2025-08-21T21:00:00.000000000,313.32,272.01041
2025-08-21T22:00:00.000000000,300.41,238.35503
2025-08-21T23:00:00.000000000,297.85,290.07939
2025-08-22T00:00:00.000000000,294.45,295.37289
2025-08-22T01:00:00.000000000,295.4,307.17502
2025-08-22T02:00:00.000000000,298.86,265.75888
2025-08-22T03:00:00.000000000,298.79,304.21383
2025-08-22T04:00:00.000000000,303.22,276.19375
2025-08-22T05:00:00.000000000,317.17,233.2028
2025-08-22T06:00:00.000000000,315.69,210.04724
2025-08-22T07:00:00.000000000,298.36,263.86172
2025-08-22T08:00:00.000000000,269.57,241.17637
2025-08-22T09:00:00.000000000,244.64,291.22433
2025-08-22T10:00:00.000000000,223.78,273.37413
2025-08-22T11:00:00.000000000,220.55,228.64032
2025-08-22T12:00:00.000000000,219.64,245.764
2025-08-22T13:00:00.000000000,213.1,243.39322
2025-08-22T14:00:00.000000000,219.95,264.7228
2025-08-22T15:00:00.000000000,238.35,231.61742
2025-08-22T16:00:00.000000000,275.25,226.61099
2025-08-22T17:00:00.000000000,318.69,255.03523
2025-08-22T18:00:00.000000000,357.63,269.15236
2025-08-22T19:00:00.000000000,351.08,273.17897
2025-08-22T20:00:00.000000000,344.26,220.45816
2025-08-22T21:00:00.000000000,332.78,273.36671
2025-08-22T22:00:00.000000000,321.75,234.47469
2025-08-22T23:00:00.000000000,313.67,293.66324
2025-08-23T00:00:00.000000000,303.17,297.68343
2025-08-23T01:00:00.000000000,305.09,310.48989
2025-08-23T02:00:00.000000000,307.87,263.4708
2025-08-23T03:00:00.000000000,308.34,303.99868
2025-08-23T04:00:00.000000000,310.76,275.86534
2025-08-23T05:00:00.000000000,307.42,228.27272
2025-08-23T06:00:00.000000000,286.59,208.73592
2025-08-23T07:00:00.000000000,265.05,263.79284
2025-08-23T08:00:00.000000000,240.55,238.96777
2025-08-23T09:00:00.000000000,211.95,292.75256
2025-08-23T10:00:00.000000000,201.05,275.23424
2025-08-23T11:00:00.000000000,213.06,225.86741
2025-08-23T12:00:00.000000000,219.9,248.22516
2025-08-23T13:00:00.000000000,232.66,248.93445
2025-08-23T14:00:00.000000000,242.32,262.68426
2025-08-23T15:00:00.000000000,262.1,234.85061
2025-08-23T16:00:00.000000000,291.84,234.56786
2025-08-23T17:00:00.000000000,316.47,260.20541
2025-08-23T18:00:00.000000000,346.99,267.01948
2025-08-23T19:00:00.000000000,347.09,274.27942
2025-08-23T20:00:00.000000000,341.28,227.43258
2025-08-23T21:00:00.000000000,339.52,276.83051
2025-08-23T22:00:00.000000000,323.81,242.1887
2025-08-23T23:00:00.000000000,318.72,291.52527
2025-08-24T00:00:00.000000000,314.91,295.24638
2025-08-24T01:00:00.000000000,304.88,308.51216
2025-08-24T02:00:00.000000000,298.43,264.58051
2025-08-24T03:00:00.000000000,296.77,305.28172
2025-08-24T04:00:00.000000000,291.62,276.85773
2025-08-24T05:00:00.000000000,296.48,233.23492
2025-08-24T06:00:00.000000000,284.05,210.90158
2025-08-24T07:00:00.000000000,265.98,265.21344
2025-08-24T08:00:00.000000000,242.24,238.76815
2025-08-24T09:00:00.000000000,203.95,293.88373
2025-08-24T10:00:00.000000000,184.15,274.6427
2025-08-24T11:00:00.000000000,171.28,230.16094
2025-08-24T12:00:00.000000000,174.75,247.07275
2025-08-24T13:00:00.000000000,183.26,250.20689
2025-08-24T14:00:00.000000000,193.52,262.40122
2025-08-24T15:00:00.000000000,217.28,237.35252
2025-08-24T16:00:00.000000000,254.06,234.30743
2025-08-24T17:00:00.000000000,286.2,259.86985
2025-08-24T18:00:00.000000000,316.09,264.8982
2025-08-24T19:00:00.000000000,319.63,272.45825
2025-08-24T20:00:00.000000000,319.85,229.9145
2025-08-24T21:00:00.000000000,324.88,273.17434
2025-08-24T22:00:00.000000000,303.94,241.92275
2025-08-24T23:00:00.000000000,286.43,288.22005
2025-08-25T00:00:00.000000000,266.76,293.6149
2025-08-25T01:00:00.000000000,269.68,306.36295
2025-08-25T02:00:00.000000000,258.33,265.81655
2025-08-25T03:00:00.000000000,266.6,304.2377
2025-08-25T04:00:00.000000000,281.52,276.26627
2025-08-25T05:00:00.000000000,300.96,235.76116
2025-08-25T06:00:00.000000000,244.64,211.48005
2025-08-25T07:00:00.000000000,196.98,263.73911
2025-08-25T08:00:00.000000000,150.77,240.52661
2025-08-25T09:00:00.000000000,120.21,292.02688
2025-08-25T10:00:00.000000000,115.21,272.57508
2025-08-25T11:00:00.000000000,100.6,231.62997
2025-08-19T12:00:00.000000000,191.51,248.82462
2025-08-19T13:00:00.000000000,195.63,249.20025
2025-08-19T14:00:00.000000000,201.05,263.74982
2025-08-19T15:00:00.000000000,215.48,236.27748
2025-08-19T16:00:00.000000000,232.73,234.25229
2025-08-19T17:00:00.000000000,256.24,260.32846
2025-08-19T18:00:00.000000000,269.18,267.61929
2025-08-19T19:00:00.000000000,258.67,274.76004
2025-08-19T20:00:00.000000000,247.0,228.98974
2025-08-19T21:00:00.000000000,229.17,275.50781
2025-08-19T22:00:00.000000000,186.89,242.74969
2025-08-19T23:00:00.000000000,155.95,290.55104
2025-08-20T00:00:00.000000000,150.6,295.13514
2025-08-20T01:00:00.000000000,156.49,307.27119
2025-08-20T02:00:00.000000000,159.45,265.76023
2025-08-20T03:00:00.000000000,161.26,305.67967
2025-08-20T04:00:00.000000000,167.27,277.12143
2025-08-20T05:00:00.000000000,210.08,235.26138
2025-08-20T06:00:00.000000000,206.95,210.54277
2025-08-20T07:00:00.000000000,211.15,265.88035
2025-08-20T08:00:00.000000000,214.17,240.42379
2025-08-20T09:00:00.000000000,213.06,293.25704
2025-08-20T10:00:00.000000000,221.04,274.68564
2025-08-20T11:00:00.000000000,230.73,230.25762
2025-08-20T12:00:00.000000000,224.65,248.76571
2025-08-20T13:00:00.000000000,222.2,250.04842
2025-08-20T14:00:00.000000000,222.66,264.30857
2025-08-20T15:00:00.000000000,239.95,237.3982
2025-08-20T16:00:00.000000000,255.35,234.70794
2025-08-20T17:00:00.000000000,273.45,259.6237
2025-08-20T18:00:00.000000000,290.83,266.51267
2025-08-20T19:00:00.000000000,284.59,273.61501
2025-08-20T20:00:00.000000000,278.47,231.76728
2025-08-20T21:00:00.000000000,266.3,273.22253
2025-08-20T22:00:00.000000000,257.78,243.53812
2025-08-20T23:00:00.000000000,245.27,288.08373
2025-08-21T00:00:00.000000000,243.77,293.89548
2025-08-21T01:00:00.000000000,251.05,305.28021
2025-08-21T02:00:00.000000000,244.22,266.83564
2025-08-21T03:00:00.000000000,244.02,305.1298
2025-08-21T04:00:00.000000000,243.57,275.95413
2025-08-21T05:00:00.000000000,257.37,237.40832
2025-08-21T06:00:00.000000000,259.46,211.81554
2025-08-21T07:00:00.000000000,247.77,265.75549
2025-08-21T08:00:00.000000000,221.01,242.73233
2025-08-21T09:00:00.000000000,196.55,290.76486
2025-08-21T10:00:00.000000000,189.36,272.70435
2025-08-21T11:00:00.000000000,191.17,231.60737
2025-08-21T12:00:00.000000000,196.8,247.01548
2025-08-21T13:00:00.000000000,201.73,246.9253
2025-08-21T14:00:00.000000000,204.23,264.38497
2025-08-21T15:00:00.000000000,222.91,235.5014
2025-08-21T16:00:00.000000000,243.77,229.73055
2025-08-21T17:00:00.000000000,269.67,257.42835
2025-08-21T18:00:00.000000000,306.44,267.85798
2025-08-21T19:00:00.000000000,314.86,273.13371
2025-08-21T20:00:00.000000000,316.96,226.20034
2025-08-21T21:00:00.000000000,313.32,272.01068
2025-08-21T22:00:00.000000000,300.41,238.35507
2025-08-21T23:00:00.000000000,297.85,290.0796
2025-08-22T00:00:00.000000000,294.45,295.37301
2025-08-22T01:00:00.000000000,295.4,307.17521
2025-08-22T02:00:00.000000000,298.86,265.75886
2025-08-22T03:00:00.000000000,298.79,304.21383
2025-08-22T04:00:00.000000000,303.22,276.19383
2025-08-22T05:00:00.000000000,317.17,233.20264
2025-08-22T06:00:00.000000000,315.69,210.04724
2025-08-22T07:00:00.000000000,298.36,263.8617
2025-08-22T08:00:00.000000000,269.57,241.17621
2025-08-22T09:00:00.000000000,244.64,291.22454
2025-08-22T10:00:00.000000000,223.78,273.3743
2025-08-22T11:00:00.000000000,220.55,228.6403
2025-08-22T12:00:00.000000000,219.64,245.76402
2025-08-22T13:00:00.000000000,213.1,243.39322
2025-08-22T14:00:00.000000000,219.95,264.72282
2025-08-22T15:00:00.000000000,238.35,231.61742
2025-08-22T16:00:00.000000000,275.25,226.61099
2025-08-22T17:00:00.000000000,318.69,255.03525
2025-08-22T18:00:00.000000000,357.63,269.15236
2025-08-22T19:00:00.000000000,351.08,273.17897
2025-08-22T20:00:00.000000000,344.26,220.45818
2025-08-22T21:00:00.000000000,332.78,273.36671
2025-08-22T22:00:00.000000000,321.75,234.47469
2025-08-22T23:00:00.000000000,313.67,293.66324
2025-08-23T00:00:00.000000000,303.17,297.68343
2025-08-23T01:00:00.000000000,305.09,310.48989
2025-08-23T02:00:00.000000000,307.87,263.4708
2025-08-23T03:00:00.000000000,308.34,303.99868
2025-08-23T04:00:00.000000000,310.76,275.86534
2025-08-23T05:00:00.000000000,307.42,228.27273
2025-08-23T06:00:00.000000000,286.59,208.73592
2025-08-23T07:00:00.000000000,265.05,263.79284
2025-08-23T08:00:00.000000000,240.55,238.96777
2025-08-23T09:00:00.000000000,211.95,292.75256
2025-08-23T10:00:00.000000000,201.05,275.23426
2025-08-23T11:00:00.000000000,213.06,225.86741
2025-08-23T12:00:00.000000000,219.9,248.22516
2025-08-23T13:00:00.000000000,232.66,248.93445
2025-08-23T14:00:00.000000000,242.32,262.68426
2025-08-23T15:00:00.000000000,262.1,234.85061
2025-08-23T16:00:00.000000000,291.84,234.56786
2025-08-23T17:00:00.000000000,316.47,260.20541
2025-08-23T18:00:00.000000000,346.99,267.01948
2025-08-23T19:00:00.000000000,347.09,274.27942
2025-08-23T20:00:00.000000000,341.28,227.43258
2025-08-23T21:00:00.000000000,339.52,276.83051
2025-08-23T22:00:00.000000000,323.81,242.18868
2025-08-23T23:00:00.000000000,318.72,291.52527
2025-08-24T00:00:00.000000000,314.91,295.24638
2025-08-24T01:00:00.000000000,304.88,308.51216
2025-08-24T02:00:00.000000000,298.43,264.58051
2025-08-24T03:00:00.000000000,296.77,305.28172
2025-08-24T04:00:00.000000000,291.62,276.85773
2025-08-24T05:00:00.000000000,296.48,233.23492
2025-08-24T06:00:00.000000000,284.05,210.90158
2025-08-24T07:00:00.000000000,265.98,265.21344
2025-08-24T08:00:00.000000000,242.24,238.76815
2025-08-24T09:00:00.000000000,203.95,293.88373
2025-08-24T10:00:00.000000000,184.15,274.6427
2025-08-24T11:00:00.000000000,171.28,230.16095
2025-08-24T12:00:00.000000000,174.75,247.07275
2025-08-24T13:00:00.000000000,183.26,250.20689
2025-08-24T14:00:00.000000000,193.52,262.40122
2025-08-24T15:00:00.000000000,217.28,237.35252
2025-08-24T16:00:00.000000000,254.06,234.30743
2025-08-24T17:00:00.000000000,286.2,259.86985
2025-08-24T18:00:00.000000000,316.09,264.8982
2025-08-24T19:00:00.000000000,319.63,272.45825
2025-08-24T20:00:00.000000000,319.85,229.9145
2025-08-24T21:00:00.000000000,324.88,273.17434
2025-08-24T22:00:00.000000000,303.94,241.92275
2025-08-24T23:00:00.000000000,286.43,288.22005
2025-08-25T00:00:00.000000000,266.76,293.6149
2025-08-25T01:00:00.000000000,269.68,306.36295
2025-08-25T02:00:00.000000000,258.33,265.81655
2025-08-25T03:00:00.000000000,266.6,304.2377
2025-08-25T04:00:00.000000000,281.52,276.26627
2025-08-25T05:00:00.000000000,300.96,235.76116
2025-08-25T06:00:00.000000000,244.64,211.48005
2025-08-25T07:00:00.000000000,196.98,263.73911
2025-08-25T08:00:00.000000000,150.77,240.52661
2025-08-25T09:00:00.000000000,120.21,292.02688
2025-08-25T10:00:00.000000000,115.21,272.57508
2025-08-25T11:00:00.000000000,100.6,231.62997
2025-08-25T12:00:00.000000000,86.07,245.05257
2025-08-25T13:00:00.000000000,87.76,244.54876
2025-08-25T14:00:00.000000000,84.06,265.26325
2025-08-25T15:00:00.000000000,112.13,235.23793
2025-08-25T16:00:00.000000000,150.66,225.00891
2025-08-25T17:00:00.000000000,201.05,255.20546
2025-08-25T18:00:00.000000000,241.3,268.37935
2025-08-25T19:00:00.000000000,236.95,271.91169
2025-08-25T20:00:00.000000000,219.96,222.70641
2025-08-25T21:00:00.000000000,216.11,268.79714
2025-08-25T22:00:00.000000000,175.08,233.58902
2025-08-25T23:00:00.000000000,151.61,289.61836
2025-08-26T00:00:00.000000000,126.3,295.78811
2025-08-26T01:00:00.000000000,110.82,307.46106
2025-08-26T02:00:00.000000000,118.23,266.17747
2025-08-26T03:00:00.000000000,128.05,302.90575
2025-08-26T04:00:00.000000000,145.16,275.68708
2025-08-26T05:00:00.000000000,168.55,231.10737
2025-08-26T06:00:00.000000000,173.47,209.05639
2025-08-26T07:00:00.000000000,182.92,261.56839
2025-08-26T08:00:00.000000000,165.81,241.49117
2025-08-26T09:00:00.000000000,150.11,289.9005
2025-08-26T10:00:00.000000000,131.08,272.3043
2025-08-26T11:00:00.000000000,116.63,226.55788
2025-08-20T12:00:00.000000000,224.65,247.92338
2025-08-20T13:00:00.000000000,222.2,247.54339
2025-08-20T14:00:00.000000000,222.66,266.46277
2025-08-20T15:00:00.000000000,239.95,236.28748
2025-08-20T16:00:00.000000000,255.35,229.70176
2025-08-20T17:00:00.000000000,273.45,256.84952
2025-08-20T18:00:00.000000000,290.83,268.30672
2025-08-20T19:00:00.000000000,284.59,273.17362
2025-08-20T20:00:00.000000000,278.47,228.523
2025-08-20T21:00:00.000000000,266.3,270.6432
2025-08-20T22:00:00.000000000,257.78,239.13735
2025-08-20T23:00:00.000000000,245.27,289.48898
2025-08-21T00:00:00.000000000,243.77,295.83261
2025-08-21T01:00:00.000000000,251.05,306.64654
2025-08-21T02:00:00.000000000,244.22,267.25154
2025-08-21T03:00:00.000000000,244.02,304.73963
2025-08-21T04:00:00.000000000,243.57,275.71291
2025-08-21T05:00:00.000000000,257.37,235.00093
2025-08-21T06:00:00.000000000,259.46,211.25683
2025-08-21T07:00:00.000000000,247.77,265.13645
2025-08-21T08:00:00.000000000,221.01,243.94021
2025-08-21T09:00:00.000000000,196.55,289.85376
2025-08-21T10:00:00.000000000,189.36,272.78088
2025-08-21T11:00:00.000000000,191.17,229.63708
2025-08-21T12:00:00.000000000,196.8,247.00434
2025-08-21T13:00:00.000000000,201.73,246.91491
2025-08-21T14:00:00.000000000,204.23,264.36053
2025-08-21T15:00:00.000000000,222.91,235.48182
2025-08-21T16:00:00.000000000,243.77,229.7406
2025-08-21T17:00:00.000000000,269.67,257.44249
2025-08-21T18:00:00.000000000,306.44,267.85378
2025-08-21T19:00:00.000000000,314.86,273.13999
2025-08-21T20:00:00.000000000,316.96,226.15603
2025-08-21T21:00:00.000000000,313.32,272.0512
2025-08-21T22:00:00.000000000,300.41,238.34905
2025-08-21T23:00:00.000000000,297.85,290.09968
2025-08-22T00:00:00.000000000,294.45,295.37419
2025-08-22T01:00:00.000000000,295.4,307.19812
2025-08-22T02:00:00.000000000,298.86,265.73658
2025-08-22T03:00:00.000000000,298.79,304.20966
2025-08-22T04:00:00.000000000,303.22,276.20116
2025-08-22T05:00:00.000000000,317.17,233.16796
2025-08-22T06:00:00.000000000,315.69,210.0335
2025-08-22T07:00:00.000000000,298.36,263.84742
2025-08-22T08:00:00.000000000,269.57,241.12926
2025-08-22T09:00:00.000000000,244.64,291.25484
2025-08-22T10:00:00.000000000,223.78,273.38867
2025-08-22T11:00:00.000000000,220.55,228.62476
2025-08-22T12:00:00.000000000,219.64,245.76459
2025-08-22T13:00:00.000000000,213.1,243.39372
2025-08-22T14:00:00.000000000,219.95,264.72301
2025-08-22T15:00:00.000000000,238.35,231.61795
2025-08-22T16:00:00.000000000,275.25,226.61139
2025-08-22T17:00:00.000000000,318.69,255.03582
2025-08-22T18:00:00.000000000,357.63,269.15276
2025-08-22T19:00:00.000000000,351.08,273.17939
2025-08-22T20:00:00.000000000,344.26,220.45879
2025-08-22T21:00:00.000000000,332.78,273.36699
2025-08-22T22:00:00.000000000,321.75,234.47534
2025-08-22T23:00:00.000000000,313.67,293.66324
2025-08-23T00:00:00.000000000,303.17,297.68343
2025-08-23T01:00:00.000000000,305.09,310.48972
2025-08-23T02:00:00.000000000,307.87,263.47132
2025-08-23T03:00:00.000000000,308.34,303.99893
2025-08-23T04:00:00.000000000,310.76,275.86569
2025-08-23T05:00:00.000000000,307.42,228.27328
2025-08-23T06:00:00.000000000,286.59,208.73615
2025-08-23T07:00:00.000000000,265.05,263.79301
2025-08-23T08:00:00.000000000,240.55,238.96809
2025-08-23T09:00:00.000000000,211.95,292.7526
2025-08-23T10:00:00.000000000,201.05,275.23426
2025-08-23T11:00:00.000000000,213.06,225.8677
2025-08-23T12:00:00.000000000,219.9,248.22516
2025-08-23T13:00:00.000000000,232.66,248.93445
2025-08-23T14:00:00.000000000,242.32,262.68426
2025-08-23T15:00:00.000000000,262.1,234.85063
2025-08-23T16:00:00.000000000,291.84,234.56786
2025-08-23T17:00:00.000000000,316.47,260.20543
2025-08-23T18:00:00.000000000,346.99,267.01946
2025-08-23T19:00:00.000000000,347.09,274.2794
2025-08-23T20:00:00.000000000,341.28,227.4326
2025-08-23T21:00:00.000000000,339.52,276.83049
2025-08-23T22:00:00.000000000,323.81,242.18872
2025-08-23T23:00:00.000000000,318.72,291.52527
2025-08-24T00:00:00.000000000,314.91,295.2464
2025-08-24T01:00:00.000000000,304.88,308.51216
2025-08-24T02:00:00.000000000,298.43,264.58051
2025-08-24T03:00:00.000000000,296.77,305.2817
2025-08-24T04:00:00.000000000,291.62,276.85775
2025-08-24T05:00:00.000000000,296.48,233.23494
2025-08-24T06:00:00.000000000,284.05,210.90159
2025-08-24T07:00:00.000000000,265.98,265.21344
2025-08-24T08:00:00.000000000,242.24,238.76815
2025-08-24T09:00:00.000000000,203.95,293.88373
2025-08-24T10:00:00.000000000,184.15,274.64268
2025-08-24T11:00:00.000000000,171.28,230.16096
2025-08-24T12:00:00.000000000,174.75,247.07275
2025-08-24T13:00:00.000000000,183.26,250.20687
2025-08-24T14:00:00.000000000,193.52,262.40122
2025-08-24T15:00:00.000000000,217.28,237.35252
2025-08-24T16:00:00.000000000,254.06,234.30743
2025-08-24T17:00:00.000000000,286.2,259.86985
2025-08-24T18:00:00.000000000,316.09,264.89822
2025-08-24T19:00:00.000000000,319.63,272.45825
2025-08-24T20:00:00.000000000,319.85,229.9145
2025-08-24T21:00:00.000000000,324.88,273.17436
2025-08-24T22:00:00.000000000,303.94,241.92275
2025-08-24T23:00:00.000000000,286.43,288.22005
2025-08-25T00:00:00.000000000,266.76,293.6149
2025-08-25T01:00:00.000000000,269.68,306.36295
2025-08-25T02:00:00.000000000,258.33,265.81655
2025-08-25T03:00:00.000000000,266.6,304.2377
2025-08-25T04:00:00.000000000,281.52,276.26627
2025-08-25T05:00:00.000000000,300.96,235.76117
2025-08-25T06:00:00.000000000,244.64,211.48005
2025-08-25T07:00:00.000000000,196.98,263.73911
2025-08-25T08:00:00.000000000,150.77,240.52661
2025-08-25T09:00:00.000000000,120.21,292.02688
2025-08-25T10:00:00.000000000,115.21,272.57508
2025-08-25T11:00:00.000000000,100.6,231.62997
2025-08-25T12:00:00.000000000,86.07,245.05257
2025-08-25T13:00:00.000000000,87.76,244.54876
2025-08-25T14:00:00.000000000,84.06,265.26325
2025-08-25T15:00:00.000000000,112.13,235.23793
2025-08-25T16:00:00.000000000,150.66,225.00891
2025-08-25T17:00:00.000000000,201.05,255.20546
2025-08-25T18:00:00.000000000,241.3,268.37935
2025-08-25T19:00:00.000000000,236.95,271.91169
2025-08-25T20:00:00.000000000,219.96,222.70641
2025-08-25T21:00:00.000000000,216.11,268.79714
2025-08-25T22:00:00.000000000,175.08,233.58902
2025-08-25T23:00:00.000000000,151.61,289.61836
2025-08-26T00:00:00.000000000,126.3,295.78811
2025-08-26T01:00:00.000000000,110.82,307.46106
2025-08-26T02:00:00.000000000,118.23,266.17747
2025-08-26T03:00:00.000000000,128.05,302.90575
2025-08-26T04:00:00.000000000,145.16,275.68708
2025-08-26T05:00:00.000000000,168.55,231.10737
2025-08-26T06:00:00.000000000,173.47,209.05639
2025-08-26T07:00:00.000000000,182.92,261.56839
2025-08-26T08:00:00.000000000,165.81,241.49117
2025-08-26T09:00:00.000000000,150.11,289.9005
2025-08-26T10:00:00.000000000,131.08,272.3043
2025-08-26T11:00:00.000000000,116.63,226.55788
2025-08-26T12:00:00.000000000,121.09,245.7348
2025-08-26T13:00:00.000000000,105.37,242.98918
2025-08-26T14:00:00.000000000,110.78,263.13897
2025-08-26T15:00:00.000000000,161.77,231.67671
2025-08-26T16:00:00.000000000,232.88,225.81447
2025-08-26T17:00:00.000000000,273.6,255.88369
2025-08-26T18:00:00.000000000,300.14,269.4204
2025-08-26T19:00:00.000000000,303.21,273.54002
2025-08-26T20:00:00.000000000,293.14,218.37975
2025-08-26T21:00:00.000000000,280.21,274.23018
2025-08-26T22:00:00.000000000,242.97,233.49639
2025-08-26T23:00:00.000000000,248.96,294.14694
2025-08-27T00:00:00.000000000,236.06,297.48322
2025-08-27T01:00:00.000000000,235.4,310.92043
2025-08-27T02:00:00.000000000,240.05,262.98808
2025-08-27T03:00:00.000000000,249.17,303.39919
2025-08-27T04:00:00.000000000,243.1,276.18785
2025-08-27T05:00:00.000000000,245.66,227.01097
2025-08-27T06:00:00.000000000,233.73,207.98968
2025-08-27T07:00:00.000000000,211.58,262.48028
2025-08-27T08:00:00.000000000,184.41,237.14784
2025-08-27T09:00:00.000000000,155.81,293.81676
2025-08-27T10:00:00.000000000,134.26,275.40648
2025-08-27T11:00:00.000000000,120.99,224.55116
2025-08-21T12:00:00.000000000,196.8,246.48454
2025-08-21T13:00:00.000000000,201.73,246.1205
2025-08-21T14:00:00.000000000,204.23,264.49214
2025-08-21T15:00:00.000000000,222.91,235.41267
2025-08-21T16:00:00.000000000,243.77,227.81329
2025-08-21T17:00:00.000000000,269.67,256.46679
2025-08-21T18:00:00.000000000,306.44,268.10377
2025-08-21T19:00:00.000000000,314.86,272.56838
2025-08-21T20:00:00.000000000,316.96,225.16271
2025-08-21T21:00:00.000000000,313.32,270.66417
2025-08-21T22:00:00.000000000,300.41,236.71915
2025-08-21T23:00:00.000000000,297.85,289.87159
2025-08-22T00:00:00.000000000,294.45,295.2949
2025-08-22T01:00:00.000000000,295.4,306.98637
2025-08-22T02:00:00.000000000,298.86,265.90561
2025-08-22T03:00:00.000000000,298.79,303.63851
2025-08-22T04:00:00.000000000,303.22,275.91022
2025-08-22T05:00:00.000000000,317.17,232.46645
2025-08-22T06:00:00.000000000,315.69,209.72106
2025-08-22T07:00:00.000000000,298.36,263.00675
2025-08-22T08:00:00.000000000,269.57,241.38938
2025-08-22T09:00:00.000000000,244.64,290.45314
2025-08-22T10:00:00.000000000,223.78,272.70315
2025-08-22T11:00:00.000000000,220.55,227.78726
2025-08-22T12:00:00.000000000,219.64,245.75313
2025-08-22T13:00:00.000000000,213.1,243.36985
2025-08-22T14:00:00.000000000,219.95,264.71633
2025-08-22T15:00:00.000000000,238.35,231.59566
2025-08-22T16:00:00.000000000,275.25,226.592
2025-08-22T17:00:00.000000000,318.69,255.024
2025-08-22T18:00:00.000000000,357.63,269.15687
2025-08-22T19:00:00.000000000,351.08,273.17834
2025-08-22T20:00:00.000000000,344.26,220.418
2025-08-22T21:00:00.000000000,332.78,273.37584
2025-08-22T22:00:00.000000000,321.75,234.4508
2025-08-22T23:00:00.000000000,313.67,293.67487
2025-08-23T00:00:00.000000000,303.17,297.68562
2025-08-23T01:00:00.000000000,305.09,310.50078
2025-08-23T02:00:00.000000000,307.87,263.45605
2025-08-23T03:00:00.000000000,308.34,303.99174
2025-08-23T04:00:00.000000000,310.76,275.86083
2025-08-23T05:00:00.000000000,307.42,228.24354
2025-08-23T06:00:00.000000000,286.59,208.72149
2025-08-23T07:00:00.000000000,265.05,263.78277
2025-08-23T08:00:00.000000000,240.55,238.9456
2025-08-23T09:00:00.000000000,211.95,292.758
2025-08-23T10:00:00.000000000,201.05,275.23772
2025-08-23T11:00:00.000000000,213.06,225.84277
2025-08-23T12:00:00.000000000,219.9,248.22529
2025-08-23T13:00:00.000000000,232.66,248.93438
2025-08-23T14:00:00.000000000,242.32,262.68422
2025-08-23T15:00:00.000000000,262.1,234.85058
2025-08-23T16:00:00.000000000,291.84,234.56776
2025-08-23T17:00:00.000000000,316.47,260.20551
2025-08-23T18:00:00.000000000,346.99,267.01965
2025-08-23T19:00:00.000000000,347.09,274.27955
2025-08-23T20:00:00.000000000,341.28,227.43235
2025-08-23T21:00:00.000000000,339.52,276.83063
2025-08-23T22:00:00.000000000,323.81,242.1887
2025-08-23T23:00:00.000000000,318.72,291.52544
2025-08-24T00:00:00.000000000,314.91,295.24646
2025-08-24T01:00:00.000000000,304.88,308.51222
2025-08-24T02:00:00.000000000,298.43,264.58051
2025-08-24T03:00:00.000000000,296.77,305.2817
2025-08-24T04:00:00.000000000,291.62,276.85786
2025-08-24T05:00:00.000000000,296.48,233.23483
2025-08-24T06:00:00.000000000,284.05,210.90149
2025-08-24T07:00:00.000000000,265.98,265.21344
2025-08-24T08:00:00.000000000,242.24,238.76806
2025-08-24T09:00:00.000000000,203.95,293.88385
2025-08-24T10:00:00.000000000,184.15,274.64279
2025-08-24T11:00:00.000000000,171.28,230.1608
2025-08-24T12:00:00.000000000,174.75,247.07275
2025-08-24T13:00:00.000000000,183.26,250.20689
2025-08-24T14:00:00.000000000,193.52,262.4012
2025-08-24T15:00:00.000000000,217.28,237.35252
2025-08-24T16:00:00.000000000,254.06,234.30745
2025-08-24T17:00:00.000000000,286.2,259.86987
2025-08-24T18:00:00.000000000,316.09,264.89822
2025-08-24T19:00:00.000000000,319.63,272.45827
2025-08-24T20:00:00.000000000,319.85,229.9145
2025-08-24T21:00:00.000000000,324.88,273.17436
2025-08-24T22:00:00.000000000,303.94,241.92277
2025-08-24T23:00:00.000000000,286.43,288.22005
2025-08-25T00:00:00.000000000,266.76,293.6149
2025-08-25T01:00:00.000000000,269.68,306.36295
2025-08-25T02:00:00.000000000,258.33,265.81655
2025-08-25T03:00:00.000000000,266.6,304.23773
2025-08-25T04:00:00.000000000,281.52,276.26627
2025-08-25T05:00:00.000000000,300.96,235.76117
2025-08-25T06:00:00.000000000,244.64,211.48005
2025-08-25T07:00:00.000000000,196.98,263.73911
2025-08-25T08:00:00.000000000,150.77,240.52659
2025-08-25T09:00:00.000000000,120.21,292.02688
2025-08-25T10:00:00.000000000,115.21,272.57508
2025-08-25T11:00:00.000000000,100.6,231.62997
2025-08-25T12:00:00.000000000,86.07,245.05257
2025-08-25T13:00:00.000000000,87.76,244.54876
2025-08-25T14:00:00.000000000,84.06,265.26325
2025-08-25T15:00:00.000000000,112.13,235.23793
2025-08-25T16:00:00.000000000,150.66,225.00891
2025-08-25T17:00:00.000000000,201.05,255.20546
2025-08-25T18:00:00.000000000,241.3,268.37935
2025-08-25T19:00:00.000000000,236.95,271.91169
2025-08-25T20:00:00.000000000,219.96,222.70641
2025-08-25T21:00:00.000000000,216.11,268.79714
2025-08-25T22:00:00.000000000,175.08,233.58902
2025-08-25T23:00:00.000000000,151.61,289.61836
2025-08-26T00:00:00.000000000,126.3,295.78811
2025-08-26T01:00:00.000000000,110.82,307.46106
2025-08-26T02:00:00.000000000,118.23,266.17747
2025-08-26T03:00:00.000000000,128.05,302.90575
2025-08-26T04:00:00.000000000,145.16,275.68708
2025-08-26T05:00:00.000000000,168.55,231.10737
2025-08-26T06:00:00.000000000,173.47,209.05639
2025-08-26T07:00:00.000000000,182.92,261.56839
2025-08-26T08:00:00.000000000,165.81,241.49117
2025-08-26T09:00:00.000000000,150.11,289.9005
2025-08-26T10:00:00.000000000,131.08,272.3043
2025-08-26T11:00:00.000000000,116.63,226.55788
2025-08-26T12:00:00.000000000,121.09,245.7348
2025-08-26T13:00:00.000000000,105.37,242.98918
2025-08-26T14:00:00.000000000,110.78,263.13897
2025-08-26T15:00:00.000000000,161.77,231.67671
2025-08-26T16:00:00.000000000,232.88,225.81447
2025-08-26T17:00:00.000000000,273.6,255.88369
2025-08-26T18:00:00.000000000,300.14,269.4204
2025-08-26T19:00:00.000000000,303.21,273.54002
2025-08-26T20:00:00.000000000,293.14,218.37975
2025-08-26T21:00:00.000000000,280.21,274.23018
2025-08-26T22:00:00.000000000,242.97,233.49639
2025-08-26T23:00:00.000000000,248.96,294.14694
2025-08-27T00:00:00.000000000,236.06,297.48322
2025-08-27T01:00:00.000000000,235.4,310.92043
2025-08-27T02:00:00.000000000,240.05,262.98808
2025-08-27T03:00:00.000000000,249.17,303.39919
2025-08-27T04:00:00.000000000,243.1,276.18785
2025-08-27T05:00:00.000000000,245.66,227.01097
2025-08-27T06:00:00.000000000,233.73,207.98968
2025-08-27T07:00:00.000000000,211.58,262.48028
2025-08-27T08:00:00.000000000,184.41,237.14784
2025-08-27T09:00:00.000000000,155.81,293.81676
2025-08-27T10:00:00.000000000,134.26,275.40648
2025-08-27T11:00:00.000000000,120.99,224.55116
2025-08-27T12:00:00.000000000,118.14,242.69175
2025-08-27T13:00:00.000000000,103.96,238.7806
2025-08-27T14:00:00.000000000,100.19,263.99251
2025-08-27T15:00:00.000000000,132.85,229.25565
2025-08-27T16:00:00.000000000,175.94,219.62927
2025-08-27T17:00:00.000000000,210.91,250.90756
2025-08-27T18:00:00.000000000,236.02,268.94892
2025-08-27T19:00:00.000000000,259.48,270.59957
2025-08-27T20:00:00.000000000,247.46,214.11253
2025-08-27T21:00:00.000000000,225.92,269.37358
2025-08-27T22:00:00.000000000,194.45,227.44634
2025-08-27T23:00:00.000000000,200.44,292.55548
2025-08-28T00:00:00.000000000,206.01,296.83107
2025-08-28T01:00:00.000000000,225.14,309.78589
2025-08-28T02:00:00.000000000,230.33,262.24201
2025-08-28T03:00:00.000000000,239.04,300.77395
2025-08-28T04:00:00.000000000,240.7,273.52234
2025-08-28T05:00:00.000000000,257.17,223.93158
2025-08-28T06:00:00.000000000,265.69,206.71923
2025-08-28T07:00:00.000000000,245.2,259.99436
2025-08-28T08:00:00.000000000,214.34,237.55331
2025-08-28T09:00:00.000000000,185.57,289.96796
2025-08-28T10:00:00.000000000,156.48,272.66
2025-08-28T11:00:00.000000000,151.83,221.42391
2025-08-22T12:00:00.000000000,219.64,246.40123
2025-08-22T13:00:00.000000000,213.1,244.12037
2025-08-22T14:00:00.000000000,219.95,264.49235
2025-08-22T15:00:00.000000000,238.35,232.16785
2025-08-22T16:00:00.000000000,275.25,227.2031
2025-08-22T17:00:00.000000000,318.69,255.78904
2025-08-22T18:00:00.000000000,357.63,269.39067
2025-08-22T19:00:00.000000000,351.08,273.61177
2025-08-22T20:00:00.000000000,344.26,221.06089
2025-08-22T21:00:00.000000000,332.78,274.07661
2025-08-22T22:00:00.000000000,321.75,235.35462
2025-08-22T23:00:00.000000000,313.67,293.8013
2025-08-23T00:00:00.000000000,303.17,297.51731
2025-08-23T01:00:00.000000000,305.09,310.33778
2025-08-23T02:00:00.000000000,307.87,263.76878
2025-08-23T03:00:00.000000000,308.34,304.19881
2025-08-23T04:00:00.000000000,310.76,276.29147
2025-08-23T05:00:00.000000000,307.42,228.66609
2025-08-23T06:00:00.000000000,286.59,208.8701
2025-08-23T07:00:00.000000000,265.05,263.86351
2025-08-23T08:00:00.000000000,240.55,238.80978
2025-08-23T09:00:00.000000000,211.95,293.02172
2025-08-23T10:00:00.000000000,201.05,275.29592
2025-08-23T11:00:00.000000000,213.06,226.14493
2025-08-23T12:00:00.000000000,219.9,248.23041
2025-08-23T13:00:00.000000000,232.66,248.94224
2025-08-23T14:00:00.000000000,242.32,262.68089
2025-08-23T15:00:00.000000000,262.1,234.85767
2025-08-23T16:00:00.000000000,291.84,234.57975
2025-08-23T17:00:00.000000000,316.47,260.21326
2025-08-23T18:00:00.000000000,346.99,267.01738
2025-08-23T19:00:00.000000000,347.09,274.28144
2025-08-23T20:00:00.000000000,341.28,227.44685
2025-08-23T21:00:00.000000000,339.52,276.83363
2025-08-23T22:00:00.000000000,323.81,242.20155
2025-08-23T23:00:00.000000000,318.72,291.51815
2025-08-24T00:00:00.000000000,314.91,295.23938
2025-08-24T01:00:00.000000000,304.88,308.50383
2025-08-24T02:00:00.000000000,298.43,264.58298
2025-08-24T03:00:00.000000000,296.77,305.28387
2025-08-24T04:00:00.000000000,291.62,276.85798
2025-08-24T05:00:00.000000000,296.48,233.24578
2025-08-24T06:00:00.000000000,284.05,210.90366
2025-08-24T07:00:00.000000000,265.98,265.21616
2025-08-24T08:00:00.000000000,242.24,238.76907
2025-08-24T09:00:00.000000000,203.95,293.88166
2025-08-24T10:00:00.000000000,184.15,274.63998
2025-08-24T11:00:00.000000000,171.28,230.16605
2025-08-24T12:00:00.000000000,174.75,247.07271
2025-08-24T13:00:00.000000000,183.26,250.20689
2025-08-24T14:00:00.000000000,193.52,262.40128
2025-08-24T15:00:00.000000000,217.28,237.35256
2025-08-24T16:00:00.000000000,254.06,234.30732
2025-08-24T17:00:00.000000000,286.2,259.86979
2025-08-24T18:00:00.000000000,316.09,264.89822
2025-08-24T19:00:00.000000000,319.63,272.45818
2025-08-24T20:00:00.000000000,319.85,229.91456
2025-08-24T21:00:00.000000000,324.88,273.17419
2025-08-24T22:00:00.000000000,303.94,241.92266
2025-08-24T23:00:00.000000000,286.43,288.21997
2025-08-25T00:00:00.000000000,266.76,293.61488
2025-08-25T01:00:00.000000000,269.68,306.36287
2025-08-25T02:00:00.000000000,258.33,265.81663
2025-08-25T03:00:00.000000000,266.6,304.23768
2025-08-25T04:00:00.000000000,281.52,276.26625
2025-08-25T05:00:00.000000000,300.96,235.76122
2025-08-25T06:00:00.000000000,244.64,211.48006
2025-08-25T07:00:00.000000000,196.98,263.73909
2025-08-25T08:00:00.000000000,150.77,240.52672
2025-08-25T09:00:00.000000000,120.21,292.02675
2025-08-25T10:00:00.000000000,115.21,272.575
2025-08-25T11:00:00.000000000,100.6,231.62996
2025-08-25T12:00:00.000000000,86.07,245.05257
2025-08-25T13:00:00.000000000,87.76,244.54874
2025-08-25T14:00:00.000000000,84.06,265.26325
2025-08-25T15:00:00.000000000,112.13,235.23792
2025-08-25T16:00:00.000000000,150.66,225.00889
2025-08-25T17:00:00.000000000,201.05,255.20546
2025-08-25T18:00:00.000000000,241.3,268.37935
2025-08-25T19:00:00.000000000,236.95,271.91169
2025-08-25T20:00:00.000000000,219.96,222.70641
2025-08-25T21:00:00.000000000,216.11,268.79714
2025-08-25T22:00:00.000000000,175.08,233.58901
2025-08-25T23:00:00.000000000,151.61,289.61836
2025-08-26T00:00:00.000000000,126.3,295.78811
2025-08-26T01:00:00.000000000,110.82,307.46106
2025-08-26T02:00:00.000000000,118.23,266.17747
2025-08-26T03:00:00.000000000,128.05,302.90575
2025-08-26T04:00:00.000000000,145.16,275.68708
2025-08-26T05:00:00.000000000,168.55,231.10736
2025-08-26T06:00:00.000000000,173.47,209.05639
2025-08-26T07:00:00.000000000,182.92,261.56839
2025-08-26T08:00:00.000000000,165.81,241.49117
2025-08-26T09:00:00.000000000,150.11,289.9005
2025-08-26T10:00:00.000000000,131.08,272.30428
2025-08-26T11:00:00.000000000,116.63,226.55787
2025-08-26T12:00:00.000000000,121.09,245.7348
2025-08-26T13:00:00.000000000,105.37,242.98918
2025-08-26T14:00:00.000000000,110.78,263.13897
2025-08-26T15:00:00.000000000,161.77,231.67671
2025-08-26T16:00:00.000000000,232.88,225.81447
2025-08-26T17:00:00.000000000,273.6,255.88369
2025-08-26T18:00:00.000000000,300.14,269.4204
2025-08-26T19:00:00.000000000,303.21,273.54002
2025-08-26T20:00:00.000000000,293.14,218.37975
2025-08-26T21:00:00.000000000,280.21,274.23018
2025-08-26T22:00:00.000000000,242.97,233.49639
2025-08-26T23:00:00.000000000,248.96,294.14694
2025-08-27T00:00:00.000000000,236.06,297.48322
2025-08-27T01:00:00.000000000,235.4,310.92043
2025-08-27T02:00:00.000000000,240.05,262.98808
2025-08-27T03:00:00.000000000,249.17,303.39919
2025-08-27T04:00:00.000000000,243.1,276.18785
2025-08-27T05:00:00.000000000,245.66,227.01097
2025-08-27T06:00:00.000000000,233.73,207.98969
2025-08-27T07:00:00.000000000,211.58,262.48028
2025-08-27T08:00:00.000000000,184.41,237.14784
2025-08-27T09:00:00.000000000,155.81,293.81676
2025-08-27T10:00:00.000000000,134.26,275.40648
2025-08-27T11:00:00.000000000,120.99,224.55116
2025-08-27T12:00:00.000000000,118.14,242.69175
2025-08-27T13:00:00.000000000,103.96,238.7806
2025-08-27T14:00:00.000000000,100.19,263.99251
2025-08-27T15:00:00.000000000,132.85,229.25565
2025-08-27T16:00:00.000000000,175.94,219.62927
2025-08-27T17:00:00.000000000,210.91,250.90756
2025-08-27T18:00:00.000000000,236.02,268.94892
2025-08-27T19:00:00.000000000,259.48,270.59957
2025-08-27T20:00:00.000000000,247.46,214.11253
2025-08-27T21:00:00.000000000,225.92,269.37358
2025-08-27T22:00:00.000000000,194.45,227.44634
2025-08-27T23:00:00.000000000,200.44,292.55548
2025-08-28T00:00:00.000000000,206.01,296.83107
2025-08-28T01:00:00.000000000,225.14,309.78589
2025-08-28T02:00:00.000000000,230.33,262.24201
2025-08-28T03:00:00.000000000,239.04,300.77395
2025-08-28T04:00:00.000000000,240.7,273.52234
2025-08-28T05:00:00.000000000,257.17,223.93158
2025-08-28T06:00:00.000000000,265.69,206.71923
2025-08-28T07:00:00.000000000,245.2,259.99436
2025-08-28T08:00:00.000000000,214.34,237.55331
2025-08-28T09:00:00.000000000,185.57,289.96796
2025-08-28T10:00:00.000000000,156.48,272.66
2025-08-28T11:00:00.000000000,151.83,221.42391
2025-08-28T12:00:00.000000000,142.15,240.80797
2025-08-28T13:00:00.000000000,156.15,234.25401
2025-08-28T14:00:00.000000000,169.04,263.05113
2025-08-28T15:00:00.000000000,181.61,225.2821
2025-08-28T16:00:00.000000000,179.32,215.92163
2025-08-28T17:00:00.000000000,192.3,247.59598
2025-08-28T18:00:00.000000000,203.82,268.72293
2025-08-28T19:00:00.000000000,203.25,269.79744
2025-08-28T20:00:00.000000000,195.84,207.98824
2025-08-28T21:00:00.000000000,182.93,269.66981
2025-08-28T22:00:00.000000000,144.72,223.47556
2025-08-28T23:00:00.000000000,125.04,293.56813
2025-08-29T00:00:00.000000000,123.4,296.76689
2025-08-29T01:00:00.000000000,123.42,310.59096
2025-08-29T02:00:00.000000000,128.52,259.37077
2025-08-29T03:00:00.000000000,131.11,298.94949
2025-08-29T04:00:00.000000000,163.08,271.43102
2025-08-29T05:00:00.000000000,201.56,219.83963
2025-08-29T06:00:00.000000000,230.29,204.01981
2025-08-29T07:00:00.000000000,225.68,258.78207
2025-08-29T08:00:00.000000000,216.95,234.27157
2025-08-29T09:00:00.000000000,199.04,289.93265
2025-08-29T10:00:00.000000000,179.52,272.95786
2025-08-29T11:00:00.000000000,165.92,217.07724
2025-08-23T12:00:00.000000000,219.9,248.61609
2025-08-23T13:00:00.000000000,232.66,249.78008
2025-08-23T14:00:00.000000000,242.32,261.70797
2025-08-23T15:00:00.000000000,262.1,235.77917
2025-08-23T16:00:00.000000000,291.84,235.39123
2025-08-23T17:00:00.000000000,316.47,261.04331
2025-08-23T18:00:00.000000000,346.99,266.62683
2025-08-23T19:00:00.000000000,347.09,274.17583
2025-08-23T20:00:00.000000000,341.28,228.57192
2025-08-23T21:00:00.000000000,339.52,276.97252
2025-08-23T22:00:00.000000000,323.81,243.13634
2025-08-23T23:00:00.000000000,318.72,290.6405
2025-08-24T00:00:00.000000000,314.91,294.1102
2025-08-24T01:00:00.000000000,304.88,307.50392
2025-08-24T02:00:00.000000000,298.43,264.79632
2025-08-24T03:00:00.000000000,296.77,305.09072
2025-08-24T04:00:00.000000000,291.62,276.8303
2025-08-24T05:00:00.000000000,296.48,234.00888
2025-08-24T06:00:00.000000000,284.05,211.06663
2025-08-24T07:00:00.000000000,265.98,264.80209
2025-08-24T08:00:00.000000000,242.24,238.47568
2025-08-24T09:00:00.000000000,203.95,293.55806
2025-08-24T10:00:00.000000000,184.15,273.87663
2025-08-24T11:00:00.000000000,171.28,230.40721
2025-08-24T12:00:00.000000000,174.75,247.07187
2025-08-24T13:00:00.000000000,183.26,250.19596
2025-08-24T14:00:00.000000000,193.52,262.40975
2025-08-24T15:00:00.000000000,217.28,237.34664
2025-08-24T16:00:00.000000000,254.06,234.28724
2025-08-24T17:00:00.000000000,286.2,259.85767
2025-08-24T18:00:00.000000000,316.09,264.9081
2025-08-24T19:00:00.000000000,319.63,272.45852
2025-08-24T20:00:00.000000000,319.85,229.90428
2025-08-24T21:00:00.000000000,324.88,273.16564
2025-08-24T22:00:00.000000000,303.94,241.90854
2025-08-24T23:00:00.000000000,286.43,288.22368
2025-08-25T00:00:00.000000000,266.76,293.61887
2025-08-25T01:00:00.000000000,269.68,306.36259
2025-08-25T02:00:00.000000000,258.33,265.81769
2025-08-25T03:00:00.000000000,266.6,304.23745
2025-08-25T04:00:00.000000000,281.52,276.26412
2025-08-25T05:00:00.000000000,300.96,235.75383
2025-08-25T06:00:00.000000000,244.64,211.47446
2025-08-25T07:00:00.000000000,196.98,263.73924
2025-08-25T08:00:00.000000000,150.77,240.53169
2025-08-25T09:00:00.000000000,120.21,292.01993
2025-08-25T10:00:00.000000000,115.21,272.57397
2025-08-25T11:00:00.000000000,100.6,231.61878
2025-08-25T12:00:00.000000000,86.07,245.05252
2025-08-25T13:00:00.000000000,87.76,244.54868
2025-08-25T14:00:00.000000000,84.06,265.26314
2025-08-25T15:00:00.000000000,112.13,235.23786
2025-08-25T16:00:00.000000000,150.66,225.00885
2025-08-25T17:00:00.000000000,201.05,255.20546
2025-08-25T18:00:00.000000000,241.3,268.37933
2025-08-25T19:00:00.000000000,236.95,271.91169
2025-08-25T20:00:00.000000000,219.96,222.70625
2025-08-25T21:00:00.000000000,216.11,268.79723
2025-08-25T22:00:00.000000000,175.08,233.58895
2025-08-25T23:00:00.000000000,151.61,289.6184
2025-08-26T00:00:00.000000000,126.3,295.78811
2025-08-26T01:00:00.000000000,110.82,307.4611
2025-08-26T02:00:00.000000000,118.23,266.17741
2025-08-26T03:00:00.000000000,128.05,302.90567
2025-08-26T04:00:00.000000000,145.16,275.68708
2025-08-26T05:00:00.000000000,168.55,231.10723
2025-08-26T06:00:00.000000000,173.47,209.05633
2025-08-26T07:00:00.000000000,182.92,261.56829
2025-08-26T08:00:00.000000000,165.81,241.49102
2025-08-26T09:00:00.000000000,150.11,289.90054
2025-08-26T10:00:00.000000000,131.08,272.3043
2025-08-26T11:00:00.000000000,116.63,226.5578
2025-08-26T12:00:00.000000000,121.09,245.7348
2025-08-26T13:00:00.000000000,105.37,242.98918
2025-08-26T14:00:00.000000000,110.78,263.13897
2025-08-26T15:00:00.000000000,161.77,231.67671
2025-08-26T16:00:00.000000000,232.88,225.81447
2025-08-26T17:00:00.000000000,273.6,255.88369
2025-08-26T18:00:00.000000000,300.14,269.4204
2025-08-26T19:00:00.000000000,303.21,273.54002
2025-08-26T20:00:00.000000000,293.14,218.37975
2025-08-26T21:00:00.000000000,280.21,274.23016
2025-08-26T22:00:00.000000000,242.97,233.49639
2025-08-26T23:00:00.000000000,248.96,294.14694
2025-08-27T00:00:00.000000000,236.06,297.48322
2025-08-27T01:00:00.000000000,235.4,310.92043
2025-08-27T02:00:00.000000000,240.05,262.98808
2025-08-27T03:00:00.000000000,249.17,303.39919
2025-08-27T04:00:00.000000000,243.1,276.18785
2025-08-27T05:00:00.000000000,245.66,227.01099
2025-08-27T06:00:00.000000000,233.73,207.98968
2025-08-27T07:00:00.000000000,211.58,262.48028
2025-08-27T08:00:00.000000000,184.41,237.14784
2025-08-27T09:00:00.000000000,155.81,293.81676
2025-08-27T10:00:00.000000000,134.26,275.40648
2025-08-27T11:00:00.000000000,120.99,224.55116
2025-08-27T12:00:00.000000000,118.14,242.69175
2025-08-27T13:00:00.000000000,103.96,238.7806
2025-08-27T14:00:00.000000000,100.19,263.99251
2025-08-27T15:00:00.000000000,132.85,229.25565
2025-08-27T16:00:00.000000000,175.94,219.62927
2025-08-27T17:00:00.000000000,210.91,250.90756
2025-08-27T18:00:00.000000000,236.02,268.94892
2025-08-27T19:00:00.000000000,259.48,270.59957
2025-08-27T20:00:00.000000000,247.46,214.11253
2025-08-27T21:00:00.000000000,225.92,269.37358
2025-08-27T22:00:00.000000000,194.45,227.44634
2025-08-27T23:00:00.000000000,200.44,292.55548
2025-08-28T00:00:00.000000000,206.01,296.83107
2025-08-28T01:00:00.000000000,225.14,309.78589
2025-08-28T02:00:00.000000000,230.33,262.24201
2025-08-28T03:00:00.000000000,239.04,300.77395
2025-08-28T04:00:00.000000000,240.7,273.52234
2025-08-28T05:00:00.000000000,257.17,223.93158
2025-08-28T06:00:00.000000000,265.69,206.71923
2025-08-28T07:00:00.000000000,245.2,259.99436
2025-08-28T08:00:00.000000000,214.34,237.55331
2025-08-28T09:00:00.000000000,185.57,289.96796
2025-08-28T10:00:00.000000000,156.48,272.66
2025-08-28T11:00:00.000000000,151.83,221.42391
2025-08-28T12:00:00.000000000,142.15,240.80797
2025-08-28T13:00:00.000000000,156.15,234.25401
2025-08-28T14:00:00.000000000,169.04,263.05113
2025-08-28T15:00:00.000000000,181.61,225.2821
2025-08-28T16:00:00.000000000,179.32,215.92163
2025-08-28T17:00:00.000000000,192.3,247.59598
2025-08-28T18:00:00.000000000,203.82,268.72293
2025-08-28T19:00:00.000000000,203.25,269.79744
2025-08-28T20:00:00.000000000,195.84,207.98824
2025-08-28T21:00:00.000000000,182.93,269.66981
2025-08-28T22:00:00.000000000,144.72,223.47556
2025-08-28T23:00:00.000000000,125.04,293.56813
2025-08-29T00:00:00.000000000,123.4,296.76689
2025-08-29T01:00:00.000000000,123.42,310.59096
2025-08-29T02:00:00.000000000,128.52,259.37077
2025-08-29T03:00:00.000000000,131.11,298.94949
2025-08-29T04:00:00.000000000,163.08,271.43102
2025-08-29T05:00:00.000000000,201.56,219.83963
2025-08-29T06:00:00.000000000,230.29,204.01981
2025-08-29T07:00:00.000000000,225.68,258.78207
2025-08-29T08:00:00.000000000,216.95,234.27157
2025-08-29T09:00:00.000000000,199.04,289.93265
2025-08-29T10:00:00.000000000,179.52,272.95786
2025-08-29T11:00:00.000000000,165.92,217.07724
2025-08-29T12:00:00.000000000,161.54,240.5035
2025-08-29T13:00:00.000000000,153.08,234.87409
2025-08-29T14:00:00.000000000,156.23,262.92641
2025-08-29T15:00:00.000000000,181.62,226.60036
2025-08-29T16:00:00.000000000,208.87,215.21976
2025-08-29T17:00:00.000000000,255.94,247.57179
2025-08-29T18:00:00.000000000,274.15,267.94095
2025-08-29T19:00:00.000000000,275.91,268.94091
2025-08-29T20:00:00.000000000,271.34,209.0307
2025-08-29T21:00:00.000000000,246.79,267.48102
2025-08-29T22:00:00.000000000,203.53,223.17388
2025-08-29T23:00:00.000000000,173.07,291.94428
2025-08-30T00:00:00.000000000,166.56,296.08999
2025-08-30T01:00:00.000000000,185.6,309.33449
2025-08-30T02:00:00.000000000,202.15,260.35039
2025-08-30T03:00:00.000000000,210.78,298.10516
2025-08-30T04:00:00.000000000,208.51,271.12916
2025-08-30T05:00:00.000000000,220.82,220.70556
2025-08-30T06:00:00.000000000,207.31,204.49009
2025-08-30T07:00:00.000000000,188.36,257.863
2025-08-30T08:00:00.000000000,144.39,235.47612
2025-08-30T09:00:00.000000000,128.07,288.73907
2025-08-30T10:00:00.000000000,114.32,271.56512
2025-08-30T11:00:00.000000000,97.73,217.79663
2025-08-24T12:00:00.000000000,174.75,247.2544
2025-08-24T13:00:00.000000000,183.26,251.32335
2025-08-24T14:00:00.000000000,193.52,261.27585
2025-08-24T15:00:00.000000000,217.28,238.67965
2025-08-24T16:00:00.000000000,254.06,234.97948
2025-08-24T17:00:00.000000000,286.2,260.57429
2025-08-24T18:00:00.000000000,316.09,264.09683
2025-08-24T19:00:00.000000000,319.63,271.91622
2025-08-24T20:00:00.000000000,319.85,231.41217
2025-08-24T21:00:00.000000000,324.88,272.5082
2025-08-24T22:00:00.000000000,303.94,242.76549
2025-08-24T23:00:00.000000000,286.43,286.79661
2025-08-25T00:00:00.000000000,266.76,292.18731
2025-08-25T01:00:00.000000000,269.68,305.04208
2025-08-25T02:00:00.000000000,258.33,266.319
2025-08-25T03:00:00.000000000,266.6,303.69024
2025-08-25T04:00:00.000000000,281.52,276.1101
2025-08-25T05:00:00.000000000,300.96,236.93909
2025-08-25T06:00:00.000000000,244.64,211.81224
2025-08-25T07:00:00.000000000,196.98,262.97483
2025-08-25T08:00:00.000000000,150.77,240.63388
2025-08-25T09:00:00.000000000,120.21,291.38384
2025-08-25T10:00:00.000000000,115.21,271.27545
2025-08-25T11:00:00.000000000,100.6,232.1162
2025-08-25T12:00:00.000000000,86.07,245.04346
2025-08-25T13:00:00.000000000,87.76,244.52832
2025-08-25T14:00:00.000000000,84.06,265.2721
2025-08-25T15:00:00.000000000,112.13,235.22405
2025-08-25T16:00:00.000000000,150.66,224.97954
2025-08-25T17:00:00.000000000,201.05,255.18791
2025-08-25T18:00:00.000000000,241.3,268.39046
2025-08-25T19:00:00.000000000,236.95,271.90777
2025-08-25T20:00:00.000000000,219.96,222.67965
2025-08-25T21:00:00.000000000,216.11,268.78916
2025-08-25T22:00:00.000000000,175.08,233.56033
2025-08-25T23:00:00.000000000,151.61,289.62443
2025-08-26T00:00:00.000000000,126.3,295.793
2025-08-26T01:00:00.000000000,110.82,307.46683
2025-08-26T02:00:00.000000000,118.23,266.17553
2025-08-26T03:00:00.000000000,128.05,302.90365
2025-08-26T04:00:00.000000000,145.16,275.68208
2025-08-26T05:00:00.000000000,168.55,231.08675
2025-08-26T06:00:00.000000000,173.47,209.04832
2025-08-26T07:00:00.000000000,182.92,261.56195
2025-08-26T08:00:00.000000000,165.81,241.48925
2025-08-26T09:00:00.000000000,150.11,289.89194
2025-08-26T10:00:00.000000000,131.08,272.2991
2025-08-26T11:00:00.000000000,116.63,226.53766
2025-08-26T12:00:00.000000000,121.09,245.73484
2025-08-26T13:00:00.000000000,105.37,242.98914
2025-08-26T14:00:00.000000000,110.78,263.13889
2025-08-26T15:00:00.000000000,161.77,231.67667
2025-08-26T16:00:00.000000000,232.88,225.81441
2025-08-26T17:00:00.000000000,273.6,255.88376
2025-08-26T18:00:00.000000000,300.14,269.4205
2025-08-26T19:00:00.000000000,303.21,273.54013
2025-08-26T20:00:00.000000000,293.14,218.37954
2025-08-26T21:00:00.000000000,280.21,274.23026
2025-08-26T22:00:00.000000000,242.97,233.49639
2025-08-26T23:00:00.000000000,248.96,294.14699
2025-08-27T00:00:00.000000000,236.06,297.48319
2025-08-27T01:00:00.000000000,235.4,310.92047
2025-08-27T02:00:00.000000000,240.05,262.9881
2025-08-27T03:00:00.000000000,249.17,303.39917
2025-08-27T04:00:00.000000000,243.1,276.18789
2025-08-27T05:00:00.000000000,245.66,227.0109
2025-08-27T06:00:00.000000000,233.73,207.98961
2025-08-27T07:00:00.000000000,211.58,262.48021
2025-08-27T08:00:00.000000000,184.41,237.14771
2025-08-27T09:00:00.000000000,155.81,293.81681
2025-08-27T10:00:00.000000000,134.26,275.40648
2025-08-27T11:00:00.000000000,120.99,224.551
2025-08-27T12:00:00.000000000,118.14,242.69175
2025-08-27T13:00:00.000000000,103.96,238.78058
2025-08-27T14:00:00.000000000,100.19,263.99251
2025-08-27T15:00:00.000000000,132.85,229.25564
2025-08-27T16:00:00.000000000,175.94,219.62927
2025-08-27T17:00:00.000000000,210.91,250.90756
2025-08-27T18:00:00.000000000,236.02,268.9489
2025-08-27T19:00:00.000000000,259.48,270.59957
2025-08-27T20:00:00.000000000,247.46,214.1125
2025-08-27T21:00:00.000000000,225.92,269.37358
2025-08-27T22:00:00.000000000,194.45,227.44634
2025-08-27T23:00:00.000000000,200.44,292.55546
2025-08-28T00:00:00.000000000,206.01,296.83105
2025-08-28T01:00:00.000000000,225.14,309.78587
2025-08-28T02:00:00.000000000,230.33,262.24201
2025-08-28T03:00:00.000000000,239.04,300.77395
2025-08-28T04:00:00.000000000,240.7,273.52234
2025-08-28T05:00:00.000000000,257.17,223.93157
2025-08-28T06:00:00.000000000,265.69,206.71921
2025-08-28T07:00:00.000000000,245.2,259.99434
2025-08-28T08:00:00.000000000,214.34,237.55329
2025-08-28T09:00:00.000000000,185.57,289.96801
2025-08-28T10:00:00.000000000,156.48,272.65998
2025-08-28T11:00:00.000000000,151.83,221.4239
2025-08-28T12:00:00.000000000,142.15,240.80797
2025-08-28T13:00:00.000000000,156.15,234.25401
2025-08-28T14:00:00.000000000,169.04,263.05113
2025-08-28T15:00:00.000000000,181.61,225.28211
2025-08-28T16:00:00.000000000,179.32,215.92165
2025-08-28T17:00:00.000000000,192.3,247.59598
2025-08-28T18:00:00.000000000,203.82,268.72295
2025-08-28T19:00:00.000000000,203.25,269.79744
2025-08-28T20:00:00.000000000,195.84,207.98822
2025-08-28T21:00:00.000000000,182.93,269.66984
2025-08-28T22:00:00.000000000,144.72,223.47558
2025-08-28T23:00:00.000000000,125.04,293.56813
2025-08-29T00:00:00.000000000,123.4,296.76691
2025-08-29T01:00:00.000000000,123.42,310.59096
2025-08-29T02:00:00.000000000,128.52,259.37079
2025-08-29T03:00:00.000000000,131.11,298.94949
2025-08-29T04:00:00.000000000,163.08,271.43102
2025-08-29T05:00:00.000000000,201.56,219.83964
2025-08-29T06:00:00.000000000,230.29,204.01981
2025-08-29T07:00:00.000000000,225.68,258.78207
2025-08-29T08:00:00.000000000,216.95,234.27157
2025-08-29T09:00:00.000000000,199.04,289.93265
2025-08-29T10:00:00.000000000,179.52,272.95786
2025-08-29T11:00:00.000000000,165.92,217.07724
2025-08-29T12:00:00.000000000,161.54,240.5035
2025-08-29T13:00:00.000000000,153.08,234.87409
2025-08-29T14:00:00.000000000,156.23,262.92641
2025-08-29T15:00:00.000000000,181.62,226.60036
2025-08-29T16:00:00.000000000,208.87,215.21976
2025-08-29T17:00:00.000000000,255.94,247.57179
2025-08-29T18:00:00.000000000,274.15,267.94095
2025-08-29T19:00:00.000000000,275.91,268.94091
2025-08-29T20:00:00.000000000,271.34,209.0307
2025-08-29T21:00:00.000000000,246.79,267.48102
2025-08-29T22:00:00.000000000,203.53,223.17388
2025-08-29T23:00:00.000000000,173.07,291.94428
2025-08-30T00:00:00.000000000,166.56,296.08999
2025-08-30T01:00:00.000000000,185.6,309.33449
2025-08-30T02:00:00.000000000,202.15,260.35039
2025-08-30T03:00:00.000000000,210.78,298.10516
2025-08-30T04:00:00.000000000,208.51,271.12916
2025-08-30T05:00:00.000000000,220.82,220.70556
2025-08-30T06:00:00.000000000,207.31,204.49009
2025-08-30T07:00:00.000000000,188.36,257.863
2025-08-30T08:00:00.000000000,144.39,235.47612
2025-08-30T09:00:00.000000000,128.07,288.73907
2025-08-30T10:00:00.000000000,114.32,271.56512
2025-08-30T11:00:00.000000000,97.73,217.79663
2025-08-30T12:00:00.000000000,93.42,243.24338
2025-08-30T13:00:00.000000000,89.99,238.86674
2025-08-30T14:00:00.000000000,95.77,261.71422
2025-08-30T15:00:00.000000000,77.94,226.85534
2025-08-30T16:00:00.000000000,95.9,223.41189
2025-08-30T17:00:00.000000000,107.53,252.50998
2025-08-30T18:00:00.000000000,120.98,267.90123
2025-08-30T19:00:00.000000000,129.3,272.10676
2025-08-30T20:00:00.000000000,120.44,212.86941
2025-08-30T21:00:00.000000000,106.2,274.9961
2025-08-30T22:00:00.000000000,105.42,229.78565
2025-08-30T23:00:00.000000000,108.74,295.75503
2025-08-31T00:00:00.000000000,99.43,297.95305
2025-08-31T01:00:00.000000000,103.42,312.81632
2025-08-31T02:00:00.000000000,103.58,259.01889
2025-08-31T03:00:00.000000000,97.8,302.11357
2025-08-31T04:00:00.000000000,102.71,273.74938
2025-08-31T05:00:00.000000000,124.08,222.69013
2025-08-31T06:00:00.000000000,121.35,206.1007
2025-08-31T07:00:00.000000000,110.25,262.17237
2025-08-31T08:00:00.000000000,89.47,233.83081
2025-08-31T09:00:00.000000000,91.09,294.72188
2025-08-31T10:00:00.000000000,90.94,276.23332
2025-08-31T11:00:00.000000000,89.05,221.29779
2025-08-25T12:00:00.000000000,86.07,244.86088
2025-08-25T13:00:00.000000000,87.76,244.44107
2025-08-25T14:00:00.000000000,84.06,264.42259
2025-08-25T15:00:00.000000000,112.13,235.79865
2025-08-25T16:00:00.000000000,150.66,223.45689
2025-08-25T17:00:00.000000000,201.05,255.04259
2025-08-25T18:00:00.000000000,241.3,268.43825
2025-08-25T19:00:00.000000000,236.95,271.34105
2025-08-25T20:00:00.000000000,219.96,222.10429
2025-08-25T21:00:00.000000000,216.11,267.44581
2025-08-25T22:00:00.000000000,175.08,232.62482
2025-08-25T23:00:00.000000000,151.61,288.69453
2025-08-26T00:00:00.000000000,126.3,294.78682
2025-08-26T01:00:00.000000000,110.82,306.33887
2025-08-26T02:00:00.000000000,118.23,266.64236
2025-08-26T03:00:00.000000000,128.05,301.82754
2025-08-26T04:00:00.000000000,145.16,275.56727
2025-08-26T05:00:00.000000000,168.55,230.90242
2025-08-26T06:00:00.000000000,173.47,208.72113
2025-08-26T07:00:00.000000000,182.92,260.04537
2025-08-26T08:00:00.000000000,165.81,241.44928
2025-08-26T09:00:00.000000000,150.11,288.84725
2025-08-26T10:00:00.000000000,131.08,270.83836
2025-08-26T11:00:00.000000000,116.63,225.71008
2025-08-26T12:00:00.000000000,121.09,245.7214
2025-08-26T13:00:00.000000000,105.37,242.95136
2025-08-26T14:00:00.000000000,110.78,263.13543
2025-08-26T15:00:00.000000000,161.77,231.64211
2025-08-26T16:00:00.000000000,232.88,225.78202
2025-08-26T17:00:00.000000000,273.6,255.86136
2025-08-26T18:00:00.000000000,300.14,269.43174
2025-08-26T19:00:00.000000000,303.21,273.5411
2025-08-26T20:00:00.000000000,293.14,218.32265
2025-08-26T21:00:00.000000000,280.21,274.24065
2025-08-26T22:00:00.000000000,242.97,233.46042
2025-08-26T23:00:00.000000000,248.96,294.16292
2025-08-27T00:00:00.000000000,236.06,297.48646
2025-08-27T01:00:00.000000000,235.4,310.93275
2025-08-27T02:00:00.000000000,240.05,262.96741
2025-08-27T03:00:00.000000000,249.17,303.3912
2025-08-27T04:00:00.000000000,243.1,276.1787
2025-08-27T05:00:00.000000000,245.66,226.97175
2025-08-27T06:00:00.000000000,233.73,207.96647
2025-08-27T07:00:00.000000000,211.58,262.46972
2025-08-27T08:00:00.000000000,184.41,237.12049
2025-08-27T09:00:00.000000000,155.81,293.81895
2025-08-27T10:00:00.000000000,134.26,275.41124
2025-08-27T11:00:00.000000000,120.99,224.51128
2025-08-27T12:00:00.000000000,118.14,242.69196
2025-08-27T13:00:00.000000000,103.96,238.7807
2025-08-27T14:00:00.000000000,100.19,263.99257
2025-08-27T15:00:00.000000000,132.85,229.25588
2025-08-27T16:00:00.000000000,175.94,219.62921
2025-08-27T17:00:00.000000000,210.91,250.90779
2025-08-27T18:00:00.000000000,236.02,268.94919
2025-08-27T19:00:00.000000000,259.48,270.59978
2025-08-27T20:00:00.000000000,247.46,214.11255
2025-08-27T21:00:00.000000000,225.92,269.37358
2025-08-27T22:00:00.000000000,194.45,227.44642
2025-08-27T23:00:00.000000000,200.44,292.55546
2025-08-28T00:00:00.000000000,206.01,296.83101
2025-08-28T01:00:00.000000000,225.14,309.78574
2025-08-28T02:00:00.000000000,230.33,262.24226
2025-08-28T03:00:00.000000000,239.04,300.77395
2025-08-28T04:00:00.000000000,240.7,273.52251
2025-08-28T05:00:00.000000000,257.17,223.93168
2025-08-28T06:00:00.000000000,265.69,206.71921
2025-08-28T07:00:00.000000000,245.2,259.99421
2025-08-28T08:00:00.000000000,214.34,237.55337
2025-08-28T09:00:00.000000000,185.57,289.96792
2025-08-28T10:00:00.000000000,156.48,272.65989
2025-08-28T11:00:00.000000000,151.83,221.42383
2025-08-28T12:00:00.000000000,142.15,240.80797
2025-08-28T13:00:00.000000000,156.15,234.25401
2025-08-28T14:00:00.000000000,169.04,263.05113
2025-08-28T15:00:00.000000000,181.61,225.2821
2025-08-28T16:00:00.000000000,179.32,215.92163
2025-08-28T17:00:00.000000000,192.3,247.59598
2025-08-28T18:00:00.000000000,203.82,268.72293
2025-08-28T19:00:00.000000000,203.25,269.79744
2025-08-28T20:00:00.000000000,195.84,207.98822
2025-08-28T21:00:00.000000000,182.93,269.66981
2025-08-28T22:00:00.000000000,144.72,223.47556
2025-08-28T23:00:00.000000000,125.04,293.56813
2025-08-29T00:00:00.000000000,123.4,296.76689
2025-08-29T01:00:00.000000000,123.42,310.59094
2025-08-29T02:00:00.000000000,128.52,259.37077
2025-08-29T03:00:00.000000000,131.11,298.94947
2025-08-29T04:00:00.000000000,163.08,271.43102
2025-08-29T05:00:00.000000000,201.56,219.83962
2025-08-29T06:00:00.000000000,230.29,204.01978
2025-08-29T07:00:00.000000000,225.68,258.78207
2025-08-29T08:00:00.000000000,216.95,234.27157
2025-08-29T09:00:00.000000000,199.04,289.93265
2025-08-29T10:00:00.000000000,179.52,272.95786
2025-08-29T11:00:00.000000000,165.92,217.07722
2025-08-29T12:00:00.000000000,161.54,240.5035
2025-08-29T13:00:00.000000000,153.08,234.87409
2025-08-29T14:00:00.000000000,156.23,262.92639
2025-08-29T15:00:00.000000000,181.62,226.60035
2025-08-29T16:00:00.000000000,208.87,215.21976
2025-08-29T17:00:00.000000000,255.94,247.57179
2025-08-29T18:00:00.000000000,274.15,267.94095
2025-08-29T19:00:00.000000000,275.91,268.94091
2025-08-29T20:00:00.000000000,271.34,209.0307
2025-08-29T21:00:00.000000000,246.79,267.48102
2025-08-29T22:00:00.000000000,203.53,223.17388
2025-08-29T23:00:00.000000000,173.07,291.94428
2025-08-30T00:00:00.000000000,166.56,296.08999
2025-08-30T01:00:00.000000000,185.6,309.33449
2025-08-30T02:00:00.000000000,202.15,260.35039
2025-08-30T03:00:00.000000000,210.78,298.10516
2025-08-30T04:00:00.000000000,208.51,271.12916
2025-08-30T05:00:00.000000000,220.82,220.70556
2025-08-30T06:00:00.000000000,207.31,204.49009
2025-08-30T07:00:00.000000000,188.36,257.863
2025-08-30T08:00:00.000000000,144.39,235.47611
2025-08-30T09:00:00.000000000,128.07,288.73907
2025-08-30T10:00:00.000000000,114.32,271.56512
2025-08-30T11:00:00.000000000,97.73,217.79663
2025-08-30T12:00:00.000000000,93.42,243.24338
2025-08-30T13:00:00.000000000,89.99,238.86674
2025-08-30T14:00:00.000000000,95.77,261.71422
2025-08-30T15:00:00.000000000,77.94,226.85534
2025-08-30T16:00:00.000000000,95.9,223.41189
2025-08-30T17:00:00.000000000,107.53,252.50998
2025-08-30T18:00:00.000000000,120.98,267.90123
2025-08-30T19:00:00.000000000,129.3,272.10676
2025-08-30T20:00:00.000000000,120.44,212.86941
2025-08-30T21:00:00.000000000,106.2,274.9961
2025-08-30T22:00:00.000000000,105.42,229.78565
2025-08-30T23:00:00.000000000,108.74,295.75503
2025-08-31T00:00:00.000000000,99.43,297.95305
2025-08-31T01:00:00.000000000,103.42,312.81632
2025-08-31T02:00:00.000000000,103.58,259.01889
2025-08-31T03:00:00.000000000,97.8,302.11357
2025-08-31T04:00:00.000000000,102.71,273.74938
2025-08-31T05:00:00.000000000,124.08,222.69013
2025-08-31T06:00:00.000000000,121.35,206.1007
2025-08-31T07:00:00.000000000,110.25,262.17237
2025-08-31T08:00:00.000000000,89.47,233.83081
2025-08-31T09:00:00.000000000,91.09,294.72188
2025-08-31T10:00:00.000000000,90.94,276.23332
2025-08-31T11:00:00.000000000,89.05,221.29779
2025-08-31T12:00:00.000000000,78.88,242.93884
2025-08-31T13:00:00.000000000,79.05,242.30998
2025-08-31T14:00:00.000000000,88.4,262.16268
2025-08-31T15:00:00.000000000,90.55,232.94133
2025-08-31T16:00:00.000000000,96.43,222.29735
2025-08-31T17:00:00.000000000,117.22,253.44342
2025-08-31T18:00:00.000000000,128.67,266.29583
2025-08-31T19:00:00.000000000,139.08,269.86369
2025-08-31T20:00:00.000000000,138.68,218.44315
2025-08-31T21:00:00.000000000,136.66,267.59035
2025-08-31T22:00:00.000000000,121.86,230.24298
2025-08-31T23:00:00.000000000,109.28,289.50546
2025-09-01T00:00:00.000000000,112.45,294.94778
2025-09-01T01:00:00.000000000,112.27,307.55569
2025-09-01T02:00:00.000000000,113.8,263.86153
2025-09-01T03:00:00.000000000,117.53,299.92899
2025-09-01T04:00:00.000000000,123.48,273.90752
2025-09-01T05:00:00.000000000,120.71,227.631
2025-09-01T06:00:00.000000000,126.85,207.95379
2025-09-01T07:00:00.000000000,127.07,259.09685
2025-09-01T08:00:00.000000000,107.09,238.93836
2025-09-01T09:00:00.000000000,100.98,289.92894
2025-09-01T10:00:00.000000000,90.8,271.1107
2025-09-01T11:00:00.000000000,83.99,224.49219
2025-08-26T12:00:00.000000000,121.09,244.08364
2025-08-26T13:00:00.000000000,105.37,238.85148
2025-08-26T14:00:00.000000000,110.78,263.90755
2025-08-26T15:00:00.000000000,161.77,229.25793
2025-08-26T16:00:00.000000000,232.88,219.62601
2025-08-26T17:00:00.000000000,273.6,252.06688
2025-08-26T18:00:00.000000000,300.14,270.72449
2025-08-26T19:00:00.000000000,303.21,272.45372
2025-08-26T20:00:00.000000000,293.14,212.63599
2025-08-26T21:00:00.000000000,280.21,272.05027
2025-08-26T22:00:00.000000000,242.97,227.94524
2025-08-26T23:00:00.000000000,248.96,294.98034
2025-08-27T00:00:00.000000000,236.06,298.1445
2025-08-27T01:00:00.000000000,235.4,311.58723
2025-08-27T02:00:00.000000000,240.05,262.30939
2025-08-27T03:00:00.000000000,249.17,301.52157
2025-08-27T04:00:00.000000000,243.1,274.85402
2025-08-27T05:00:00.000000000,245.66,223.06457
2025-08-27T06:00:00.000000000,233.73,206.27906
2025-08-27T07:00:00.000000000,211.58,260.31577
2025-08-27T08:00:00.000000000,184.41,236.37649
2025-08-27T09:00:00.000000000,155.81,292.12191
2025-08-27T10:00:00.000000000,134.26,274.51295
2025-08-27T11:00:00.000000000,120.99,220.65213
2025-08-27T12:00:00.000000000,118.14,242.69392
2025-08-27T13:00:00.000000000,103.96,238.75097
2025-08-27T14:00:00.000000000,100.19,263.98046
2025-08-27T15:00:00.000000000,132.85,229.23017
2025-08-27T16:00:00.000000000,175.94,219.60211
2025-08-27T17:00:00.000000000,210.91,250.90628
2025-08-27T18:00:00.000000000,236.02,268.97146
2025-08-27T19:00:00.000000000,259.48,270.6148
2025-08-27T20:00:00.000000000,247.46,214.04883
2025-08-27T21:00:00.000000000,225.92,269.39642
2025-08-27T22:00:00.000000000,194.45,227.42492
2025-08-27T23:00:00.000000000,200.44,292.56958
2025-08-28T00:00:00.000000000,206.01,296.82589
2025-08-28T01:00:00.000000000,225.14,309.78958
2025-08-28T02:00:00.000000000,230.33,262.23139
2025-08-28T03:00:00.000000000,239.04,300.75758
2025-08-28T04:00:00.000000000,240.7,273.52302
2025-08-28T05:00:00.000000000,257.17,223.89795
2025-08-28T06:00:00.000000000,265.69,206.6913
2025-08-28T07:00:00.000000000,245.2,259.97422
2025-08-28T08:00:00.000000000,214.34,237.51565
2025-08-28T09:00:00.000000000,185.57,289.97504
2025-08-28T10:00:00.000000000,156.48,272.66145
2025-08-28T11:00:00.000000000,151.83,221.37487
2025-08-28T12:00:00.000000000,142.15,240.80831
2025-08-28T13:00:00.000000000,156.15,234.25427
2025-08-28T14:00:00.000000000,169.04,263.05119
2025-08-28T15:00:00.000000000,181.61,225.28247
2025-08-28T16:00:00.000000000,179.32,215.92179
2025-08-28T17:00:00.000000000,192.3,247.59645
2025-08-28T18:00:00.000000000,203.82,268.7234
2025-08-28T19:00:00.000000000,203.25,269.7978
2025-08-28T20:00:00.000000000,195.84,207.98841
2025-08-28T21:00:00.000000000,182.93,269.66996
2025-08-28T22:00:00.000000000,144.72,223.47584
2025-08-28T23:00:00.000000000,125.04,293.56813
2025-08-29T00:00:00.000000000,123.4,296.76681
2025-08-29T01:00:00.000000000,123.42,310.59079
2025-08-29T02:00:00.000000000,128.52,259.37113
2025-08-29T03:00:00.000000000,131.11,298.94964
2025-08-29T04:00:00.000000000,163.08,271.43138
2025-08-29T05:00:00.000000000,201.56,219.83987
2025-08-29T06:00:00.000000000,230.29,204.01981
2025-08-29T07:00:00.000000000,225.68,258.78199
2025-08-29T08:00:00.000000000,216.95,234.27168
2025-08-29T09:00:00.000000000,199.04,289.93265
2025-08-29T10:00:00.000000000,179.52,272.95786
2025-08-29T11:00:00.000000000,165.92,217.07724
2025-08-29T12:00:00.000000000,161.54,240.50352
2025-08-29T13:00:00.000000000,153.08,234.87409
2025-08-29T14:00:00.000000000,156.23,262.92641
2025-08-29T15:00:00.000000000,181.62,226.60036
2025-08-29T16:00:00.000000000,208.87,215.21976
2025-08-29T17:00:00.000000000,255.94,247.57182
2025-08-29T18:00:00.000000000,274.15,267.94095
2025-08-29T19:00:00.000000000,275.91,268.94091
2025-08-29T20:00:00.000000000,271.34,209.0307
2025-08-29T21:00:00.000000000,246.79,267.48104
2025-08-29T22:00:00.000000000,203.53,223.17389
2025-08-29T23:00:00.000000000,173.07,291.94428
2025-08-30T00:00:00.000000000,166.56,296.09001
2025-08-30T01:00:00.000000000,185.6,309.33451
2025-08-30T02:00:00.000000000,202.15,260.35041
2025-08-30T03:00:00.000000000,210.78,298.10516
2025-08-30T04:00:00.000000000,208.51,271.12916
2025-08-30T05:00:00.000000000,220.82,220.70557
2025-08-30T06:00:00.000000000,207.31,204.4901
2025-08-30T07:00:00.000000000,188.36,257.863
2025-08-30T08:00:00.000000000,144.39,235.47611
2025-08-30T09:00:00.000000000,128.07,288.73907
2025-08-30T10:00:00.000000000,114.32,271.56512
2025-08-30T11:00:00.000000000,97.73,217.79663
2025-08-30T12:00:00.000000000,93.42,243.24338
2025-08-30T13:00:00.000000000,89.99,238.86676
2025-08-30T14:00:00.000000000,95.77,261.71425
2025-08-30T15:00:00.000000000,77.94,226.85535
2025-08-30T16:00:00.000000000,95.9,223.41189
2025-08-30T17:00:00.000000000,107.53,252.51
2025-08-30T18:00:00.000000000,120.98,267.90126
2025-08-30T19:00:00.000000000,129.3,272.10678
2025-08-30T20:00:00.000000000,120.44,212.86943
2025-08-30T21:00:00.000000000,106.2,274.9961
2025-08-30T22:00:00.000000000,105.42,229.78566
2025-08-30T23:00:00.000000000,108.74,295.75507
2025-08-31T00:00:00.000000000,99.43,297.95305
2025-08-31T01:00:00.000000000,103.42,312.81632
2025-08-31T02:00:00.000000000,103.58,259.01889
2025-08-31T03:00:00.000000000,97.8,302.1136
2025-08-31T04:00:00.000000000,102.71,273.74938
2025-08-31T05:00:00.000000000,124.08,222.69013
2025-08-31T06:00:00.000000000,121.35,206.10072
2025-08-31T07:00:00.000000000,110.25,262.17237
2025-08-31T08:00:00.000000000,89.47,233.83081
2025-08-31T09:00:00.000000000,91.09,294.72188
2025-08-31T10:00:00.000000000,90.94,276.23332
2025-08-31T11:00:00.000000000,89.05,221.2978
2025-08-31T12:00:00.000000000,78.88,242.93884
2025-08-31T13:00:00.000000000,79.05,242.30998
2025-08-31T14:00:00.000000000,88.4,262.16268
2025-08-31T15:00:00.000000000,90.55,232.94132
2025-08-31T16:00:00.000000000,96.43,222.29735
2025-08-31T17:00:00.000000000,117.22,253.44342
2025-08-31T18:00:00.000000000,128.67,266.29583
2025-08-31T19:00:00.000000000,139.08,269.86369
2025-08-31T20:00:00.000000000,138.68,218.44315
2025-08-31T21:00:00.000000000,136.66,267.59035
2025-08-31T22:00:00.000000000,121.86,230.24299
2025-08-31T23:00:00.000000000,109.28,289.50544
2025-09-01T00:00:00.000000000,112.45,294.94778
2025-09-01T01:00:00.000000000,112.27,307.55567
2025-09-01T02:00:00.000000000,113.8,263.86153
2025-09-01T03:00:00.000000000,117.53,299.92897
2025-09-01T04:00:00.000000000,123.48,273.90752
2025-09-01T05:00:00.000000000,120.71,227.631
2025-09-01T06:00:00.000000000,126.85,207.95379
2025-09-01T07:00:00.000000000,127.07,259.09685
2025-09-01T08:00:00.000000000,107.09,238.93836
2025-09-01T09:00:00.000000000,100.98,289.92894
2025-09-01T10:00:00.000000000,90.8,271.1107
2025-09-01T11:00:00.000000000,83.99,224.49218
2025-09-01T12:00:00.000000000,78.11,240.86937
2025-09-01T13:00:00.000000000,79.67,235.42104
2025-09-01T14:00:00.000000000,77.15,263.97451
2025-09-01T15:00:00.000000000,85.26,229.04758
2025-09-01T16:00:00.000000000,115.23,213.31143
2025-09-01T17:00:00.000000000,154.83,247.98101
2025-09-01T18:00:00.000000000,176.5,268.55336
2025-09-01T19:00:00.000000000,170.46,269.08097
2025-09-01T20:00:00.000000000,168.91,209.33073
2025-09-01T21:00:00.000000000,146.87,264.9624
2025-09-01T22:00:00.000000000,116.97,222.2673
2025-09-01T23:00:00.000000000,124.74,290.35297
2025-09-02T00:00:00.000000000,126.34,295.93055
2025-09-02T01:00:00.000000000,127.74,308.33366
2025-09-02T02:00:00.000000000,127.62,262.9231
2025-09-02T03:00:00.000000000,142.28,297.32289
2025-09-02T04:00:00.000000000,165.73,271.4834
2025-09-02T05:00:00.000000000,242.59,222.19393
2025-09-02T06:00:00.000000000,264.59,204.32
2025-09-02T07:00:00.000000000,243.8,256.70529
2025-09-02T08:00:00.000000000,220.5,237.27745
2025-09-02T09:00:00.000000000,198.17,287.92384
2025-09-02T10:00:00.000000000,188.56,270.29526
2025-09-02T11:00:00.000000000,196.48,217.58305
2025-08-27T12:00:00.000000000,118.14,242.46762
2025-08-27T13:00:00.000000000,103.96,237.6067
2025-08-27T14:00:00.000000000,100.19,263.9502
2025-08-27T15:00:00.000000000,132.85,228.79124
2025-08-27T16:00:00.000000000,175.94,217.42252
2025-08-27T17:00:00.000000000,210.91,250.04703
2025-08-27T18:00:00.000000000,236.02,269.75119
2025-08-27T19:00:00.000000000,259.48,270.48275
2025-08-27T20:00:00.000000000,247.46,212.09135
2025-08-27T21:00:00.000000000,225.92,268.83781
2025-08-27T22:00:00.000000000,194.45,225.67133
2025-08-27T23:00:00.000000000,200.44,292.69723
2025-08-28T00:00:00.000000000,206.01,296.69997
2025-08-28T01:00:00.000000000,225.14,309.65327
2025-08-28T02:00:00.000000000,230.33,262.29814
2025-08-28T03:00:00.000000000,239.04,299.99707
2025-08-28T04:00:00.000000000,240.7,273.30965
2025-08-28T05:00:00.000000000,257.17,222.61608
2025-08-28T06:00:00.000000000,265.69,205.99783
2025-08-28T07:00:00.000000000,245.2,258.83989
2025-08-28T08:00:00.000000000,214.34,236.99739
2025-08-28T09:00:00.000000000,185.57,289.25779
2025-08-28T10:00:00.000000000,156.48,272.05737
2025-08-28T11:00:00.000000000,151.83,219.85127
2025-08-28T12:00:00.000000000,142.15,240.8121
2025-08-28T13:00:00.000000000,156.15,234.24175
2025-08-28T14:00:00.000000000,169.04,263.04672
2025-08-28T15:00:00.000000000,181.61,225.27365
2025-08-28T16:00:00.000000000,179.32,215.9141
2025-08-28T17:00:00.000000000,192.3,247.5974
2025-08-28T18:00:00.000000000,203.82,268.73393
2025-08-28T19:00:00.000000000,203.25,269.80718
2025-08-28T20:00:00.000000000,195.84,207.96599
2025-08-28T21:00:00.000000000,182.93,269.6826
2025-08-28T22:00:00.000000000,144.72,223.47154
2025-08-28T23:00:00.000000000,125.04,293.57137
2025-08-29T00:00:00.000000000,123.4,296.76196
2025-08-29T01:00:00.000000000,123.42,310.58926
2025-08-29T02:00:00.000000000,128.52,259.36788
2025-08-29T03:00:00.000000000,131.11,298.94463
2025-08-29T04:00:00.000000000,163.08,271.42997
2025-08-29T05:00:00.000000000,201.56,219.82875
2025-08-29T06:00:00.000000000,230.29,204.00828
2025-08-29T07:00:00.000000000,225.68,258.77491
2025-08-29T08:00:00.000000000,216.95,234.25623
2025-08-29T09:00:00.000000000,199.04,289.93311
2025-08-29T10:00:00.000000000,179.52,272.95813
2025-08-29T11:00:00.000000000,165.92,217.05742
2025-08-29T12:00:00.000000000,161.54,240.50362
2025-08-29T13:00:00.000000000,153.08,234.87419
2025-08-29T14:00:00.000000000,156.23,262.92645
2025-08-29T15:00:00.000000000,181.62,226.60057
2025-08-29T16:00:00.000000000,208.87,215.21978
2025-08-29T17:00:00.000000000,255.94,247.57198
2025-08-29T18:00:00.000000000,274.15,267.94114
2025-08-29T19:00:00.000000000,275.91,268.94104
2025-08-29T20:00:00.000000000,271.34,209.03083
2025-08-29T21:00:00.000000000,246.79,267.48102
2025-08-29T22:00:00.000000000,203.53,223.17396
2025-08-29T23:00:00.000000000,173.07,291.94422
2025-08-30T00:00:00.000000000,166.56,296.08995
2025-08-30T01:00:00.000000000,185.6,309.3344
2025-08-30T02:00:00.000000000,202.15,260.3506
2025-08-30T03:00:00.000000000,210.78,298.10521
2025-08-30T04:00:00.000000000,208.51,271.12933
2025-08-30T05:00:00.000000000,220.82,220.70572
2025-08-30T06:00:00.000000000,207.31,204.49011
2025-08-30T07:00:00.000000000,188.36,257.86292
2025-08-30T08:00:00.000000000,144.39,235.47622
2025-08-30T09:00:00.000000000,128.07,288.73903
2025-08-30T10:00:00.000000000,114.32,271.56505
2025-08-30T11:00:00.000000000,97.73,217.79665
2025-08-30T12:00:00.000000000,93.42,243.24336
2025-08-30T13:00:00.000000000,89.99,238.86674
2025-08-30T14:00:00.000000000,95.77,261.71425
2025-08-30T15:00:00.000000000,77.94,226.85535
2025-08-30T16:00:00.000000000,95.9,223.41189
2025-08-30T17:00:00.000000000,107.53,252.51
2025-08-30T18:00:00.000000000,120.98,267.90123
2025-08-30T19:00:00.000000000,129.3,272.10676
2025-08-30T20:00:00.000000000,120.44,212.86943
2025-08-30T21:00:00.000000000,106.2,274.9961
2025-08-30T22:00:00.000000000,105.42,229.78566
2025-08-30T23:00:00.000000000,108.74,295.75507
2025-08-31T00:00:00.000000000,99.43,297.95305
2025-08-31T01:00:00.000000000,103.42,312.81632
2025-08-31T02:00:00.000000000,103.58,259.01889
2025-08-31T03:00:00.000000000,97.8,302.11362
2025-08-31T04:00:00.000000000,102.71,273.74936
2025-08-31T05:00:00.000000000,124.08,222.69013
2025-08-31T06:00:00.000000000,121.35,206.10072
2025-08-31T07:00:00.000000000,110.25,262.17237
2025-08-31T08:00:00.000000000,89.47,233.83082
2025-08-31T09:00:00.000000000,91.09,294.72188
2025-08-31T10:00:00.000000000,90.94,276.23332
2025-08-31T11:00:00.000000000,89.05,221.2978
2025-08-31T12:00:00.000000000,78.88,242.93884
2025-08-31T13:00:00.000000000,79.05,242.30998
2025-08-31T14:00:00.000000000,88.4,262.16268
2025-08-31T15:00:00.000000000,90.55,232.94132
2025-08-31T16:00:00.000000000,96.43,222.29735
2025-08-31T17:00:00.000000000,117.22,253.44342
2025-08-31T18:00:00.000000000,128.67,266.29583
2025-08-31T19:00:00.000000000,139.08,269.86369
2025-08-31T20:00:00.000000000,138.68,218.44315
2025-08-31T21:00:00.000000000,136.66,267.59035
2025-08-31T22:00:00.000000000,121.86,230.24299
2025-08-31T23:00:00.000000000,109.28,289.50544
2025-09-01T00:00:00.000000000,112.45,294.94778
2025-09-01T01:00:00.000000000,112.27,307.55567
2025-09-01T02:00:00.000000000,113.8,263.86153
2025-09-01T03:00:00.000000000,117.53,299.92897
2025-09-01T04:00:00.000000000,123.48,273.90752
2025-09-01T05:00:00.000000000,120.71,227.631
2025-09-01T06:00:00.000000000,126.85,207.95379
2025-09-01T07:00:00.000000000,127.07,259.09685
2025-09-01T08:00:00.000000000,107.09,238.93836
2025-09-01T09:00:00.000000000,100.98,289.92894
2025-09-01T10:00:00.000000000,90.8,271.1107
2025-09-01T11:00:00.000000000,83.99,224.49218
2025-09-01T12:00:00.000000000,78.11,240.86937
2025-09-01T13:00:00.000000000,79.67,235.42104
2025-09-01T14:00:00.000000000,77.15,263.97451
2025-09-01T15:00:00.000000000,85.26,229.04758
2025-09-01T16:00:00.000000000,115.23,213.31143
2025-09-01T17:00:00.000000000,154.83,247.98101
2025-09-01T18:00:00.000000000,176.5,268.55336
2025-09-01T19:00:00.000000000,170.46,269.08097
2025-09-01T20:00:00.000000000,168.91,209.33073
2025-09-01T21:00:00.000000000,146.87,264.9624
2025-09-01T22:00:00.000000000,116.97,222.2673
2025-09-01T23:00:00.000000000,124.74,290.35297
2025-09-02T00:00:00.000000000,126.34,295.93055
2025-09-02T01:00:00.000000000,127.74,308.33366
2025-09-02T02:00:00.000000000,127.62,262.9231
2025-09-02T03:00:00.000000000,142.28,297.32289
2025-09-02T04:00:00.000000000,165.73,271.4834
2025-09-02T05:00:00.000000000,242.59,222.19393
2025-09-02T06:00:00.000000000,264.59,204.32
2025-09-02T07:00:00.000000000,243.8,256.70529
2025-09-02T08:00:00.000000000,220.5,237.27745
2025-09-02T09:00:00.000000000,198.17,287.92384
2025-09-02T10:00:00.000000000,188.56,270.29526
2025-09-02T11:00:00.000000000,196.48,217.58305
2025-09-02T12:00:00.000000000,197.67,237.09864
2025-09-02T13:00:00.000000000,210.51,224.64053
2025-09-02T14:00:00.000000000,216.53,263.59488
2025-09-02T15:00:00.000000000,234.54,218.23881
2025-09-02T16:00:00.000000000,268.26,205.87741
2025-09-02T17:00:00.000000000,282.55,239.24685
2025-09-02T18:00:00.000000000,276.74,268.43182
2025-09-02T19:00:00.000000000,264.51,267.31207
2025-09-02T20:00:00.000000000,258.3,195.00079
2025-09-02T21:00:00.000000000,234.19,268.68532
2025-09-02T22:00:00.000000000,205.74,213.91587
2025-09-02T23:00:00.000000000,179.35,295.35515
2025-09-03T00:00:00.000000000,168.16,297.55604
2025-09-03T01:00:00.000000000,161.92,313.24144
2025-09-03T02:00:00.000000000,162.65,255.58777
2025-09-03T03:00:00.000000000,170.04,294.7837
2025-09-03T04:00:00.000000000,177.69,266.0754
2025-09-03T05:00:00.000000000,179.8,211.92057
2025-09-03T06:00:00.000000000,207.07,199.38878
2025-09-03T07:00:00.000000000,213.79,255.76443
2025-09-03T08:00:00.000000000,213.21,228.87597
2025-09-03T09:00:00.000000000,174.16,288.87017
2025-09-03T10:00:00.000000000,156.89,272.33684
2025-09-03T11:00:00.000000000,159.87,207.66603
