datetime,param,level,latitude,longitude,0-3 hr avg,0-6 hr avg,6-9 hr avg,6-12 hr avg,12-15 hr avg,12-18 hr avg,18-21 hr avg,18-24 hr avg,24-27 hr avg,24-30 hr avg,30-33 hr avg,30-36 hr avg,36-39 hr avg,36-42 hr avg,42-45 hr avg,42-48 hr avg,48-51 hr avg,48-54 hr avg,54-57 hr avg,54-60 hr avg,60-63 hr avg,60-66 hr avg,66-69 hr avg,66-72 hr avg,72-75 hr avg,72-78 hr avg,78-81 hr avg,78-84 hr avg,84-87 hr avg,84-90 hr avg,90-93 hr avg,90-96 hr avg,96-99 hr avg,96-102 hr avg,102-105 hr avg,102-108 hr avg,108-111 hr avg,108-114 hr avg,114-117 hr avg,114-120 hr avg,120-123 hr avg,120-126 hr avg,126-129 hr avg,126-132 hr avg,132-135 hr avg,132-138 hr avg,138-141 hr avg,138-144 hr avg,144-147 hr avg,144-150 hr avg,150-153 hr avg,150-156 hr avg,156-159 hr avg,156-162 hr avg,162-165 hr avg,162-168 hr avg
2024-12-01,DSWRF,surface,32.0,-124.75,6.046522674415735,3.0233490828385885,0.0,0.0,0.6431950939488579,100.00988770957832,457.6817081527266,362.3030388446576,6.465345627038855,3.232726862097312,0.0,0.0,0.6525074855874132,106.09812199245988,475.4892161571296,373.4889945575494,6.053031593862153,3.0263612710325405,0.0,0.0,0.5454212435062786,103.69462683866904,484.3084944888169,385.4990923688387,6.754253946530225,3.3771327873905697,0.0,0.0,0.5323544877259268,112.11342656588609,507.2534874172446,405.3836059467555,7.095521188795258,3.547817586577388,0.0,0.0,0.4859434609104905,111.42122576132915,503.6395589025162,401.2144381525184,7.057472466845824,3.528685705728483,0.0,0.0,0.4458382744543619,102.92775647180795,459.977044380007,361.4254966586228,6.218699947390945,3.1095284689379543,0.0,0.0,0.3936657647971777,96.06318720709778,438.4344080108409,342.964223499357
2024-12-02,DSWRF,surface,32.0,-124.75,6.611009931232889,3.3056434763619538,0.0,0.0,0.6472420992077846,104.7713460355439,469.7043881382585,369.0142772790554,5.987336274019002,2.9937464161855436,0.0,0.0,0.5721482649623906,103.45759908382632,480.61736679900633,383.14931986030103,6.832240384621447,3.4160864933631245,0.0,0.0,0.5276377692294595,111.6353087490341,505.81026165645983,404.11924075737744,7.068298496978441,3.5339664496543337,0.0,0.0,0.4869038734424099,106.28105560781182,472.0594040485595,369.4061321767227,6.184402094344874,3.0918934337695716,0.0,0.0,0.452503684530492,102.73949897648328,471.6274105410304,373.74745047886665,6.5861547516137335,3.292896458649671,0.0,0.0,0.4001313928431899,96.5750533198806,443.72261209970674,347.6359880686105,6.117803715512421,3.058875689703395,0.0,0.0,0.3679111699728466,106.68433704573854,502.2858990457208,403.2608681895257
2024-12-03,DSWRF,surface,32.0,-124.75,6.060759749950069,3.030152018340772,0.0,0.0,0.5659094838629115,104.17837273394493,481.81653620068664,382.9374492441458,6.796560617864776,3.3982006408542356,0.0,0.0,0.53029436111243,111.2925936571094,505.98448580192354,404.10443766238905,6.964385180013921,3.4820089353846644,0.0,0.0,0.4824659143892805,104.64904344628196,483.8631716907417,385.9312485135282,6.491001233336121,3.245431693335952,0.0,0.0,0.4463094046444972,109.9626811710061,501.90132194779113,400.5260894494244,7.0647353653107,3.532257029822773,0.0,0.0,0.4118128199408602,96.73626972303724,431.8419750306543,334.45560886840275,5.066622095294549,2.53332533391438,0.0,0.0,0.3280679126783272,86.85450418546884,448.842672306195,364.53191159935915,7.1791684924761245,3.589647840387848,0.0,0.0,0.3452600420172056,106.06518537611376,502.45508049607474,403.2511404788891
2024-12-04,DSWRF,surface,32.0,-124.75,6.792462190051818,3.3962348188850755,0.0,0.0,0.5314481945465351,111.7866939166042,506.5334099540878,404.5706599518808,6.977037638022946,3.4885194398703776,0.0,0.0,0.4888083339791846,105.9240624981079,493.1151652248555,393.6437092832562,6.6650648055793855,3.3325994492503925,0.0,0.0,0.4446307302041676,109.75816559289296,502.37341370856257,400.5640141869443,7.009321629815474,3.504433567034667,0.0,0.0,0.4111465503996652,97.210455325749,426.61120778298186,328.88918556611435,5.18706497595375,2.593526891910399,0.0,0.0,0.3618650991066083,102.65038998905156,492.4690269220416,394.5793677701239,6.964217875107995,3.4819387595247355,0.0,0.0,0.3303297757033826,109.32342293984962,513.6372499335428,413.09023315243326,7.7141231996741855,3.857064963423394,0.0,0.0,0.322147997392304,96.42487045198074,446.8672536576644,351.75982404369915
2024-12-05,DSWRF,surface,32.0,-124.75,6.9501490117218605,3.4751439963793342,0.0,0.0,0.4875741692353857,104.48628641048312,491.9383547347855,394.5130267971538,6.975497867135324,3.4878570110843232,0.0,0.0,0.4444849930329091,109.49462128112528,500.267880939601,398.73947945011616,6.986027805176945,3.492970802111456,0.0,0.0,0.4092707125866286,101.06838452917737,454.011824415516,354.17141778375264,5.432405924885673,2.716179657396826,0.0,0.0,0.3484340936346097,94.05293661283542,467.2817166035255,373.3703238857397,6.172443639549922,3.086011992653077,0.0,0.0,0.3320462222543115,105.340706382286,497.6226127748313,401.4000207994264,7.43326282422031,3.716347593224493,0.0,0.0,0.3271093835263555,104.3507060222775,484.7037558606087,379.4010890927016,5.886310201756637,2.9430992862639305,0.0,0.0,0.2413360505481674,91.48240630054832,465.6889071369748,373.7630098620735
2024-12-06,DSWRF,surface,32.0,-124.75,6.931783816324091,3.46577576464703,0.0,0.0,0.4418235966199125,109.57456054093944,500.9458115573858,399.9348248374015,7.0244247580168695,3.51209975243071,0.0,0.0,0.4082649534216771,103.8133887477876,469.9873243815997,369.5401598139477,5.796585056340679,2.8982173204742603,0.0,0.0,0.3722427076532476,83.42311251936299,417.8594111401475,337.4345193904585,6.284803242754978,3.1424130225935585,0.0,0.0,0.3339715896567861,107.03792396584905,505.850795728388,406.504729319284,7.393174226330619,3.696250708737216,0.0,0.0,0.330436507624655,107.423436812169,493.353285219543,387.06615520744344,6.133159252162644,3.0667611692659835,0.0,0.0,0.2424977038764582,77.53958501296452,427.4979849595488,348.79411715950755,7.300419393258851,3.65020026397504,0.0,0.0,0.2610190389795585,98.41078449274497,463.0989187872381,366.5887068499387
2024-12-07,DSWRF,surface,32.0,-124.75,6.904767099320257,3.4521691072015126,0.0,0.0,0.4067990758681692,100.8887190890297,448.16607449387584,350.7433466237145,5.281162425401155,2.640176511431017,0.0,0.0,0.3636075840595715,82.88531252579233,419.6368799250181,336.1199531783799,6.345697000783876,3.172869278083155,0.0,0.0,0.330871230042877,107.31625278116113,505.745440391914,405.9467577601066,7.240128832344919,3.6199464665480985,0.0,0.0,0.3331006150301154,107.06261799717248,486.24173714856335,381.78566297265616,6.610361247893659,3.3052949321159515,0.0,0.0,0.2606051363340945,85.62627419134856,444.34899302639366,355.83993388333397,6.648096258381861,3.324186995668248,0.0,0.0,0.2126036716173025,94.40643913127064,450.0148735664108,358.3790848245021,6.708826587097457,3.3544904736412544,0.0,0.0,0.2257947737806541,79.37394887172981,380.064681804339,302.39287765414457
2024-12-08,DSWRF,surface,32.0,-124.75,5.532190985549971,2.765967190825819,0.0,0.0,0.3659421011755673,85.83709646335933,437.4951320656168,352.9238952423038,6.81944135119808,3.409635065602173,0.0,0.0,0.3331122467748509,107.26603832445068,506.48717090344974,406.9470212536786,7.330910861603561,3.665452975424621,0.0,0.0,0.336044866423692,110.0119191494125,506.0076778196856,401.7624503941626,7.25213357922522,3.6263674804872617,0.0,0.0,0.2967888311516726,85.39413451485922,425.3710667983185,336.7807454010765,5.658710668802725,2.8291634506245096,0.0,0.0,0.2245086103654257,84.62430441644437,433.67157539444634,342.5688215982626,6.218272952893271,3.109244567146398,0.0,0.0,0.1570604392778585,74.44169939190358,385.8321508250805,310.54216747419935,6.8480568302690425,3.4241995019667515,0.0,0.0,0.2023911456036986,94.99804038297972,443.62047532470734,347.9969671356898
2024-12-09,DSWRF,surface,32.0,-124.75,6.8780687860582415,3.4389591027350104,0.0,0.0,0.3335741698825042,107.06605256522484,507.85939820583206,408.33348999169755,7.400797727552404,3.700630774930449,0.0,0.0,0.3339027034089908,109.08518593025325,500.402095075119,396.73975000770577,6.946999574813374,3.473400958360463,0.0,0.0,0.2406630220058752,68.534595164455,342.8044116575609,269.96407712409496,5.19144439819769,2.5956366615743307,0.0,0.0,0.2101398250898481,54.30148029318303,307.1777132380472,255.29076154032572,5.38343270746905,2.6920083249399527,0.0,0.0,0.191040310582615,89.825522554752,431.89755036419047,335.81115823904213,5.108338309336329,2.554135145667796,0.0,0.0,0.1889769292471896,55.64991931638308,307.15071219513624,257.9650096032901,6.18718930698097,3.0935650961277403,0.0,0.0,0.1861373853358087,94.4370359101485,465.2253185631839,372.21450174834655
2024-12-10,DSWRF,surface,32.0,-124.75,7.536816910245753,3.7686037229897105,0.0,0.0,0.33219832604641,108.5422603982102,502.7972082035481,399.0633630194138,6.910912995738589,3.4554742493457495,0.0,0.0,0.2246724985773847,70.63973089143792,382.4883120641447,307.63050266150015,5.970505923906977,2.985370025225207,0.0,0.0,0.2336413764817088,68.32176744330755,365.2950502194691,296.8784345918646,5.923359467517453,2.961877670595445,0.0,0.0,0.209548884848818,77.96431351384223,376.29080076847663,295.177450982512,5.013698815723592,2.5068050792517464,0.0,0.0,0.1935190214545979,58.638503886197654,285.18695823104065,232.46589077020704,4.630181011891993,2.315139242298779,0.0,0.0,0.1769900102682441,97.8448061852194,481.478734805851,387.7878741971468,7.544065413834975,3.772061369964325,0.0,0.0,0.1793383151946452,68.48072507345316,309.762138274397,242.95503355385108
2024-12-11,DSWRF,surface,32.0,-124.75,6.7975197405765995,3.3988137121527213,0.0,0.0,0.234793829382335,73.70570723022999,388.7718269491848,309.4826191402164,5.975214061106241,2.9877404927826494,0.0,0.0,0.2428887070219922,65.37703819232922,335.56258899327247,272.8533747938281,5.844685068787683,2.922180785103768,0.0,0.0,0.2032294345232802,87.59809033866989,396.100725377231,305.96214947172274,4.589578437132609,2.295095561067186,0.0,0.0,0.1774403830491978,54.82338908522848,283.7531151500224,230.22079188150633,4.865056768193855,2.432652354876404,0.0,0.0,0.1699525948519478,90.50225438506445,464.19871755014066,376.3574525628614,7.459940762072802,3.7300530071606346,0.0,0.0,0.1686144172976252,70.02115449687551,366.38671228244726,290.08059221202325,5.347544923651558,2.674022676275831,0.0,0.0,0.1541222095981486,92.26641924607928,469.9718299372606,380.1908479570906
2024-12-12,DSWRF,surface,32.0,-124.75,5.734730359179228,2.867336669727975,0.0,0.0,0.2291612731002983,67.90940612092881,327.4840323977222,262.41741844342505,5.04970965419519,2.5246791259827392,0.0,0.0,0.2158796576863818,74.84746495497062,352.6131104285149,275.3615836501498,4.392471375172364,2.1964018359090307,0.0,0.0,0.1804125975498227,53.11930128546744,278.72786624764507,221.98255980828552,4.416420876367535,2.2081095333442224,0.0,0.0,0.175477337272485,90.73123207032108,457.77832578458856,365.14882754912,6.906930147822243,3.453528955773334,0.0,0.0,0.1779905595485925,71.27118765562098,350.0935028108687,274.022998379758,4.950093767438246,2.4751221378417347,0.0,0.0,0.1562275467164464,89.99348106046179,466.228008527861,379.93245749333533,7.922240762240836,3.961057404873277,0.0,0.0,0.1458129174341481,97.53036957814894,486.49735883269693,391.6321598855866
2024-12-13,DSWRF,surface,32.0,-124.75,5.413119890452791,2.7068814517114625,0.0,0.0,0.2167827106484383,76.69219382442631,350.58089624051064,278.65513210622055,4.601292395847922,2.300585850251405,0.0,0.0,0.174279851998944,56.36655904772302,315.22633212835194,263.3083953811774,5.409027202700955,2.7044380278188695,0.0,0.0,0.1713631737647566,98.4880774752834,491.9312943159504,395.45612117024217,7.824630930606499,3.912357174409301,0.0,0.0,0.1746291541374225,72.61301509426448,365.1648026876471,286.4596356029838,5.298152442079685,2.648991169646739,0.0,0.0,0.1641481255088325,90.5002540774183,460.19353969010353,372.1309198051543,7.4524271027226945,3.726401725787461,0.0,0.0,0.1443243242451211,95.6804623078427,474.8885945139805,382.30260526859786,7.694574262377628,3.847562560013803,0.0,0.0,0.1353477504354164,89.87905274464575,456.9543616211254,369.1919524704288
2024-12-14,DSWRF,surface,32.0,-124.75,4.776418562171682,2.3883846365285923,0.0,0.0,0.1758960141086809,59.73590858710573,320.14578606205146,261.81362911418114,5.4300819665436775,2.715215925421362,0.0,0.0,0.1848915615021787,97.46958231988052,483.3229753526173,385.862697682478,7.0388598097834345,3.519673692734203,0.0,0.0,0.1617221060836265,66.9311314886042,317.25820671156663,251.15817537646933,5.008018929458836,2.503896567753852,0.0,0.0,0.1512050400828727,77.52997653671324,380.2629666137177,304.97600845032395,6.63635470873448,3.3182068822706423,0.0,0.0,0.1419200618694853,96.08590736774164,482.59004175933967,387.8327206033345,7.780743578375916,3.890303270807173,0.0,0.0,0.129444648919294,93.03985282047894,469.73642604746146,380.5185367986653,8.393830725553599,4.197008781868622,0.0,0.0,0.1192334540393696,91.0604082607982,458.06288404007626,364.5353481705041
2024-12-15,DSWRF,surface,32.0,-124.75,5.483500854148184,2.741644767592443,0.0,0.0,0.1876110606865984,98.6492097531338,479.9107875702223,383.00731645377414,6.956328507025583,3.478075315308953,0.0,0.0,0.1629228325657672,66.28598895902203,329.69426102296336,265.0668789122677,5.251341647383856,2.6258474492300103,0.0,0.0,0.1558150397758273,85.13960512960765,449.3031086793285,364.67429241760226,7.658561229092719,3.829334877778881,0.0,0.0,0.1445562210240286,93.95366775625595,466.03046360668486,372.2771319906605,7.246148254884327,3.623006854316456,0.0,0.0,0.1366431668606144,88.9819769790252,456.9667106785263,368.0474272338338,7.747417598892266,3.873973837981059,0.0,0.0,0.1157254212841328,85.80731681604726,445.4976298630368,355.08701326487574,7.046586713584451,3.52314658126542,0.0,0.0,0.1152443033316772,79.55711849612919,407.5573868268266,324.13860343435215
2024-12-16,DSWRF,surface,32.0,-124.75,6.789906613039424,3.395038960755894,0.0,0.0,0.1656637944864518,66.71211250628396,318.9216540427423,253.8313296905631,5.127484718492092,2.5639514885037844,0.0,0.0,0.1466862119151991,86.47990538991614,439.9564760058919,354.7208648387334,7.450687984754325,3.7254145746854026,0.0,0.0,0.1430355059855135,88.79254533315671,439.232860549003,352.3484953816144,7.255633737463015,3.628131070959919,0.0,0.0,0.1336161259690216,92.0046631271689,469.1981658975333,378.3792854309117,7.799434566602827,3.899803004319577,0.0,0.0,0.1241957191896761,90.37315018365196,445.712600108865,352.2759224804364,6.413527905427398,3.206831369150043,0.0,0.0,0.1158467578734947,75.11599728672573,377.66143938404025,297.1131554278778,5.572775273680034,2.7861730702269147,0.0,0.0,0.1015705821731961,67.01203817876845,337.66013149687285,262.28692248030893
2024-12-17,DSWRF,surface,32.0,-124.75,5.4337361255435175,2.7169624171624225,0.0,0.0,0.1484786178427475,87.8051054406188,453.0003531966391,364.0870953283925,7.430012907658869,3.714612428769482,0.0,0.0,0.1423219975445418,90.62846457324127,451.964738480413,362.45800105216705,7.4397806905034045,3.72028964727396,0.0,0.0,0.1349095461801695,87.58364311413706,447.8743016124897,360.4794950794492,7.687087671738597,3.8439029861030503,0.0,0.0,0.1224914786194441,87.7839384478848,445.3586824279831,352.0276857657341,6.80361631827354,3.4013658681646124,0.0,0.0,0.1112250575587167,73.09095682756703,368.25877877767255,288.98849326471577,5.425309619894984,2.7124387646963903,0.0,0.0,0.099146508860878,54.76312991935856,256.24076303000106,198.6638685817809,4.00540913393722,2.0027365699264448,0.0,0.0,0.0790388340558211,67.91275128550055,334.41627229871796,265.2886136819275
2024-12-18,DSWRF,surface,32.0,-124.75,7.454743695805806,3.7274808545182383,0.0,0.0,0.1431922486957927,90.3177193904331,447.2398605279149,358.53939706994345,7.313607919985584,3.656890455509752,0.0,0.0,0.1324338994199942,89.83191244452239,463.2429898185364,374.9330290009878,7.833919435483686,3.9168148334798865,0.0,0.0,0.123515614404543,87.43226127631422,427.8761125594118,336.87674574645797,6.73299590039379,3.366341892554124,0.0,0.0,0.1144397998825657,70.45576783413858,347.91586589565384,277.3479709077795,5.720665208701735,2.860408395956268,0.0,0.0,0.1006279737936921,60.196485100089475,313.17170593411385,252.5797962528804,5.7197155664674355,2.860150588725712,0.0,0.0,0.0917219310585704,70.4027473945435,379.24400673519153,307.38975328254736,7.148071371867673,3.5737238520114127,0.0,0.0,0.0880516470030338,71.35523342548518,372.8092492331494,308.58456069637117
2024-12-19,DSWRF,surface,32.0,-124.75,7.483993904580021,3.7417808731358857,0.0,0.0,0.1324787968358244,91.79631564246878,465.9495147219181,375.1235125175395,7.809767499573681,3.905009570072772,0.0,0.0,0.123834289060316,85.73259878093742,422.23135109689326,336.677900596713,7.213777995224156,3.6074132542096224,0.0,0.0,0.1121731939755708,68.85233697074995,338.8070995625808,273.3232712140739,6.140021073986235,3.0699883360104674,0.0,0.0,0.0990030579702787,55.365607206754355,296.3048160447261,239.6211391397007,5.364004598720961,2.6819617199002495,0.0,0.0,0.0911059283853277,76.82756982257968,398.1070692932834,318.4836073145106,7.033967592361568,3.5169094632085756,0.0,0.0,0.0900370143777024,57.679104677248674,322.0083952147888,275.8145837319567,8.51728092709725,4.258467208842308,0.0,0.0,0.0823970629609487,86.03527121201,426.0665456411536,329.8456329561861
2024-12-20,DSWRF,surface,32.0,-124.75,7.934907214724924,3.967609184865841,0.0,0.0,0.123378093276722,86.26707918712904,425.5830002041666,341.20940314107804,7.128737261855327,3.5644426889072,0.0,0.0,0.1128799054852806,71.29319196131465,347.4864493747375,276.99588238812964,5.7326226432799885,2.8665348587409563,0.0,0.0,0.1020484208033108,53.7658904517752,281.6698225984497,225.01147632667772,5.714645180604531,2.857130111413381,0.0,0.0,0.0945886464721902,76.1304085698522,372.4578382730877,289.2679478567022,5.676136787664358,2.838121494033554,0.0,0.0,0.0875454045694239,61.80301970719179,349.74103834453865,292.18394312408765,8.252990667048591,4.126554570541348,0.0,0.0,0.0822176848142988,87.63268719326581,442.966591336183,350.11593532120963,7.201117291184782,3.600573403191552,0.0,0.0,0.0690201907975845,50.02460078802952,231.94893303360843,178.31250909365735
2024-12-21,DSWRF,surface,32.0,-124.75,6.746701275861178,3.373354962878027,0.0,0.0,0.1154065998287548,69.5052370164883,352.21211710525023,279.5818998174575,5.160683014427542,2.5802911162214626,0.0,0.0,0.1005307320204071,58.41390457307421,303.458889052227,240.10849406160057,5.359636676153598,2.679943648390839,0.0,0.0,0.0909804183206124,74.56402981989785,398.0236387952975,317.4066072893301,6.45705306344624,3.2284169557346565,0.0,0.0,0.0867836191615416,62.43399800362711,346.6734343911454,290.4799466058296,8.039699738961948,4.019798158053484,0.0,0.0,0.0790832130184157,89.50299769356414,465.064798356398,372.6901891252571,7.800567464251131,3.9004827291966464,0.0,0.0,0.0715136143582404,49.4263855502919,306.2847819004993,262.2209450457413,7.075329677097428,3.537804811495091,0.0,0.0,0.0700446740880252,53.82347431670874,334.98086775507943,284.68529033616267
2024-12-22,DSWRF,surface,32.0,-124.75,5.3253214395085315,2.6625881973354852,0.0,0.0,0.1025322018941965,51.472126303895195,288.6355222295855,231.48778187946016,4.929554190759305,2.464602695359327,0.0,0.0,0.0888314563052831,70.8266112806034,381.7868845170833,297.11691041656934,5.723691723747087,2.8617184639577697,0.0,0.0,0.0852984815727896,55.37560272857214,317.53100603472114,269.52651307301164,8.21821963644063,4.1091405302421355,0.0,0.0,0.0819511972772215,89.65715170054092,455.24889694522926,361.7359140030019,7.482470431985309,3.741145961609317,0.0,0.0,0.0616959189791089,56.08428062217627,342.02034910915825,277.87069194608904,6.280488396916653,3.140172590722909,0.0,0.0,0.0679384790357846,50.637872507805746,276.54989437051074,225.25721795794868,5.68099109749436,2.8404007312952886,0.0,0.0,0.0672825907943487,58.52261913178293,311.82117595565126,253.1741698880984
2024-12-23,DSWRF,surface,32.0,-124.75,4.7614231391664426,2.3807311836991767,0.0,0.0,0.0915513588139014,72.60442518261783,377.9313686427003,296.4518791172494,5.919771160030712,2.959984082736015,0.0,0.0,0.0865705194486285,56.462508270388014,331.25585500083474,281.0680152980965,8.080075620408325,4.0398150094328065,0.0,0.0,0.0759376848575442,87.22777236532481,446.9333144091937,356.8649876913724,7.623677260461483,3.8118504904851616,0.0,0.0,0.0693433810399716,58.26252809939721,359.94828971055347,296.961568186713,6.7478898329732,3.373879558500677,0.0,0.0,0.0687071780208686,63.84016960340574,357.19865396449455,290.875508299324,6.455899178690589,3.2281327864213405,0.0,0.0,0.0685292212293281,67.5748052775399,364.9927699143949,298.90288926830715,8.226535501747055,4.113145832071501,0.0,0.0,0.0660643197443231,81.34705739904769,417.21064305906106,331.6738761427861
2024-12-24,DSWRF,surface,32.0,-124.75,5.88076547078872,2.9404154822380733,0.0,0.0,0.0855509235561731,52.84976504996499,321.2765675528909,271.887335636143,8.270348474543972,4.135400156802376,0.0,0.0,0.080413883828019,87.07225385894776,446.5498659369242,354.923155388679,7.557197030512709,3.778230764569556,0.0,0.0,0.0703668309912659,55.45908170496388,337.2437896641428,283.61828886860405,7.344593408004234,3.6723718141318287,0.0,0.0,0.0614803899082229,54.76717527155644,315.67628741785506,262.63958038065806,6.362309948630762,3.181260912469829,0.0,0.0,0.0673747569206228,56.490371038054676,303.23361464386795,246.92408873620667,7.255806902501255,3.627865847648323,0.0,0.0,0.0658026919962383,68.53466691088596,353.1254322775328,295.71977670305284,8.77319854855463,4.3866007197349575,0.0,0.0,0.0639441882455709,88.49086232729121,462.97619244670466,383.71393373653257
2024-12-25,DSWRF,surface,32.0,-124.75,8.230977453696834,4.115479220058098,0.0,0.0,0.0778403380606784,83.94811006353832,432.2677459819424,344.3729417619285,7.23328683069349,3.616690845549301,0.0,0.0,0.0735379044216113,53.55314846214067,336.64880567528115,285.8393491297822,7.350843292994147,3.675248604133523,0.0,0.0,0.0685323490971281,55.93219317392452,338.3748438222058,277.54390402366226,6.04408512765493,3.022190094494589,0.0,0.0,0.0660103999018907,61.37006765688111,331.1710852599166,272.2498702157668,8.559262336211468,4.279961666341183,0.0,0.0,0.0666855572500364,74.5545999995074,395.6662679987566,333.17646052810244,10.092565263300433,5.0463208923265075,0.0,0.0,0.0642972352509688,89.24794263856855,470.3455249744747,387.3786872090034,11.12592793797956,5.5628007458368725,0.0,0.0,0.0627272163281436,88.02957431240728,467.261123969382,382.903515710339
2024-12-26,DSWRF,surface,32.0,-124.75,6.505544200851829,3.2529607851222124,0.0,0.0,0.0721089768361979,59.214263420543624,349.7687797997454,282.5428696893148,6.648230534538223,3.3244445599618717,0.0,0.0,0.0681191825773788,57.8607853098683,359.1880082722438,295.1407483502624,6.641906081115172,3.3209472705986265,0.0,0.0,0.0635606880974523,58.57138324873258,321.999970540625,264.3250751224989,8.00221332520481,4.001116173920217,0.0,0.0,0.0662673547188185,75.28100929142146,386.44032714568345,320.48171796915557,9.544066566707832,4.7722891148296505,0.0,0.0,0.0635832003153499,90.3087023297041,481.106330613572,395.7857890607815,11.203536989877447,5.601659939114905,0.0,0.0,0.062485578799595,86.81966567753062,467.22949476159897,385.29077801354634,11.167815280093455,5.5841361916804795,0.0,0.0,0.059460576896721,88.77241826645817,459.7524821997592,375.9128979899002
2024-12-27,DSWRF,surface,32.0,-124.75,6.225979065446027,3.1131110255292396,0.0,0.0,0.0629704228370431,58.46889686071735,344.69795386615823,286.5866107771943,7.1455952389587845,3.5725585332750787,0.0,0.0,0.0673616546032783,58.56868481537093,314.3923782607401,257.6059441152426,7.9723088966559725,3.986149445462507,0.0,0.0,0.0658673713041019,77.32417383267857,381.3806564371656,317.0733573415705,9.311463628559864,4.655631325411986,0.0,0.0,0.0639786680336633,92.76481605112272,491.8690687134503,405.8125105533677,11.361611824169133,5.680994973726414,0.0,0.0,0.060393072328492,84.13140052037429,459.8542286631851,376.9073646056743,10.902240871262906,5.4512179254942055,0.0,0.0,0.0601520916737318,85.29870562338651,453.9085739121701,373.9197316776298,11.038238843036291,5.518870597679348,0.0,0.0,0.0583030391532545,82.32936754210395,462.6070784595831,385.86922391194105
2024-12-28,DSWRF,surface,32.0,-124.75,6.995799165041204,3.497684716710589,0.0,0.0,0.0648231270831771,55.542071766348656,302.1149327312043,247.5553406156638,7.818681034414985,3.9096444623547497,0.0,0.0,0.0668456630883973,76.37485223572043,386.9212886374271,321.88137286433147,9.586402260903675,4.793178505216337,0.0,0.0,0.063685344856575,91.3589311743981,473.6658723641856,386.03932449849515,10.485265588216786,5.242584649692688,0.0,0.0,0.0598201464074081,83.35668359750929,456.9931413674758,376.76228377751784,11.114026865262437,5.557273110823532,0.0,0.0,0.0549865932242077,70.29271106627178,381.0743186055521,315.7286719024032,10.556081091370004,5.278224726366511,0.0,0.0,0.0576719980298584,83.1275054284124,446.46300050470666,365.329805501201,11.368299440047972,5.684148271719333,0.0,0.0,0.0565042168166622,82.70024791133068,428.2251585878848,344.54218867661723
2024-12-29,DSWRF,surface,32.0,-124.75,7.783542509688633,3.891628470432979,0.0,0.0,0.0656318571449289,73.7135027582215,376.9357603970723,311.27924574437696,9.059877972281855,4.530093753797034,0.0,0.0,0.0636652955202726,91.28673462695258,480.3339755175661,395.1885473805297,10.60941537289768,5.304752758408833,0.0,0.0,0.0576012702752178,81.71409684574492,444.1796865918292,365.26014820009414,10.565582860868531,5.28301270195513,0.0,0.0,0.058073621601606,73.06948194693942,392.89252638596554,322.2519883574644,10.110651070327688,5.055431246212226,0.0,0.0,0.055159470767491,79.39464745416933,442.6778228596448,369.3045102213871,11.579888411405564,5.790146237035226,0.0,0.0,0.054751195052595,72.3974394780459,410.1079126438848,339.69766711834546,11.511996873350332,5.755622538200722,0.0,0.0,0.0532495815415855,76.3461178016668,422.4366567938969,357.9400279858905
2024-12-30,DSWRF,surface,32.0,-124.75,9.50829060867001,4.754187656222641,0.0,0.0,0.0637580403505286,87.33876141447723,475.008470732779,390.6111044878394,10.453228922219957,5.226901517331125,0.0,0.0,0.0600204833192469,84.1238853288254,455.9437837574948,372.72723255983345,10.97990485477814,5.490060554667473,0.0,0.0,0.0587793224046586,81.7748401661048,410.5023713871364,328.53405447095236,9.200919665724635,4.6002782890362734,0.0,0.0,0.0559619133708514,79.10386672849157,420.8614553494179,344.73840136308934,9.711963507445684,4.855743157418283,0.0,0.0,0.0531944336502607,61.24280058478504,333.2068219003229,279.27935872030423,9.769842680804018,4.885125498824872,0.0,0.0,0.0529438664868037,77.08344979400093,429.35229224166966,359.47523451993754,12.18631756762369,6.093126848936768,0.0,0.0,0.0537635282214082,73.35780936734749,394.555893774575,321.9709606742348
2024-12-31,DSWRF,surface,32.0,-124.75,10.296630493327676,5.1483350724357955,0.0,0.0,0.061050173237854,85.12419106961778,448.3496004229653,363.209909469051,10.218794750703864,5.109524592819749,0.0,0.0,0.056911385163458,74.4574326119403,387.56840124770514,315.78275282138827,9.165405226189376,4.582682976114535,0.0,0.0,0.0561794264774616,76.38265183537376,426.9266393054816,356.001779688724,10.801772970313158,5.400611766583262,0.0,0.0,0.0523792866984158,57.52043193566064,317.082854340862,262.99809918783933,9.269721068699956,4.635138976703565,0.0,0.0,0.0522261741522003,74.41666330171859,417.73380135639906,346.39424637043714,11.09044006665452,5.545519671794976,0.0,0.0,0.0540219035817575,82.61977204257184,444.38183260016893,364.5086947558708,12.442621345433672,6.221330038744101,0.0,0.0,0.0518505805329158,77.36696510800132,416.4826441701051,348.59682308602095
2025-01-01,DSWRF,surface,32.0,-124.75,10.0680352782565,5.034144100746966,0.0,0.0,0.0580410065228187,75.27578583279049,381.5367225934724,313.08811463325895,9.774891535797996,4.8875599763840025,0.0,0.0,0.0576340892306951,78.62867374463693,431.669426165948,357.1053475472889,10.666861608159186,5.333470719249319,0.0,0.0,0.0536663943496427,58.26778811753812,311.1322410542405,250.61197395486775,7.959687339396265,3.9799455362062446,0.0,0.0,0.0535207533478325,71.06316952521769,386.64005212662585,321.35847061318844,10.671329603968555,5.3359066252845935,0.0,0.0,0.0533590525434715,82.10028401717713,458.0798130675955,382.80695694459655,13.373232211115086,6.686936437494281,0.0,0.0,0.0517679218191374,81.25098025161898,465.5988072471986,392.4828854327062,14.149985777285863,7.074975662319662,0.0,0.0,0.0535624058303768,96.85020742120042,511.86106918428936,424.9678676510019
2025-01-02,DSWRF,surface,32.0,-124.75,9.63143448864686,4.8159318572468575,0.0,0.0,0.0573047859710145,78.36435514688111,426.3868679829128,349.3074663161368,10.249302447991427,5.124693058311534,0.0,0.0,0.0508070301342101,59.9215061248133,335.94974490348704,280.44729186604206,10.118245392631934,5.059179759398555,0.0,0.0,0.0548077847563096,83.0722342729828,445.6037716006608,365.3472836748735,11.44820032701723,5.723952054126189,0.0,0.0,0.0512799390445819,83.91027168037414,457.68305953599554,377.8918433620373,12.581733176416334,6.290715211683542,0.0,0.0,0.0512909612288037,81.34387698931802,451.12431701604623,373.83440963342946,12.239926926113055,6.1200495780698105,0.0,0.0,0.0517329894674152,86.17913826865858,468.0142648688802,388.7927756647192,13.26824686713778,6.634371286024652,0.0,0.0,0.0545640152639928,92.01553373426404,502.943872284234,424.24447129700576
2025-01-03,DSWRF,surface,32.0,-124.75,10.049900743414668,5.025199052635313,0.0,0.0,0.0509210166690102,58.46005213708853,331.1320654734296,277.53340963003706,9.906197439710777,4.953294339174468,0.0,0.0,0.0542555595124474,82.31255131441651,451.34313008176787,369.7163643909182,11.1683791397325,5.58439497979158,0.0,0.0,0.0543107108251918,80.80387377362834,436.72552579302175,358.04677332621316,12.435025486651035,6.217576829119126,0.0,0.0,0.0514197319353283,72.19434520904231,385.5766324962957,321.73746035279675,11.038918271024407,5.5193531186597315,0.0,0.0,0.0482285085511105,81.42418543523476,466.1859603137299,395.94234183321896,15.59157164298243,7.795846102133773,0.0,0.0,0.0456197462638218,87.18798854736774,474.3707732353248,399.1643105802081,15.768787583684396,7.884199322503376,0.0,0.0,0.0527170875375516,97.56100180097486,520.1558819626565,438.4637838328731
2025-01-04,DSWRF,surface,32.0,-124.75,10.532452400931168,5.266224483020364,0.0,0.0,0.0542718448433964,81.12683751939662,447.92209470788544,365.51476240346904,10.945997233615712,5.473249969481323,0.0,0.0,0.0529839109456729,80.51128439081563,451.2431485908579,376.6256890246056,12.975190656420107,6.487510663400776,0.0,0.0,0.0509237912371372,81.85287234659745,443.41970826940417,369.39299097237927,12.761897507503887,6.380978401298533,0.0,0.0,0.0516340229071493,83.49314699657742,464.3787403532651,394.3550782550659,15.358067491831063,7.678975302701979,0.0,0.0,0.0483545964464485,84.83131919358794,468.5527868262892,397.1501812771844,15.764898317758336,7.882600252867574,0.0,0.0,0.0530017821184528,96.83448492833266,514.5596565329575,433.55696592034985,17.23832057712869,8.619241000722406,0.0,0.0,0.0558092699789124,95.23301187292516,507.0557411973065,424.29960626367154
2025-01-05,DSWRF,surface,32.0,-124.75,11.183061801156365,5.591422172726402,0.0,0.0,0.0528275790796798,84.22520248621112,458.9861629530516,379.90883913264895,12.917468985813075,6.458661531680548,0.0,0.0,0.0510629499577242,81.45650601846599,446.29348473302815,369.8096904690982,12.629421497923762,6.314781016113702,0.0,0.0,0.0497021491700018,85.39355840686895,468.8265511961106,391.6516388503013,14.140155482782497,7.070099071183453,0.0,0.0,0.0476947936701484,83.89334326077042,470.89158579543823,400.1602232837676,16.27967876251621,8.13998013207172,0.0,0.0,0.0533555335486451,96.43853380254184,517.6053747000719,436.4445431682019,17.193024365804344,8.59645423800043,0.0,0.0,0.0556714964534568,91.4922309804512,482.14840381975586,406.5201754910602,16.525270247688546,8.262409506135938,0.0,0.0,0.056047068351758,97.83412294769984,525.6010305707632,445.5860264114
2025-01-06,DSWRF,surface,32.0,-124.75,12.644285875267451,6.322104105674204,0.0,0.0,0.0514889837294652,79.09416240524155,429.89579542977583,357.9986343765398,12.903305619585224,6.451767250027124,0.0,0.0,0.0489977216981526,89.07532002660407,484.92892058945733,402.1859822047111,13.955335990064205,6.977647735853878,0.0,0.0,0.0508697328433437,84.85952786733,486.08042821715617,416.9914816261947,16.853712644328468,8.426942518402289,0.0,0.0,0.0539584916198452,96.60418764162016,516.9036988195917,435.78413243872785,17.407429571844645,8.703760145326873,0.0,0.0,0.0553861875894184,89.88468192229556,466.80396219090886,391.83454422614096,16.789907510790535,8.39467898702458,0.0,0.0,0.0560261688127412,97.6979241361603,523.5560228246338,443.3191047137909,19.18563847326141,9.592685735733903,0.0,0.0,0.0598714154342923,99.09515528324523,528.5186693763638,446.13549716918453
2025-01-07,DSWRF,surface,32.0,-124.75,12.211955740575826,6.105880561545328,0.0,0.0,0.0490347241003122,86.58667442015948,486.3158631261906,406.22269483691576,14.322885991585911,7.161248081521993,0.0,0.0,0.049842109582021,79.50963269681625,459.83940527478495,394.34493653679647,16.340755335428938,8.170487063322053,0.0,0.0,0.0544324636545324,97.30857957465176,518.6885843598036,437.0259513034834,17.353599935799075,8.676889356653943,0.0,0.0,0.055664246838583,93.5347799755776,497.09926353888386,414.8348500099952,16.721527199607237,8.360551931177481,0.0,0.0,0.0558982345901605,95.34639324507545,518.9228538893115,440.5317088644123,19.141541537112097,9.570828929270132,0.0,0.0,0.0596489213432971,97.3900889008086,524.2528066584557,445.8665714207434,19.519734097735412,9.759583280203064,0.0,0.0,0.061717220957681,94.8631532507804,519.5602979830411,442.9921992024854
2025-01-08,DSWRF,surface,32.0,-124.75,13.879918477041493,6.939943808674956,0.0,0.0,0.0489160441196811,80.92573130079867,461.6589760385141,394.35807432974485,16.376466656747958,8.188220518007112,0.0,0.0,0.0540091179606307,97.35493029222154,519.914947175366,438.80428777448856,17.602621229796384,8.801103644367181,0.0,0.0,0.0561639852274715,96.31845198031954,510.1373315588394,427.4427196669902,17.153393482702167,8.577058853878338,0.0,0.0,0.0565480742967741,96.18121536111953,520.9785604082768,441.59436447126194,19.106220708872435,9.553240596359146,0.0,0.0,0.0596240288307809,97.34614565250574,518.1891237982431,436.6657729553734,19.39286190929281,9.696379952937708,0.0,0.0,0.0596557510833179,97.76113824752552,522.1077331033223,442.7983878420818,20.4223849499807,10.211465097201906,0.0,0.0,0.0614268756103624,100.98716310621909,538.9825158674555,458.75058918399907
2025-01-09,DSWRF,surface,32.0,-124.75,16.778613133776187,8.38891234614546,0.0,0.0,0.054700461947757,97.81040897352204,520.9145085268241,439.44035946769213,17.643089987076955,8.821558136404585,0.0,0.0,0.0557016153762044,94.48320841634364,500.19698250589624,417.2988205881931,16.64367096465146,8.322145081764154,0.0,0.0,0.056119317019324,96.79953522429332,523.3259989167091,443.9907422566388,19.242200158847886,9.620786951469729,0.0,0.0,0.0599536181326837,97.0561073640502,522.5775454671077,442.570116935097,19.132558047679204,9.566189931632708,0.0,0.0,0.0598721889038777,89.87539078316814,503.2730606360906,428.0074100395557,19.961226521169586,9.980781418573695,0.0,0.0,0.0569690793852703,98.12909341511342,530.5110250558525,452.0100184128654,21.5890570290639,10.79465174689264,0.0,0.0,0.0611660097151819,99.04487651842732,524.47985390534,442.4304637764114
2025-01-10,DSWRF,surface,32.0,-124.75,17.641973481547915,8.820833801072668,0.0,0.0,0.0558685745363424,94.59383136411992,497.18311643661326,415.27332113953565,16.94649700790974,8.473143678061296,0.0,0.0,0.056234398503556,97.36906575854825,524.148086112464,444.5008254586327,19.287166352949452,9.64356549131278,0.0,0.0,0.0596230305185078,98.18958801822416,523.6987686705895,442.3313618725559,19.440640580322423,9.720389967009885,0.0,0.0,0.0608195442957148,92.83172936630892,502.4750487284902,422.997873130527,18.316800347291817,9.158482779540106,0.0,0.0,0.0632262885821943,101.07816871700513,540.1073501428423,459.757852554199,21.79735662706075,10.898829883805412,0.0,0.0,0.0672099286324439,102.2340403669861,542.1876558018046,462.5807483592365,22.744590931719294,11.37220224530753,0.0,0.0,0.0691119575282674,96.25027920536796,512.7651895038555,435.1617297314316
2025-01-11,DSWRF,surface,32.0,-124.75,16.86758338805018,8.433752083101947,0.0,0.0,0.0566941080281067,97.47722397937046,523.048478691693,443.7585465542099,19.31169179579647,9.655750070734932,0.0,0.0,0.059944596655888,98.72427320951896,527.4812496956988,445.44723726541986,19.61840827967345,9.809422573728568,0.0,0.0,0.0606425847367557,97.6593929287203,523.2833793387958,443.556199416631,19.87461300711245,9.937272591246252,0.0,0.0,0.0634586321696531,99.78037176858722,531.0335426928814,451.05323007373346,21.040926371886556,10.52024188390076,0.0,0.0,0.0667484927567772,102.03334177451322,540.6682269778249,461.091395725112,22.654897827204692,11.3276238778814,0.0,0.0,0.0700082024128664,101.86672548660351,539.8470784147913,460.8786359038887,23.048639906985436,11.524309609376868,0.0,0.0,0.0747900116726952,101.38985899604766,536.8047986259357,459.6520880539849
2025-01-12,DSWRF,surface,32.0,-124.75,19.34074476071052,9.670443827156369,0.0,0.0,0.0595771958776455,98.72439396699052,525.435612609696,444.10034720800934,19.56392410488816,9.782089619773227,0.0,0.0,0.0604760059854407,97.73063806979636,516.5217171196748,435.8358836029822,19.676859439331928,9.83854684099119,0.0,0.0,0.0626442783622438,100.03359366918497,532.5708098365959,452.31255425985455,21.136422531278583,10.567996150604472,0.0,0.0,0.0660058140259293,101.88468860682173,540.1263635574252,460.6325778953539,22.56620155390837,11.283111601692314,0.0,0.0,0.0694795439931291,100.91864209425457,532.9692752324316,454.11982020857647,21.990419178594617,10.995398575171096,0.0,0.0,0.0739136190769098,101.31129907694913,534.1141668580533,454.4949002900723,22.24196388844087,11.121202556921055,0.0,0.0,0.0799704355105575,89.38556629674086,470.8918091867692,400.7685795216595
2025-01-13,DSWRF,surface,32.0,-124.75,19.456805286255857,9.728305411621502,0.0,0.0,0.0606536127544496,94.75693069297216,509.63877645987486,437.2233198955648,20.4862760835916,10.243644427629633,0.0,0.0,0.0628628806972005,99.60937787136643,528.4080462042704,446.9272989639818,20.735383724535485,10.36752749848312,0.0,0.0,0.066320331256663,100.29817024026704,533.2096126729118,454.54576656162226,22.13044099104375,11.065207542196395,0.0,0.0,0.0720919194661779,101.3549241564504,538.3842314401013,459.0582037360476,22.64440855647328,11.322205840671472,0.0,0.0,0.0737164043393186,90.72556369262726,496.2509944096764,423.8592553793886,20.632580297113176,10.316084888269051,0.0,0.0,0.0765362273670262,94.8918687191671,519.4679455402435,444.0584025618357,22.116606591148397,11.058369527759352,0.0,0.0,0.0878760371368549,96.61623242331028,523.9826094469055,454.0241337815562
2025-01-14,DSWRF,surface,32.0,-124.75,20.275142967379352,10.137893088781691,0.0,0.0,0.0633549172534554,100.14110559628963,532.5037792589806,452.82949474401136,21.373769149742017,10.686876726499497,0.0,0.0,0.0674541509527061,100.79066553957686,535.7008585223691,456.7935258032047,22.23783513784689,11.118873321575569,0.0,0.0,0.0700356997860228,101.84949432011116,539.1637812448205,459.2715542662719,22.65375496426283,11.327104036367135,0.0,0.0,0.072336203681208,98.6171326107449,514.3207944047637,434.2821780823756,19.73105948819461,9.865512191519084,0.0,0.0,0.0775835580226524,87.05331396901471,487.2604683898211,416.92526760677504,21.53700851891672,10.76839323947346,0.0,0.0,0.0852882912448477,99.54096038215935,534.6648760555336,456.97338566472774,24.270922224067903,12.134957117307986,0.0,0.0,0.092464630057976,105.30747488420396,551.6727538137463,472.5304312015036
2025-01-15,DSWRF,surface,32.0,-124.75,21.23641186477655,10.6183502949024,0.0,0.0,0.0673143808633513,100.38008262346516,533.6398886187471,455.05796183177506,22.191262002265063,11.095719446468507,0.0,0.0,0.0701905592148299,101.63979422992928,538.9782399266351,459.7006188290469,22.919467732929565,11.459566576700396,0.0,0.0,0.0731421525679914,100.7902881718033,535.0604102047661,454.4726026544903,21.854104631145105,10.927664320684189,0.0,0.0,0.0773474005738608,92.27825230064988,502.9336353709055,431.9434379175,21.362682151993052,10.681691136099582,0.0,0.0,0.0857550068770971,93.1107616226035,492.7324662833355,422.2185548162,21.845789193272807,10.922839405405863,0.0,0.0,0.0886912429351854,92.80311027843156,517.6208838305199,445.05689402864385,24.618746236495216,12.309362390514575,0.0,0.0,0.0993243717687093,92.88938130225328,519.0073503999101,453.2873766734283
2025-01-16,DSWRF,surface,32.0,-124.75,22.16173382910797,11.08105124299878,0.0,0.0,0.0692842498813471,101.43234086531696,536.5340252120757,456.57365817584525,22.71641968358003,11.358148877940389,0.0,0.0,0.0725625601967719,100.7350629761478,534.9485491028883,456.15247866486015,22.858475636011235,11.429196779837294,0.0,0.0,0.0781793123274721,97.22039307134824,520.5768002185852,445.3020328414973,23.14184835411193,11.570849527865754,0.0,0.0,0.08516645644581,99.39850673078004,527.7223305341143,450.07051676520155,23.16083233741579,11.580445069410557,0.0,0.0,0.0925998304355494,94.85297454111874,504.05992687244,430.7820171626768,22.950729209674225,11.475871277548658,0.0,0.0,0.1000293225832132,98.69269100749857,528.0854470857639,455.0830736702337,27.04836495588567,13.523779253370597,0.0,0.0,0.1091016303157243,105.00335297765912,550.267772634837,473.0746820517627
2025-01-17,DSWRF,surface,32.0,-124.75,22.472206033253705,11.23585462009424,0.0,0.0,0.0713577863190385,100.10308668571778,530.4900075227547,449.7840111070367,22.126541148600353,11.063416570364392,0.0,0.0,0.0781443462429961,98.63745868571434,526.5766959139589,449.471133659521,23.22407965752364,11.611580417013384,0.0,0.0,0.0852097225252818,101.0162314384332,535.7758524734106,458.8589649659418,24.41512890525765,12.207532471106004,0.0,0.0,0.0918030389894388,102.5217549389192,525.0501839821001,442.9753096122149,21.71136596712161,10.85545786373339,0.0,0.0,0.0885382706744035,73.80364402704504,441.1858161818561,388.3483350386157,24.83975181696123,12.41950966409604,0.0,0.0,0.1107706973185116,107.32102566807518,562.0063078167564,484.3879721952803,28.871885321303928,14.435893527673576,0.0,0.0,0.1187545759256031,104.84862076080653,549.2766745828171,472.34035670472446
2025-01-18,DSWRF,surface,32.0,-124.75,21.589859646882125,10.79497307436151,0.0,0.0,0.0790722906692472,99.1685627221683,530.0441185041931,450.4001828665852,23.107614727401646,11.55395018631316,0.0,0.0,0.0853624250414391,97.38915881731496,527.1107892505158,453.0193140585592,24.074811336269377,12.037426033627677,0.0,0.0,0.0889658946812327,99.63247558141872,542.1034235372482,469.7150470146562,26.847697780636643,13.423853171839593,0.0,0.0,0.1062942946869005,105.70466840991747,545.4187727207222,465.2927175603444,25.392875634519136,12.696350808009871,0.0,0.0,0.1062435493162918,106.01999941599442,563.352660074881,483.9695283754626,28.364726662137237,14.182483504702253,0.0,0.0,0.1141016995168419,103.4180572136234,547.0806727492175,468.95592621664616,28.37218303140651,14.18602210585716,0.0,0.0,0.1305037691380028,109.1107944401838,565.3441837542308,486.0319710192481
2025-01-19,DSWRF,surface,32.0,-124.75,21.59776551355177,10.79868318899594,0.0,0.0,0.0863713953331833,98.11566950220876,526.8616048959129,454.0265708719568,24.046624313985532,12.023417657319818,0.0,0.0,0.0906500206143594,103.94717516692222,557.7514072091107,481.7063595135946,27.854548853041617,13.927198103153106,0.0,0.0,0.108022681915503,101.97859623838652,536.4127567545014,451.8252768934914,21.90622664127479,10.952944285729227,0.0,0.0,0.1003301480186837,93.75169135108656,516.0319068929306,442.8599303276632,25.56977913072354,12.784771292197131,0.0,0.0,0.1192260264633512,106.81764251327444,555.9869872780208,476.13632629596754,28.12909222518468,14.06465870590429,0.0,0.0,0.1318898965625239,93.8951869054168,490.6715319867004,420.47767916755595,26.071939165759925,13.03614523148885,0.0,0.0,0.1119821048724234,81.8634788261362,454.8354726981004,393.12896505868207
2025-01-20,DSWRF,surface,32.0,-124.75,21.61686807004859,10.808415003459183,0.0,0.0,0.0924262743602132,104.29852352477698,559.0134815728593,482.0503103408117,27.43250398260662,13.716236018234971,0.0,0.0,0.1074180676958667,98.25040555798222,507.434160692535,423.440717297369,20.089691651499543,10.044932068421982,0.0,0.0,0.104742393622827,93.5754017331005,506.68734105340866,433.5587868755475,24.29771584459483,12.148886660867262,0.0,0.0,0.1194017520314771,105.77742039737012,558.0412675644184,482.1937943455304,29.611873177533685,14.80591003445408,0.0,0.0,0.1328159875473946,94.38381558792432,508.2833902332735,433.1017274356499,25.058270682386883,12.528821844573187,0.0,0.0,0.1066330279494562,77.18544529864214,433.29899498259033,374.9040018260534,24.514667987770007,12.25730168826119,0.0,0.0,0.1295155848619493,90.44927797105548,487.776187587232,418.17620173479895
2025-01-21,DSWRF,surface,32.0,-124.75,26.40960931784876,13.205038084465135,0.0,0.0,0.106948254375966,105.91324347342712,550.6380414927053,463.4901645266733,23.094056352910503,11.546670562643406,0.0,0.0,0.1022040118287985,96.0392140523462,517.9922879017852,445.53107112868815,25.485270518799933,12.742521055269789,0.0,0.0,0.1220867567367282,108.2728532163271,564.1590188542732,486.44876007122593,29.637828564768192,14.819069265610542,0.0,0.0,0.1326655662798814,95.3556101258278,499.633398136859,423.7777162051843,25.425966833835577,12.712680254561336,0.0,0.0,0.1027731378559483,65.37289978066718,383.2454913133014,336.70291631481325,24.65180908860899,12.32595560382262,0.0,0.0,0.1110512045922232,93.3270477558233,516.312997674856,449.1132193991823,31.12982975529984,15.564876943057875,0.0,0.0,0.1649221549420894,111.91595611827547,576.7470251014665,500.22083379852074
2025-01-22,DSWRF,surface,32.0,-124.75,23.619113273241908,11.809786583048348,0.0,0.0,0.1046289001118885,98.09088938439716,531.1883813620345,457.042810082148,26.298987475033503,13.149666110988086,0.0,0.0,0.1236690781050772,108.35492286173266,563.4489936144364,486.43816421951544,29.9566648950902,14.978476678300373,0.0,0.0,0.1328921790546712,93.15338606687132,494.3729768981858,422.2525904291148,25.07777765339872,12.5385916099758,0.0,0.0,0.0917372979000466,60.85950226740933,357.8509489804299,315.40371019149086,22.60383704429097,11.301726489776236,0.0,0.0,0.0964892499738236,84.48265623017966,468.96756418502935,411.2038403249485,30.30686428646071,15.15349055157172,0.0,0.0,0.1400569402631631,108.11444559451432,563.7245882933494,489.7121757392543,34.54107808220368,17.270791647144783,0.0,0.0,0.1681231049441933,112.16564306093215,578.5231359919208,502.5720097414971
2025-01-23,DSWRF,surface,32.0,-124.75,27.10703815811944,13.55345969399658,0.0,0.0,0.1240719557419537,108.81840808918416,564.3204085813326,486.14596149431674,29.545943113121275,14.77326458804405,0.0,0.0,0.1313058406460296,94.29572490414353,502.8575761262246,424.43419209827823,24.835553201410512,12.417940959378036,0.0,0.0,0.1037576165403186,77.03888828116627,420.527311041106,359.8481704637172,23.34957922458143,11.674933422881498,0.0,0.0,0.1277745125197957,81.98475615455979,449.5886530242164,393.6839008471551,28.13927202977369,14.069622724002766,0.0,0.0,0.1308255847902582,97.386299125026,524.6662956516678,456.6231224629637,33.156171797888945,16.577788081573388,0.0,0.0,0.1792219307828905,113.17056126208632,579.3558748742016,503.2102827409286,35.84107389565041,17.920504809767287,0.0,0.0,0.2064777441629472,113.7499847071804,579.3682471376469,506.65124175153744
2025-01-24,DSWRF,surface,32.0,-124.75,29.994515032656548,14.997430724573825,0.0,0.0,0.1340141723186028,99.1009277426285,525.3808476066852,443.4952046265024,25.97317766946688,12.98629017477126,0.0,0.0,0.1219529996161807,73.62097332249957,405.1506250689524,351.14161234762093,22.92512632977455,11.462126052368124,0.0,0.0,0.1407171739914,84.91908863923584,458.7196514336919,396.519255452357,26.91226824439025,13.456004446930828,0.0,0.0,0.1176264204022807,96.30373735299416,522.136364499583,454.7187651781786,32.910804462891086,16.455272147155718,0.0,0.0,0.1782380680917326,113.11307552084745,579.7245569923577,502.21157845464234,35.58925391803745,17.794468510920055,0.0,0.0,0.1957814944533926,115.28560893584807,586.27255316217,510.77533601192994,37.79483572387392,18.897638923503727,0.0,0.0,0.2270398678513292,104.72695406148937,510.8557863575357,435.0162499227369
2025-01-25,DSWRF,surface,32.0,-124.75,25.945256444612937,12.972606536040848,0.0,0.0,0.1201900762041474,73.27230618196006,403.5518813895101,347.41345897727797,22.966168718168937,11.4830619884415,0.0,0.0,0.1397835296484901,79.77654922255135,438.2299710386309,381.2987250233052,25.610171013887417,12.805013121857597,0.0,0.0,0.1264483307184526,94.96823559828422,510.2922513528887,445.0347044761989,31.804616803866832,15.902296351864402,0.0,0.0,0.1725609475308136,111.02741109933888,570.7750252736314,492.1208415954651,34.86793025256807,17.434055461472685,0.0,0.0,0.19716986548769,112.13657650126056,568.6406986409418,489.066251577738,35.65363006264926,17.826577520302912,0.0,0.0,0.2287278332720095,113.25495200362964,565.4824509531535,482.5812416190216,30.641641255195257,15.320915801469727,0.0,0.0,0.2498025779802858,78.29753055430498,424.0623029503299,367.35458555051247
2025-01-26,DSWRF,surface,32.0,-124.75,22.77636139777808,11.388003295347367,0.0,0.0,0.1407758347569449,83.66422340157851,464.0815343374401,403.7387337035518,28.14357152129623,14.071616895647171,0.0,0.0,0.1381241769174744,100.39987798321806,532.0007346018579,462.52649892761406,33.20351634675872,16.601815216049985,0.0,0.0,0.1771280467115032,111.02901847830692,572.5611153345026,495.659332259289,35.34577324425648,17.67299594591657,0.0,0.0,0.1799504984073945,103.2327285807322,520.3881885470903,454.31301197063976,31.27490425650241,15.637139126475333,0.0,0.0,0.2314935220400959,105.81029608557192,539.7024129603025,469.27534032660594,33.93436015934657,16.967008124294445,0.0,0.0,0.26625563429284,107.25523430505515,544.1474166305863,462.1142939659928,30.28709834101791,15.143205129900192,0.0,0.0,0.286644879092341,92.5320312459146,476.3308131673062,418.281470226672
2025-01-27,DSWRF,surface,32.0,-124.75,28.37783872968686,14.188888629143433,0.0,0.0,0.1333786021400739,100.69394996376477,538.4660560198593,468.5001100635484,33.298353270061256,16.648964216318834,0.0,0.0,0.1748440748652484,110.26577065637215,570.3234005821557,494.1688146167207,35.25565123206895,17.627890122797506,0.0,0.0,0.1784500710331419,101.9894236483848,534.2883900605257,464.4386817015412,32.36407155718203,16.181966792093128,0.0,0.0,0.2335879627133381,107.49673686007476,545.9914976551541,473.6257027601621,31.850897446753734,15.925355797829775,0.0,0.0,0.2664613751388153,83.18685880993866,427.73631120926245,362.7293387354806,22.412490592948338,11.206218564461814,0.0,0.0,0.2794104267119208,89.57514562006611,462.0673179831816,398.3466509044922,28.823700467073024,14.411746377416936,0.0,0.0,0.3114194455162504,97.1195025988697,478.24025649557257,408.31758139999954
2025-01-28,DSWRF,surface,32.0,-124.75,33.60526836041231,16.80257526630316,0.0,0.0,0.1751800531063458,110.22922695997713,565.2456232074039,488.8109161064456,34.969038830734085,17.484670637070206,0.0,0.0,0.1890627533671532,100.80287300804189,516.8904013935595,449.868510884306,30.059465734379792,15.029594773002788,0.0,0.0,0.2263716507722036,104.71785621373508,541.4573355006212,473.2211589571408,33.81701627781717,16.908676680567815,0.0,0.0,0.2630263066100294,80.76707983927118,406.2290154062352,343.65879262571104,23.58054219098473,11.789831827820006,0.0,0.0,0.2799545953927337,81.47358190063224,422.9291721154638,378.13558475009455,32.127116101399345,16.063775518827658,0.0,0.0,0.318447872399758,95.12609450991796,464.8563158257424,403.00116756798707,30.504686250310552,15.252539004760788,0.0,0.0,0.3556928274782892,91.15732343457964,457.9626384640424,386.0971856277825
2025-01-29,DSWRF,surface,32.0,-124.75,34.83242615818044,17.416141775665878,0.0,0.0,0.1788789507318099,101.8305495195522,521.4758474047733,452.5832641448343,31.232003148341395,15.615626219580548,0.0,0.0,0.2244137355409048,101.24409931781724,529.6406190510523,461.23470726480934,32.39845834211465,16.19914677996854,0.0,0.0,0.2664020055841646,81.61146180139717,400.64356295858664,334.82376308633945,21.259125063995736,10.629695923003052,0.0,0.0,0.2712039571828232,79.25601924109742,392.8733332266491,331.82681857983755,23.947161113441258,11.9734857187939,0.0,0.0,0.3019694601823087,75.34803111786695,382.2757158799107,333.7114862630507,26.89806768458607,13.449084302893873,0.0,0.0,0.3537982665292874,79.05704845418904,398.98970957079314,346.09994012814525,27.097353316918948,13.549072555551929,0.0,0.0,0.3004359005268933,93.28913591224936,502.74840968270206,430.7491281166765
2025-01-30,DSWRF,surface,32.0,-124.75,30.71028189171252,15.355342355009832,0.0,0.0,0.2233333843414392,98.18971335984446,497.0996626541607,432.28739360915085,30.198701961187936,15.09947768780754,0.0,0.0,0.2635178511522791,79.60599127029744,411.9629264032134,352.4657540704698,23.647752234208152,11.823661131810136,0.0,0.0,0.2714798799187636,71.65573564385691,366.65823597454687,325.2668032838832,26.001374838545523,13.000259116963392,0.0,0.0,0.2902076608852745,73.00481394435067,389.7203825854976,343.6254038152799,27.17079064131357,13.585579821544671,0.0,0.0,0.3512091871537937,79.11201367690754,387.1049730042107,334.7142642801125,24.706936154842857,12.35370874268661,0.0,0.0,0.3790988062419975,84.23176132557754,438.0901632550563,381.0528046733789,30.278140299175256,15.13909334207483,0.0,0.0,0.4297284441469308,71.05768905211707,355.20709452983795,309.7632109186345
2025-01-31,DSWRF,surface,32.0,-124.75,31.003477195198755,15.50191283217704,0.0,0.0,0.265392358033499,75.83341769569469,381.2385599149549,314.25609562427417,19.57030067117085,9.785102228719047,0.0,0.0,0.2779592096057212,71.62058313557758,368.3994764748426,321.79047332068546,25.666220765385496,12.833265445622608,0.0,0.0,0.3099079839351689,83.0851167078848,409.8865145593203,356.12138219200386,27.009059502650004,13.504642196622566,0.0,0.0,0.3382856875570559,83.35293557571904,417.7690937539357,357.24172579089816,24.831237182190417,12.415702510849762,0.0,0.0,0.3705726999512057,77.23860905731038,386.9904121815425,331.19872428855246,24.947362861634012,12.473755122981192,0.0,0.0,0.3631620821684995,81.63165646173383,426.9494813143041,382.95239513660647,34.80921758342281,17.404527274906897,0.0,0.0,0.4590379720967925,111.40775662196742,539.5787279772219,456.02575828419367
2025-02-01,DSWRF,surface,32.0,-124.75,20.112114468017012,10.056030017494752,0.0,0.0,0.2801728045701092,75.65798501606533,380.2088267654308,324.4589447362929,24.418028835371377,12.209116367751935,0.0,0.0,0.3162739457135421,86.35976654658558,425.27157332684857,369.4615358667168,28.62680805600049,14.313331009517594,0.0,0.0,0.328662765508892,81.7022417374198,410.30789948050995,345.33573039050395,22.68600757753265,11.342963124973148,0.0,0.0,0.3869143046752946,80.09307631229558,386.546551266679,334.40641940289424,24.946514389352934,12.473153772230388,0.0,0.0,0.4554051465838484,93.98304438442464,486.0691773167608,431.45239482173,36.89614646775708,18.44816163303412,0.0,0.0,0.5026504068454222,86.2130585511111,395.05264872967064,331.28318257078183,24.003412430953045,12.00198337085983,0.0,0.0,0.4252083072137406,63.93654512691243,336.6685312941387,310.9750835156367
2025-02-02,DSWRF,surface,32.0,-124.75,23.72346595506016,11.861668266480557,0.0,0.0,0.316060947604281,88.46163285764416,429.48825444536334,371.3314647345811,28.32065948183616,14.160394946295254,0.0,0.0,0.343035168651863,83.21808516395049,407.2566754907274,340.5579334440579,21.98942882420976,10.994800463392195,0.0,0.0,0.3918774202119712,73.11632147491297,360.33714076342994,311.44596543382437,21.96392175640693,10.98182880823759,0.0,0.0,0.414290510319291,82.60520767160537,449.0498844909033,404.3324636762577,36.58769030712082,18.293791219307895,0.0,0.0,0.4893701966204733,89.1802742047568,410.6961172889057,351.4415242644423,26.605741183251144,13.302895279280047,0.0,0.0,0.4496536242496798,74.0609796756612,422.9875814528529,392.054422948745,41.07376716390382,20.536679778349917,0.0,0.0,0.5827518778087084,116.73854998826876,582.1296793657428,512.4682880832852
2025-02-03,DSWRF,surface,32.0,-124.75,28.09347354161814,14.046732363465283,0.0,0.0,0.3459400143738046,81.40622905168468,406.40655857192655,347.0834327750222,24.018207253467203,12.009009768274122,0.0,0.0,0.3805835702382827,74.44147311260649,374.4577597780353,320.67536281706816,22.53668160320988,11.268597816882393,0.0,0.0,0.4121784156791819,86.31904543560836,449.8832183997718,403.4122684894327,36.75515984495654,18.377405189583328,0.0,0.0,0.488247739532032,76.09331456781503,354.28726384132585,302.71843851698355,24.398811405711797,12.19947607447026,0.0,0.0,0.4667737101384155,108.5977675875814,557.0191794875869,494.435749197698,46.52571131871552,23.262903333767152,0.0,0.0,0.6489550735000942,123.26973655382514,607.1959715007512,534.3496115857356,49.17402033295596,24.58715988922317,0.0,0.0,0.6133294341187255,129.7235962079344,629.1958423559516,554.0267145780349
2025-02-04,DSWRF,surface,32.0,-124.75,23.698028129548128,11.849054729253025,0.0,0.0,0.3712783124755552,79.23052294272912,388.1658855911288,332.37520489911833,22.23430579098703,11.117236816763224,0.0,0.0,0.4186343437811339,95.0046958200354,496.65780730892646,444.67847529833045,40.79863875334837,20.3991580926256,0.0,0.0,0.4910362421010705,89.11493742246418,403.5305631490506,342.04104268325244,25.79365732671483,12.896815820283926,0.0,0.0,0.4477497407023911,85.31068679396607,494.1782083092986,452.9835088144582,44.54026878222707,22.270194785616667,0.0,0.0,0.6216922871121779,126.35924137156276,618.0666724824343,545.086604000672,50.283453556815815,25.141748323447665,0.0,0.0,0.7350754549016214,127.37675714226096,620.8051514069009,543.439660106829,50.0492800498439,25.024551147095583,0.0,0.0,0.7953296934220238,133.12522580191285,643.4667100138486,564.7611329048109
2025-02-05,DSWRF,surface,32.0,-124.75,23.675722337051113,11.837921618754894,0.0,0.0,0.402907593640349,99.5240060619362,527.4817692957346,470.6058533598316,42.543379955616686,21.271754478455257,0.0,0.0,0.4865517954132854,86.12597030980032,398.7267115002811,341.6226615152088,25.106921868293593,12.553560734007911,0.0,0.0,0.4260239820191858,78.69583616189074,451.6913257155997,410.30349808776714,40.33039711210063,20.165110969519812,0.0,0.0,0.6342985954246831,122.42337291904812,606.8198401819177,533.774610612185,50.082505409435754,25.04133062651955,0.0,0.0,0.6757159774717441,133.7829136018969,643.9148599277288,566.8408906266516,54.42930101765733,27.2147343495884,0.0,0.0,0.8489056307932286,135.30706275496453,634.6081760597364,556.3259951868214,53.26551361699549,26.632440507535097,0.0,0.0,0.9502696848264592,133.683248893336,615.144257171971,527.7042178236672
2025-02-06,DSWRF,surface,32.0,-124.75,42.28814166750193,21.14395842428003,0.0,0.0,0.4862870515298322,87.35046330820151,387.09939540592393,330.25628465710236,25.63219103733208,12.815854016517315,0.0,0.0,0.4230876479555041,82.4426984241531,460.79363073885247,417.7144278367734,40.46866458263818,20.23448383992262,0.0,0.0,0.6349904318622828,127.14945930380122,622.2203078473211,544.6524702992324,49.313106165247675,24.656515449278075,0.0,0.0,0.6045737999620624,122.63760396296618,607.4783522939268,539.1531639220266,53.04622599880971,26.52308327854665,0.0,0.0,0.788954892055086,134.9077837861835,640.6008937776969,564.4565187986502,53.78917655025084,26.89458500780742,0.0,0.0,0.6732151929361767,119.90430153608617,605.7408996875695,536.2141704361184,51.06319731637427,25.53145538424232,0.0,0.0,0.9985121045893726,140.04471700177356,647.4251258273337,560.8357130725147
2025-02-07,DSWRF,surface,32.0,-124.75,24.95704197103632,12.478350765144206,0.0,0.0,0.4239054153577577,85.29802436756859,473.11247217886705,426.9095181701597,40.19118415869696,20.095780542052395,0.0,0.0,0.6037992727588315,124.4257216233045,608.7076236655407,531.7031651210825,48.23599475453658,24.11764149914643,0.0,0.0,0.6180934342820155,121.82192325050124,602.5632980901337,528.0921873496482,50.01301588932226,25.006649109093775,0.0,0.0,0.8095854806422171,136.53000457355722,629.5350605096733,546.4346262455929,49.16270490512548,24.581461030798323,0.0,0.0,0.7308287837741045,104.96527537219116,536.6803931613717,468.5212057415739,43.754339915760184,21.877308063671833,0.0,0.0,0.8414607600041435,122.33018813876636,620.0825117628984,552.0614414621648,52.86264971619709,26.431145459853752,0.0,0.0,0.9092628159254842,61.77496544826104,268.93976546057127,230.0397931220849
2025-02-08,DSWRF,surface,32.0,-124.75,41.68951022929688,20.84464444565273,0.0,0.0,0.6079812015393525,124.0250889822519,608.1128335427741,531.5344369470281,47.920691316590464,23.960362122604437,0.0,0.0,0.6657936769207495,124.33646017341874,612.0260910428692,538.032965580478,51.020451683921635,25.51020896074371,0.0,0.0,0.770764072805139,134.61239611168676,625.0617694152488,543.1930101928143,49.14272517253237,24.571270180266737,0.0,0.0,0.8329945916636359,123.57330465740024,610.5568930774925,531.4304183425434,45.54528298968955,22.772502814174707,0.0,0.0,0.7070924772047935,73.49663702591491,364.1644370232554,329.7079059825578,33.678930520453896,16.839879425505313,0.0,0.0,0.763510196803429,57.13901804569463,220.23207246702893,180.6554369013379,17.893033703581516,8.946460288724221,0.0,0.0,0.685170438171119,102.121736623983,499.78229733216233,440.0053918566982
2025-02-09,DSWRF,surface,32.0,-124.75,46.44242683563789,23.22131253814777,0.0,0.0,0.6541053653020403,125.71408714774816,614.1145901295954,538.459832546857,51.158395326570215,25.57910048259119,0.0,0.0,0.7849725007701049,134.90520406389794,624.2876078813755,543.7763605113446,50.01206043422485,25.006039475852575,0.0,0.0,0.7601024597522612,123.29342752487996,609.5417489447971,528.5340860266696,44.48662791677813,22.243420352949872,0.0,0.0,0.8645371407956146,90.98345854600616,448.2595425679354,395.97204156146927,36.304500298542905,18.15205433989665,0.0,0.0,0.7269389591950846,46.649839963354246,211.64420051965263,182.2904686087005,20.61141738540668,10.305555459355608,0.0,0.0,0.7047522857215276,87.65572723434911,422.0361702875358,373.4966390429228,40.32098269235595,20.16064047960022,0.0,0.0,1.25202794267339,128.11380581226507,601.1784619815973,524.6382462126426
2025-02-10,DSWRF,surface,32.0,-124.75,50.44282376705755,25.22141388167949,0.0,0.0,0.8058218286493976,136.5673902181188,634.5148110148066,554.5235306555069,51.375915465924365,25.687828781059288,0.0,0.0,0.8223300230493858,124.64178229261384,586.4351974875788,496.93163414198966,39.272235879255504,19.63625586702685,0.0,0.0,0.6449852083746449,76.3740645135536,394.64968494496367,353.9332796059806,36.170803112293825,18.08581409356008,0.0,0.0,0.7380479544082053,50.837255845324414,222.7379677802591,187.9789991165732,20.755506429633037,10.377754301347514,0.0,0.0,0.8797373179003151,95.75181509742627,467.41591954199686,412.19455380091784,44.895506312358215,22.44777573695486,0.0,0.0,1.2582648979668976,119.90698422402473,563.2887707372486,489.7391593766225,45.74167129091117,22.870664288718256,0.0,0.0,1.4543682352702452,112.00023007082372,506.4678032574305,428.17288406773264
2025-02-11,DSWRF,surface,32.0,-124.75,53.08538945846995,26.542515656767502,0.0,0.0,0.8182103894331691,126.31485527299922,599.6020264838451,511.67110644320974,40.991709265566094,20.49601995188073,0.0,0.0,0.8207277303340095,94.98412428285756,460.8873484715705,405.1273366568694,35.61609880032785,17.80812280939761,0.0,0.0,0.5980071318528724,46.48585168432159,208.3342505841173,184.96283291152088,21.061051535086023,10.530578915953612,0.0,0.0,0.7811678399620743,92.16219322532902,469.5705239927768,415.0739310401841,45.931870862348575,22.96567208348574,0.0,0.0,1.27684264841278,127.5925529796981,594.4870489214184,510.8822018562404,47.30703188302547,23.65311741095722,0.0,0.0,1.2511328576684613,105.70138238500236,539.6426791304418,474.2355348506152,46.90580217334799,23.45299940642569,0.0,0.0,1.5973387518738402,130.15000928711595,599.7872344518856,527.460413455706
2025-02-12,DSWRF,surface,32.0,-124.75,40.585617985660306,20.29293036825139,0.0,0.0,0.834524144858756,90.17781184046524,405.62636277092855,350.4727368759709,27.59560254758424,13.797620929294345,0.0,0.0,0.4324578987017827,38.49610577306987,223.90702584871903,206.78498659453857,27.33211021033094,13.666208121863024,0.0,0.0,0.8688256272016602,98.06525536263771,498.0531921639638,444.3265548553579,47.7596405103088,23.87980168898713,0.0,0.0,1.3890557772317351,129.57108528509755,588.0605165466493,505.4871423846359,44.88356328477347,22.441806776491724,0.0,0.0,1.3101748139015803,96.55805446221008,479.1147413758802,419.78709274847057,40.484268046613714,20.24184008775605,0.0,0.0,1.494914170068778,130.27492507820037,605.03475770999,531.8730097121684,56.79731370802936,28.39874520600045,0.0,0.0,1.7150348659661203,142.81766323415457,652.0435533484203,577.293873357683
2025-02-13,DSWRF,surface,32.0,-124.75,27.98231143608097,13.99123967637745,0.0,0.0,0.4321592169901737,36.5648304420959,212.11012680389223,200.12184823975625,26.370921436987125,13.185448385134478,0.0,0.0,0.8704234468471516,98.71427108923312,500.4786160755541,448.32740475002856,51.31777439949072,25.659213649748636,0.0,0.0,1.3591529362963253,127.77308628623211,583.7767454858572,503.1881915952716,48.10385778525705,24.05201522752146,0.0,0.0,1.3586706134105926,101.12819819895483,500.0007181079328,438.6088014191639,43.621431116981256,21.810615680385393,0.0,0.0,1.5856825556754035,132.3385560948117,604.6303351847323,531.0426574029115,57.54512539035119,28.77247620444477,0.0,0.0,1.744993995326261,148.44121919641492,666.5370312339373,585.2905056261078,61.82842372161761,30.91422125330266,0.0,0.0,2.0337002950001803,131.59034747220215,589.7016893237183,520.5141716213141
2025-02-14,DSWRF,surface,32.0,-124.75,27.58211417190333,13.791035938029063,0.0,0.0,0.8350670292858419,103.03222527446914,519.865325960699,468.3918851851954,53.064049901387946,26.53229438030316,0.0,0.0,1.3675500479586211,122.03578295825942,560.0967879584846,481.79857602696586,47.313416042923976,23.65673637894276,0.0,0.0,1.306747643710544,102.7040249686662,500.1672444442731,439.5179101402931,44.11052461697662,22.055229279215148,0.0,0.0,1.5002406400811408,127.21800417954331,563.3933009281569,488.966764630638,51.558918074127455,25.779431473468296,0.0,0.0,1.8705074157342687,144.21073730584885,645.5365460285345,564.6707537301495,56.175333370725,28.087837583692384,0.0,0.0,1.911925774226264,124.72518923468036,573.1852866192851,516.9491707921909,60.636843535828795,30.318695265388147,0.0,0.0,2.3416996585835825,150.89592983468293,663.0877660999074,588.7231372565817
2025-02-15,DSWRF,surface,32.0,-124.75,53.685021210921136,26.84270090241708,0.0,0.0,1.3944617626947915,130.04627270621737,581.1885608724433,496.5363348256785,45.631424130871935,22.815688942885544,0.0,0.0,1.2443803194722358,96.83771767613206,476.8430281184779,421.70977392303973,43.8768779429717,21.938395765268464,0.0,0.0,1.497957968032542,124.94612557386952,571.8661884056586,503.69849924370425,55.76366400220407,27.88178362161885,0.0,0.0,1.8705200256440977,145.8532657920957,657.8871367730942,575.721333641324,59.060291822928306,29.5303491456458,0.0,0.0,1.831965936054819,124.50390558896808,563.762878983372,494.6767658602886,53.29377977379705,26.646990404488548,0.0,0.0,1.9605738099819037,132.16488625654273,615.0859067641054,550.877635854295,67.78060482483554,33.89013764510035,0.0,0.0,2.513913235364535,157.76558946958951,680.5009303616837,599.3594343445343
2025-02-16,DSWRF,surface,32.0,-124.75,46.5774823927902,23.288566847903905,0.0,0.0,1.235989486342682,94.69118140752008,475.0287242998719,422.43335470915247,43.75424140482995,21.87741971619419,0.0,0.0,1.526391348847246,127.1638983438526,571.7961110784538,493.9257730423182,52.28987573164773,26.1449501931761,0.0,0.0,1.7755766367148194,140.91139328601358,630.9317798894291,548.1400755333011,56.11596959487681,28.05795331786968,0.0,0.0,1.6234783748121586,113.95306235913512,562.4549945617407,509.9950839294581,59.9489996948775,29.974230207078556,0.0,0.0,2.254691064216316,151.8107227446199,675.3796176647988,599.4791063325289,70.601049412444,35.30026028578239,0.0,0.0,2.682869419860669,163.31597630993008,701.9911329044021,622.7990385720194,74.54426015116849,37.27211766848882,0.0,0.0,2.9939613761234285,158.55819515804654,669.2933462206779,587.2988536235007
2025-02-17,DSWRF,surface,32.0,-124.75,43.36427257007661,21.682172403426375,0.0,0.0,1.5567002185737222,127.09669171127076,571.0227542682783,492.388353139163,49.675791655063854,24.837814199251135,0.0,0.0,1.8133124953449056,138.666303044872,625.9437942796177,547.9514588214145,55.195525909739686,27.597857371930353,0.0,0.0,1.5464464643128624,112.67345068287564,545.3745248153664,490.8113530621864,57.91045349021259,28.955130979213138,0.0,0.0,2.2264220241037354,151.0850190038797,667.1213756001812,591.1842852038699,69.71129248736483,34.8555997282289,0.0,0.0,2.6284393934929,162.00872871789312,693.4457181552692,610.6683224753822,69.5308427842626,34.765499405068844,0.0,0.0,2.685473430713739,144.36205623540923,648.0925824729003,583.167944938335,71.97644925524688,35.988109232075075,0.0,0.0,3.165562083688946,150.31208839977234,647.4968120639862,572.7066899317053
2025-02-18,DSWRF,surface,32.0,-124.75,51.80230768223787,25.90116495840974,0.0,0.0,1.8556725551362423,139.48808951522398,625.2080056011739,544.9182122553148,54.7896817315782,27.394819073558992,0.0,0.0,1.574582271262257,112.61567462708018,553.8054322138538,498.6613771754529,57.67385530718697,28.83694007346624,0.0,0.0,2.2479890216520904,152.22088369143137,676.000165063966,602.3797521834603,71.50428950754564,35.75236502998016,0.0,0.0,2.7095457623559045,162.66904265683925,693.4019353105737,610.0148643923997,69.86024396749733,34.930104908488815,0.0,0.0,2.82227254076533,152.0112138828075,670.516787603395,594.9473499276872,69.40197159001812,34.700882230110224,0.0,0.0,3.1072891845011004,140.97501673177646,591.4841096656867,522.7414362847309,63.853841693573536,31.927120629462458,0.0,0.0,3.282007589560981,156.40290208773737,676.3520052457254,600.1049983937302
2025-02-19,DSWRF,surface,32.0,-124.75,54.21744027313838,27.108547029673865,0.0,0.0,1.6790977238270617,112.5006032427726,537.2687456748839,482.81920914938314,57.30574333045683,28.65259959479536,0.0,0.0,2.219594721472234,152.17508583248247,677.4053739539152,599.8922875251228,69.65225415287034,34.82639712213133,0.0,0.0,2.6770136514411096,161.6853082548959,688.7375181134203,604.0734806165616,67.41794286837617,33.708941833055476,0.0,0.0,2.517497430563254,135.12745585837152,608.8752108077224,538.1770012218126,61.12369065809636,30.561755828676233,0.0,0.0,2.8424211279142524,137.07827079458042,621.9624164550969,557.1934599176975,68.09713528038941,34.04844094118448,0.0,0.0,3.3537593199907656,150.3192240957922,647.0032001142056,568.3070455862883,63.44470473424128,31.722307660712016,0.0,0.0,2.866610490563193,123.12632825055832,545.3696286604966,478.76023177939294
2025-02-20,DSWRF,surface,32.0,-124.75,55.40135288290894,27.700868275932606,0.0,0.0,2.2242054681894063,151.25687890571135,681.2245686764892,604.2713176225286,69.76597285051531,34.882947024554355,0.0,0.0,2.654308101400197,152.8286416522609,665.3716597386663,586.1525059302953,66.21911045192047,33.10974099774282,0.0,0.0,2.6864597677375723,138.9890923227909,612.8699852544617,535.269739483698,59.440547690185525,29.72064204623681,0.0,0.0,2.9926246928846316,128.04813847961285,551.782134914448,490.1416954602985,61.29642079929449,30.648266399773647,0.0,0.0,3.4760156964530227,159.37580452702502,667.7768080744204,591.1387161121777,72.46261183403703,36.231392633410664,0.0,0.0,3.590853805341936,162.01618737348952,695.0810814265719,621.6147115116148,77.83479429577875,38.917421124685696,0.0,0.0,3.885943460257811,155.86291252000555,663.273991685924,580.5467493994158
2025-02-21,DSWRF,surface,32.0,-124.75,70.51441417022359,35.25688111545308,0.0,0.0,2.61056910641699,153.69374681359537,679.3525083533227,599.2350842973208,67.80621437060483,33.903158960540914,0.0,0.0,2.9564193833871824,150.11292759892018,650.0051912709602,568.1913599770863,63.626732004727245,31.813463235785303,0.0,0.0,3.152074695210658,138.85272731402983,577.4147543802875,507.2281035917901,62.36339254109346,31.181764259873695,0.0,0.0,3.396815388709997,152.8297227094265,649.8864208778749,566.2040117182435,63.65857547334239,31.829143817295176,0.0,0.0,3.8244576486858057,169.3326146401851,707.6155576298332,625.4148501799407,76.23117776105238,38.11550442450236,0.0,0.0,3.627957567231942,155.31605498876007,666.9132164223124,582.0233506833977,68.28847458781725,34.14411714370763,0.0,0.0,3.5299435856630215,122.50063772090137,535.4433014672613,466.6647180886999
2025-02-22,DSWRF,surface,32.0,-124.75,71.32702898061268,35.663477691404246,0.0,0.0,2.8741686168493135,151.2572430141686,662.1318273585755,578.016288538452,63.9570194254882,31.97861976020989,0.0,0.0,2.982211732926822,127.626009572568,548.453543359866,490.2143572429416,62.50769624912047,31.253783537241283,0.0,0.0,3.3805705589906716,142.51007018003588,608.8735509479152,548.8885615139482,71.4037937503278,35.701863645604384,0.0,0.0,3.881385154999371,171.1176588812117,716.7146849762436,636.8900797772219,80.71275186670621,40.35643067120441,0.0,0.0,4.163871140975834,175.71745302793408,728.423966151402,646.2828763677512,81.93442649662578,40.96716907021328,0.0,0.0,4.368510337305725,142.9603151969934,588.1171435128996,504.9428897303999,58.34418284602294,29.172047595734476,0.0,0.0,4.402340035438216,165.57994928989245,697.4349954824062,621.7492700341165
2025-02-23,DSWRF,surface,32.0,-124.75,61.795608614488586,30.89765852645535,0.0,0.0,3.0290491537947375,130.89074998822977,554.7733371387837,493.1332920728183,60.81680080750671,30.408091228618364,0.0,0.0,3.205127876010828,141.9267178855938,608.9970092060207,536.9475424896908,66.44458480197412,33.222320513685546,0.0,0.0,3.859701288027515,173.42160743585515,726.2353763518844,645.8247861683019,82.21747970082559,41.10873743628841,0.0,0.0,4.4019305827641215,179.8455353460007,737.7348453664515,654.4965508722457,82.62761898497715,41.31359288020577,0.0,0.0,4.0182783208814525,145.5311376134917,646.0354111149807,572.3026703008321,70.73800184663476,35.36921369921686,0.0,0.0,4.692394885777475,164.19031623282248,681.6153764274618,603.69910441459,76.73960057210252,38.36968757710232,0.0,0.0,4.4629612608609674,157.99843455011805,654.4196685822158,579.0081145202341
2025-02-24,DSWRF,surface,32.0,-124.75,60.6086252902572,30.3041867771668,0.0,0.0,3.2336749598490204,143.59684927596035,617.2104282685814,544.563683090207,66.50194071382427,33.25075000606435,0.0,0.0,3.759548074102842,166.7801206766669,705.4999707242442,630.7026291732058,82.66224318262252,41.33106311896629,0.0,0.0,4.408591650804075,178.97763741589648,735.2675518608744,651.7203259326513,81.97312529373177,40.98648605294096,0.0,0.0,4.525203876141379,154.65461002321183,653.0684634346737,569.0865961718313,66.43695484209418,33.218369293558936,0.0,0.0,4.777308784168121,168.68985829332811,706.17420851829,627.6946189785216,82.34885393390832,41.17434914021764,0.0,0.0,4.756793053071203,167.62146054653925,686.0801138605592,609.3173477272966,75.71800560582653,37.85896635442015,0.0,0.0,5.603303709453938,148.54067537517983,605.0566961933588,522.0739746294184
2025-02-25,DSWRF,surface,32.0,-124.75,65.77089193856492,32.8855677231592,0.0,0.0,3.8161831431879474,169.83412386044046,717.6501426896905,639.0010982031446,82.70602770964825,41.35283042652039,0.0,0.0,4.391773195839742,179.72598278985436,737.7228511948458,655.839916849641,84.06852052162732,42.033970004532634,0.0,0.0,4.553074143707592,155.31438869045584,653.8733892534661,577.7074377381634,71.14050646060895,35.570350662505454,0.0,0.0,4.529259939035775,149.66718934900882,641.4809828558465,567.1763988712619,72.60996779077027,36.304957207249785,0.0,0.0,4.57483700885923,156.50435220663363,653.8297828223606,578.9155128735192,72.3228943836846,36.16154301676908,0.0,0.0,5.374986407015179,148.13828668958956,632.0713449175978,560.790558181582,72.58460959618787,36.29207178744976,0.0,0.0,4.781485053106831,145.38342332101723,618.8245867007419,549.244619288845
2025-02-26,DSWRF,surface,32.0,-124.75,81.88805450867702,40.944132726678504,0.0,0.0,4.440516275675751,179.61859732297037,736.7783948415506,656.1891271927291,86.10698281296636,43.05365576405386,0.0,0.0,4.973569846363893,174.2576034990829,711.3276226441732,623.4723602646786,74.31827671625165,37.159047305471326,0.0,0.0,4.904608041642433,160.5534377571419,658.627857933588,578.4078776412289,68.94507095141202,34.472391574424414,0.0,0.0,4.948888559687502,162.98922293296746,654.5255240770985,570.4935658975575,68.15992876268376,34.079819368560976,0.0,0.0,4.9872906283907215,143.16512273065203,585.9917129491978,507.12062902282025,61.79796362250079,30.89893313448469,0.0,0.0,5.451364720593341,149.97889275121173,618.3076156683785,543.3985286762729,69.0934501435093,34.5466561256206,0.0,0.0,5.727644836183677,161.384329458528,665.9146731840615,587.2245526470423
2025-02-27,DSWRF,surface,32.0,-124.75,86.26310889724145,43.131503439268315,0.0,0.0,4.891728392560124,169.63012673254326,692.258246553986,610.2146004955578,73.31973313954146,36.65949004377066,0.0,0.0,4.529214074602061,160.86029637176972,685.069437369673,604.090385249204,75.795329793744,37.89754181975613,0.0,0.0,4.821591073291584,165.26194522172693,692.4589090180882,601.4982737349699,70.32953797054809,35.164715294577505,0.0,0.0,5.054353339018287,148.5768629250821,597.737895932273,529.680530298482,70.362461427237,35.18114035377285,0.0,0.0,5.812310687918321,153.85290928484665,619.6083703761985,540.6866955522835,73.35908440177482,36.67962504246646,0.0,0.0,6.383949265169395,174.5754291658497,719.9761172435311,643.0657568374754,87.52519500003642,43.762401070019045,0.0,0.0,7.335033617563448,162.5397372717787,634.6149460316504,545.7087131296057
2025-02-28,DSWRF,surface,32.0,-124.75,73.81567422464317,36.90772033823743,0.0,0.0,5.015012472661736,170.989662211405,711.8255847896654,634.3873548293961,82.46136592967954,41.23085344502054,0.0,0.0,4.835874584724057,164.74344882722733,683.2008118336457,601.5658620529084,71.24515709480384,35.6225297178984,0.0,0.0,5.168727100766562,146.88543726759042,593.336817866359,518.2186592791697,66.03960500354732,33.0197282636706,0.0,0.0,4.860584252130747,139.85826571354622,563.8616469679694,491.3979370328894,65.78946370787469,32.89471383388779,0.0,0.0,6.202975276479882,162.7624627448874,688.3187288873968,611.5066681233769,82.98211040568897,41.49120153368399,0.0,0.0,6.735121987992403,143.33801136083335,557.6431598324245,467.0292342106562,47.163927590290754,23.58172831181672,0.0,0.0,4.287484934722009,98.5564908835852,423.67510685189626,378.9749540365013
2025-03-01,DSWRF,surface,32.0,-124.75,82.62412561827051,41.31180258551572,0.0,0.0,5.097399773120219,168.71475995824923,691.0061236017959,604.0798467977729,70.94952442148167,35.47502232732,0.0,0.0,4.932626543395366,147.5379349462063,604.4223803251784,531.8363981840357,71.9060017930755,35.95305067060629,0.0,0.0,4.824734138961868,148.919914961188,647.1242932435664,584.0486642325704,80.66044963132639,40.33050342867793,0.0,0.0,6.754297768134821,150.13908398004443,554.0494886082026,482.9377578297052,62.302163821429644,31.150987986813693,0.0,0.0,5.827225928679253,117.50069703206938,471.7385272979157,410.96776534382224,54.38263371214078,27.19136323496162,0.0,0.0,6.109435005733832,148.09427110252068,588.2883632466439,510.9146514504488,68.26747838759366,34.13389313496998,0.0,0.0,6.9852931238420295,178.52027417522407,720.3399447214248,651.2772543345113
2025-03-02,DSWRF,surface,32.0,-124.75,66.37524719057275,33.18792512522973,0.0,0.0,5.047322049189233,146.6668773726383,590.6144053338907,520.7463930734414,68.93253111159616,34.46613912362451,0.0,0.0,4.975955812181347,145.31856252332625,624.4717617599989,555.5864931417377,73.12085561659951,36.560580606848646,0.0,0.0,6.814333942889054,155.84121029173008,583.8885880167144,517.9796527986455,69.36521775249864,34.68271401402559,0.0,0.0,5.42254855835313,105.19080349625992,399.1050147216929,343.4359209077207,42.61054053966443,21.30526989545132,0.0,0.0,4.101081053178163,111.86711409647248,502.5028594651759,457.2558192106107,67.5252462706029,33.76233733636211,0.0,0.0,7.299144498536629,177.59209235678142,706.3577090964152,633.905583756551,96.0084592930469,48.00439013361975,0.0,0.0,10.090187228310295,207.23665595472016,781.3729675161887,696.4423053174728
2025-03-03,DSWRF,surface,32.0,-124.75,70.84067999423382,35.420095868975906,0.0,0.0,5.027361305551333,152.3246528732211,636.4761385446714,567.3428177916285,75.23637899013531,37.61833479710533,0.0,0.0,6.566911281344337,154.17796392626974,605.1968610227841,539.5985715537583,70.64796788034351,35.32389357906095,0.0,0.0,5.26585107256747,100.76489548402036,379.4550375617399,321.5005559604545,38.25150807522104,19.125713535556507,0.0,0.0,4.1015539584924525,120.76265182712548,507.26791362395625,450.0305706201953,60.82907771741512,30.41446599903145,0.0,0.0,6.138866372906502,177.34937391055206,722.1531429038349,652.3631909773862,99.68648228189838,49.843341738823696,0.0,0.0,10.106367747131962,204.9648323916924,775.3755660575785,690.9359381177565,101.91834985520887,50.95931628704444,0.0,0.0,10.725646385460958,193.34858959286083,707.8020987652635,612.7788691067744
2025-03-04,DSWRF,surface,32.0,-124.75,73.79454490975293,36.8973933533212,0.0,0.0,6.607424100897758,149.28952362372723,566.0909955675525,501.0659934617281,65.08025943172993,32.54033474489627,0.0,0.0,4.997964057043961,96.41168924192333,387.00095177063946,335.4496562978503,46.80533999147851,23.402522362153785,0.0,0.0,5.583587812912334,139.74564950817623,534.2671080080402,466.5020213732548,61.336892269682295,30.668537439904085,0.0,0.0,5.921681913716021,167.40863827772398,694.8027655716692,629.6503126732187,98.32107193667024,49.160569895597035,0.0,0.0,10.039912880822982,202.58488332536535,772.169348630677,688.3708813381004,100.64805513363302,50.32395741092608,0.0,0.0,10.92286960929954,203.33492724119907,759.8161126887424,667.5478273166552,88.43672085910757,44.21815449518478,0.0,0.0,8.595526890040661,143.08396013290638,530.8513647252533,464.2412184676265
2025-03-05,DSWRF,surface,32.0,-124.75,61.62484348526704,30.812121901258237,0.0,0.0,4.88049928687407,92.21383489492511,378.2623653548307,337.5093449344961,51.69152280408072,25.845681034491584,0.0,0.0,5.6591577131505515,142.8883717407258,584.9595984644296,517.4780606964027,74.45515426607528,37.22743757862993,0.0,0.0,7.07377380223447,178.3082902476553,720.8031244048059,647.2072600444999,97.84447655776802,48.92214825736632,0.0,0.0,10.142117227256511,208.4497723073605,788.622769917094,702.844444416934,104.2778369067898,52.13830673087992,0.0,0.0,11.0911234636309,213.68238169509368,792.8549126759058,703.3886156790262,99.92502149438974,49.96286471784319,0.0,0.0,9.227009905982896,152.03827723636596,575.9703376876865,491.3907827186971,56.79212310469265,28.39618919736449,0.0,0.0,6.995603336733819,128.0825224062741,532.5383471309096,483.2482419394788
2025-03-06,DSWRF,surface,32.0,-124.75,49.724142671125016,24.8620345815916,0.0,0.0,5.487538801125511,134.91010503022645,553.1870871940151,498.08202607612,76.24305848875119,38.1215697609139,0.0,0.0,7.224923903641613,181.0842846562368,729.2463313345528,653.7260929184088,98.9613379892304,49.48072947006658,0.0,0.0,10.170499497657104,208.606600653403,788.5763946990518,703.8704632362493,105.53341628815286,52.76659724523611,0.0,0.0,11.009215780690134,204.88035002987817,754.8276025678629,666.4896069075696,91.74360656407734,45.871707633317484,0.0,0.0,8.998626744181378,151.06153914838893,574.77325563656,488.8595741903261,58.15040382401173,29.075234198926413,0.0,0.0,6.765039847764376,148.01479219810074,598.330154905017,534.3653665790339,78.78879035445843,39.394066400411646,0.0,0.0,7.820964784761431,110.81564820006038,376.8307616288479,320.80063899729623
2025-03-07,DSWRF,surface,32.0,-124.75,78.77872721452191,39.38931497300918,0.0,0.0,7.511994073892351,182.50218501704865,736.1256710663478,662.8369379183138,100.0079935894711,50.003935385125416,0.0,0.0,10.16823137291896,208.68011748382645,789.1320826397225,704.2606981631459,105.5216604803922,52.760517268831805,0.0,0.0,10.977680674984349,206.41986687173883,763.9304367470377,677.1390600454499,94.67524765102864,47.33767991412533,0.0,0.0,9.62647019999654,161.27112060352124,628.7866068987522,548.643797920919,72.00506424094215,36.00281560145484,0.0,0.0,7.821755018708037,159.9471058393476,636.6970944161285,562.1508873136437,78.12667750916835,39.06333340830464,0.0,0.0,8.078773418901955,117.22274198267512,419.6101657146406,356.77328518239653,44.74647317933572,22.373151498985987,0.0,0.0,6.056383509159957,137.9893887169938,600.7602023883285,543.8096799146194
2025-03-08,DSWRF,surface,32.0,-124.75,100.07445979033758,50.03722813261882,0.0,0.0,10.177595995308952,209.68847183502692,790.4555569645239,705.4259725134704,105.70847887179217,52.85425661524113,0.0,0.0,11.05876573362937,211.05593749543328,783.1183033900134,693.5025168159997,97.94171816849578,48.97081853458945,0.0,0.0,10.426713614344637,180.73578145273467,690.7592759182639,605.8607885537995,81.07307186977026,40.53661058746265,0.0,0.0,9.173043565312277,169.32265651495396,663.2720053590576,588.4048259388564,84.66491832176165,42.332634408967095,0.0,0.0,9.335833847309608,139.8787672190298,474.71150365002393,387.66158577888416,44.239571040037546,22.11974665608459,0.0,0.0,7.588014271711694,157.81157535258063,659.5816335594762,592.8491397336684,93.20758062039896,46.603956568757894,0.0,0.0,11.476018258200094,137.90256300448945,472.6080009665569,402.27894437169255
2025-03-09,DSWRF,surface,32.0,-124.75,105.21405085472288,52.60710908533813,0.0,0.0,11.024459351239283,210.20114162482056,780.897917305698,691.6920210660747,98.20850634516655,49.10418444481225,0.0,0.0,10.7463393664004,183.55722969837913,686.5267667712018,596.0011951366415,76.44654680041188,38.22352696532062,0.0,0.0,8.463150795951293,158.4199357111531,635.7669871358148,566.7655314910983,83.30428671737202,41.65198004549973,0.0,0.0,9.760197587055863,153.25502789626614,530.8010457266255,452.1536051085148,56.597279096355464,28.298783375225405,0.0,0.0,6.964175161313088,138.39756728009718,596.6528528777976,555.8051663890765,94.87072412023927,47.435441594582855,0.0,0.0,12.946738471450736,182.55829547703428,626.859745633959,544.064958582626,77.65672757987713,38.82837511371514,0.0,0.0,14.568243338883136,195.9429436144496,680.767619637143,592.5745480713164
2025-03-10,DSWRF,surface,32.0,-124.75,93.55895338328992,46.77943729000552,0.0,0.0,11.019800476366264,183.33832564729363,669.4617154172729,578.8617159935776,73.75806526955479,36.87897766491136,0.0,0.0,8.613629086178745,158.75364626509383,622.3771567983699,549.0670087807664,77.02091317553658,38.510383404003385,0.0,0.0,9.5660679170069,127.57500879564624,415.97920129091256,363.0873517727773,51.647398534608094,25.823810624100076,0.0,0.0,6.60651695176116,134.31737249395314,577.8608830803406,540.3044567959446,94.6082857965757,47.30420764971556,0.0,0.0,11.576291758332305,138.5224996379962,476.6776131788682,409.2433802038637,56.26436671429209,28.132154442581793,0.0,0.0,13.216183807742109,202.6535946565696,747.3701215209421,664.5809475762871,101.1903966872481,50.595099420408474,0.0,0.0,12.635870527914596,161.3164474476763,579.0306469232216,501.97103320524104
2025-03-11,DSWRF,surface,32.0,-124.75,76.14929018213918,38.07459474807928,0.0,0.0,8.63996226722241,163.3277164811247,643.0104686930631,559.7071061647964,77.31733773194978,38.65891407822138,0.0,0.0,9.607723550364495,136.29963458993626,453.2889903558976,391.08119793346066,51.61219137258111,25.806056199539025,0.0,0.0,6.816472398144917,139.38895401449835,596.0831860215754,555.435369477521,95.84324803723185,47.92157675252092,0.0,0.0,9.251889929176428,118.47591799075153,473.81473521393303,433.3923769581917,68.80830382788014,34.404059590950865,0.0,0.0,14.66280820600032,212.68185735407585,765.5460671427475,675.43889561569,102.5932085334278,51.29669020832877,0.0,0.0,15.485921199213044,192.81293044321052,661.4449846089931,565.331831645391,67.3506418695163,33.675592149850246,0.0,0.0,11.145565301252269,161.01164260006837,654.691322374514,589.5143887992368
2025-03-12,DSWRF,surface,32.0,-124.75,82.05101241355189,41.025530702045714,0.0,0.0,9.902152980293868,138.80433961782808,461.2979115906411,393.0502178210543,51.02487851373863,25.512557352029543,0.0,0.0,6.774872806311743,134.63704270289549,583.1967864611939,545.8348331335267,94.83465100351884,47.4172851671118,0.0,0.0,9.0303311599887,119.4483108213692,470.201537330805,434.7058394957846,77.21295107760585,38.60630455063273,0.0,0.0,14.116394733345974,192.61813906598007,702.7857742496401,618.9062038930472,94.15141261241462,47.07567917449371,0.0,0.0,14.15097742321126,171.6945392894134,612.637856309387,522.8162533321356,63.67245372360084,31.83634360474708,0.0,0.0,14.248619142487597,203.7020100866155,756.8150012482342,675.1921372168396,110.7977037317396,55.3988568235564,0.0,0.0,19.946186599318953,238.57325706358503,824.541446824222,733.5647021819243
2025-03-13,DSWRF,surface,32.0,-124.75,51.25309766141746,25.62686795845945,0.0,0.0,6.884453930372993,131.48920458921552,566.8704891950482,527.2575138478443,91.96160804336742,45.98096298011017,0.0,0.0,8.276714482602369,107.3962391295396,461.3837478123885,427.4528921647381,75.62377728342065,37.81207808293927,0.0,0.0,14.921258047911316,203.4005616872517,727.0890918895011,635.8059493490797,91.4171095057259,45.708618505272106,0.0,0.0,14.556323608953448,177.23663046527193,621.9093387195965,537.4582921974925,70.68894298064912,35.34441160904998,0.0,0.0,13.279737566668809,176.47393432926145,679.7656900361285,613.1132695376838,103.81018403836362,51.90526883431309,0.0,0.0,18.39329811961035,234.20621273287145,818.4324863474843,724.4626976222739,120.50876914273913,60.254395546889,0.0,0.0,20.54057065171471,221.85624428015913,755.7939651689351,657.5362203598115
2025-03-14,DSWRF,surface,32.0,-124.75,90.43672879581032,45.21797389365763,0.0,0.0,8.188736058263299,105.40809898816008,444.78719101067423,415.9625818910219,72.76267371289032,36.381525452248255,0.0,0.0,14.935270821550729,206.1980547556624,720.0737022565233,627.4922997122284,90.92040803201054,45.46035075808207,0.0,0.0,15.139027583007309,179.86491501604263,637.9625145960199,557.5340592299633,77.85571941881571,38.92799310730965,0.0,0.0,12.102786540987449,161.5448854756899,608.6997641445046,553.1977476109984,93.20148119849254,46.60068851886573,0.0,0.0,18.51082984551964,238.1657783682415,830.5989088451211,737.6732161311336,120.67789749571529,60.33877726396859,0.0,0.0,20.754788211831883,230.5438952813453,788.7320497594254,694.9405295532417,104.5938461071968,52.29696337015919,0.0,0.0,16.933704281135697,177.8026111399481,631.5464349377629,559.854967426443
2025-03-15,DSWRF,surface,32.0,-124.75,73.90079045635927,36.950382469133515,0.0,0.0,14.593574021099498,203.9113640453785,718.9331154051331,632.8519658550651,93.55828661686336,46.779124081511725,0.0,0.0,14.720306535566806,177.94543455126393,629.6932840322918,549.1560591911721,75.1904108900547,37.59533411540201,0.0,0.0,12.880647670916106,168.05773575646035,658.0285198889394,598.2710103171091,104.74295730866524,52.371296794135446,0.0,0.0,19.792301421055225,241.45945140449535,833.7568162773123,737.8965445641029,115.55630929548326,57.77812000013463,0.0,0.0,20.0516446110025,218.6830653208835,732.4228649210709,634.2668476482281,89.33938729070331,44.669734394379006,0.0,0.0,17.726563465507155,194.9356369325722,726.837272193778,661.0189899929894,113.68255937315736,56.8411649315601,0.0,0.0,19.18415461152369,202.99933227710164,673.854766967334,580.8901007654129
2025-03-16,DSWRF,surface,32.0,-124.75,91.65302191697609,45.82656023220875,0.0,0.0,14.933927692661433,176.37613147201307,628.1609178435065,547.3688553667539,73.59723228026719,36.79866495010123,0.0,0.0,12.349658625834476,159.78447711723356,623.0542472160887,563.6261766139637,96.48010892112003,48.24003870965227,0.0,0.0,18.72003751713086,237.40420196641952,833.1068319163478,741.4385192532529,122.1081323813936,61.054106682653725,0.0,0.0,19.43770916386501,218.21676881655105,739.6437321313172,633.5726939805177,82.78433307256722,41.39219602815267,0.0,0.0,18.07351861011809,206.75284545599257,756.2215053190349,682.4738014273609,117.88617335169629,58.94291656441289,0.0,0.0,21.69133883153681,223.3765222744276,730.2733582314078,632.8638392149144,95.45067441281608,47.725506754422746,0.0,0.0,20.87312353181572,222.05405743756796,780.1531389970925,687.975992912782
2025-03-17,DSWRF,surface,32.0,-124.75,72.90888804199581,36.45440000981257,0.0,0.0,12.048400381363695,158.74546477896627,605.1843905292147,544.9290467403948,91.81972395788443,45.90983259781453,0.0,0.0,18.246594704615596,230.17081653024036,816.1696912882029,726.9756141104851,120.35528814423876,60.17754456089618,0.0,0.0,20.04116974509015,218.8612174773723,730.1181364834631,631.0293040380348,87.09311753010061,43.54676273105082,0.0,0.0,19.132223245281025,221.69835556512325,782.1821690863824,699.695778994348,120.14349883992725,60.07156910991477,0.0,0.0,20.488172809493015,212.57937466497611,727.4387067619655,634.917023839665,100.09106087475352,50.0453605186126,0.0,0.0,20.41602550971399,223.9817931535084,782.0175160600636,696.9829299951159,118.15902260092108,59.07939372185969,0.0,0.0,24.740326375231664,245.0084097021173,823.3738058821561,731.7551997465375
2025-03-18,DSWRF,surface,32.0,-124.75,93.76672221652318,46.88339956121161,0.0,0.0,18.266075052641614,233.54119799998216,817.2814812915979,727.9354168764328,119.40524661723418,59.702339759332034,0.0,0.0,20.26816882086338,221.6434296220861,740.5440236604272,640.4083962438756,89.69619021558647,44.84783675944816,0.0,0.0,18.670943600167043,216.80796733055905,776.2289896342256,690.9561837789022,111.61243174301148,55.806415299804776,0.0,0.0,19.753706077180997,202.25258715946455,676.3098564710924,591.4668214612848,93.18440407451318,46.5924169430281,0.0,0.0,19.869169844324908,213.46786112840488,732.0942270020851,650.4907630856223,109.23551066674273,54.61771851283578,0.0,0.0,24.132585326995414,242.16954580829696,815.905778271567,727.5232747797048,127.26221476892508,63.63136654009456,0.0,0.0,26.25332128945569,247.11220568129767,820.7852773961331,724.3324142744076
2025-03-19,DSWRF,surface,32.0,-124.75,119.75559325480798,59.87803210755749,0.0,0.0,20.6000694645464,226.95864029204265,746.3745572037594,640.2649701621386,84.86132434060951,42.43066447680944,0.0,0.0,19.126599403846058,215.08661378210564,763.6177434689503,676.0735055504252,107.96384100421112,53.98179269515103,0.0,0.0,19.55658063749461,220.5923628837413,765.3888992074369,663.3409411796749,100.49539791299388,50.24771871590907,0.0,0.0,19.665815803529497,207.53697085279504,709.6739769116851,623.5121466986072,99.28013967459586,49.639562784240816,0.0,0.0,23.51710599050943,241.87109014146284,825.1631169419721,737.7798196615821,127.48455548021948,63.74224421326532,0.0,0.0,26.755907560552316,251.7627615335557,837.5039182188738,746.5047954859868,129.43892798888618,64.71925267294891,0.0,0.0,28.031078942958064,250.6727500713784,832.7183264507651,742.4888151975911
2025-03-20,DSWRF,surface,32.0,-124.75,86.21071247706642,43.105156468307015,0.0,0.0,19.673058926382808,220.525778949328,767.896458359179,678.9676618661672,110.194471735165,55.09719052725118,0.0,0.0,19.397089005267784,195.193255259704,644.1133720752957,562.0675873932745,88.08164559178024,44.04094370245802,0.0,0.0,18.81497165068985,198.4833209055099,688.9567923720899,608.5487290310903,100.21206701806264,50.10616336843387,0.0,0.0,23.215611001730252,235.53817203878296,803.5500660672915,717.7048589260218,121.93846889790076,60.96933380794412,0.0,0.0,26.441986424296832,249.82703562933224,833.2237492674632,743.5657800438089,129.95829960812148,64.97931088577216,0.0,0.0,28.53675359458792,254.8779708489148,840.7187315296985,748.5683614321874,127.36689551958692,63.683401805693414,0.0,0.0,28.192093042029885,241.09537406447117,801.4392072152634,707.7989330717116
2025-03-21,DSWRF,surface,32.0,-124.75,113.3590429480349,56.67958238163504,0.0,0.0,19.46348979232625,197.67128608067435,664.9144406856551,590.9682997511861,94.00777437530895,47.003985388642015,0.0,0.0,18.33496150253564,185.66984561692445,645.9702656318044,567.1261501983115,92.84388478875243,46.42207405325495,0.0,0.0,23.15630171935431,239.45506378013496,816.4284745228395,724.6487341690847,122.61742045331798,61.3086719189773,0.0,0.0,26.877618050729097,253.6068824502116,842.171728548401,752.2719830159175,132.08434282800908,66.04236519688553,0.0,0.0,27.683526715013457,249.16421996865392,821.213632927748,726.2830539850945,119.30299912496712,59.65155587444757,0.0,0.0,26.4020073666645,249.8832354626523,832.123031309491,735.1328154057834,123.7830565983774,61.891333990358575,0.0,0.0,29.228685159048464,243.58951551545948,799.6248524099495,700.5848714274591
2025-03-22,DSWRF,surface,32.0,-124.75,96.02184622364824,48.01072510710715,0.0,0.0,18.5337311844105,192.63139563667968,653.2845718060594,566.7289140042966,87.32769981591726,43.66358247328947,0.0,0.0,23.289492083771037,237.53111951629967,810.7958194293158,720.9762021760139,121.03681999804206,60.518390956909755,0.0,0.0,26.833756225172447,253.83397786861855,842.3147494751022,751.1800835704768,129.2549345074422,64.627586468152,0.0,0.0,26.024547502344575,231.8028133950644,778.856236253583,681.7585682012784,104.19858220006942,52.09932410111081,0.0,0.0,24.107128437643077,231.09561362280743,792.2785313013455,698.2837303543004,111.73482815428184,55.86724901094295,0.0,0.0,26.550035889905388,218.75632330138123,738.9592316860354,656.5906654347464,117.1116567851261,58.55566984772221,0.0,0.0,26.83684012383902,237.44468994894137,794.5309455098512,705.1705331952521
2025-03-23,DSWRF,surface,32.0,-124.75,92.82464296037898,46.412387493989165,0.0,0.0,23.736055337598145,238.8242476126066,815.4846523976868,725.8222964330508,122.7032356989584,61.351695766124,0.0,0.0,26.98376258465691,254.9109615500072,845.5713366092884,753.5271113988053,128.63993926478366,64.32004540597393,0.0,0.0,27.18134295541343,240.58129125208072,804.6227491932364,712.209912242377,114.10099447822208,57.05058222664535,0.0,0.0,24.97335626593542,227.80357628803495,779.5798967351413,685.7868092410912,106.81872031906032,53.40910977254199,0.0,0.0,25.428250899394143,216.2761759715005,742.8691777865004,669.033771268143,122.38421132252984,61.191976045376514,0.0,0.0,23.54785543440016,195.421371004966,693.0578639098719,626.6962828493308,121.87810233374508,60.93919118605616,0.0,0.0,34.9703521197296,266.1933366496395,816.8021687317377,699.1279082564586
2025-03-24,DSWRF,surface,32.0,-124.75,123.30654055394912,61.65332339701771,0.0,0.0,27.0593466603274,254.90994080409692,845.2339597117546,754.6969703908129,130.62539248316256,65.31282101390367,0.0,0.0,27.16155978328748,241.4152359125165,806.1822703827838,712.9636007797535,114.70865501115422,57.3543849901436,0.0,0.0,24.710547803260503,224.12111139307825,776.5502148864559,682.4394051732604,105.06274537470412,52.531425611881915,0.0,0.0,25.333804793540008,200.6949318700311,684.5952370997534,627.3706219357504,112.49832147069768,56.249425394772246,0.0,0.0,23.703328335814724,220.9710688515626,774.0456304395277,690.0164951861393,115.00064696370993,57.50016811691261,0.0,0.0,31.608347539984,260.9209901044443,852.3571766740844,744.5364893119643,113.75240923412458,56.876232455270866,0.0,0.0,28.046133836164344,196.6079803076735,600.8111845704988,516.3985830882489
2025-03-25,DSWRF,surface,32.0,-124.75,132.64012018294096,66.31995387362802,0.0,0.0,28.438971612595303,254.0488835624444,834.96710968706,740.7800906559671,124.50459371909676,62.25253821300716,0.0,0.0,27.666153566216597,246.61307386378363,807.6206693954164,707.2414510204907,111.40166531887512,55.70068204636331,0.0,0.0,22.144421573130895,189.00437631548556,675.5913285755646,603.0469136440191,100.64303227441864,50.32163875719243,0.0,0.0,24.874261101577588,224.7217398563108,781.1184733239197,697.8204749501159,122.04847211407686,61.023938194724586,0.0,0.0,29.09210315681795,255.49863856774664,850.5286434758773,737.7748205146727,107.8512885780633,53.92570891725944,0.0,0.0,25.070716586255426,171.60487676319678,511.73677881851665,459.8975776141146,85.0331783099407,42.516690257227765,0.0,0.0,27.473749576359783,216.270462910252,724.9392853797704,637.280680106112
2025-03-26,DSWRF,surface,32.0,-124.75,122.76700769574168,61.383308468873054,0.0,0.0,25.395618811712104,223.785127004414,782.967435611578,695.2166993007647,109.6026272684254,54.80135279631757,0.0,0.0,22.672556233791276,192.5232270110133,667.6554251336809,590.8077331203237,93.336811481807,46.668279170824874,0.0,0.0,20.009780295613556,201.86461068126857,750.5418951693812,668.8227600215448,113.0969512811498,56.54843923895978,0.0,0.0,28.537439394836472,255.3882864975397,836.2456640857475,722.8160345966119,107.12991932361308,53.56476237163519,0.0,0.0,24.845011511483257,170.18172744884413,542.9575236297491,473.7164584583956,76.78804963723499,38.39394527191357,0.0,0.0,23.385286632421824,161.9097438884615,509.3725789580378,432.359139751035,59.81525597608765,29.907421302529507,0.0,0.0,25.44443160574288,191.11663730363935,651.3784368643044,576.4931058647148
2025-03-27,DSWRF,surface,32.0,-124.75,103.00460248101876,51.502263787190046,0.0,0.0,21.975074491756693,194.99406640244905,672.7171957523886,598.2266910839129,94.71967681236175,47.359757071704195,0.0,0.0,19.94866362578536,200.0976411901821,727.1045258093238,655.4261423736529,110.77249207893706,55.38605152371569,0.0,0.0,30.694504520417283,255.8127531259299,818.4111892848944,703.6899141368037,100.21848591386512,50.109508944364585,0.0,0.0,23.597038379092552,175.41557446551303,563.5459358315476,495.1661392327735,81.50406449703499,40.75219060323477,0.0,0.0,24.031160546058093,179.78178394988362,595.3583906363851,530.2722316425435,97.20265952587091,48.6014781739755,0.0,0.0,31.86738826245988,221.4523362355785,654.7597065177149,549.2776928719609,70.16497100047812,35.08253204187624,0.0,0.0,15.999622874034184,117.40426821608132,428.7573867245327,406.62562690089294
2025-03-28,DSWRF,surface,32.0,-124.75,98.57982354754108,49.28984693780434,0.0,0.0,19.801127399432172,196.65853983639087,739.2682145859251,652.956668470536,108.6703394291459,54.33505081629515,0.0,0.0,30.711034039335367,252.42902619704296,819.7205339591369,709.2350436953935,98.27309053964566,49.1365465119085,0.0,0.0,24.27361588364604,175.86358521221348,579.4760857208169,518.1215273218411,90.34312124290425,45.17146300520436,0.0,0.0,25.87788317504793,176.1591291578123,545.1777724265,497.9551219532683,106.29649871892896,53.14819170455111,0.0,0.0,34.746543473314034,249.57381287870015,780.8003581447003,685.2832909472928,113.7607350552274,56.88027351375882,0.0,0.0,20.640842219750297,130.82830056770598,397.3299683876459,330.50427038051384,47.41134729539125,23.705597776897097,0.0,0.0,26.680317994829096,199.291932208102,640.3212549357379,567.9536139357465
2025-03-29,DSWRF,surface,32.0,-124.75,109.11436533011928,54.55716031849116,0.0,0.0,29.716918111022245,240.79529137491545,786.7145165955089,678.9536726246164,91.94981169259404,45.9749983930195,0.0,0.0,22.33426873951405,157.99607758303614,519.494438594184,470.4498673264474,88.24674234609861,44.12354561537903,0.0,0.0,25.57279371905781,187.47814182158208,635.819391359018,572.7185396164743,108.8586686142676,54.42908413841863,0.0,0.0,30.294206883936088,230.4414498000463,739.7067286317258,653.9659894252632,117.01803554003128,58.50891613070664,0.0,0.0,31.1142902203635,215.95242721908184,663.0653876639471,575.8172668095059,95.9536220225931,47.97660183008338,0.0,0.0,29.028155732362325,192.8539690221372,604.3233637489982,545.2344881638203,112.35873852335146,56.17911876914983,0.0,0.0,38.57083636958054,270.13822233240205,846.5834455315805,752.9960653371138
2025-03-30,DSWRF,surface,32.0,-124.75,98.3194437850388,49.15965841263783,0.0,0.0,18.868150316050738,158.499322630483,559.6002591809911,514.9629779104289,102.6071927539532,51.303499781476056,0.0,0.0,23.853523011025107,189.22840973016352,650.6526455965014,591.4637199281872,112.5634050470281,56.28169132480042,0.0,0.0,32.70067874931008,232.49897343266,730.565297277311,644.6885590905372,120.54607656255456,60.2730930640672,0.0,0.0,34.270913735966786,256.91199668950037,793.3788919913748,699.2280276146298,125.12065288284896,62.559923790086,0.0,0.0,36.46962697369126,256.5056626563265,811.2305365984023,710.6305347929022,131.70536898570015,65.8528988266085,0.0,0.0,41.86394600128626,285.15838915310496,865.0076804046548,758.24553633651,141.30599856722716,70.65301599316663,0.0,0.0,47.36929229327857,298.9207597934917,897.8958181741299,788.5456750378789
2025-03-31,DSWRF,surface,32.0,-124.75,103.926499688091,51.96313638781862,0.0,0.0,24.386344429904455,189.61469234440128,654.414597522423,586.7869277691965,109.2618707950968,54.631095864397366,0.0,0.0,31.430540693534994,224.0071150293659,702.8594851277118,624.7626817091718,119.0954076816425,59.54781962575346,0.0,0.0,35.0068998678089,256.89612955796406,802.7391582875514,707.8833877081762,126.60033218627456,63.30039071647552,0.0,0.0,36.81481814251267,252.8346186025318,800.6478059857159,708.4927776876291,133.89179162282227,66.94592207392984,0.0,0.0,44.10618908913966,288.9018052222752,858.6078945796012,753.1041037212641,139.6628757961024,69.83144777159589,0.0,0.0,46.79066101703425,297.0923017218548,901.335652473316,804.9054148221852,157.80089972862038,78.90041997815028,0.0,0.0,48.43945361692152,300.3122826011118,899.2654940023556,796.2733026248875
2025-04-01,DSWRF,surface,32.0,-124.75,112.70611289406474,56.35300428124653,0.0,0.0,31.43951416630872,219.7900909004995,689.6447611419746,608.0755547166644,109.62069607867645,54.81030889467067,0.0,0.0,32.46807664892441,238.84911643828423,761.631043675226,680.0067747653068,127.87232779296328,63.93601274626385,0.0,0.0,37.30770037993918,258.6392252698687,820.8039784008322,725.9577906408069,138.39202933219423,69.19594941349592,0.0,0.0,45.46668464586972,294.4127869226396,886.2293421549379,774.8165997481094,138.13599819694704,69.06816598145215,0.0,0.0,46.73644938618082,293.4766595737465,895.9240410328962,800.9211679414442,156.93301090037178,78.46650001276655,0.0,0.0,48.32589929054643,289.9643641752791,858.5770706076382,760.9319741138797,141.71387380088296,70.85684125528797,0.0,0.0,43.70497076563893,273.125295864649,841.6112304473074,751.9583140135672
2025-04-02,DSWRF,surface,32.0,-124.75,111.87105611620264,55.935494426227834,0.0,0.0,33.105482013261565,243.40971042239735,768.3420649026209,682.5421075709157,128.53861185994032,64.26904727625711,0.0,0.0,38.3287872162779,262.75787127842193,830.8344333468051,730.0091814937236,137.6199806216992,68.80985630687493,0.0,0.0,45.00290694885999,291.67888778377284,883.3572600999478,780.1578169414843,147.43522599834438,73.71756939685822,0.0,0.0,44.942722538626285,286.96554016767374,889.2427446007596,796.8649544794823,156.73510706004976,78.36750832034097,0.0,0.0,44.89380270345121,271.8818698637867,803.1851885399012,704.3409433213078,126.10320279973294,63.05167976225036,0.0,0.0,40.07791992980009,265.4280151249173,845.366867755612,755.3360020593525,145.0326941032792,72.51649127076033,0.0,0.0,49.863694262761115,300.27815690515297,897.9258745009381,804.7503634172901
2025-04-03,DSWRF,surface,32.0,-124.75,132.68582769175254,66.34281864445387,0.0,0.0,40.87513016386788,275.3803641413993,843.285359116594,741.7494152057268,141.7478244291861,70.8737617383376,0.0,0.0,45.327275425498584,292.03193860255294,892.0817446930109,790.7742100866595,150.71024726492794,75.35489027512361,0.0,0.0,45.385183628076945,287.97780828624695,893.4626933023651,798.1271386885221,154.98373592683993,77.49182701575347,0.0,0.0,46.8036048929457,280.9619321221528,818.1211622602204,709.3317251451415,119.0774358606344,59.53886812736262,0.0,0.0,40.85287427034445,272.6075332282952,853.7124479867568,760.8369300741367,142.99100338979463,71.49557547261995,0.0,0.0,47.48575447575602,289.97705452868104,883.3144279925125,793.667671024465,162.47077612808252,81.235315507722,0.0,0.0,52.835981076330725,297.3150405489373,879.7740201904876,776.8835334703971
2025-04-04,DSWRF,surface,32.0,-124.75,143.6123456250168,71.80618376967277,0.0,0.0,45.763224588387374,295.5148084748578,905.0053867669444,805.0013311441874,153.37461748738298,76.6872395238432,0.0,0.0,44.35237239923692,282.1145504022239,874.7612250698702,781.029570861,150.69757426427407,75.3487358714836,0.0,0.0,46.10015707027499,277.98255668671516,815.5738535161702,711.6529861796325,121.92008946614546,60.95995698487543,0.0,0.0,33.80114359511121,226.53363344584233,772.0728184783438,703.7807367551843,145.49612291217147,72.74820759158874,0.0,0.0,47.5088465533089,291.41776891887463,886.325292760285,796.6284192687887,161.83158740192707,80.91599650115039,0.0,0.0,54.99753478032107,309.11483663968295,913.6122598523048,817.4809812842251,164.58088585309548,82.29019282242905,0.0,0.0,49.75256055007503,286.92140588119446,857.2675483117748,758.8578562956214
2025-04-05,DSWRF,surface,32.0,-124.75,154.16246593080277,77.08113810952446,0.0,0.0,45.84561675190639,289.21663987379077,893.0273511606329,797.7534512715145,153.76325039271111,76.88157979086279,0.0,0.0,48.124501026593336,291.6721471633215,865.7848638891029,760.4917309780194,134.10128047257876,67.05076597688964,0.0,0.0,38.39743091684754,239.95929981976224,761.6300026076365,675.1702261833309,125.1054583322274,62.55261309093496,0.0,0.0,45.7699029273874,279.1132366659723,867.606653322108,784.309660640261,163.2821776387995,81.64107300146006,0.0,0.0,55.20371686850299,311.5240167255905,917.731148676272,818.0049642714,160.79879546918085,80.39955982583788,0.0,0.0,46.626830400303454,275.77810772418576,830.397233301288,724.7437765593797,124.1474852765338,62.07386086663987,0.0,0.0,51.136468532373144,296.9820637819839,901.7300693211488,801.7048371605961
2025-04-06,DSWRF,surface,32.0,-124.75,153.73080778670612,76.86557030989087,0.0,0.0,49.026164139519615,294.5530390127053,870.9033751186048,767.2173477796968,134.85538536318342,67.42781823812551,0.0,0.0,40.26463695512671,239.02620143653627,745.484864181304,665.2571020228434,126.7972189715623,63.39858872342765,0.0,0.0,44.57908168196165,279.4533537919319,858.5057580330409,776.5031266413259,160.35948774330436,80.17960308993507,0.0,0.0,55.48434581364374,311.52985852556696,917.9766359878834,817.7793352107338,159.18874282047128,79.59441380317813,0.0,0.0,49.26398897172613,282.54336659523466,830.8971543670641,726.0312445552294,131.05186136203343,65.52597816809745,0.0,0.0,50.908456570644574,291.65961914219304,868.5797343278339,768.0149620282727,148.19121296810502,74.09591567864165,0.0,0.0,52.19588329188882,286.97779938563895,845.7786895577543,749.6437255879312
2025-04-07,DSWRF,surface,32.0,-124.75,136.79314750164693,68.39661018170543,0.0,0.0,39.11384598304832,244.50388776676388,787.2942769516451,699.1866757712983,129.37769047459062,64.68878595481951,0.0,0.0,44.23531279298051,279.84361036124307,873.8890467658052,787.0237429490105,160.50142524769194,80.25074665024846,0.0,0.0,55.37055669660763,310.4045568720359,913.7090613390648,814.6806014845143,158.0635992320171,79.03190846629171,0.0,0.0,51.2997089427152,295.3325445483648,875.3358674499782,768.8614338567577,140.5244966545929,70.26251376645214,0.0,0.0,47.280591113982794,275.18258417823785,834.82239205273,737.5753725748748,139.5477925137946,69.77406996249331,0.0,0.0,55.558516723031374,290.1167231880555,874.8534568650392,786.1583097349751,164.3836154695533,82.19165593222175,0.0,0.0,62.733323138475406,325.9616449343283,942.3470690123193,840.9751017661938
2025-04-08,DSWRF,surface,32.0,-124.75,127.21635357174873,63.608249036289635,0.0,0.0,45.28120961407525,281.12508733883794,877.728540771436,789.8621836740768,158.13435638035838,79.06715568701746,0.0,0.0,54.82118536928452,308.43368229361454,909.4623078215856,811.5411012112621,159.90451359987773,79.95232243854895,0.0,0.0,51.4478543681488,294.42750888273633,864.0598662331302,759.4662384150324,137.0066187825457,68.50333601966582,0.0,0.0,47.373443743462744,275.0203404484738,842.2080718406671,748.4666270701417,148.59573842887772,74.29790117656896,0.0,0.0,55.95179196039846,307.4339537062608,907.2881637335454,811.2635037312261,169.35422412140628,84.67721861129678,0.0,0.0,64.02306151617947,330.1365442707556,947.2502890724536,848.2567256336943,181.25494058369375,90.6275401447401,0.0,0.0,63.951013627336195,321.7651830794992,923.3338583069768,820.8456817641784
2025-04-09,DSWRF,surface,32.0,-124.75,156.74883569428354,78.37437995275133,0.0,0.0,54.264602088605216,307.4393239269864,909.9494099678524,812.4029934273315,161.79360924169305,80.89670903002562,0.0,0.0,52.200630951989,300.2620206363123,883.8027809903155,777.2633592700907,144.42197738643327,72.21092778638271,0.0,0.0,49.4087155938946,277.64392638501783,842.6633262969137,746.8481163169569,143.12568617663095,71.56294364324492,0.0,0.0,54.04288991340368,304.6435860812337,907.3627369533248,811.3629820046108,171.4609657786332,85.73033180647144,0.0,0.0,64.89880810304412,330.31382878185946,946.2069934032176,847.9189167999436,180.5407061126462,90.27025398889036,0.0,0.0,66.17365939327033,329.8440121616969,940.5513428025564,840.4130913397128,176.731782895816,88.36578891543616,0.0,0.0,64.41795387810201,323.3608407400905,923.2747272227434,826.5536501021091
2025-04-10,DSWRF,surface,32.0,-124.75,160.34020391870035,80.1699636211314,0.0,0.0,52.70139382868878,301.98081141851503,885.9376232630091,781.4173855823233,145.54356200601475,72.77167597720893,0.0,0.0,50.05930747265424,280.37452276634946,846.5190835342926,751.2903105107164,145.34308651516017,72.67145444952408,0.0,0.0,52.85571026024117,300.4866014277399,905.0431520829588,812.0095990646671,171.37205849287287,85.68605056552376,0.0,0.0,64.13506167356935,328.9729627737356,945.8290903923024,846.9400985304899,179.31678000997528,89.65850027859597,0.0,0.0,67.33049910209019,333.43247789941944,942.3883096445225,838.0685891292096,173.91582371380753,86.95776635993755,0.0,0.0,61.9375478785012,315.2290811950722,912.200903674204,814.6364363966018,168.53784674277227,84.2687017947654,0.0,0.0,66.89719483634059,322.6233043477236,926.5937484682228,832.6475688037054
2025-04-11,DSWRF,surface,32.0,-124.75,144.54530802739114,72.27247358740874,0.0,0.0,49.81382461438558,279.5536441101633,844.5484871467735,749.7858621556513,144.50614005447088,72.25309449337624,0.0,0.0,54.5770703449942,301.2775973848933,905.229419678218,812.7486356938091,169.8793666616744,84.93954253822264,0.0,0.0,62.17635651765593,323.94371308633686,933.0156154375608,832.8001422129358,174.3237803738433,87.16169003102084,0.0,0.0,64.20005198787567,320.4500355499032,908.3591775599882,799.4867958755169,155.23358259933576,77.61696275458657,0.0,0.0,55.01818089146377,291.0327085006471,859.645477477842,759.864028494364,153.87881725204733,76.9395689257934,0.0,0.0,63.37393629161412,307.3595872454735,890.0602948529875,797.2639063187953,172.66307474542853,86.3315095734966,0.0,0.0,67.85339809826422,319.0728866103302,897.5727838899052,797.1751538626235
2025-04-12,DSWRF,surface,32.0,-124.75,145.31771176318014,72.65873684499343,0.0,0.0,52.91905690450348,300.54831925453436,899.8575639778497,806.9293320606724,168.01277782442224,84.0066202180188,0.0,0.0,59.963559938014455,316.06664215790846,924.4355566711351,827.1527556129045,172.3977035548725,86.19894045224768,0.0,0.0,63.080057686642185,320.2572624125325,926.4050148038148,821.6103291734214,165.04212855051694,82.5211638575415,0.0,0.0,54.95015770915976,284.45334206339066,830.7985339070556,735.0631713173075,142.45415731696988,71.22703912071859,0.0,0.0,54.935219730535664,272.86388853632695,790.061023299659,702.4466683149278,142.17628719342528,71.08837056813542,0.0,0.0,51.67577405299301,255.1901904808979,774.2513081473198,693.758101203943,147.7804398814863,73.89023060749938,0.0,0.0,60.27894614853968,292.63710468013386,820.1429991824623,731.5542185696095
2025-04-13,DSWRF,surface,32.0,-124.75,168.90435987060894,84.45202282354902,0.0,0.0,60.38496781883782,317.61859326038154,924.719162865771,823.3849892603021,169.99577903309313,84.99790372281495,0.0,0.0,61.15950791429573,314.7538440462986,895.4747950734508,784.5702423261456,153.73902246543946,76.86931491145933,0.0,0.0,54.58972693145667,276.9174524670247,799.825169369847,700.8785469092006,126.74412546342164,63.372057065064766,0.0,0.0,47.449286978696115,244.07276743829303,748.7672097623429,673.2914915606343,142.85361990929005,71.42690586443595,0.0,0.0,51.24469914786576,248.94215879816915,754.304383973767,671.0704364125195,140.48529107706625,70.2427429729475,0.0,0.0,49.095260438536044,251.4180104865469,751.1123404911896,688.0425429390293,157.94222466994228,78.97104963093255,0.0,0.0,58.02400141457261,285.60214079683783,817.8155435061271,727.9657387017298
2025-04-14,DSWRF,surface,32.0,-124.75,169.8506262666822,84.92510894648512,0.0,0.0,61.633200030557006,310.9201190185231,884.550886624738,776.7410922550109,155.05848229871563,77.5294019364627,0.0,0.0,54.34271777264597,275.26217003138186,790.1563749144955,692.565580763029,127.18005010028594,63.59006823803382,0.0,0.0,46.16709270637291,246.56780498329692,764.6024744726028,678.0395896553512,136.00735461393054,68.00353272499092,0.0,0.0,49.81447867815882,239.0734904618908,702.6026613454865,635.0861557267391,136.41237664897372,68.20628188994726,0.0,0.0,50.61519204700421,254.71748405279197,758.810557851132,682.3973915048648,152.42314696897057,76.21163116811721,0.0,0.0,73.4979902070631,338.3626782690567,927.4490497888194,829.3543000271848,180.48470622615588,90.24236516336146,0.0,0.0,72.49831047785045,326.75634866436934,917.4498403782608,817.4550453179011
2025-04-15,DSWRF,surface,32.0,-124.75,149.3992745608893,74.69955268394682,0.0,0.0,51.467537220410705,262.1499679338612,781.9368865439596,690.2461523339798,130.61919896825333,65.30942917724076,0.0,0.0,49.094654443277825,249.13179886897683,767.3901086612673,683.5625251854199,138.19867022660063,69.09951688992552,0.0,0.0,57.74696495012427,282.04560561874484,834.187070688492,737.0490456621425,146.75088980800652,73.37567186067963,0.0,0.0,52.3412827844862,252.4334066592705,767.6303765966095,699.9803747278872,157.12397473002238,78.56210560431536,0.0,0.0,71.53900669941154,324.6274716303026,912.0608718294172,816.7076433753075,174.4461563811139,87.22292507540341,0.0,0.0,71.0978822879528,311.87138689669416,874.4068991987865,772.6581205848113,155.7440337508976,77.87237677887268,0.0,0.0,67.54481407256583,308.58210774136023,874.1175443358502,785.1135910113238
2025-04-16,DSWRF,surface,32.0,-124.75,124.79352527006426,62.39690494957761,0.0,0.0,48.07801568065057,250.80779575332383,785.1764984524553,700.9014944986111,142.59860804732577,71.29922660353975,0.0,0.0,56.303839189018966,275.6535330279985,823.4755161360109,734.5071680661829,152.08710881553287,76.04364984476547,0.0,0.0,62.77970701299233,289.19546724731003,844.0287420867174,761.7887629088132,167.59276480540063,83.79656900250052,0.0,0.0,68.56873365912985,306.8220412913666,872.9779909272015,779.964386641288,164.75255899899798,82.37653480256691,0.0,0.0,72.79212134652367,327.7710187696473,917.0016701796822,818.098146734668,179.91954829773982,89.9596492861651,0.0,0.0,76.26565180826675,339.6765349777353,937.4691073469256,831.9295694046095,178.5961597247402,89.29807283648617,0.0,0.0,77.11905897847777,335.31122265253083,916.2740048178076,812.5953660939757
2025-04-17,DSWRF,surface,32.0,-124.75,135.70559307024067,67.85284964402027,0.0,0.0,56.01989002079685,275.33431573912867,817.447884555271,729.0212417955931,152.3691453574932,76.18461872475784,0.0,0.0,62.87267874502902,292.6458777344175,840.72264637731,756.736434660156,171.3501084331937,85.67517919603819,0.0,0.0,70.42313898898544,313.1231007778243,881.5019873130861,783.560782381711,162.66012389510337,81.32995056919222,0.0,0.0,72.33263310018174,318.5180680426272,890.9496366036772,792.0253222351619,164.36158188951038,82.18073911821241,0.0,0.0,73.09044248476383,327.7897323197135,921.9777773272388,824.7796757869792,182.66473181641487,91.33244690215352,0.0,0.0,74.99630947385646,335.7053508095086,938.2345619037792,840.9704606173739,189.9559306164745,94.9780763895686,0.0,0.0,78.32629600905457,335.49864846475305,918.5330157192814,815.5423082121538
2025-04-18,DSWRF,surface,32.0,-124.75,146.68953281031264,73.34454838815262,0.0,0.0,61.02317224073858,287.6232025076194,837.2302032041921,755.8563161333559,173.56653104925866,86.78321900582242,0.0,0.0,74.02709843223204,334.34995310494736,930.8283856920408,828.4952363682762,175.32800808668998,87.66391537771044,0.0,0.0,74.90929086301738,330.60561518176075,917.9951602014542,817.4586611073656,174.34085665101685,87.17034430045067,0.0,0.0,74.78919683166994,335.0319382803776,942.5379751944348,846.9348290256975,190.2288794802777,95.11420611523369,0.0,0.0,78.18748039542244,340.46287133923954,933.2809211960008,827.3394131305141,175.77508712645198,87.88742953953385,0.0,0.0,71.69914808446467,322.66403192294933,908.1513128615628,806.3536089980269,171.7424497768197,85.87144200013094,0.0,0.0,72.52244847245123,304.50750964598,825.2492060770714,712.0090770101873
2025-04-19,DSWRF,surface,32.0,-124.75,165.05586520204423,82.52802828851253,0.0,0.0,72.75605783048888,324.2627869875267,911.6867858910342,816.5809691006573,175.36120799987668,87.68048307459347,0.0,0.0,74.51730852331153,327.95350792638953,907.9747253344178,808.9442727158139,172.3664323155195,86.18347298467667,0.0,0.0,74.79891856720265,337.413438823655,945.1163181094807,847.5249693619044,190.7554829043342,95.37787881862812,0.0,0.0,81.41991695504151,349.30504671756574,951.357625867809,843.0420073865344,180.32372052553512,90.16186737027904,0.0,0.0,77.0881236775099,329.5871516272351,910.2552907390824,811.1555938235042,175.9213013585907,87.96090434652362,0.0,0.0,71.62251337113875,305.5395685938219,847.0144579851927,751.0764548260004,163.56381456286204,81.78194450405569,0.0,0.0,78.68891856657531,333.53898842158026,915.3877723878976,819.7528345149872
2025-04-20,DSWRF,surface,32.0,-124.75,170.54500363830203,85.27286883269014,0.0,0.0,74.78823144505657,328.0775181210695,909.6456497683236,810.2635036301982,172.33525613496292,86.16767569941878,0.0,0.0,74.89226550531339,341.41325513707227,953.7524963520972,853.8810318192525,192.4400138607346,96.219849667914,0.0,0.0,80.87708206089673,347.24377292662746,949.2200826498504,837.8977372623792,178.08134130529112,89.04092942580256,0.0,0.0,77.30619062418562,338.3087391817182,929.456282203225,833.8324513159996,188.28511188132907,94.14267852923078,0.0,0.0,63.96429696937584,278.64409309757616,798.4958507462009,707.7635769835945,151.65742392745213,75.82891058684692,0.0,0.0,73.89092315537513,316.67868254673215,866.9255459640601,771.1842270548927,176.96542447142656,88.48274166170137,0.0,0.0,81.07797248985429,335.35487328068496,908.2995340645776,815.7880485808059
2025-04-21,DSWRF,surface,32.0,-124.75,171.4967216097576,85.74831579564254,0.0,0.0,75.02631704166089,338.91648575742363,947.1164611707776,847.5339759739026,190.5730168772155,95.28634117687562,0.0,0.0,80.31050851615583,344.30434361838945,939.839213807913,831.649517470488,179.06567425285277,89.53273158364973,0.0,0.0,77.21193799290383,337.14772187987523,925.5252163143456,821.2395399519061,179.01748384620436,89.50884438435358,0.0,0.0,69.1934229590755,293.5872859158634,801.4297999524498,687.5077415636586,124.51545179439162,62.25767693708701,0.0,0.0,70.88809693133251,311.34648150580864,886.6133623662256,792.7144933026316,179.62085051434786,89.81119400132947,0.0,0.0,85.28564262872871,353.45448995099395,952.7142910535362,853.2052498997384,194.8778825056312,97.43970224002284,0.0,0.0,91.52377624530222,365.0346633529663,968.4897411013188,867.5314976704445
2025-04-22,DSWRF,surface,32.0,-124.75,184.85858357650747,92.42928346346508,0.0,0.0,77.07080872933233,335.5224583454596,930.7946903308627,821.1226155185562,171.20436620044495,85.60204132553258,0.0,0.0,73.11982148413615,322.66367178029026,903.9613563415356,805.9719815448103,178.38234199327613,89.19140014508973,0.0,0.0,75.23140861016742,316.50665335604367,851.6308708199264,732.9352694894676,130.42170458149633,65.2111188349589,0.0,0.0,58.12215215568355,264.7388276080397,814.7215068818196,732.725162925498,162.68340642384854,81.34177540022455,0.0,0.0,66.38388247466695,282.63481964997754,775.3507082011832,690.7429095495859,152.09678094351324,76.048848739302,0.0,0.0,66.79769571267846,275.4978771832633,749.2353691536293,680.079320512471,164.58237934341616,82.29235667339552,0.0,0.0,75.8036057387261,311.5284891813395,879.1194814993858,788.5023990097978
2025-04-23,DSWRF,surface,32.0,-124.75,156.43278816388855,78.2165849305634,0.0,0.0,71.19983496796091,318.22439403855077,896.3978334928429,802.7447098619641,180.8269227888742,90.41373760844118,0.0,0.0,75.05778104117003,318.97829590630835,854.0037700110379,735.0500035734943,134.94181736201728,67.47105093468411,0.0,0.0,60.34019595091502,268.95308294964576,799.9666445697283,718.904137272473,154.14300949480997,77.07196439043115,0.0,0.0,61.12584811461604,260.6737164587406,724.9354415847604,645.150512184314,140.2887012709432,70.145022094408,0.0,0.0,59.20715139597059,250.54499741459068,711.5376398529045,655.5839644172033,167.4531165916243,83.72764657017314,0.0,0.0,85.25468079554912,340.2442193742986,924.9858645785492,832.5431292953713,198.104423987276,99.0542855638946,0.0,0.0,91.4714423905438,355.8264160925866,948.1693487796692,849.0534073553868
2025-04-24,DSWRF,surface,32.0,-124.75,175.80457187589576,87.90232594325991,0.0,0.0,75.50871793022546,314.8059613445021,847.3645592113028,730.2349238958619,130.4143507830315,65.20709783828627,0.0,0.0,58.72650791440884,264.4758843872155,790.1026492665817,712.9338144218483,158.25419794580185,79.12714918759433,0.0,0.0,62.92974673335847,260.9078753027041,725.3227532011472,647.2619095415923,139.24203968877276,69.6213533638196,0.0,0.0,61.325710461098026,254.02727560553723,700.9617021366889,623.8751609442944,138.27839846649002,69.14013032979435,0.0,0.0,73.05486174010471,301.0744609336907,836.7558781751052,758.3956745929181,180.81454744166751,90.4090614296382,0.0,0.0,89.3496594726129,348.846274716537,927.9099970912176,816.8547463165618,178.76071145474367,89.38304724738799,0.0,0.0,84.29044088685276,335.9963536797993,868.5640392372748,761.1951808691829
2025-04-25,DSWRF,surface,32.0,-124.75,128.84969541781294,64.42473686740965,0.0,0.0,55.26370257128386,249.05124569473415,748.3370075418325,682.934119465386,158.1035063266972,79.051869077579,0.0,0.0,65.66994783045553,271.9958331888265,726.624475323946,641.1722575730212,134.30477553191923,67.15300778217184,0.0,0.0,58.14965489584024,236.28698387646776,652.9453749686413,588.4918009674725,134.46462749583648,67.23348725610708,0.0,0.0,78.32861094065365,318.360325163879,878.1681527057025,785.0569625258355,185.26354949222625,92.6333711307672,0.0,0.0,87.15076707465956,338.2848740723032,892.539667227327,772.665235288412,156.83260725583554,78.41845110456877,0.0,0.0,75.6860220789341,309.7702274992244,855.393152909664,771.3269847422705,183.40412412932812,91.7057549583386,0.0,0.0,87.12403485092932,333.3286740152328,903.0054134325992,809.1261656726836
2025-04-26,DSWRF,surface,32.0,-124.75,153.45617395043706,76.72830974014326,0.0,0.0,63.77450224102025,264.14312168483815,711.1198438521226,619.8173969450191,125.47766753115924,62.73972035135846,0.0,0.0,58.34535126531544,240.75203236211587,664.1813244670333,601.3419229597189,136.34978488963856,68.17639670884797,0.0,0.0,76.3012378146062,313.5850566993909,857.530534754861,772.5618396024598,186.01550324794303,93.00934896664648,0.0,0.0,85.31193891816169,335.1380139684916,892.2536381352999,783.9484062528355,162.40133816542266,81.20198617522007,0.0,0.0,67.82506780616418,278.9855680470103,776.1161094485158,682.1305106132113,153.66071590187673,76.83396080756654,0.0,0.0,84.97169786987976,327.2590805062001,851.778264091454,759.921356600752,177.30459461130852,88.65667700684133,0.0,0.0,88.07932699978116,316.7689778306691,760.7209212837877,655.4712859521378
2025-04-27,DSWRF,surface,32.0,-124.75,127.42693482145214,63.714032618979914,0.0,0.0,58.40048393774627,238.7566376924001,657.1256224127857,593.8087055872868,137.6947614241288,68.84876140669964,0.0,0.0,74.37248764426667,303.77202171449727,856.1709798278338,770.3213798854015,178.18265446624864,89.09300158859405,0.0,0.0,85.99218790972003,338.810342574591,896.6081626932671,783.9392192001624,161.77727560380754,80.89078710297875,0.0,0.0,66.94508767752481,279.4618486785673,795.9168823963855,715.1777254974342,165.57943951778793,82.79335557587098,0.0,0.0,81.73697138439759,320.5529544301294,870.5977289569155,781.5419685380646,186.64964958655167,93.33006367421716,0.0,0.0,87.16220572975051,322.78733443123605,812.3760912267404,705.7948612824729,141.70401527502605,70.8531409988249,0.0,0.0,68.39823170976291,269.3753632239998,762.5034251156499,689.073118925669
2025-04-28,DSWRF,surface,32.0,-124.75,143.26546864036106,71.63449480584386,0.0,0.0,74.23579632498249,304.78857466048424,845.7615323687769,760.5364425618618,180.60867988018177,90.30624734815302,0.0,0.0,89.97628749029107,349.9756878063354,903.5915156307988,786.5272261864832,161.78989945506297,80.89721406596557,0.0,0.0,67.69825855448912,282.9606981131012,797.1847345891215,715.6411086952977,168.0425733281279,84.02539127673869,0.0,0.0,85.47578704843485,331.9747927540723,904.742137474172,815.7237515249349,199.7522350947105,99.88136890871417,0.0,0.0,95.69950516069804,356.66842661554017,933.1291409726,824.0107756096543,185.3930077126468,92.69797809762946,0.0,0.0,76.60673088917565,281.4646561125538,727.2136450234109,649.4996239832766,159.06394408413348,79.54018197077315,0.0,0.0,73.8984971246555,299.87877271946206,813.20095959109,729.2859483291182
2025-04-29,DSWRF,surface,32.0,-124.75,176.4936302826747,88.24839779236723,0.0,0.0,89.86109796052241,348.6373699925751,912.9657617645256,800.171413323736,170.9509406813567,85.47782529805505,0.0,0.0,69.8667577396285,291.40589897126506,804.5598689322234,714.2866887797413,164.27907667612558,82.14333777536163,0.0,0.0,80.49488464512487,316.9765934325012,858.4512521321366,773.4600062365503,188.0769234034632,94.0434922420582,0.0,0.0,95.48870350092608,356.4637084782721,905.4206195156988,794.6023576347818,171.86200939554618,85.93320634553854,0.0,0.0,72.29858539853217,274.6563872405714,726.1109249530579,653.9604228882271,159.5197231737308,79.76797825083938,0.0,0.0,69.96819305345954,272.227794222457,727.6297130585951,648.8433137941396,148.58188083885227,74.29903090696456,0.0,0.0,63.19756302484637,248.5451713975902,696.3887860162349,620.7963295759484
2025-04-30,DSWRF,surface,32.0,-124.75,160.13961342215867,80.07216030717701,0.0,0.0,73.03314060809295,300.5387338668272,828.4009103061096,738.9980483833976,171.5702881707121,85.78887101042051,0.0,0.0,82.35814876104688,327.4394616698677,890.0877704321788,799.4096751436334,194.71071427707676,97.36047981934554,0.0,0.0,97.87752536059176,363.6783288567183,924.8673978609568,812.5485104001039,174.82092069638034,87.41238322214704,0.0,0.0,75.6407862545133,277.96936750279826,697.1154222450759,616.1619612857481,141.80398350962503,70.91029794839956,0.0,0.0,59.7389420233927,247.8327294373377,717.691720315499,646.6459546841762,162.17323516756105,81.09846845682969,0.0,0.0,56.32401335380894,239.043463625373,723.1357198098347,666.2278721815254,175.36050741723955,87.69483409871745,0.0,0.0,79.96304793566667,319.47477280567614,856.2834807351257,767.5301269542915
2025-05-01,DSWRF,surface,32.0,-124.75,166.23250758066578,83.12032851424269,0.0,0.0,84.50076807180054,335.2051465481378,914.1964756560484,821.5499592296097,199.20675589860383,99.60876808803508,0.0,0.0,94.44004809347,352.0326631887492,919.942244253363,811.9864041897213,175.03252831656084,87.51915478294802,0.0,0.0,74.28565859850679,275.6067075437433,721.2764613419096,637.6896988168479,144.09979446457066,72.05768589872417,0.0,0.0,59.08877564796305,237.9262162524348,675.8827439615391,613.5196221653501,149.41833183544588,74.72063969413385,0.0,0.0,57.05377884675285,223.12132714042335,654.2033994538192,584.5072824067813,139.39838207657374,69.7139189027965,0.0,0.0,81.14980494381378,312.0562471765643,840.8670490879687,755.148909179192,190.12260611744637,95.07846673548184,0.0,0.0,101.2451657491712,354.21490796256717,925.1847672054786,822.6852668465774
2025-05-02,DSWRF,surface,32.0,-124.75,193.49741883879167,96.75387283128649,0.0,0.0,91.159809664128,345.1711446417049,934.00600711418,824.761562628863,177.9743522895262,88.9899115333586,0.0,0.0,75.216106734063,280.3055415963672,730.7915311230079,648.3405375433776,150.03744975329795,75.02670310428502,0.0,0.0,64.82776532764187,266.2218228721315,729.4373854567973,659.2702676563539,168.85769655020303,84.44093623907129,0.0,0.0,72.71424389959807,288.1020966246569,759.7947045429245,685.5452573564155,179.53922561897056,89.78434130169353,0.0,0.0,89.0146127913978,336.79667891759243,880.6630674098483,779.4266572286316,195.6079133657566,97.82205962417795,0.0,0.0,104.3234801530762,368.8651109731763,930.8544601722408,834.840998666221,212.7302241110678,106.38709238507944,0.0,0.0,104.32433859212476,365.2357472010318,927.6520114463564,820.3658626360384
2025-05-03,DSWRF,surface,32.0,-124.75,173.63670574266922,86.82175710339797,0.0,0.0,74.20392355504241,268.63574378615994,705.1555076271704,629.640888828419,148.75592504351252,74.38595304300586,0.0,0.0,63.77192304943522,259.8019821332241,716.1314052796049,648.991489853813,166.13301576572465,83.0785533696004,0.0,0.0,76.18890136742951,297.3262200503239,778.5451956018867,693.6566742543545,174.8711536907262,87.45035082822083,0.0,0.0,87.38260181772208,336.0217495584735,871.4509490528114,770.4032453487523,191.20729184828744,95.62163658735486,0.0,0.0,100.9683962395626,362.9766008030674,918.06677808708,822.1733351528144,208.40939271874316,104.22343219476288,0.0,0.0,102.94494549289185,361.4672054845671,926.7734517887748,823.2844516771025,197.0058719794789,98.52795381145071,0.0,0.0,107.31685718977124,378.4685019039001,944.2231731062544,841.807476794477
2025-05-04,DSWRF,surface,32.0,-124.75,149.88230449899302,74.9488079203338,0.0,0.0,65.76697189993195,267.5427173007153,713.3692575826158,643.2288225865423,160.7637010438873,80.39372460666125,0.0,0.0,80.28480137317399,320.37534439121805,853.7247923244462,759.7818199981451,191.63947496941017,95.83448106309255,0.0,0.0,92.27095628570328,340.28884990485255,890.9600246684374,801.198606179812,200.8981119481168,100.46682562172256,0.0,0.0,103.63110853899887,366.1977975608666,947.743742376142,847.9551213547057,212.2049260536536,106.1220855186844,0.0,0.0,102.82120930436216,360.00199017435,930.6204931509868,832.4243598833295,203.4802568467788,101.7686861628376,0.0,0.0,106.7533326537609,378.8159665157692,962.5709465073414,860.9496174188534,219.13941809573737,109.60295369360765,0.0,0.0,109.36194272451904,377.59671455204546,961.7419829285404,858.457871833419
2025-05-05,DSWRF,surface,32.0,-124.75,164.97103209786172,82.49756743132119,0.0,0.0,90.89837899075812,347.56926473539806,872.9581084091145,779.5377265785,198.18232352062944,99.10602214720237,0.0,0.0,93.80324196578498,343.9691799370646,904.9763288469655,814.9881609129626,208.7106870540916,104.37338866459064,0.0,0.0,104.45396252282345,371.6668583449588,964.68124726787,864.3472787197245,215.2508227133139,107.64678639008406,0.0,0.0,105.066673756804,370.33362453428583,960.0899738182168,856.9686688077812,206.28400498101527,103.1704935706411,0.0,0.0,104.1048872124529,375.84381052791815,966.2430085312102,866.3660721130423,221.11410820219436,110.59106356193833,0.0,0.0,109.16269627548226,379.9219009778092,965.184978391958,857.4352755912348,201.11808712316915,100.58852276507112,0.0,0.0,90.6973611098048,335.7157121323917,862.6704128748281,768.6649461986119
2025-05-06,DSWRF,surface,32.0,-124.75,192.18997992378343,96.11012027379545,0.0,0.0,95.9166182693846,351.59908278332944,911.3304475081544,814.74553419932,204.0134275024353,102.02483182575224,0.0,0.0,102.47956408828138,366.09663792133176,947.513041487236,850.5131342829468,214.85576981700927,107.44708526164102,0.0,0.0,107.9421162986248,378.1738396275424,966.698009557338,867.3765562472242,216.85469455609427,108.4557571062297,0.0,0.0,108.96671793068316,382.2146737064223,974.0871331194612,872.4711043865519,218.72866331209173,109.39614492694434,0.0,0.0,108.7016074975987,379.4984493706644,972.9323069476884,875.0644244241777,223.467734595601,111.77193122083511,0.0,0.0,94.36770312149444,336.777482042447,888.370072974349,790.568565970022,206.00704746292897,103.04771457446796,0.0,0.0,100.2896514618703,344.34568400947387,875.1181469183902,779.8514032305457
2025-05-07,DSWRF,surface,32.0,-124.75,199.13419915070557,99.58542950846925,0.0,0.0,104.56405159932729,373.0540159095435,961.8444450054984,861.5224160261639,213.34954166943817,106.69426343930436,0.0,0.0,106.14412346578244,373.5590587658284,966.7025804024496,870.362956580641,222.0979399357318,111.07735153055918,0.0,0.0,109.98656703814407,382.3587874431753,975.0785580538376,874.9376368864278,221.64585044030684,110.85388611772022,0.0,0.0,111.6369055437126,385.4075788194328,978.8054563619944,877.2962292724071,217.81635435297943,108.94222335512995,0.0,0.0,98.0464257306981,365.33637380259427,949.7541832613676,847.5219176713694,203.6594903794253,101.8463330414806,0.0,0.0,102.97354639986878,341.5548860125848,851.6296022158119,756.5950043186939,187.3937895561823,93.73491234479066,0.0,0.0,87.81122341846049,306.85960806322726,818.0743844590529,740.0378632779091
2025-05-08,DSWRF,surface,32.0,-124.75,210.62475884434565,105.33236941807336,0.0,0.0,106.71174820534884,376.05690542305433,973.534736162673,875.9372561254328,223.61297455867657,111.83441294419433,0.0,0.0,110.34023824412084,383.0353463491912,975.403365319554,874.4986998009795,220.843368320283,110.4523195821776,0.0,0.0,111.2486760659332,383.85026672501743,977.9167809190452,876.3488742635518,219.30243318432952,109.68418967284106,0.0,0.0,107.11899844343787,372.7613257235324,936.346178550475,833.3834895648898,202.82731996004892,101.45199326294568,0.0,0.0,103.18007558177344,341.8274483446232,828.0269185288687,731.213701297937,177.89424572158552,88.99585481004772,0.0,0.0,102.73461945546109,361.39149427511927,936.602579072108,849.4029477335887,229.89724720955888,115.01049912695213,0.0,0.0,117.36509858379848,388.4200540390308,962.4695852800156,860.2687050749704
2025-05-09,DSWRF,surface,32.0,-124.75,220.78136313794872,110.41894510845312,0.0,0.0,109.08507628105431,381.2318757772902,972.7641287348712,872.3827379195566,220.6815169432819,110.37197522918004,0.0,0.0,110.41097873301985,380.0731334345876,969.1631140388884,867.3957837477531,213.52393013936347,106.79486103674652,0.0,0.0,111.99299342806884,386.0869941880361,960.434826805709,854.6326244003328,209.03120244384203,104.53562807693348,0.0,0.0,95.74998470325932,321.62713283781204,824.7780389695861,745.5224515815527,190.89633250753613,95.47842841690868,0.0,0.0,96.9940416646116,338.5520321425997,869.8207573688369,781.1980410242476,205.9650842515755,103.04008591339476,0.0,0.0,100.45120125795196,339.0333112241808,864.297348763625,774.8987671872245,201.43671222914452,100.78693137014304,0.0,0.0,108.86717236074556,359.87717448275475,917.1033475884852,819.8021188753064
2025-05-10,DSWRF,surface,32.0,-124.75,221.7279478761955,110.895358600332,0.0,0.0,111.89052167408455,384.110695659729,972.2990082632898,867.9412929722837,214.86719235378433,107.46220812656632,0.0,0.0,104.86464107253128,369.9463016841409,945.1241223205186,850.2744083490034,213.4905933465564,106.7681602343154,0.0,0.0,92.8775820594409,314.4122667879726,819.5589264553955,738.2308208181347,187.50973228713107,93.7932351661524,0.0,0.0,95.79818631534864,331.79252569896266,834.0114091068336,753.4606145064342,197.99244632005295,99.05273964160776,0.0,0.0,99.654314937612,338.4548745484236,861.4254773800965,775.185340455586,198.29120212295595,99.20662785335657,0.0,0.0,107.90148421108395,358.1772152286536,919.4027861473978,823.9481724164143,208.77921549186243,104.45279503424996,0.0,0.0,97.22316120424892,337.3568371963839,857.1939870341059,765.4734165287919
2025-05-11,DSWRF,surface,32.0,-124.75,213.34508872395503,106.70098828381506,0.0,0.0,103.80144812284976,366.2277423055287,940.2792154398082,841.8397922168526,209.0906167357521,104.5690882989478,0.0,0.0,90.7807628286183,314.52093346485657,854.787578611329,769.1777082780277,197.36244378561787,98.7218474770471,0.0,0.0,97.11978877930484,334.50681962624765,860.8470147856528,779.3396108061733,206.31193712537396,103.21009962399047,0.0,0.0,111.05198968197232,372.8878214202784,937.8747335464976,844.7174561908893,217.9648041429527,109.05081198151314,0.0,0.0,113.61338322005608,372.63552645520406,945.1117733502552,848.8414057264279,210.38811916790917,105.25276189207396,0.0,0.0,95.83071342932624,339.87901347909536,875.4272532752191,777.3542949703094,194.6670558678241,97.42247785147195,0.0,0.0,96.31584847681032,320.34566646472916,795.7107834124934,714.7615110573073
2025-05-12,DSWRF,surface,32.0,-124.75,208.79681603603245,104.42190932483234,0.0,0.0,93.36016199176568,323.3201581337711,859.0225591320898,775.5377819214591,198.64945731454665,99.3675502526658,0.0,0.0,98.48246114324738,343.16079506708354,881.4768042751227,796.4949861696814,210.78527188350972,105.45175767877475,0.0,0.0,111.4969830027375,369.01967907594974,934.8168445429728,840.990551797994,215.1016002093196,107.61936764608508,0.0,0.0,112.87934604638438,367.20179914119046,906.0545756494432,796.3729076846518,175.48405654332515,87.80078050234405,0.0,0.0,88.00733110958456,319.152760164844,855.2888667680803,772.9653151076515,200.71384523392692,100.4381378404602,0.0,0.0,78.93534932244702,273.92212743689885,755.7003723257075,690.7427683551354,183.32786625159017,91.7587813224006,0.0,0.0,92.2718874719408,311.2628231359523,824.8200583007651,756.337556496687
2025-05-13,DSWRF,surface,32.0,-124.75,195.11389205254903,97.60436389854404,0.0,0.0,98.05930014318216,343.93953693148296,882.7007508937544,797.7393244482682,212.89193437899468,106.50499160919838,0.0,0.0,111.49655109074392,372.55867143100096,930.6820301064477,836.3106018388116,211.18542644998604,105.66052175156707,0.0,0.0,107.23979904100408,358.90746519414614,926.9342859742736,830.8250603038354,204.14452792079524,102.1260461610227,0.0,0.0,88.96202821420123,319.70839613358703,846.6814011442618,762.198848651851,194.2378089295441,97.19399908018966,0.0,0.0,71.66149583774597,265.66293708398996,754.9675302892599,693.7639339405655,188.3317819981362,94.2530826766382,0.0,0.0,80.31357130772042,276.9698081055888,738.9186271133749,683.8625306788579,200.9023988098029,100.56866929255185,0.0,0.0,107.66321292763428,357.47625231195457,923.5281654887294,846.7698953879872
2025-05-14,DSWRF,surface,32.0,-124.75,214.9751118859873,107.54558564963386,0.0,0.0,109.043665895828,362.3851925194776,906.7752428909348,821.7804855474228,215.49953847606423,107.81823889876624,0.0,0.0,111.40286914543124,368.7084073669374,922.0627364040246,820.7515356164658,199.52840204718007,99.81052710226662,0.0,0.0,92.02340230131252,331.2048465898546,843.0703011814758,758.6874768404674,194.40459971314124,97.28597183251934,0.0,0.0,70.87618774563231,246.0536812570153,692.2823203287409,635.0463638991641,174.54712207379424,87.35128216987565,0.0,0.0,68.59053499805307,246.92628789063383,700.494818141483,652.1213368588647,186.88572283561075,93.55683723348216,0.0,0.0,92.46525333220232,315.0694096732535,823.0812300353128,759.0318201372475,227.3079175502516,113.78457509117352,0.0,0.0,125.80787844041669,392.5905198768447,956.0988318244458,865.7036688033056
2025-05-15,DSWRF,surface,32.0,-124.75,218.39894259470205,109.26809031718848,0.0,0.0,115.3889815660868,379.0363552067704,945.6094537269312,840.8242872711921,196.71748592259348,98.41052920208064,0.0,0.0,92.41664401617255,331.44274322965475,851.949250812118,758.4507736126936,189.6267888732092,94.89499406160743,0.0,0.0,74.61870159745959,265.6043334959372,736.6087446813181,674.6507466229665,184.59358871763385,92.38994778737028,0.0,0.0,113.05649479940888,373.3779897241593,947.8658703215827,846.679550137107,224.05044183918744,112.1387063245231,0.0,0.0,117.044182843156,385.1414853772696,993.6810330980296,903.67093469309,253.6096884328398,126.9374011766428,0.0,0.0,128.06467754069564,399.76534983973386,986.8700172084634,892.7691810345782,249.03050033192653,124.66319267827528,0.0,0.0,131.73723117594568,410.2557019827673,1000.7657069514926,902.5593057203866
2025-05-16,DSWRF,surface,32.0,-124.75,206.7075720525971,103.40804556488756,0.0,0.0,97.29488247986396,345.0387929673939,868.8635103800334,773.6643639721287,200.26255900309835,100.21289384292366,0.0,0.0,72.71472997850826,260.571214214974,732.3228833865455,671.693776849422,188.08614360624915,94.13960858361172,0.0,0.0,112.82091029653876,376.989443552594,960.381111627816,862.1442351327926,230.1746775628173,115.20633688806464,0.0,0.0,124.50815161295276,398.2096924373648,991.9268592387956,898.2675078541437,248.04944133801985,124.13970724922656,0.0,0.0,125.50112542479764,400.2185899878229,1003.006837408324,907.3650181389168,252.82489806263263,126.55901644938513,0.0,0.0,131.1950414633297,409.6364979587963,1002.4153959403698,904.555283570895,249.03766623697612,124.6761610613882,0.0,0.0,133.03031743004124,413.36227976986936,1009.8944887043338,910.332230248902
2025-05-17,DSWRF,surface,32.0,-124.75,200.3717815497289,100.26412482025748,0.0,0.0,71.09441213381162,254.39822918586037,709.2809182888402,640.9445788326132,175.34616177925926,87.7723920790784,0.0,0.0,111.57075060466434,375.6042241593501,974.9939235639168,885.1922333591249,243.13512017387944,121.68563726407793,0.0,0.0,125.41764955010976,400.0445491607631,993.740268585259,898.5057776541751,247.89867620549015,124.06439579292072,0.0,0.0,130.27590178044397,410.6353518142567,1009.2251107015136,911.7179587342366,254.57731119433916,127.4417912917238,0.0,0.0,131.9556652943999,411.2554988992265,1004.2044929663434,905.5909008732688,249.47833614537353,124.904581424001,0.0,0.0,126.28699153343412,401.37635189557506,990.8363697771616,885.4603086068712,222.94078388656035,111.6426409232593,0.0,0.0,116.36614639924647,376.9169684608973,947.9711912441492,850.3322239001634
2025-05-18,DSWRF,surface,32.0,-124.75,182.9703923077369,91.58339663668828,0.0,0.0,110.97673240641453,373.63140102132706,975.0028644468728,883.581446058937,244.2598034403599,122.24652268736308,0.0,0.0,124.79031573631188,394.249602155445,981.0414563579632,887.3709910048904,244.6646315220754,122.45538096343137,0.0,0.0,128.21909359264674,407.7634263187519,1005.2277717823858,908.9494728223568,254.52850958136415,127.4167179317436,0.0,0.0,132.326108545149,412.42081708256467,1007.2055009658326,909.4385452781936,253.17752980064563,126.74897388614735,0.0,0.0,127.3423681766629,401.70214047454897,987.8277335362136,887.8333285268225,239.85399982118705,120.10706224145312,0.0,0.0,111.01412901819968,365.64095561332647,929.793960686992,832.7309316247911,227.6005087347359,113.99261007048148,0.0,0.0,123.37018546873188,392.0561560960432,967.0776124994738,860.1776295947293
2025-05-19,DSWRF,surface,32.0,-124.75,240.2088773199525,120.21665621889996,0.0,0.0,122.47679512840088,391.5322555240761,983.9017183931973,887.7068196975486,243.47936227343249,121.8597332721522,0.0,0.0,128.12843897751753,407.74686822183594,1005.6004346810544,909.4859378892886,253.45136003665135,126.8739343667408,0.0,0.0,132.11119557708787,412.5341320363275,1007.6108723465054,907.0607664027922,245.14553652776843,122.73817714227096,0.0,0.0,128.91171230236117,404.3409387320684,989.2312659677405,884.4152708267318,238.32673505513904,119.3397910638064,0.0,0.0,122.80101668407303,391.7511939224004,977.4568952451392,878.8894079649208,245.02122781370343,122.70317111607952,0.0,0.0,128.45215475558348,402.9901312235328,991.555690521434,898.3660670566705,254.7757149183753,127.6032547455171,0.0,0.0,131.79485356336934,406.84021746895326,994.5800183113988,896.4714573792124
2025-05-20,DSWRF,surface,32.0,-124.75,243.8922592831995,122.06911871562296,0.0,0.0,128.22645527917544,408.06260113796344,1006.8443580209616,910.2555850343026,253.27289071097667,126.78272489527686,0.0,0.0,131.58161029191945,411.80975632335344,1006.6009704214512,908.0151334404998,244.87807695412604,122.59645871597176,0.0,0.0,130.0183969427186,404.4330323964684,991.860870893718,892.846367376671,247.19684081570276,123.77636216196724,0.0,0.0,126.53935052952494,392.14935429486707,966.8788970085124,872.1533692912014,243.72173735730695,122.0551851015312,0.0,0.0,131.59528232327682,407.9104891400224,994.6561685190176,895.1253495687092,246.28258729550384,123.35615280781718,0.0,0.0,129.99016354425743,403.6246259624107,986.289477537148,889.125353269875,245.4367449215052,122.9460692090517,0.0,0.0,117.67420955304333,367.5434440934688,912.2406825757204,805.9854563832976
2025-05-21,DSWRF,surface,32.0,-124.75,253.50500834589195,126.8994696698082,0.0,0.0,132.57193122263993,412.9440287418014,1006.5905421676237,908.139496335717,251.7510994535507,126.03938053174883,0.0,0.0,131.01020955036464,409.2557602381198,1003.1423347421784,904.094185777114,248.84719977390137,124.60376081206354,0.0,0.0,127.76856328275228,395.0134515958401,974.1322770614208,878.8599802921585,238.4294381522722,119.40378362322603,0.0,0.0,125.16634159967526,394.8255549459137,963.4665320114518,872.4520125314434,246.42854656956263,123.42579021312976,0.0,0.0,133.2608322948339,408.4467209210526,991.555892711461,892.1325649837801,242.66996698153315,121.55754601355348,0.0,0.0,111.07911239786324,368.7738874010336,943.4282668291504,847.5327757819135,225.8612820574059,113.1693246524559,0.0,0.0,121.48841696295364,379.3795699794296,931.1339561375354,823.346159943301
2025-05-22,DSWRF,surface,32.0,-124.75,251.92299144294964,126.12625652022612,0.0,0.0,131.49624933781712,410.4850809220896,1003.3537984970584,904.3262102844672,250.89334642183331,125.6244855760606,0.0,0.0,130.03421811084286,402.107298289236,989.5328571105822,891.9730380144015,242.96214605946028,121.67407471766325,0.0,0.0,125.40217561308428,391.00979620257374,962.9792010429828,871.6050300194181,247.27920876563525,123.8469463819911,0.0,0.0,131.42405015491622,405.096050109079,983.8036762647004,883.6275900987002,236.27928601969336,118.34948202028627,0.0,0.0,112.9107091234576,367.31966438450473,943.0827116090682,843.1342131340341,224.1441910280207,112.3194901107091,0.0,0.0,118.159997830832,372.8453230046913,931.9990099036996,842.8553987478372,240.6145204893192,120.58363539332646,0.0,0.0,122.15127117757272,373.7416416818445,924.019165421413,827.581082145791
2025-05-23,DSWRF,surface,32.0,-124.75,251.9755017262638,126.16741558279206,0.0,0.0,132.45591724207367,409.2963461168274,990.1638566020144,883.9945164699689,233.4492040636116,116.9193975002412,0.0,0.0,106.56528753647204,353.75783937975876,922.0184905659318,834.9673561143202,234.7816884546952,117.60636636286615,0.0,0.0,125.7409024751816,394.3440832804993,948.4803099537094,844.293678030406,216.99441681360943,108.66737479370168,0.0,0.0,112.29555569088808,365.54637724138854,928.7106173148582,833.9223657842834,229.41383412963737,114.9654524242259,0.0,0.0,127.9229977672492,398.4315098910064,975.33727320833,876.4482232102741,244.58013071523277,122.56317862346609,0.0,0.0,123.93996434293815,378.2612546579341,918.3129518360312,823.7229556910968,227.60480588138063,114.0659972885918,0.0,0.0,122.8525866138551,384.7342712448343,957.0845058296424,862.4839171583259
2025-05-24,DSWRF,surface,32.0,-124.75,237.08484212850712,118.7377998134786,0.0,0.0,107.8628443362511,361.9810871972237,940.6437634436934,849.9943766856611,239.54023796071948,119.98656764362332,0.0,0.0,127.07240740311838,396.8769047404893,975.0868818854252,875.3778348647324,233.3124994327732,116.8474164355302,0.0,0.0,116.44498424477555,377.0698105608329,951.33647028154,848.2605320303894,228.22827530551697,114.364384800478,0.0,0.0,127.99103896959936,397.49567663844584,976.3488516417972,879.9949502984998,250.2631709905823,125.40267540109144,0.0,0.0,127.09304872736584,387.23083975731504,935.6319476108838,834.3321587686792,225.20745531931823,112.89732119607876,0.0,0.0,129.044395652302,397.9480237860519,969.7788396281802,869.3986355521124,245.30709252087397,122.95600737518224,0.0,0.0,132.51108540978117,402.9016048965914,991.5526558769052,900.045084536807
2025-05-25,DSWRF,surface,32.0,-124.75,227.85914562705344,114.13962666548906,0.0,0.0,127.74790692593406,396.8349125048649,969.4781112068356,872.1561683427058,235.964589139772,118.17502456125756,0.0,0.0,113.60080599187135,370.5034903717957,939.5158443227735,839.41483825912,227.27126714693856,113.88623875532326,0.0,0.0,124.62516095544576,390.9697081114161,976.4495902262756,881.6927055102053,249.76139023360724,125.14944843643283,0.0,0.0,126.71730135545252,387.3720169792989,946.5793110712264,841.7788507167679,225.2262544971715,112.9019504967855,0.0,0.0,128.48920430427108,396.3736389323933,971.669541576415,871.3090243617969,245.21935094934935,122.90247464817747,0.0,0.0,128.3466136786712,391.8797199423217,971.0800792039622,880.9281265830955,256.86325566326155,128.77206641256072,0.0,0.0,132.9594051660132,399.5850034981977,965.2377662784668,864.9197212688035
2025-05-26,DSWRF,surface,32.0,-124.75,234.9288655762026,117.65798966076711,0.0,0.0,116.3989227093834,375.2990097376518,951.305717388728,847.88832676794,226.58547626976696,113.53298721928807,0.0,0.0,122.40809866099004,386.36767325769694,973.337382023296,876.2637911035968,246.637866431364,123.59084794279354,0.0,0.0,128.529556037643,394.42680304051686,970.0918986736338,873.5189822164625,244.295786210925,122.4376669211208,0.0,0.0,130.38522594905345,400.6104116662949,983.8086684908604,887.8572297984217,254.0822391435743,127.35761283650932,0.0,0.0,136.06613286941348,410.1531785273465,992.0444568196943,899.3745650873053,263.95936553945353,132.3307550516344,0.0,0.0,135.27293800051947,404.24903600487136,974.0249225083792,873.4613494600237,237.51293314326108,119.108860040129,0.0,0.0,122.2250442463327,369.8658469792788,888.6662009321716,782.7500223571138
2025-05-27,DSWRF,surface,32.0,-124.75,224.3196556761139,112.40332685328391,0.0,0.0,120.67705077473948,381.94800031940485,957.4104121493344,863.8329909546994,245.79869176248235,123.17213678522052,0.0,0.0,126.46870783942953,388.5538861701024,953.8887393791936,851.140430558027,232.45539945256067,116.51199341652364,0.0,0.0,128.43764886779513,395.76603301973705,977.0633051694534,883.7835048541061,255.13558114472204,127.86964554897668,0.0,0.0,129.96658605341565,394.7145653210067,974.7705864026636,885.5952794789378,260.75077108944606,130.7245355233971,0.0,0.0,128.17040695980486,389.2307780073578,940.1204002109966,838.9787437015855,233.3442374799968,117.01757423414494,0.0,0.0,108.52296469631558,337.1962768302715,850.0564543582068,765.4077719711272,226.89619067499035,113.84571331840482,0.0,0.0,128.1494451335576,392.0091136370346,967.9308461504836,881.3162685381507
2025-05-28,DSWRF,surface,32.0,-124.75,236.0811120927613,118.30838303607536,0.0,0.0,125.0504552484185,384.27054210786184,940.628692759165,840.860660135445,233.41137186191685,116.9866569618259,0.0,0.0,124.75902363408149,387.9722962661368,967.5896489303992,871.1976623685632,242.55770879234777,121.57690925491636,0.0,0.0,132.36898753718566,403.5561628707712,992.4407904649662,900.2766271142966,264.39363129415017,132.54736942378787,0.0,0.0,133.1685344973855,401.6147162750376,968.0559446460074,870.3577764431733,247.2871148372432,123.9932319917873,0.0,0.0,109.3760193455038,343.1253490816222,860.908762858933,772.9034933313839,223.9083951500451,112.36281323806128,0.0,0.0,109.16625394090669,349.39228850137124,900.2921607144965,812.0666200514563,232.797251623422,116.75854988344884,0.0,0.0,99.77154408416146,303.87974374868224,772.2755259009193,708.9219341815751
2025-05-29,DSWRF,surface,32.0,-124.75,231.02851738272025,115.78836597549476,0.0,0.0,122.79545156861316,384.6783130491623,956.2429370999204,861.5323973079751,242.9515150860852,121.78167384792994,0.0,0.0,132.21337623645687,402.7476261744778,987.7361534010242,893.7714445895481,257.6017233848729,129.14351184413448,0.0,0.0,129.85213589623984,398.06505223756017,964.6503456563662,864.3556855172009,238.7483607864978,119.7114493959756,0.0,0.0,107.33556841913358,342.3177435794481,875.3372213331547,777.0756995021711,217.5708094444425,109.1637071298587,0.0,0.0,107.55245164137088,340.89978562699065,861.724945991964,779.7385568280448,224.8790125572596,112.83300524353425,0.0,0.0,123.6440358927536,382.8297859223089,946.0242414000214,855.2089578681503,250.92197189066104,125.89064765044094,0.0,0.0,129.0569881778621,383.03538144835613,925.936822615662,832.1907752413022
2025-05-30,DSWRF,surface,32.0,-124.75,232.25841670436944,116.4195458639539,0.0,0.0,130.66575688974984,400.4291789541645,986.523037433657,893.5308541326549,259.88399505719747,130.28477325767878,0.0,0.0,129.06451358802684,393.37183149890376,930.7294780187392,826.6264593968181,226.87426263311517,113.78413500982106,0.0,0.0,103.22606635262986,327.8237278093426,831.1127712679713,735.863374055682,204.7287414074495,102.74118311085118,0.0,0.0,98.1451140830156,307.8367774393306,784.5362020978702,720.7636884125327,212.6298944759108,106.71484734700532,0.0,0.0,128.96239219032634,392.789513172615,957.1395570672988,863.885608734721,255.12636401063844,127.99946915404112,0.0,0.0,128.40051336321872,378.9247161117508,918.528567285699,822.694046605393,230.63921094395607,115.74150253286984,0.0,0.0,122.99922232897956,373.1869898501335,939.403406283174,858.7868797914514
2025-05-31,DSWRF,surface,32.0,-124.75,257.267215506787,128.97213279970984,0.0,0.0,131.8134629281588,399.4280209277076,952.312093608353,846.0532998911926,230.174572039677,115.43896851486508,0.0,0.0,105.29228133307136,342.2842783563135,867.357940263998,766.6798633038732,213.45511273243625,107.12728973617077,0.0,0.0,110.90130444711684,349.60484073217657,895.9817469831526,810.5018638523383,237.84537513841025,119.33964739729848,0.0,0.0,130.64928472049684,391.23636965572666,950.135982868562,861.3882943142438,255.3450159299246,128.11008472398666,0.0,0.0,131.08534699964298,385.8635080583429,931.3283111113376,834.330512419765,232.3987060790186,116.6149379633116,0.0,0.0,120.02049639682993,363.4884411169984,888.6781482623976,802.1326214553483,232.2053524000921,116.56018496594304,0.0,0.0,131.38296547277923,394.2930883054071,966.0561873335812,876.8608924777452
2025-06-01,DSWRF,surface,32.0,-124.75,234.63946391159595,117.67402548004084,0.0,0.0,109.4444538248212,350.7431235719161,879.5969413570833,783.3526267031924,219.87258948329983,110.33162851724737,0.0,0.0,119.53567463558716,368.5779999959008,928.2414355865094,841.8232725396721,246.27616910589512,123.55211244815108,0.0,0.0,130.65907096644506,393.82538664918184,963.4729275484063,872.3984961394497,258.8365059028946,129.8503824557247,0.0,0.0,132.14518197743027,391.5026737970219,946.8471586874344,847.2015628360793,234.94718399551655,117.8654899937594,0.0,0.0,122.41469780873388,365.0098854775134,888.8246581512007,803.7901752673167,238.9351865332036,119.93547934699356,0.0,0.0,128.12970433380707,382.7117861289638,939.5376680929792,853.3545087885443,254.90093986209465,127.94495333930996,0.0,0.0,133.16846830744726,397.0180892550079,978.5836287588554,891.0963444535977
2025-06-02,DSWRF,surface,32.0,-124.75,209.6842021380509,105.23155652124852,0.0,0.0,113.76032892481598,354.30728002256785,899.2689920313085,821.0031082869274,248.649540981046,124.73867009103722,0.0,0.0,130.79964712892792,394.5730291292879,977.3729315293058,880.1122649628304,254.03995437325617,127.45625093761394,0.0,0.0,123.15819622122363,365.0484516301881,875.5840556588644,784.8599459005354,218.53439724587955,109.6514266852054,0.0,0.0,120.6240181744165,363.2510816547541,885.969696250301,795.2326088576227,228.8300665717353,114.86748881584772,0.0,0.0,125.07273945112208,375.90213396174374,898.975632422723,802.8777447283919,228.81560978523905,114.87254856261151,0.0,0.0,128.8954717787559,390.1604893946193,975.815968514194,891.7408972720895,274.2354919746368,137.6683398168724,0.0,0.0,139.37614459484135,411.8281036769089,995.2297784967964,904.8570363694844
2025-06-03,DSWRF,surface,32.0,-124.75,240.02791531459195,120.4164212252836,0.0,0.0,130.93802324913227,397.9133918848493,972.9917342617346,872.7675745755082,250.50955483353147,125.68739726683944,0.0,0.0,126.54830274657438,380.46122237734744,931.8788630447872,839.780550580893,241.88213846795884,121.36809298721592,0.0,0.0,120.65651645436732,364.08330894189646,877.6590949552633,791.3694902851851,230.21490717774185,115.54153548648544,0.0,0.0,127.89236566189288,383.146032757044,899.876711384845,813.5326956621692,241.27222595615103,121.12882687691123,0.0,0.0,134.95147234299588,399.5967215236184,969.40320174246,879.4985527075341,266.7473243511079,133.90462563631223,0.0,0.0,137.78006137939792,408.917368570665,979.2126890651994,874.3762809237761,247.21356725441547,124.06605770553992,0.0,0.0,131.92169164656002,390.4192954586089,934.4353973765938,825.1068811125205
2025-06-04,DSWRF,surface,32.0,-124.75,244.3050137818719,122.57385635244064,0.0,0.0,126.49339646570408,377.91935979174485,936.609751790908,844.803811749106,244.43844203452915,122.65926793885926,0.0,0.0,120.9735190887724,366.4174511627781,898.7292613291041,808.3924066514733,233.42619613987856,117.16168443457704,0.0,0.0,128.16903814881698,388.0385327349185,928.6166846615324,837.4602287489125,248.596662107224,124.8024536165258,0.0,0.0,133.59878326987848,397.9246370207553,956.9040992507282,864.263754792194,253.1474414411683,127.06797509453293,0.0,0.0,133.7281928551312,400.8378641080942,957.562096588835,851.469434723686,238.53875613362263,119.73633668300646,0.0,0.0,132.516518080685,394.3792366148116,955.1978286410042,855.464219142192,244.1326831278012,122.53041884195574,0.0,0.0,125.67795026411451,373.81983670242465,917.5395435253876,824.1286789722581
2025-06-05,DSWRF,surface,32.0,-124.75,236.08283736395975,118.45935170873156,0.0,0.0,119.89758033087736,361.88882425405353,914.6617676670612,827.7844719102025,244.58040956071667,122.74066313413137,0.0,0.0,131.73707983636024,395.6421971372656,957.1399045813604,862.6602952401107,254.42639255090145,127.72684986435006,0.0,0.0,136.9797524053265,408.57644402971147,985.6867290020904,890.5705736248128,265.9815028282022,133.5284251391434,0.0,0.0,138.46977895042767,411.0893656423147,978.2863723295636,873.2931082095922,249.55777760995807,125.31272112946807,0.0,0.0,137.51031487487916,407.3482553548628,977.5857543314014,876.3303530401975,248.9213357104169,124.96256464604396,0.0,0.0,130.00000439701154,385.54807563632977,942.133738545508,849.7132581087021,257.3587155054635,129.2997870291921,0.0,0.0,131.64055291302708,396.74213294676485,978.1709065394432,887.5265295313475
2025-06-06,DSWRF,surface,32.0,-124.75,229.84184289908256,115.31988884620276,0.0,0.0,126.8083222855515,383.2201954776514,940.8018526697052,849.9503792466228,252.04004845254204,126.5247495262396,0.0,0.0,136.42012905983552,406.1025591401355,983.1035795973448,888.4861712489014,263.9201865219584,132.4923398047151,0.0,0.0,136.29155801294792,407.4177865529538,975.4677058521952,869.6056811352262,245.54857350657144,123.27040547355033,0.0,0.0,135.23795065586646,404.7108553280184,968.3558575794876,864.2090049558187,247.08868505373152,124.03074150094778,0.0,0.0,129.53464780333036,384.3866686732932,928.734717532178,832.8991063388678,246.8095464894708,123.99040107180144,0.0,0.0,133.24047764668026,400.249292706275,975.1109876398256,888.0980067124895,275.32211998772897,138.3254495620796,0.0,0.0,134.440953442455,400.53802859693985,980.7991822174904,888.2827081264818
2025-06-07,DSWRF,surface,32.0,-124.75,251.10822762408264,126.04479267767732,0.0,0.0,134.18981715878704,402.3841553659118,984.225348461981,889.8894905701271,265.08417231806317,133.07215018647278,0.0,0.0,136.7692526314078,405.712286141935,971.3176837019664,867.5823505757392,247.81708433447696,124.43043856824114,0.0,0.0,135.79841365615215,403.8299502103421,963.2189940050844,858.936390171081,240.54844468777355,120.75293331591824,0.0,0.0,127.49909610410104,378.7011285902976,933.0433917742798,842.9383341371678,255.84365163810213,128.5287540276273,0.0,0.0,134.6397821602333,404.95062886388973,991.7682951574562,903.708559205908,281.9628046327699,141.64615208505506,0.0,0.0,140.16603249780377,415.169437083728,1004.3593590550942,912.782723685834,281.4367692815881,141.37205522181245,0.0,0.0,134.2403479346815,395.89431065693105,975.159843666841,891.5292772833303
2025-06-08,DSWRF,surface,32.0,-124.75,248.69436714603071,124.83656275081724,0.0,0.0,129.3607816263348,388.7968739323608,964.9405127539378,864.9907690701491,245.55212819113683,123.28582490058444,0.0,0.0,132.02662493550093,392.8217239511065,953.830236950726,851.7233882034895,238.2675487867818,119.61703348507784,0.0,0.0,128.17103478873227,385.7537249211181,945.6947611028036,851.6399784878197,255.38951973195725,128.28295757657955,0.0,0.0,138.8789426656104,412.1969474484704,1000.5633405218608,909.6352795839458,282.948891141122,142.15008191857677,0.0,0.0,140.48568555055454,415.7830437372243,1005.0638440665812,915.3734414520152,285.0682933566558,143.22618629200684,0.0,0.0,139.4261932360418,408.95480370069623,997.6980352706424,912.1213557767323,285.2083583029456,143.3117464848766,0.0,0.0,136.95980020393606,405.9314177164581,982.2163875985289,889.9333682871342
2025-06-09,DSWRF,surface,32.0,-124.75,222.1533347536705,111.5226182789296,0.0,0.0,124.07981657764104,371.4376423163262,930.524126227844,839.5331629468726,240.44483844567003,120.74060274668392,0.0,0.0,129.32743189026735,386.2344820171222,940.3807619437388,844.4937211844097,252.13519569218911,126.65634044433428,0.0,0.0,137.97257701289445,411.5714776884069,998.59520211443,910.4850609257284,284.27211550183716,142.81249662244696,0.0,0.0,139.03390694687283,414.5220663109747,1006.243201895558,915.790877172615,284.4620178190777,142.927949362763,0.0,0.0,138.97703163637638,412.48361682252073,1001.0626551613534,912.333654236936,281.96543553519837,141.6987406932385,0.0,0.0,134.7901364967982,403.6898780227831,992.9859013725588,907.5478618800192,283.71855701054676,142.5913476693147,0.0,0.0,140.1561321686296,418.6696889526228,1021.546557893414,933.8358680434704
2025-06-10,DSWRF,surface,32.0,-124.75,210.32333219164877,105.61346671153814,0.0,0.0,122.46830190768272,368.55708332912747,921.7626672570336,837.2911251174548,253.33369267354428,127.26343809916384,0.0,0.0,133.35845167760465,401.9310148611832,985.9570943493956,901.8184708136472,280.9398244509049,141.14777829532898,0.0,0.0,137.4982749347756,409.9063360569539,998.1829749478323,907.9969887278424,280.58287020975405,140.9826161723445,0.0,0.0,136.89951134732985,408.96938711787345,994.3977722491492,903.9387767765738,276.7703883746089,139.08648438426286,0.0,0.0,135.16516823533175,408.3252906833603,1001.6038059993114,912.1523157832808,282.96098096576475,142.219228240208,0.0,0.0,143.23424227006322,421.82071674843104,1015.0595996634852,920.9195089197387,281.942580533806,141.6880177382966,0.0,0.0,137.67063498989302,412.05013950869545,1003.2823006617052,914.3662410780252
2025-06-11,DSWRF,surface,32.0,-124.75,233.72111867677037,117.38838131945856,0.0,0.0,128.880351525027,393.153776640194,989.9225351751866,906.3928321505288,283.66977972416316,142.51245601338485,0.0,0.0,139.03586276805677,413.41183177670496,1002.6734833849198,913.8910639090504,284.20791281107165,142.79876475630658,0.0,0.0,137.70357850969503,410.11346454268073,1002.4642982432484,914.044747647152,284.5323663970543,142.98884232356033,0.0,0.0,135.20052114442612,403.70235508431585,979.3487724329456,879.3303340720643,257.60354804102053,129.50492630247174,0.0,0.0,135.31539447267244,410.5459522388365,1003.821285069176,911.740295241015,278.9505514867824,140.171082662502,0.0,0.0,130.1893849555718,387.1810861768929,947.0393195759556,857.7111699194267,257.60086317573155,129.4844727833049,0.0,0.0,132.09128176446413,401.3328066902715,988.676488467532,896.3795847604206
2025-06-12,DSWRF,surface,32.0,-124.75,279.7114951050345,140.5227999115969,0.0,0.0,138.44449879725985,412.10206248765786,1003.3739142265156,914.8653388174032,285.42470922333047,143.40743270292285,0.0,0.0,138.12199942537137,411.34552209603225,1005.9377979916352,917.1009677017848,280.99563453711505,141.1960053211531,0.0,0.0,133.56677689452013,402.7812551349174,976.4080741005026,881.1556559341171,263.1800718107465,132.2404679120155,0.0,0.0,132.201506341835,401.5540285677027,1001.5861438296132,913.9393114795528,282.7920670941712,142.10407286455018,0.0,0.0,129.5644368529148,390.47888086227346,958.9409387709348,866.0784059601712,266.3153522965265,133.93515045983315,0.0,0.0,137.0848647505929,405.054589959589,986.5067658205468,903.1594055091754,287.25709737682723,144.41052304509736,0.0,0.0,134.33967056795018,400.4037965155822,999.32022561256,917.4155168296866
2025-06-13,DSWRF,surface,32.0,-124.75,280.2580362139019,140.79898928173262,0.0,0.0,136.0659385894824,407.27206154875887,1002.0885499116318,913.030939995028,279.7764577926407,140.5909311714624,0.0,0.0,132.21670955069408,399.6453600591079,975.9381398692032,887.1118187280308,268.6931555787291,135.04494114899268,0.0,0.0,138.63738745953358,410.2951364779054,993.5845353204446,905.980177260886,282.4875900753705,141.93054342991246,0.0,0.0,137.90205136571504,412.5100651375589,1001.9556066217848,909.7747310123076,284.05610444839914,142.81648652272173,0.0,0.0,139.18494351751372,408.89070878236214,986.1376995575876,900.5626471032169,287.5183700003072,144.545929630696,0.0,0.0,137.00250272676843,404.3801941721948,984.1464025616692,900.4239677917749,290.93999407415174,146.31341253954906,0.0,0.0,141.19252278149338,418.4934374692822,1015.1305104536036,928.1791793727324
2025-06-14,DSWRF,surface,32.0,-124.75,280.9654654956537,141.18883525044996,0.0,0.0,133.22493312846763,400.28486808325385,969.9849894770404,879.379887343112,265.86853978822313,133.65594832138936,0.0,0.0,138.1702118080704,411.97077650782217,1003.4209509674484,915.255994569448,285.92007525144356,143.65666166241556,0.0,0.0,139.72997753233466,414.0245656794824,1003.947597800218,910.0519842068082,285.6757519902653,143.62566669823144,0.0,0.0,140.65661970088286,413.82611624665503,999.2233069765488,911.9276147937242,288.5750956305384,145.06686669016565,0.0,0.0,138.95314596529823,410.29443540785127,994.2683619252924,911.3942462282472,295.07266175816744,148.38807824679952,0.0,0.0,140.89776800330333,417.5085042309269,1012.5349939859176,925.3788519750784,296.54764263941127,149.1210247635688,0.0,0.0,140.52074226661884,417.27122826878866,1011.899624171548,923.1267241847672
2025-06-15,DSWRF,surface,32.0,-124.75,268.28543459278956,134.84925154941513,0.0,0.0,136.5873920962726,409.6037950147792,998.6579745903764,910.3816679841268,284.47645625083095,142.9417741462732,0.0,0.0,139.00053496057416,412.4523318940394,1000.0711775899076,905.66480303321,283.1375773353826,142.36437456746813,0.0,0.0,141.9511284041358,418.3413687508723,1010.293886233864,922.0296110252592,292.7815125239038,147.1902099312996,0.0,0.0,139.56603322672373,412.6491140021131,1001.2101841267834,914.464667476688,291.13986761552917,146.41488301268097,0.0,0.0,140.97873756846036,417.5021569409996,1011.7151096071289,924.5236315914684,295.0823684292203,148.38278762501997,0.0,0.0,141.25747918954093,419.2196578611531,1017.1182913608492,930.0189256492906,298.6218407853511,150.1707395129533,0.0,0.0,140.48760718854507,416.953314137384,1015.731668630908,926.3536366651572
2025-06-16,DSWRF,surface,32.0,-124.75,285.20568297494174,143.30584229218758,0.0,0.0,139.74962662604167,413.79385237590503,1000.9787933560948,907.4851763211348,282.5124004956846,142.05525272346725,0.0,0.0,142.38007075464515,419.1503098721396,1012.0018670890876,923.7112642084942,293.39471683689607,147.49341329739417,0.0,0.0,137.2790343811863,405.83565935655974,995.2792753566912,911.7113435217548,292.362453755489,147.00755816304792,0.0,0.0,140.4987579059396,416.853087464699,1012.5184211942828,924.8472982162556,294.05364183379663,147.8753404149739,0.0,0.0,136.3080760412534,412.0838455557464,1011.23900115933,924.168730894377,295.5099045224981,148.58904349582863,0.0,0.0,137.9561963769838,412.4878515146248,1003.942406060484,915.050671438843,289.98976670406097,145.84177984388907,0.0,0.0,137.46567521461108,415.2293631986731,1014.1538992178596,926.392654326731
2025-06-17,DSWRF,surface,32.0,-124.75,285.47616030686845,143.531030404567,0.0,0.0,142.35925431491043,419.0731732735144,1011.6496342636916,923.404188617366,293.41269091446134,147.50333913816024,0.0,0.0,139.07510704030247,410.0044602052331,998.9249912126828,914.461046727863,291.98569705766425,146.82279554822955,0.0,0.0,140.97857389042215,417.7486993625615,1012.21019354052,924.5474722790048,293.9149796423802,147.79482602907234,0.0,0.0,136.3098803416464,413.02677614365416,1007.7821973545977,917.5689051417048,290.00041576068764,145.78228751626435,0.0,0.0,134.89518026830825,403.9780658177863,989.1767532527596,900.7543826774984,282.7348426247139,142.19433241248504,0.0,0.0,132.3945259967579,405.5486617094926,997.5309287628206,909.535950664567,282.19706761509366,141.9042366553099,0.0,0.0,118.6109176065594,367.97919935528824,919.131216863452,825.4329218473579
2025-06-18,DSWRF,surface,32.0,-124.75,292.7060916629993,147.12288818936767,0.0,0.0,135.8925607330274,401.81569883184784,998.733851087288,915.309709415802,293.6565356254568,147.66412545589907,0.0,0.0,140.88018243347705,416.9953393100029,1010.499509510964,923.231550264568,293.52742236452457,147.607687909073,0.0,0.0,134.06459407254894,402.8773372523865,990.163546835824,904.3616024819244,286.9213427736453,144.24891815148123,0.0,0.0,134.66140446151877,402.3942442673442,978.6689424440992,889.6778733024796,281.51882235739737,141.58116349864906,0.0,0.0,135.54995853119857,409.76667376797064,999.6917645838008,913.7975374130016,289.3375422010998,145.5170712884195,0.0,0.0,125.48647428069414,369.4823680491251,913.9299778059458,822.3793459799863,237.88573439170955,119.68120822436973,0.0,0.0,108.5085010940876,342.74943091838173,888.4606283183914,813.9819639017938
2025-06-19,DSWRF,surface,32.0,-124.75,288.30126558063466,144.97571797816934,0.0,0.0,139.32594120552335,413.4976458485119,1006.2187999941746,917.7618418674804,290.2287226148975,145.94932694467337,0.0,0.0,135.50013451314004,408.83487152378865,994.578640678504,906.0634311262792,285.9381103397119,143.76848204393843,0.0,0.0,133.80782735045022,399.87919080257785,976.9597104079952,890.9013949383068,281.5694347264597,141.61867313585782,0.0,0.0,135.1702261798571,407.4195028364133,1004.7392447140544,921.1119391589148,296.0495753633161,148.88596263217323,0.0,0.0,121.73058942335769,373.1100581502229,944.5713885971,859.2141666242093,268.396132651627,134.98543244668937,0.0,0.0,117.12356892029942,358.4792128006741,918.2930566125792,840.6161955651929,266.262376831895,133.96056232741478,0.0,0.0,129.5975473993288,398.4898342265883,996.2002744058046,913.1722054570494
2025-06-20,DSWRF,surface,32.0,-124.75,290.06973936212677,145.85822345645403,0.0,0.0,131.64278381090384,400.1340086941444,986.43825784108,902.2528090696168,287.57277584852056,144.58309080185617,0.0,0.0,133.4990283079877,397.51392074881585,960.4219731974068,868.7705758106354,273.025967839372,137.33649813799724,0.0,0.0,130.70372431349838,397.31579287702107,985.1290983348606,907.4398300701368,291.39703685557674,146.53572134866582,0.0,0.0,117.30211405382876,353.9332469440808,890.3395921379716,807.08340578415,242.67045012808916,122.0823747060893,0.0,0.0,117.30551290319504,362.7874143604442,938.0967671213244,864.0193610632307,281.1763419816167,141.4558145150005,0.0,0.0,127.99330826979764,387.84202599754497,975.0650108874902,895.7995144260044,283.504570469174,142.5578646395378,0.0,0.0,123.9504134637224,384.2697862057262,952.34852337471,858.867275854386
2025-06-21,DSWRF,surface,32.0,-124.75,287.95615018153626,144.79880601187833,0.0,0.0,133.0917060796565,400.2389114232157,974.1797039534196,881.714314071198,271.6888514385611,136.67883406129442,0.0,0.0,133.47056868518737,400.9960471411521,985.0807540884546,903.8861612426394,289.74460438281915,145.70330452046178,0.0,0.0,123.1918588473718,366.607468724298,913.629613365925,834.1337562327773,256.20903407225995,128.84143078547874,0.0,0.0,125.43301016230822,385.28516957854185,966.6739592481764,881.9840355939632,277.79827741458257,139.74554603554492,0.0,0.0,127.80756000740467,383.92875661815185,949.6790920423884,867.0575924476141,266.71480065157647,134.17328890403274,0.0,0.0,119.61074294773395,365.9179106221991,936.3555815042216,860.4982788693965,276.66297450981966,139.18702961956365,0.0,0.0,129.295030095499,396.27605060112944,983.897554580638,899.7083912681574
2025-06-22,DSWRF,surface,32.0,-124.75,275.3465618522373,138.50196034568336,0.0,0.0,135.32226710436626,405.85367436683725,994.9307645907942,910.5031881936114,288.6495478184927,145.16060547050407,0.0,0.0,116.56982256077872,353.37322962944427,893.2562386909176,810.5813269737087,247.16411188320225,124.35967106781166,0.0,0.0,121.6792417581544,373.7053231107249,947.2765757342842,869.9089883621464,277.8019488897072,139.7604613393624,0.0,0.0,124.04737355768286,376.9654623980308,958.3501700363048,883.2709253393111,282.9553498856801,142.2858862734486,0.0,0.0,119.42176032745508,362.6597636782925,919.6146088777308,847.0383209465716,269.98215790014115,135.81390189947265,0.0,0.0,127.96652089064092,394.3896031556322,981.3355006056022,897.2987441196392,283.1639456054046,142.45295157981218,0.0,0.0,128.92756170421035,397.5866629159665,984.1859913365548,901.410464597252
2025-06-23,DSWRF,surface,32.0,-124.75,288.20511841500115,144.92991384553966,0.0,0.0,120.39788561530328,367.0621238932954,928.5292402257892,840.787884201605,252.27360797314591,126.88536286284508,0.0,0.0,119.7126727167594,376.8521442831492,963.4046930363156,880.9120322011738,282.1437166620457,141.9319573142309,0.0,0.0,125.9903059484655,382.63687080595207,960.1884080047126,881.4901562774758,279.99366449571494,140.8431055224309,0.0,0.0,117.56503336846852,360.26906372591833,922.3196234478512,848.1241381636831,272.93170222527385,137.32945120592865,0.0,0.0,129.24092660969924,394.8514364169542,978.9691337018178,896.409944904593,283.3047017975763,142.51660450217332,0.0,0.0,127.38672649131529,391.16034755541807,981.3154831190031,898.5279486847053,287.1401444644406,144.45668687937058,0.0,0.0,126.3641804767054,381.8778586311728,944.4903232518448,857.3547421402266
2025-06-24,DSWRF,surface,32.0,-124.75,247.5288266213774,124.50288462424854,0.0,0.0,117.14054193658714,365.4891299980269,933.1381110911034,852.2833350293938,267.3009932832065,134.48128892884375,0.0,0.0,127.1889069563913,389.54774799457266,973.278000966736,891.6234225078708,283.5377391947321,142.614666305103,0.0,0.0,127.15602049417672,391.4581607447842,975.2911881039372,889.7225206369562,280.7940635153475,141.26663584374708,0.0,0.0,129.966930512493,399.6681842391823,985.4632136097983,900.3385303874854,284.95134995151864,143.35817476126277,0.0,0.0,128.9261290137385,392.19034731433874,966.754508629186,878.730085039823,270.7595331098406,136.20594125112405,0.0,0.0,123.12123267025544,375.3732329555007,951.3672691704132,867.753438635559,268.52170662648587,135.0638154319834,0.0,0.0,119.68320774295202,365.67836587420373,934.3157349321644,854.8941130590872
2025-06-25,DSWRF,surface,32.0,-124.75,253.4961471524135,127.51393774131354,0.0,0.0,121.59065755493866,375.1576492550987,960.1604171324929,883.1367075624363,280.5249079156829,141.106126189735,0.0,0.0,125.1389540960688,383.6042097974371,976.1110933029476,899.347646268656,290.7743700962767,146.25640226132785,0.0,0.0,131.27392524241847,402.5976605383698,991.607470938992,907.0157569943,289.15512520018854,145.44166804197138,0.0,0.0,128.75173511830982,391.8431665898625,970.2113843757828,883.6958682372023,273.10659079720995,137.38096095010164,0.0,0.0,122.3730650126405,371.6266995042571,941.9484882504236,862.2577197785408,270.2111408438588,135.89537456070002,0.0,0.0,119.16736418760432,363.3228456189447,922.5375827602688,835.6559555289998,251.2941087363737,126.34723312232578,0.0,0.0,116.25273348446348,363.4278161302201,917.27587537989,838.591951403643
2025-06-26,DSWRF,surface,32.0,-124.75,270.8853975452108,136.2548346668827,0.0,0.0,124.2428741994468,379.4065846366047,957.9612676076248,883.2054361520248,288.1039077838686,144.93264395821095,0.0,0.0,129.72679585135833,395.50798058430945,981.3937441540684,898.2146383116637,287.00164284934647,144.3590210486697,0.0,0.0,127.285494504555,388.48104268504073,956.9009312653052,869.9602347126928,269.75908714099154,135.70448970517234,0.0,0.0,124.19748274810136,377.67822995730774,949.32400043921,869.6813920776298,271.806426924837,136.6893291039312,0.0,0.0,116.91504900823163,357.22010581232087,913.3333777563467,828.0782696273053,248.24356112351788,124.77269760420964,0.0,0.0,111.3453838538396,346.14957758217247,878.704203380246,795.5225276287972,246.26808564057075,123.8974650472076,0.0,0.0,121.70764439509452,386.6590000906838,971.481824825402,885.6410632289477
2025-06-27,DSWRF,surface,32.0,-124.75,272.1788949722463,136.9262504216694,0.0,0.0,121.51335893805144,372.67224498441954,947.848285825036,871.1808148229854,277.03543776317963,139.36035991360131,0.0,0.0,124.94478242993654,383.68494209854816,963.963446325353,877.7035482000724,272.892138832202,137.27642027934303,0.0,0.0,126.05064464168863,386.0327271303182,969.4628801969608,888.6434575120765,281.775904853612,141.73388933349815,0.0,0.0,120.39999668896048,367.5093425402529,922.4255382478768,831.4808412006379,247.5226678022203,124.43560677627148,0.0,0.0,111.34291936500404,350.8227972309144,895.0801163782896,810.0877724907895,247.58819378619057,124.55114220689866,0.0,0.0,116.2702464715084,364.1548116956223,920.6907033519273,842.5639762466297,274.6861154592357,138.2198225722791,0.0,0.0,122.04334381971402,385.33108507496326,966.0652312502552,880.4967142828506
2025-06-28,DSWRF,surface,32.0,-124.75,272.94931065272687,137.2909802271534,0.0,0.0,122.39355257661254,376.6104171436544,948.3141671253344,864.9817041711005,268.5440848302054,135.0898493782613,0.0,0.0,124.74072991378505,382.40255076198144,963.7854250620296,882.2131969958839,277.95584130539487,139.81453800063355,0.0,0.0,120.3567624737102,368.51555290266344,931.5408436068744,842.0674227412117,250.86025485298637,126.10919099621502,0.0,0.0,115.04042842972362,356.4228172421124,893.2099335677566,801.7899539331818,241.81231962017583,121.60482647643346,0.0,0.0,114.49380099659616,363.944799694906,903.5509405545956,823.6929534278934,264.69088514859556,133.18905746929426,0.0,0.0,118.41155814525108,368.91298289184834,942.5079000136182,867.1329881438405,275.871821968765,138.7826943891843,0.0,0.0,114.64850745648462,360.697808960363,932.462452829892,856.7125366077902
2025-06-29,DSWRF,surface,32.0,-124.75,268.37559649664723,134.99225430380892,0.0,0.0,123.24941792858628,377.1883491017194,954.2406517209844,872.6769004929555,274.0473377323524,137.84688840454086,0.0,0.0,120.92701763361563,371.17664370364133,943.1361401485506,855.3347939517723,259.52532578630303,130.4511690048525,0.0,0.0,116.17467944097884,359.9933533863808,905.322758530658,816.5005202310708,245.25980916287315,123.28219356867017,0.0,0.0,113.40645855325582,357.4874261204592,890.5809714135085,813.1540864315809,255.2967073507407,128.5104635600442,0.0,0.0,114.1140439732685,370.2104592892866,942.0383088110972,860.3252357506785,273.0410823560559,137.3878208827229,0.0,0.0,123.86019957359676,394.69601452607475,980.8230127382606,891.3847086187164,281.76984482359757,141.74996899078224,0.0,0.0,126.53822873335506,397.4136748945457,987.9492474328164,903.6144024533536
2025-06-30,DSWRF,surface,32.0,-124.75,262.97021409674227,132.22970581252292,0.0,0.0,118.58947380508106,364.9126263107969,938.80359992209,856.3247440091418,265.0746394819636,133.25491417714602,0.0,0.0,116.69896249001285,362.59503667668514,921.1972371188448,831.18724290921,253.23863859604273,127.31440321430068,0.0,0.0,108.9548569653492,348.68998620124717,876.1151000051539,800.0667983579758,249.29084397261877,125.45354470978836,0.0,0.0,116.02106038404284,374.75901713633914,938.7480340285696,852.8914297841484,271.9074582544957,136.7765851319748,0.0,0.0,122.73184342462262,387.6848648760669,972.8530751170216,884.6645657500952,275.7806057214977,138.67442821897765,0.0,0.0,123.12112487173428,392.2594488909017,981.0892620231476,896.4057116000549,284.6515601988117,143.12946477289393,0.0,0.0,118.7816841891021,373.2409029944982,942.2079957057458,867.4288522665008
2025-07-01,DSWRF,surface,32.0,-124.75,255.82289732297937,128.58776160685355,0.0,0.0,114.6049566647568,357.5578294357141,915.8441478500276,827.6063607035078,248.7733795273052,125.07870461100497,0.0,0.0,110.9418215514678,350.5535576843288,873.0267770172159,791.621062311479,244.4015974370504,123.0175552594281,0.0,0.0,117.1210983807798,377.93282528732715,946.944063269072,856.9138039485202,270.05185519296515,135.8495330122159,0.0,0.0,121.14292540101138,390.91798619324834,980.3886575075516,897.5675434127011,292.0584654153152,146.89331585132402,0.0,0.0,127.82694800488672,400.5034124182966,995.1632224518496,911.3563549126306,293.59690319318446,147.6376240374537,0.0,0.0,125.65630615607616,396.7189788796912,990.4964300232756,903.292404664964,288.0695397058384,144.85489989878482,0.0,0.0,115.0915045731427,362.24729969539874,940.04848314217,868.3890508129812
2025-07-02,DSWRF,surface,32.0,-124.75,238.75957538535897,120.02004169542394,0.0,0.0,101.56745330457296,329.8494286515206,858.7929742425588,784.4597908252168,243.9897952635038,122.80551522947444,0.0,0.0,116.38564625914007,375.72654027345175,940.2449575365134,850.0654962248482,263.01819847793206,132.2925525251108,0.0,0.0,117.96339424318856,382.4668868696115,974.5584673686856,897.0948186288306,294.8872160990119,148.314487184825,0.0,0.0,127.8909700785968,401.4473778424708,999.8747885497788,916.8956655493022,296.38072508153516,149.04466561654235,0.0,0.0,126.95893459910302,399.92092518205186,997.04248177743,914.34574358346,294.59178062690955,148.09081478139422,0.0,0.0,114.33428011218854,361.74233627751806,947.5360806820112,877.5204225371144,283.99667579930673,142.76580492909562,0.0,0.0,114.9334049725025,375.3009651348551,973.0988551985354,890.4603291089812
2025-07-03,DSWRF,surface,32.0,-124.75,241.78180857223393,121.72028885274,0.0,0.0,113.65956131670126,369.9613186459249,942.3629721435414,849.2024672816312,261.4458996751836,131.51387188180382,0.0,0.0,124.4638257185246,395.4801647000193,989.2792714504288,906.2064447121724,293.9685097387734,147.85718473138547,0.0,0.0,127.82458249751862,401.6666409711163,1000.002229802562,916.3682165720576,296.0098328956947,148.8573917035386,0.0,0.0,122.85791238236054,387.1206992152501,970.6284096443646,889.968245074873,285.4838522389864,143.52850665745729,0.0,0.0,112.58548046514966,357.969656218006,932.4264658663031,856.0636468767377,273.846108757547,137.67001309677744,0.0,0.0,106.88316945752904,358.5951699051157,953.5530126851868,877.7515242745687,283.4747638284375,142.53475906811565,0.0,0.0,118.01812894060956,382.1265638379085,966.5692673320434,882.8300267894167
2025-07-04,DSWRF,surface,32.0,-124.75,238.6821032382742,120.096477025861,0.0,0.0,122.68084321452548,391.44538984384934,976.0725295860394,896.0495379534433,292.0104518980973,146.86301553211996,0.0,0.0,127.57174970368108,400.7806084167562,998.5551092989444,915.8891397308112,296.68285658755303,149.18653791865134,0.0,0.0,125.03754831788686,392.35315243619016,981.7811819708776,901.4404639101674,288.54160497637645,145.0542971266738,0.0,0.0,115.83895983011176,364.8152197673904,945.8198040133632,872.3238301504557,278.5468497508197,139.99154263611075,0.0,0.0,115.0089951141168,369.02680231376314,968.2978211608648,894.8813747721347,288.5931497833496,145.08505294465743,0.0,0.0,117.60246359333344,381.3663997609274,968.1158383864956,886.6170201627885,279.04230716485415,140.2280202596995,0.0,0.0,111.5127714368329,357.7787901269301,937.5919829828728,867.0231338682108
2025-07-05,DSWRF,surface,32.0,-124.75,293.082328485022,147.4048680084243,0.0,0.0,127.56180594244604,400.47615413259246,998.7771993047528,916.3015711498952,297.0136387864551,149.35646007017448,0.0,0.0,123.79617127057686,388.3921509680235,976.3060335836526,896.3221105843868,285.3943918022741,143.46979305204377,0.0,0.0,117.1456915732133,370.6255492778249,952.659875089356,876.0957939095297,278.8096677080829,140.1168007028013,0.0,0.0,115.29949842234684,369.7347248150421,973.7595885168374,899.3146024458251,293.38242259867627,147.48753010941064,0.0,0.0,118.61710584053236,379.850156701012,965.865374381576,886.1395181345233,280.6220474471372,141.050435293377,0.0,0.0,115.0809769596077,372.1816315082727,965.5011937025912,892.0363711710041,290.13202659691757,145.82403796044315,0.0,0.0,113.93920011677274,361.8869164533645,920.5082168138932,841.9344325390795
2025-07-06,DSWRF,surface,32.0,-124.75,296.1136432045467,148.90046724806075,0.0,0.0,124.33348417237596,390.77194819821824,980.85779438875,900.5789990083714,288.11774767902864,144.83671393200365,0.0,0.0,117.3941635755476,372.71239873173033,959.8951018813444,882.2688073273882,279.2209217620459,140.32641462129234,0.0,0.0,115.55096349218934,368.1193396334935,961.630619860082,891.8682821071164,292.59278230882524,147.09375846927088,0.0,0.0,120.76376779159344,388.8575406997626,985.77173826409,903.2337920781932,289.1530739037257,145.3205359845457,0.0,0.0,114.39723357933028,371.0813552860278,968.1830340554312,892.1067261176569,285.77028796300465,143.5992403110387,0.0,0.0,111.43315821061856,364.0815034824319,950.3612768162274,875.6676829120061,278.7979932229458,140.0976751628326,0.0,0.0,109.39523238496244,356.9315068236778,937.5983688945286,863.8349123046899
2025-07-07,DSWRF,surface,32.0,-124.75,280.0466147947818,140.7887636184681,0.0,0.0,116.33532193171888,370.24172118417505,957.6756049346122,881.2485774727847,280.5597863935865,141.00004603426478,0.0,0.0,116.241175185178,370.1887433191491,966.4674734574646,893.8790714521942,290.70748663568423,146.15122713021557,0.0,0.0,121.14285927114416,390.3467324758726,984.1159424039894,900.6363707098952,286.36517385141536,143.92226020941231,0.0,0.0,113.1183853062726,364.7054188220035,950.8443198401758,876.8470357926548,282.5385721094357,141.98167287812706,0.0,0.0,107.18574864436538,344.75318636867104,902.4429958824016,829.438084783371,254.97607890932608,128.13128747049305,0.0,0.0,108.02895277376166,354.37141134467475,932.437348597454,859.7082403698776,267.1344023065332,134.17475764375143,0.0,0.0,106.78460463750532,351.16988416213326,934.4956818230494,865.4037474321046
2025-07-08,DSWRF,surface,32.0,-124.75,269.217973046868,135.27789899795508,0.0,0.0,116.0346578080556,370.78396413185976,965.6304493825048,892.8102059452023,290.7995452468731,146.20004494151394,0.0,0.0,119.62128203301728,387.39649076125687,980.5363466439504,899.8327376620208,289.07216734598944,145.28568523313922,0.0,0.0,113.75211306510236,364.7210937263173,947.3199773404336,876.0725091158089,282.72523465786804,142.07373298883638,0.0,0.0,108.00989770823584,350.1581095398702,922.1578478044676,847.320674036054,264.2052104006599,132.78674634895538,0.0,0.0,107.26701887532948,348.52495812158304,917.6406514117714,844.0625896846318,260.2763781796795,130.72203282661457,0.0,0.0,107.01171497176838,351.26558399764843,931.9310451717628,860.262303678061,268.4371641322755,134.805607377536,0.0,0.0,106.41495361864852,350.6532392224131,922.013393942874,845.3177510540045
2025-07-09,DSWRF,surface,32.0,-124.75,288.67689213623237,145.118882504339,0.0,0.0,118.73575200050568,384.9640309745313,981.1051539882128,900.839106036502,291.320260415656,146.43700666777926,0.0,0.0,116.69211230135808,372.3817184370709,946.0700242493626,869.6496255683153,274.79251901145346,138.08048886114733,0.0,0.0,107.59285372904378,348.3775512916594,916.0900289034048,837.9278098879495,255.30307346273176,128.308435081033,0.0,0.0,106.89697241615316,348.30001533689784,919.832076976911,847.5009353494179,265.03713171519126,133.13950635840365,0.0,0.0,108.10871057071051,355.94256560248436,944.1143120482208,871.440244971177,275.18390058711236,138.22979196902605,0.0,0.0,109.93273566418743,366.85714775937487,941.7850715484252,854.6329769430738,262.4881646824771,131.88817047173728,0.0,0.0,107.82777106978034,364.4545024271556,934.7605192343588,846.2790597419954
2025-07-10,DSWRF,surface,32.0,-124.75,287.55753342829655,144.55099476977674,0.0,0.0,119.67192126213216,381.6344055950172,958.7897235896384,875.9126294487303,271.1020753084018,136.22694277189785,0.0,0.0,108.44376425718734,351.518341016422,923.3858984900372,847.8335774648781,260.58713754624387,130.9559979200318,0.0,0.0,106.40567940493082,347.26848943479706,916.049490493574,841.2747658955288,259.25205511536944,130.2176972798733,0.0,0.0,107.89189351042896,355.76320087849945,935.0892455606734,857.4395245386897,267.2266022038102,134.23201056564602,0.0,0.0,109.22008986912026,361.39142494249313,934.8113157294272,856.6120638759855,268.9134311913868,135.0722085158035,0.0,0.0,105.63532301011308,349.68581249234455,904.7210838642036,818.4572411550075,236.72936485364937,118.83959079854526,0.0,0.0,96.50667572603908,328.15672937692244,895.7456013025819,821.9947211488771
2025-07-11,DSWRF,surface,32.0,-124.75,269.96773923985825,135.6588063807331,0.0,0.0,108.1808157794115,350.13866410989334,920.6469516160082,844.0422393952338,258.0485755790412,129.67416896809345,0.0,0.0,107.22455441929998,350.808137575397,926.758855399705,850.7473609785509,261.3888938520492,131.273992477818,0.0,0.0,107.54138903004625,354.77359623569987,928.702574761828,850.8495743235098,265.83209941889,133.53352247276624,0.0,0.0,108.62543033170112,358.7138717913049,935.4475937122652,857.6941079566959,267.41661798089604,134.3098650799439,0.0,0.0,105.90247888507764,349.58803399637907,903.4161766916312,816.8128881155004,240.97156119951063,120.97832292212156,0.0,0.0,99.23695807268146,332.9711170693861,897.0562299902645,826.7493683800635,253.7924764734771,127.36855916065348,0.0,0.0,100.40607146649138,339.0577036612905,913.554785186548,848.8144780971031
2025-07-12,DSWRF,surface,32.0,-124.75,251.28570026818312,126.29587222599196,0.0,0.0,105.91536398836728,346.59976507756966,923.0386392794052,849.4002815362137,266.18517677164715,133.71881980411786,0.0,0.0,108.71290641778272,358.72285466528376,944.6810244589376,871.4048862840771,275.913153455062,138.60683858845874,0.0,0.0,109.69256850480276,362.6844476216361,931.6156990517838,850.4609400643585,264.1395926572045,132.67680731062654,0.0,0.0,105.296375662447,347.53082044697976,900.8698218896278,812.1045591386599,233.17478490855797,117.0854924119836,0.0,0.0,97.48206564031706,329.6191729364068,889.387883077962,819.2583266256039,255.19430616060853,128.13212049535326,0.0,0.0,99.75800120322528,336.0463224529884,901.8769914273564,830.1807520826014,258.3001852834128,129.68749482101035,0.0,0.0,97.72603901063,343.1744963925626,915.7418946945292,843.7310439340463
2025-07-13,DSWRF,surface,32.0,-124.75,252.11697922650572,126.6397994880579,0.0,0.0,107.75368216665704,358.71692989480584,953.5110758942192,878.0793850511504,275.8865619561743,138.5904943251179,0.0,0.0,109.52512107391392,363.09494197714565,933.3523379780136,851.7027979603258,265.11330449975566,133.15514838455078,0.0,0.0,102.64515485183988,341.93058192616655,893.1159074683586,808.6944766159236,237.0364844713322,119.00578033675087,0.0,0.0,97.76861782342334,331.30616484506606,892.0720950204087,817.017791361109,250.416716623181,125.70539851317147,0.0,0.0,100.7266009219306,340.7184797892926,912.970184731054,836.8557322808219,257.22331235201307,129.15585050729896,0.0,0.0,100.0827589995114,348.41608739387846,925.6935436750472,850.5908864998236,270.1895429506609,135.62572499412215,0.0,0.0,106.94534941686928,369.06723245188994,957.9329191585704,873.4405331485722
2025-07-14,DSWRF,surface,32.0,-124.75,269.30426137557276,135.23835000248133,0.0,0.0,106.59167768004514,357.32288920762187,933.776542730597,853.3364409732162,263.1588910308303,132.169314635521,0.0,0.0,101.59771978111674,339.56885267580617,895.1897044566999,812.0862959526773,238.56163358755975,119.77938903795354,0.0,0.0,97.01608740433076,328.0947331044712,885.55992904884,813.6103601083777,246.58727673801673,123.75496119510652,0.0,0.0,98.474608126036,333.4932507770441,888.0552206771622,815.4821117581153,251.6862593364182,126.35260589827564,0.0,0.0,100.689340397771,346.2546126563262,908.0942416679648,830.8633103440757,261.01826021437716,131.054640665086,0.0,0.0,106.05911691643924,366.96520632982856,946.7972959949782,863.9679647566445,268.62333106434573,134.82584270893602,0.0,0.0,106.54504069090392,371.3291284091515,971.6109646221784,889.3796388361025
2025-07-15,DSWRF,surface,32.0,-124.75,254.88557116832155,127.99289700896358,0.0,0.0,99.02625037605604,332.59063713735475,887.7974975720504,807.8190454299972,239.3538120486236,120.1737629265583,0.0,0.0,97.65343942857858,330.7490591525213,892.7842290846861,816.377119919402,246.90383226062397,123.9386684556312,0.0,0.0,100.20740905749491,340.55860979872637,905.7573694662212,828.9381358962493,256.7684333656707,128.91221298749343,0.0,0.0,100.9866290336612,344.2353348436367,884.4793947825615,806.2953109367811,247.50216999963644,124.28321211852112,0.0,0.0,103.3406837882832,357.8879955147517,926.5046171852644,849.3873043015882,262.93773163654873,131.9496676353736,0.0,0.0,98.52940653052003,341.114168614046,912.62745639749,837.9079582066115,254.3442299160767,127.62095793754445,0.0,0.0,95.49009991170551,332.4052447944799,893.1698218354074,818.4930159563014
2025-07-16,DSWRF,surface,32.0,-124.75,231.2086199503427,116.06241803363204,0.0,0.0,95.69967408281042,323.52154710261954,875.4680026575932,804.2508162971078,245.0151537077641,122.98688529715798,0.0,0.0,94.26003196206848,321.9458788937924,874.6483985390137,801.6106375278034,249.95504539785384,125.52234378197784,0.0,0.0,98.089736859325,341.926649205609,892.5022214663691,810.8173297565927,254.92939629666685,128.00231698967428,0.0,0.0,104.34814544685912,361.10802209637825,925.7923164495078,844.8025533399525,264.1076414485372,132.5687342757626,0.0,0.0,99.18247878533424,342.23465224851543,894.1437632585375,813.8324531376726,234.8326950565571,117.79453582179558,0.0,0.0,92.24695262025205,327.0539278670875,900.5193357045982,828.4389433201186,248.8529520546536,124.82922912855204,0.0,0.0,99.75561855268133,359.90462337451197,958.3956976667516,878.0082342352912
2025-07-17,DSWRF,surface,32.0,-124.75,240.24240753333788,120.57469111787488,0.0,0.0,92.87089430769667,321.80121402377824,882.5844454369286,808.22026767137,253.62204378206184,127.36035616028308,0.0,0.0,96.80230599682828,340.8368897405376,891.2128856852537,813.4475443792982,254.56726781676753,127.81846592909226,0.0,0.0,104.46121732025505,362.4519395988673,938.9518528463976,857.1988202567081,265.0995641871646,133.0452642452123,0.0,0.0,103.86071448437389,364.5487710578152,957.3950912438652,874.0942479781612,263.44063294758547,132.16459206712224,0.0,0.0,97.48448341594968,339.76845205055594,906.5456984622208,833.674452660548,253.60082931544824,127.20873850251752,0.0,0.0,101.5615764933972,362.7867276124052,962.5911448243656,884.2862743659816,272.56188875625423,136.68447614257636,0.0,0.0,101.18043968551676,364.4681508338227,960.2553387367348,879.1440389797863
2025-07-18,DSWRF,surface,32.0,-124.75,238.63931410070936,119.78506373052625,0.0,0.0,93.28011001183673,328.5332165013181,877.555003611044,810.9296721185087,259.15781199826927,130.1032525111424,0.0,0.0,105.11005441977294,364.63585480765505,950.883697125612,866.7819650099519,266.6069972614897,133.800385725772,0.0,0.0,99.43857677565612,343.664086800271,912.2031192812768,836.0017847368288,249.39646395444453,125.09172221839164,0.0,0.0,89.64590390838342,315.6173484314263,870.725840608663,802.6861428738657,238.83297652385303,119.73334433466856,0.0,0.0,93.50193626196078,333.88722134832,909.8990390177416,838.1795608940374,252.93809210623556,126.8128982975407,0.0,0.0,98.77727893592166,352.0659360764938,951.0086889943416,872.2548327537788,263.71622594372127,132.2050930162012,0.0,0.0,99.43378922700106,362.3400256399624,959.6995294220608,878.2947311885589
2025-07-19,DSWRF,surface,32.0,-124.75,251.5166734855323,126.21272575721716,0.0,0.0,97.3381448515104,341.7568078072742,925.6532548698812,850.8653616373495,265.8122317052138,133.39318607525053,0.0,0.0,98.1193652611378,339.4157667780382,900.6043292708041,819.5735598074929,244.4452636430477,122.65231774619669,0.0,0.0,92.18848603970643,324.73017634943363,877.135292240981,800.3693235860926,238.0978341983149,119.42697582578178,0.0,0.0,96.68270895445198,343.0732283194257,923.0376398744204,842.4785884369932,249.3877655317372,125.03715675661284,0.0,0.0,102.80477296823828,366.4072988666341,966.3177163465048,882.9385921682228,267.65158707479384,134.20048749566533,0.0,0.0,99.18729276636894,361.3162343870558,958.8845261312748,876.1244487351986,262.79221238218554,131.73111752336774,0.0,0.0,99.72938768315385,363.289923587529,962.9000823986648,882.3190240840602
2025-07-20,DSWRF,surface,32.0,-124.75,252.26274215835895,126.59390642434676,0.0,0.0,96.26509498313746,333.0901654993803,891.4621766075911,815.9115917487368,242.24156670719591,121.55287232204732,0.0,0.0,90.34473166710588,322.22291891387744,874.0437640039543,795.9437241538801,232.88858830361352,116.82340624073396,0.0,0.0,94.23340702129777,339.38779315700026,917.8185576163188,840.1940908092434,253.06174521195075,126.9092161809137,0.0,0.0,97.92325269480406,348.51528026435903,928.390728590935,848.3140469288751,250.87817881978592,125.76459556690462,0.0,0.0,97.42775144545452,347.53724832169087,927.1100936643948,844.2693829001473,247.3345046387169,123.94739281184984,0.0,0.0,94.72309485824542,339.96213945932755,922.2274771353416,842.5761075633558,251.08818762478924,125.81912358914391,0.0,0.0,89.95563098948895,333.86494580357737,934.535119031952,862.7239430374254
2025-07-21,DSWRF,surface,32.0,-124.75,231.5782378798614,116.19970554837973,0.0,0.0,88.19382240696854,313.80724241659004,867.4374121978151,790.8315201128277,227.6671549946819,114.20485601743388,0.0,0.0,91.19347184987625,326.89458299839083,900.9779508130614,825.7181976967335,245.2190503264233,122.95771897215803,0.0,0.0,97.80032979528758,347.44351226776126,937.1739215654372,859.1388142438271,256.67462665763094,128.66925123500624,0.0,0.0,96.30002190610108,349.9456552340943,935.872118388389,850.5866451999052,251.49420504070645,126.05217453918178,0.0,0.0,98.75502290605009,354.10411733885985,946.7294921478916,862.4664154976892,247.04007203572527,123.78743378189944,0.0,0.0,91.24076960686072,339.0594830053669,935.4523942550818,858.3547885752046,256.9908255487736,128.75224933207448,0.0,0.0,97.44855917711337,357.10411337960943,957.2069777439724,875.7195352739209
2025-07-22,DSWRF,surface,32.0,-124.75,232.6073746199039,116.6844365320912,0.0,0.0,90.49498338101829,323.5742727141227,881.7091062818967,810.8529177319558,241.18236419766788,120.9351761295225,0.0,0.0,96.6407973386188,343.85538239545616,929.3828770172956,849.9282423975429,250.29218225792272,125.46633961239624,0.0,0.0,96.15534586900762,349.1616994779746,938.1850165108076,851.7050654355164,246.81786062075165,123.68218239197816,0.0,0.0,95.65987488079618,344.75075189570384,930.9729930094044,845.7674610744459,240.0513445307498,120.2769284898083,0.0,0.0,91.43871263143636,334.50204132802605,922.8478544386278,846.2238404965084,250.94054605774969,125.7442631334565,0.0,0.0,97.7181337244044,359.30839574534383,961.8356008180616,881.5937615067388,262.8194672009254,131.6783621578693,0.0,0.0,99.4326480547018,367.6883538575084,971.8438371391036,888.0289836590456
2025-07-23,DSWRF,surface,32.0,-124.75,240.41035245915728,120.53992756552309,0.0,0.0,95.41141529294212,342.38587552833,937.5283661220228,859.7736592841301,256.85969410142707,128.7683879082968,0.0,0.0,98.68832284781928,354.1342576185902,945.6070615853378,856.2271235399098,247.83005913629185,124.18185581340092,0.0,0.0,96.37149823356457,346.22917519295663,928.4256514589428,841.107122398979,237.7318177502549,119.11737231331468,0.0,0.0,91.84875011229504,337.39668618910423,924.2700029958742,841.1393021288181,243.94989424167417,122.24060079055268,0.0,0.0,95.19207136006402,351.80838287076404,941.8674639739992,865.7687680420656,261.5616727104648,131.05188435810044,0.0,0.0,98.33402848797536,366.216634178164,970.93802214072,887.2626294294685,261.44497681849145,130.97011865797748,0.0,0.0,97.48649901726436,364.3921709987821,963.212639434957,874.6300571344278
2025-07-24,DSWRF,surface,32.0,-124.75,254.4665936713025,127.5536565060102,0.0,0.0,98.68905174421155,354.0819103230135,940.9262083416736,851.5621302048166,245.957749059365,123.25193516021874,0.0,0.0,96.140713163841,348.82964171982786,937.897547824168,849.8129041561294,240.26488264418472,120.3733674711802,0.0,0.0,89.11673410895762,327.18106905873003,913.2893679824444,834.1067160954124,242.34602157325463,121.45304229655534,0.0,0.0,93.58262420491792,348.59171864503026,942.2954784935972,859.7648309307052,253.47445032935823,127.0053764644139,0.0,0.0,97.80522957201369,363.9177802113161,965.562798528643,881.1922411517768,256.67856095169134,128.5881582240297,0.0,0.0,95.66969517947511,360.615037534368,958.3985840885666,870.1490042823569,248.2350368103246,124.33703836931156,0.0,0.0,89.39842318973518,342.76794560405216,912.6737402829896,819.8961405990442
2025-07-25,DSWRF,surface,32.0,-124.75,241.8307160551247,121.17062380948524,0.0,0.0,95.57385030555652,345.7557630801185,933.3940362632308,846.3772372680345,240.4985777547707,120.4912459173282,0.0,0.0,89.35273723373771,331.7611775681914,916.9262615439476,836.0377526452608,241.96671722962384,121.25641055504138,0.0,0.0,92.68600159249031,341.4369893931246,928.6612846958652,848.5093705094444,248.02432736643297,124.27212965546364,0.0,0.0,96.05732755945232,361.0179830957062,963.4463440967716,879.4090585085645,258.0888380390303,129.2918280672646,0.0,0.0,94.18296712350454,356.39288315936886,952.2161106728518,866.9260635601065,250.97040687849068,125.69784285606636,0.0,0.0,91.0029843303864,347.5026093122359,929.5365965753113,839.5420659847922,236.14505510444272,118.24305444302244,0.0,0.0,88.1249390321971,340.6932262631364,924.730482589498,841.4179149270103
2025-07-26,DSWRF,surface,32.0,-124.75,235.72552696520603,118.09669834165756,0.0,0.0,85.68353175323838,318.466244445084,897.8789084525004,823.3267569139235,238.6610502429766,119.59646165571544,0.0,0.0,91.45110324133,339.08839542050407,918.3343486388314,837.2874083365368,249.02059935485025,124.77052375033136,0.0,0.0,95.5242861812053,356.8056835908187,959.2437156317596,876.7346220860799,257.9092922880428,129.2014657803201,0.0,0.0,96.5037161190148,361.8961608320484,959.811290303113,871.1556830340811,252.14623382612163,126.29160454269292,0.0,0.0,93.51963873412208,353.93389784313695,945.224392401919,854.1952388838168,238.76801376296305,119.55451111484844,0.0,0.0,87.91761534334796,336.3523249381321,921.150103886255,840.0169132902084,239.30485697876549,119.81749507650473,0.0,0.0,90.6595145528041,351.3603365100945,955.6204268295148,868.1369600608818
2025-07-27,DSWRF,surface,32.0,-124.75,240.8382831484662,120.69099626261176,0.0,0.0,89.26237183464863,331.8152047979353,916.1385058193514,834.6053748537157,243.69744468955884,122.10393988323096,0.0,0.0,95.57822307318143,360.13610364501,960.6847229603384,877.0503884434929,256.7425673917222,128.6156151635124,0.0,0.0,96.35715624995284,362.096066177204,957.928407408736,868.1047707640312,250.1901590855417,125.31325113972092,0.0,0.0,91.74368922332744,351.7267781919879,943.835102450139,853.9578547801116,239.7480952143269,120.04697998418212,0.0,0.0,87.44883133578995,334.68898359360696,918.8835733853952,836.9429466328424,236.75315439391144,118.53853877491848,0.0,0.0,90.01393847936585,349.4023064255473,955.415843321372,871.7566762365163,250.3066934090188,125.30912469712496,0.0,0.0,93.1922364292204,360.8537784130776,964.3305201989964,880.0947807877876
2025-07-28,DSWRF,surface,32.0,-124.75,241.25254971422677,120.8782801834433,0.0,0.0,93.75244682980156,352.8076806731566,952.4671293028264,871.0058305635783,253.33218150016688,126.91093282123532,0.0,0.0,96.64426136110302,362.9854081454014,960.2796553953236,866.5687591454669,243.78088208162535,122.10492239157512,0.0,0.0,90.27855972784394,348.411693116553,944.3463922109554,858.0497496775397,243.32069943790333,121.8398814792655,0.0,0.0,90.12720901418038,345.0279950113563,936.4899997128936,853.6267611658766,246.20103245568765,123.26764795502358,0.0,0.0,89.50838355203908,347.1634810962583,949.2955649039365,867.8716842186853,250.0928093601247,125.1941638562384,0.0,0.0,92.53862701863436,358.5235059418418,967.6477380000176,884.7428413704937,251.8421468631645,126.05323894448593,0.0,0.0,89.09211548446356,353.87651442298386,957.4007739285,870.2259971956687
2025-07-29,DSWRF,surface,32.0,-124.75,252.4385655081388,126.4589720660054,0.0,0.0,96.93620866075386,363.7529107881538,965.9475176877932,873.6939035273838,248.25968621629056,124.34553082707528,0.0,0.0,91.25050843724624,352.3917600869594,951.7805823579288,864.0031615570269,243.21367935519933,121.7864651204883,0.0,0.0,91.44867058990016,348.51918619385197,945.8820487316656,863.297502335997,250.00294526935824,125.17156295911474,0.0,0.0,91.91493460870686,353.3600930728858,955.9420301412276,873.8591090398188,252.11730136086487,126.20607847842102,0.0,0.0,91.58014951098396,352.4998387701347,952.602332563831,873.779139797218,252.18191915116068,126.22752109456766,0.0,0.0,89.18505724564031,351.59255687474547,951.0005540954404,863.7538897640309,235.43678497863337,117.83640339990464,0.0,0.0,83.80328395834775,347.7125410283834,954.3531614323164,869.2226243268428
2025-07-30,DSWRF,surface,32.0,-124.75,247.6314003692549,124.02728873555336,0.0,0.0,91.9590214538538,352.1234568277316,944.5783264601044,857.267451222622,241.66656800737923,121.0084383088998,0.0,0.0,89.99246322614768,342.7640779426596,935.90030047131,853.646545606755,246.22504110377184,123.27960435459624,0.0,0.0,90.80623510433026,350.63824045120447,955.820711617861,873.1634261305974,251.26347091867848,125.78296817195884,0.0,0.0,93.37599637678426,361.2648887124261,966.9508516111086,882.6296625745138,253.9723105413498,127.11922126403717,0.0,0.0,90.07184360620136,353.6506076294745,947.405460600694,857.6780205408193,232.31873073942617,116.26086648494066,0.0,0.0,84.01456063273504,340.32494964868613,928.7865212794566,849.0549968628106,240.72267533932063,120.4621797797101,0.0,0.0,86.29811629008239,344.21055519798495,929.5502315383906,846.7421025002355
2025-07-31,DSWRF,surface,32.0,-124.75,235.31862480743527,117.83233285731876,0.0,0.0,87.48925001459807,332.4441773999001,910.488706427902,826.9233586768053,232.8416021433888,116.5722103792732,0.0,0.0,89.60458724815271,347.11448188088207,955.0068917108006,872.3859193078988,250.412926621429,125.3588926559413,0.0,0.0,91.9944279320203,355.195911733789,954.9377885128688,870.3216213248406,248.30210260208617,124.2773225152298,0.0,0.0,91.0652369256987,355.2146533250924,956.0569835721116,870.2402464519554,243.0353972475482,121.62864598698648,0.0,0.0,83.86645422236307,337.21642232595406,919.167210054735,829.5776816111987,223.7665386237582,111.98354980404316,0.0,0.0,84.8379179905998,342.4976772952378,937.4096695852078,855.1301798757602,236.71128459554723,118.43484691396038,0.0,0.0,78.68522283904203,321.8111779460245,901.2001344937304,822.5698964428511
2025-08-01,DSWRF,surface,32.0,-124.75,226.06036210624887,113.1884785526683,0.0,0.0,87.99798776790666,337.34983644479377,930.643426070728,852.7123069320191,245.085386370714,122.68741998689856,0.0,0.0,90.29508980507627,353.0816102934481,957.1957130662402,871.6329466837756,249.12945470387996,124.69766178473677,0.0,0.0,92.4245758990177,360.29098561328647,968.2546660976516,882.5679591532897,249.2659296157384,124.74847967781108,0.0,0.0,87.0699572136217,347.8538275458892,943.8834208540732,856.4011704068591,233.09420696185572,116.64754980103584,0.0,0.0,84.85371316366326,343.7907254230666,935.5724449782726,850.8543379366123,233.9832359360724,117.07797001804668,0.0,0.0,84.80882145761936,340.27882173242006,920.6515162915408,834.0192928782276,220.65001729957652,110.39120262951276,0.0,0.0,78.90931642688966,321.7041634335239,906.5910396371048,831.500986383402
2025-08-02,DSWRF,surface,32.0,-124.75,226.58327309604013,113.41853175925704,0.0,0.0,88.50979311677116,345.62218507990076,943.193573269728,860.0438460546421,247.68439941917563,123.9770220939395,0.0,0.0,91.76044344076932,358.07627520080825,964.6295494859968,878.1274602195754,243.4629079990196,121.84442197321503,0.0,0.0,84.33154573066183,341.0615916467029,930.5776324417824,843.929163753294,228.7344793707336,114.46774680309944,0.0,0.0,85.90359534792468,346.93293108751186,942.420701771232,858.5469800476737,237.29976905923849,118.7340328900621,0.0,0.0,83.002403893153,338.1234800436927,924.5017021917208,839.9853722033178,226.89879157253424,113.52039758526436,0.0,0.0,82.72954253350855,342.39283630853197,941.1421729827434,856.3889429122913,232.68759187621615,116.40145549750024,0.0,0.0,77.34795774446744,316.6349072405597,886.1424432430815,807.2425299132061
2025-08-03,DSWRF,surface,32.0,-124.75,244.8268930963428,122.54642276928864,0.0,0.0,92.37385609941684,358.68730079397415,963.9731357311424,877.4125108812634,244.99705353942375,122.6158494101817,0.0,0.0,86.55195693641866,343.62923582066077,932.5566311530464,844.0746913730645,229.22222294547635,114.7124382936957,0.0,0.0,86.88577455852372,351.2677022990199,954.495795044555,868.8011829020465,240.7880750355957,120.47929340177558,0.0,0.0,84.92328141445458,341.37961068643943,924.2257659047784,839.8930367714365,228.65720908794367,114.39805078009483,0.0,0.0,82.9024066040327,340.53503188239995,940.7327868014196,858.0321144860861,234.0676425655157,117.09291503644306,0.0,0.0,81.53832264101028,337.25771719142995,940.9741580959948,859.6818530078633,234.82519360821695,117.4610181727952,0.0,0.0,80.44019305327933,331.2982442185078,914.5398771049825,829.9654754292033
2025-08-04,DSWRF,surface,32.0,-124.75,248.1443589578245,124.1885925074817,0.0,0.0,87.34472781043365,345.877804688823,934.994219917193,849.0420312545889,233.90133825965015,117.05180718909976,0.0,0.0,87.78935209334158,352.4423588167855,955.4051626292394,871.2588847065686,241.9354008178729,121.05075533882236,0.0,0.0,85.27535290426461,343.8860564584184,928.9813684776484,838.4294201445941,219.06205892507165,109.60009980737736,0.0,0.0,76.47711378488842,325.4181120835684,908.1714037231034,822.7768664347691,214.1043388347484,107.10717980008454,0.0,0.0,75.89067345930607,318.4518757675496,906.2250112486822,833.7049787499548,230.45318942493333,115.27487451477252,0.0,0.0,82.13694820665972,342.0496206547007,941.6839092177968,857.0845713958813,229.03632902966208,114.556229680852,0.0,0.0,77.3696733926923,326.60626789262983,904.7378407584894,821.2940047793302
2025-08-05,DSWRF,surface,32.0,-124.75,233.06706713659824,116.63436137620069,0.0,0.0,87.6048575834768,351.1614273580299,952.72397776329,868.2717919461425,241.04466000496305,120.60619224166425,0.0,0.0,83.3338854235615,339.34739194359577,928.5966150958944,840.4256395434652,222.9805707475504,111.55603948344374,0.0,0.0,76.28830215554089,324.2471493686844,911.5095566975006,827.9961050632612,220.8330210167783,110.4774914046434,0.0,0.0,82.24445381711375,339.22806979281427,929.8803733828604,847.8527393203423,229.88176897775944,114.989102588114,0.0,0.0,78.5517693755858,330.0029756755839,925.264697186066,840.3010676369898,219.49604669910408,109.78684293002382,0.0,0.0,78.63785781352033,337.43992627768716,931.8106026702608,845.2409788947998,222.7721096553779,111.41555865465276,0.0,0.0,78.91498295959136,336.8229756909584,931.0342589403356,845.6730800675739
2025-08-06,DSWRF,surface,32.0,-124.75,240.52457748297007,120.34616733520544,0.0,0.0,82.29229586153367,335.5343721140057,916.0664954124188,826.8118629772189,217.9114153084437,109.025570335788,0.0,0.0,77.54870942353989,325.0142364256344,898.9701510523951,812.2322539560832,210.3133277304393,105.21614656375856,0.0,0.0,81.57744052887352,343.92301945056596,946.68642860886,862.001895038907,234.43107940945077,117.26447266789062,0.0,0.0,80.02367219370612,330.9264988261911,925.4464176769004,842.439116809451,223.33237583396624,111.70510738624264,0.0,0.0,73.55299893455327,322.8390499240862,908.764152563685,824.2760667993145,215.69894902226972,107.87883592951891,0.0,0.0,76.8735975443161,331.5998548174438,918.2392120032672,833.6602977746315,218.82167564623933,109.43338195567172,0.0,0.0,77.5457988900977,334.56292170917595,927.8144494806018,841.3982056050513
2025-08-07,DSWRF,surface,32.0,-124.75,215.43910872274975,107.7871949614794,0.0,0.0,76.95357882554981,323.20473542576644,900.7966815006588,815.5561728690968,210.26015180679673,105.18870186527792,0.0,0.0,78.9316830751724,336.8762891850407,940.2188735543652,856.5960864118038,232.84292870477137,116.47008147639156,0.0,0.0,77.45032251560752,324.55792609102883,914.0997938627972,831.7208149285213,217.8093569881995,108.94329951875012,0.0,0.0,78.69678349899243,332.37763070835837,925.3361950978332,844.1137002134077,225.9967805102307,113.0266981153207,0.0,0.0,79.2561489753861,336.4257486340566,929.8228327865417,844.1085505921683,219.56447689969127,109.80345549080114,0.0,0.0,76.04005551850491,325.4040094819434,902.0679267907958,815.2567871335627,206.75783538211073,103.3957576473546,0.0,0.0,72.15168733408659,311.7997347456418,908.0932462202022,830.6972732913886
2025-08-08,DSWRF,surface,32.0,-124.75,207.02583927738044,103.57082140827808,0.0,0.0,81.64251475384349,339.64825804310897,935.6156397296066,852.9842143503299,232.1277669934428,116.11258151302698,0.0,0.0,80.0397562607154,333.48821665105055,926.6830264960532,841.0395555002975,219.942016902143,110.00930278598528,0.0,0.0,80.0965024269343,340.19507446165517,937.775746891262,852.6329302495001,226.62361203524415,113.34224194734632,0.0,0.0,79.2210722651824,338.19500240702854,932.4877826043124,846.1314822470949,221.1037597036841,110.5743803861634,0.0,0.0,77.3311100771154,330.6478662714833,911.0890969299348,821.0519191564053,205.3954660012388,102.71324846329696,0.0,0.0,70.55331539279483,304.92936784809837,876.2319683006518,795.6650113686507,202.40250322565265,101.21324651295072,0.0,0.0,70.20227302416268,307.78300417457683,892.1778563212201,812.1831587541724
2025-08-09,DSWRF,surface,32.0,-124.75,233.1540318222262,116.6267818820354,0.0,0.0,82.32119746592409,340.18474502233335,921.3346966619702,835.2970379261218,220.0154661443356,110.0468830472705,0.0,0.0,79.44776373967527,339.5985227139969,938.0371302271894,852.920330784763,227.5283807194004,113.79507837021782,0.0,0.0,79.6040418131143,339.3671310008084,935.9685887334932,849.9736605782772,223.6762560235082,111.85990420615528,0.0,0.0,76.77721208992939,327.42165419628725,908.4466453507378,819.7683819869488,201.9560538132356,100.99177255337447,0.0,0.0,69.16257606067444,301.3326550986152,870.2040506964277,789.5464470449448,198.74106807725747,99.38367585290186,0.0,0.0,74.54440195601592,324.8967259317518,919.0984376068254,836.9570523800875,215.0442722784848,107.53177774756912,0.0,0.0,76.29963176651665,336.663860759645,941.6099752061028,854.198187044499
2025-08-10,DSWRF,surface,32.0,-124.75,222.89401273053343,111.48664367552858,0.0,0.0,80.5891851608431,341.3793782701249,938.361958509294,853.1417308621435,227.63746877123623,113.84941987172292,0.0,0.0,79.55844555211864,339.1324691422881,934.7028916441182,849.2778200777826,223.79817870643552,111.9215181993712,0.0,0.0,75.6252173900937,322.976076551509,902.6166901543144,817.7668061824943,204.37410610840465,102.2019907662469,0.0,0.0,69.86353884896891,301.8302981338021,863.6159740378894,783.3094579255558,193.7491912749886,96.88700766550986,0.0,0.0,71.21046238542795,316.2904439787029,914.2244969720882,832.2216644608952,214.22954487105648,107.12465474898625,0.0,0.0,70.7413487741702,306.45704767664887,862.2066954690158,774.7733426686221,186.39630652928528,93.20349573491912,0.0,0.0,66.23957397242071,300.0740918111534,881.5102678308947,802.5544367903979
2025-08-11,DSWRF,surface,32.0,-124.75,222.53312343636208,111.2954776648935,0.0,0.0,79.6325275797038,338.82433943381,934.7250614943312,849.4701820261103,224.1237784612719,112.0844212822125,0.0,0.0,77.68897067849885,332.5011058200746,918.1174429714308,829.6817370374258,208.43856543770428,104.23507819157342,0.0,0.0,71.39979535551397,307.3592281007318,871.3380940021201,788.5706220404195,199.64745729691805,99.8354014575402,0.0,0.0,70.57164721203176,310.10425822922167,904.244381939506,823.505973844653,211.4501585891016,105.7343995856375,0.0,0.0,70.43091635186701,305.7471009426123,862.3391468588432,774.54295879469,184.81694674854663,92.41418638853484,0.0,0.0,68.18485911990258,309.74022047819767,887.9190183914976,795.6445755941954,189.90959719606383,94.95782858883707,0.0,0.0,66.48155292015491,305.9003611017779,887.7942840459598,802.9043028082918
2025-08-12,DSWRF,surface,32.0,-124.75,217.33385300341817,108.68783126294822,0.0,0.0,77.07583627327514,331.4533459884344,922.5502698841912,835.7819747498014,213.60946259763747,106.81984364180374,0.0,0.0,72.87624980526012,314.87558063493225,886.3642617804095,802.3924978546488,202.36713593794332,101.1951349771938,0.0,0.0,70.65605936434874,306.92429150967575,891.2335166868276,812.6514331271725,209.15102511151443,104.5847487957398,0.0,0.0,69.10677641659399,300.7513299722089,852.7697457572691,766.1196541891552,183.97745529235596,91.99431317916924,0.0,0.0,63.99061994292369,288.9596460686485,850.1002923508048,767.6811687037101,184.3395946319509,92.17334300985934,0.0,0.0,67.72285094227331,311.2133275547284,903.8809708324358,821.4267880493762,201.55913607678028,100.781899424928,0.0,0.0,68.9497726782078,311.43161568315486,886.5174305856076,803.1078720664524
2025-08-13,DSWRF,surface,32.0,-124.75,201.6620744143084,100.84511618635798,0.0,0.0,71.38260572770515,310.0875295091822,876.6208450118505,795.6323111416566,200.85591009524703,100.43826127955812,0.0,0.0,69.8593103082582,304.5280826272153,885.0135106447806,804.907069473923,204.2778552848542,102.14807090013193,0.0,0.0,70.27185905828982,306.88960395387124,862.3185216815302,775.1392356892084,189.8330262363532,94.92231138564358,0.0,0.0,65.38345585597821,295.7616402540973,851.9117356449465,768.024676147885,182.7492190783096,91.37831507619876,0.0,0.0,66.58685838108937,302.3291052780456,884.0947045000817,806.4172849269823,199.14347836246895,99.57435945511874,0.0,0.0,72.51680571567681,331.94183576271905,933.1552848313466,844.9493067647006,207.57290720254665,103.78809680297964,0.0,0.0,71.17693007248033,330.35838500099493,925.9632364806528,834.6347997341737
2025-08-14,DSWRF,surface,32.0,-124.75,191.77577388953904,95.89721351022354,0.0,0.0,68.36144551344087,300.43186157484115,878.1966023641446,799.1761410016757,203.11511090959303,101.56707285980607,0.0,0.0,68.50308721743895,295.83448197296605,843.075578136808,759.0435523823425,183.89460857720735,91.9518548461004,0.0,0.0,64.18518264824237,287.13929860471063,830.6742867894043,749.6275961829065,177.76264407503774,88.88460738971952,0.0,0.0,65.38571272702004,299.63300300207334,879.1331723577739,798.7547795083608,198.16777699619993,99.08668568189591,0.0,0.0,72.75152597502908,332.4553775335199,934.0876336833808,845.7938967734276,207.40447855619297,103.70383661805042,0.0,0.0,72.17612502519952,332.3882330947871,933.9390987600476,843.517123314348,203.20219242854904,101.60196675381071,0.0,0.0,69.77329356989503,327.03862409668153,920.676839152118,829.3160518059062
2025-08-15,DSWRF,surface,32.0,-124.75,197.67813713720244,98.8483652193276,0.0,0.0,69.95380150714703,304.7893828576995,859.4568145523776,777.0401254671801,192.5736758888287,96.29160176557218,0.0,0.0,64.71059475590346,289.806480543929,840.0406611797616,758.0609668063136,180.2767463297968,90.14205112451036,0.0,0.0,65.34482428915972,295.11371915138943,858.1304623315257,784.2146403745695,194.170063445942,97.087792503216,0.0,0.0,72.24758816129483,330.1098020148471,931.7026462240894,843.6049330800606,206.18653035323695,103.09500860275028,0.0,0.0,69.9937646223724,324.6193134765101,921.1232992975562,832.9935618802792,200.78696465735447,100.39424345768764,0.0,0.0,65.0209515024403,313.5780849237018,894.2392975730814,800.2578597039777,179.12806963335203,89.56430910584747,0.0,0.0,64.06234429547546,313.8707730883112,891.5562033688934,793.8143557921293
2025-08-16,DSWRF,surface,32.0,-124.75,192.13850254290213,96.07538815815164,0.0,0.0,64.36631977115107,289.4523451233697,836.1798652551936,755.9550509562351,181.47117789131457,90.73931447434916,0.0,0.0,67.96878422833477,313.77332620380275,892.689012734663,803.6709237003196,197.9218768799941,98.96348606270575,0.0,0.0,72.50679168915785,330.7115543725226,930.255003080439,841.7868705118866,204.69368713296336,102.34881663104596,0.0,0.0,69.85329676193405,325.5410369973519,917.60603660221,828.4262990582802,199.59976860301825,99.80083207460244,0.0,0.0,65.06492712928022,315.4937825672772,894.7750543856567,798.8756762402331,182.7313462912038,91.36618412661586,0.0,0.0,64.13096388317447,312.4646934485231,887.8315971009067,794.5490966114564,182.78396682458072,91.392295737282,0.0,0.0,63.191464895668474,306.63743907213615,875.6053267818395,782.2555168251613
2025-08-17,DSWRF,surface,32.0,-124.75,184.43874242903524,92.22314695771288,0.0,0.0,69.06905090319779,318.57443149608315,904.82085824193,814.4861582236381,197.89643234052863,98.95068020230806,0.0,0.0,72.4412180256036,330.23105874571905,927.28785885294,839.4494877346941,205.50304708803017,102.7530939995674,0.0,0.0,68.4640493495612,321.5926396895403,903.1954522487983,808.0144066082418,193.99677712481957,96.9990989815846,0.0,0.0,64.85745179339025,313.9768203541155,888.1354219320417,791.1900678196497,181.94678229648852,90.97399726963847,0.0,0.0,62.851751111420214,311.706908270103,893.0868032927374,796.603409836866,179.42115974839362,89.71052329809513,0.0,0.0,61.776330542631314,301.64554596107274,864.2444050837953,769.7309160277148,169.37396812001688,84.68722593046536,0.0,0.0,57.8152202372685,283.04625941559607,837.3982219082297,749.2835059777614
2025-08-18,DSWRF,surface,32.0,-124.75,198.75302126445,99.37925308893271,0.0,0.0,71.58819639717123,326.5091046932017,924.5527832615328,838.1401548994374,205.3923886152075,102.69775579218128,0.0,0.0,70.4162060909745,326.5869316882822,918.520927382704,828.6376898936594,199.26079048028208,99.63125893445807,0.0,0.0,67.3531462577373,320.6633416655133,908.1115320107742,812.3608099128419,187.00931939402915,93.50500137871916,0.0,0.0,64.7037116088453,315.2689754842835,895.3743193875986,798.9951958151888,178.62945707992247,89.31484030875623,0.0,0.0,60.07534347256217,301.1675040870181,857.5915407561811,759.8453118714009,167.0915820769739,83.54593255838438,0.0,0.0,52.5627394538694,269.1069124191548,796.8033942196391,701.9957025615715,152.11515000066106,76.05754621302216,0.0,0.0,56.74888206233573,284.70114731482414,832.303094958815,731.6178288338483
2025-08-19,DSWRF,surface,32.0,-124.75,205.46669432725548,102.7350214820855,0.0,0.0,70.43513656139913,325.9834237105236,914.477890250272,824.5542370234704,197.92287607377503,98.96202274711936,0.0,0.0,66.23908401608868,319.88419136414444,906.7618341626592,813.9543429236757,187.61938432672875,93.81006859690676,0.0,0.0,61.67333613635242,307.6804683702462,878.3174833367407,781.6437688102504,171.55982837956302,85.78003101546844,0.0,0.0,61.64732628266686,304.18338503635664,862.9312372454467,765.4269997561786,167.4836989332851,83.74190650986009,0.0,0.0,54.49713139227756,272.7898659918196,789.4132848333568,698.619934387254,150.36751270901652,75.18386405692772,0.0,0.0,53.40097655545132,272.3873382568454,800.2867613798769,701.228509091242,144.9245118996015,72.4620571980537,0.0,0.0,47.0800704541647,247.84556039323627,723.3045698220659,630.1340889239359
2025-08-20,DSWRF,surface,32.0,-124.75,198.92435762857625,99.46297573824546,0.0,0.0,67.67943091897752,322.0830433842948,908.0814970765358,815.6363657315318,188.045117121779,94.02289633297376,0.0,0.0,62.25593174741037,308.6384884452011,887.1572801972035,790.6704923336778,174.30036413253282,87.15018843010182,0.0,0.0,61.756060090159274,306.39388891521196,870.6957231874933,771.6272391652207,168.21074199243384,84.10538523713714,0.0,0.0,53.18139554926317,271.7765987578855,777.0188442213062,680.0096119350346,141.97273297401108,70.98653559133265,0.0,0.0,51.11077461123138,260.92832095892913,738.1134419165745,651.0181652132228,139.64042086591348,69.82022853309212,0.0,0.0,44.17171142042662,225.96206152013104,656.7782735560313,578.9171678170198,117.8758299666562,58.937979517421894,0.0,0.0,35.02095045872552,195.59951386714653,615.4830140434483,548.6818788319135
2025-08-21,DSWRF,surface,32.0,-124.75,189.51879623772925,94.7597421109872,0.0,0.0,62.51567322067552,307.0103481557712,873.9854636062721,777.5324430054875,170.62953887486827,85.31495605606699,0.0,0.0,62.86201521620397,305.6510329535457,866.839613624516,764.8128896768242,162.2845207436269,81.14235370573414,0.0,0.0,50.969296675851986,259.81634285960615,734.9354101713674,643.9276787857112,137.06829474164488,68.53389664823858,0.0,0.0,53.19837467237622,275.73852218565605,776.7994055338487,677.350785095856,139.76498958284404,69.88243349132006,0.0,0.0,54.2738563972534,270.0639782645156,769.2119633905556,681.3762999348103,141.5568435097798,70.77843199928253,0.0,0.0,46.70151297036745,245.43348186608196,724.8550956152774,642.0665224099401,132.15064288551093,66.07534614535581,0.0,0.0,50.42425639239143,263.04622423427696,761.7910441327057,664.4931585650612
2025-08-22,DSWRF,surface,32.0,-124.75,174.86273607840312,87.43167233847585,0.0,0.0,61.63022142950501,303.6819634628715,859.6696624719245,759.4559750036515,163.80330598526564,81.90177629978004,0.0,0.0,55.45230461370984,277.6686669142579,779.4809617618542,683.6069368241212,144.95133700521367,72.47584687661913,0.0,0.0,52.942869365439414,268.90277078921156,761.121396057819,670.179786212174,147.41494639492666,73.70765870560001,0.0,0.0,52.87723805503149,266.52171245292305,763.4368014460522,672.1802621652012,140.14448158938035,70.07207308411128,0.0,0.0,46.57529865617749,240.86327718034693,713.0433057738701,635.0375812347895,137.35378493841228,68.67702092683462,0.0,0.0,47.45124898891491,260.66427601634086,773.5756738987257,689.2150762300009,147.62307283667144,73.81162525872313,0.0,0.0,56.0580065606846,293.74390022513944,828.3333431512231,736.0723970053014
2025-08-23,DSWRF,surface,32.0,-124.75,161.1221508027595,80.56105858969235,0.0,0.0,52.46166883691242,266.00780480509104,758.1852947081506,664.0418797568933,134.50910812091547,67.25445455115118,0.0,0.0,50.19468268053616,257.9363369206658,760.8902346471814,668.5830865808041,140.82711193326702,70.41350593522233,0.0,0.0,52.70113718033238,267.91524436491113,776.9939618374912,675.4493535911929,136.11081858979986,68.0555987720603,0.0,0.0,44.12073110647509,236.8915737248897,703.4058963948121,621.0042777684921,129.53018127924506,64.76475939352197,0.0,0.0,53.24173262991134,283.9530656225544,835.4324217998272,734.957838562678,154.51260403179222,77.25601990094488,0.0,0.0,58.61639511953279,302.6643346752385,876.4320654219348,781.7059338822785,163.66254944092225,81.83127021857732,0.0,0.0,57.74870401164428,306.71418040043466,895.8738398869091,799.0240333151177
2025-08-24,DSWRF,surface,32.0,-124.75,129.2351637350447,64.61725526011273,0.0,0.0,49.225072174435184,255.94548725655028,749.9876226489496,651.4010813369762,131.05096942115642,65.52572933396934,0.0,0.0,51.989553483827294,265.12435768004775,747.708252989579,644.5976321648295,128.27815221303015,64.1391640675724,0.0,0.0,41.51502370186873,229.3178350695081,690.7516144391384,619.0756781997945,138.19070019388778,69.09549881410385,0.0,0.0,57.62249819997693,299.83333311568094,872.0335046184399,762.0133396653398,160.4879280495727,80.24382252688974,0.0,0.0,58.38260621951116,303.92685954176426,875.2483006531864,781.4745138294619,163.1572914317157,81.57847511412531,0.0,0.0,57.3584075966787,301.7489170369748,878.2159818126565,782.6641149614095,160.6935795430589,80.34703668932035,0.0,0.0,58.89715870845313,310.5349272754205,890.0746450373031,788.6222926360749
2025-08-25,DSWRF,surface,32.0,-124.75,128.38651480030433,64.19345528856604,0.0,0.0,50.24120428514124,256.32351095738477,721.2935466812362,625.8007330056746,126.19886435652924,63.099314639802,0.0,0.0,42.13325247424055,228.31511811929647,693.307255846536,620.5112330168627,133.4858798758275,66.7428941874681,0.0,0.0,54.64534616393911,292.23841477920894,845.2746372278875,748.4043142841226,161.05812444073013,80.52867984259107,0.0,0.0,59.47018278497744,308.24219617104905,889.400284588188,795.408610942369,166.36741799698973,83.1837199970675,0.0,0.0,56.79199355877888,303.783210764183,886.0927797044199,791.8060574159504,163.57596339709875,81.78791784384715,0.0,0.0,59.398391988270234,312.7849174270678,901.3312135115956,802.1036871843976,157.98060964410237,78.99046050171721,0.0,0.0,54.7250190165398,298.17261640334203,872.240260488293,771.6766493258993
2025-08-26,DSWRF,surface,32.0,-124.75,125.10708367408998,62.55336266942228,0.0,0.0,40.01051698451866,221.75652498717136,684.3915752374755,615.210395097109,135.2767585054597,67.6384069090223,0.0,0.0,54.56543507086526,294.21842296455105,842.4449733744359,735.7180751813553,151.35644445303365,75.67787447102933,0.0,0.0,50.448787726604266,279.00056262015494,812.5749749760384,718.4377462656385,149.94204333504095,74.97122490189572,0.0,0.0,48.961134856640186,271.1013483537036,822.6259042200863,738.816516103293,156.73136523984772,78.36545603724562,0.0,0.0,57.35540741221072,304.4207603028361,884.0376794063523,787.7709527839537,158.63055503153868,79.31502720175166,0.0,0.0,55.21366049759104,299.3225070184664,875.7304165659062,777.0076614989657,154.86691022518312,77.43335921527616,0.0,0.0,54.3379226202667,292.12562499436376,852.4299217682892,758.2949858102393
2025-08-27,DSWRF,surface,32.0,-124.75,136.56490574544404,68.28225262825924,0.0,0.0,55.8256322788866,294.62834086363887,823.3139480408284,721.7025459345232,149.6409293544844,74.82038522408854,0.0,0.0,45.17513496277366,256.04381469061775,754.6492756463966,667.2545776611728,143.56879923050462,71.78446808142026,0.0,0.0,55.27561365843829,298.58972322719035,871.4235357911166,774.3156935237305,160.23959631053322,80.11994153452945,0.0,0.0,57.83438011145156,306.6163251690557,888.8343059440144,792.424149536159,160.2132024258563,80.10679639061493,0.0,0.0,55.99279923347426,302.2417178514429,881.0971698095968,783.5834768868888,155.9887086533481,77.99445544801335,0.0,0.0,55.57352261118102,302.57484325670055,875.0537969043254,771.701260090346,149.4334098773706,74.71677141822006,0.0,0.0,51.193853661440315,282.7303135749494,839.1476146852037,742.3525664343699
2025-08-28,DSWRF,surface,32.0,-124.75,145.80678391508792,72.90330407166239,0.0,0.0,46.28425927840609,253.47655955160693,751.7407086413112,668.6163647824033,144.72808943437616,72.3643711037589,0.0,0.0,57.131711829106806,303.4280141078154,860.7035626842639,763.7080650395478,157.07737600804984,78.53865123409975,0.0,0.0,57.910271825059226,307.161707539006,889.3119874133531,791.6099546924846,160.61811946895628,80.30899672057785,0.0,0.0,56.31282579522326,301.45890457987514,877.3099413536042,780.2539879101289,152.38686750519824,76.19329472370887,0.0,0.0,54.074188833260294,298.0165265715255,874.8209838824268,775.4244649027667,150.60673399154095,75.30356005300189,0.0,0.0,51.45593159601608,288.6253486710391,833.1704648638313,723.3216335337103,129.1307350563672,64.56536780575345,0.0,0.0,45.334364317152506,266.02107265153427,789.3882059761625,690.2021062731826
2025-08-29,DSWRF,surface,32.0,-124.75,144.7599818907232,72.37984585966245,0.0,0.0,56.68665008588664,302.84213149129494,858.6114358092099,763.4018621215699,157.51613991552432,78.75815158871346,0.0,0.0,58.12715390785469,307.8376385020362,891.6325710173275,795.7397721508291,162.03741847140668,81.01887942229084,0.0,0.0,56.60962047365601,304.0995627657291,884.8910726805539,787.5565183463377,156.9385010491128,78.46925541269246,0.0,0.0,55.46621432032064,302.54877573245733,880.830576004626,781.1481383091602,152.5592573292061,76.27947504447616,0.0,0.0,52.70538802723792,294.66759064270394,857.0060060433048,748.1060671347183,136.82671687977407,68.41342270519445,0.0,0.0,48.828584978769165,279.57085641044205,834.4335591771832,731.485629628594,135.0791344136282,67.53951447978099,0.0,0.0,48.845340192147965,278.37710394515614,837.6058995743058,733.0314275553435
2025-08-30,DSWRF,surface,32.0,-124.75,155.6744699603944,77.83741150184535,0.0,0.0,57.89342943182777,307.01224721592143,890.4937394839756,794.5440952122038,161.8359558261286,80.91774064373368,0.0,0.0,56.31125591449289,303.3914020238042,884.2964942558357,787.4375963073496,156.65242156137074,78.32590438394557,0.0,0.0,56.00137467126416,303.7759026298496,881.5801282023665,781.95427835376,151.48135737219835,75.74066789013423,0.0,0.0,51.307528276801705,289.0099787197854,837.0988773731284,729.2185009390628,131.8596036332092,65.92998760606272,0.0,0.0,47.88030706058274,276.66108101326677,828.8339882980752,724.7940280127953,131.46814284113194,65.73409288176921,0.0,0.0,47.09594309183253,269.61515792229864,822.5087907503766,723.7666960425965,128.4663191994988,64.23329569071458,0.0,0.0,46.47735318201917,267.4497793957618,816.9811550229358,718.7491308821905
2025-08-31,DSWRF,surface,32.0,-124.75,161.24160610446916,80.62080859549542,0.0,0.0,55.64875307338893,300.53380859796425,879.4829358216263,782.2076756108662,154.23120154383426,77.11569135426804,0.0,0.0,55.69053623397212,303.1934373595703,878.7911256968907,779.2227731767794,151.57102989973933,75.78561110669996,0.0,0.0,48.81002973461503,276.3750838292759,808.5222967871621,706.2454342129163,130.93179138816689,65.46593124520999,0.0,0.0,49.06680308458382,282.97394188477983,835.3819949866704,731.7667489433226,133.72086039858544,66.86051624230957,0.0,0.0,46.2383701432813,272.35642148212105,816.0162564967013,716.1838728273655,127.0478048800248,63.52412803909246,0.0,0.0,43.91549811187167,260.9829483975079,780.173686877881,680.9265738594837,117.29286474307423,58.646423734250746,0.0,0.0,37.57070339074295,242.7088172690922,761.3920086787824,672.1289854135206
2025-09-01,DSWRF,surface,32.0,-124.75,155.01182626553282,77.50578143214886,0.0,0.0,54.14858835358387,299.25940295971725,877.5088704947111,779.0177761618569,151.64855701418756,75.82430107815573,0.0,0.0,47.29306088336936,272.36925996751415,784.5336022732845,674.817461882275,120.53858134866655,60.26929891408465,0.0,0.0,43.265311028526554,260.61566046692667,783.9530850870161,679.4816339504367,121.8818959214383,60.94097285439207,0.0,0.0,45.72084775600135,264.5601082807797,774.9164712120566,674.9964568395476,121.11354874362084,60.55665088873815,0.0,0.0,45.043577375722286,272.51080447103675,812.4127844394229,703.2323503169268,125.16124042212157,62.580822127573214,0.0,0.0,46.520132499457326,278.7608743639682,820.1615068404399,710.2029107297308,124.4834123675761,62.24167426922918,0.0,0.0,45.771631071026434,272.1004231822345,802.201200924727,698.3442212050559
2025-09-02,DSWRF,surface,32.0,-124.75,141.96627035680729,70.9831266111675,0.0,0.0,45.519116524417434,262.3483512975132,762.83643763093,660.3539435952478,120.87603802342804,60.43810398914949,0.0,0.0,41.82911264738972,250.94603580102805,745.0918140943241,647.5993888974307,118.19772201225186,59.09885464952397,0.0,0.0,44.10558093359708,259.0249038994898,765.941497321012,657.4818015461518,116.57753560662452,58.288637189329854,0.0,0.0,46.7001296366052,280.6079918407202,818.9566885327329,709.3945409178192,126.40715730399918,63.20371929880198,0.0,0.0,48.09830018866937,282.05328358671494,825.2634681043985,721.337769793615,126.2921025747128,63.14622374431244,0.0,0.0,48.445170035819785,287.65461757056175,854.2959959185807,754.7761694967116,135.15856924328358,67.57905111947305,0.0,0.0,48.96614079874775,284.75815140037275,821.3458210221972,715.8900820521048
2025-09-03,DSWRF,surface,32.0,-124.75,113.76137536996342,56.88049375587243,0.0,0.0,41.93196311034761,249.77236149998035,767.0421790748687,670.8640534100455,123.67199157790364,61.83580141946095,0.0,0.0,46.5113899438919,266.137732391605,794.5212353181516,693.0086811986548,126.89752154530476,63.44881329956722,0.0,0.0,48.90523145885281,286.601328571675,838.7431534045846,732.9788386445384,130.7218412954902,65.36116010063282,0.0,0.0,48.28940925705105,284.5110932805994,846.9283330184301,745.0099775738823,131.55293546019885,65.7765055468444,0.0,0.0,48.097834095454104,284.72128918050646,855.6240570527258,760.0633019324189,135.61570395787976,67.80765741758752,0.0,0.0,48.657915945609744,286.88094237354005,855.8896882627024,750.9810154609997,124.05212572137862,62.026055779807805,0.0,0.0,43.1262239621658,263.1630871969221,807.6295489784691,706.6763229519013
2025-09-04,DSWRF,surface,32.0,-124.75,111.61611463867976,55.80786407940346,0.0,0.0,44.931654075303925,260.98822783344855,781.5085242465194,681.5259662875397,122.8032194804779,61.40157800022905,0.0,0.0,47.72393465018921,278.06008654199195,836.5457283502916,730.517835925664,128.2845979477121,64.14236061518541,0.0,0.0,47.59662985278078,281.61931742832684,839.9831440859618,734.377152443634,130.05984033745366,65.02986048224037,0.0,0.0,44.538491122062695,267.08491745680135,813.6339569101383,721.9631849525192,125.97305207132756,62.986440999120106,0.0,0.0,47.89005092262714,281.6004689024616,825.1521874520658,710.585343773123,106.63590825665436,53.317953161696686,0.0,0.0,38.89164956020357,243.7479442196996,745.4642289547496,643.4948898336218,96.08082056595724,48.040439893029784,0.0,0.0,37.88066802893211,244.67096334799075,747.7368192504675,652.4110819551248
2025-09-05,DSWRF,surface,32.0,-124.75,114.00851997880554,57.00433145550974,0.0,0.0,46.474968822068135,267.2889519136906,800.5200287498219,704.5863890507783,126.69293691107713,63.34647272245013,0.0,0.0,48.65307583563927,286.5779584266676,845.3862138203959,740.7613086592751,132.19364286469283,66.09687731022743,0.0,0.0,47.3391549870565,281.88532696331873,834.5879358125942,736.0053180564788,127.29911106146416,63.64936160720007,0.0,0.0,48.16634321105336,287.23902692696873,852.8642249189695,745.5363599757817,121.89615022235805,60.948035831169015,0.0,0.0,44.43964777031353,274.6780310125887,823.4372988733887,716.844705664573,117.36558837379536,58.68239975739746,0.0,0.0,43.497051588984874,271.7813826298028,830.2329688574291,731.4119291743068,118.68475707638342,59.342421122882186,0.0,0.0,43.16190319129085,279.41204184243077,847.7342533755002,748.1987225915892
2025-09-06,DSWRF,surface,32.0,-124.75,123.87541413771484,61.93797870566157,0.0,0.0,48.07156589259627,285.302405651098,847.6002761171671,747.4124471219257,134.34407529396853,67.17214941733525,0.0,0.0,47.05345634551115,280.8456936097761,836.7907111610893,735.6171722987468,124.6363964763392,62.31846021343101,0.0,0.0,47.109813451247504,277.900486226928,832.7471190779631,735.106154136366,122.967310575004,61.48369728858118,0.0,0.0,44.586978846114825,273.18674114689884,819.7528358628858,710.798161950429,114.39361437329212,57.19684334279922,0.0,0.0,38.91700866649657,256.3031237177777,772.7373926914752,670.2381979860361,105.8821672842248,52.941163968993706,0.0,0.0,38.15962597877886,238.088926495691,709.6371715024316,624.6701824931934,103.6387527081016,51.81927663769844,0.0,0.0,41.92280380288774,268.01765257040944,821.116229590345,721.3990561672997
2025-09-07,DSWRF,surface,32.0,-124.75,131.58164253447313,65.79075557025232,0.0,0.0,47.14772736639458,281.2841937300397,836.2391518865594,732.7522451555949,122.24272161640532,61.12142297455566,0.0,0.0,47.360350501193565,279.60625415252224,832.207660432676,734.3261601150905,124.0158508232305,62.00800222412427,0.0,0.0,42.82166611638424,268.5555700787057,799.7483176993843,694.1200512741855,113.34732250377952,56.67370156893061,0.0,0.0,41.236965822052,266.1127625413368,793.1611355805865,685.3744004906927,111.17287643991077,55.58668718360301,0.0,0.0,39.75617210980528,247.62801791013675,752.7021920275228,660.2933022049763,106.32246476935867,53.16127701924476,0.0,0.0,42.428752762692966,274.5209360313948,814.72375850223,701.8393957470722,110.78940447281364,55.39455175120552,0.0,0.0,43.96372436524904,282.78052972642445,843.3198012626642,737.8067460199032
2025-09-08,DSWRF,surface,32.0,-124.75,122.40178432765416,61.2008775335133,0.0,0.0,47.786841294585386,284.18969818318,835.3371782338553,728.7886308356708,118.9221179163147,59.460856006360075,0.0,0.0,41.01069858853427,256.1960164278431,789.4325075516051,683.617186071988,108.47235604360112,54.23604631188891,0.0,0.0,40.48306153200432,257.9475350931564,777.0511856210269,678.1230481310062,112.0531771325118,56.02650702665696,0.0,0.0,43.30381229308558,273.87909908222844,808.8585617246921,698.080435732413,109.89339554169334,54.9463775130053,0.0,0.0,39.63954499699901,255.78873907419012,768.8435987084555,670.6050414532637,110.21362230867362,55.10696562845728,0.0,0.0,42.86142901559607,277.5389695416428,824.6646574216644,715.1422885939761,106.66648556122078,53.3330376990345,0.0,0.0,39.44510927941557,256.3258763781295,792.1947441771417,695.5534503274545
2025-09-09,DSWRF,surface,32.0,-124.75,120.04251503100522,60.021088764218206,0.0,0.0,40.27054075225935,257.5815188134369,801.8276425415243,702.2397952256842,111.786223635754,55.89312476449632,0.0,0.0,39.56123494291353,253.23644733964636,768.4283865999464,668.9451195859647,106.90312436703194,53.451472257189806,0.0,0.0,41.401439925895225,258.97438442330196,782.7837495427509,679.0806721872432,109.00323636483978,54.501341835497456,0.0,0.0,40.13207366218031,258.81816807139717,783.058738680738,677.7307486386694,107.56402634986702,53.78222167000437,0.0,0.0,40.92334402128061,270.1234013272312,814.1226743382141,702.7969934439784,105.45633820233436,52.7278234281125,0.0,0.0,38.15916978192205,255.5362030492884,767.5037346639383,667.8360081097861,100.52165286525585,50.261078116170005,0.0,0.0,39.41153572123069,258.40093908488166,782.194228442527,678.3967119472587
2025-09-10,DSWRF,surface,32.0,-124.75,111.42798179540056,55.71394218906065,0.0,0.0,40.94748544097986,260.69198028932027,776.9166445713956,675.3259753292826,108.6347987919708,54.31742138616666,0.0,0.0,41.44138939234921,260.2085388319995,786.4094568670835,678.7524840128558,111.23278282486892,55.61635807977774,0.0,0.0,40.72806838137912,255.544069325885,772.0713925800532,670.3001765129909,106.13730480706782,53.06884371414313,0.0,0.0,41.80274377409641,273.3229578166383,817.0587968274408,719.2182702000673,114.02716386381488,57.0134607866801,0.0,0.0,41.24640768968462,261.5759295215595,784.1968687054205,685.8747727800466,103.79710439089904,51.89846640115922,0.0,0.0,40.789068840311806,273.90572105447313,826.3580043431307,715.5944913941195,105.9634444594247,52.98174298884298,0.0,0.0,40.239377889636586,269.2334519969868,821.4020639965422,716.4312114936793
2025-09-11,DSWRF,surface,32.0,-124.75,108.69879931869156,54.3491813285128,0.0,0.0,43.050129420698205,270.35040349679866,807.2992455958959,691.9265333815672,108.65922370868918,54.32973648855546,0.0,0.0,41.16103928915889,257.59917903883206,775.7364282933569,668.6810977592463,103.16501362915808,51.58237783247735,0.0,0.0,41.986802847923514,271.77679834791854,831.6346805120697,731.1264947654969,113.86394111573496,56.931773314617466,0.0,0.0,41.75736577713374,272.93918465679036,832.2687516829186,729.1611751289078,110.84260104035648,55.42153746229635,0.0,0.0,41.90884812789552,280.8973163525253,848.0308944799867,742.3926909032921,113.1934080879636,56.59654107138397,0.0,0.0,41.976234601147745,281.05438838720914,847.1996953542953,741.371942348173,110.55250288868872,55.27622136493199,0.0,0.0,40.13448106310865,269.7585462007167,823.1665797492035,721.0757555525272
2025-09-12,DSWRF,surface,32.0,-124.75,110.0185103521131,55.00920182258231,0.0,0.0,40.514445310997985,256.07807587166604,779.4897222341834,677.6391771229676,107.47014971796506,53.73522698911276,0.0,0.0,41.09947528006663,268.5518186539501,820.779136617031,724.0994067567959,113.645679878043,56.822733817602085,0.0,0.0,41.39499947168725,273.31772526550924,827.3034386174556,723.0979414699927,110.89050647365798,55.445327090833885,0.0,0.0,42.55423542629841,282.17448046187616,849.3254961288919,744.158065753383,113.49798287159692,56.74894329227253,0.0,0.0,42.025594428774525,280.8469090621146,846.1877414865403,740.711830690882,110.44521241935858,55.22270084248615,0.0,0.0,40.90967626255817,277.9707794981981,840.2798272215011,734.2971642469972,106.90168965102872,53.45095510943525,0.0,0.0,38.765343507448605,263.3434500461011,803.7331065975557,697.2374516593216
2025-09-13,DSWRF,surface,32.0,-124.75,103.40231762677293,51.701178239256,0.0,0.0,41.30861364328469,269.27907595696854,834.8055542620536,734.0799950363983,113.70270753300989,56.85133950683147,0.0,0.0,41.82820409216548,273.0227464645159,831.1071792827017,728.4548234909247,111.93539890359172,55.96798033004427,0.0,0.0,42.539638686350855,281.050045820205,846.8884485435134,742.3455019950682,112.8416771062822,56.42090377269206,0.0,0.0,41.713180753345455,279.26418668841904,843.6146763707509,737.9612855710409,109.6525180716494,54.82613947819925,0.0,0.0,40.007043649207205,274.5897328009083,832.3024898609453,724.0730470915644,104.23086232851938,52.11531336939683,0.0,0.0,36.36241488949233,252.87102252121647,762.630175507418,653.8831622533357,87.6469102940071,43.8233755471655,0.0,0.0,30.460505245096165,231.705405621688,741.3894890277095,639.7776719458088
2025-09-14,DSWRF,surface,32.0,-124.75,109.01440638565111,54.50712281499533,0.0,0.0,40.979489496427334,272.22553693112627,834.2190601474488,733.758170929286,113.47975494647406,56.74005976538793,0.0,0.0,42.31814558418226,280.2222532140419,844.1539254000343,740.231140706662,112.81412819152844,56.40684997899046,0.0,0.0,41.54486529612532,278.418396275683,842.3767089429367,736.9231957286765,109.45977445283238,54.72997666500689,0.0,0.0,37.60467611326195,256.6801925267751,776.1516994404005,668.5062145163017,89.24146454000308,44.62073556104523,0.0,0.0,30.609502659621707,209.05239533537528,641.1801269330899,548.9324211729576,71.27909896476767,35.639207906368085,0.0,0.0,33.59048571241837,245.3746881222276,759.5783690444566,654.1750485476335,87.8215523867048,43.910737209442686,0.0,0.0,35.202461009719904,252.9391875363636,773.9295516085695,668.5418029581865
2025-09-15,DSWRF,surface,32.0,-124.75,110.32138190256968,55.16057355358557,0.0,0.0,41.21973216875132,277.7792950743878,842.1907933769639,738.7986388906555,112.62389591005233,56.31180109027396,0.0,0.0,41.480614548871415,278.16917603534387,838.2597522699164,730.4442534888335,106.67788069883076,53.338887114157345,0.0,0.0,33.75100119043896,227.2675586602294,671.6274710577713,565.2198591048434,68.89716475261459,34.448695754097,0.0,0.0,23.641125173760795,162.0835869376729,515.4129558018924,440.4492258658062,53.16822343191541,26.583869664732468,0.0,0.0,24.062494294789364,186.054195867915,619.5824039881529,529.8004909236612,71.71687070280962,35.85848480036473,0.0,0.0,33.17023801653875,242.89314200747984,759.542367062599,648.938006188832,83.95882376605715,41.97928543552972,0.0,0.0,34.17397553731737,253.8848437181471,786.3725487205847,678.9086094083939
2025-09-16,DSWRF,surface,32.0,-124.75,111.93431503724226,55.96693316016808,0.0,0.0,41.49823118997771,278.3548071596672,839.5156641576026,732.9251216941718,107.7591489679208,53.87964539449264,0.0,0.0,35.225710864520124,241.3673079167493,717.0801323220273,607.6118537120025,77.17066257765616,38.5854563915609,0.0,0.0,23.88893154741531,173.3748018273221,555.8747021898524,475.50836478304007,60.394319106416674,30.197326400852013,0.0,0.0,22.795402477550503,171.6899020778979,567.400778499675,487.8457522296531,65.90758403325391,32.95383054842092,0.0,0.0,33.8503447373231,250.7992782972636,778.7018682813218,669.0225444168364,87.32885729316683,43.66444836099382,0.0,0.0,35.248589894414316,260.16228087773027,797.8626034854344,690.8985221463231,88.35228512874528,44.17601222533778,0.0,0.0,29.13575299012736,226.1905933737993,719.3557645808878,625.0919309777482
2025-09-17,DSWRF,surface,32.0,-124.75,105.97934773590376,52.989870503070875,0.0,0.0,36.36443722396682,246.48482058250335,726.9029806540038,611.4558055496748,74.03953682467738,37.01949727557297,0.0,0.0,24.07550355136042,171.52362484609358,539.7210033562206,456.59959100042,57.24889193598387,28.624525571188848,0.0,0.0,24.78193941583877,192.1823712761741,637.7555869872524,548.195410087869,73.19696741232936,36.59839305316915,0.0,0.0,34.12439862935246,256.825709065872,784.0300518730251,663.4733222484824,87.16415290494744,43.58203177071443,0.0,0.0,34.70420567722511,261.76741353984056,805.4734646613017,699.2995384157101,91.85582456942744,45.9276455035523,0.0,0.0,35.27862663194067,261.57067386967464,805.4768473690624,696.4962866288267,86.19501755181449,43.09762248248883,0.0,0.0,30.907490121263887,221.8614039697193,674.0535870068552,579.0588266318424
2025-09-18,DSWRF,surface,32.0,-124.75,80.00860191925949,40.00428356447081,0.0,0.0,22.84590838788848,167.195674547509,528.7351505884087,443.6656325614783,55.31248973405667,27.65607592428377,0.0,0.0,24.825630669137183,191.0783314278488,641.9859892431878,551.8114160316409,73.57198041660423,36.78577273880643,0.0,0.0,33.719947829371975,251.4890912338697,758.9705695844323,636.3314063530424,83.35062159584288,41.6750157487504,0.0,0.0,32.94343504437695,248.81408628197215,752.5269252551864,643.2505308551263,83.7853803646586,41.892587774466605,0.0,0.0,33.60838067388696,252.58683011788057,773.8953735657179,662.9228460099621,81.0260656263067,40.512876540532886,0.0,0.0,28.70672479052465,220.30161196124175,686.0680694693604,582.4027192395095,68.35752974164502,34.178800638548516,0.0,0.0,28.38731194301597,234.27736277461793,726.4960652399598,618.555077916608
2025-09-19,DSWRF,surface,32.0,-124.75,54.827943806864205,27.413833844723808,0.0,0.0,25.880589372110684,194.87542235931025,646.0309210305024,548.7818269101685,71.93725998847128,35.96859253891752,0.0,0.0,33.42910868516665,248.77468785158607,748.3099168851056,629.6699081490536,79.8521918481469,39.92603125898499,0.0,0.0,29.990748858443048,226.72437003882257,688.2037166229038,587.4546056776621,77.03499996885586,38.51736309623759,0.0,0.0,31.56370768259848,245.18847736380087,779.7084350410919,679.2304315778649,89.00878944601732,44.50430960267417,0.0,0.0,32.00214884572087,242.29959527949313,741.5553282973005,634.5546042238625,75.56255483819555,37.78125430965011,0.0,0.0,29.379218796275737,233.4684834686309,725.1891675665732,613.6848883039088,69.99835938482008,34.99935340580518,0.0,0.0,27.63038137552645,220.66417726464243,721.054216465146,628.1770433961557
2025-09-20,DSWRF,surface,32.0,-124.75,67.4012516356444,33.700780369688076,0.0,0.0,33.10592065162791,244.7000718985649,742.3528939434117,621.6934788111535,79.62799735217574,39.81423621972832,0.0,0.0,29.321980750238225,225.76298785179603,681.4686126840467,581.9618104355205,76.51002315828623,38.254772424465315,0.0,0.0,31.86574630288853,247.53335296421443,773.8138726754134,671.4628571157559,87.19817980808008,43.599056296662425,0.0,0.0,30.816476730450784,228.3263578701441,680.2545084856454,570.246712987506,63.17537564857753,31.58754319048504,0.0,0.0,28.027306441985395,225.25297527064748,729.077526330015,622.8584546737106,73.30191396076552,36.65097206532066,0.0,0.0,28.699359847518338,233.97115487460744,717.945268213958,603.5246810261106,69.5326032151628,34.76646289369705,0.0,0.0,28.584758637703164,237.42276276030177,746.1576696603158,631.4038093990991
2025-09-21,DSWRF,surface,32.0,-124.75,79.03703736319335,39.51857416296056,0.0,0.0,31.54489321871829,232.08648113472384,696.0728634046243,590.3990076016446,75.96909248776149,37.98460268672813,0.0,0.0,32.27840018370104,252.28145596503205,782.6887648639931,678.2107015556002,88.89678358940634,44.44818275365789,0.0,0.0,34.377213120392554,260.8001129651656,798.9673362442825,686.2094416382672,83.18077583703112,41.59044763112021,0.0,0.0,32.08364507101718,245.26935533518687,759.5254147775404,654.0928721067955,78.72792691101066,39.36393179519136,0.0,0.0,30.76745718262266,243.3421334854955,754.8039061514962,643.3129538868615,73.56752932329579,36.783778080458504,0.0,0.0,26.92496706988813,221.67923625283623,713.3085885639609,607.7153421288738,68.29998180972157,34.15001216949798,0.0,0.0,27.10074539942027,232.8358339163229,756.4767552882545,644.4530593083987
2025-09-22,DSWRF,surface,32.0,-124.75,76.622417448899,38.31138569360895,0.0,0.0,32.321127285149004,250.28204644304537,792.9404454223715,690.8265407747458,90.45783184901984,45.228727695920696,0.0,0.0,34.064251427616284,258.50956032789696,796.6950590962248,681.8714743236017,80.10663034097715,40.05307256388601,0.0,0.0,31.920894358927207,242.8715694693789,756.8772063567937,650.6215195200484,76.33007982440702,38.16518336256561,0.0,0.0,30.097784656096792,236.58060623281636,727.9781627762432,613.1316652437738,66.79370845654391,33.3969925806509,0.0,0.0,28.33104255961625,234.446720916577,729.8522469652215,619.2578190204827,68.00020321531656,34.00001070044904,0.0,0.0,25.655363432908405,219.8708740187838,704.7383572723361,597.6000516343593,65.8315310029335,32.91591331163576,0.0,0.0,27.623263395649406,239.0365434358125,750.38584900249,636.6880097928708
2025-09-23,DSWRF,surface,32.0,-124.75,89.78616557114412,44.89297107726668,0.0,0.0,34.426035597336835,259.96545358932406,794.388273027564,682.3131648036479,81.41031942712715,40.70534434909034,0.0,0.0,32.20741313690402,244.24652273637832,764.3402350387502,661.7257007835623,78.34922916184053,39.1743303503759,0.0,0.0,31.106988456429924,242.69291838883728,744.5618233250455,632.5441691561131,71.39734996328264,35.699034160562995,0.0,0.0,29.055248858480724,238.40443986103693,743.88346898586,632.361421544957,69.24840195128704,34.62443458214621,0.0,0.0,25.99784977867759,212.44282756743073,653.3306544330225,547.9782473077439,57.36777826039314,28.683584578957465,0.0,0.0,26.50958065237017,233.00522207629476,737.7803393772251,618.7948198636643,67.34836798232357,33.67402058969044,0.0,0.0,27.834509415913768,234.91091852286277,743.4835162007478,634.5358158556137
2025-09-24,DSWRF,surface,32.0,-124.75,81.47650384737493,40.7383905584648,0.0,0.0,31.76782201199459,240.02674505584076,755.1831025317483,651.5192221843561,77.08373687847616,38.541861648259385,0.0,0.0,30.140461965931937,238.35295569486988,733.4019785865727,619.2620894334627,69.35193773274227,34.676033294451805,0.0,0.0,29.22810437631756,241.5252000887586,767.9643719838173,659.153953818347,76.16657699185066,38.08349510638476,0.0,0.0,28.44012660109021,228.64189021710672,720.5984463753888,610.5811466496293,64.50849315655263,32.25431120335921,0.0,0.0,27.149671446607,234.09705226585345,736.1413846792335,619.9327419182644,65.93678099112478,32.96819034396377,0.0,0.0,25.45655095274711,216.7982467078748,664.3090688452779,544.87732963396,49.58900988735961,24.794342720559165,0.0,0.0,21.74580024779675,191.17275986413733,610.8464106755567,525.3515056286371
2025-09-25,DSWRF,surface,32.0,-124.75,77.87501367835398,38.93775620253117,0.0,0.0,30.34798687254488,240.0998762592013,740.4730310741509,628.0265341270571,71.507897825752,35.753996287979426,0.0,0.0,29.44561594202986,242.40318712728168,765.9398084891374,657.3751549101028,76.17636381523803,38.08846375518365,0.0,0.0,28.708010439255872,235.94783803863672,744.0241657545582,628.96979814445,67.2802778615709,33.64020010024716,0.0,0.0,26.256544557335346,229.25392141255864,727.6234698619394,611.5896494783057,61.794971294378726,30.897564597529357,0.0,0.0,23.69562078086915,200.29519972052776,612.0626618502944,496.0300698415669,40.89370807298796,20.446776703830324,0.0,0.0,21.637831689193163,198.48280327712428,611.908568841901,515.4686204356767,50.595469539275456,25.29764245134007,0.0,0.0,23.23001044229879,221.08661984439183,734.5261694172866,629.0830970986806
2025-09-26,DSWRF,surface,32.0,-124.75,65.52940935353115,32.76440224415965,0.0,0.0,28.599902948056897,236.56204911672,753.4695248808113,645.1316939840599,75.29362039560199,37.64664296623364,0.0,0.0,26.69759699652073,222.64458472498944,690.4536235395902,576.5675905045305,60.74548542497648,30.372716198807225,0.0,0.0,24.05292328937382,209.23630709499065,665.8839896597422,547.7523177542647,53.61788307655467,26.808677465254007,0.0,0.0,21.318914533759248,180.662266112471,565.206910856954,470.7792462721099,43.96149740502071,21.98078754695845,0.0,0.0,22.71474167312848,209.05733350605396,654.8809925443711,550.8234514115154,51.71409786884011,25.85715082126065,0.0,0.0,23.774520486450957,206.12433639373623,669.9730634258393,567.2831996023274,55.83081080589436,27.915376527610533,0.0,0.0,23.579711033109604,228.77246830090732,754.4287555318613,645.5193237140774
2025-09-27,DSWRF,surface,32.0,-124.75,72.37312717381238,36.18661931975586,0.0,0.0,26.924581757934988,223.17567092585892,683.9600288045883,571.6978928867525,60.992495149988954,30.496137263332223,0.0,0.0,23.331967965490037,208.3760584641111,683.3272867379196,571.9505353649091,60.905206881787656,30.452538199436347,0.0,0.0,24.25477337017942,201.09331716270023,623.3381985238171,513.7480324840687,50.31245677189486,25.156311153342507,0.0,0.0,23.284130942901022,221.33625792363335,709.6797883583874,597.7880394351937,59.704044786985015,29.85201194046766,0.0,0.0,25.38524482295959,214.76365829147232,672.9870001935187,568.0037199239766,51.27470047917959,25.637292365078068,0.0,0.0,22.555428981621603,194.18334655463977,617.8096290579552,527.3547997611314,50.72560849039161,25.362836505674167,0.0,0.0,23.046397833495153,222.261591988331,713.1554784220309,605.2076763700038
2025-09-28,DSWRF,surface,32.0,-124.75,57.99889318519086,28.99921436783972,0.0,0.0,23.693457612416267,213.2200193080292,688.1327314285477,572.3572532806958,59.72769588566963,29.86365966811143,0.0,0.0,25.11987824655448,210.183994474053,655.1031259675437,543.2199121542225,50.861153845302624,25.430498629566852,0.0,0.0,21.312209858357168,207.49510004741455,699.0536488040757,591.522268370243,59.43040373208634,29.7152149696127,0.0,0.0,25.358546741300955,209.5256140807811,651.3626332593158,549.8532721217116,50.59513116710528,25.29740727980604,0.0,0.0,22.542707809102613,205.26180516006056,650.047125203814,546.3848264905993,49.74919962645697,24.87463568938055,0.0,0.0,21.981376051984547,206.38167719653657,680.4638673916681,581.3936160616483,57.41046165499099,28.70532285442287,0.0,0.0,23.625941006804787,222.9112092621073,701.4984541915638,598.9679496945469
2025-09-29,DSWRF,surface,32.0,-124.75,59.17417022201043,29.587158836399546,0.0,0.0,23.557359628022116,189.67599261355792,605.597470920043,504.1088213919353,49.3150949064144,24.657645826924927,0.0,0.0,21.708219948432852,214.9218390648198,706.9974583679711,582.6974610517586,52.90839630075708,26.454062503339895,0.0,0.0,24.271214564905033,198.9304735765097,619.3421336495073,528.9036600583531,53.31111487273713,26.655613937093847,0.0,0.0,23.537671687138666,213.00692307110705,695.9729894448494,586.9127908118636,55.573148470944425,27.786546423383488,0.0,0.0,22.66420573771184,220.33118864513744,707.4784489290987,606.825794384645,61.89010880325013,30.944895091505497,0.0,0.0,25.85160654478663,239.64938427793197,760.223253656804,646.8334042930791,60.43340810557261,30.216478722802737,0.0,0.0,23.54417058001032,220.2019969704523,696.604617303944,584.4530000294151
2025-09-30,DSWRF,surface,32.0,-124.75,47.56994497787892,23.78504251681266,0.0,0.0,21.67816805569955,214.43858671188235,695.8286050510575,571.6657104204718,50.18689839135836,25.09331034549181,0.0,0.0,24.47845565586336,206.3573436651648,642.6652104562756,547.1279021326822,53.84421682946027,26.922161712905876,0.0,0.0,23.973640998432607,211.53855250970764,695.8206116318629,586.0385684082222,54.91106802514335,27.455563417052502,0.0,0.0,22.463991247019464,215.97429098288325,690.9035744814921,581.4251737252173,57.459480390492054,28.729938859335604,0.0,0.0,25.563075449671125,238.36122866850957,754.1296602256294,638.7109309833282,57.691270833610474,28.845811785741628,0.0,0.0,23.933855248735185,226.43553752333392,715.5734694908165,601.4873563869072,52.34917105262286,26.174486684413186,0.0,0.0,19.472659098677703,189.494289797151,641.025153154978,539.1327002057892
2025-10-01,DSWRF,surface,32.0,-124.75,50.88075157389261,25.44040809436906,0.0,0.0,24.584534167966225,205.77287932458725,650.7204108500648,559.3999330461027,56.217372711518934,28.108581882030165,0.0,0.0,24.06961192854001,208.4458741612904,661.4569592262792,557.1298788100778,52.547175597026815,26.273701388980392,0.0,0.0,22.107858639780353,209.8111922215425,676.1259396079831,577.4941146202966,57.40323505499525,28.702062613533812,0.0,0.0,24.56193317076566,235.43149921417367,756.0887112945827,642.8026504963188,59.736505461262254,29.86857684199947,0.0,0.0,24.161571510209953,224.66467405680083,701.7494578324381,584.7280596381596,48.29163468872811,24.145784997458826,0.0,0.0,18.552587788756032,180.52666887805077,624.0985625565365,530.4677875263881,45.775275286319186,22.88775221537917,0.0,0.0,21.378396841819647,215.21872877642733,720.5467645266738,611.2393399798004
2025-10-02,DSWRF,surface,32.0,-124.75,59.61198805850832,29.806064454238125,0.0,0.0,23.77637515715682,199.1966717629342,635.4430392998904,534.7427868598435,49.2537000475396,24.626962101114657,0.0,0.0,21.809527115034903,204.43334160871157,666.9278945860142,562.7806034389316,55.31812967010469,27.659016431125053,0.0,0.0,23.932273843210503,233.3081970482218,746.6712536472929,632.0750102034709,57.408806259426576,28.70442211576332,0.0,0.0,22.544973703482093,214.8480430837793,691.1090340820904,582.3253451290993,50.38063682079621,25.190665912929944,0.0,0.0,18.630690380311727,186.41515134333432,630.0401161131053,532.8037941121424,45.22652509680756,22.613046411129268,0.0,0.0,21.270945489462974,213.97434342568735,719.7164162248047,615.4414654643258,53.51530738333188,26.757459302885938,0.0,0.0,22.253533075280902,230.60693284611463,738.2099369998114,618.798903269847
2025-10-03,DSWRF,surface,32.0,-124.75,50.63712506985209,25.318354007439765,0.0,0.0,21.72336203175895,202.17212636839628,660.7432405323699,557.8127300485202,54.71482032866167,27.35749432232653,0.0,0.0,23.023736793203938,223.67251442054797,724.1404214625387,613.8352185025288,54.585378583432174,27.292609543648148,0.0,0.0,22.695128127553293,215.88226464540736,700.6574152640866,592.8192012399102,52.95102255423413,26.475570789096466,0.0,0.0,20.489556223951237,202.2857596519933,680.8105718909003,578.5978209339964,51.07663994301993,25.53823564801103,0.0,0.0,21.5530569086318,217.45954655137396,717.8939396851362,611.7650568657149,53.37611520540578,26.688027936307336,0.0,0.0,22.334095322037506,231.12026467123633,746.2458901859652,631.4141612716038,52.78613774367785,26.39306025645328,0.0,0.0,21.256099219114613,225.44920252200976,731.7830926101855,617.7854809989642
2025-10-04,DSWRF,surface,32.0,-124.75,55.37100931401217,27.685430164768434,0.0,0.0,22.63303752638594,221.0889385862576,708.6990116942959,599.2291459742341,53.530658628358175,26.765336881742563,0.0,0.0,22.410989985662745,216.9163354932438,711.3492093437931,604.3229439043547,54.11310328888166,27.056450337890553,0.0,0.0,22.23793916372364,217.3729447552169,716.6808336493707,608.9143612020439,53.635454135756746,26.817624622323308,0.0,0.0,22.55798810224791,228.06742166143553,741.0392950461139,629.9082396245842,54.569057338036,27.284369046845228,0.0,0.0,22.20833124636759,228.97905081138833,736.4463238408474,617.799401777035,48.70248798876688,24.351362307109422,0.0,0.0,21.474841758769017,227.00335654217636,733.3251313254914,616.4438968468346,48.54151922820138,24.270735924823143,0.0,0.0,20.21987592035063,223.3791875223322,725.0113976018008,606.9564107725853
2025-10-05,DSWRF,surface,32.0,-124.75,56.48332711279423,28.241836255867387,0.0,0.0,22.53984571084722,216.18800638425228,711.176475573785,605.9438569030834,53.85835922021992,26.929257165234908,0.0,0.0,22.98864730589144,224.54429909917852,735.6702639342084,625.9489784404534,55.520414946386225,27.760024322974083,0.0,0.0,23.187142590302017,232.54045513500657,750.1226340611124,636.0173074803739,54.795879571409664,27.39803746653066,0.0,0.0,22.181493522388372,229.7555212611147,746.5775851034546,630.8682406352875,52.03747997481345,26.01880393548464,0.0,0.0,21.140775357003086,221.0152004406075,724.5430636741639,612.1999409070545,48.57549758005837,24.287879415957978,0.0,0.0,18.10974022207167,207.51738379557057,704.1609135162385,590.9857043440545,45.690126187630185,22.84501337233756,0.0,0.0,16.486748482141962,194.9000514407728,644.5385743034485,538.8093784954028
2025-10-06,DSWRF,surface,32.0,-124.75,55.1987186693551,27.599450063243655,0.0,0.0,22.98423786671301,225.00665576169467,730.9259063254667,619.2432282720404,54.016687941087255,27.008351563455655,0.0,0.0,23.156045328519895,231.84012043368153,748.3550186377731,633.8491982654336,54.21834824801738,27.10919476610234,0.0,0.0,22.41964919953795,229.91910373137537,740.2805117788374,625.2025504225362,51.44822825664663,25.72410418617327,0.0,0.0,20.083159096742563,209.1655894827255,683.3604059765519,572.1102857827818,43.054753179194975,21.527659439093444,0.0,0.0,17.33645891324263,194.7733582910863,632.0959523487526,525.583469515571,40.77288348348823,20.386348311217517,0.0,0.0,12.035418476740476,167.03762568871815,587.9390646958809,500.86029242771514,42.26413629975862,21.132234382768083,0.0,0.0,19.571514715663906,226.50233978349144,741.0408680841524,622.3431713938664
2025-10-07,DSWRF,surface,32.0,-124.75,54.718339941437414,27.35910859571766,0.0,0.0,23.1791127937539,232.58606706561991,751.423239857033,636.651836439973,54.72023886583392,27.360197480799997,0.0,0.0,22.56940765531174,231.9762337706282,748.5236296437245,632.1304567997333,52.206769320583504,26.103077900087413,0.0,0.0,18.318327838213087,199.28780393790484,655.8166460292691,545.1144268645535,41.09617134129286,20.54843561042523,0.0,0.0,15.67019834101012,183.17607019673505,590.1510113914566,493.7413710951351,40.622028613724886,20.31092134529834,0.0,0.0,14.008951529559804,188.18529677425155,634.0824900384839,541.7929756035915,45.89957354085319,22.94993142159008,0.0,0.0,19.45419089113456,225.262191781161,736.0434981175831,615.9341505531722,45.248856386839826,22.624433130892193,0.0,0.0,17.725979027091043,211.7197815843539,703.5439300645508,588.0812219597434
2025-10-08,DSWRF,surface,32.0,-124.75,53.69303164145867,26.84645115221945,0.0,0.0,22.013875797351822,225.06437865909257,732.852077149839,616.8160249293878,48.90918164143288,24.454530812082407,0.0,0.0,19.08992852849572,197.8640207540088,656.5361584000351,547.7549648396932,40.22110972636488,20.110830621594125,0.0,0.0,16.16853271232811,189.76071902883737,602.843077255307,500.14413608948826,39.225205351117125,19.612687642954334,0.0,0.0,15.114792221452028,190.0737832630995,641.8508707534179,535.4940648733348,42.30753453590208,21.153789182837833,0.0,0.0,19.608254218420523,222.13036537680904,721.6431336913543,604.0778875319463,44.22569576516416,22.112757177458995,0.0,0.0,17.987240121889727,201.88463176641443,641.6927295574305,530.37720887468,35.834269588037884,17.917060938417436,0.0,0.0,16.029181812100624,202.18141298186697,684.6201480059759,570.0140365699207
2025-10-09,DSWRF,surface,32.0,-124.75,46.45474617435825,23.22709555307123,0.0,0.0,18.548854118452606,189.2288856993864,621.3135257410407,519.1909706133126,39.81942278118705,19.90973397785968,0.0,0.0,15.414937489237564,181.40354273453832,599.7235810354123,504.0831817906553,40.88022672812409,20.439895293799225,0.0,0.0,16.66243922007954,196.2098327238348,633.1357121502135,529.1914894860654,41.881186487128595,20.940469496781255,0.0,0.0,19.575435154340724,222.77607740849004,728.3018296629953,611.4089808159086,43.68561558459052,21.842803309806904,0.0,0.0,17.358885615099833,187.00918767232056,597.7557830534819,489.2053417980404,30.285890679635457,15.143036962314644,0.0,0.0,12.283455946696952,152.86695234844257,514.6799636841375,432.66816952282034,33.980923569787,16.990591873672095,0.0,0.0,15.725220349057802,189.44236857205576,633.3473024579828,525.9437321085583
2025-10-10,DSWRF,surface,32.0,-124.75,41.02187926825599,20.510865877322235,0.0,0.0,16.765172285724457,192.27857860948836,641.7416623656926,532.6755768051767,40.145648043155504,20.072607595034388,0.0,0.0,17.711504958873377,202.0557899005313,667.032672358246,561.5074948330683,44.11866258846049,22.059242444727833,0.0,0.0,19.525532207323305,221.01871882590967,726.5524969482333,611.1863350898942,44.500129714362366,22.250137509706946,0.0,0.0,18.006338491332805,196.18584852824023,632.84418579596,520.6448576858921,33.335935626674214,16.667982355145384,0.0,0.0,12.878714625056906,149.9750093315154,516.2694377380703,430.3975523426952,27.571876799331896,13.78607703385691,0.0,0.0,12.188421866803624,165.78011965255746,570.0600908730934,471.297899142039,31.446431865324644,15.72313799311031,0.0,0.0,12.908540763310118,167.4548555740239,560.4543112300817,459.2838854898414
2025-10-11,DSWRF,surface,32.0,-124.75,40.96874024344328,20.484347190071208,0.0,0.0,17.612166874178644,203.3931573794445,660.5108558808553,557.8669345638853,44.66878790678486,22.33439827564146,0.0,0.0,19.569714083493363,221.2849183194581,720.2645843948221,599.9325442886807,41.76102751410427,20.88054173371728,0.0,0.0,16.728775613864084,176.3684878838902,561.3835168564314,464.0546750709171,30.252146472510713,15.12598489682306,0.0,0.0,13.30113939077575,150.9717761787522,498.3638246632503,410.3759821152118,28.924650889356613,14.462430232097253,0.0,0.0,13.835495238012792,178.8765610699823,610.4975570081057,512.248229057188,36.258664113003846,18.12951140856685,0.0,0.0,16.585281750962377,214.42966773106383,713.0832493360747,592.4962173981523,37.51250865468992,18.75631958686357,0.0,0.0,15.760932281885037,211.118713537041,705.6627383431195,586.884719511935
2025-10-12,DSWRF,surface,32.0,-124.75,44.71358633853371,22.35701520413876,0.0,0.0,19.586713478224542,219.48262151924337,707.1184918143525,586.3686002937754,40.25204615915181,20.126070662170527,0.0,0.0,16.068341155182985,165.4576721086624,526.8182116789019,429.95985765535255,26.91050735821418,13.455164388673172,0.0,0.0,12.821032466998387,155.55874100021498,512.2463225738711,421.73592152310425,30.095768896231704,15.047999377619206,0.0,0.0,14.42808449216485,188.3747789776152,642.8933610667261,541.0980772642276,37.657318246570014,18.828511309751207,0.0,0.0,16.42773411008504,209.6922825044538,704.2577764768026,589.406695347654,38.08364687350909,19.04169657061541,0.0,0.0,15.798105664101096,203.43878508556355,683.0315526493603,566.2089483994976,34.14576841252252,17.072976154818114,0.0,0.0,15.363652817685546,209.89432507799015,701.6532926839229,581.8902123396261
2025-10-13,DSWRF,surface,32.0,-124.75,40.86805288685565,20.434066406371215,0.0,0.0,15.909275291145,171.07113236016122,525.4907674424409,422.39974027765066,24.72898997434842,12.364707870952548,0.0,0.0,12.0102126367019,149.2287965191115,500.6690428198645,412.0222155418892,28.81742542537491,14.40860246590714,0.0,0.0,13.475703227455018,172.56841626392406,606.69426752208,511.748706670001,36.29202940347229,18.146370820747492,0.0,0.0,16.49436977669126,213.6363495206964,708.601707109763,591.0602555829355,38.04688527956781,19.023437373420247,0.0,0.0,15.282403990045925,204.6804188902913,693.6416011514806,577.2211398279703,35.29765958282019,17.6488171423807,0.0,0.0,15.213805724756918,207.80190653314096,696.2267911751835,575.978803482391,33.45864424094178,16.729242756060792,0.0,0.0,12.971676756502475,175.23148201172398,606.5720652703942,501.30492074950416
2025-10-14,DSWRF,surface,32.0,-124.75,25.90008468608425,12.94997093913124,0.0,0.0,12.24430316098306,148.81871392490348,485.6968894606583,401.5327036179086,28.47907991536145,14.239891712995297,0.0,0.0,13.913789259961469,176.2566578082106,615.4181429153398,517.8187254397687,36.94603312829547,18.47316666841663,0.0,0.0,16.458772952523756,213.36590246540823,708.9272593031043,590.918702794745,37.59440510194236,18.797379788659192,0.0,0.0,15.469357448010143,207.19200282444737,698.026959961883,580.7241927883324,35.67618182552411,17.83784372834774,0.0,0.0,15.176073374309652,207.06646979828685,691.209845339079,569.5960922940988,32.22307437782921,16.111511529378554,0.0,0.0,13.41639745901095,182.1135899699752,616.2448846152668,503.7545920250258,26.921083549708335,13.460624087374942,0.0,0.0,12.296297673998104,170.27486278745027,572.9506551809287,471.16846848111135
2025-10-15,DSWRF,surface,32.0,-124.75,29.13232772210874,14.566182087610128,0.0,0.0,13.15219012752996,168.1863003343933,586.4055257499679,494.8850077676636,36.024556903527134,18.012198510790654,0.0,0.0,16.122559618358885,210.2485049323394,706.4713680907207,589.1511906829382,37.6139268983554,18.807024168255396,0.0,0.0,15.75066283329148,208.2764581736719,699.8781619290769,582.1830414531403,35.56415270728345,17.781979446607856,0.0,0.0,15.271307888496038,207.19741860901215,697.1521559071942,580.0240531023094,34.79997587952286,17.39999713215565,0.0,0.0,13.954893904458403,188.31523798300776,628.1984545212791,516.4252367982165,28.02105824550494,14.01075149111748,0.0,0.0,13.07907389855984,193.0426602577413,654.8232165954587,541.876870450682,30.611742676407196,15.30597340506187,0.0,0.0,13.11866671821142,197.43388409950612,671.9377578981027,555.6822780637315
2025-10-16,DSWRF,surface,32.0,-124.75,35.70141710937034,17.85079378593222,0.0,0.0,15.730568633713446,209.9551848278007,707.2698163220906,589.6900037909004,37.76813064350423,18.88399934393232,0.0,0.0,15.490427832805768,207.8314524029667,702.7836766821727,584.76670750873,35.96788018963547,17.98411667482223,0.0,0.0,15.258358514967822,208.067165555763,698.0096764677218,580.026062569475,34.80875781497626,17.404272704285354,0.0,0.0,14.327080681308283,196.24456935630377,655.4143176769767,543.3652913555336,30.5516653908915,15.275671353613216,0.0,0.0,13.71640510699416,203.267035327303,692.1823153699265,573.8951402127668,32.257160296488166,16.12839278141495,0.0,0.0,13.215342445263571,197.68201283205929,669.2548961497764,550.8588614976659,28.67214292127058,14.336107359214392,0.0,0.0,12.32721196312994,193.20030939846404,665.4831864703738,548.9807318444325
2025-10-17,DSWRF,surface,32.0,-124.75,37.84168969365301,18.921063946799727,0.0,0.0,15.45749250580781,205.6489464578549,697.5461974957539,581.1047055537961,36.22923412100776,18.11465575298586,0.0,0.0,15.228142478464852,208.08981164767297,697.3355310170884,579.1952557759207,34.52252132735124,17.261266613116934,0.0,0.0,14.323021221924856,199.1909723684237,681.6043555950318,562.8238508716097,32.0669770637046,16.033598258705247,0.0,0.0,13.748428565969324,203.33585492600776,691.487213540228,572.4657261013483,31.771406844841092,15.885821969829497,0.0,0.0,12.98617675127182,191.4557051437369,645.598549981557,525.7150456723053,24.633018892826904,12.316761325180842,0.0,0.0,11.218478306993497,184.8678270855949,655.365981333575,539.7981594220118,26.924604786799296,13.462196391874786,0.0,0.0,10.044034597073066,167.8179589283888,587.3117646184511,472.0698594855943
2025-10-18,DSWRF,surface,32.0,-124.75,36.31213375873616,18.1560584208424,0.0,0.0,15.234592719798613,208.25577435228513,697.9559574305104,579.9383289543243,34.791853450088,17.396211446673792,0.0,0.0,14.293856704215084,197.03173906042488,671.3110762934859,556.1554843112071,31.703293845601845,15.851973637441784,0.0,0.0,14.048545571333408,204.6025120154957,692.9837568002376,575.0446492096453,32.44395868958118,16.22174480529603,0.0,0.0,13.107766155528132,197.80891791480127,674.4128453958058,555.9150788563134,28.818549363589447,14.409165882305382,0.0,0.0,10.463025228373985,173.26389437326262,632.9825215437338,523.3685799221355,27.797339147935897,13.89869873798366,0.0,0.0,11.688496447760366,193.14739681330497,660.5508101784612,540.6013852958731,26.11292062345931,13.056441788120829,0.0,0.0,10.383133012667283,168.70294229042383,582.1736949758806,463.1667850718253
2025-10-19,DSWRF,surface,32.0,-124.75,34.58946702829496,17.294642198606095,0.0,0.0,13.879005519349016,193.39577974611507,662.7408055794202,548.0199496145397,31.446938151663502,15.723866103016446,0.0,0.0,14.0325402347299,205.33887888187945,695.6469721316664,576.7155091829479,32.42137247574682,16.21065707926134,0.0,0.0,12.82161711884782,197.5481555535286,673.5040568082588,554.0333740628048,28.50812957885087,14.254189066761896,0.0,0.0,11.108632218160224,163.46069854734648,578.4595842440541,479.47165578637595,25.45342643028667,12.72679119459312,0.0,0.0,11.431912568301588,189.06356256439216,661.504161812562,543.1638698912307,26.22459292179049,13.112281174331867,0.0,0.0,11.11402403693006,174.02616565698625,588.7435046421252,471.5229134921724,20.447958286986527,10.224175472870195,0.0,0.0,8.22397628190603,144.91820286603928,566.4376329617469,468.97520005874367
2025-10-20,DSWRF,surface,32.0,-124.75,31.529741098478897,15.764831468153496,0.0,0.0,14.00937325878299,204.73353163262345,693.8927696028259,575.4619720638402,32.40435167555533,16.20212223527051,0.0,0.0,13.20121305638433,200.7557578208433,680.826895793473,561.5069746116037,29.593261193917215,14.796512482008254,0.0,0.0,11.329970482224216,168.13843877466286,590.4032083882071,485.7781287947571,25.056062624179173,12.528036554146306,0.0,0.0,11.12884174772707,187.8578177278575,658.6334196959199,538.7553068572661,25.571141611831504,12.7854949917501,0.0,0.0,11.042648072240445,181.96801999406125,628.6625880446624,512.5543222664701,23.32008742397499,11.65993633280765,0.0,0.0,8.945134776844647,148.5500415188053,559.6095356334813,455.2922269711375,18.93340907994712,9.466652205311938,0.0,0.0,9.3011004557248,169.9125248190928,593.358190081698,477.8883004925171
2025-10-21,DSWRF,surface,32.0,-124.75,32.17961113889485,16.089538081747193,0.0,0.0,13.100185080716226,197.04533218410404,672.5403190791104,553.5178650287355,28.2184883016648,14.109034001669318,0.0,0.0,10.352854786972344,155.7425905531146,565.8373057069433,468.3545858496317,24.66824492236744,12.334301955510751,0.0,0.0,10.989258288646742,187.38628614145165,659.0356586587106,541.5239178452684,26.52897644528548,13.264534635558896,0.0,0.0,11.20296124674882,185.94241570809504,641.6733319814216,525.9756621190538,24.844518536976295,12.422292166194294,0.0,0.0,9.967368841936862,148.5913086421853,490.660675170807,394.6357204318407,18.196346193443663,9.098113279315664,0.0,0.0,8.557983960211521,165.41804759042878,585.2931034865401,472.3305496129352,20.00539536252849,10.002707515277846,0.0,0.0,9.294625650118295,174.9490371345928,632.0516074825204,519.2961131886339
2025-10-22,DSWRF,surface,32.0,-124.75,28.031216752103894,14.015725767146014,0.0,0.0,10.58340624870847,162.69258468381634,588.2246557383819,480.2962725295392,24.5900722498034,12.294905414938512,0.0,0.0,11.103661152389623,186.94606847550816,656.4055605009264,538.3361634675167,25.79645663870177,12.8983628107608,0.0,0.0,11.166654836018076,180.07192700590736,614.4988627086477,498.328620980468,23.40337511429704,11.701631624074594,0.0,0.0,9.869406285850228,150.5580818812527,495.65527954651304,394.90104928467946,16.376174383524283,8.188366422420414,0.0,0.0,8.772098553554908,166.38600739615214,586.5295719507625,478.8243930079936,20.77171413286374,10.386098940940546,0.0,0.0,9.215933561371136,165.09673069424093,590.342673910388,485.22671938647744,20.303464335994004,10.151816707746102,0.0,0.0,9.033236036213108,172.5293490012947,619.9528826521436,507.9939813702848
2025-10-23,DSWRF,surface,32.0,-124.75,24.93752178243285,12.468943357032746,0.0,0.0,11.212427630542509,187.11068495969872,657.7651780633439,541.6244110622515,26.71201735906465,13.355991681730073,0.0,0.0,11.32139612286156,184.4006685673694,632.197546131791,512.4071872925392,22.75534827049193,11.377806888571625,0.0,0.0,8.990525034354704,135.63177357701406,472.138875644636,383.7413064519512,17.99177759983101,8.9960524791605,0.0,0.0,8.762214840413312,141.98792347705944,472.1735047018876,384.185220295664,17.16781159559444,8.583699820836864,0.0,0.0,9.19640205223678,171.21027175391,614.1372733302193,504.3283639996643,21.608016478783966,10.804149471601082,0.0,0.0,9.12713645133957,178.92866118064032,630.7929436748541,516.3147022852393,21.54406617710726,10.77209886253798,0.0,0.0,8.687125122473727,170.67354278117998,597.1239394137629,482.9637890380248
2025-10-24,DSWRF,surface,32.0,-124.75,26.04862960863027,13.024387959589315,0.0,0.0,11.34277923375815,183.63892440776775,624.3066089514807,505.5412455798461,22.40666731353366,11.203541280500383,0.0,0.0,8.754429703479785,128.45523974935128,444.8724198726504,369.01204134418697,18.24194225663425,9.120806264493014,0.0,0.0,8.833111301445765,152.4236222850055,519.9375565176676,420.6190400537171,18.591568038953675,9.295824084465842,0.0,0.0,9.217857068679244,167.9480372661182,596.4988927136565,487.97612864139086,20.7499186822622,10.374969988557623,0.0,0.0,9.104174875842034,176.35474067105542,625.0961108154041,511.52960911924384,21.43795907121855,10.7189415683126,0.0,0.0,8.670388557402426,176.8013713810596,628.5300702573082,513.0972151723031,20.91015674607796,10.454942417784933,0.0,0.0,8.096953439229324,168.5878465644954,600.3850222785844,483.3863248021243
2025-10-25,DSWRF,surface,32.0,-124.75,22.15078069906584,11.075213627771776,0.0,0.0,8.894190263499544,134.08422323306985,478.3801968427756,389.8179549784264,17.729426276349116,8.86468811329386,0.0,0.0,8.543284210860067,142.65854458295982,474.7900270018397,384.21124412707104,16.826525812258204,8.413431782398618,0.0,0.0,9.300320493409552,178.31046470447927,638.3817996327032,523.3372284253136,22.839415213564276,11.41975552701614,0.0,0.0,9.272398705806824,182.44501123752497,642.4179426053208,525.5271364317337,22.02269772827004,11.011163872613334,0.0,0.0,8.821900909404508,176.0932133565097,617.4852035011797,500.4158079710875,18.90536436487757,9.452930705610214,0.0,0.0,7.961398202739225,172.12903967456117,627.0596333404737,510.6228915431775,19.629475247717245,9.814786030126628,0.0,0.0,7.892552049934173,174.0399747017066,618.1795990962389,501.50677594349185
2025-10-26,DSWRF,surface,32.0,-124.75,18.826528699782116,9.413086336171425,0.0,0.0,8.463245143566889,140.98777182436248,474.4626702114901,387.37545188700744,18.42128393265167,9.211097105638489,0.0,0.0,9.494235496674047,183.74749951411764,655.0123137714539,537.3880911771089,23.64975918294152,11.82481750543288,0.0,0.0,9.451128046456123,185.01396338568168,648.8337797539085,530.9483862474967,22.48518977199842,11.242501928088252,0.0,0.0,8.997882933576662,179.77694739672512,635.65319448642,518.3995959318669,20.9658148802695,10.482911324402869,0.0,0.0,8.481339205613132,174.19145147422006,616.002252992813,499.35614515029454,19.148473730523463,9.574076964185256,0.0,0.0,7.831689934085925,176.5842922320603,633.9975384236168,515.393496903868,19.712795911266827,9.856369233673448,0.0,0.0,7.331269265145278,173.57616115049825,624.1730882671893,507.2575167421109
2025-10-27,DSWRF,surface,32.0,-124.75,18.38757655355002,9.194058336985815,0.0,0.0,9.440471664564946,181.3855862683058,647.9539011485916,532.6503837285878,23.402323716973655,11.70128594039692,0.0,0.0,9.39898190987005,184.45442848520415,646.8908706228273,528.8896764863223,22.152991733619245,11.07624138622856,0.0,0.0,8.928035099653417,181.3265055464277,640.7007900337068,522.1409578268438,20.74009032885843,10.370248183844511,0.0,0.0,8.399899694403917,170.78524388708462,590.7728742139824,472.9534170535492,17.810308600393316,8.905122185397657,0.0,0.0,7.436186447652427,172.67273889419224,622.4790911291241,504.8290551584776,18.94281490759409,9.471664172113574,0.0,0.0,7.371845080810526,172.46770322028487,619.0673283556234,503.70891664888455,18.289225402955587,9.14429352098344,0.0,0.0,7.026731932651645,164.4403880714408,595.1860959159966,481.15660897171995
2025-10-28,DSWRF,surface,32.0,-124.75,23.450914492746843,11.725648506440477,0.0,0.0,9.447553454742714,184.6659498085681,647.0907780515614,529.2134866246586,22.302558201669004,11.151249783153965,0.0,0.0,8.991415482255176,180.55212593182256,636.2003058123793,518.9767046701667,21.349602091725806,10.674856380520993,0.0,0.0,8.50848709281404,174.03272878609835,607.4241035621197,486.61486004431333,18.28194533769234,9.140916715356596,0.0,0.0,7.3935419880656035,173.16123593318142,627.0231152320345,509.6539014883286,19.154511598903955,9.577062441092046,0.0,0.0,7.55766358669632,175.40071709102756,627.480509754442,508.6387846901792,17.77799410418218,8.889087205187302,0.0,0.0,6.8072017227139066,157.5635838131085,578.5047616034819,466.2570862757523,16.05255637828225,8.026227055524604,0.0,0.0,6.021759582257522,161.44894924233472,600.2145743975091,484.44773632496896
2025-10-29,DSWRF,surface,32.0,-124.75,22.31040299129186,11.154879451901824,0.0,0.0,9.02844614601989,181.58282803298283,639.4924694696828,523.1872410929852,21.47298709050905,10.73655245918914,0.0,0.0,8.54735881277424,176.0168119502835,615.0190684226029,493.0430778952471,18.34316316932936,9.1713332232736,0.0,0.0,7.585093975728203,174.79133447120628,629.3471555732335,509.9148394845173,18.97793267233717,9.488879601690089,0.0,0.0,7.418035073322228,173.17884024422654,623.8822460641032,505.52866110440107,17.56668603217757,8.783380041719067,0.0,0.0,7.018440349375945,157.59064895682457,582.5210817349107,471.2027878124648,15.722260247538228,7.861189645666372,0.0,0.0,6.305010962152747,166.57254744864633,610.4015670593956,492.44971998470214,16.734793896997346,8.367409329466371,0.0,0.0,6.4084601759151285,160.81537657650023,576.6865793730803,453.78785311834525
2025-10-30,DSWRF,surface,32.0,-124.75,21.395847375961335,10.698066760865284,0.0,0.0,8.56821394833092,176.0953575542144,613.3375457484838,492.3224434061627,18.563857756847867,9.281838105091175,0.0,0.0,7.759762076753614,174.21225630520382,618.2998759547111,499.3715077882191,18.590627450336218,9.29517339356395,0.0,0.0,7.415071364274938,173.55901586943696,625.1053315028976,505.3795128170528,17.15311184254692,8.576567095905373,0.0,0.0,6.651563437036312,149.26430642088167,547.093351964723,442.4376526919707,15.121220467932575,7.560682710651626,0.0,0.0,5.659304664579502,160.19254493649402,599.9354824211431,485.4384639103377,16.104433191004794,8.052068987944107,0.0,0.0,5.952906833960766,149.94349908037205,545.8458918517933,439.1780770856717,14.064838442708744,7.032296224385105,0.0,0.0,5.702709915084003,148.42819800882015,546.2186774753486,435.95096798549775
2025-10-31,DSWRF,surface,32.0,-124.75,18.101557764447485,9.050753420649126,0.0,0.0,7.700577084393395,172.4192563657107,616.2179466610291,497.3634193752404,18.30255722322398,9.15128811929053,0.0,0.0,7.426583266963819,173.94094945940515,626.9706243689851,508.7437577057884,18.120125848661143,9.059961027220812,0.0,0.0,7.080333899958228,161.8342816880543,583.9794402732367,471.7955995713499,16.06369618710803,8.031623703059061,0.0,0.0,6.282619072603268,162.7124858265209,585.8566905194554,470.6007489112451,14.66356965383269,7.331932199351776,0.0,0.0,5.689136560092001,139.24747001754747,509.0615130398672,409.4523708332389,13.063928042263193,6.532014480477567,0.0,0.0,5.714544595596245,129.3831173331543,448.4001325446733,350.9017015816986,10.13190917730751,5.066012346975998,0.0,0.0,4.697152510949372,145.18805654988842,556.2033009366298,455.7134577044354
2025-11-01,DSWRF,surface,32.0,-124.75,18.099447333422177,9.049603608091015,0.0,0.0,7.399745346288594,174.50475240736134,631.0588040102388,512.3854041423621,18.384130905816072,9.19205216242004,0.0,0.0,7.164068964343368,163.87717640081468,582.5748321282404,470.930920163873,16.08942911518147,8.044500017182223,0.0,0.0,6.225222776188422,159.42422359881135,575.0803502174961,459.8543940869181,14.478521856380212,7.239620799153809,0.0,0.0,5.828230356048731,136.08189020080363,495.655846526557,395.68417170864694,12.307557694377554,6.153743834679578,0.0,0.0,5.325451997336669,126.68263932027696,449.2319569217071,355.15380433174937,10.600919228582676,5.300818632754987,0.0,0.0,5.169527621889074,152.61027638790424,579.5279022888866,465.66192966053535,13.482975324296124,6.741258328559747,0.0,0.0,4.4829521913440065,123.32048305271108,482.81574015339,400.24160691504545
2025-11-02,DSWRF,surface,32.0,-124.75,17.791252428012996,8.895539949415046,0.0,0.0,7.1363099618638355,163.44397002167216,597.5334126081071,483.91595147731846,16.312714177282473,8.156346945672146,0.0,0.0,6.097274620917475,162.5102133799299,597.3782427316619,479.9952323802732,15.480787563206182,7.740266217115215,0.0,0.0,5.999595765089665,136.8889178668669,491.5594983189851,391.68536889949206,12.400382180154171,6.20019725232137,0.0,0.0,5.238577632898914,122.83910144092695,441.6319333617334,345.72836318992864,9.478198161969106,4.739192347486089,0.0,0.0,5.232134278115288,153.20413048688116,560.8172420389814,448.48237627563503,13.213608927761594,6.606706647285271,0.0,0.0,4.822493949067279,133.0685256282263,485.2272482417609,392.798188481128,12.396279777672502,6.198117334788723,0.0,0.0,4.621499484354817,152.4122675678175,577.082599212912,458.5239692082299
2025-11-03,DSWRF,surface,32.0,-124.75,16.259348083125904,8.129438109361422,0.0,0.0,6.194629935754364,161.60942110345135,584.9720362250035,469.4974622055095,14.8441014074499,7.421992773165014,0.0,0.0,6.028504695632858,139.92966303751228,516.2099040674652,415.2581940153388,12.673281167136809,6.336634873984825,0.0,0.0,5.313247469691654,123.02669505611593,438.541460026977,344.87217587584047,9.778232922207676,4.8888972391522545,0.0,0.0,5.250363364432976,155.35816737363487,581.3427300899464,466.90976031964226,13.723186612359498,6.861845012542988,0.0,0.0,4.804819166666118,129.52500535051178,494.2377558378628,402.0950824715658,12.846435179711303,6.423120992984847,0.0,0.0,4.710421266800025,155.0956440161566,585.8727677416034,471.8916973705017,13.479415070932076,6.7396960894413755,0.0,0.0,4.451979998032601,152.98658184345882,581.1783233685671,467.7431710881883
2025-11-04,DSWRF,surface,32.0,-124.75,14.915361474058468,7.457917209940357,0.0,0.0,6.134044208584704,146.2334978967625,527.69378369425,424.50356013439733,13.291586357070324,6.646131977441045,0.0,0.0,5.3055953172796375,114.92363377653962,410.263719551514,322.96077759432166,9.10586528775719,4.552924991193638,0.0,0.0,5.082881652503341,148.05081091886038,546.6152346296591,437.50725107978406,12.61772826851066,6.309018379352412,0.0,0.0,4.486589763789723,127.33037997135756,516.134725179363,424.1072890031052,13.245267599991887,6.62268101243067,0.0,0.0,4.708746999992213,153.49133839237422,583.8310289394635,467.2566186729807,12.767082535899906,6.383694475561411,0.0,0.0,4.284544278915176,145.47819359892995,561.0140969807966,450.20573381732675,11.971014950282918,5.985963321149107,0.0,0.0,4.149916596035455,141.1427383633638,542.7854840362578,429.61054149532305
2025-11-05,DSWRF,surface,32.0,-124.75,13.235865304416954,6.617873355499933,0.0,0.0,5.210309011124729,116.84332342824048,424.6735101654728,333.8282080482312,9.216362882442567,4.60799415925327,0.0,0.0,5.085855585662273,149.71692952721185,560.5992168053026,451.03246575464505,13.18464114807055,6.592426951975568,0.0,0.0,4.607633874351034,135.8083982054123,542.0576503786516,442.14040997440543,13.40697345588764,6.703526183500725,0.0,0.0,4.704770911454786,155.3290669222782,580.8722681026866,465.2217112400454,12.69998598370262,6.350262265371427,0.0,0.0,4.473603343793708,147.85320395900075,559.7507991497519,446.6645897627625,11.496098196506662,5.748336741428646,0.0,0.0,4.196985679732043,143.029063601879,550.2292250442863,433.67188129264827,10.024383226262504,5.011969060099061,0.0,0.0,3.2962918220295254,114.4608336837077,456.7163018852654,354.71610537580676
2025-11-06,DSWRF,surface,32.0,-124.75,9.217246963316674,4.608680592966695,0.0,0.0,5.170179940304324,150.86404281625184,558.1735294590935,446.2532813540242,12.86135158737111,6.4307283083955245,0.0,0.0,4.671531727637566,137.96478684808574,546.6857660430012,443.179327787741,13.493623506910753,6.746876120639224,0.0,0.0,4.690696764612478,155.0366211531412,582.0868261823582,465.48317639298665,12.9399423192906,6.470202299140231,0.0,0.0,4.469026188782565,148.9075866235424,559.0501007145358,445.00112778590466,11.291095968949389,5.645840253133038,0.0,0.0,4.114300831901159,138.6043475843324,531.5180462965307,421.3927709911635,10.466699521039605,5.2333575213113805,0.0,0.0,3.275762773398519,119.7700315150442,479.9967434694563,375.48804426834033,8.16291922084514,4.081655069492223,0.0,0.0,2.508383076017772,102.09651283780808,450.0940638211429,373.2227028355296
2025-11-07,DSWRF,surface,32.0,-124.75,12.368048373310748,6.1840756785952085,0.0,0.0,4.74940583996761,143.16095224589054,559.3541997756375,451.0630063362114,13.53094409243397,6.765530913581996,0.0,0.0,4.700647153801899,155.82151382884072,585.513598814255,469.1733080976826,13.135919232577644,6.567948904919386,0.0,0.0,4.504980732474591,153.11923387271258,576.8842916917154,461.29593656991943,12.073215697019515,6.036493093154347,0.0,0.0,4.19117850235731,143.73139827004485,547.6751098109523,431.9100989675967,10.369264824080524,5.184748609282079,0.0,0.0,3.517504125160051,129.3340042227387,516.1313820844078,411.780183463772,11.149384927380506,5.574712250770149,0.0,0.0,3.184359084181854,134.38763558273848,538.8132007734549,432.2435079298479,10.90360193650802,5.4519438072413395,0.0,0.0,3.1635291836507102,126.17424673777168,454.7323657668492,347.90431794832654
2025-11-08,DSWRF,surface,32.0,-124.75,13.492724955642508,6.7461798553506185,0.0,0.0,4.719579235622589,155.63784624601226,587.094663167408,471.4341039935575,13.206184120399676,6.602936926808029,0.0,0.0,4.523694671568286,153.73936705622248,577.8509240996748,461.65278157452246,11.953132617140774,5.976492581371538,0.0,0.0,4.237401298801938,144.45279466364775,545.9792929666315,427.72434915662205,9.699485628924712,4.849388965980007,0.0,0.0,3.536214331296078,140.3433957917278,560.5976437601903,451.7876272118531,11.950472658834371,5.975278956528758,0.0,0.0,3.449010021331935,124.58820198461572,487.9705443268314,391.1831715788559,9.84638063572248,4.923255541727876,0.0,0.0,3.128143643923423,105.57145358998994,389.4924032056136,301.90288192858475,5.706412030184557,2.8529306175223548,0.0,0.0,2.1370474884322803,78.7833014325078,329.97315235889045,262.19953228645346
2025-11-09,DSWRF,surface,32.0,-124.75,13.327554283101009,6.6639087279206475,0.0,0.0,4.507386865776201,151.34540018840192,571.4678980578701,456.65041157238056,12.01050517912252,6.0054622773247,0.0,0.0,4.225233361066971,140.94617848517026,539.451833013399,425.7710126543957,10.379431593034326,5.189506729992356,0.0,0.0,3.547163569244668,122.71345498580776,481.73108078849566,376.1960749960387,9.240012986459387,4.62005593023987,0.0,0.0,3.123683341061404,102.8992123577526,372.3444513555344,285.87338224176875,6.909717655189421,3.4548952284436125,0.0,0.0,2.7678847010713876,104.07136463084652,418.92768958770023,337.35235983673414,8.148932092722834,4.074403360504734,0.0,0.0,2.372454902227999,92.54866079582789,344.5113717445697,263.50894975986057,4.999817705287969,2.4999847226112157,0.0,0.0,2.6502221216317876,141.51741430289394,568.9763156080787,454.1809595968769
2025-11-10,DSWRF,surface,32.0,-124.75,11.783652495260796,5.892091431006969,0.0,0.0,4.230882127534333,142.60443180066346,541.7425982152004,427.4110235965739,10.261249839414974,5.130732249572658,0.0,0.0,3.5162649081584405,121.43973535082723,478.4122390332692,373.87958709243406,9.45568779547185,4.727761944387545,0.0,0.0,3.031051065340325,107.38377197630328,421.1330358698207,328.8413175941004,7.3520090857252995,3.676005328907928,0.0,0.0,2.704560079518351,93.61961129181722,380.24965404894544,301.2770768636976,7.458046583676406,3.728918374449944,0.0,0.0,2.09161414469452,103.3507693933804,394.85101183208576,299.53394055461763,4.499013265774423,2.2496154320648794,0.0,0.0,2.7085128292910032,111.42098936057693,438.285207674209,351.9974231627315,8.016270714443284,4.00822497351598,0.0,0.0,2.5019721043524186,113.69551835963136,442.0036814792708,347.91648480194925
2025-11-11,DSWRF,surface,32.0,-124.75,10.201622916533136,5.100759313267522,0.0,0.0,3.7130061759791655,115.96989879532762,436.2152768105215,336.7347838772122,7.862203021535423,3.931474059697279,0.0,0.0,2.5543124718173456,95.577318689182,419.4807225975096,336.8684032236321,8.202916979180175,4.101401223574203,0.0,0.0,2.7497453330538497,90.47405530482982,331.6205639675536,255.83861896397983,5.2002398342837814,2.600220568193163,0.0,0.0,1.0573049916623931,67.6428122756162,304.1148016226733,246.9028079007676,6.491126533699985,3.245775971460961,0.0,0.0,1.941784456467277,113.5808820626258,460.31353625186705,363.4940451604891,8.663204826652319,4.3314112995897265,0.0,0.0,2.014656731225012,108.61959037972116,435.3739324926141,340.2553256346015,5.847557054512352,2.923586029852998,0.0,0.0,2.0906810092065427,101.3724154149882,419.4555525068722,326.96374131651754
2025-11-12,DSWRF,surface,32.0,-124.75,7.930187343009699,3.96492688224693,0.0,0.0,2.5756980444765056,94.23144831737476,395.6714733048672,324.4086595992433,8.974015069255646,4.487042334684283,0.0,0.0,3.0214447511469578,103.6978427785043,376.6895673223096,293.7302594731982,5.315438558337024,2.657765526260389,0.0,0.0,1.9367770037984553,79.90148047339108,326.5761403354928,259.0236479818876,7.054120350977998,3.527009119536702,0.0,0.0,0.9094754202526304,58.23830559623324,257.5739030043791,205.35179524563912,5.3735103709363905,2.6866492317090382,0.0,0.0,1.611305680833352,75.97550255687528,331.25819034713993,266.17246385818333,6.695855555066963,3.347962649474421,0.0,0.0,1.4858107800137184,68.46602338734475,269.80109960924835,207.0612928126506,4.413986471635612,2.207324344197858,0.0,0.0,1.299300831637996,79.20226506507188,332.6937599537381,262.3653407670456
2025-11-13,DSWRF,surface,32.0,-124.75,8.085861945259907,4.0429356122049995,0.0,0.0,2.9995716523388523,105.1392415856677,384.37215825657665,296.6822398842423,5.547761119946204,2.774209591292532,0.0,0.0,1.6384097753682303,72.99033774017265,325.1365777259507,262.8275356912223,7.007577598876278,3.503755668378251,0.0,0.0,0.9508859776083598,61.640428916342664,270.2935986571147,214.65529081669695,5.707655382972067,2.853572209025633,0.0,0.0,1.4028629301360542,72.53206948074697,300.1967301348792,237.1004542200924,5.767774829215134,2.8840831250592625,0.0,0.0,1.351615982999108,67.97300316990572,302.97635960869775,244.66882710016264,6.234559086047045,3.117324399763241,0.0,0.0,1.2336174927200585,88.61088855513458,395.3891686836973,318.0283235209579,7.771595979307516,3.8856773555945106,0.0,0.0,1.7947410586414432,127.14212544224792,521.5474448587241,405.1610011437095
2025-11-14,DSWRF,surface,32.0,-124.75,6.5326035963971485,3.2663201313325643,0.0,0.0,1.465455521850352,77.62283297876505,343.52285680379816,274.7578960245767,7.559094387385271,3.779902160458101,0.0,0.0,0.8203224294198104,56.16520775589859,250.67978028320377,204.07361792520857,5.434180336764981,2.7169279221256093,0.0,0.0,1.7619272027095771,76.49092710753399,303.56753153620514,236.49305239666097,5.24201484405482,2.62100788595331,0.0,0.0,1.4424367408473675,75.75524004867182,325.5439073321493,261.2112609654765,7.008503066175263,3.5042734327346636,0.0,0.0,0.9515277471511012,81.81340738353695,358.33657482697555,291.7799828865823,7.627206192908144,3.813859841995242,0.0,0.0,1.5564740673312183,111.36563278518832,461.016317455939,365.8057863988929,7.925663555739492,3.962848165159208,0.0,0.0,1.8729598719759144,76.44241231410915,247.88957790420284,179.45602299481033
2025-11-15,DSWRF,surface,32.0,-124.75,7.989589856585397,3.995028050375949,0.0,0.0,1.2065404058305051,64.05875841956234,254.62898372663696,199.32724955813413,4.884110117751529,2.4419128495937183,0.0,0.0,1.8949476515584425,76.13091619276037,294.48392783651764,227.5852013357132,5.348410949132623,2.6742216379911574,0.0,0.0,1.573873443855914,68.52916806211552,284.6024010049861,223.54958781583105,5.687712835568679,2.8436770371522817,0.0,0.0,1.203310641919341,87.73563785735121,401.507028240487,319.51551511188495,7.503345115323449,3.7518155159883273,0.0,0.0,1.4945881792656923,103.65749785525664,437.69777223337746,344.057236631421,7.127709237258269,3.5638629869471825,0.0,0.0,1.4376528325697988,69.20542444479238,276.5039322478378,214.59602849268455,4.270362133000232,2.1353606450563003,0.0,0.0,0.6202967684570725,46.74832273149585,231.3151267819424,188.32082971794475
2025-11-16,DSWRF,surface,32.0,-124.75,4.85948398535881,2.429528021006977,0.0,0.0,1.7391128602688912,77.10484643985765,304.65026739277846,235.60796946354375,5.299789080392401,2.6496016695323195,0.0,0.0,1.7733025722313105,77.96704586345665,331.2869333732424,261.4407499667206,6.452466117952179,3.2264939965866306,0.0,0.0,1.4597150262239968,90.94465838208616,380.7862827016002,305.29234327211225,6.9888179416211615,3.493961483663381,0.0,0.0,1.7746190355143596,105.50994144798236,427.2586152537001,336.7985547926163,6.546110460054431,3.272992923568064,0.0,0.0,1.7731581357796058,90.75904277255714,368.2296417474966,286.4800296226342,5.299356273668493,2.6495663243577763,0.0,0.0,1.2218817897536804,91.47167010496204,395.27920295993226,311.2752737433318,6.3860477991501075,3.192672662787509,0.0,0.0,1.2815929709431868,109.79801739474934,479.073550527353,379.58597131703834
2025-11-17,DSWRF,surface,32.0,-124.75,5.518651359986665,2.759322886404001,0.0,0.0,1.7798654727321046,77.55018946093382,326.82451923768895,255.3072436922168,6.034452580196082,3.0173164068295444,0.0,0.0,1.23140016585657,98.0297462484372,417.5437701977172,328.90844686244486,7.34632822381181,3.6728776210796306,0.0,0.0,1.455952629085553,97.5745675233482,406.2498534055553,317.6751236239079,6.3806404808967,3.1904012474835475,0.0,0.0,1.4010029438230234,79.11802729387298,337.49842502121726,260.824509619826,5.158973707350436,2.5794527387087207,0.0,0.0,0.7802646334807276,89.92460731651323,400.28248674607295,315.6342913700007,6.813514739528123,3.4068785718788126,0.0,0.0,1.3331202723632505,111.57575153527056,470.8847997716916,375.578773015783,7.582216956901673,3.791252463860538,0.0,0.0,1.0312422687604892,112.06604087445304,496.2023710396299,395.5900275808158
2025-11-18,DSWRF,surface,32.0,-124.75,6.4802511333956865,3.2401173515673674,0.0,0.0,1.3469084883015143,100.8775089955996,426.42035932518024,336.4076191378125,7.491725137772494,3.745750654520081,0.0,0.0,1.3232870218935209,95.49849911777753,407.015859943261,319.3972974029257,6.3366132393806485,3.168675079811007,0.0,0.0,1.5436585018854936,86.90753759430572,343.85977631716196,265.3822454477249,5.198042674890155,2.598885674693676,0.0,0.0,0.8738192415926422,92.49690152461682,410.82762587222646,328.35305127275507,7.192669214503965,3.596543822995556,0.0,0.0,1.1707933883674446,118.55343089902756,511.4951496212518,410.1943320574626,8.370947432787206,4.185386582486567,0.0,0.0,1.4867612807210386,128.3740725959227,534.861955507525,423.79178947857434,7.335089548162323,3.667586903289507,0.0,0.0,1.383994559141393,113.4180752212394,480.37693675377017,378.3141115622464
2025-11-19,DSWRF,surface,32.0,-124.75,7.738412804147904,3.869256186124463,0.0,0.0,1.5452758504037938,103.8554884790885,421.769608686577,329.1858807921409,6.762698252276751,3.3814017949988786,0.0,0.0,1.590243269353457,76.10002941190527,314.82315123828073,246.47643476261695,5.1080793344101965,2.5541286879340555,0.0,0.0,0.7728516589687683,91.90955083738928,410.9213487688679,328.13423041891343,7.285330857447416,3.642290060557918,0.0,0.0,0.9781595764517966,111.23099872453496,483.0568145937291,386.90102841913256,8.226726573569069,4.113532561706071,0.0,0.0,1.4882111563980267,126.03968881102315,523.0116230264864,415.9482224826349,8.032244443289315,4.016032732048405,0.0,0.0,1.3889147966944506,124.31286814259585,518.9759795705563,411.8410895869622,7.6979438340317135,3.8490341787433806,0.0,0.0,1.2863336508672416,103.51293022711798,431.0300824969714,334.3389511508906
2025-11-20,DSWRF,surface,32.0,-124.75,6.702923167079254,3.351853424107441,0.0,0.0,1.6372281786681548,83.10277007815542,341.0470520102412,265.2610709654192,5.311048195637506,2.6556669703421223,0.0,0.0,0.8885634627133002,95.07436370652066,430.29916624748034,340.625931337746,7.075769065657255,3.5379874388469976,0.0,0.0,0.956542287594954,109.10678042003052,478.9439369848605,384.36840429653233,8.175877889788095,4.0879191821480525,0.0,0.0,1.4734437626504793,126.73144887138652,515.9632081081002,406.12088104013714,7.650235560829247,3.82519243368761,0.0,0.0,1.4006504977949634,121.97198497730903,513.113859901514,407.81273477502447,7.906555263991189,3.9533210699247343,0.0,0.0,1.2437625389809994,121.88834964259787,525.9418920698902,417.97595055448073,7.920496998702725,3.9602956069674975,0.0,0.0,1.1318380503065837,118.37973110533494,502.5994170478066,393.1349539417614
2025-11-21,DSWRF,surface,32.0,-124.75,4.99904736241237,2.4994804841640645,0.0,0.0,0.8665670629950615,89.35928324180131,408.4055634965712,329.6472150640426,7.384769452554734,3.6924558497527418,0.0,0.0,1.0328692708283027,109.74835585936287,480.2534635938221,383.0641739968292,7.961041289864486,3.980494769149233,0.0,0.0,1.3767660393272938,124.5872037829441,518.2672683963152,412.7414789874035,7.927394447374579,3.96359164352275,0.0,0.0,1.4130781990461734,124.75633945063127,531.9517329417214,425.468996604423,8.272383333026387,4.136149753734157,0.0,0.0,1.267850431576408,120.04226427385058,522.6085469660459,417.3422090272868,7.814395265794488,3.9071217993734697,0.0,0.0,1.182553806867536,113.61082394585492,492.9556364314751,389.16478231740314,6.997358605213456,3.498487723074813,0.0,0.0,1.0498226453796384,114.89036709804844,505.0607342600514,400.6958812148963
2025-11-22,DSWRF,surface,32.0,-124.75,7.191159283845398,3.595548615692625,0.0,0.0,1.0517273254625272,110.89199391794708,477.05480426783424,379.86818450816463,8.041114345821526,4.02049311044301,0.0,0.0,1.316745991169478,123.17150778730095,520.4140617591013,414.4099312766476,7.883827534490161,3.942101533949476,0.0,0.0,1.376648961985466,123.86044180631166,526.935909963853,419.46457160725697,7.757573989851315,3.879059891702592,0.0,0.0,1.2986634229413023,122.29741035945872,518.6599585017815,410.1374200156112,7.465278075910385,3.732672274180111,0.0,0.0,1.188719158823204,114.93870921369928,492.9381972543066,385.6008251979276,6.3765794082751865,3.1881936773522117,0.0,0.0,0.8199956445815537,96.21781686365064,440.8670100099391,346.54361358563494,6.43587080485293,3.218134966907801,0.0,0.0,0.8602211746503585,97.87511386625522,426.7745443503987,338.15650695458226
2025-11-23,DSWRF,surface,32.0,-124.75,8.053553115239492,4.026766857427336,0.0,0.0,1.3789732726163542,124.7108223272865,523.4724928380697,416.72703170290674,7.982967952524163,3.991166198213179,0.0,0.0,1.3671366297594407,119.96533123536346,513.981571606972,408.3111792714491,7.409493040349721,3.7048421543941457,0.0,0.0,1.268813507398056,120.46897506388504,526.6234366320614,419.14117992162073,7.802785028705932,3.901248377679976,0.0,0.0,1.195851724381381,115.35525240952188,491.25800396950086,384.1411620560279,6.436309450257147,3.218256280522069,0.0,0.0,0.8453970059503069,84.71071367992079,395.0479963358975,315.5831921642814,6.48379067387053,3.241668754078837,0.0,0.0,0.9585307521029094,113.71463710038908,481.61170658441927,371.93391046242766,6.139474752997211,3.0696825340603393,0.0,0.0,0.7182947735167343,103.17034611578038,443.6162089808342,344.298223168195
2025-11-24,DSWRF,surface,32.0,-124.75,7.6403312470329325,3.8197914220610234,0.0,0.0,1.3588007017970831,124.39347959861117,525.9747511413027,418.1915744903563,7.811692156006619,3.90599382815834,0.0,0.0,1.2893949149191706,124.69813801347374,530.612796354262,420.55966612475606,7.901860922052548,3.9506368882547753,0.0,0.0,1.2050809466115555,117.2698502057563,507.146450517081,400.17891057873464,6.84188236199892,3.420984995824186,0.0,0.0,0.8781043184169115,96.3229236907762,434.20645295014026,344.8274512937726,6.813140443168436,3.4066533791006672,0.0,0.0,0.937926171891591,104.92488356664842,453.52638578442185,353.3618995853865,6.05936748442481,3.0294753094946483,0.0,0.0,0.6826962784380348,84.25268193437546,385.93485916818344,308.55801719246557,5.748804476251363,2.8745797920911045,0.0,0.0,0.6234439229280033,89.07313221151475,416.08481741758914,331.15737103132295
2025-11-25,DSWRF,surface,32.0,-124.75,7.993780153699333,3.997062053635556,0.0,0.0,1.297449477908492,124.66976132266876,529.5639099802173,421.3166844718137,7.984368880707979,3.992164778916964,0.0,0.0,1.1960815199927295,121.6262683897414,517.5012314461801,408.0939993190429,6.7885460801525,3.394654706871326,0.0,0.0,0.9556507317180896,97.7307318240156,441.1307494472704,349.0818538755937,6.881091099052595,3.440791098000525,0.0,0.0,0.9873460212329758,115.96449633307938,491.1668512862494,383.72311866789926,6.306814934122826,3.1534439309577955,0.0,0.0,0.7611662558197297,75.96531118645058,358.23679098195515,290.14505616905893,5.453778116509637,2.7268122502823378,0.0,0.0,0.5559207079993159,89.47091115860029,424.8353919917608,344.78737878482036,6.942413808316868,3.4713328978343134,0.0,0.0,0.7118054744274436,117.1230008619954,517.0459445367133,412.41242870311976
2025-11-26,DSWRF,surface,32.0,-124.75,7.8974051549327795,3.9487013222653737,0.0,0.0,1.1716478400167034,119.64660091297851,514.256080892654,406.52112285223126,6.870817664994539,3.435348601492164,0.0,0.0,0.8854477262646634,93.74650379122544,437.0839030178336,349.3961600575851,7.062423300545726,3.531416358466045,0.0,0.0,0.9824608661665905,116.08057786965186,515.8409381186532,412.3976190201786,7.581958179900458,3.790942754374127,0.0,0.0,0.888722128630067,108.17558870378488,467.7560278405002,371.24737793735926,7.017595195049568,3.5089391836022576,0.0,0.0,0.7396611943710796,106.16241780003422,481.5903448218433,382.50288006914144,6.453785304824702,3.226924283121758,0.0,0.0,0.7444035398226669,116.02747764925712,513.9123164379916,409.524786808575,7.107992002435461,3.55403707760615,0.0,0.0,0.669099801326126,106.69067059149889,459.9986848933444,362.29101858605554
2025-11-27,DSWRF,surface,32.0,-124.75,7.039770968121581,3.5195373570300523,0.0,0.0,0.9302838046945364,97.28409724330668,444.2685310715147,351.3510496774562,6.932931642679945,3.4664252612717092,0.0,0.0,0.9859974654472596,120.14476102194382,515.2557393375413,407.2084293115802,6.655136568206734,3.3276989845191016,0.0,0.0,0.8617614806145367,102.14852376842012,474.1344245651835,375.9191905378564,6.90047359804177,3.4506840269397783,0.0,0.0,0.7215928163082448,104.08290085216596,482.850916668289,386.65258376355473,6.659808106145615,3.3299717863631786,0.0,0.0,0.738061094086463,116.25674992415838,510.0044151156588,404.557815234197,6.928467944189882,3.46449218906562,0.0,0.0,0.6686101915838175,97.95118412927437,444.1594378574899,354.3200613042204,6.593736585177832,3.2972760384232744,0.0,0.0,0.5382156601708854,84.35693061809843,379.2763314831714,294.67771037776606
2025-11-28,DSWRF,surface,32.0,-124.75,7.022065757855553,3.5108905859261608,0.0,0.0,0.9750753966655836,118.84192439709182,512.6722634557522,405.8498640094366,6.873157620631064,3.4365718214416647,0.0,0.0,0.8819299925708811,105.23059180620756,479.6099806321053,381.9186883553144,6.712408622269415,3.3562710807720846,0.0,0.0,0.7746225629301456,99.500123283369,462.367058054435,371.3947426493945,6.6667545572423865,3.3336419827766743,0.0,0.0,0.7102943263580446,113.20771371155412,497.3216485875415,391.3693638346516,6.350610571388734,3.1753451767013408,0.0,0.0,0.6523833568056662,106.26373111537126,475.2604944165351,373.141148725162,6.3183850003782585,3.159327692027769,0.0,0.0,0.5208946061976283,77.16122686541306,368.4624397594404,292.8559490143924,5.325129606147955,2.6627118852378584,0.0,0.0,0.5086793743492848,104.51072363096644,488.81246476457784,390.99899245768034
2025-11-29,DSWRF,surface,32.0,-124.75,7.041617847292477,3.5210111142538016,0.0,0.0,0.8878610936996165,106.46333641654743,479.8890969075388,381.2755388594847,6.861154238820545,3.4302463832569243,0.0,0.0,0.7611548447572722,96.22316146458758,448.9392309145886,359.1353086589948,6.182691655938994,3.091439411808725,0.0,0.0,0.6683749614719833,110.83991574702785,494.24459772323297,392.1334958502826,6.515867228941076,3.2581548153319675,0.0,0.0,0.6424485383105552,90.05756455167653,431.8843083519682,347.52007328576076,6.161273531483069,3.080527984674102,0.0,0.0,0.5163876766079855,98.68871713328582,454.9393647335298,359.5164849820786,5.9012281023976,2.9505962639913763,0.0,0.0,0.5385427457529213,108.53263694311356,497.99934206330823,397.63685310850013,6.991413920772413,3.495598609521256,0.0,0.0,0.5075523354373445,100.07433845168896,461.63304002290226,363.5589669439459
2025-11-30,DSWRF,surface,32.0,-124.75,6.676623737863352,3.3383321365706875,0.0,0.0,0.76562889496813,101.7269340605172,465.4537988935555,371.0281606403238,6.442314740102747,3.221071449514102,0.0,0.0,0.7210891908357536,110.72898201716288,489.98643241708874,386.65449236562864,5.971092151522814,2.9857207767614917,0.0,0.0,0.6397626748474985,95.2590365988404,447.10286016996906,356.00160184196176,6.055350155501088,3.027568757390706,0.0,0.0,0.4912112562835916,97.89193817323904,462.0040888656375,369.5647713038145,6.540026858921507,3.2699955117461377,0.0,0.0,0.5469642497725367,104.00727248471244,470.9723891583936,374.2461878752265,6.532153422237389,3.266061770693645,0.0,0.0,0.4809526440388272,92.94738632875628,449.4431700652548,358.28077827259096,5.516513463443795,2.7585396165013103,0.0,0.0,0.4438437670219874,87.13096559410081,382.7002645014778,299.7533926121398
2025-12-01,DSWRF,surface,32.0,-124.75,6.348975315319381,3.17477592739273,0.0,0.0,0.710310386544489,111.23970920137933,493.8184208303349,389.0208745214858,6.163199975618825,3.0815156638483527,0.0,0.0,0.6405927304121732,97.16210836301067,455.70927244709264,363.8699181369432,6.21029377662995,3.105146219209252,0.0,0.0,0.5240708596305451,100.10420118967885,475.4050907975824,379.663214728594,6.392916796506524,3.1964327943197066,0.0,0.0,0.5502078635505059,99.42677173691696,455.8442920784197,359.87106453161937,5.96547476062265,2.982849334226451,0.0,0.0,0.4997407326066231,94.93141492118669,421.6804892913596,332.38400058554225,5.839680480562353,2.91972746460386,0.0,0.0,0.4487962983230086,87.88440665863772,426.3523280275507,344.50950528992325,6.1663717614039495,3.082852164070446,0.0,0.0,0.396134603022614,96.9115788055328,444.23959677035543,349.3113203511092
2025-12-02,DSWRF,surface,32.0,-124.75,5.757132010640724,2.8787810066333828,0.0,0.0,0.6272640073651343,94.39822612794954,459.33589690571273,366.1215322723766,6.055519862618773,3.027472756015408,0.0,0.0,0.5420138966818518,98.12834796953322,450.83842011836543,356.985746054129,5.992524351946053,2.996160623640342,0.0,0.0,0.5292010674147044,103.71620337919056,482.89442133309313,386.03313755460704,6.910517110826437,3.4555094289646666,0.0,0.0,0.4949667776517555,102.05138006228712,468.9004252317373,371.3966637144378,6.145358973682853,3.072624722980892,0.0,0.0,0.4438774049680126,92.35280879472128,421.593869554226,336.4682621198716,5.971992287947222,2.985969133306071,0.0,0.0,0.4060953237253007,98.47378989513057,461.8958739531003,367.7373189361111,6.620181856087914,3.309924283834418,0.0,0.0,0.37364600449282,102.01317288442824,477.49661773623615,381.884529576812
2025-12-03,DSWRF,surface,32.0,-124.75,6.247869530819207,3.12400491782922,0.0,0.0,0.5397008261669816,96.0039045203006,433.53598951645586,343.1021173914288,5.869700300784124,2.9349041747373437,0.0,0.0,0.5172000434376324,106.59775677998653,489.3928085631608,386.7754778576714,6.758553419111372,3.379126978575467,0.0,0.0,0.492093393575191,94.2823917928322,422.3165466288275,334.85629989918925,5.345116133559834,2.6726852007651996,0.0,0.0,0.4360631142759318,98.18136676364496,453.0878102652598,355.0905164072284,5.410918128286677,2.7055987804535864,0.0,0.0,0.4025507460425173,100.2701232431301,461.2420682746662,363.2104975786332,6.33992621639165,3.1701336190269673,0.0,0.0,0.3647989992549367,101.34724025905196,488.20037736830113,390.02509629936185,6.81713913550577,3.408779117244468,0.0,0.0,0.3385024085329317,93.85547044529108,434.17012366441026,343.6661057874282
2025-12-04,DSWRF,surface,32.0,-124.75,6.364314972038376,3.1822849323849796,0.0,0.0,0.5164359003469446,104.74749845058597,476.99994769501217,373.7638529231811,6.233138096005906,3.116395932980798,0.0,0.0,0.4885631114125383,94.3649188564974,432.88075457284503,340.44204985706523,5.468032169056716,2.7341402245435065,0.0,0.0,0.4367965357879841,95.8676111059647,456.6959391437963,362.72817352287854,5.9625589304776945,2.9812557593396125,0.0,0.0,0.4064245696575234,97.915125447558,452.5352972823483,359.50676602787917,6.409245824699514,3.2046534706057095,0.0,0.0,0.3600577924540222,103.56216697410018,482.1360683219318,383.5737798630935,6.830749964539788,3.4154496486265296,0.0,0.0,0.3361656729939347,88.39581713670145,414.8660816715531,330.52408260003244,6.391085363656515,3.1953515073249568,0.0,0.0,0.3027199937659477,83.52389792354691,409.14960356809183,328.0809617721525
2025-12-05,DSWRF,surface,32.0,-124.75,6.494135469691999,3.2472807020641032,0.0,0.0,0.4945241616451974,96.2124260998863,438.642682813668,346.17182878595247,5.628275483359097,2.8139265135293905,0.0,0.0,0.4416850851480209,98.39702365860572,464.7165832145395,370.37419682745474,6.385229906572713,3.1926471392373164,0.0,0.0,0.4061165131996226,100.20487418924596,458.0962855536076,362.8191589094291,6.590770851825152,3.295136037301049,0.0,0.0,0.3691918325821725,103.9648985282715,488.46589840654207,388.7657330710558,7.008484128474754,3.504372055888557,0.0,0.0,0.3359850199118395,88.11745618206069,402.63585923957754,321.67900192683436,6.119121411446972,3.0592830770304937,0.0,0.0,0.2988097075711007,94.86457203081952,467.4500198454133,375.7370476112856,6.964364975218798,3.482060840244849,0.0,0.0,0.2765549893393325,90.197987397014,439.4020135022621,357.82122919106934
2025-12-06,DSWRF,surface,32.0,-124.75,5.677699481178038,2.8383473598797893,0.0,0.0,0.4451698590027729,98.5491487474744,460.59881226534065,369.4785639803748,6.434386721604048,3.21730543537187,0.0,0.0,0.4054543267986111,99.76970045962555,457.16642324281463,360.1644519394207,6.375156194620069,3.1871217343471487,0.0,0.0,0.3709578121822649,103.39524611940551,487.0907043603409,386.7485725796141,6.897369529516639,3.448662221939961,0.0,0.0,0.3390555973384394,90.96785423591076,412.1004110430297,327.9472163028171,6.272284093679284,3.136076246796859,0.0,0.0,0.2984290406981691,89.75225011828857,419.5760340094894,336.45544984263125,6.409726234976314,3.204486614993027,0.0,0.0,0.268249504737105,88.12471083357288,431.71629161257795,351.2069182022102,6.60111410232037,3.3006077733967123,0.0,0.0,0.2467883762771087,97.496734350705,474.2580733489856,382.7590814384288
2025-12-07,DSWRF,surface,32.0,-124.75,6.402041371651084,3.2008861407550784,0.0,0.0,0.4051046454714317,98.98812360676088,457.17685377308703,359.9936175715285,6.34075613205766,3.170359021581235,0.0,0.0,0.369080169380049,103.9739383707475,491.67214540621706,392.95145108515607,6.987191025249959,3.493764145679153,0.0,0.0,0.3411219641348765,102.02772058796292,473.643882835926,375.2693455858164,6.869581625983541,3.434837417320253,0.0,0.0,0.3090896569555844,95.2232748082902,453.2762568598273,364.5873921597452,6.90710336531555,3.4537527353390742,0.0,0.0,0.2748544751787283,101.35583457332578,485.7429237458368,390.17732116270855,6.975423046117166,3.4877888605532834,0.0,0.0,0.2476378740857927,102.73617715354224,493.0232968665952,397.3072878041345,7.450094840367195,3.724981573750454,0.0,0.0,0.2292355958041445,103.03025480110244,492.95713154019904,395.1335410606317
2025-12-08,DSWRF,surface,32.0,-124.75,6.421870887429684,3.210546772154065,0.0,0.0,0.3699952579265093,104.74941293838675,487.74112049210817,389.2904142736225,7.004606089716092,3.5022997400322775,0.0,0.0,0.3420939946974098,102.1822531743686,479.6844829096094,384.0547379468936,7.115175869029237,3.5575323185405567,0.0,0.0,0.3040123864836953,103.36419161885976,489.9303864854144,393.8210364272089,7.2639803594651875,3.631940306828239,0.0,0.0,0.2753667349948352,104.28277428639872,495.9532224351993,398.72766705542546,7.392963914076864,3.696361346493385,0.0,0.0,0.249936479826579,102.61175155009816,493.1451090987176,396.8773967700104,7.45675288361515,3.728798269565325,0.0,0.0,0.2238085033716096,92.11219006679453,445.24674245660754,351.62772005317777,6.515628597230479,3.2579318017641876,0.0,0.0,0.1996839452385051,93.35032391186388,473.1489443656916,381.3768577944264
2025-12-09,DSWRF,surface,32.0,-124.75,7.012773695554375,3.50653420302651,0.0,0.0,0.3429525320452236,105.33803895017212,492.43727654529056,395.27164445227777,7.240394515490797,3.6200565149855,0.0,0.0,0.3085862352981805,105.54162814401076,497.601973752945,399.7059659867867,7.354702623166263,3.6775069801345266,0.0,0.0,0.2808376336458313,105.37998419004175,500.8422808924556,403.0618083946714,7.520499291079278,3.760449170710643,0.0,0.0,0.2552252428756654,103.66548384005416,493.19161098130263,393.1618169737054,7.09428231609599,3.5470441849672545,0.0,0.0,0.2279637381469931,90.88783476037432,449.30556674415175,356.2511460448262,6.566186503763107,3.282937972131369,0.0,0.0,0.2088323298900507,92.84550133677456,470.576628441,379.9009978207608,7.292748988587965,3.6463792426877712,0.0,0.0,0.1914584110947741,99.37486231285158,471.219133753545,368.5187216620491
2025-12-10,DSWRF,surface,32.0,-124.75,7.180065925785917,3.5899810775773107,0.0,0.0,0.3068980404481882,104.71820143715638,495.2624493465637,397.32685985656485,7.301859580103751,3.651158489889178,0.0,0.0,0.2797097836963903,105.36230630826516,500.2818286890538,402.5111333142967,7.518467600514638,3.759725716845532,0.0,0.0,0.254314197387858,104.28451778999498,495.6577106547736,395.86982690233856,7.284953857622494,3.6426610164005417,0.0,0.0,0.2250263121291207,91.64601663307728,449.2055497600233,356.84091155423874,6.897610796856077,3.448562249910466,0.0,0.0,0.1821632586830836,93.3057052748644,461.9425098957776,370.429708791787,6.9098602831616915,3.4551617509611248,0.0,0.0,0.1845215102361302,94.84488714216138,436.28783737349806,339.2035383546107,5.548745434986523,2.7744231753277058,0.0,0.0,0.1689141944908673,83.17131091019242,424.099670255938,344.2217198776889
2025-12-11,DSWRF,surface,32.0,-124.75,7.219776157512271,3.609615098840475,0.0,0.0,0.2769446399754354,105.1688236344353,499.66318503212466,402.03131098814816,7.53559527542963,3.7681517773297535,0.0,0.0,0.251530827731861,104.82744662374202,498.2161670995922,399.2910287511219,7.445036512961499,3.722406111019324,0.0,0.0,0.230406353636718,100.24048763675432,483.2002612729109,385.0090570274235,7.236142606699177,3.618003127640896,0.0,0.0,0.1825666438562228,95.40190814355958,484.7838961278377,391.7479526070527,7.483672533289601,3.741500335396393,0.0,0.0,0.1912556152427549,96.30189773551926,458.3300383901067,366.0365454501622,6.956377674782992,3.478326828203603,0.0,0.0,0.1804112515268416,84.47402595254067,404.9114191593717,318.4235690701023,5.346858280100269,2.673628874080362,0.0,0.0,0.1575645104284044,77.09229792965456,408.04322921548464,329.1943958028206
2025-12-12,DSWRF,surface,32.0,-124.75,7.547006611815903,3.773626033424492,0.0,0.0,0.2517054811007748,103.53278974302395,490.8018867957771,392.09762891237654,7.339082892924774,3.6697934923859448,0.0,0.0,0.2259227264533341,99.64622810662584,483.3511099173839,386.272840852098,7.265176373200744,3.63267683543061,0.0,0.0,0.197713621924164,94.03394858981972,467.57085844299,377.396658084514,7.322977415498475,3.661835696066964,0.0,0.0,0.1806278401588942,94.73774741872666,457.5450807908495,366.0621426757659,6.962324487716055,3.481425968902888,0.0,0.0,0.1785861936233987,84.29725315077775,410.6598712993865,329.559289292773,6.368023716191021,3.1840708431355256,0.0,0.0,0.1609835412792918,78.00717725698122,413.8857196968491,332.45893952264396,6.127848546861103,3.0638825095078643,0.0,0.0,0.1465732792913123,81.84655268183846,407.8777344168359,324.17346386008444
2025-12-13,DSWRF,surface,32.0,-124.75,7.317510941585237,3.659072120090042,0.0,0.0,0.2234620294686523,101.33881020520464,489.08887991313946,390.8014843716248,7.245331900948752,3.6224734661333153,0.0,0.0,0.1927633823256678,90.72300135228112,453.3011141400781,366.86830097664733,7.27816748597736,3.639113627211547,0.0,0.0,0.1866566624053609,92.36948097260162,442.5541253252384,352.15535537823735,6.629894992024441,3.3150204204703866,0.0,0.0,0.1785557054608302,80.26757700321295,391.81157662469826,308.8702138939117,5.503661417165095,2.7517655715620775,0.0,0.0,0.1501084846403032,79.77562016080202,437.358022874436,354.7620617316229,7.022517020484777,3.510814711920692,0.0,0.0,0.1438115281796059,72.09440156152937,339.4249988135572,262.3647568623129,4.986882763926815,2.493677580698081,0.0,0.0,0.1307815239087584,66.92607707657832,330.21963488280466,266.28748461598354
2025-12-14,DSWRF,surface,32.0,-124.75,6.185132164657613,3.092286800596909,0.0,0.0,0.1919739680432057,90.43891567709298,461.0104196969248,373.4180761025526,7.327988250773566,3.663987484125556,0.0,0.0,0.1906056239696984,91.40770472720058,437.8728154515733,349.5154107088866,6.568116265632426,3.284186787926626,0.0,0.0,0.1771270965633925,83.7375648578516,415.5364914491725,325.119239117612,5.370472510578424,2.684940334972785,0.0,0.0,0.1468646705085528,79.7481081218028,445.0923001728396,365.7225093291204,7.625849738653488,3.812966213031821,0.0,0.0,0.1486619497661771,77.82961274176557,380.01623223512865,302.71440408341164,6.270008430036778,3.134986022485349,0.0,0.0,0.1274544301102771,73.89971136675531,364.14565437416377,285.8639766260951,5.526648911336132,2.763346015412207,0.0,0.0,0.1201902727835387,80.09432682992701,406.50933450818184,324.33093325999226
2025-12-15,DSWRF,surface,32.0,-124.75,7.109672674237671,3.5550558806211727,0.0,0.0,0.1943237549038912,91.60446773127504,432.4961605548313,345.16987678668266,6.636191560683694,3.3182573437616267,0.0,0.0,0.1755778569139566,82.95928923335032,409.50932764094057,322.8555052681415,5.404233783989205,2.7022191123117447,0.0,0.0,0.1544200886908398,74.47201804758356,405.654501511968,337.0602500715963,7.1435147599102615,3.5716827692796076,0.0,0.0,0.1479111343094912,77.58387502665974,400.7472719756941,326.47290717383004,7.149129148103539,3.5739579358569222,0.0,0.0,0.1341582976114071,79.07954685240068,386.7603583663065,304.77642416335357,6.055920145463961,3.027979140589441,0.0,0.0,0.1224861540950443,73.49056721514484,385.36012142788775,305.59904162661064,5.529204783924115,2.764723303345192,0.0,0.0,0.1043048894544874,48.47685112429755,253.2906744867443,202.9729457278104
2025-12-16,DSWRF,surface,32.0,-124.75,6.455714391626297,3.227791712380701,0.0,0.0,0.1770479969805534,76.38431617650757,376.4961426373955,298.6902074016108,5.483059435646008,2.7418056210630906,0.0,0.0,0.1571480415262814,71.2086444496415,397.5878854933346,332.86839102826684,7.142015841855136,3.5710157047846067,0.0,0.0,0.1468143644208047,80.31644157526992,418.7800419094939,337.98763012670565,7.497173099934204,3.748779106309472,0.0,0.0,0.1343682479152864,77.30397325557142,372.06306297957354,294.9711802962379,5.790453962808918,2.895192551233376,0.0,0.0,0.1227879093996632,81.08891515749195,393.42734417232305,305.375810144342,5.771692172699238,2.885920146339934,0.0,0.0,0.1111667916974786,59.841355130668006,301.59628025247895,242.70491223755613,5.596292490857007,2.7980227197217182,0.0,0.0,0.1059992813616357,76.36065955497328,386.51685816258384,310.70533622746757
2025-12-17,DSWRF,surface,32.0,-124.75,5.7562102871252625,2.878286605481466,0.0,0.0,0.1559660350047927,73.24455510929442,398.4964908823787,335.48648753151735,7.139238422168082,3.5696147544404964,0.0,0.0,0.1454078163111199,82.03772415276029,415.83004334308504,337.1549577625193,7.32276291955997,3.661576406353646,0.0,0.0,0.1345714328324438,74.32321010361262,357.72118875494306,283.9655524176113,5.9145378700001645,2.957373626946136,0.0,0.0,0.1200163938565164,75.54856200955332,383.9093577974122,300.850728384394,5.330147817650554,2.6654878908475004,0.0,0.0,0.1092628841633445,53.89465024787158,270.87631011562456,210.64487262476305,4.135199778056591,2.067429319609277,0.0,0.0,0.1040223175987967,56.58508348303067,303.33182573673537,246.79640382931964,5.440179906893382,2.7197898521019215,0.0,0.0,0.0690864330811191,52.66217499073448,286.8732494968915,233.8297069829166
2025-12-18,DSWRF,surface,32.0,-124.75,7.339798193843661,3.6700550146557056,0.0,0.0,0.1455952154065906,82.68225068376788,421.6919943311905,339.505029968845,7.146928572668649,3.5737376678068413,0.0,0.0,0.1350900369604496,73.36139173600404,355.6729789462265,283.07277909051544,5.977030888466285,2.9885565143553574,0.0,0.0,0.1230106196001883,72.91961072064487,355.694388583547,278.2958482091648,5.3932895197150605,2.696773730486417,0.0,0.0,0.110032960394945,57.96917757725837,297.73508639789395,235.5866737878847,5.0265527760112345,2.5132590794065086,0.0,0.0,0.1066228850919699,62.042309162219595,324.7866752084927,262.25215824618124,5.321619998032598,2.6607591658257,0.0,0.0,0.0648069524252364,55.35981990540908,279.94910707144936,211.75712861994091,3.5407355124401985,1.7700987002276691,0.0,0.0,0.0763106667529644,41.19999256356916,243.3453783729065,206.94754949922125
2025-12-19,DSWRF,surface,32.0,-124.75,6.835304415465385,3.4175485618388404,0.0,0.0,0.135751705732732,73.4218437820761,358.97212968918444,286.8485212209231,6.040848092495461,3.020403120529206,0.0,0.0,0.1221331596273518,66.81221700221394,341.3572263163277,267.1509014321806,5.209452575232302,2.604808377372091,0.0,0.0,0.1071023522649233,53.15551103421941,266.6657003998102,211.7530619172089,4.433704152748825,2.2166351331571077,0.0,0.0,0.1032766524082504,54.700501461691694,294.00001779878255,231.62686940968385,4.503418963904693,2.251841638982545,0.0,0.0,0.0940861329194694,53.85162064487808,264.64325847464346,201.4550175301005,3.2382107601685135,1.6192348907833547,0.0,0.0,0.0600361922232647,34.75310112705979,224.49197514573564,201.87506836897404,7.121359950335799,3.560697190211509,0.0,0.0,0.0704232280608176,49.8601213363975,262.3134747027616,210.25583840232449
2025-12-20,DSWRF,surface,32.0,-124.75,6.2862221142687895,3.1430999724375126,0.0,0.0,0.1220182804904544,76.2514471489675,389.0670472545379,305.0972308949165,5.601380385843041,2.8008462097229354,0.0,0.0,0.110080124071939,57.20670112201339,283.4796856553202,224.0900558054905,4.520899805392256,2.2604348275312782,0.0,0.0,0.1056117736237614,61.564422681034685,326.7814557333087,257.4350110306108,5.008866586602092,2.504422522119703,0.0,0.0,0.0731608538938558,43.98751916316982,245.57580002267144,195.44565957233516,3.660238752836229,1.8302449547644368,0.0,0.0,0.0577748911888775,33.602540484773634,172.38927639121175,147.38517547423794,6.143098764533973,3.0715247525001637,0.0,0.0,0.0662952931316773,62.79723267201217,319.0188750615503,259.3682351348437,6.47832376487761,3.239201323874669,0.0,0.0,0.0618667929321883,47.18444978235904,259.7771175416008,209.6642369607927
2025-12-21,DSWRF,surface,32.0,-124.75,5.458187445033413,2.729472883107836,0.0,0.0,0.1107145835952345,57.450045665637354,287.63724428765124,224.6311622744803,4.086290101074264,2.0429236942372477,0.0,0.0,0.1030424283791826,57.62846663323846,306.1321290367553,241.1359597995716,4.360862080822055,2.18032453629282,0.0,0.0,0.0763202947432403,42.00973571673072,217.3656843622848,171.1868308620118,3.1728031862363553,1.5866943011051904,0.0,0.0,0.0351889651652325,38.914122540345495,249.41286413809308,220.0856733989558,7.55431070761853,3.776971480997147,0.0,0.0,0.0748532087726079,60.84513785886323,313.49578633534225,250.2267357656102,5.6010815527061535,2.8004094238810247,0.0,0.0,0.0671525681374307,50.26491985979891,268.45873969167167,211.88205638668825,4.506334250728233,2.2536801865061795,0.0,0.0,0.0629886281539703,44.785675716359734,252.0241453799921,206.949022001276
2025-12-22,DSWRF,surface,32.0,-124.75,4.074757788368552,2.037467195838708,0.0,0.0,0.0996658825305996,57.52770250645797,311.6785294023533,243.44626095306913,4.175223109405011,2.0878306762491325,0.0,0.0,0.0790872757144281,42.56279961775628,229.33742369556973,178.80969233649802,3.261761996835906,1.6309560543199586,0.0,0.0,0.0610252006445298,37.89087790554037,228.43359669262225,191.0683856153929,6.310813898529501,3.1554836422801342,0.0,0.0,0.0690479643816369,61.30219515262859,324.91684894842064,264.8966845075129,6.105729737325664,3.053030986646912,0.0,0.0,0.0621484735487482,47.48119071809843,269.8486284788163,221.5020825683732,6.932244855163832,3.466129192444563,0.0,0.0,0.0662355920516456,82.70556818632613,440.24463587748096,358.5735071177493,9.159370758166974,4.579694207362079,0.0,0.0,0.0477271595495325,74.81624580178267,412.6715983095946,332.3634876438066
2025-12-23,DSWRF,surface,32.0,-124.75,4.7953740726679,2.397748529203688,0.0,0.0,0.0763658447128092,44.52743719938829,241.7911266223097,186.5788769141535,3.258315576773345,1.6291588055833686,0.0,0.0,0.0426737928811005,28.72064160272524,174.84057701194436,147.95026022294672,5.124884470192019,2.562532747415761,0.0,0.0,0.056445069438172,61.7224423259395,323.4356163937292,262.5943166089391,6.13571343600279,3.0678047913263233,0.0,0.0,0.0578751375185099,54.28434137288414,313.7955879099127,258.0310432417074,6.752172325411108,3.3758081403546183,0.0,0.0,0.0616237897654558,76.88450576508536,424.55773190805746,348.52022210921956,8.751441510130997,4.375685426592087,0.0,0.0,0.0590787835293349,82.66734159540026,444.0256401856588,365.0134469431462,9.896753820944728,4.948391133380021,0.0,0.0,0.0245247463951991,75.46697136937622,390.69286615511345,310.1828223788194
2025-12-24,DSWRF,surface,32.0,-124.75,3.332879659601395,1.666710223315938,0.0,0.0,0.0271072198681455,30.38632727848291,193.0888708273471,167.52268149053384,6.232543959179862,3.1160293360598925,0.0,0.0,0.0600350742052049,63.40554670993125,338.464802058848,273.9396480152854,5.568128165118185,2.78383116062714,0.0,0.0,0.0651074336027633,45.38546989718772,261.8596991873328,217.9270907761086,7.071133493882369,3.5357247159836307,0.0,0.0,0.0612600330768857,80.54802573972658,441.4922203916224,362.6210574761517,9.489582607236128,4.744952472289924,0.0,0.0,0.0662982163699526,90.98177748303463,478.4296759824524,392.4416673234699,10.65365505440336,5.326788333899907,0.0,0.0,0.0632399182621567,84.03139026941221,448.8495117971568,360.77285134659667,9.0679724303372,4.533685415468906,0.0,0.0,0.0471128338004417,69.40867201724507,415.7133742890791,341.3471817795686
2025-12-25,DSWRF,surface,32.0,-124.75,6.361616349404487,3.180796428363867,0.0,0.0,0.0681767041647271,66.39895169173502,350.39012508762187,281.8396134229553,5.664821397765596,2.8323885931834916,0.0,0.0,0.0676695175961694,54.6583119907006,318.57558576397446,257.6574274022555,6.7696543786413965,3.384639542168816,0.0,0.0,0.0464910082628837,77.0710421696603,429.6396947333044,351.4307120192789,8.5163985593168,4.258084476645051,0.0,0.0,0.0705085247162747,91.33209149160771,485.2024203701295,399.0279359768549,10.54131232098286,5.2708815190007225,0.0,0.0,0.0704822434330089,92.37583204221824,484.90968443512793,396.3633711782376,10.176447920599747,5.088102775654362,0.0,0.0,0.0611668350067446,90.96269446162395,488.05887653444154,402.21469288446065,11.000965223209024,5.500532608271686,0.0,0.0,0.0648612474581058,83.30214398347404,445.1775750358332,361.2584841643245
2025-12-26,DSWRF,surface,32.0,-124.75,5.463973589563145,2.731672385139392,0.0,0.0,0.071319077065937,54.178675712243205,304.9444970565752,247.79921302930637,6.666501221373153,3.333136817294357,0.0,0.0,0.0534352504778063,78.47901758334675,429.8821575338318,352.25254699865064,8.492972872652594,4.2464101212193,0.0,0.0,0.0703624435260733,87.44103226021817,474.5940681143501,389.0250242877804,10.334312234677553,5.167184929360051,0.0,0.0,0.0695378790306832,95.16348056965664,497.389713233203,409.8097831894127,11.344512059691594,5.67226272962532,0.0,0.0,0.0601884490876031,92.13135707516744,477.57976562524954,389.6029024648151,10.432609695875811,5.216345703998827,0.0,0.0,0.0390907127939458,54.20395893092314,291.3130382811414,231.27725587910328,5.255404874221449,2.6277109467911375,0.0,0.0,0.0079649734617403,32.39189411383831,214.6524329440927,178.96169263878676
2025-12-27,DSWRF,surface,32.0,-124.75,7.171740518075725,3.5857822004795787,0.0,0.0,0.0538314443683979,80.8323074746531,442.5814894878579,364.8973623416723,8.993847648511725,4.496900602281119,0.0,0.0,0.068597825791709,86.92252822008557,471.01835406493063,387.8351597522636,10.706897938774713,5.353429722274267,0.0,0.0,0.0673836094086699,95.33628133500424,498.0302124047949,410.6013734746971,11.39731971739053,5.69882805073408,0.0,0.0,0.0414873462380695,81.60788327979134,425.3309333971249,341.37656388620894,8.271570636328953,4.135794570473896,0.0,0.0,0.0523725951587409,60.66593029654389,304.2275297107486,232.16039750286893,3.009386884270554,1.5044865903725064,0.0,0.0,0.0214285179921611,21.524734091356216,126.35926226030924,102.52568906395932,3.372475341039634,1.6862082641478788,0.0,0.0,0.0376457675019404,39.33875412564447,242.38234783978172,202.1818421645882
2025-12-28,DSWRF,surface,32.0,-124.75,9.013942461901028,4.507125795185141,0.0,0.0,0.0707540973515722,84.45772888162847,464.93341656348,385.7781215175029,10.74058495936195,5.370211603140374,0.0,0.0,0.0672523541665668,95.5060986229344,499.360917541334,412.23199902814935,11.454032742775166,5.726967897536735,0.0,0.0,0.0601597740617673,81.88684160358632,420.74839897227,336.0312042886227,7.203789368487208,3.6020141778981736,0.0,0.0,0.049013414864489,50.450541816484375,230.25082827875048,164.93218004116034,1.896638731442112,0.9487230585354508,0.0,0.0,0.0307811568797684,28.084197907255497,168.30827004040404,138.22962539485573,4.428033198434493,2.2139334773628683,0.0,0.0,0.0371848887621697,36.0715773775478,213.1345877636168,166.25893732741193,4.6147313963696135,2.307322044021302,0.0,0.0,0.040756365211108,50.422912971454366,297.62777731496215,248.0083949612277
2025-12-29,DSWRF,surface,32.0,-124.75,10.633937629420007,5.317412836319328,0.0,0.0,0.0678645822496185,94.48102481711672,496.4907311553082,409.1510371871807,11.370144695970216,5.685162927811918,0.0,0.0,0.0618953376802878,70.35305455498893,360.947312403878,283.54117408913464,5.696994334462984,2.848732708223544,0.0,0.0,0.0318191158134524,30.255634136881618,127.43301978512744,90.58812534526948,1.3025187605402817,0.6512101449488934,0.0,0.0,0.0191601974488535,26.07336365860346,171.171758519271,150.84244552006115,5.751161413205757,2.875600933661966,0.0,0.0,0.0498352473377152,45.23938651204091,233.34275058537668,185.2931438412519,5.634111214958719,2.8167504947201625,0.0,0.0,0.0461443195049474,47.49615732845828,292.3057502474011,247.15578321508747,8.316629333941783,4.1582118336158675,0.0,0.0,0.0473325094971056,63.0891266947701,380.0184745742707,321.0636386008203
2025-12-30,DSWRF,surface,32.0,-124.75,11.504526739491112,5.752261400824921,0.0,0.0,0.0570416526111909,62.40220473715294,319.3819001202343,251.13879114501808,5.022468101592183,2.5110685930516023,0.0,0.0,0.0246941064491001,24.390175952376893,113.46952543072872,84.11180312519886,1.4961146025226324,0.7478520250898046,0.0,0.0,0.0200360042465492,23.214367875282548,145.2683321706688,127.51325423561462,5.525449115970824,2.763057799251199,0.0,0.0,0.0445317886390897,38.30649180743745,217.21547877446403,175.89545740119303,4.785445526281034,2.3924674782151567,0.0,0.0,0.0424060090462916,49.44165359244268,276.4803143739936,226.23699006817873,6.718540937638842,3.3587881872593863,0.0,0.0,0.0515626586094178,56.15916424536939,311.474330501483,254.8357650035587,8.799399708798912,4.399508986777127,0.0,0.0,0.0472762576809375,60.083711917124106,336.38726656704586,275.7016412566302
2025-12-31,DSWRF,surface,32.0,-124.75,5.601774906793178,2.800861687036685,0.0,0.0,0.0221110211778948,27.10066319244464,128.45912347837017,94.43326386239256,1.686657948929152,0.8434048113694316,0.0,0.0,0.0370579530807177,33.0943271816397,205.1461947919339,172.31147175538018,6.257069005042473,3.1284196045419854,0.0,0.0,0.0491749723697807,64.02250054510296,361.45506968578206,288.2571543598607,6.530753501299616,3.265251766647739,0.0,0.0,0.0432260628802981,49.71418800862514,273.4005141100333,220.00433231804104,6.58569266763183,3.2930408529252944,0.0,0.0,0.0524578823773417,39.49604686156947,213.264309864881,177.08488287831298,7.517597606047054,3.7588658869285623,0.0,0.0,0.0441525515581572,61.7286119947098,326.13941437516996,264.3330500607459,7.954091355010309,3.976990930862802,0.0,0.0,0.0409804058027123,36.176167174388496,197.44867779857475,157.3389648107706
2026-01-01,DSWRF,surface,32.0,-124.75,1.656928574218862,0.8284875474046611,0.0,0.0,0.0296071793223105,33.34801515247408,201.5320734657517,174.28046730797462,7.012434399795198,3.506233493975721,0.0,0.0,0.0512661479530996,64.82599393988073,347.62939734097097,279.56202728148287,6.361396565000888,3.1811673666984763,0.0,0.0,0.0439944529705777,51.552018172616116,303.0714239856485,240.51123198559804,6.81305360636045,3.406798193611417,0.0,0.0,0.0491011412578588,46.55469771546983,244.0029021089696,202.87267883028244,7.998928446727844,3.9995518525827505,0.0,0.0,0.0428608227297871,52.42978521103399,306.7013953243719,254.23942088509105,9.365997511554676,4.682563689510007,0.0,0.0,0.0316884262374088,56.114262586867966,332.4338677831141,273.41055154223955,9.131483582534106,4.565870949742083,0.0,0.0,0.0201373184147177,70.94986825480606,417.95974287111704,348.6326890144579
2026-01-02,DSWRF,surface,32.0,-124.75,7.019052280908389,3.5096914956419916,0.0,0.0,0.0479695518269127,65.57258647788484,349.6759879050826,277.2049696372461,5.938189905756458,2.969352959478959,0.0,0.0,0.043092009553383,47.494320753227726,265.41295577233774,217.93873925700044,7.343726860475277,3.672032686628966,0.0,0.0,0.046701934602577,47.57479638120795,270.1209497001445,229.04035378969735,9.01714973416436,4.508461407848482,0.0,0.0,0.0457963265361378,61.764514031617395,331.33729016586267,264.96263092449925,7.126401999879667,3.563328283585736,0.0,0.0,0.0404704035447369,63.83843477104466,357.8729232160838,294.03308745171546,9.494290819163597,4.747195925345233,0.0,0.0,0.0311839199279808,57.12267401543853,350.49195783997,296.56571918987964,12.244064153876772,6.122294813997004,0.0,0.0,0.049198835744402,85.17670630246707,474.9524167337484,396.0709544781861
2026-01-03,DSWRF,surface,32.0,-124.75,5.774531443737941,2.887256542505677,0.0,0.0,0.0434332504014834,48.432407734463055,269.8219010411086,218.62653445070265,7.840496963721815,3.92033771010293,0.0,0.0,0.0491480882946529,41.91636802416251,235.72682892423344,203.0852854008827,8.342492883006821,4.171144292064134,0.0,0.0,0.0414447279713315,60.25481299533621,328.6972602103817,265.9268919754657,7.389975939268741,3.694953519033456,0.0,0.0,0.0446967847761626,64.6917552621471,375.06274354399113,309.64917237610825,10.363312260066502,5.181518213318003,0.0,0.0,0.0368582155379427,69.22950228881115,397.2061745242569,329.1997399495827,12.465051225967436,6.232475234517063,0.0,0.0,0.0469639504177576,88.94649162409881,495.716457111804,417.0532905790042,15.419134759261476,7.709744926588566,0.0,0.0,0.0552557262195132,90.1103146020895,491.1066990985054,412.1811699322822
2026-01-04,DSWRF,surface,32.0,-124.75,8.219489840935719,4.10926323384855,0.0,0.0,0.0478560758509674,42.142821721051675,224.22266767208723,191.8800261135275,8.355720081699063,4.177735097739775,0.0,0.0,0.0422494239958129,66.3829203149049,336.82458754528375,263.6375514821751,6.371779150740711,3.1860958606130265,0.0,0.0,0.0463811775445232,72.71727528311796,391.4005070445275,322.4436887374686,10.82763454379336,5.413831833805609,0.0,0.0,0.0493775815831208,80.074735633626,462.53750359027,388.62881501130386,14.674327170294436,7.337219484374579,0.0,0.0,0.0517312018804257,92.27109696508398,497.08520421175126,415.47405248040536,15.464802576758808,7.732687281047423,0.0,0.0,0.0539097268883292,90.91331859304402,496.9098992738697,414.91102150644525,15.430867372311248,7.715552202376176,0.0,0.0,0.0553996548708926,98.22245185897177,520.9100179124362,438.24048276080714
2026-01-05,DSWRF,surface,32.0,-124.75,10.095319281225477,5.047661306532279,0.0,0.0,0.0459069983941902,69.38599719798773,355.05055901742355,283.8238253512417,7.57871872451543,3.789063125696531,0.0,0.0,0.0473005729799736,66.39095335798862,371.9674123766269,306.3090963289234,9.585693816781044,4.793191935548061,0.0,0.0,0.0370374142199741,69.84499105076023,381.7814535200341,322.83434970692474,12.83983809984976,6.420097629417446,0.0,0.0,0.048959995400783,84.23136285291045,474.54572389320504,401.4479218150093,15.73862760664099,7.869292310194558,0.0,0.0,0.0547300923047068,90.0382877340397,490.36607897306817,411.11572172431624,16.0869191590861,8.043552382855419,0.0,0.0,0.0545759476000324,97.55433343051048,519.4858278916562,437.7046866693416,17.996900315162808,8.998515689625362,0.0,0.0,0.0568427916671535,94.80538620149484,502.3784117435504,421.0291620543816
2026-01-06,DSWRF,surface,32.0,-124.75,7.354581856167034,3.6773336091490862,0.0,0.0,0.0485544938257356,67.08939021777702,388.86076503007166,322.690925690883,10.5628515230195,5.281410671295912,0.0,0.0,0.0270621972946764,68.536380015978,399.5180011679085,336.98191512774724,13.410866103816591,6.705322062619391,0.0,0.0,0.0487665576617176,85.78560640009113,488.0718807494304,411.1804078665044,16.085376615005785,8.042543183897168,0.0,0.0,0.055240518428149,95.68941533689248,514.5907267387937,433.6820068467164,17.376926688311958,8.688344081728637,0.0,0.0,0.055876218033022,98.24614326727432,522.6181826188508,440.6371268621115,18.493408087587703,9.246770635325724,0.0,0.0,0.0566836091336383,98.2942856677491,519.4511931139807,435.71035031350016,17.56641396684644,8.783150937412737,0.0,0.0,0.0577519635199164,95.98991525888016,514.2768817640299,433.5146468534602
2026-01-07,DSWRF,surface,32.0,-124.75,10.740805219527076,5.370360799292804,0.0,0.0,0.038756830102894,68.75068432438042,398.56975026599537,340.0253223995382,13.36955774769845,6.684590949119294,0.0,0.0,0.0484635945759323,83.671797537494,483.9642149239595,408.1388503071206,16.140015187543774,8.070212459881578,0.0,0.0,0.0557961850679657,95.6126765573318,514.4496427005895,432.2774757188489,16.794472326158882,8.397163325652539,0.0,0.0,0.0558596625956787,97.94517206991394,520.7198523008509,438.94448964676553,18.02926254387041,9.01466940255846,0.0,0.0,0.0569255699023117,94.718590159525,507.0931710043282,428.5961090223872,18.18035692503865,9.090276091603908,0.0,0.0,0.0582224415214551,97.42053325124292,521.3054424399927,440.5697502802433,19.179637921999444,9.589936281255252,0.0,0.0,0.0604084309735381,98.52441413682232,519.5055757293894,437.7777545286433
2026-01-08,DSWRF,surface,32.0,-124.75,13.273357450750046,6.637020863533884,0.0,0.0,0.0494592610058999,83.72628497251416,479.9450741641488,406.0088687202241,15.984289490882848,7.991974832710964,0.0,0.0,0.0560078364716175,93.7164801979318,508.07942825377216,428.6855147560516,17.14684618478743,8.57333904031915,0.0,0.0,0.0559016173081574,96.2313747929657,509.1138096879047,426.85099596244186,17.481199373424765,8.74032176661198,0.0,0.0,0.0567642559150979,92.4394198586813,500.223476753595,423.37492252389154,18.207401755613997,9.103642923401631,0.0,0.0,0.0584548428510769,97.77303859986851,523.0671768039085,442.4397233569428,19.61473742274135,9.807570380079705,0.0,0.0,0.059929057599329,97.89369818974666,521.2254487114395,440.3007243380847,20.40974599873766,10.204833467143088,0.0,0.0,0.0614787486645014,99.26649069250664,529.8706782708244,450.9269498502068
2026-01-09,DSWRF,surface,32.0,-124.75,16.10789696717174,8.054335831435257,0.0,0.0,0.0557179406583189,95.2276455679585,513.3445147508758,431.3181540568426,17.07396989262587,8.536766805397505,0.0,0.0,0.0553678888669202,93.0557174687301,487.6838369183488,403.99534215430754,15.686759726301588,7.843285440531323,0.0,0.0,0.0572534583510126,90.6907954335549,498.7976478866765,420.243028182962,17.753893689293438,8.876758941808315,0.0,0.0,0.0582419798194364,98.01094671027572,525.0542034583316,444.1674155893719,19.53276880959419,9.766219248238878,0.0,0.0,0.0604001793945362,99.23827735206343,528.9529517228412,448.9422225097001,20.741469847653903,10.370885849854885,0.0,0.0,0.0617860154375547,99.81605382279903,534.4000304290112,454.9170120597483,21.59323243721247,10.796910724596366,0.0,0.0,0.0644448198309016,102.37630179057264,542.8491536279128,462.6408928492979
2026-01-10,DSWRF,surface,32.0,-124.75,17.215386255513273,8.607615162483274,0.0,0.0,0.0557544819134216,92.95407619601448,502.27227166536625,418.41736805092336,16.07573607800653,8.037871640319466,0.0,0.0,0.0576976245271823,89.50640313385037,502.2180966487148,424.9946006388059,18.18827794138956,9.09430588814044,0.0,0.0,0.0585695097450009,96.8263404281256,520.2545875117478,439.48533508363425,19.135937688081576,9.568306050211564,0.0,0.0,0.0604418585395338,99.56019507073374,531.3241351709468,451.17069539489455,20.727844192295105,10.363821023300904,0.0,0.0,0.0618133402210369,100.43852850557695,533.8861258885463,454.2468182872781,21.502939082169405,10.751485092100552,0.0,0.0,0.0638794619183291,101.2379872160802,538.3668437601848,459.13675642979433,22.3365429681257,11.168631582792193,0.0,0.0,0.0686048400318759,103.06613098546188,543.8167394549272,463.1674487456369
2026-01-11,DSWRF,surface,32.0,-124.75,15.850142628122274,7.924956216518723,0.0,0.0,0.0576015144027289,92.11331735030872,502.9910869105925,423.5076807268199,17.832854559582717,8.91669639979363,0.0,0.0,0.0586236415088398,96.95580066925044,520.3141973210327,441.01866371067314,19.533069285771653,9.76640253374009,0.0,0.0,0.0602927457431817,99.69631586173358,529.6427379765967,449.26041601343655,20.62900341136188,10.314669608203667,0.0,0.0,0.0613679911997059,99.40013124398388,530.183110987977,450.9662576166131,21.21514464645923,10.60767524203436,0.0,0.0,0.0638597923460484,101.23871189369127,538.2206778218061,458.87375018909825,22.262172139232156,11.130757604013038,0.0,0.0,0.068410128932261,102.23607466538051,541.313206889996,461.2293867309023,23.166979595036636,11.58349945856988,0.0,0.0,0.0750491252859478,102.08336343783505,541.5313678635404,462.335006483557
2026-01-12,DSWRF,surface,32.0,-124.75,18.059160275961908,9.029547331276946,0.0,0.0,0.0581584981438079,96.77351385117105,520.9655718557144,439.9426543010579,19.44119005963871,9.720611603612683,0.0,0.0,0.0599826304869475,99.74459091560271,530.1485414887361,449.3191598625681,20.650845435035112,10.325581323904997,0.0,0.0,0.0608767570728509,98.76737909570524,529.7623952801995,450.6780856701547,21.144527371630023,10.57228101224391,0.0,0.0,0.0638671560390897,100.74920130427348,536.1941864115449,456.93452024733074,22.085303790356388,11.04284223406462,0.0,0.0,0.0693790440195661,103.17754631033952,545.5279300493821,465.9898850508161,23.46986829946913,11.734742762419314,0.0,0.0,0.0757802502092723,99.81080878619,530.1979847484572,448.2128501123383,20.917657523427195,10.458967370712449,0.0,0.0,0.0797126843351116,96.08194160376227,517.6347028203081,440.15572429298345
2026-01-13,DSWRF,surface,32.0,-124.75,19.31764930282637,9.65898037554976,0.0,0.0,0.0596611779999696,99.52526637666972,529.2640260904961,448.67893477818785,20.566332856997647,10.283204576394466,0.0,0.0,0.0605970356032773,99.3205700960757,529.757097627362,450.47243420645816,21.09916250397814,10.549717706421472,0.0,0.0,0.0638514952499638,100.34196084971504,534.1174273570575,455.0399142038924,21.98723275190684,10.993724144277897,0.0,0.0,0.0681445700395355,102.28140071106108,541.6267688730362,462.3880485382389,23.048144516493004,11.524221032167214,0.0,0.0,0.0734807587467004,102.77479611273888,544.3032079515383,465.2829631376717,23.86322056712696,11.931440506242774,0.0,0.0,0.0791226011258327,101.0641295929697,532.1449903783048,449.7579959869616,21.6590307127997,10.829423611568195,0.0,0.0,0.0780450064667673,89.95473368971028,499.1701474036265,427.252933294521
2026-01-14,DSWRF,surface,32.0,-124.75,20.531500828031103,10.265684221729291,0.0,0.0,0.0604740846649653,99.23477970191992,529.1897094375781,449.9858993658571,21.078061208522293,10.53898272894802,0.0,0.0,0.0643413998608161,100.67698762528585,535.0497567843646,455.7418893217226,22.037964416925092,11.018919071282944,0.0,0.0,0.0686193735026834,102.36977897697484,540.1742090680925,458.6530818827089,21.968904594561984,10.98454874969609,0.0,0.0,0.0716546762747421,95.71948076174736,514.9808900671375,433.63793147017134,20.009499614498647,10.005062230761988,0.0,0.0,0.069352104755594,90.4555195490454,508.8242489112184,436.1723542933216,23.614002807273877,11.807094073301514,0.0,0.0,0.0781246466585386,98.70439514052256,530.1162839531999,454.1092116413819,24.69292462411448,12.346418954941733,0.0,0.0,0.0907367285089006,106.04632212876544,555.8994994304435,476.4106789908153
2026-01-15,DSWRF,surface,32.0,-124.75,20.65390729236969,10.327058648214717,0.0,0.0,0.0644296493343626,100.51649848931886,534.7417127441911,455.6146448169493,22.033848315853483,11.017045508967708,0.0,0.0,0.0686057853620705,101.88990961689704,539.0141789426972,458.0886766751464,21.82046590934541,10.910239823276273,0.0,0.0,0.0735647902192606,92.8728521972806,500.47012685411784,420.11117203705726,18.293781394949065,9.147120350854223,0.0,0.0,0.0718037732562484,89.19270935238777,496.6646646867992,422.5351513033087,22.154625908008583,11.077746167219026,0.0,0.0,0.0832596020753359,96.22961511676958,519.6646233999797,440.57337119258045,22.262800118864632,11.131523258505837,0.0,0.0,0.075123663903274,92.57333434745767,506.64325318568217,427.9506136876769,22.01111502488471,11.0056501702353,0.0,0.0,0.0929877169277399,90.65767767159512,486.46496993766795,408.7206902300991
2026-01-16,DSWRF,surface,32.0,-124.75,21.97908023122667,10.989712549914806,0.0,0.0,0.0688989435971963,101.54945626645691,539.101524442608,458.6306594415339,22.061309437475856,11.030689085858302,0.0,0.0,0.0737470572765769,92.43844556203167,502.6883786306105,422.9145868953501,18.555644276426456,9.277446060502111,0.0,0.0,0.0775905894102514,85.1856558857968,486.5566618907494,414.9653317655718,21.96372680671076,10.98184269334698,0.0,0.0,0.0801588717437127,100.08309505520616,534.752513819185,457.38792955701786,24.624095339837,12.311898703353553,0.0,0.0,0.0882254362673303,101.62124183183336,537.1125963657324,457.60274247755376,23.68230305067403,11.841293578699585,0.0,0.0,0.0970767108417762,90.47525481247747,479.95526538155593,405.4474250185734,20.9277144164098,10.463987330697066,0.0,0.0,0.104311179260728,96.87250027409031,517.8481492203381,441.3936878772083
2026-01-17,DSWRF,surface,32.0,-124.75,86.21071247706642,43.105156468307015,0.0,0.0,19.60483412131753,209.70304810968184,711.1198438521226,617.9234622418603,85.43619823528093,42.7180015488222,0.0,0.0,19.94866362578536,210.183994474053,711.3492093437931,623.4723602646786,88.08164559178024,44.04094370245802,0.0,0.0,20.04116974509015,209.8111922215425,713.0800851344104,627.8782908218307,87.4615767053178,43.73053911290513,0.0,0.0,20.489556223951237,213.6363495206964,704.0205929189983,623.4525010514731,88.68390939057844,44.342138973699775,0.0,0.0,21.32196465021687,214.76365829147232,720.5420404401196,627.9156403828761,91.85582456942744,45.9276455035523,0.0,0.0,21.35324793766012,214.9883682798809,722.1124439842686,626.6962828493308,87.8215523867048,43.910737209442686,0.0,0.0,21.07853022395153,215.21872877642733,723.3045698220659,625.0919309777482
2026-01-18,DSWRF,surface,32.0,-124.75,86.21071247706642,43.105156468307015,0.0,0.0,19.60483412131753,209.70304810968184,711.1198438521226,617.9234622418603,85.43619823528093,42.7180015488222,0.0,0.0,19.94866362578536,210.183994474053,711.3492093437931,623.4723602646786,88.08164559178024,44.04094370245802,0.0,0.0,20.04116974509015,209.8111922215425,713.0800851344104,627.8782908218307,87.4615767053178,43.73053911290513,0.0,0.0,20.489556223951237,213.6363495206964,704.0205929189983,623.4525010514731,88.68390939057844,44.342138973699775,0.0,0.0,21.32196465021687,214.76365829147232,720.5420404401196,627.9156403828761,91.85582456942744,45.9276455035523,0.0,0.0,21.35324793766012,214.9883682798809,722.1124439842686,626.6962828493308,87.8215523867048,43.910737209442686,0.0,0.0,21.07853022395153,215.21872877642733,723.3045698220659,625.0919309777482
2026-01-19,DSWRF,surface,32.0,-124.75,86.21071247706642,43.105156468307015,0.0,0.0,19.60483412131753,209.70304810968184,711.1198438521226,617.9234622418603,85.43619823528093,42.7180015488222,0.0,0.0,19.94866362578536,210.183994474053,711.3492093437931,623.4723602646786,88.08164559178024,44.04094370245802,0.0,0.0,20.04116974509015,209.8111922215425,713.0800851344104,627.8782908218307,87.4615767053178,43.73053911290513,0.0,0.0,20.489556223951237,213.6363495206964,704.0205929189983,623.4525010514731,88.68390939057844,44.342138973699775,0.0,0.0,21.32196465021687,214.76365829147232,720.5420404401196,627.9156403828761,91.85582456942744,45.9276455035523,0.0,0.0,21.35324793766012,214.9883682798809,722.1124439842686,626.6962828493308,87.8215523867048,43.910737209442686,0.0,0.0,21.07853022395153,215.21872877642733,723.3045698220659,625.0919309777482
2026-01-20,DSWRF,surface,32.0,-124.75,86.21071247706642,43.105156468307015,0.0,0.0,19.60483412131753,209.70304810968184,711.1198438521226,617.9234622418603,85.43619823528093,42.7180015488222,0.0,0.0,19.94866362578536,210.183994474053,711.3492093437931,623.4723602646786,88.08164559178024,44.04094370245802,0.0,0.0,20.04116974509015,209.8111922215425,713.0800851344104,627.8782908218307,87.4615767053178,43.73053911290513,0.0,0.0,20.489556223951237,213.6363495206964,704.0205929189983,623.4525010514731,88.68390939057844,44.342138973699775,0.0,0.0,21.32196465021687,214.76365829147232,720.5420404401196,627.9156403828761,91.85582456942744,45.9276455035523,0.0,0.0,21.35324793766012,214.9883682798809,722.1124439842686,626.6962828493308,87.8215523867048,43.910737209442686,0.0,0.0,21.07853022395153,215.21872877642733,723.3045698220659,625.0919309777482
2026-01-21,DSWRF,surface,32.0,-124.75,86.21071247706642,43.105156468307015,0.0,0.0,19.60483412131753,209.70304810968184,711.1198438521226,617.9234622418603,85.43619823528093,42.7180015488222,0.0,0.0,19.94866362578536,210.183994474053,711.3492093437931,623.4723602646786,88.08164559178024,44.04094370245802,0.0,0.0,20.04116974509015,209.8111922215425,713.0800851344104,627.8782908218307,87.4615767053178,43.73053911290513,0.0,0.0,20.489556223951237,213.6363495206964,704.0205929189983,623.4525010514731,88.68390939057844,44.342138973699775,0.0,0.0,21.32196465021687,214.76365829147232,720.5420404401196,627.9156403828761,91.85582456942744,45.9276455035523,0.0,0.0,21.35324793766012,214.9883682798809,722.1124439842686,626.6962828493308,87.8215523867048,43.910737209442686,0.0,0.0,21.07853022395153,215.21872877642733,723.3045698220659,625.0919309777482
2026-01-22,DSWRF,surface,32.0,-124.75,15.729479444731696,7.864944185561061,0.0,0.0,0.0966964082030935,73.10869102875947,429.2698409970508,370.73751457994206,21.59749027886831,10.798732018006724,0.0,0.0,0.0988628383839774,87.7921810811294,473.2860945984049,398.3266932195562,21.71483947492976,10.85740112685622,0.0,0.0,0.1002339886962251,89.51343006932892,493.8574162837184,428.1516392132918,26.758225006782105,13.379093213696065,0.0,0.0,0.1436614188417208,93.77207501486146,472.07565902689856,391.44789906803464,20.57692144995042,10.288649036569218,0.0,0.0,0.1226332410709117,89.38560500316959,493.5706994448514,421.90555590786425,27.03451056546377,13.517443563224996,0.0,0.0,0.1658471945236811,102.92742807579975,527.1326113618281,448.0356287801475,26.922552794780685,13.46121433844967,0.0,0.0,0.1801064562891359,68.04576098278565,396.598566847988,346.00330210457065
2026-01-23,DSWRF,surface,32.0,-124.75,21.783534860639215,10.891768508254614,0.0,0.0,0.0914859240640724,88.5827098816462,486.5574275472204,412.99187440504454,23.57574012541867,11.78801762247472,0.0,0.0,0.1083539659196287,88.74469250158381,495.5638719420784,432.7351127546723,27.36635061308718,13.683179543565704,0.0,0.0,0.1420731657691226,81.48842784513556,423.2100301298255,362.3488153803152,22.94537740114744,11.472658694486894,0.0,0.0,0.1494340028220373,94.15857668172896,512.4472002878576,440.01374697572805,27.61017190287136,13.805295387013407,0.0,0.0,0.1691430393974656,109.13457739435763,557.1071552788304,475.7268523238804,28.824801244877943,14.412186118376864,0.0,0.0,0.1849744912835536,89.89551983855046,490.4363555335683,419.1964905277522,27.564646560141405,13.782295455699373,0.0,0.0,0.1878563375860042,107.54451577115856,560.6880157181542,488.0685381084555
2026-01-24,DSWRF,surface,32.0,-124.75,21.91408716601383,10.957384179549209,0.0,0.0,0.1035012017463801,89.20121678733373,498.18050110847554,436.3201394612097,28.17266717356828,14.08643790890988,0.0,0.0,0.1461791280413097,92.13724511203216,443.9109021698577,368.60498637004264,20.740007644913515,10.36982991559682,0.0,0.0,0.1480399505252342,92.4266556630456,506.5201249632987,430.9577944563458,25.949909686707574,12.974882025319015,0.0,0.0,0.1605546394551892,100.54552431922237,514.2858269412345,439.8564434570613,26.57230080837004,13.286297423666944,0.0,0.0,0.1750138550190406,81.53358859882208,461.065848305642,403.1168104496164,31.337733474884686,15.668997380146072,0.0,0.0,0.2061483663931833,112.00892745035058,563.821296429801,491.7549739547446,36.22513297621153,18.11228198583427,0.0,0.0,0.2308866687839796,111.5151532901844,558.5626597733619,480.45918938457686
2026-01-25,DSWRF,surface,32.0,-124.75,28.127017005818047,14.063644597442991,0.0,0.0,0.1456757585043371,97.2391473757015,482.514414800127,402.923995408971,22.019440674977663,11.009699707154578,0.0,0.0,0.1304999468952271,88.87536562390437,489.8648294360809,422.0035611434165,27.0723331744181,13.53600883267834,0.0,0.0,0.1746658999771358,99.31100568115517,514.4200497640604,436.3194123023575,26.943778085212116,13.471843361704812,0.0,0.0,0.174990190760139,84.42281806508606,458.0218207006733,391.681655934244,26.870974029236542,13.435505063666604,0.0,0.0,0.1531495913261996,99.12429195561889,546.9879122234438,479.8307452323371,35.88812447685147,17.9441150944891,0.0,0.0,0.2331202550999454,109.44236857452466,550.6098568916898,472.1213991822198,31.753065807580164,15.876532467939278,0.0,0.0,0.2549497249313026,92.7787691816149,498.63864676226257,427.3733998238222
2026-01-26,DSWRF,surface,32.0,-124.75,22.04067339437655,11.020245816728345,0.0,0.0,0.1358858514680766,94.95280433664078,511.96589926687625,438.63136154041496,27.958955124999967,13.979814489255148,0.0,0.0,0.1743373601655497,96.16054436385554,497.08227494720353,418.53585346463007,23.137505773179385,11.568980829151874,0.0,0.0,0.1711819353861968,92.59944935927872,508.95627765816835,441.4178370984309,30.951197509889163,15.47569939476922,0.0,0.0,0.1970085285906916,107.1401061958336,561.1722598588838,489.0881062537798,36.14763758498093,18.073990774444283,0.0,0.0,0.2354798673793182,110.936503211716,565.2719964676305,488.3290103206376,35.68915017101075,17.844169541293095,0.0,0.0,0.2427177057001038,95.66172174653624,487.1652468493295,408.3542839066096,26.46824152675296,13.234017798945686,0.0,0.0,0.2493402223120926,87.34244397195172,486.1408901837936,425.4710204402671
2026-01-27,DSWRF,surface,32.0,-124.75,29.41438713950177,14.707147512096451,0.0,0.0,0.1761921735063753,94.920967515106,494.1475661673357,416.9504132334788,23.865424213291472,11.932588238052864,0.0,0.0,0.1617287295789946,88.33627753247569,500.511918745446,440.04011862840355,32.013263295724045,16.006790642810703,0.0,0.0,0.2074791899511557,102.65644618078264,548.0575349543701,475.48464707958567,34.47658307695104,17.238282278491933,0.0,0.0,0.2297274121773269,105.37734136485976,542.6864860890582,466.4946403181087,32.04958833123655,16.024807755106046,0.0,0.0,0.2491616965043921,98.28467817542244,518.1566019743182,446.0601574004345,32.14928768586201,16.074591168727377,0.0,0.0,0.2725239616402931,93.11564910390804,475.3080055064703,398.23535216526113,25.07626721405156,12.538109685340643,0.0,0.0,0.2732420744003222,86.24406066081751,464.4764563530574,413.120391394698
2026-01-28,DSWRF,surface,32.0,-124.75,23.453412446212816,11.726863167891803,0.0,0.0,0.167312526220787,87.90019696505402,494.677079137397,436.649152760822,31.823022679736,15.911550708454596,0.0,0.0,0.2028084137354265,103.7906876529224,541.0225136757817,468.8483214681505,34.3254831903459,17.162629155047405,0.0,0.0,0.2290968548506123,107.44598027119233,554.1158286083773,477.5091023550472,32.844037885844614,16.422231812488185,0.0,0.0,0.2583603416121166,104.70053367277734,535.8800741110479,460.5261772478841,33.56464530730459,16.782376812775325,0.0,0.0,0.2842350429235691,102.30306966274289,495.5717718942434,419.14905153262737,29.04491135817387,14.522461493466936,0.0,0.0,0.2474394668481846,107.5714626196045,571.8928570916719,502.642574321414,41.233201998284095,20.61649944837784,0.0,0.0,0.3596223515051903,117.5522368069362,589.0049971625538,517.5575562938988
2026-01-29,DSWRF,surface,32.0,-124.75,30.839189314651797,15.419323768850312,0.0,0.0,0.1841983448197659,103.9278904436628,538.5644355171655,466.3870380137569,34.82704365056671,17.413329802837676,0.0,0.0,0.2289578077631349,108.07643793325964,551.2503740361683,476.3633492899791,33.444694717353194,16.722285008186777,0.0,0.0,0.2558742628973101,104.03511554865167,533.5560899432394,459.44227563640936,32.28342421102032,16.141892252567374,0.0,0.0,0.2831744509069531,91.674249556041,474.919667099813,411.36964883195776,29.84718106566083,14.923607701179158,0.0,0.0,0.2816951281149493,102.4884402692492,553.795601118701,484.7869992683204,38.926971755316686,19.463314181477344,0.0,0.0,0.3329118134769476,117.89946996206837,595.9827947420516,521.611069450235,42.98519782252778,21.492489076548395,0.0,0.0,0.392426128382043,124.28458403143432,609.9698139620871,534.5527681386553
2026-01-30,DSWRF,surface,32.0,-124.75,35.04409326418556,17.5218664761508,0.0,0.0,0.2291485139250058,108.4948899225622,552.4322703738105,477.0478680108369,33.58150663095641,16.790717843002227,0.0,0.0,0.256968209820153,105.8279837327866,543.901150962281,472.0684151836044,35.34198694475759,17.671049106984427,0.0,0.0,0.2846503823955619,96.22149904182264,491.0722409109597,428.2989741747731,33.51176270617247,16.755704820026743,0.0,0.0,0.2695913024518285,107.07537513526508,564.4575456749865,494.0495614493358,40.0945978681729,20.046911152103014,0.0,0.0,0.3291364518938544,118.35653069951483,591.8781066368724,517.6980232050553,42.69748478829067,21.348489697809168,0.0,0.0,0.3991347073559025,126.33017114265698,617.9920971884887,542.1391240829518,46.71243695774961,23.356107713252676,0.0,0.0,0.407974187964561,120.66181477351424,586.9200155537783,507.8221208596418
2026-01-31,DSWRF,surface,32.0,-124.75,34.25344977996632,17.12650755677788,0.0,0.0,0.2577169606520774,105.63093158648375,543.1103783800653,469.9419756105415,35.22076286000797,17.61004515839302,0.0,0.0,0.2864918215124657,106.84594442704916,536.83093275584,458.265693874717,33.97370893201644,16.987314133772543,0.0,0.0,0.3055489664768321,114.8673515365459,581.8970870928324,506.9451480864615,39.96987590444171,19.985156285529285,0.0,0.0,0.3433535484430455,120.10107356830412,596.6158704800503,519.9105109759181,42.79576191133063,21.397733366799244,0.0,0.0,0.3935433593013241,123.83022369091968,607.6818558118223,532.6887555785199,45.68385969515819,22.842082589445603,0.0,0.0,0.4186625189000714,113.32954836758856,547.007696817777,458.4526898575404,31.32467776946301,15.662451315483176,0.0,0.0,0.4235925038476906,95.7537041876196,508.03315113725125,444.7078730407334
2026-02-01,DSWRF,surface,32.0,-124.75,35.642010307198795,17.82072220335727,0.0,0.0,0.287085032662019,109.9937443051454,552.4762973862112,472.95634813278207,34.272179536870524,17.136124837868564,0.0,0.0,0.2985656665941728,113.58547709052934,577.7761825953261,501.16203264328334,39.06708608159904,19.533608398125764,0.0,0.0,0.35475072210704,122.0315750640856,605.3249984083409,529.6827003959726,44.28497549862591,22.142407717205693,0.0,0.0,0.4011386144126858,127.17901266184536,620.5350817896674,544.1835806450238,47.085654312750194,23.542960128538816,0.0,0.0,0.3906884176155398,112.4991361907433,541.2719354690163,455.81717430490824,32.89972926853277,16.449558102691952,0.0,0.0,0.4393159697416663,98.8185575667066,510.1988535239261,442.819995483796,37.63425119580681,18.817035344127532,0.0,0.0,0.4878373469663843,96.74985580321308,499.204474682177,436.01926169308854
2026-02-02,DSWRF,surface,32.0,-124.75,34.075072325676665,17.037225187992803,0.0,0.0,0.299398414613521,115.4735878103752,585.5843053557562,512.0654396395662,41.411219900963744,20.705868246272622,0.0,0.0,0.3532901005780445,123.246609185175,608.3139418432502,532.6597733468766,44.300011149849155,22.150243726027664,0.0,0.0,0.3997200411669077,126.85226938203397,619.0278135724941,542.8480301045208,46.76254517815784,23.38142935804993,0.0,0.0,0.3701567465214475,112.18389829994229,559.0351914285973,478.4791997105963,37.04182568289448,18.520868581907436,0.0,0.0,0.4343868174369946,98.56417924122766,503.2557398144682,430.62697841098384,34.55403524233388,17.27705499060866,0.0,0.0,0.5019827042895527,110.34263257117829,566.3479427178833,496.624592930669,44.428583825044086,22.21431966075332,0.0,0.0,0.5578843860109334,123.6889222177934,608.4048277636562,534.4624293652171
2026-02-03,DSWRF,surface,32.0,-124.75,41.48612547319625,20.74301902626014,0.0,0.0,0.3532690641535497,122.8250102678753,606.5898926834923,531.7863896979902,44.45958675592712,22.22972997930487,0.0,0.0,0.4036470279609965,126.836954438955,617.3021656764261,537.3273804136841,44.399432168659374,22.199759846366607,0.0,0.0,0.3601455971491767,106.9056310261924,543.9608820207372,466.49373441618275,35.01604918773573,17.507903954280184,0.0,0.0,0.4362995302973296,105.17196880947188,537.1873747343677,464.6898425412693,40.25321050863434,20.12670602450531,0.0,0.0,0.5287283929570217,121.71994323510086,595.1852606310588,520.7498336275745,45.495426919265384,22.74754219280397,0.0,0.0,0.5629143943839299,120.07041998832756,581.1289436203731,507.7038639000344,44.54839902881285,22.274105892368212,0.0,0.0,0.683017573996014,102.85946920775385,487.2330965314452,418.2958442619488
2026-02-04,DSWRF,surface,32.0,-124.75,44.64092218467105,22.320625708487405,0.0,0.0,0.4027824679221461,125.27421295681216,616.4471917463409,540.0623579375335,45.79101282242773,22.895441476514243,0.0,0.0,0.4199212267787157,115.73520699172718,572.2970258450775,490.98918412964,36.466456409865174,18.2332840143214,0.0,0.0,0.370873654592726,94.9464705249861,520.3659016441319,447.4529625661727,37.30866530944223,18.654424936148985,0.0,0.0,0.5202630234383999,122.46478531245242,601.797941060412,526.0980887807652,46.8847924248619,23.44228249065062,0.0,0.0,0.6157009447821501,127.26338087766293,603.6965817900798,525.4048323461079,45.79991609178423,22.89983144608601,0.0,0.0,0.6925121626262689,119.3980056023976,575.5105000728247,497.1726924653516,40.5196753791769,20.259858872494725,0.0,0.0,0.6491378500069749,66.6658288688352,336.11205447498395,283.8864568603881
2026-02-05,DSWRF,surface,32.0,-124.75,46.28274139592565,23.14141347934466,0.0,0.0,0.4109039625817995,115.39636751369105,564.603249199225,483.7006629774306,36.78657432408178,18.393448202341386,0.0,0.0,0.4330751999746252,96.57820348656742,514.6052840047385,446.6223673018093,38.05177557813481,19.025930484007787,0.0,0.0,0.475009113846736,119.73597092280846,587.2967942295159,513.8020022309255,45.103522195185874,22.551875866591956,0.0,0.0,0.5966672999612642,126.51105798571578,594.6224091540817,513.199320033447,43.18140981391863,21.590664743487917,0.0,0.0,0.6718981401318991,106.2952576167154,534.6247772957463,465.5709729260324,38.16580624800368,19.082952668006936,0.0,0.0,0.5462335510058294,87.82277838232264,478.551594833535,423.8043533792183,38.24785070020609,19.123877897304908,0.0,0.0,0.530214327224679,87.96676715226377,447.4639234929047,392.236481622434
2026-02-06,DSWRF,surface,32.0,-124.75,37.25810965118772,18.628995698704273,0.0,0.0,0.453761280445325,104.17758205776552,538.1581496805145,469.3011442008837,40.32707238242936,20.16366595048438,0.0,0.0,0.5265618734014288,120.27738143238524,593.4524232120186,519.9114656717737,45.189763806754065,22.594934732246212,0.0,0.0,0.611288140099883,122.26769582834432,571.0741943631153,494.9867030119996,42.48408465370085,21.241913407029877,0.0,0.0,0.6711441425602332,99.18652404917331,478.6653446262192,411.42073504891147,33.175656407429074,16.587702441344547,0.0,0.0,0.5594238917803365,61.91295998470105,323.06796616228047,283.41231723361193,25.326771327872407,12.663521989676834,0.0,0.0,0.6360614408652958,90.1197178012428,469.01253763377696,406.33275724877274,35.93796677584875,17.96902530785907,0.0,0.0,0.7349990219833742,104.4408737206399,545.9532310898883,472.4964526055739
2026-02-07,DSWRF,surface,32.0,-124.75,41.69154993684955,20.845814287166753,0.0,0.0,0.5391303956244934,120.2758326854134,587.0624694158089,514.4858763903501,45.59442885648348,22.797354406865484,0.0,0.0,0.6197502299758441,119.51829723611324,563.720621710854,489.8371923315557,42.24995552981086,21.12484463008402,0.0,0.0,0.6833822123742219,104.11124967297532,502.3468356201348,415.1243992975534,28.382501979780297,14.191484580630943,0.0,0.0,0.5662646013166948,80.99538801629649,406.3872967408747,343.6950335872658,28.299154287530293,14.149464798578515,0.0,0.0,0.5406243442553536,86.86704523332513,492.58012049644213,440.454819371216,44.95497815951211,22.477747595568275,0.0,0.0,0.8156017302621248,130.07059554502143,623.0037543360773,548.9550117864608,53.44619669644175,26.723202113440088,0.0,0.0,1.0655446074786528,117.15372326419993,531.8098994467446,458.6496891240927
2026-02-08,DSWRF,surface,32.0,-124.75,41.71274611044956,20.856247460657144,0.0,0.0,0.6198412845355259,122.1679877234238,574.4630931639371,497.9439004276786,42.50424229975663,21.251956901239357,0.0,0.0,0.6808083553195501,100.74609513557218,491.9958047955283,419.22056223155346,32.08197198727868,16.040953407248402,0.0,0.0,0.6306447567874766,77.84357040893666,382.3263262258843,320.52300666501657,24.83235887266504,12.41611484883417,0.0,0.0,0.4698055450656376,69.78927324310848,383.11049977692267,345.7246593365377,36.335061324683025,18.167804082957534,0.0,0.0,0.8883722633573952,118.25392467538283,557.9977923606034,485.4672844877253,47.8436433757696,23.92179502261991,0.0,0.0,1.091730718092251,117.19519872137036,557.340223120195,490.1939248428512,48.60100005638379,24.300615081236856,0.0,0.0,1.171396848079884,105.64220062677036,487.9687248962808,426.2494944529582
2026-02-09,DSWRF,surface,32.0,-124.75,42.08358415850513,21.041833397907983,0.0,0.0,0.6612777282800084,100.0221852070427,480.4440290836616,403.3055490413339,29.265129474935677,14.632335125886282,0.0,0.0,0.5647071517647115,73.21355226024967,382.1812022083051,325.97201907492496,26.652017922179784,13.326033136399936,0.0,0.0,0.5090160202114316,75.5198218030022,408.0943266102176,370.296687170174,39.32298378625826,19.66168465952189,0.0,0.0,0.9166341161029968,117.51988127909628,561.2034621130454,492.70540180045384,48.20721411440184,24.10343770645835,0.0,0.0,0.9866987340054174,129.62682814547833,613.0552628241333,538.5685333661207,51.81404462945423,25.907042849931692,0.0,0.0,1.1656402907003964,105.25499116866456,474.37100224996254,407.2465677515591,36.00519373996993,18.00253219478425,0.0,0.0,1.1014470458460828,105.42659840104558,528.688900508178,461.9879040872456
2026-02-10,DSWRF,surface,32.0,-124.75,30.037317392605217,15.018658074424856,0.0,0.0,0.5606769621562641,75.39184371091496,369.4651653831008,309.1964563771295,24.325247429292,12.162517329715929,0.0,0.0,0.4837257032067779,74.6016935857617,405.10415344607,366.0714421972486,38.48651585435418,19.243325766847413,0.0,0.0,0.8630419951584621,119.64364716783614,579.0722391582551,501.5388093147546,47.83012451222786,23.915317072434693,0.0,0.0,0.8740228828633803,130.92558013167297,620.6584028074401,545.1296173347342,55.02642845027261,27.513234490450508,0.0,0.0,1.2008153260745165,110.64761700760398,498.6279319604404,417.1465661988613,33.014006768392676,16.507220665358844,0.0,0.0,0.9584230204516608,78.63238615271854,396.41116745238776,345.31846130777353,34.937609999489894,17.46903631999082,0.0,0.0,1.115462233054218,99.87920033112074,435.9885120645799,370.03237570750554
2026-02-11,DSWRF,surface,32.0,-124.75,24.402575439309548,12.201414642347498,0.0,0.0,0.4635397216535619,73.51523394684747,399.3933976020549,361.23694295127984,38.93144459598879,19.46544949981755,0.0,0.0,0.841054962040349,119.87156851186162,585.9653667969192,510.79108084686345,49.04333822675403,24.521676266751136,0.0,0.0,0.8166805734898668,129.21921642449993,619.6339291555048,546.3565503262445,55.54219853652499,27.771050520133137,0.0,0.0,1.229346280087663,112.547005652268,512.4552874008625,432.0266972003346,35.09860058764548,17.549311591704445,0.0,0.0,1.0083943482027051,86.10203446100027,408.2115120296093,352.39967071752756,33.053095699840966,16.526751206543807,0.0,0.0,0.970213348678587,89.34050142247312,402.6332185505776,353.11113112168925,40.69962808101331,20.349999606955997,0.0,0.0,1.2879279813590854,79.79204800973123,376.85399453896207,327.0700051903058
2026-02-12,DSWRF,surface,32.0,-124.75,40.44395564413042,20.222094627166783,0.0,0.0,0.8732741992585695,124.20485838693116,609.7154657456822,533.7894947934211,51.57426392220042,25.78724026748323,0.0,0.0,0.8375172783594768,127.80865361826451,607.8418639183221,540.4429765587897,55.00892146477432,27.504256008710108,0.0,0.0,1.2314746638744205,117.7365978703936,535.0119330315003,454.8088256723289,37.53924176927893,18.76959133210712,0.0,0.0,1.1336648708266386,100.29739937487982,497.654294814228,431.186083612314,38.90236694754815,19.4511873848156,0.0,0.0,1.2062323218973428,94.67147661588164,400.9438942898287,335.90722734878784,34.59142471243777,17.295395039277416,0.0,0.0,1.1493777955425493,94.62324654939373,458.57453345278554,403.35742459353634,42.266362252992074,21.13353684062944,0.0,0.0,1.018413381329904,115.22609891790552,555.1898632007267,480.3039864459095
2026-02-13,DSWRF,surface,32.0,-124.75,49.595748976859625,24.7979932982406,0.0,0.0,0.8559562710973785,126.49276793514645,606.0237260935835,536.1626992055026,54.37914644439077,27.189778392684634,0.0,0.0,1.2173898654248605,114.14243430469833,511.0933893053919,431.8288199808529,34.10227361546024,17.05110761845109,0.0,0.0,1.0837865300709284,99.86501089191746,482.158050712596,417.97739169413256,37.58750714531735,18.79385779164914,0.0,0.0,1.1493156339834876,85.15403671332353,370.24391546092664,314.5793138684709,32.17125009319803,16.085679009582332,0.0,0.0,1.4169281975645516,103.98986775860642,475.5504705472202,420.0838320994828,44.90595295934638,22.45337690711414,0.0,0.0,1.1862241596592231,85.45638921873226,433.5296698132713,390.272958406768,50.66916839396909,25.33444645077349,0.0,0.0,2.077830026701225,146.35685187988628,650.7909465771919,573.8634626734129
2026-02-14,DSWRF,surface,32.0,-124.75,53.00209707752437,26.500847301497064,0.0,0.0,1.2224450561224918,109.43783928536448,486.8655623416047,411.73809376560394,33.60874530528913,16.804252258371726,0.0,0.0,1.103278757125448,93.86618605626238,444.6528923944402,379.170055988046,32.53083684874553,16.265549601396184,0.0,0.0,1.134423171978774,82.68197312321223,389.9368826232742,335.79133759922524,33.30206490556801,16.651045149319607,0.0,0.0,1.4643834829861324,103.80810346070434,436.87740962164946,377.65608953112536,36.27641923663528,18.138214157305725,0.0,0.0,0.9378010074676126,112.56875059891966,571.4501911558784,512.6194698687148,59.109628699749294,29.554703369364933,0.0,0.0,1.858258309429156,136.88880742724956,631.9438527652601,554.1896477181419,62.05856704744886,31.02927432756707,0.0,0.0,2.2653691973396892,143.57303466087888,627.8996740135226,555.1929077793552
2026-02-15,DSWRF,surface,32.0,-124.75,32.414002449952235,16.206975979983408,0.0,0.0,1.074218771084865,96.890453554751,453.1229772596519,389.29852665045104,34.01177392519554,17.005931220984497,0.0,0.0,1.1553307915455453,84.09341768094649,383.68087778452855,324.7489132725297,29.37792776607016,14.688732768376752,0.0,0.0,1.327274977434664,99.39977150337964,448.2744448330925,389.448865152553,37.4826857888952,18.741450298850832,0.0,0.0,1.0279622318112174,118.94516598001434,592.5646503208516,527.1397389935532,55.15371334325529,27.57708679806275,0.0,0.0,1.7233604943277536,103.25435785020971,457.599324803983,398.0486417078792,40.61083774766064,20.30545319756218,0.0,0.0,1.9160471964274144,133.0191091320454,609.8842446734402,533.4379936011264,54.08233485690758,27.04125611171003,0.0,0.0,2.5547430533298594,143.66750885834975,637.0516623035724,562.2002116246827
2026-02-16,DSWRF,surface,32.0,-124.75,34.872931552503964,17.436549963606588,0.0,0.0,1.0411817418382616,77.13706229792545,363.2045896080176,304.6032523945963,29.975760777299296,14.987916010476322,0.0,0.0,1.3730088560121905,99.3647789794833,440.30011252992983,386.7404619182901,37.46806814870974,18.734321006729715,0.0,0.0,0.9378077925198154,113.0003638300627,583.8847547450872,524.2179057475612,59.46203778366649,29.730702574876627,0.0,0.0,1.7590677350604438,104.34428121280168,473.00041542208334,403.7836077866358,40.49724906882352,20.248363310886425,0.0,0.0,1.822172877314414,140.99177169431223,629.8687092234582,548.4835844189869,55.341006800763395,27.670379461613994,0.0,0.0,2.634460729197772,140.81721338282856,591.6168699400484,496.4335064742172,42.12411511865629,21.0622695042787,0.0,0.0,1.78419516777522,112.84482499884568,525.8067825631929,464.07021537811266
2026-02-17,DSWRF,surface,32.0,-124.75,33.40081417602775,16.700638222479775,0.0,0.0,1.4294577490707994,98.3846539610465,438.6220357983685,383.8895203250892,38.31586145474729,19.157984283858944,0.0,0.0,1.0161596535572694,113.14058495361874,571.021099663114,508.225870424516,55.97542454776795,27.98778265598169,0.0,0.0,1.7228412535372408,93.47784927266314,407.762827144894,345.27453805904355,35.102851795927,17.55139839547779,0.0,0.0,2.12622232813843,142.87845020423265,633.1480505560569,553.113391123924,57.13318686267465,28.566668466679342,0.0,0.0,2.639542990603966,140.81940402423126,594.2130510449845,507.2067884899426,45.6555483922184,22.827684211184085,0.0,0.0,1.9568247827279492,114.46598977581988,550.8278608536195,491.0478434844234,53.04223910508898,26.520960112440576,0.0,0.0,2.8972878078242568,115.6820353643066,473.4156685344264,391.8654324018826
2026-02-18,DSWRF,surface,32.0,-124.75,39.54436265923644,19.772184993242533,0.0,0.0,1.050291547119763,111.08535588928534,557.6270593207355,495.973692754464,51.633647312874416,25.8170683302503,0.0,0.0,1.7156539315447217,94.45109217194091,412.64445545130513,361.2726440402832,39.65021817844273,19.825360208387263,0.0,0.0,2.208049151270042,131.86989614171546,582.3188774865196,509.6038309731349,53.600109004155094,26.800285529531116,0.0,0.0,2.563402440529547,131.4423046508474,540.0650717802869,454.781771278327,41.64916356300708,20.82469624514639,0.0,0.0,2.4339872504675903,122.59230136080237,540.7471215268665,474.7697171942579,50.564512678935856,25.28205543323621,0.0,0.0,2.741575018444383,114.51986525977324,523.8961563481644,460.6734607563813,47.49091706859337,23.74553041527688,0.0,0.0,2.489345518176703,118.71636704559872,563.2439830915941,496.7880732175503
2026-02-19,DSWRF,surface,32.0,-124.75,53.92647143604552,26.96323343415235,0.0,0.0,1.72263054770059,96.0808678602474,420.6235238933128,367.7283420065497,39.4007451019275,19.700469259722944,0.0,0.0,2.002421209503628,124.87955773557589,597.1383186816959,531.4598599712074,60.14011408423922,30.06992336272991,0.0,0.0,2.5883212500417283,138.7780099521146,592.6725520530852,501.9565049359952,45.987494125709375,22.99372761484744,0.0,0.0,2.8069723885295543,139.85035976862457,602.4872326636976,532.3595340729012,56.36131486983934,28.180540691329327,0.0,0.0,2.899666117036918,133.55992114929683,540.0231908579111,442.49126558966793,36.20869203616437,18.104346452429137,0.0,0.0,2.4405067365554567,78.20838560700415,321.3825891363216,278.8221917235479,29.543500324345295,14.771647836438484,0.0,0.0,2.8964999993037717,135.5572496402384,626.5883899577832,561.6824611188413
2026-02-20,DSWRF,surface,32.0,-124.75,43.9567819991383,21.978160975188473,0.0,0.0,2.127604602256279,133.6139787233298,613.6367879552253,542.1456115919011,59.01253061241828,29.506250262239742,0.0,0.0,2.5881933568645623,134.01886364255472,587.2673247730833,514.0050183226566,52.29972139561163,26.14985302271708,0.0,0.0,2.5339334115344005,137.56611186630636,601.8260854124019,524.662796919514,56.34517962239222,28.172458314030465,0.0,0.0,3.0312292966835317,142.77281124194968,589.9545442170087,498.89733380075626,45.07452298643844,22.537573809528705,0.0,0.0,2.525772718736727,92.9594327035462,399.2511615092551,340.40132125865205,33.45708628610869,16.72871015046148,0.0,0.0,2.791695267441024,125.29961863109432,610.4040286922045,548.6256233009767,66.85322883670362,33.4267851876237,0.0,0.0,3.898617106379384,158.6924850447127,673.4711832027069,596.2184560402483
2026-02-21,DSWRF,surface,32.0,-124.75,57.883475101043445,28.941948774380297,0.0,0.0,2.6423065439067885,136.666239801841,597.5096703106265,518.8181085350536,53.81859060372293,26.909365173610222,0.0,0.0,2.765363825460585,137.45885699143238,600.4766605811777,529.026188901282,59.549266359949776,29.7745155740246,0.0,0.0,2.8891421867645812,145.96571205624076,613.4737578336624,520.3065282401619,49.82874053314299,24.91414879720965,0.0,0.0,2.6397727365931,99.6034890374641,419.1117834892221,359.60658398465375,34.507128121749595,17.253756974210276,0.0,0.0,2.849947520228222,121.51452264205196,576.8221157801788,525.5176961934153,66.35735265121264,33.17876986530122,0.0,0.0,3.9552664495643417,164.88306978221715,697.2223667015887,618.3096560738633,76.05305301766182,38.026126432756435,0.0,0.0,4.110423733966699,154.65937163225607,663.7987469926942,586.5337857045142
2026-02-22,DSWRF,surface,32.0,-124.75,54.52698034880978,27.26371244152236,0.0,0.0,2.729609226717822,137.3926779290084,605.4955849444752,537.8957585389659,62.53983324431222,31.270039135570883,0.0,0.0,3.086925856569602,147.21762600388433,636.0086103001013,549.2241999580042,53.7024073422385,26.851255870346034,0.0,0.0,2.721715692034059,99.01605152748382,408.1021416298172,350.3261868893575,36.083410298912014,18.041567658858543,0.0,0.0,2.7885500666779777,121.88478669575645,588.1254366963038,535.1531465427267,67.18116200965983,33.59068224400509,0.0,0.0,3.8725917828289926,162.29504524512336,679.3724609486156,597.4671344302698,72.4029653213172,36.20130334687239,0.0,0.0,4.297802283242915,160.0624274594541,664.9338622622815,579.8233622599341,65.27229703507248,32.63610852015884,0.0,0.0,3.745156430818356,128.49285059757432,579.7586549933158,511.1168760748362
2026-02-23,DSWRF,surface,32.0,-124.75,61.59372740877066,30.796870775716748,0.0,0.0,3.034679831126126,141.15647082118113,620.905859511282,537.2609177901663,51.61419499342722,25.8069691004572,0.0,0.0,2.635105443946959,100.93733466757736,424.2723177057108,364.7743798085541,38.40315380318635,19.201900966713925,0.0,0.0,2.9083232102130405,127.7818639279412,603.104889213919,542.5564267197275,68.26515801186613,34.13257747060776,0.0,0.0,3.7997852557456326,157.71484058227335,661.3407629716199,579.8697878457781,68.80126326345393,34.4007483668677,0.0,0.0,4.33844656125245,161.60291872971732,655.3942049833929,566.6180587407067,61.61271312959141,30.80636989626489,0.0,0.0,3.803651899476585,137.03803104711585,603.1752706008531,533.2763385895055,65.43989836117302,32.72021715474307,0.0,0.0,4.808063519368718,144.6394073101843,575.3767758195287,489.7541177368977
2026-02-24,DSWRF,surface,32.0,-124.75,51.81346790381706,25.906543286686713,0.0,0.0,2.5148024525740107,105.00771451240048,475.1447637600369,407.2536505235671,41.28739245493564,20.64386355648919,0.0,0.0,3.0548286753519243,129.21651817848172,589.684295932969,527.6095685163366,64.27760610646689,32.13879203914801,0.0,0.0,3.884961232039251,163.5120450386463,683.4188131917829,600.8802093405565,71.42164817946367,35.71093713234543,0.0,0.0,4.109989343531676,155.25464847310198,659.6143367004961,578.6336667695621,66.68567527774843,33.34294555811181,0.0,0.0,3.760076950900436,134.07429203439665,585.4691494193344,514.6125148371866,61.14947401749985,30.57470980280244,0.0,0.0,4.205141820524833,132.83378360987336,581.2124497170997,516.7939947662321,68.20411395782278,34.102218579530785,0.0,0.0,3.899358649755953,134.7759329481283,575.2523003179942,517.5976370498039
2026-02-25,DSWRF,surface,32.0,-124.75,43.11733729517926,21.55877309498485,0.0,0.0,2.759205271154964,106.55452754843114,496.03654811401793,449.2552919954935,57.334445955382776,28.667122397625484,0.0,0.0,3.83189345762822,161.88446377005152,684.8493962741512,603.774162058301,71.07554604744368,35.53780725991082,0.0,0.0,4.236948135371554,157.7872657492577,653.4054431737961,566.698983344664,62.51546538100976,31.25779158874032,0.0,0.0,3.7255047049047985,145.57645771300915,608.2000916943747,517.8742463238457,58.95590390937154,29.47768479901159,0.0,0.0,4.1622311890504395,138.66677461148137,590.9013602412141,524.5730874011122,70.6032407499809,35.301530507198436,0.0,0.0,4.175468148304862,144.11171574363766,609.8369009898873,546.7594312886339,77.72905228131671,38.86456054521064,0.0,0.0,6.104187620580401,166.56629253221735,674.1560136245298,594.822988221973
2026-02-26,DSWRF,surface,32.0,-124.75,62.81924147755585,31.409714431219864,0.0,0.0,3.7456135700467583,155.80101253121492,665.668898875336,587.2814134090174,68.9830147793329,34.49132879283259,0.0,0.0,4.09693431901397,155.1482706998645,652.639772993311,570.2917769309961,65.24010041004787,32.61996412628426,0.0,0.0,3.837129155974048,135.8229078751644,596.5820291783149,528.6543357976848,66.44349377296619,33.22192791034698,0.0,0.0,4.603328906686487,151.65731766729482,645.6495704617937,566.8573417307207,70.84948489194434,35.42465080660391,0.0,0.0,3.9040236664414985,141.51476682494166,609.4316479986641,543.1676770108434,76.2619013115802,38.13085111556851,0.0,0.0,5.716406012715108,160.79972999640748,681.8587148113896,613.7079950493055,85.18325719333775,42.59152312761975,0.0,0.0,6.3323933346148475,168.3204391777727,678.1045472261076,605.4480529275227
2026-02-27,DSWRF,surface,32.0,-124.75,66.29773258330097,33.14874580896314,0.0,0.0,4.207096432045466,157.67385641441612,663.7400893443858,580.3580805239214,66.2906393139169,33.145413582550404,0.0,0.0,3.958986054177293,135.64239350186904,601.9252885323734,536.2114704132628,65.10580872941387,32.55306476467363,0.0,0.0,4.633576086036589,147.6880924309233,626.4581321333233,554.9819715605521,70.82863453177761,35.41417386956611,0.0,0.0,4.753485292167039,149.19710137294385,605.0077707810118,534.2561241042129,74.60777254911248,37.30424391695791,0.0,0.0,6.114869027685353,177.07462719334666,713.9007777324514,627.9156403828761,80.02733954332005,40.01383957307514,0.0,0.0,6.3632357506933115,167.81038684345958,695.5522286244568,618.136296234406,84.821257095438,42.41066267702419,0.0,0.0,7.422163657360577,192.64007958332155,750.004665328159,669.6961786847505
2026-02-28,DSWRF,surface,32.0,-124.75,65.47704511593835,32.738653912927035,0.0,0.0,3.829988141114939,136.8135690700204,623.7434997699161,555.4904196196055,66.89276298757966,33.44650292440441,0.0,0.0,4.594607472715683,146.38041435457873,637.7760391910183,566.7367019508226,72.64600225805708,36.32299387351114,0.0,0.0,4.846136301887996,154.53499933929075,625.1300810413078,554.8954659911201,78.41863263208913,39.2094313147112,0.0,0.0,6.389817819374209,176.76987920866316,704.0205929189983,623.4525010514731,81.93596734006407,40.96799734253797,0.0,0.0,6.592504811558437,160.19708172673245,669.8978659515838,600.0689262288043,86.18321402600066,43.0914397911039,0.0,0.0,7.745563485664537,195.9037144965424,761.8527167389934,676.2839592027966,94.49748269691857,47.24887993167058,0.0,0.0,7.963768549049635,191.00989638563243,729.3720267770183,643.241254338135
2026-03-01,DSWRF,surface,32.0,-124.75,67.62822108029032,33.814243284255255,0.0,0.0,4.729431996880786,142.95268619355232,617.3450783185366,548.9465403459244,69.58282486838209,34.79134512453132,0.0,0.0,4.888218092045692,152.3867476583731,619.5293318442737,554.6441736687377,77.34156055546273,38.67095649469019,0.0,0.0,6.4057286932202055,177.1713804552127,709.1822287809314,633.1064993142372,85.64292066298438,42.82151693068426,0.0,0.0,6.538603684457347,170.39694344867343,703.3588383800354,625.1642002298602,88.68390939057844,44.342138973699775,0.0,0.0,7.663770067223053,196.24759921268895,763.7782978175154,679.6523001960505,95.31188745197576,47.65597244638285,0.0,0.0,8.346752223479855,194.65889426534417,756.2432267967723,676.9960406360308,99.12021794249765,49.560160963259754,0.0,0.0,9.02760582841886,203.3153796877785,777.2646540676822,690.648645935531
2026-03-02,DSWRF,surface,32.0,-124.75,72.00677341839929,36.0032434327933,0.0,0.0,4.828836263233507,155.21814797427044,657.9816314052949,587.1319977530807,82.00860745664562,41.004649088345715,0.0,0.0,6.418987759949147,182.15698641363315,723.6468258534212,641.6399510850417,83.69933206832688,41.8500553741126,0.0,0.0,5.995423877318928,160.45698802071155,675.502598513239,603.9119844958932,82.71069452148473,41.35524367227077,0.0,0.0,6.621723276925861,178.8153949312749,728.054469555916,655.619265012961,96.60530457812676,48.30257506805375,0.0,0.0,8.345988580160892,192.24486254746444,738.5746711861527,654.1297363969346,91.04493692439924,45.5224379562842,0.0,0.0,8.34593504963054,187.7697092553147,734.2536926504318,650.9772481940595,91.28431211254168,45.64228766916766,0.0,0.0,8.901523869343755,196.22697649185633,761.0885193987095,673.86321382654
2026-03-03,DSWRF,surface,32.0,-124.75,81.81577653447084,40.90776366560097,0.0,0.0,6.395726074445121,176.35032440423151,716.271405680769,639.3546313234076,85.43619823528093,42.7180015488222,0.0,0.0,6.4961078096774845,166.32453096078342,682.0833552312604,602.4467937032996,82.74245617238529,41.37112541482698,0.0,0.0,6.7966266490813485,181.195837911985,731.9129954171892,655.9074268561073,95.29073204065044,47.64535185944206,0.0,0.0,7.794854885071181,188.59107100295412,721.3643330633499,634.2088571991549,86.20761591787411,43.1037187645867,0.0,0.0,8.137005618766619,194.23760946027505,753.1707624293847,670.5065299712622,95.74651800995532,47.873354507660665,0.0,0.0,8.711896567984509,194.15393067205645,740.4059156164927,653.1167543713814,92.52081648402316,46.26056464733679,0.0,0.0,9.051455891439836,181.1555550281946,704.1957310615296,625.5229813557758
2026-03-04,DSWRF,surface,32.0,-124.75,83.43727548269209,41.71863222035598,0.0,0.0,6.50991418709841,165.85953672121715,681.2131383671434,605.1728435921722,83.95774056610128,41.97906300098133,0.0,0.0,6.98067696742835,186.56569594573273,741.5145842164382,662.4360229427136,94.25048989489405,47.12533788205583,0.0,0.0,8.09731890568123,191.67206044530369,742.7426603639038,656.4840967742238,90.20452725995727,45.10199298758771,0.0,0.0,8.749563141769237,200.61879579676216,766.8781187972056,681.1336314707767,98.02039733596976,49.010278527246626,0.0,0.0,9.114635135920675,197.83378125797083,749.2140087114979,661.2513846453575,92.27589945312866,46.13825990851626,0.0,0.0,9.236265534442882,186.6202559546723,722.1550982666631,638.2600923268086,91.65787517016908,45.82874579663204,0.0,0.0,10.118314927349394,187.941840976995,727.9291858250075,653.8964242303971
2026-03-05,DSWRF,surface,32.0,-124.75,86.21071247706642,43.105156468307015,0.0,0.0,19.60483412131753,209.70304810968184,711.1198438521226,617.9234622418603,85.43619823528093,42.7180015488222,0.0,0.0,19.94866362578536,210.183994474053,711.3492093437931,623.4723602646786,88.08164559178024,44.04094370245802,0.0,0.0,20.04116974509015,209.8111922215425,713.0800851344104,627.8782908218307,87.4615767053178,43.73053911290513,0.0,0.0,20.489556223951237,213.6363495206964,704.0205929189983,623.4525010514731,88.68390939057844,44.342138973699775,0.0,0.0,21.32196465021687,214.76365829147232,720.5420404401196,627.9156403828761,91.85582456942744,45.9276455035523,0.0,0.0,21.35324793766012,214.9883682798809,722.1124439842686,626.6962828493308,87.8215523867048,43.910737209442686,0.0,0.0,21.07853022395153,215.21872877642733,723.3045698220659,625.0919309777482
2026-03-06,DSWRF,surface,32.0,-124.75,93.76417814425544,46.88229409487738,0.0,0.0,8.010053943998265,193.0618065396265,754.6567563477028,670.7080938456122,95.00142407800152,47.50066419461639,0.0,0.0,8.69431585734585,190.92928135603935,722.7221727890926,641.6171528556323,93.71329859820273,46.856723195531586,0.0,0.0,9.71747887940882,204.92611331221377,776.7710138328246,692.3388564780687,101.72599756783926,50.86296216447828,0.0,0.0,10.07017587328237,189.49390028911577,730.5224882903109,656.7572741763255,99.6930492548817,49.846660768101174,0.0,0.0,10.539393798989098,196.90419793866204,754.1963407139892,675.9861696440206,102.9439496450102,51.47188312791109,0.0,0.0,12.0313157707933,214.1634832819385,789.7279140642345,702.0442826976382,104.33251263545796,52.166411416522976,0.0,0.0,11.748981246859612,202.7482275016073,768.1538008810354,682.4127865611337
2026-03-07,DSWRF,surface,32.0,-124.75,96.40383085621906,48.201667075030954,0.0,0.0,8.894459064108721,193.4715219782316,737.3894706274457,656.5146231080588,95.10273652952536,47.551150039313185,0.0,0.0,9.74553861643917,205.24638814465055,773.3381756281897,688.2241090000437,100.33222175980876,50.16601760462055,0.0,0.0,9.707116337416208,184.20758344997648,706.802921402402,627.8782908218307,89.27502488077599,44.63756337592758,0.0,0.0,9.76450381419889,184.70099451550593,716.9077526121787,645.9495799355418,98.50919658141255,49.254681013551846,0.0,0.0,11.93996984207908,213.57173745768392,791.6511792699337,707.0685443269451,109.10166003729042,54.550837906560986,0.0,0.0,13.143847524717456,218.16642356238629,800.0621758741402,713.3840313760094,109.47616411268906,54.738044852836566,0.0,0.0,13.317312311254748,211.76491465122888,773.5197053335576,685.4548525374264
2026-03-08,DSWRF,surface,32.0,-124.75,96.57951697124048,48.28968793669586,0.0,0.0,9.752514282775769,205.3503986696664,776.527815995736,691.135254883787,100.03374706827492,50.01667689501524,0.0,0.0,9.623459027650462,183.79191256666695,704.875904484305,626.7722873828699,91.50316030245604,45.751450591736955,0.0,0.0,9.878492821300885,187.33260006778488,727.3975392902034,648.050044757903,93.78559117688202,46.89264740012271,0.0,0.0,11.615628983032686,210.2440658663928,781.4442873617888,696.30646486117,106.61564374822775,53.30773925914562,0.0,0.0,13.110458133852504,218.5411103532905,802.2099508543557,715.58611729605,109.2496736745393,54.62507771423148,0.0,0.0,13.78806550018666,214.9883682798809,787.1705869215343,699.8128873224134,106.83623274081684,53.41784390090433,0.0,0.0,13.690474603794582,204.31246205362987,752.2937922541036,674.6453438352887
2026-03-09,DSWRF,surface,32.0,-124.75,102.0146081329764,51.00727690887259,0.0,0.0,9.80401259585213,193.22041327338712,734.8109616124256,653.1763920756614,95.86872906815678,47.93427317223384,0.0,0.0,9.84031628833822,187.15974642135927,737.2777037994035,658.1417838398133,96.35930408657266,48.17973429320031,0.0,0.0,11.76586055734791,210.11713265020893,782.08900780122,696.6210616382264,105.54769476023702,52.77394375408739,0.0,0.0,13.001905570982904,216.3047380517787,796.0743647109603,710.2679614002673,108.57073143540876,54.28521939941973,0.0,0.0,13.724467991783204,215.63725920529697,781.2807509711303,686.7450407166764,97.23475700373808,48.61721582142326,0.0,0.0,13.047227183551396,204.4749028529713,748.933177770889,663.9590472653065,103.35950084938548,51.679896909713904,0.0,0.0,15.102101194124806,220.1630634144846,781.3573486386216,690.7220145103447
2026-03-10,DSWRF,surface,32.0,-124.75,86.21071247706642,43.105156468307015,0.0,0.0,19.60483412131753,209.70304810968184,711.1198438521226,617.9234622418603,85.43619823528093,42.7180015488222,0.0,0.0,19.94866362578536,210.183994474053,711.3492093437931,623.4723602646786,88.08164559178024,44.04094370245802,0.0,0.0,20.04116974509015,209.8111922215425,713.0800851344104,627.8782908218307,87.4615767053178,43.73053911290513,0.0,0.0,20.489556223951237,213.6363495206964,704.0205929189983,623.4525010514731,88.68390939057844,44.342138973699775,0.0,0.0,21.32196465021687,214.76365829147232,720.5420404401196,627.9156403828761,91.85582456942744,45.9276455035523,0.0,0.0,21.35324793766012,214.9883682798809,722.1124439842686,626.6962828493308,87.8215523867048,43.910737209442686,0.0,0.0,21.07853022395153,215.21872877642733,723.3045698220659,625.0919309777482
2026-03-11,DSWRF,surface,32.0,-124.75,100.22212658746096,50.11109610340721,0.0,0.0,11.782011549063188,209.70304810968184,779.9301638353154,695.7643040729929,105.8491227979296,52.92449507892352,0.0,0.0,12.88056909716591,215.1524278699125,796.2737979787842,710.7577533189274,109.18649433318606,54.59350119630076,0.0,0.0,13.422956081392377,206.24966587401465,749.8976397247745,653.1678357863709,87.4615767053178,43.73053911290513,0.0,0.0,10.65675576215278,179.28637540464993,705.8663981490326,638.4925998787921,104.22916361144304,52.1145875853654,0.0,0.0,15.374996256215145,223.5448405915423,802.5587071353586,717.5337488468501,114.150341091457,57.07498204998574,0.0,0.0,15.565051199024454,218.73982458085928,796.4038460327097,709.3237490418785,113.30101292495212,56.65062004729156,0.0,0.0,17.474142282490195,230.34584923636032,814.7834946406008,726.5415960391888
2026-03-12,DSWRF,surface,32.0,-124.75,106.62052677903812,53.31018101689172,0.0,0.0,12.911822169059729,214.23616785457187,793.8960093081205,709.7474180306913,110.1520306800977,55.07607316617107,0.0,0.0,13.47482557312854,202.83324972144572,738.8545036433891,642.280804978469,87.1124896843512,43.55638465672648,0.0,0.0,10.761356354180233,173.47040560210436,686.0056224703941,629.7712172375589,102.9029425017809,51.45157586098971,0.0,0.0,15.058650120323962,221.88780858088495,801.5388942468219,714.2015025908959,111.44993880802392,55.72479466671085,0.0,0.0,14.762800820333243,211.70186756453467,769.851701127565,687.6122859134807,111.21807344721034,55.60923587309728,0.0,0.0,17.94091518501192,232.66003227266344,818.9828374827871,732.6833416464046,121.54702406753914,60.77366454307972,0.0,0.0,18.772636210349457,234.2299989989344,819.7324950804112,731.518505689995
2026-03-13,DSWRF,surface,32.0,-124.75,110.90678674856888,55.45350392271756,0.0,0.0,13.687200815144836,205.01606712438215,739.8851585474791,640.0205797626206,84.37655710650364,42.188033514065935,0.0,0.0,11.403336331171191,183.35894377283392,728.5252293046705,665.4408736775581,108.89319248446527,54.44677125432185,0.0,0.0,14.843306467348867,222.2581349381695,803.2380189938199,712.3414195167352,108.75070592158882,54.37566285944972,0.0,0.0,15.12680356949189,218.85252697215049,790.4481903940514,703.8841570174263,111.4727300154392,55.73649637614831,0.0,0.0,17.889979080744844,233.4084457332644,821.3924206179086,734.9997695009454,122.15187339752784,61.075888940236744,0.0,0.0,19.75919914562733,240.45682488741855,834.2494365062312,745.9776365444783,125.13651741068873,62.56821241462235,0.0,0.0,21.07853022395153,243.43093859751303,837.5633553115122,747.5549562124731
2026-03-14,DSWRF,surface,32.0,-124.75,85.69891541067312,42.84979704529572,0.0,0.0,11.237133027440086,192.2978466337727,746.1772196700332,677.0419477365772,108.55840850845972,54.27929070479255,0.0,0.0,14.642876462426226,220.07332452694612,798.7794802466227,711.9948781114914,111.54277786570748,55.77126732911057,0.0,0.0,14.588533182660935,214.89325892075595,787.371327101235,702.4446250737994,110.5978495383394,55.29894245275899,0.0,0.0,17.170214387647675,227.87126534060303,811.6064087696489,725.5487810328113,119.48336212113624,59.74179100901413,0.0,0.0,19.225743058713583,236.46565057443604,824.1035053542421,735.1492398564019,120.48106696626246,60.240472017651435,0.0,0.0,20.681506235410826,241.60481434275843,833.6313190065189,744.9710113411808,125.57030196478443,62.78519740375632,0.0,0.0,21.95347954319823,241.701745145694,829.4157883120649,740.0388488366466
2026-03-15,DSWRF,surface,32.0,-124.75,110.22904795374576,55.114477300868614,0.0,0.0,14.65851123493757,220.8637003150746,797.8145504631123,709.2728880978,110.78185717741606,55.39080146922949,0.0,0.0,15.073137668572343,218.74966204376767,794.899715194691,709.9080208686221,114.4377723840302,57.21896326780217,0.0,0.0,17.483264185747878,231.57206603458113,820.4526270797675,733.5545156262186,120.35110167602554,60.175643948385016,0.0,0.0,19.296395915129963,237.40670415832193,827.8111260224921,739.1672915761719,122.40849660416433,61.204431897988094,0.0,0.0,20.989940688062827,243.63990419835525,838.2648322403076,749.4014605413831,126.68016044326576,63.33993419855646,0.0,0.0,22.21519949581212,242.03772520449297,828.8313496653918,737.5147668488839,121.399217471698,60.699439189938104,0.0,0.0,21.357458774156346,212.84595614623188,742.5049499745168,659.7581589475649
2026-03-16,DSWRF,surface,32.0,-124.75,110.35591891374824,55.17801338280806,0.0,0.0,15.179545389599085,216.50766302391528,791.0710301307564,707.5955524041774,114.48838875183256,57.24407225803323,0.0,0.0,17.360191643869733,231.1962614768486,818.5292310370729,730.6841460676153,119.41962414688976,59.70975577223443,0.0,0.0,19.29284088153628,237.71248994288223,828.530354394381,739.9598661963917,123.32484467003282,61.6621955477177,0.0,0.0,20.976328528940673,243.26296044862067,834.7584652542412,743.5033205690745,122.48265985220743,61.24138540010397,0.0,0.0,21.662015641356643,240.13891764382257,824.8422915790118,732.820363590607,119.94429674666554,59.971975541549426,0.0,0.0,21.681207471048864,227.576115367908,780.9625670457228,683.0948628631207,104.822198031692,52.411404224112445,0.0,0.0,19.73289094927762,210.9048829835512,731.7134367132433,643.7220267565631
2026-03-17,DSWRF,surface,32.0,-124.75,115.74744403063508,57.873758935206936,0.0,0.0,17.763190917077164,232.31478411599983,817.36197628213,730.8000644941126,120.58080125694303,60.29032773547753,0.0,0.0,19.50878804181813,238.74184786049852,831.2425181083531,743.0801765200805,124.52918790833186,62.26459106145482,0.0,0.0,20.92523249562614,243.11846018614793,836.8788225091548,748.4543006223686,126.8645654311114,63.43242175087349,0.0,0.0,22.14668761678599,245.15590450729724,836.2830351819209,745.2861624742543,121.49790804474856,60.74885088365664,0.0,0.0,21.32196465021687,227.49178809818773,784.2146880646438,691.2895813003056,107.53103266466944,53.76524126684168,0.0,0.0,21.73659913647496,232.605325061194,786.2671461063966,687.9309755345746,108.21655986655696,54.10821995341911,0.0,0.0,24.628233073378645,229.4327812222611,715.3773148278251,609.6935867588443
2026-03-18,DSWRF,surface,32.0,-124.75,120.86313786408871,60.43160113252255,0.0,0.0,19.60483412131753,239.0486147157145,830.9990090486835,742.5783043430847,124.33725289146858,62.168618801069265,0.0,0.0,20.91396987526416,242.61165852868712,834.6858057285204,745.5513198274343,125.28335326862208,62.64146834535893,0.0,0.0,22.105879652376014,244.58415433773695,834.4396152966892,742.7475625590214,121.4340129720114,60.71674016971534,0.0,0.0,20.246680327247596,215.55629516332,756.4305182621806,667.3571071198712,109.9785289058008,54.989505472432235,0.0,0.0,23.839795600876243,246.31488920343816,830.9667812388939,739.5927863723848,126.37620806213296,63.188148187947995,0.0,0.0,23.46904976718846,229.448144461139,770.229939765426,681.6930302046538,112.81090002400586,56.40511359345092,0.0,0.0,24.12556983026628,217.2166442968957,692.2306920008948,604.9660943970551
2026-03-19,DSWRF,surface,32.0,-124.75,124.55679876797696,62.278310986341246,0.0,0.0,20.98313642182187,243.37314933845735,837.6528803566705,749.087762277178,126.66418316364238,63.332386080278624,0.0,0.0,22.20849300390619,245.19158588087183,834.8219403370601,743.4681440043901,121.40853062886816,60.70421775431697,0.0,0.0,20.923896380493545,220.44178158993273,769.6574601741944,677.7918291500184,107.18033210275526,53.59021079664686,0.0,0.0,20.79357240013708,235.48744016585837,816.7559598181031,730.2555942680258,127.13423398815902,63.56698126257661,0.0,0.0,24.395681438095608,238.35710686164296,799.4972059830354,712.5867454742493,120.99719388898367,60.49838753682788,0.0,0.0,23.54252091586497,218.4781304438359,722.1124439842686,636.4713090337617,104.94125615182864,52.47057452340551,0.0,0.0,26.484294907679057,252.0388917566136,853.0832085865142,760.1833309727565
2026-03-20,DSWRF,surface,32.0,-124.75,126.8078531171556,63.40390014186384,0.0,0.0,22.23946708420557,244.93429624181476,836.2819511756518,745.6867007135033,124.2005290618408,62.10026444712679,0.0,0.0,20.783444548109017,218.7729097623425,757.9153704567246,665.4819419330792,103.44758400491148,51.72391178890359,0.0,0.0,22.016430742384692,237.9728533886691,816.0224862927378,723.3225939653611,117.95623672744355,58.978008858669696,0.0,0.0,22.610904198176307,234.09795835440136,809.3080024943656,722.1856828981821,124.7833946742736,62.39185311493104,0.0,0.0,24.057855630367488,240.99569807069685,820.7377372906211,732.9687984750185,127.80317780212552,63.90165075245811,0.0,0.0,27.787641089631464,246.1342098259748,829.07770100872,744.5696225379869,133.45543054176545,66.72782331054225,0.0,0.0,28.803875438029017,252.58306838733256,831.0129189142405,732.4587060785801
2026-03-21,DSWRF,surface,32.0,-124.75,124.74344848803906,62.3718140995304,0.0,0.0,20.347692604707543,220.6480797639742,781.1951982047084,689.9909747614431,108.8819091278372,54.44094405673464,0.0,0.0,20.415879830048617,228.52599231495012,804.7446224144434,717.2249324785993,120.60072351428668,60.300559137659434,0.0,0.0,22.202587795489222,230.45582974332092,801.8797380506187,714.7848582328029,121.0363406382948,60.51811754698931,0.0,0.0,25.704228581499923,249.05440871976495,832.7356576655701,739.2882741809782,124.13926557626723,62.06932735119471,0.0,0.0,27.852380714494863,251.86373106490905,835.631329579048,747.7338535980145,131.18019199378818,65.59019108864962,0.0,0.0,29.59961535578065,260.54006807836794,856.4598434318079,760.5532709965793,130.79980455598334,65.4001187170844,0.0,0.0,29.08711766950793,247.16870645051023,818.5679633029163,724.5813244341059
2026-03-22,DSWRF,surface,32.0,-124.75,86.21071247706642,43.105156468307015,0.0,0.0,19.60483412131753,209.70304810968184,711.1198438521226,617.9234622418603,85.43619823528093,42.7180015488222,0.0,0.0,19.94866362578536,210.183994474053,711.3492093437931,623.4723602646786,88.08164559178024,44.04094370245802,0.0,0.0,20.04116974509015,209.8111922215425,713.0800851344104,627.8782908218307,87.4615767053178,43.73053911290513,0.0,0.0,20.489556223951237,213.6363495206964,704.0205929189983,623.4525010514731,88.68390939057844,44.342138973699775,0.0,0.0,21.32196465021687,214.76365829147232,720.5420404401196,627.9156403828761,91.85582456942744,45.9276455035523,0.0,0.0,21.35324793766012,214.9883682798809,722.1124439842686,626.6962828493308,87.8215523867048,43.910737209442686,0.0,0.0,21.07853022395153,215.21872877642733,723.3045698220659,625.0919309777482
2026-03-23,DSWRF,surface,32.0,-124.75,86.21071247706642,43.105156468307015,0.0,0.0,19.60483412131753,209.70304810968184,711.1198438521226,617.9234622418603,85.43619823528093,42.7180015488222,0.0,0.0,19.94866362578536,210.183994474053,711.3492093437931,623.4723602646786,88.08164559178024,44.04094370245802,0.0,0.0,20.04116974509015,209.8111922215425,713.0800851344104,627.8782908218307,87.4615767053178,43.73053911290513,0.0,0.0,20.489556223951237,213.6363495206964,704.0205929189983,623.4525010514731,88.68390939057844,44.342138973699775,0.0,0.0,21.32196465021687,214.76365829147232,720.5420404401196,627.9156403828761,91.85582456942744,45.9276455035523,0.0,0.0,21.35324793766012,214.9883682798809,722.1124439842686,626.6962828493308,87.8215523867048,43.910737209442686,0.0,0.0,21.07853022395153,215.21872877642733,723.3045698220659,625.0919309777482
2026-03-24,DSWRF,surface,32.0,-124.75,125.9508211057423,62.97536760346485,0.0,0.0,26.09463865447053,253.62284324231908,845.7712328023163,755.0774338429665,131.52151504697116,65.76072825716336,0.0,0.0,27.724503892750313,249.39908776456417,833.1536529238476,742.6469996143958,126.1903049470924,63.095058673828504,0.0,0.0,28.995923884136342,250.3503227335742,830.8322900195421,737.2497934701034,122.8994585451485,61.44982562468158,0.0,0.0,26.718158189356345,235.02927112989283,798.6496314110749,697.1296170135261,108.5496476427156,54.27474343254724,0.0,0.0,25.061165310969464,228.49332632233185,781.371708270661,688.1179239312878,119.36865581817446,59.684599266113295,0.0,0.0,30.312236690616658,248.95054744391464,800.1714368369801,704.5198465923081,119.41020003438116,59.705060682010554,0.0,0.0,27.24314537977484,195.4353427497195,568.4127856518774,459.06211360142055
2026-03-25,DSWRF,surface,32.0,-124.75,129.39104306400117,64.69570024450874,0.0,0.0,27.35945439080269,247.76672455635395,825.8684942780146,732.3323837979037,121.87432426824353,60.93743664428672,0.0,0.0,28.036780448255513,246.54004645682323,825.9987479233414,731.533421103853,119.77564275531596,59.888084365088886,0.0,0.0,26.765720217896316,234.5005599429981,803.5606658929578,708.571902713956,117.66714737460308,58.833499366662835,0.0,0.0,26.31221411439736,229.94669715551993,781.2429559502151,694.4845701738038,123.72555843101512,61.86288010282829,0.0,0.0,32.230220845365054,258.1624189879193,829.8161656351607,734.705374805374,128.7868380594584,64.39354927362297,0.0,0.0,27.527232622853298,193.75144601783117,587.4392235880001,489.5620815695048,62.06571216674685,31.032653983753047,0.0,0.0,13.8692445491872,119.22637984806885,477.52740993481143,450.47828304309223
2026-03-26,DSWRF,surface,32.0,-124.75,121.6388776563316,60.81955141721522,0.0,0.0,27.7123710606522,243.06261015748836,812.1498488651808,718.5926394013356,116.4149342043857,58.20763036853783,0.0,0.0,26.644090463918975,237.01392424463305,804.0190389644658,708.1587184954248,116.6139131837382,58.306996828554865,0.0,0.0,27.405516957389843,232.3458161077195,785.6027896407978,692.4948517168658,117.88458419509972,58.94213870602216,0.0,0.0,30.029704349897273,255.3543114950444,834.6673328545033,740.6200514457518,131.3635031573399,65.68161612705114,0.0,0.0,25.998353052059947,191.56384424700937,630.1586830614626,544.6341956269862,83.258304502778,41.6292121151522,0.0,0.0,21.35324793766012,159.34505012097802,497.105162971385,421.41530430096344,57.993034078579456,28.996511728575676,0.0,0.0,15.254179518045271,142.6088982805686,595.5335650281299,571.591179085337
2026-03-27,DSWRF,surface,32.0,-124.75,120.32987881970004,60.165145505618256,0.0,0.0,26.80504626782164,239.20503262030505,807.655675903625,713.5804493283538,119.72956157895348,59.8646880022131,0.0,0.0,29.832228783358953,250.930763639838,816.1509506928406,720.764897610796,122.744377414506,61.372037746293024,0.0,0.0,30.12953547751369,254.8209124905437,838.8000956721878,744.0711309862605,131.0340821555394,65.5172463375782,0.0,0.0,24.16219656369062,181.19335784451337,576.0880296832877,506.7715529579091,87.6665596430991,43.833358513357766,0.0,0.0,29.674291234450617,223.07252028162463,680.0855052549518,562.7872102941008,67.07653375042875,33.53802752982827,0.0,0.0,10.9062816134188,90.9468497545385,382.3986431951756,367.77529038496016,80.242709901086,40.12133088950279,0.0,0.0,34.65757290148387,255.48017686054135,847.4489731336818,758.8362628561954
2026-03-28,DSWRF,surface,32.0,-124.75,118.62223670072818,59.31110462035779,0.0,0.0,30.57789140204494,261.19596449999113,838.1667648174214,740.0552515475111,127.6355766732675,63.81761912909484,0.0,0.0,29.653334241324544,250.6290204067008,823.0697000451082,732.8992741828677,129.1572635183004,64.57875833491644,0.0,0.0,27.259765925783604,201.06341177085767,647.6707216377878,566.1792064511446,94.3668580552127,47.18351914929222,0.0,0.0,24.056887065316147,177.773117364679,559.2131319903806,481.44836468339554,75.40107213104248,37.70073159031141,0.0,0.0,27.594605886271932,210.6470593834999,664.1905554331707,578.2200275391323,92.3298420955509,46.16490538196142,0.0,0.0,31.628738699919243,234.7386459089833,790.1461294497095,713.261288612189,133.79559649393437,66.8978173249337,0.0,0.0,39.10545799562817,278.62996926939934,884.34430314829,793.3237602015461
2026-03-29,DSWRF,surface,32.0,-124.75,86.21071247706642,43.105156468307015,0.0,0.0,19.60483412131753,209.70304810968184,711.1198438521226,617.9234622418603,85.43619823528093,42.7180015488222,0.0,0.0,19.94866362578536,210.183994474053,711.3492093437931,623.4723602646786,88.08164559178024,44.04094370245802,0.0,0.0,20.04116974509015,209.8111922215425,713.0800851344104,627.8782908218307,87.4615767053178,43.73053911290513,0.0,0.0,20.489556223951237,213.6363495206964,704.0205929189983,623.4525010514731,88.68390939057844,44.342138973699775,0.0,0.0,21.32196465021687,214.76365829147232,720.5420404401196,627.9156403828761,91.85582456942744,45.9276455035523,0.0,0.0,21.35324793766012,214.9883682798809,722.1124439842686,626.6962828493308,87.8215523867048,43.910737209442686,0.0,0.0,21.07853022395153,215.21872877642733,723.3045698220659,625.0919309777482
2026-03-30,DSWRF,surface,32.0,-124.75,86.21071247706642,43.105156468307015,0.0,0.0,19.60483412131753,209.70304810968184,711.1198438521226,617.9234622418603,85.43619823528093,42.7180015488222,0.0,0.0,19.94866362578536,210.183994474053,711.3492093437931,623.4723602646786,88.08164559178024,44.04094370245802,0.0,0.0,20.04116974509015,209.8111922215425,713.0800851344104,627.8782908218307,87.4615767053178,43.73053911290513,0.0,0.0,20.489556223951237,213.6363495206964,704.0205929189983,623.4525010514731,88.68390939057844,44.342138973699775,0.0,0.0,21.32196465021687,214.76365829147232,720.5420404401196,627.9156403828761,91.85582456942744,45.9276455035523,0.0,0.0,21.35324793766012,214.9883682798809,722.1124439842686,626.6962828493308,87.8215523867048,43.910737209442686,0.0,0.0,21.07853022395153,215.21872877642733,723.3045698220659,625.0919309777482
2026-03-31,DSWRF,surface,32.0,-124.75,86.21071247706642,43.105156468307015,0.0,0.0,19.60483412131753,209.70304810968184,711.1198438521226,617.9234622418603,85.43619823528093,42.7180015488222,0.0,0.0,19.94866362578536,210.183994474053,711.3492093437931,623.4723602646786,88.08164559178024,44.04094370245802,0.0,0.0,20.04116974509015,209.8111922215425,713.0800851344104,627.8782908218307,87.4615767053178,43.73053911290513,0.0,0.0,20.489556223951237,213.6363495206964,704.0205929189983,623.4525010514731,88.68390939057844,44.342138973699775,0.0,0.0,21.32196465021687,214.76365829147232,720.5420404401196,627.9156403828761,91.85582456942744,45.9276455035523,0.0,0.0,21.35324793766012,214.9883682798809,722.1124439842686,626.6962828493308,87.8215523867048,43.910737209442686,0.0,0.0,21.07853022395153,215.21872877642733,723.3045698220659,625.0919309777482
2026-04-01,DSWRF,surface,32.0,-124.75,86.21071247706642,43.105156468307015,0.0,0.0,19.60483412131753,209.70304810968184,711.1198438521226,617.9234622418603,85.43619823528093,42.7180015488222,0.0,0.0,19.94866362578536,210.183994474053,711.3492093437931,623.4723602646786,88.08164559178024,44.04094370245802,0.0,0.0,20.04116974509015,209.8111922215425,713.0800851344104,627.8782908218307,87.4615767053178,43.73053911290513,0.0,0.0,20.489556223951237,213.6363495206964,704.0205929189983,623.4525010514731,88.68390939057844,44.342138973699775,0.0,0.0,21.32196465021687,214.76365829147232,720.5420404401196,627.9156403828761,91.85582456942744,45.9276455035523,0.0,0.0,21.35324793766012,214.9883682798809,722.1124439842686,626.6962828493308,87.8215523867048,43.910737209442686,0.0,0.0,21.07853022395153,215.21872877642733,723.3045698220659,625.0919309777482
2026-04-02,DSWRF,surface,32.0,-124.75,86.21071247706642,43.105156468307015,0.0,0.0,19.60483412131753,209.70304810968184,711.1198438521226,617.9234622418603,85.43619823528093,42.7180015488222,0.0,0.0,19.94866362578536,210.183994474053,711.3492093437931,623.4723602646786,88.08164559178024,44.04094370245802,0.0,0.0,20.04116974509015,209.8111922215425,713.0800851344104,627.8782908218307,87.4615767053178,43.73053911290513,0.0,0.0,20.489556223951237,213.6363495206964,704.0205929189983,623.4525010514731,88.68390939057844,44.342138973699775,0.0,0.0,21.32196465021687,214.76365829147232,720.5420404401196,627.9156403828761,91.85582456942744,45.9276455035523,0.0,0.0,21.35324793766012,214.9883682798809,722.1124439842686,626.6962828493308,87.8215523867048,43.910737209442686,0.0,0.0,21.07853022395153,215.21872877642733,723.3045698220659,625.0919309777482
2026-04-03,DSWRF,surface,32.0,-124.75,86.21071247706642,43.105156468307015,0.0,0.0,19.60483412131753,209.70304810968184,711.1198438521226,617.9234622418603,85.43619823528093,42.7180015488222,0.0,0.0,19.94866362578536,210.183994474053,711.3492093437931,623.4723602646786,88.08164559178024,44.04094370245802,0.0,0.0,20.04116974509015,209.8111922215425,713.0800851344104,627.8782908218307,87.4615767053178,43.73053911290513,0.0,0.0,20.489556223951237,213.6363495206964,704.0205929189983,623.4525010514731,88.68390939057844,44.342138973699775,0.0,0.0,21.32196465021687,214.76365829147232,720.5420404401196,627.9156403828761,91.85582456942744,45.9276455035523,0.0,0.0,21.35324793766012,214.9883682798809,722.1124439842686,626.6962828493308,87.8215523867048,43.910737209442686,0.0,0.0,21.07853022395153,215.21872877642733,723.3045698220659,625.0919309777482
2026-04-04,DSWRF,surface,32.0,-124.75,86.21071247706642,43.105156468307015,0.0,0.0,19.60483412131753,209.70304810968184,711.1198438521226,617.9234622418603,85.43619823528093,42.7180015488222,0.0,0.0,19.94866362578536,210.183994474053,711.3492093437931,623.4723602646786,88.08164559178024,44.04094370245802,0.0,0.0,20.04116974509015,209.8111922215425,713.0800851344104,627.8782908218307,87.4615767053178,43.73053911290513,0.0,0.0,20.489556223951237,213.6363495206964,704.0205929189983,623.4525010514731,88.68390939057844,44.342138973699775,0.0,0.0,21.32196465021687,214.76365829147232,720.5420404401196,627.9156403828761,91.85582456942744,45.9276455035523,0.0,0.0,21.35324793766012,214.9883682798809,722.1124439842686,626.6962828493308,87.8215523867048,43.910737209442686,0.0,0.0,21.07853022395153,215.21872877642733,723.3045698220659,625.0919309777482
2026-04-05,DSWRF,surface,32.0,-124.75,86.21071247706642,43.105156468307015,0.0,0.0,19.60483412131753,209.70304810968184,711.1198438521226,617.9234622418603,85.43619823528093,42.7180015488222,0.0,0.0,19.94866362578536,210.183994474053,711.3492093437931,623.4723602646786,88.08164559178024,44.04094370245802,0.0,0.0,20.04116974509015,209.8111922215425,713.0800851344104,627.8782908218307,87.4615767053178,43.73053911290513,0.0,0.0,20.489556223951237,213.6363495206964,704.0205929189983,623.4525010514731,88.68390939057844,44.342138973699775,0.0,0.0,21.32196465021687,214.76365829147232,720.5420404401196,627.9156403828761,91.85582456942744,45.9276455035523,0.0,0.0,21.35324793766012,214.9883682798809,722.1124439842686,626.6962828493308,87.8215523867048,43.910737209442686,0.0,0.0,21.07853022395153,215.21872877642733,723.3045698220659,625.0919309777482
2026-04-06,DSWRF,surface,32.0,-124.75,86.21071247706642,43.105156468307015,0.0,0.0,19.60483412131753,209.70304810968184,711.1198438521226,617.9234622418603,85.43619823528093,42.7180015488222,0.0,0.0,19.94866362578536,210.183994474053,711.3492093437931,623.4723602646786,88.08164559178024,44.04094370245802,0.0,0.0,20.04116974509015,209.8111922215425,713.0800851344104,627.8782908218307,87.4615767053178,43.73053911290513,0.0,0.0,20.489556223951237,213.6363495206964,704.0205929189983,623.4525010514731,88.68390939057844,44.342138973699775,0.0,0.0,21.32196465021687,214.76365829147232,720.5420404401196,627.9156403828761,91.85582456942744,45.9276455035523,0.0,0.0,21.35324793766012,214.9883682798809,722.1124439842686,626.6962828493308,87.8215523867048,43.910737209442686,0.0,0.0,21.07853022395153,215.21872877642733,723.3045698220659,625.0919309777482
2026-04-07,DSWRF,surface,32.0,-124.75,153.91134000283944,76.95565320356701,0.0,0.0,50.35636784215981,299.46310727111336,896.6559750288213,799.523582652881,157.0276444273871,78.51356472381201,0.0,0.0,50.14448850394779,298.65007386556056,889.4398997512692,783.1338964788839,150.1517454850316,75.07599927809191,0.0,0.0,44.76475515989519,260.57309372959344,787.3600565939638,679.1641374573685,116.69608236162134,58.34783268600519,0.0,0.0,39.27725697357557,251.87476546777685,805.363399375429,706.0755119354092,137.4047553896997,68.70226545648072,0.0,0.0,43.664887048579445,245.0678020979018,690.5835386577787,595.4383750349803,111.48527286746184,55.74257584093681,0.0,0.0,41.765892921087186,219.97432569479264,652.4118924407433,583.681411080022,119.18441689728688,59.59211800059903,0.0,0.0,43.03574522874912,251.5734144002398,777.9404282353,702.6853998337167
2026-04-08,DSWRF,surface,32.0,-124.75,155.09919656514307,77.54935769999835,0.0,0.0,50.635482578981744,298.7922177149526,892.429222983811,787.6437141514552,151.53622781813715,75.76805256499082,0.0,0.0,45.95179235054028,262.6656161697992,777.3624918777305,672.7925425363089,118.95240017442724,59.476363172429735,0.0,0.0,44.54512058713262,267.8876391768042,825.0220351433629,722.8402040629915,134.1983890961335,67.09932511111325,0.0,0.0,44.94139104829719,236.40873555752836,665.0366772922586,585.7187076276673,109.53897202687207,54.7692645847455,0.0,0.0,39.60275990837426,224.52430568033765,697.5402291507164,622.1205455009106,131.9191239084259,65.95946829742434,0.0,0.0,49.146536159358526,266.2365931912581,766.9475927621506,690.3105259969653,150.03114492360936,75.01539732447897,0.0,0.0,56.48811667479997,294.20801269653634,872.9682563662707,776.1952050356479
2026-04-09,DSWRF,surface,32.0,-124.75,149.6999727535745,74.84985321249874,0.0,0.0,43.85693781101159,259.26948859584775,778.4773215569107,667.6435555579334,114.1722243925366,57.08599776943795,0.0,0.0,44.48675331991621,271.5255087107949,811.8684889328474,712.9665134651616,134.6128385137437,67.30630989020628,0.0,0.0,45.74214031831048,241.57394850264544,671.5049777895133,582.2000088962557,101.90924749761356,50.9545924625243,0.0,0.0,41.94996314529254,237.57034827535455,719.8922093043459,634.7910683543408,128.6943606859384,64.34715318572913,0.0,0.0,47.9868520876978,263.9530273749927,764.6468659875816,679.4227787556133,144.17661917418542,72.08834758117001,0.0,0.0,55.312187505089526,290.6083586092225,872.2547515898631,784.8257346098685,165.45867262744437,82.72930158610977,0.0,0.0,59.5238567932375,282.28781965705366,767.7491538478407,666.9375593915973
2026-04-10,DSWRF,surface,32.0,-124.75,113.40685450173136,56.70355550981812,0.0,0.0,45.412933129974434,272.1983523394999,800.7665772901905,702.2368686457767,133.64955220346732,66.82472541158066,0.0,0.0,44.996265986367106,236.9309479008603,701.009440849884,607.0844598250544,100.3758009918002,50.187873668780355,0.0,0.0,41.35497384489976,221.23108481356803,691.2437998902988,622.5449012113077,125.41387747363456,62.70672276110045,0.0,0.0,53.065716610121214,286.5746575103634,788.8867073196559,687.8825131060887,141.5981268366603,70.79903273086268,0.0,0.0,60.993566650557995,310.19514024246496,901.015525781802,801.7956034687531,161.18551800950434,80.59236850440234,0.0,0.0,60.889252436670574,300.49715666759937,835.2341364151656,731.0130197006549,139.00189932985734,69.50109654133345,0.0,0.0,50.84223716934739,267.6492478137225,811.3877292504535,733.7715102462414
2026-04-11,DSWRF,surface,32.0,-124.75,131.0927421197942,65.54616140724079,0.0,0.0,46.47356324737336,249.60605470132697,719.2367546851581,613.8804636076159,102.12035984798511,51.060508114734255,0.0,0.0,41.06453258908906,230.54225058316104,717.8410644952256,640.6017685561391,126.92163097289156,63.46084050103412,0.0,0.0,53.86190335507103,284.3840511358708,802.9812510141415,707.7405595845732,148.91558895866348,74.45783005874858,0.0,0.0,60.03862885355816,304.7454662717343,893.2562481557175,799.8484558888586,163.97190353414922,81.985723085487,0.0,0.0,61.29851749413129,297.56725768930335,829.5233629300842,712.501573718043,122.99586005565476,61.49780519214066,0.0,0.0,49.7543013530663,277.8860074503124,862.6846027132057,780.9055271715997,175.07550710462326,87.53787034339658,0.0,0.0,72.08487485103421,340.86252212176083,948.4325459250556,842.7070375420755
2026-04-12,DSWRF,surface,32.0,-124.75,104.56173992532165,52.28116260119202,0.0,0.0,41.19152445291597,233.79848617059304,744.4120690815308,652.2316454324216,128.63145925222815,64.31555903596029,0.0,0.0,53.840805900983334,284.9941877981799,791.8417806029547,694.5601530989009,144.92544512256663,72.46310255809115,0.0,0.0,58.28290238286853,299.4705064543205,898.3846405333652,801.617537417743,162.43647841221497,81.21826595023981,0.0,0.0,51.15769157111261,237.60854545924664,679.0226883902199,588.9127041151003,106.66707146836626,53.33363150258008,0.0,0.0,45.60681953645994,266.0324739567823,839.4617043670803,752.515435943254,167.3102919549695,83.65524526028534,0.0,0.0,72.93429517742186,345.2347492422531,965.5186498131444,862.9350827941732,185.24956727784237,92.62476783452912,0.0,0.0,69.61286356430743,330.02030342164034,925.0177048575767,822.367403462368
2026-04-13,DSWRF,surface,32.0,-124.75,134.17875882708194,67.08938715002425,0.0,0.0,55.277116820331706,293.4153782195465,820.603288895348,718.5277982688494,148.2875721803997,74.14359892006757,0.0,0.0,57.7177092359224,298.99634524858106,888.1850624287295,789.7824563952299,157.47682873193938,78.73850290566314,0.0,0.0,51.05381096776854,242.3492379543116,716.1456886075375,630.8533617307787,119.50792142213312,59.75407638078551,0.0,0.0,53.64420019275554,287.09108811031354,864.858761512879,777.2333748072347,170.05324855018483,85.02677768152748,0.0,0.0,73.33884919676424,344.63377575525124,958.1334792358144,850.8856207108088,170.91239593093502,85.45607597864162,0.0,0.0,46.01204385396588,232.68380276210183,713.3801379287129,627.691381440382,123.2611226187958,61.63039700535212,0.0,0.0,54.828025444303094,254.62610706803892,732.8444756224817,654.2446888557758
2026-04-14,DSWRF,surface,32.0,-124.75,148.00074394909396,74.00011607926758,0.0,0.0,59.45863887408965,304.2793954037418,899.0197079324913,802.5556013154542,164.36476164803258,82.18222997361767,0.0,0.0,53.90047136310528,261.50435747894653,740.3556566610955,644.3628713114483,117.18714700765524,58.59379875766115,0.0,0.0,49.32229234591821,281.5208959952163,864.8536987727857,777.6423515559145,172.67135897711265,86.33541474219285,0.0,0.0,72.83755418709043,341.23192887883545,938.5996274313012,826.2617093319561,159.98008154508614,79.99014113716902,0.0,0.0,61.47541009604241,310.1171468690146,906.65172971809,805.755168063725,166.06436558144014,83.03217754318126,0.0,0.0,66.19332922915288,306.4331085430948,839.6185807155791,737.5398544520475,145.54125105964542,72.77040550180071,0.0,0.0,64.53040404229378,276.0513402117046,753.9505350890258,670.4387665055526
2026-04-15,DSWRF,surface,32.0,-124.75,162.68880838331435,81.34435235641863,0.0,0.0,57.05840624737614,275.53361832936696,779.8037817543253,682.4890160313937,131.7189959610681,65.85938587184546,0.0,0.0,50.149987539078474,278.0021834182472,867.2942645153587,780.6589990328989,174.11568765805623,87.05793821621393,0.0,0.0,73.66866905194009,345.16521623499585,956.6338506686874,847.7633551885958,171.15001035169422,85.5750785687262,0.0,0.0,65.99490691957199,305.7785902572733,870.2528137820934,767.1211316704268,152.35544106028863,76.17756612161548,0.0,0.0,55.696591118221434,283.19519902875163,829.0390701263523,728.4547097789264,142.6054120465781,71.30270827303536,0.0,0.0,68.37754177094604,314.70216381667626,867.8676856809261,767.9316703746733,160.6800418041106,80.33987239528366,0.0,0.0,69.1439479343617,298.52441781546395,789.1710352397719,693.9894048982219
2026-04-16,DSWRF,surface,32.0,-124.75,134.32152323030002,67.16095848865825,0.0,0.0,53.68677324292856,283.06300347696924,860.9491223131615,775.123022185229,172.5781726539497,86.28897538566736,0.0,0.0,73.21483492714295,342.9234330264801,953.5801894029636,849.2421012549241,176.15524250787644,88.07770956045229,0.0,0.0,64.50986348209379,300.066098494083,848.2962347113563,736.2188244922331,133.0190261624959,66.50969557285995,0.0,0.0,53.96174259867888,276.7417941130753,819.4619205311851,724.3886006092926,141.12910582167206,70.5646476657769,0.0,0.0,68.68803576482607,308.7711124327775,852.8376405349943,757.9718848259495,156.2730046689972,78.1363251362157,0.0,0.0,67.92535041451472,305.4599789574171,843.1480388820223,747.0536925393719,155.9839562596603,77.99197700282647,0.0,0.0,59.713021867623034,256.686139862591,703.3028668122508,628.0134654936235
2026-04-17,DSWRF,surface,32.0,-124.75,172.74034907405246,86.36991771570301,0.0,0.0,73.54537444463594,343.8766487011248,956.9856424703812,851.9383151561929,176.39121931237906,88.19589018821722,0.0,0.0,68.11016232930713,320.6338775409524,898.4144474749355,787.6729398005425,146.75884636666245,73.37912109159004,0.0,0.0,55.13860414493002,287.16080419081425,850.5579617716462,747.1282260227244,145.19620144021667,72.59814632386139,0.0,0.0,68.16565382245713,301.180769153752,819.7047717244211,722.0428103418384,141.739178132917,70.86950128632625,0.0,0.0,65.24298275186257,285.4586931427245,781.6644615951834,688.3965005131437,143.00306701685165,71.501473707717,0.0,0.0,59.43170372121192,271.797684937216,749.1505713388833,663.8108264825735,143.20421662620294,71.60229389947256,0.0,0.0,62.27951904964549,281.63020419591385,802.6713317359706,711.0437536042112
2026-04-18,DSWRF,surface,32.0,-124.75,180.12150725696972,90.06070522233367,0.0,0.0,67.13768085117323,324.1962137678008,911.3935355466772,801.2409813221195,150.70757833982114,75.35392985209278,0.0,0.0,56.72249948434509,288.1310970825717,857.70170234403,762.2470501103453,151.38241401995938,75.69135329246228,0.0,0.0,67.10706396569348,293.91105065698065,801.7123208518932,708.7871622907711,137.41919357110405,68.70954098341473,0.0,0.0,64.05990878939711,268.3093830727356,714.9781621768503,637.0270655486836,142.71387455554444,71.35708848765333,0.0,0.0,61.24789358121677,266.9443242423216,748.294636480267,676.6956604992164,154.57593962792362,77.28820439403376,0.0,0.0,76.28969951311004,334.2041943612984,907.521124342142,806.0382133591711,177.90310360362054,88.9514599595849,0.0,0.0,70.90621102601608,302.8412939299318,824.4117798318396,731.2988233481424
2026-04-19,DSWRF,surface,32.0,-124.75,153.41046195025484,76.70514947056913,0.0,0.0,57.950934653889824,292.7030976099447,866.8943936396054,767.4074663649394,153.42431099485242,76.7123069128842,0.0,0.0,65.67493723867821,289.44527671721687,798.7751749165659,700.9802146044452,136.15108256521933,68.0754742713963,0.0,0.0,59.861401474929416,258.58256390091407,713.0800851344104,639.5573015642763,139.9509000148364,69.97534839050586,0.0,0.0,59.04616570689434,275.5324819034285,801.7784645811629,713.4684573596669,158.38836871508482,79.1940639485886,0.0,0.0,79.65794896929353,343.9697604678929,926.0014218827666,811.7263761293179,159.94357374048136,79.97172086865132,0.0,0.0,73.47151401986045,326.4375792289453,920.2725738689832,822.6622121323721,182.53050153084104,91.2654107163869,0.0,0.0,67.38131578746575,283.58689296546925,796.962058060072,698.5227434705342
2026-04-20,DSWRF,surface,32.0,-124.75,154.59253042865151,77.29668243566391,0.0,0.0,66.8343978710343,288.6442250526845,774.9796726036552,679.8023747470156,130.75097379369458,65.37553879343977,0.0,0.0,60.04958435524513,259.68334589181507,717.3810375805593,640.1324131587569,139.99703750811898,69.99868385995273,0.0,0.0,59.66791754435879,277.1157084440474,796.3004704314055,718.2800534115119,160.90272510693703,80.45145043637253,0.0,0.0,76.90481551201955,323.8366656269574,869.8562982144233,765.9454865396588,162.4594377396532,81.23003134697976,0.0,0.0,72.85677195715117,322.76859180417375,906.6048741555624,809.9045277522222,178.1554340695606,89.0776982134249,0.0,0.0,65.0050981851376,272.28634159623283,797.7381944002161,713.343370921703,158.18771574967144,79.09444007209692,0.0,0.0,71.2442830447607,296.11522125767766,824.3097027088434,732.4396395319335
2026-04-21,DSWRF,surface,32.0,-124.75,133.2053337881942,66.60239756020029,0.0,0.0,62.898000329588534,272.88481690657625,748.6282668050931,666.8747125670952,146.8350225389397,73.41740629935343,0.0,0.0,65.58239212148908,298.4962008440146,844.5551425455506,763.0326338761668,175.02495385843247,87.51266207790573,0.0,0.0,73.41583761818057,326.44300841405993,908.3435449472798,810.3795007949363,176.3682554136065,88.18424566382672,0.0,0.0,68.5916598780619,303.0140515390062,853.7877018901859,757.411447787204,156.60513785125642,78.30289896522135,0.0,0.0,62.15223092316342,264.9549233829764,731.5276798729718,644.839106420697,138.9652012171781,69.48287731868126,0.0,0.0,64.1473874081797,271.4059063374277,760.5066820134286,685.8228330378722,161.84976475872062,80.92520633624736,0.0,0.0,77.74446184878494,332.9007099578536,909.0105059919456,809.1979687819048
2026-04-22,DSWRF,surface,32.0,-124.75,154.99914807166374,77.49953033405629,0.0,0.0,66.95166541288,298.13963026498675,833.669103950783,750.3924003698091,171.44641563868072,85.72311812970716,0.0,0.0,75.34307734595858,330.79808193385475,925.5352163399144,831.3710493845703,186.394051696494,93.19727703533464,0.0,0.0,72.51079051681926,317.46340726866754,882.2770783963645,780.103387116568,160.1975786727358,80.09893268287071,0.0,0.0,52.591088068517195,222.05410226311693,632.9376448817906,555.3936028715682,114.37567060553744,57.18782874675191,0.0,0.0,52.50027595807829,239.06605077689545,717.6468315780105,650.7822584367825,141.15207353391662,70.57662395315079,0.0,0.0,55.16776712286468,240.71932036477975,678.5598343419595,587.7736514644572,111.49121864091134,55.74620399112008,0.0,0.0,45.510346619677506,204.0122208546489,622.5803225910904,563.8848475295054
2026-04-23,DSWRF,surface,32.0,-124.75,175.53941090758778,87.76995028843054,0.0,0.0,75.54374981435885,339.1787591118323,941.1058478433124,838.0249284937447,181.4240786503085,90.7117812777196,0.0,0.0,71.67504012349559,313.7110492131654,875.3630415191019,772.910452561018,156.59241145042387,78.29639936731365,0.0,0.0,63.27166838727981,258.5532947251642,732.0765792105642,635.9112429677559,125.26355564134548,62.63193896092742,0.0,0.0,52.77260045050494,234.39304032183705,704.4626297832316,648.0896482407065,152.7288197236058,76.36481720451789,0.0,0.0,73.48100216354955,308.05361792311186,851.8526927701427,759.7780904625429,171.9376512208092,85.9700419257662,0.0,0.0,82.87005541646026,334.3883033935057,897.0828830438103,791.1271627676235,171.54128042653633,85.77233702971503,0.0,0.0,73.39277412151623,298.84439419522994,827.1465466459833,731.8397415121979
2026-04-24,DSWRF,surface,32.0,-124.75,185.58094608954312,92.79092162330473,0.0,0.0,72.62390783387015,313.3351070125712,877.5967070425747,783.07742317946,165.8468897860071,82.9237226300877,0.0,0.0,58.99822257733406,245.5033722370314,685.8691216058762,596.4554628001476,115.09738528976368,57.548989887231755,0.0,0.0,45.217112203812455,212.0798144850888,668.2152857523611,622.1981494133414,151.3350099449166,75.66798137896558,0.0,0.0,69.64949060739872,302.8435064225274,870.3391889731713,783.9122749017658,182.8894275921813,91.4458653927029,0.0,0.0,86.42094480894227,349.1035250825236,941.3729648876612,842.1498742864018,197.5573420872346,98.78054784010148,0.0,0.0,91.22998055614318,354.1235237335983,922.790680066426,815.7765662229228,177.5785744171894,88.79171950306176,0.0,0.0,75.41098240538778,308.1259869903822,850.94500983627,753.2806041599478
2026-04-25,DSWRF,surface,32.0,-124.75,163.46405707870966,81.73209712662364,0.0,0.0,58.59457267935118,245.8888997967913,715.4768605140248,620.9808973396314,118.00538331237028,59.003204571860515,0.0,0.0,50.21392901407022,225.3199203730439,687.2721774706195,635.9946011471518,149.63280351871794,74.81709280590336,0.0,0.0,68.33571110970985,297.82448899024087,868.6393153857525,782.501146807509,185.43238609240035,92.71742762170092,0.0,0.0,85.91019082641886,346.3835229625364,922.404638850076,821.9439787251331,187.4738135125737,93.73877235838332,0.0,0.0,90.0114303493489,352.25315861398997,931.8924658760056,830.1131071121312,191.94592524051436,95.97540743147977,0.0,0.0,77.7158912027333,297.15371063923106,811.9236141559682,728.419509894339,175.8332710710732,87.92018009477121,0.0,0.0,91.8531622871592,354.807826961479,950.854668831934,851.382285884385
2026-04-26,DSWRF,surface,32.0,-124.75,111.1802720655502,55.59055537472112,0.0,0.0,52.07125975163011,233.98051566669943,692.7279346574261,640.0249602497469,153.4128969545589,76.70717036960087,0.0,0.0,68.94379674470962,300.0333283267797,858.6620904502573,771.3411972801991,182.91032777280907,91.45622780523033,0.0,0.0,86.82356166196912,343.3993965146334,919.229485185638,815.4755112658991,183.57090294036152,91.78673478187194,0.0,0.0,79.47389775711531,320.46116177069086,849.7964711899368,756.5824186431348,176.9960925208111,88.50062833732343,0.0,0.0,80.98455135860691,324.67578780803785,865.9748649017464,786.4784348497247,192.82672965616763,96.41701910457952,0.0,0.0,92.12059752734822,352.69618512072145,940.6628189134216,839.4802679895896,188.88540081709928,94.44670541571028,0.0,0.0,69.09778579302059,281.27715401841044,797.0219097329184,704.5222604272458
2026-04-27,DSWRF,surface,32.0,-124.75,149.1992004352204,74.60007004248618,0.0,0.0,68.56294637051045,299.0848417953564,844.2257756366373,760.1226175863678,178.03421984312382,89.01812261057935,0.0,0.0,89.11337852847528,350.54903857135855,928.9699633805728,826.1712481233012,191.78039520592512,95.89185054266991,0.0,0.0,87.6993737908542,350.4623924362649,920.7103152816808,817.5772065333983,190.57746312951363,95.29133641590484,0.0,0.0,85.75685591392947,335.09086914995066,889.8230033830848,797.9441643823411,193.28998639208473,96.64841511472362,0.0,0.0,90.37922235356127,342.77357844988575,919.6257712223968,821.8857350744559,183.28468717825484,91.64735096144464,0.0,0.0,75.0682302425648,300.36338819124086,808.2956187593744,704.7077155754614,141.97801334259373,70.99258276533807,0.0,0.0,72.30925333036147,279.54242477127286,773.802406677615,700.3258408498066
2026-04-28,DSWRF,surface,32.0,-124.75,178.3576245064923,89.17962639702176,0.0,0.0,89.18540845192572,355.7772770832799,938.2456766416154,832.6164237420144,191.00818584485188,95.50587136752355,0.0,0.0,91.08258904135872,360.11158291698314,940.4412190997508,834.8368303440042,193.07120985473995,96.53828736139404,0.0,0.0,88.70149879393357,343.94987278375896,902.3157590731012,804.5043124416782,187.81863133237533,93.9128676821571,0.0,0.0,89.41289798960973,331.6666348160239,883.1500723204098,793.4370476334477,180.8814993962383,90.44511675034884,0.0,0.0,79.12200387483827,306.7783437849481,820.924322981635,723.0504997358196,154.8499611417916,77.42963054563612,0.0,0.0,60.58117702265167,258.80939546592225,778.9417242778882,690.8577801559377,158.0301866395703,79.02144783627674,0.0,0.0,77.87712420554092,299.591208783516,795.385916584954,715.446536798722
2026-04-29,DSWRF,surface,32.0,-124.75,193.64130130040277,96.82220981842606,0.0,0.0,91.49984228440708,361.4872942033855,951.6674725751794,846.7124243445626,196.09223617509,98.04881912619558,0.0,0.0,92.95179434932908,353.6807298080061,925.508441027922,823.1015306973559,187.88168703104583,93.9439975946787,0.0,0.0,87.3175767326933,323.5457249238098,860.3183392199071,768.5741595489758,168.24407155980958,84.12653507741513,0.0,0.0,76.95603112660925,298.7063900642773,815.5253508204573,710.3668341086418,141.85001992879486,70.92847898340351,0.0,0.0,67.43128591852586,273.1667965861491,793.0328754828314,711.7285295530453,163.8489148349221,81.92825006331478,0.0,0.0,77.44719729328321,291.56397127607454,772.9466490917023,684.0047268199592,155.76019882801165,77.88544303291042,0.0,0.0,79.2781034876869,295.9970341288649,767.7107653735012,682.4677107742502
2026-04-30,DSWRF,surface,32.0,-124.75,193.21913222996147,96.61199377948525,0.0,0.0,92.91029243797138,355.4877416120621,933.5823160862536,827.5170446110135,185.2430780470887,92.62429256073666,0.0,0.0,88.77799623043605,329.26753267617767,873.3799472882379,777.2792792722223,172.40900570749005,86.20901114910687,0.0,0.0,73.06817108673197,294.83797133845263,827.3874866189585,726.8181037610698,149.38839055860677,74.69830428382627,0.0,0.0,62.485786527564784,258.67626319246153,744.5008198892747,660.682777740266,145.15962866461035,72.5845025259709,0.0,0.0,66.50033279675608,253.83008303223744,694.421137868489,619.6105571593835,140.2195171166443,70.11646325268023,0.0,0.0,74.93198008392862,297.8349411232842,802.689968624115,716.601511312969,176.7282719102434,88.37719269383607,0.0,0.0,98.05274092718966,352.2828735530629,932.9978484690884,832.6332562638886
2026-05-01,DSWRF,surface,32.0,-124.75,180.6854071103708,90.3447412252808,0.0,0.0,87.10036632388798,323.1036336789715,863.409629712871,768.7666689184678,170.77418112240855,85.39111864412064,0.0,0.0,79.30733609657955,308.45532807861554,852.9140072592596,751.950153721702,159.51444667607862,79.76137927222665,0.0,0.0,58.19362496143795,249.05654569245536,743.404871367663,663.2869799947733,143.9415419448637,71.97580214398472,0.0,0.0,65.51841380766092,249.34708116226597,681.6343205297378,613.2138486662386,144.68812844915058,72.3522858632735,0.0,0.0,69.5013471999197,263.8235251727053,720.5420404401196,651.5998261138018,163.3834434091655,81.70170327819946,0.0,0.0,93.91757792283572,346.16218106227336,933.498346914016,835.7795455406788,208.10738919688708,104.06977863805288,0.0,0.0,101.77744593727206,358.8074581827681,916.2205000256536,802.6539246165232
2026-05-02,DSWRF,surface,32.0,-124.75,163.192031436411,81.599458350871,0.0,0.0,76.97293888847845,302.09571411431966,843.752075554693,745.6014249041217,159.15112711689648,79.58005049157632,0.0,0.0,61.747132187747354,259.28983332714876,757.4078551853787,668.3353237064252,133.880991365299,66.94365698317664,0.0,0.0,61.80126201941795,241.37534045551936,673.7943763605464,600.9294568542381,139.405797977469,69.70897288825617,0.0,0.0,71.5327250043916,288.8819986756525,795.5870448680643,710.923366152617,182.7347788369553,91.38074338325264,0.0,0.0,98.42072412056253,353.92277094166957,931.7390313701488,836.3310229939228,204.7948830803661,102.41463743574272,0.0,0.0,103.95721981143376,371.2728103206058,960.425681619931,857.082530089168,206.76355811909357,103.40286353691788,0.0,0.0,101.81362341354728,370.04251270317786,958.5187013144026,858.6141748534543
2026-05-03,DSWRF,surface,32.0,-124.75,146.11853156838896,73.06369417443827,0.0,0.0,65.70177400149187,268.96729601314223,778.2658760687476,680.6292713090114,138.9608366251924,69.48511283072996,0.0,0.0,67.52394337773926,257.00313419467875,675.8981006155818,589.2333944519532,126.74322102154608,63.37645491707472,0.0,0.0,74.0125406467716,283.1127847384501,750.1190901721739,678.9971983961943,171.75230206338966,85.88864760539789,0.0,0.0,100.35749660913766,361.9762372985757,946.5631798094762,849.1776726388881,208.8443965598536,104.4390399120174,0.0,0.0,101.99820795922405,360.55893324061026,943.2664641092588,849.6964209959604,208.01508623226837,104.02756801764085,0.0,0.0,99.08456996703316,357.7747088336558,936.0255041260413,833.9052982849672,204.69501754050935,102.37182228237003,0.0,0.0,109.3624194897348,387.5371449138894,983.6151411053512,882.2247576464654
2026-05-04,DSWRF,surface,32.0,-124.75,138.80071094311438,69.40349539110045,0.0,0.0,65.64905733252702,260.7106524833051,708.942652482588,617.9234622418603,133.6744211081629,66.84313260365704,0.0,0.0,77.88300288291319,294.37246456717656,796.9414698344442,719.7821926847498,180.09555882150298,90.06067637998574,0.0,0.0,100.83947500353902,360.02819989581633,938.3355978803602,842.6326336904547,205.456495293158,102.74521778586907,0.0,0.0,99.10544197875662,357.1636821696882,951.422685255166,860.5110600676569,218.6791769191429,109.36070570115602,0.0,0.0,106.65938553474209,377.4608950278041,970.5127998073772,872.9537896409772,222.870805261466,111.4617636752454,0.0,0.0,114.7016054256738,394.01125018883874,995.6499820071526,896.1919298982267,232.3921579336764,116.22779341407414,0.0,0.0,115.74507489739943,394.74229362791755,992.5763945864896,892.1936362904012
2026-05-05,DSWRF,surface,32.0,-124.75,139.3586909611791,69.68374531474718,0.0,0.0,77.00162918264526,297.8632118531008,785.2155689634069,711.5262527393711,179.5024127697475,89.76304385188399,0.0,0.0,94.85029611280174,341.0856888524306,916.4496687087272,830.5168499399716,207.61918603055656,103.82676251388446,0.0,0.0,98.36226357229516,346.78390544740296,941.3087562948951,853.8525539287749,219.66021645754057,109.85204642795564,0.0,0.0,108.5572966832414,384.13886792395544,980.8150753415148,882.5160595089828,226.3267368898493,113.1895297430365,0.0,0.0,111.54561333397945,388.02451629924064,985.6191368734248,886.6996906618394,228.452207277877,114.25744988322865,0.0,0.0,111.80394790380808,385.32632650025926,979.7983227644054,880.8130379546587,227.0583814652187,113.56712196038607,0.0,0.0,114.96200772572683,390.0897470147088,982.3064033493106,881.7917505345414
2026-05-06,DSWRF,surface,32.0,-124.75,184.5723344776225,92.29848563113624,0.0,0.0,99.23814071766756,353.86982423772895,933.7120903037916,845.3413413139217,213.16126891716695,106.59747907279528,0.0,0.0,101.89615368316468,357.3331898741976,932.5916410682428,847.1201836812834,219.7278907171544,109.8851738774258,0.0,0.0,107.32130344530113,378.67015839085104,977.2018639753278,880.7208310602371,225.8076453438987,112.92974869804692,0.0,0.0,110.50795105074177,385.21205971624215,982.5898891925136,884.7681688727235,227.43354559421527,113.7477117094493,0.0,0.0,113.5243168936823,386.9664270834822,979.2682100750692,881.1797182174971,224.84377542577084,112.45754685723674,0.0,0.0,114.09342230487358,388.7102553146945,985.778223400912,887.5184478803808,231.9629127679429,116.02633805463036,0.0,0.0,112.38574525614106,385.24174893448264,978.4228314100444,878.4809189051075
2026-05-07,DSWRF,surface,32.0,-124.75,209.39803396131413,104.71398466205602,0.0,0.0,98.21816817443538,348.4455599157521,925.2263787507889,841.4785342176657,218.3532844799537,109.19515253349006,0.0,0.0,103.853381173806,368.74506153944424,972.549306685696,878.6476038744153,226.03168891903704,113.0420044281116,0.0,0.0,110.00108846957126,384.8669511467675,983.0533285188218,884.9617605537392,227.29306876190105,113.67784130763803,0.0,0.0,111.69296401975996,383.1625334906173,971.1162340455533,872.3447397988972,222.12332722555317,111.09937878470954,0.0,0.0,113.06321079444936,388.0494489164936,981.4012524388944,881.9442368764495,225.93165530270377,113.00867550615152,0.0,0.0,115.44884884387218,387.8767073551846,966.022991199096,856.9988198779968,211.10691804300012,105.60432405986732,0.0,0.0,99.27443189785468,354.1263489920835,914.1455299432852,813.1353246296821
2026-05-08,DSWRF,surface,32.0,-124.75,210.88180479383203,105.45853749615851,0.0,0.0,101.84216749001192,360.96442275729765,961.6307177650576,872.3789524910876,226.1444323506861,113.09796519909884,0.0,0.0,110.52655709902874,386.9464996840535,986.7407102005816,887.5548564580063,227.6847716629184,113.87408138560906,0.0,0.0,114.7598578636105,390.7815481611649,983.5612854112194,883.0418775596186,224.40898589694137,112.2414654524343,0.0,0.0,111.28496477538492,383.53161758516086,976.8877696997196,878.4013176128615,224.47640870734523,112.28124399215709,0.0,0.0,112.36218068279372,381.8298518341747,962.4642511502724,854.4769126939701,208.02171214338105,104.06082918800472,0.0,0.0,102.76593056380236,361.5255135231839,906.8119940209834,806.28951362358,207.9894895646116,104.05213495449826,0.0,0.0,117.03942467083824,391.26857961647306,978.2038678523188,878.409194746187
2026-05-09,DSWRF,surface,32.0,-124.75,222.90657562872656,111.47913015109292,0.0,0.0,108.26610696227893,380.8365682545634,979.1201793209402,880.6181528234025,225.9357961692939,112.9990050239071,0.0,0.0,115.06707224136392,391.8465103153902,985.5140046601016,885.190847544324,225.4968242012879,112.78488191322658,0.0,0.0,112.11851909644872,385.1704151361562,976.135817061108,876.7893885808577,222.9253009101334,111.50574845254732,0.0,0.0,108.43822803716228,369.7299909376483,941.9891762760684,835.4577838398693,194.52640984971828,97.31118293331988,0.0,0.0,98.29357814591968,359.53850788078876,947.9215540513994,852.3475484974417,225.7725166541133,112.94311224271344,0.0,0.0,112.3588237817583,369.5567531693257,898.8301727614469,803.8945351816607,206.09730464046905,103.10173165892516,0.0,0.0,107.83058635997148,367.2108185434619,945.8654896326316,861.4082277709001
2026-05-10,DSWRF,surface,32.0,-124.75,203.71884732237555,101.88656533854387,0.0,0.0,109.44963992187228,379.24739389450315,978.0831533013072,880.3652401970268,224.9920036244112,112.53264754224972,0.0,0.0,113.00015855635364,385.9652973626379,977.243209424204,877.6748658636365,223.34225290345265,111.71417366252938,0.0,0.0,111.3093916821139,380.062616347361,966.409589064344,860.8633776330717,211.00068388929367,105.55064954559477,0.0,0.0,103.91605400042695,368.23837475804794,939.157252774184,843.0100605157476,218.3304522554261,109.20999926743164,0.0,0.0,115.74470665005538,384.7592059662449,952.0377796822252,859.0801104877546,230.9869432625818,115.556261414338,0.0,0.0,121.39212851324608,399.30384405756234,998.1914422181676,899.6707646636619,238.5414288870403,119.3423898109958,0.0,0.0,121.69201816372004,396.09926248373733,988.4293345784084,887.2771428022292
2026-05-11,DSWRF,surface,32.0,-124.75,214.5185555989757,107.29659006531394,0.0,0.0,111.34829313443886,381.0147750547627,970.7242547366528,873.1852150077464,223.35491990555835,111.72195315841404,0.0,0.0,110.2887875340181,374.1204850366646,954.512025176094,850.4042208275021,206.37570406109288,103.23756953013569,0.0,0.0,99.6041085066044,345.52094887101606,890.8901961874224,804.2257117730493,206.8742074032763,103.4779834846825,0.0,0.0,102.02588159266944,354.7985605673528,917.4491026011696,837.1120053952268,232.86935641800193,116.50359627333648,0.0,0.0,122.3293713506506,399.52314646924253,993.4803642751538,895.4482847023066,239.55812808449608,119.85785387860084,0.0,0.0,122.16362533500448,400.06935359873745,997.0975269784824,893.8969927988345,230.946481671835,115.56140660239762,0.0,0.0,112.70255773703946,376.7794441204194,964.1361863911848,866.5591254895951
2026-05-12,DSWRF,surface,32.0,-124.75,207.25968108118943,103.6725026945519,0.0,0.0,106.52564991380343,359.16458983538297,918.2653119509524,819.0012416162448,197.8194135446604,98.9594387982301,0.0,0.0,106.26286850757032,373.3365922798793,970.5825327199884,875.759685007827,231.7583824690798,115.94039804805504,0.0,0.0,121.61832375391153,400.4687500676056,997.4465727964088,899.0971891379668,241.0466116430834,120.59355778573251,0.0,0.0,119.1761331622649,392.5779589305846,987.3577801837534,891.9624560529531,239.82760273319943,119.9893849187352,0.0,0.0,115.14351501578724,385.02915093487024,976.094024703027,871.8551817537427,221.46418138060545,110.81863213948355,0.0,0.0,115.92516184567538,387.2244806251124,982.9727387741772,886.0417142770057,239.25938911355323,119.73175749680593,0.0,0.0,123.12065336984034,392.2264307509662,975.5739299290212,878.3155256682403
2026-05-13,DSWRF,surface,32.0,-124.75,188.79515201908868,94.44418209595204,0.0,0.0,102.27356030866406,360.8384564604317,945.0045138333192,857.5375496413868,231.32227366350747,115.72239085573938,0.0,0.0,121.40306545724184,399.41572601256973,995.5764107762734,897.7692193392375,240.60192147914643,120.37147299626731,0.0,0.0,119.81088105666004,393.6381759419248,988.6601345456144,892.6112194214212,237.1754084742557,118.66362762449342,0.0,0.0,113.3206399926546,381.57041813053615,962.195683050706,854.380738942657,216.61640907457365,108.39167985740904,0.0,0.0,104.17795045080528,362.747876005456,952.586160987702,864.6337626160093,240.26407198772725,120.2361353217078,0.0,0.0,127.43556059497396,407.9198561510243,1007.9789704161732,910.6033543359464,250.03967131834625,125.13700166166534,0.0,0.0,125.63435297806764,400.5158509463988,986.5274250365458,881.7032260711545
2026-05-14,DSWRF,surface,32.0,-124.75,231.1997404925393,115.6615233387716,0.0,0.0,121.2334171082095,398.9195307519183,995.1140523698436,897.82207905689,240.5813200997548,120.36047755670836,0.0,0.0,120.76513637811176,395.85399845167433,993.0658894824428,895.8434522398375,239.5173412937889,119.83401994600908,0.0,0.0,111.73395200192508,379.823677746382,966.1657189340934,870.1096561001475,229.02440718962825,114.59799594062522,0.0,0.0,108.603831541439,365.900454077177,926.8970163180812,839.5763685514269,230.99902258352165,115.60057578920596,0.0,0.0,118.14592924708808,386.2963320554982,984.2374645291452,888.7167840270095,239.56644031510805,119.8975423747487,0.0,0.0,123.32711612264876,391.5511535152582,954.418694147878,852.9114954818752,220.5442374018019,110.39902856556928,0.0,0.0,112.24642360649828,355.1257207176286,895.5360017242554,803.6635742841504
2026-05-15,DSWRF,surface,32.0,-124.75,228.5754511776205,114.35729464324729,0.0,0.0,119.6986544400642,393.1907471409676,991.9474870987968,894.1587947055923,234.5567828592115,117.34899509725626,0.0,0.0,109.57896471247724,371.38786210011506,948.1814777228088,859.5187646923989,226.2486638610671,113.2091317519926,0.0,0.0,101.1952592316483,351.2504162626449,917.6459439852124,831.5957881182669,230.30015028351957,115.25370223074086,0.0,0.0,125.1179977507882,402.43572221105615,1001.25189905828,901.1977588367758,243.10504949863463,121.66866402991997,0.0,0.0,125.97049592093808,397.8493838052194,979.594034704026,882.286186520898,238.04191731727343,119.14825394143736,0.0,0.0,123.07185318854422,393.4780905087848,976.2819138886662,876.9489527540808,237.5388677513518,118.91208777792504,0.0,0.0,121.50594419349736,388.85089335911147,959.7786198415812,848.9153775339495
2026-05-16,DSWRF,surface,32.0,-124.75,229.30026396298305,114.72510546198755,0.0,0.0,106.85726532402704,365.46871954272615,943.0569888949076,857.2113084844209,227.7949654432847,113.980390067724,0.0,0.0,100.3190793644942,338.44589364757803,862.9853156947478,780.8080095841649,215.23794974416455,107.72475131212845,0.0,0.0,124.13163090777536,400.7626082483264,984.0348353863698,887.3237134990975,240.816834367004,120.52664433774252,0.0,0.0,125.3850223101892,403.3224308089104,985.3536481368992,886.9922372570127,243.3690885838127,121.81098946504888,0.0,0.0,123.09309968967344,395.0375186421909,982.34176785466,884.5084420211235,241.050803984322,120.6687795017598,0.0,0.0,125.8991032765358,394.03158313786406,969.5119509884444,869.3753551661594,230.1473380174423,115.22671656831533,0.0,0.0,118.52239371463894,375.2731118761913,936.6384103030382,835.8124846955891
2026-05-17,DSWRF,surface,32.0,-124.75,234.55495971388308,117.3630688002504,0.0,0.0,106.18547930339162,357.2586125842967,900.6586133814699,809.9301396163921,221.86402708795163,111.03754043152624,0.0,0.0,126.80162214947372,404.2669219872644,995.8645172739416,895.5977584120346,238.67007143998467,119.45348578293442,0.0,0.0,125.08596392615338,402.3075169363724,992.0065561260732,892.6730715587205,243.92590879646585,122.09108761084936,0.0,0.0,116.70353690799296,378.60227576862087,947.5637898992882,850.1763271729848,229.08013842545955,114.68243939105086,0.0,0.0,119.71963333051563,378.6354532607651,954.9202369131804,858.524649555188,231.94970146116248,116.12713159962532,0.0,0.0,118.56248878497492,372.30258643836873,925.5706585679744,830.2587323544326,222.4293432258679,111.37324927713298,0.0,0.0,118.65582204318969,370.25626406754486,936.2514483321476,849.7803077494586
2026-05-18,DSWRF,surface,32.0,-124.75,221.20754564936288,110.70988117465714,0.0,0.0,127.17955904648032,405.94843909028714,1000.0213658437974,898.0701881347109,241.0609012815836,120.64892438680184,0.0,0.0,127.92103389298572,407.7301388528948,1002.30862527805,903.0027029447792,245.2861140336574,122.76693830155284,0.0,0.0,121.22018175758168,385.0032661892278,939.7583486146416,834.4961369707017,217.2915929348416,108.7845668491253,0.0,0.0,110.36424591380614,361.9007901805054,925.3860290035226,829.6132200128349,214.3514642934685,107.31645508038528,0.0,0.0,109.14940994638953,349.98981633941065,895.0007557127478,801.3082443561223,207.96380788372971,104.11377362144007,0.0,0.0,115.83005990803773,359.54476094443135,897.3864592817233,807.565475988642,222.06241180743348,111.20776752020186,0.0,0.0,124.18731680114884,388.29474783531305,967.0887188790718,873.2886734161685
2026-05-19,DSWRF,surface,32.0,-124.75,243.94488709377416,122.09082384839292,0.0,0.0,128.73395027960044,409.71006964411856,1005.8091338965676,906.2901253868772,247.58962454230343,123.92137497339932,0.0,0.0,123.04220955558252,392.8248051426051,960.7289554631174,855.2564144575329,222.9788300289162,111.62476795682866,0.0,0.0,118.0910247562843,379.4231305878633,949.0869421491864,854.3579497490915,229.4016989283,114.84616360239652,0.0,0.0,115.89799261188318,370.2129999244517,937.8446356499564,841.499143500542,223.4132589132998,111.84576387611412,0.0,0.0,118.84562915998666,366.05519843931984,911.5106833225896,824.588247035558,226.10531000046012,113.23083768162716,0.0,0.0,117.74897360158276,371.029764987593,950.1703212346204,861.0955388650292,238.4746462152387,119.43864704547111,0.0,0.0,121.9136325945723,381.51640821480976,961.1123549466984,866.4859422677534
2026-05-20,DSWRF,surface,32.0,-124.75,248.4595491366426,124.35800920134346,0.0,0.0,126.61279592907434,401.5798711792494,978.3780781542288,871.950836962752,227.4986810314443,113.88318190206206,0.0,0.0,118.60738914507326,385.2519900535348,963.8645951982425,865.132226784636,230.76499853876575,115.52942982154144,0.0,0.0,115.64494800977224,373.2352936079856,937.7726686856809,840.9313920287163,224.26326208437885,112.27086591816789,0.0,0.0,117.42611805687966,364.45252916291554,911.366803420264,822.5078198218168,226.33670729428863,113.33247272669212,0.0,0.0,119.94151968990026,372.3764180149831,939.2693416541348,850.8919182809764,238.3803645837281,119.39719510248948,0.0,0.0,121.3392687393319,368.9079010376623,925.4726335100058,840.1524723733169,233.6302612971253,116.99733829806247,0.0,0.0,121.30205411690594,378.2499620331307,939.3978688138144,848.2259226180128
2026-05-21,DSWRF,surface,32.0,-124.75,225.6617780547407,112.96419193263095,0.0,0.0,118.91812938092173,382.9993790526766,956.5486314593364,856.1474578209413,223.9108485862937,112.09433396715076,0.0,0.0,110.03865245735034,358.42097562153685,912.1796106898964,818.1668789129362,218.42762441916983,109.3451287862024,0.0,0.0,117.093232035844,362.4129995233892,893.4797111631354,807.43980265193,219.2899060306156,109.80114906928291,0.0,0.0,118.302538967509,366.7225367101389,925.7827845660228,838.1343257493633,233.10864474039343,116.75368889769376,0.0,0.0,118.8418741023352,362.99714459358006,921.29212322097,835.034869313102,227.2928689931333,113.82034532755772,0.0,0.0,114.966092208959,357.4802725149317,897.678736795539,822.1332239611452,244.5831328299196,122.54131931054192,0.0,0.0,120.89297130605276,374.60034719048576,951.522356887185,869.0532902374848
2026-05-22,DSWRF,surface,32.0,-124.75,216.5953845955944,108.43524527795236,0.0,0.0,113.33201860360045,362.2423488173608,921.0915512965488,829.1855723152505,222.95184311140184,111.61192172268998,0.0,0.0,115.91516731107308,359.2340538155522,891.9890880860967,798.5034443981633,209.1313481554396,104.71843578731186,0.0,0.0,113.14648304618775,353.9805970476588,901.6812381591104,812.9509314250506,216.69350372314568,108.52243962885912,0.0,0.0,113.91565216937695,352.06282326458256,908.1081936481162,826.1562895109679,226.87916470374915,113.59504404718442,0.0,0.0,109.40842378419586,354.59718249483143,898.7018770462009,810.6784185650474,232.07261720101496,116.27871428510014,0.0,0.0,108.18128312639688,339.43058555633894,859.0025684726088,774.6057518221467,219.12377290876407,109.8288751365789,0.0,0.0,108.23999639664304,342.93641689352927,874.3343976161943,804.3770252669058
2026-05-23,DSWRF,surface,32.0,-124.75,218.00502354857957,109.13539022443246,0.0,0.0,117.04082094818538,364.467717987822,902.875591950116,811.0181785720795,217.71880993283017,109.0163468061332,0.0,0.0,115.84012109888997,362.85270105357387,912.8746589975716,823.8069097151837,223.83974580861215,112.1087920370388,0.0,0.0,115.86444004292632,355.67263762666005,913.6108861127516,831.0286831028973,228.75696794545087,114.54605821066276,0.0,0.0,109.69046092685554,352.38733890716526,888.0979997717081,798.2392876239944,228.81976145790296,114.64953781588868,0.0,0.0,114.61535456492754,360.0407745792859,893.9176872324024,807.7928977049902,232.56031827558763,116.5534449070188,0.0,0.0,119.21115208479544,374.5822235872864,932.0278727777028,848.8824419035021,248.42949583744115,124.50116733102526,0.0,0.0,129.99586755527673,401.65112108105257,985.8603165167528,892.6463986428535
2026-05-24,DSWRF,surface,32.0,-124.75,211.96501644716483,106.13900807216658,0.0,0.0,114.91751995514244,359.1406387262361,911.8512814656732,821.5603567516565,222.63884764917827,111.51028723506698,0.0,0.0,113.18267405141842,349.84688445617996,887.1910780164415,808.6256068648958,229.2491777581612,114.7850222608182,0.0,0.0,100.69235364011428,322.137856439775,833.8302733672301,750.6813111102508,211.4339678490471,105.94163054579089,0.0,0.0,98.6431799870177,309.65917811284794,780.6569078199539,702.6985063003955,192.38438789042823,96.4143220230376,0.0,0.0,101.83164226807249,329.2666110614907,837.8034985394044,756.6843872208693,215.62084433091132,108.03149918045966,0.0,0.0,106.39182331737796,335.6566724420111,869.3789381774336,787.7162350308386,226.02043967379012,113.30063385830468,0.0,0.0,125.16781740865918,382.86155751491447,944.9937669875408,851.1524216763123
2026-05-25,DSWRF,surface,32.0,-124.75,216.0073694282098,108.1768709652426,0.0,0.0,114.91708675234116,356.58926587837163,898.4865628224984,817.5719595859878,227.54500769666103,113.9260019585555,0.0,0.0,100.3299563090638,323.8471689052452,844.7563620389669,766.2472431944758,216.9523712561792,108.70180027351708,0.0,0.0,101.38901918723278,318.7887753219339,798.9053328481217,723.2175784178014,197.40031563681765,98.91227916421472,0.0,0.0,98.8025691258994,310.99066187999193,799.1660560492212,729.3873737071574,204.82667714020943,102.60748214974753,0.0,0.0,105.75042764536202,337.08827042256667,861.1593019437198,781.2633747902158,227.54953786280024,114.0507814641418,0.0,0.0,130.3641290664857,400.2023799274148,967.3415853908969,862.2200740812209,243.2459659490184,121.95618249582527,0.0,0.0,136.21853978524723,412.6242934954498,991.759267263262,893.5730373711797
2026-05-26,DSWRF,surface,32.0,-124.75,208.08758411408996,104.16923399272446,0.0,0.0,100.1176468057039,315.2994539531244,821.0303867228374,742.0439849421923,205.51567820810504,102.975080044911,0.0,0.0,93.55959561268064,304.95992036118315,807.822114464868,724.0538858578678,196.61475329262947,98.47075577627784,0.0,0.0,101.53871562542577,314.2765621307369,755.3267782442242,678.0332546039551,186.87716689139643,93.65083069360928,0.0,0.0,102.16762202644172,339.49564626474614,872.8268947754382,793.5218967421486,234.91521328161252,117.7343309463812,0.0,0.0,125.25792296455415,388.4420884801725,928.4582684969524,841.9058930886117,248.3229946062951,124.49146464442772,0.0,0.0,131.15586372418048,402.6330933733024,978.4196453978532,882.464849968771,257.9391286935149,129.33412524379725,0.0,0.0,128.3162952153602,392.8632473012822,968.4938190385194,873.9628683871631
2026-05-27,DSWRF,surface,32.0,-124.75,208.4856811084546,104.45910149358102,0.0,0.0,94.57257298802438,309.40085708764855,818.9643519673951,738.7146448612527,199.97738490830392,100.1328109752579,0.0,0.0,104.97745181887576,319.13698346745616,767.0554287315975,691.7192171772313,183.6750089707174,92.0087936678995,0.0,0.0,99.08820438496132,318.5083241036745,808.2191221937211,739.7989040884524,223.6318778306552,112.08198621084256,0.0,0.0,116.4014374813514,367.2057937604748,933.3663105139372,853.9771605104647,250.78822667758783,125.72712587747333,0.0,0.0,135.07269839365603,413.450081243932,992.2786466474852,896.4110546654226,265.9085127173187,133.3335248726192,0.0,0.0,136.0099707091891,412.64133722387504,1002.9133149398932,904.7502619408136,259.02703748991223,129.89817818605025,0.0,0.0,132.46087436095488,402.50624924251,968.9537507629852,860.2390553949327
2026-05-28,DSWRF,surface,32.0,-124.75,200.3506310734996,100.31782927542696,0.0,0.0,100.14717918118762,305.95275983548646,741.3307841965504,665.8645138585316,176.15162574609064,88.26145560711225,0.0,0.0,92.54853059859263,306.1469967937189,772.9501163091762,717.4513148199078,219.5603470612977,110.05601753585968,0.0,0.0,119.83162706954016,376.3692308899624,931.3993399763016,852.6823160719402,257.57521612866736,129.1345477773847,0.0,0.0,139.4255566161873,417.9235808498496,1007.1423533840984,912.9724681515912,268.6721111290451,134.71776283414,0.0,0.0,136.2941700713147,412.1368703662815,999.0639925881302,899.9490733645237,258.33497612683436,129.55377211783406,0.0,0.0,134.45454706596405,404.2139159791907,977.7753893798342,879.6250471081879,244.01666651465928,122.37679118637844,0.0,0.0,128.84045597936785,403.113889814709,995.462805379074,902.5312664351408
2026-05-29,DSWRF,surface,32.0,-124.75,179.69486606690157,90.02991444939303,0.0,0.0,99.42106196846984,323.01334413576376,808.6615823885327,742.1036249228928,224.55567795009853,112.55805605038196,0.0,0.0,122.4430185938268,381.71930002797075,964.2927662653948,882.5848552407208,263.41261870759996,132.0563765066293,0.0,0.0,139.84033500977756,418.759034581199,1010.929006924014,916.6180103440572,270.7266310970727,135.7468756277539,0.0,0.0,134.2166992015657,407.8490802464081,993.1879615475508,898.6422904434448,261.5083211168618,131.1428926483226,0.0,0.0,132.03167944730467,399.6701684280083,980.4861186420932,885.2890405671037,251.28153294276777,126.03438578462826,0.0,0.0,129.39380791901004,397.1052745207368,981.39202176152,889.0108269961945,265.2299840464316,133.0492866657351,0.0,0.0,137.2517347428141,408.3599452237846,995.412381894476,906.7156951527328
2026-05-30,DSWRF,surface,32.0,-124.75,222.47482645699472,111.4963730634366,0.0,0.0,118.56042578127612,381.04768819112854,969.0356630038312,884.1150543981586,263.2978620083536,131.9963272682815,0.0,0.0,138.94755108204674,416.9737767062252,1007.2029676340554,910.214698788704,264.62105306822167,132.6899617762354,0.0,0.0,137.2130138220676,414.1321544499048,999.6468230458684,900.5258101709583,257.0188815365259,128.89603355523263,0.0,0.0,128.68779008276195,391.5854989317534,964.4569366609688,873.7718939014669,256.38938480916113,128.6124066792847,0.0,0.0,130.14562990979255,400.36867899248375,988.7403205557978,897.5150047220823,270.38993522115663,135.62529202724977,0.0,0.0,126.55808786997272,381.20702917429014,952.6631440671036,869.4129135997938,260.4295123908658,130.68676202537728,0.0,0.0,131.49565356381154,391.1817473461497,962.6081827450104,872.4129532630052
2026-05-31,DSWRF,surface,32.0,-124.75,262.5376981914015,131.61742907585227,0.0,0.0,139.2764871600241,417.7141463085819,1009.1436346197096,914.1507095830982,268.8048465291803,134.78357220542892,0.0,0.0,138.04065604782397,415.0557733044027,999.7820563682212,902.2743362198509,258.735317176918,129.75841404070806,0.0,0.0,128.93587638013946,392.6666967242384,967.835620571704,874.2554884929947,241.6234154175195,121.14037685531436,0.0,0.0,130.2447763037626,401.86114107795527,986.8396160237436,891.3206638958919,264.3513467210345,132.60745851472433,0.0,0.0,137.73808206457386,413.0501758744135,1001.7000457756346,910.207629246678,273.7757566775049,137.3729321872936,0.0,0.0,131.3357856248139,386.30605734831335,946.6416970382846,866.257054055925,262.93605000909145,131.94543524718924,0.0,0.0,132.63618705815674,392.40604237038974,969.4407430353252,887.263895136107
