datetime,param,level,latitude,longitude,0-3 hr acc,0-6 hr acc,6-9 hr acc,6-12 hr acc,12-15 hr acc,12-18 hr acc,18-21 hr acc,18-24 hr acc,24-27 hr acc,24-30 hr acc,30-33 hr acc,30-36 hr acc,36-39 hr acc,36-42 hr acc,42-45 hr acc,42-48 hr acc,48-51 hr acc,48-54 hr acc,54-57 hr acc,54-60 hr acc,60-63 hr acc,60-66 hr acc,66-69 hr acc,66-72 hr acc,72-75 hr acc,72-78 hr acc,78-81 hr acc,78-84 hr acc,84-87 hr acc,84-90 hr acc,90-93 hr acc,90-96 hr acc,96-99 hr acc,96-102 hr acc,102-105 hr acc,102-108 hr acc,108-111 hr acc,108-114 hr acc,114-117 hr acc,114-120 hr acc,120-123 hr acc,120-126 hr acc,126-129 hr acc,126-132 hr acc,132-135 hr acc,132-138 hr acc,138-141 hr acc,138-144 hr acc,144-147 hr acc,144-150 hr acc,150-153 hr acc,150-156 hr acc,156-159 hr acc,156-162 hr acc,162-165 hr acc,162-168 hr acc
2024-12-01,APCP,surface,32.0,-124.75,0.0008910851403846,0.0022121389381322,0.0005418135094097,0.0040433749110523,0.0021666008785273,0.0049156320675832,0.0055009555055951,0.0134844824691032,0.0038221199608833,0.0080048762766612,0.0036130196809449,0.0058152478290035,0.0054303542958168,0.0119489122279148,0.0018845897937952,0.0038729093539053,0.0004215960389941,0.0007378189157524,0.0004226719232011,0.0006692630059506,7.051024229774461e-05,7.051024229774461e-05,0.0001963826613071,0.0009602881836327,0.0,0.0,0.0,0.0,0.0,0.0,3.1581827956578834e-05,3.1581827956578834e-05,0.0,0.0,0.0,0.0,0.0,0.0,3.1581827956578834e-05,3.1581827956578834e-05,0.0,0.0,0.0,0.0,0.0,0.0,0.000247964224481,0.0003104056032236,0.0,0.0001235600501515,3.0859550786033146e-05,6.171910157206629e-05,0.0,0.0,3.1581827956578834e-05,0.0001241604803146
2024-12-02,APCP,surface,32.0,-124.75,0.0023788904354782,0.0043293555096878,0.0047965251110891,0.0188008555408246,0.0175238051759202,0.0201161502127027,0.0019628755353327,0.0096255764862573,0.0039809509524932,0.0043664060883759,0.0019955294349486,0.0031525745266693,0.00140561116566,0.0029544966400692,0.0008246245159478,0.0018824623059617,0.0,0.0,0.0,0.0,0.0,0.0,3.1581827956578834e-05,9.838518468494576e-05,0.0,0.0,0.0,0.0,0.0,0.0,0.0001556280985956,0.0034352398913882,0.0012989006953283,0.0026617032183678,0.0039618177111787,0.0051981481271963,0.0001854009987309,0.000247120100303,9.342277653604495e-05,0.0011775098117726,0.0011748561760024,0.0011748561760024,0.0,0.0,0.0,0.0010817872143364,0.0540117113525456,0.1575986029581408,0.0216816137557236,0.0330145436036907,0.0069301171496032,0.0124912074076814,0.005086583899497,0.0061569745577684,0.002179793990347,0.0027911632482296
2024-12-03,APCP,surface,32.0,-124.75,0.0072106719817356,0.0114305804345685,0.0007598963629109,0.0010393833762769,0.0003796525690756,0.0006951884260588,0.0005603972418492,0.0013853982538056,0.0,0.0002355401302797,0.0001347934254329,0.0001347934254329,0.0,0.0,3.1581827956578834e-05,9.838518468494576e-05,0.0,0.0,3.146292393296116e-05,0.0001559883614987,0.0,0.0,0.0,0.0,0.0,0.0,0.0,0.0,0.0,0.0,3.1581827956578834e-05,3.1581827956578834e-05,0.0,0.0,0.0001615498738726,0.0002546141605241,0.0002918758654939,0.0011809376375143,0.0028580661256563,0.0127014723458482,0.0313006088792186,0.0508707254974531,0.0126318334337795,0.0344340205936865,0.0181103552990503,0.0614821100726981,0.0914051308305247,0.2196073255822205,0.1158144309169508,0.1758363711056757,0.0262279720647627,0.0415081556887418,0.0124503995818172,0.0269690634420083,0.0119324021162993,0.0215529086725812
2024-12-04,APCP,surface,32.0,-124.75,0.002195094707649,0.0027027807972245,0.0,0.0,0.0,0.0,3.1581827956578834e-05,3.1581827956578834e-05,0.0,0.0,0.0,0.0,0.0007361320569249,0.0007361320569249,3.1581827956578834e-05,6.316365591315767e-05,0.0,0.0,0.0,0.0,0.0,0.0,3.1581827956578834e-05,3.1581827956578834e-05,0.0,0.0,0.0,6.511102147908256e-05,0.0017673568647505,0.0293349163032183,0.0299470031371326,0.0397143471828453,0.0097513618398001,0.015073593500112,0.0083106749700863,0.014178594948409,0.0037993301024893,0.0084614741882591,0.0054479019086637,0.0114534755222282,0.0091948081729268,0.0198876235859093,0.0047954986536663,0.006447665938123,0.000707973508443,0.0008623931093805,0.0003088392018751,0.0017008065213622,0.0031844995641555,0.0036477583669682,6.171910157206629e-05,6.171910157206629e-05,0.0001551477617036,0.0016427258788544,0.0008129628373251,0.002766461847414
2024-12-05,APCP,surface,32.0,-124.75,0.0,0.0,0.0,0.0,0.0002545421697236,0.0006469427347024,3.1581827956578834e-05,9.47454838697365e-05,0.0,0.0,0.0,0.0,0.0,0.0,0.0,0.0,0.0,0.0,0.0,0.0,0.0001852791517235,0.0104225560652349,0.0186811546504072,0.0772714111359892,0.016890288467033,0.0217877281362659,0.0093290510298685,0.023223619825273,0.0072263456995365,0.0089138501054731,0.0004887446684977,0.0008394249774377,0.0002816514386056,0.0004224771579085,0.0003083101843215,0.00784460753678,0.0198489314418704,0.0466274496998634,0.0221455476474458,0.0360626186644213,0.0009484563213049,0.0009484563213049,0.0,0.0,0.0,0.0,0.0,0.0,0.0,0.0007791312191196,0.0004061365061616,0.001895320515668,0.0010533736479321,0.0012492135771689,6.603404565732026e-05,0.0001996401266788
2024-12-06,APCP,surface,32.0,-124.75,0.0,0.0,0.0,0.0,0.0,0.0,9.783720161618416e-05,0.0001974929998526,0.0005390582146125,0.0008792680816115,0.000171669993195,0.000337581165091,0.0004640577765207,0.0025045130434219,0.0038161250768494,0.0586429370778307,0.0388079948627757,0.0448015435667829,0.0027438147566036,0.0072974433865037,0.0049129759015239,0.0097802970424347,0.0035697885446369,0.0052895243265817,0.0004221830054974,0.0005276555528477,0.0003041294697873,0.0014936957197737,0.003041609103558,0.005804314220198,0.0009073153503843,0.0010622211718093,0.0,0.0,0.0,0.0,0.0,0.0,0.0,0.0,0.0,0.0001236818971589,0.0011450792111446,0.0113563170910818,0.0211253135721769,0.0374728175974143,0.0032468649507803,0.0076469109977828,0.0002255174301429,0.0005546863722674,6.691181716855904e-05,6.691181716855904e-05,0.0,3.0859550786033146e-05,0.0012670681197962,0.012331294246705
2024-12-07,APCP,surface,32.0,-124.75,0.0019190428055307,0.0039198795881114,0.0020845498198143,0.0047450530693131,0.0058263697581765,0.0132030743684737,0.0261635973174264,0.0881648396298346,0.0121674802835638,0.0155981879653728,0.0055701341288667,0.013827343765864,0.0054088548178044,0.0079994666945009,0.000631253836524,0.0012255485579752,0.000349700448722,0.0005605454961755,7.051024229774461e-05,7.051024229774461e-05,3.0859550786033146e-05,0.0001544196009375,3.0859550786033146e-05,3.0859550786033146e-05,0.0,0.0,0.0,0.0,0.0,0.0,0.0,0.0,0.0002796814227953,0.0004351947279442,0.0,0.0,0.0,0.0,0.0,0.0,0.0,0.0,3.0859550786033146e-05,0.0005566892166804,0.0028745619854776,0.0053751597914345,0.0077717423705163,0.0309718731789009,0.0399083692154338,0.1056693194930258,0.1429913731517483,0.3225346400991734,0.1395782302449433,0.2160522604013264,0.0476293384904683,0.1812572991527216
2024-12-08,APCP,surface,32.0,-124.75,0.0088990498881206,0.0117512343689108,0.0083090261670072,0.0165584388595604,0.0056828368122073,0.0081720400592569,0.0,0.0,0.0,0.0,0.0,0.0,9.388646561142432e-05,0.0002175683627703,0.0,0.0,0.0,0.0,0.0,0.0,0.0,0.0,0.0,0.0,0.0,0.0,0.0,0.0,0.0,0.0,0.0,0.0,0.0,0.0,0.0,0.0,0.0,0.0,0.0,0.0,0.0,0.0,0.0,0.0,0.0,0.0,0.0,6.855941686673227e-05,0.0,0.000620277916823,0.0009235800550291,0.0018171488788957,0.0001951884750172,0.002951517127364,0.1721903784845384,0.552218668904959
2024-12-09,APCP,surface,32.0,-124.75,0.0001056679808002,0.000176178223098,0.0001545414479449,0.0008580856153964,0.0007536509246916,0.0012805447098246,6.171910157206629e-05,0.0001854009987309,0.0,0.0,0.0,0.0,0.0,0.0,0.0,0.0,0.0,0.0,0.0005271653028374,0.0007032461432892,0.0002285979295346,0.093187441424006,0.1120824534440706,0.1594195188581412,0.0497985433133053,0.2788478177371753,0.5646942855454045,1.3277677585419951,0.8462789245034139,1.551553798662315,0.4270172691626852,0.6933244716876558,0.1835202077574375,0.319767495660551,0.0916623055109664,0.1465340112418865,0.0274344155778595,0.0417528960123441,0.025432247403823,0.2333665735374935,0.4232614741588339,0.9536621340165548,0.7969790470187792,1.7367763019396067,0.9699594113621972,1.815675531514627,0.6796816935994762,1.1233450313353597,0.199933420004237,0.283128699516272,0.0291251659787792,0.0378214900889154,0.0027153466009575,0.0051449204392948,0.0008355648272849,0.0010845015071874
2024-12-10,APCP,surface,32.0,-124.75,3.098139779343297e-05,3.098139779343297e-05,0.0,0.0,0.0,0.0,0.0,0.0,0.0,0.0,0.0,0.0,0.0017512259836679,0.0077869998901782,0.0041253866642915,0.0107354169900604,0.1562188368751824,0.6920656621352587,0.8879204295024458,1.828037312336024,0.767140090246522,1.2856635130949194,0.3397094189764101,0.4978023124295908,0.0644065914137126,0.1058013943308153,0.0259766015936803,0.0411823677601118,0.0770578379459956,0.3265103730559102,0.3510355437611303,0.8060703574077223,0.5718610441319864,1.3184173482932282,0.815241782404688,1.9050884996704431,1.5827999373459103,3.124931502040796,1.4045911013980912,2.479516508200537,0.5284885979773986,0.7331329742827615,0.0803510871366116,0.1115741882568055,0.0075316409446643,0.0087128138514954,0.0008596220995296,0.0030989140081747,0.0017693028478441,0.01980956903325,0.0214964780098187,0.1432921994449099,0.3395049484238746,1.0259681442466424,1.008414405344798,1.869944598429032
2024-12-11,APCP,surface,32.0,-124.75,0.0,0.0,0.0,0.0,0.0001545414479449,0.0010190962579834,0.0006789101172927,0.0033392782701057,0.1497999095576994,0.8061385791259567,1.0550637865565744,2.086824691702489,0.7542844449111766,1.3084731946282475,0.303557166193993,0.5636271617303265,0.1849552873625419,0.2664495840472243,0.0380894888682397,0.0915852154843378,0.1651158597321597,0.3509913699099928,0.2128880391742204,0.6880586051221663,0.5603736686363684,1.355063142031978,1.2552975265966342,2.6123022784585848,0.7411090829428373,2.214730744812263,1.437640623507605,2.5331646477257723,0.7192240735645217,1.1862316954525527,0.2912835227966562,0.3761058422608351,0.0239319672905918,0.033578050782205,0.0046413565298095,0.0061724485173707,0.0003417566766936,0.0003732196006266,0.0042897538884733,0.0977376409232749,0.4808491508248471,1.3157769831725905,0.7522470575166251,1.369154660539613,0.3659713651142978,0.5376907171626646,0.1187521854273555,0.2227109088204611,0.0525805424600276,0.0812533850125838,0.011157592210183,0.0134535164821275
2024-12-12,APCP,surface,32.0,-124.75,0.2531533813541674,1.0801228729707124,1.3541709998970142,2.4380720479830025,0.6212870330498083,1.0941203002354822,0.334625317147717,0.5633571287263813,0.1798261754723433,0.2981089937163449,0.0615328559535285,0.2387972230547229,0.341022991260984,0.6957108146833011,0.5063797847192486,1.2261447766341025,0.7122769911997692,1.530850394962956,1.2047060952149218,2.5481075470407837,0.7419694048938201,2.232266582241567,1.5845987820419698,2.832668812735315,0.8829736980923297,1.44881627981784,0.2725865271345389,0.3712833664859087,0.0325105892940032,0.0505975006152443,0.0077205693762824,0.0106565964326073,9.294419338029893e-05,9.294419338029893e-05,3.134342650732172e-05,0.0023165452250661,0.0259277805326542,0.2709619535633014,0.7319427391089526,1.4563710282293565,0.4196288784774237,0.6161261182574862,0.0726785009850211,0.1176193071000135,0.0380112940555505,0.0838939511035062,0.0214990522413764,0.0274212229352205,0.0002818435936676,0.0003746659400405,0.0,0.0,0.0,0.0,0.0005379495471627,0.0007267223507421
2024-12-13,APCP,surface,32.0,-124.75,0.327696618390543,0.5659911976204409,0.1855056169300031,0.3009938809590292,0.2830347545441268,0.8910894393372281,0.625451114783862,1.2488752764442477,0.7436017594765286,2.0968193143100766,1.4804242567167938,2.8684570890590715,2.044332125640923,3.8734090814488207,1.0836617409242923,1.7407087306916007,0.3024852724982892,0.4382511911817324,0.0746045729830192,0.0992514486143394,0.00531841544567,0.0060172362867784,0.0003558687851422,0.0003870921232143,0.0,3.0859550786033146e-05,0.0104042597828355,0.1239433439205934,0.1229798519969288,0.2614453746862993,0.0877881163482984,0.2245864860127396,0.1003791539459039,0.1468039449571192,0.013608381525846,0.0232005674368218,0.0037750605030293,0.0066827654830325,0.0025507424580313,0.0036092135748741,0.0,6.208405882321495e-05,0.0,0.0,0.0,0.0,0.001314082176618,0.0018770224255158,0.0,0.0,0.0,0.0,0.0,0.0,0.0014845523250215,0.0020832222395766
2024-12-14,APCP,surface,32.0,-124.75,1.0316730547942825,2.568735948718769,1.4729249597102974,2.708812562498068,1.881808498983122,3.482565351552227,1.0857737257360058,1.7319884317975909,0.2714133947902651,0.3755825600525015,0.051387163104834,0.0838022772658685,0.0056784748607278,0.0070810462514466,0.0007821524675041,0.0062899354650701,0.005946642198547,0.0154894835051656,0.0969370445474834,0.4544699155091017,0.5893770446162054,1.1017997404377122,0.3013165697993399,0.538928015980117,0.2185704280450185,0.5042539497354587,0.3883666040202591,0.9055800302589412,0.5138875332628112,0.8860764108599813,0.2630086879228081,0.450400258489175,0.0745181366456037,0.0934582444505646,0.0014919788054582,0.0020477776584327,0.0002400110642622,0.0003361419318411,0.0002199991038561,0.0003143860978413,0.0,0.0,0.0,0.0,0.0,0.0,0.0007910773873205,0.0009513874500726,0.0,0.0,0.0,0.0,0.0,0.0,0.0002540055703514,0.0004503633474415
2024-12-15,APCP,surface,32.0,-124.75,0.2199406911618015,0.3231355586663695,0.0449230001295122,0.066959856357123,0.0029283158154415,0.0050268474349356,0.0013383942333516,0.0037476831620722,0.0144451243187685,0.028571817574349,0.1338257414009551,0.4811888764769826,0.3238667399175363,0.5316454740083743,0.1204815244071288,0.2088507759173054,0.0855711635838018,0.1445062010522745,0.0237061749415575,0.0461515568206828,0.0049130123852998,0.0051600106385954,0.0006379635985043,0.0008248032058114,0.0001234382031441,0.0001542977539301,0.0,0.0,0.0,0.0014247676585566,0.0064643448339259,0.0292654402097907,0.0177134506987886,0.0195844127642862,6.171910157206629e-05,6.171910157206629e-05,0.0,0.0,0.0012935255858887,0.0017363188818567,3.181784628005497e-05,3.181784628005497e-05,0.0,0.0,0.0,0.0,0.0006698936691906,0.0012488654743748,0.0001408257193028,0.0072456280304264,0.0468826848328263,0.1054933345589552,0.0155626795284759,0.0377053889306262,0.0644233374178922,0.2015513114974465
2024-12-16,APCP,surface,32.0,-124.75,0.0409966211940308,0.1020432055767194,0.2129298407145164,0.6799940397269701,0.4648593434401707,0.7968428573374166,0.2476500719985202,0.5231502405379811,0.2014401754605634,0.3071112107451451,0.0645096686674208,0.1075588525624003,0.0117405311848006,0.0217430444187721,0.0096244060089391,0.0139545875784308,0.0004630151087978,0.0004630151087978,0.0002784647016114,0.0189370810174077,0.0752008531839402,0.0949522830105442,0.0100071703630499,0.0163075271814264,0.0008649203510607,0.0010204330700155,3.1102661029781966e-05,3.1102661029781966e-05,0.0,0.0,0.0009422705757336,0.0014124018051005,0.0,0.0,0.0,0.0,6.171910157206629e-05,0.0091575501053537,0.0041308523238878,0.0116814854337593,0.0213474388628611,0.0236630006273381,0.0,0.000226417758261,0.0199489607318911,0.3930063498683879,0.8840564829395287,1.5977970230904757,0.4468282771003857,0.65221219252585,0.0672560531863091,0.1054218930787083,0.026122787160001,0.0541209019773312,0.1208536182750263,0.3592509815299675
2024-12-17,APCP,surface,32.0,-124.75,0.2081148724249411,0.2859041175374742,0.039748781014226,0.0570831088050903,0.0105690064221261,0.0166368988608863,0.0019526252444966,0.0022026391623379,0.0,0.0,0.0023500720528935,0.0398361688967813,0.0310424122628608,0.033099053025753,0.0023816253329012,0.0047230431951208,0.0002484539837978,0.0002795566448276,0.0,0.0,0.0,0.0,0.0008162049380648,0.0012874098426288,0.0,0.0,0.0,0.0,0.0,0.0,0.000380083742343,0.001254248573094,0.0008746163998795,0.0010991536655591,0.0,0.0006137133854332,0.0285907885950908,0.3911908423330631,1.016976634064632,1.5285740574087794,0.1885896064982463,0.2251644177104299,0.0201248511815105,0.0653311768542445,0.1436756890325498,0.4235489083113528,0.4127523936604368,1.1093408260160966,0.6714886041316801,1.1428311055359912,0.2160737725290241,0.3084578062723498,0.1637719182817896,0.7131045366719195,0.5550523301327962,1.0808625425874925
2024-12-18,APCP,surface,32.0,-124.75,0.0,0.0,3.0859550786033146e-05,0.021957969727645,0.0558885156021501,0.0603864446005553,0.0011312529304967,0.0023544900956684,6.208288885807328e-05,9.330622693011344e-05,3.098139779343297e-05,6.196279558686595e-05,0.0,0.0,0.0009131650944551,0.0013572166385086,0.0,0.0,0.0,0.0,0.0,0.0,0.000883567842063,0.0107801017638262,0.0059603574413498,0.0061828992123129,0.0012562327108924,0.0956594124841667,0.6950430707106287,1.681442777625952,0.6543496726933407,0.8990044681488817,0.0764800749822375,0.0950109375303336,0.0030380202685269,0.0052894210557235,0.0061238808647292,0.0148791720008874,0.0356820339174832,0.1767515138971233,0.1811965413935201,0.2929140531976056,0.0647050383660916,0.0837586116483451,0.0059811528023795,0.0178878803762829,0.1738193465974163,0.2864381488167325,0.1275770897996054,0.7013032844438752,0.8593773116169197,1.8419073595282665,1.256322573515708,2.6342501278001764,0.7809859944439336,1.3067147053668962
2024-12-19,APCP,surface,32.0,-124.75,0.0004379508375664,0.0010005323926162,0.0001885047640396,0.0003488761603154,0.0004750815034598,0.000796282427239,0.0009131691998799,0.0014515056774973,0.0,0.0,0.0,0.0,0.0,0.0,0.0005394179145043,0.005929126661292,0.0001563568672307,0.0001563568672307,0.0036057115297495,0.167141634900145,0.8069997037504643,1.78982943227668,0.5716193670093441,0.7766594471799924,0.0460371347431531,0.0694188803521693,0.0077329022778207,0.0459600055032923,0.1303728780163024,0.2678324810721526,0.2305628472788114,0.8070050260424787,0.4748291982548179,0.6900205829918502,0.0501534721498011,0.0639197861482621,0.0280700234752878,0.0382817091143191,0.0077918434450687,0.0668697947308473,0.1182312526869795,0.5411137220781206,1.124507995435801,3.086497756058319,2.2824232510784612,3.999414968098358,1.1163854410149014,1.769490256918541,0.410659128235865,0.7343529606262393,0.100673967408866,0.1232666797744298,0.0051182685012418,0.0119665756472415,0.0289049289584275,0.1962319862006084
2024-12-20,APCP,surface,32.0,-124.75,0.0,0.0,0.0,0.0,0.0,0.0,0.0006325559405935,0.0019485699637576,0.0,0.0,0.00103116602442,0.2134405623320325,0.8913240824547226,1.592761086327695,0.2537682109170865,0.3103525643417973,0.0233757061100215,0.0358457683064647,0.0106390834319534,0.095986288672552,0.3015275307577741,0.5401898114405964,0.2597177450689088,0.8504191979571162,0.4804063177957234,0.6603631001272446,0.0624420450898073,0.0876260538014637,0.0203290909609716,0.0326927595755673,0.0301231494330227,0.1938464251248898,0.1797466662505798,0.6584992704713198,0.7952868441539965,1.8410814774675524,1.6091093834983647,3.005767452620689,0.9130276576794448,1.4392042481532747,0.2609032225651636,0.485498128022181,0.1193394873413944,0.1462739865665326,0.0044485927341509,0.0061222794359266,0.0028910887185632,0.0163242869199759,0.1012171118272684,0.4971546469828272,0.5412223720765531,1.0311870136801662,0.6544299629143328,1.8968093054774344,1.3328478755512805,2.3394596345715315
2024-12-21,APCP,surface,32.0,-124.75,0.0001950678697419,0.0031827427899633,0.0043522224228723,0.1985112464090049,0.7769470396715298,1.4744452115461364,0.3119264665574381,0.4051240015561616,0.0271392727045094,0.0564336493101584,0.0499568443795496,0.1756971682417485,0.2070136402410308,0.40522323230547,0.2355103235042228,0.804282164905403,0.525151264983397,0.7956590099446287,0.0931959517042047,0.1356912331555511,0.0445568149262221,0.0626034256175692,0.0013472072529835,0.0072675989289887,0.0429445742236481,0.2595982404117852,1.3330603521336597,3.2821042958449564,1.416873949631174,2.4526961861044936,0.8923565654068663,1.6730080532795295,0.5296415093755651,1.0113340714512822,0.2030603609488667,0.2624311538920804,0.0116335478975311,0.0143218121096625,0.0006412449248008,0.0024134519571909,0.0198373016685446,0.108391294216147,0.4107116721945036,0.960523460277219,0.5486357977935136,1.0245001941307026,0.2151487840645867,0.3543118848665501,0.1684250820630874,0.7382179411281117,1.1274755797279088,1.8786916446914304,0.335204608193025,0.4995003550347899,0.0702463389518795,0.0990547683367694
2024-12-22,APCP,surface,32.0,-124.75,0.0207398340885514,0.0374547877578656,0.0686854518140368,0.2406937607736943,0.193159333743399,0.3163251353423484,0.1035076772366928,0.71901048105602,0.7331737627156508,1.0863930855142776,0.1368273043202098,0.1998094070807224,0.0539652035923997,0.0784777426713968,0.0067581111102352,0.0748138957694659,0.1713539423862494,0.9981063464380338,1.5936205342880363,3.5931013960320106,1.7181754323547034,3.02679681315461,0.7467478219827588,1.3204020578097502,0.5457000340326875,0.8082364632919552,0.0620814688836621,0.1027267147265375,0.0040447245083127,0.0048154200362916,0.0024395486480024,0.0100463922736751,0.0429110478254807,0.3087890851842131,0.6198207755386954,1.208798006079676,0.570977090696004,0.7997672718809667,0.1436152835935219,0.2952895594913603,0.1919417765114074,0.5295776133219112,0.602943121505187,1.4257214238925164,0.7402769715585322,1.2201385011406305,0.2264265883648364,0.5184644401929132,0.1826785614551347,0.5106731528020001,0.439815886205538,0.9447524980828004,0.503837289044162,0.9290082696069968,0.5138167890339436,1.1086160635152245
2024-12-23,APCP,surface,32.0,-124.75,0.4840296717929292,0.7569061930104568,0.0931228206412257,0.1537975173795213,0.0352716419781703,0.049106580579449,0.0062809794996971,0.1476566215867883,0.1571971000306447,0.6317537492635206,1.3404992430739409,2.9406779222261967,1.6445037852298583,3.0032304776519605,1.1079630986944873,1.760539157422552,0.577439973586399,1.0000585275295433,0.3082952635638314,0.4025204178336674,0.0457901270675812,0.056951034612411,0.0022578817586203,0.0124716108660161,0.0259376559580875,0.0955901132684912,0.3617575704885878,0.7494925969245531,0.2365162098580055,0.403556609881365,0.0563545573425741,0.0898363919342907,0.395327882745712,1.2370448393633262,0.5585550588658598,0.7726311636486543,0.0811072734450151,0.1216880843607823,0.066324440807571,0.1092676418175941,0.0661991306535364,0.3874187889377853,0.2115550423444881,0.4267814000851546,0.2624885444505489,0.5210625633686858,0.1325098754864891,0.2155179082332821,0.0595117447691091,0.0922310568487916,0.021211884213562,0.0461898577560625,0.0863715270396499,0.3352881317349862,0.5844950120702379,1.3030976440301347
2024-12-24,APCP,surface,32.0,-124.75,0.2290655552416142,0.9272004975737445,1.255623819512076,2.73682096667296,1.4698777340736942,2.4670403771381357,0.6534088339878299,1.1576435274218473,0.5578491547962282,0.941286236989816,0.0926391391432179,0.1169157834140683,0.0107030478229675,0.013547564239207,0.0013119052467985,0.0095480342616534,0.0121348932077691,0.0860457197150908,0.3803214657143512,0.7953813750939263,0.3257060073277275,0.503262519166688,0.1288729998141577,0.2276103545940855,0.1566864985410629,0.9269163930395204,1.585102772437379,3.199737641251198,0.8120800816593444,1.1278415390976018,0.1017668054730212,0.1292266937356843,0.0323514272013545,0.2483983331334105,0.3667209078615898,0.9193217450050912,0.5804488135617274,1.1303953948142371,0.4540336305890288,0.94584574816843,0.5016509673076454,1.267854496184673,0.8357344673203311,1.428405894665801,0.6368520479562639,1.4969333958991915,0.8672530894387085,1.4638364826228536,0.386600597133296,0.5810449895693063,0.0533487276066348,0.0767527489615468,0.0271489091495168,0.0723722714557154,0.0485886348977878,0.1172402317725658
2024-12-25,APCP,surface,32.0,-124.75,0.456707266269294,0.8191340412171515,0.0941564691992056,0.1214206559067102,0.0079018821599372,0.0101625705600685,0.0091842560175364,0.0432380589386498,0.0275336502063963,0.1887800085686274,0.5154504558962911,1.0178532443398052,0.4209938387119174,0.616301396081812,0.1530078370212018,0.3401560590801673,0.2072638724137511,1.0938407931149357,1.4421361276815412,2.5022166850417022,0.4569574509479532,0.5905820779984365,0.0528852136944261,0.096626620255768,0.1149227642925649,0.3208164215494714,0.3372693934714466,0.7437428706358848,0.601819081450449,1.075883248742258,0.2874252193207053,0.5509192652189718,0.3569508740839148,0.6984628575686129,0.3212014883736029,1.005811044123235,0.9289065559850233,1.74949933583732,0.4599604770134015,0.8580909350394248,0.2768459021465636,0.4831254251492267,0.099640083719462,0.1885270739671161,0.106513408068687,0.2493636661928912,0.0763031409193346,0.1259437637278447,0.0339897701769199,0.055914116661198,0.0156713501000842,0.0237100010987023,0.0032255836831554,0.0056147967267825,0.0027607988868865,0.0084013699580123
2024-12-26,APCP,surface,32.0,-124.75,0.0350667891078633,0.2727229405145407,0.4910845955782764,0.955127465332597,0.3465867498696802,0.6201452622843068,0.3164709978330732,0.6334017614645077,0.6029202884559324,1.8931993646044776,1.5342558886643058,2.587439109409807,0.4143019778266306,0.5358569704812101,0.0647293834656007,0.0844963162858694,0.0629673460291983,0.3215831993018668,0.2776482334770474,0.7008755137550081,0.5794197973927966,0.9898796145834052,0.2274814197817447,0.4161674324234573,0.2932738798971393,0.4586778830932854,0.0786286991472696,0.4459522951091126,0.9343138236960312,1.908611660035304,0.6068095176166083,0.9256418088519262,0.1773561501789955,0.2765222952163498,0.0353563618963216,0.0574432413654676,0.0113546707296115,0.0197117386728946,0.0068938053586164,0.0269258692446394,0.0254088185868705,0.044186379832178,0.0195259779900955,0.0386649361793636,0.0119656162180138,0.0235485336402687,0.0069984395089609,0.0079639678040597,0.000618530749031,0.0030628802998645,0.0100704284142211,0.0169512496140938,0.0035611256705223,0.0056355255691746,0.0001255594748459,0.0001566621358757
2024-12-27,APCP,surface,32.0,-124.75,0.8096496558340338,2.382233450229904,1.5681382040774177,2.6060760799908387,0.5058765409771795,0.6972972910089307,0.0696901841648524,0.0939249987955019,0.1746783442244698,0.6030042618076334,0.4600657587756624,0.8967316818310864,0.5228636576196625,1.0526311928578325,0.3816058749912889,0.6666575166378897,0.357717932584238,0.8481666323591329,0.147953571117381,0.2904214827217592,0.796122152492577,2.1226242656338914,0.9380346997950948,1.4593437800165143,0.287758491650339,0.4283158538523296,0.0670955312158347,0.0898083932476799,0.0080831784078219,0.0132236314125966,0.0030152162809614,0.0038539571731358,0.0001852791517235,0.0003108835905953,0.0,0.0,0.0001235600501515,0.0026874615525476,0.0070185077652402,0.018456000508178,0.0032914323572084,0.0041031374107782,0.0001542977539301,0.0017037103788148,0.0034074165628897,0.0091368411806985,0.0079610231679496,0.0162935594536326,0.0083061828428294,0.012775802149324,0.0029073693370689,0.0061822566425336,0.0015451690316986,0.0022244441062425,0.0006526520609601,0.0010594383397842
2024-12-28,APCP,surface,32.0,-124.75,0.1843285817497534,0.6613340485490463,0.5830236115420969,1.0818529272917936,0.3578643878827182,0.8548620721202225,0.4902172246008799,0.9009222282447864,0.4964069199044754,0.8143932244480291,0.1110984848165442,0.3593141522887956,1.1996409288806993,2.3932181513166992,0.791162533197845,1.2441272426308625,0.2565766889475772,0.3671378706032663,0.0465822273913095,0.0615042703694671,0.0083404085933699,0.0115973217193681,0.0009814230008391,0.0024798695350813,3.205146254693157e-05,0.0002606316327449,6.171910157206629e-05,0.0007420902154114,0.00120559329601,0.0020087945454986,0.001545535742686,0.0025353552934375,0.0,0.0,0.0008063564141796,0.0072642203338015,0.0160994872499892,0.0355365385287042,0.0114551116884359,0.0169294134496743,0.0182716550723939,0.0305027229425248,0.0078017127455942,0.0105389640223214,0.0001554950059987,0.0001554950059987,6.244608753710368e-05,0.0001551465869026,0.0,0.0,0.0,3.1102661029781966e-05,3.170013619614688e-05,0.0010279029764696,0.0553669550786583,0.2873444786322019
2024-12-29,APCP,surface,32.0,-124.75,0.4133385818186679,0.6482711529598808,0.2173826758436875,0.929676268406149,1.2508659698884064,2.433291152173119,0.7388818100170174,1.1998915812465318,0.2395087691188665,0.3559042879754721,0.0355086291988211,0.0454635955492872,0.0046646717919146,0.0064036840977622,0.0008848118358587,0.0021308657627625,6.436968959040872e-05,0.0001637804510032,0.0,0.0,0.0,9.306545661664793e-05,0.0004343423778174,0.000558994376021,0.0014264606446409,0.0034977036224429,0.015275113572536,0.0730700628791489,0.1024311564638273,0.2210461262052686,0.0634598054074691,0.101435188975828,0.0344637408928294,0.1079847383839254,0.062748815345441,0.1217967580556666,0.0218674058462393,0.0306700624098445,0.0025230213616097,0.0054014440610483,0.0054725193289616,0.0080085775313114,0.0012970759090725,0.0068131655214533,0.0132960901686822,0.0276760832269506,0.0312322778565198,0.0795859466699343,0.070403193654074,0.1749677005081779,0.0855688506411651,0.1713883214345909,0.0934206251819159,0.1547178662836488,0.0202270581955539,0.0294830714318187
2024-12-30,APCP,surface,32.0,-124.75,0.2119003971799735,0.3558053382418949,0.0839156616599463,0.1178435340763213,0.0080582190309863,0.0116877570291931,0.0025021633464887,0.0040537309704405,6.325689288186684e-05,6.325689288186684e-05,0.0,3.351013880437557e-05,3.0859550786033146e-05,0.0001542977539301,9.257865235809945e-05,0.0001234382031441,0.0004941183535987,0.0036167769691748,0.0031891104714538,0.011583303817447,0.0167806992660428,0.1406299730879598,0.193446124239421,0.3991343329060376,0.1328677813506855,0.2779598269339174,0.1460044594850914,0.3514609871281459,0.1389866500812806,0.2597177179618586,0.1723617931499881,0.2966404229014338,0.1277096731768729,0.2501451976738674,0.082492185972425,0.1872326002981666,0.4894201152077738,1.576251587110484,1.006207423005874,1.8342569721451816,0.5496692133352337,0.8728317916279825,0.1441430508486305,0.2341641369960922,0.0651919125913171,0.0981409113900051,0.0246809833438972,0.0460072013922368,0.0106633771619061,0.0158252587392438,0.0034675534092378,0.0169207887098918,0.0492979875462217,0.1139416895968965,0.0786819816069223,0.1636931766054928
2024-12-31,APCP,surface,32.0,-124.75,9.672964003884332e-05,9.672964003884332e-05,0.0,0.0,0.0,0.0,0.0004351894497947,0.0134870473674518,0.0615746186128542,0.1680549631515557,0.1167341110740988,0.2178250997095681,0.1372122557936791,0.3418238778419019,0.196887513835834,0.4054592680059989,0.1275174468914878,0.2158808524604155,0.1010952923484985,0.2061339244080047,0.0559122947800604,0.1225870583999993,0.1266578067250091,0.1875642925094278,0.0361489818105769,0.0577123219176653,0.0459814040291236,0.2786955514811653,0.4941873106884518,1.0309740113874983,0.5859318438114063,1.2581001194337749,0.6392467476549357,1.2165217307440146,0.3627425842124911,0.5877290934444246,0.2041856580724686,0.3764745942672613,0.1225964742225539,0.1799577670189138,0.0170080652080831,0.0253089587903042,0.0014927975962335,0.0028265484245912,0.0021431578549501,0.0051756617217664,0.0069812946116895,0.0476716038281688,0.0459064862601004,0.0959251354189109,0.0651253849187171,0.141469787514762,0.0925384582214775,0.1476909254802011,0.0253124254392623,0.0436124864319011
2025-01-01,APCP,surface,32.0,-124.75,0.0176383503001029,0.1082364691886327,0.0962508053109046,0.2020669118628275,0.1776680155129656,0.405045063447998,0.2169702440870211,0.5182607718121776,0.2696372127251271,0.3609573777554658,0.0586586164763804,0.1554342070395328,0.0722910070325731,0.157561624090539,0.1342877666516543,0.2558978338647114,0.0616313285102267,0.1135844044313713,0.0489830043744733,0.0970014886356008,0.1505756038364024,0.4106728267765494,0.4253476414010865,1.0398548502663263,0.5612734469503832,1.1418365892213835,0.4644995345208402,0.811300810528266,0.2275984471799777,0.3677475813252219,0.0816066746649725,0.1413100973374871,0.0452024788600339,0.0696609706175658,0.0088744533213049,0.0172633532273483,0.0080387378650135,0.016403558782755,0.0052654993208635,0.0074631973435283,0.0003396987526611,0.00046338064982,0.0024097250117023,0.0031213212173499,0.0015314020305336,0.0037587734562793,0.0016636291797212,0.0022934927215678,0.0005489378238171,0.0016299740782604,0.0012643905865703,0.0015803126474053,0.0,0.0,3.1581827956578834e-05,6.316365591315767e-05
2025-01-02,APCP,surface,32.0,-124.75,0.330435006566418,0.5164199433504163,0.0864855246922876,0.1504780558712004,0.077423080153612,0.2160692828487057,0.1741641801149186,0.3080883028670244,0.0652281105403627,0.1518345152289763,0.2323603278088948,0.8651147630951436,0.8940227163382908,1.768870317612262,0.7899332527540986,1.6187812264224486,0.5399771687466925,0.8490993888149224,0.1914576791362046,0.3178126420490855,0.0595209318107929,0.0844926344024347,0.0205206360063209,0.0468929785234358,0.0354906223301165,0.0585552463046006,0.0125192299836727,0.0199236419108885,0.0095833878085216,0.0218518081318446,0.0171421596810837,0.0590937307438178,0.0266294332594419,0.0584095632112447,0.0426516193310152,0.0869775450677407,0.0577350265876893,0.1017895284172196,0.0153803540328521,0.0207620554616691,0.002021342760879,0.0051907280642738,0.0064827728539515,0.0222182504923547,0.0291049474589745,0.0684168776590598,0.0159243832858922,0.0192799978184696,0.0002259200288009,0.0002918430975678,6.592306876689577e-05,9.888460315034365e-05,3.2961534383447884e-05,3.2961534383447884e-05,6.328196415272572e-05,9.462539066004744e-05
2025-01-03,APCP,surface,32.0,-124.75,0.1670046787954861,0.3261729081096979,0.2682263315326527,1.0841886396139473,0.9264260891166172,1.744611680560349,0.6838438662960609,1.339225896906631,0.4161869945901786,0.6964946477365982,0.1783458764203444,0.3001183542085548,0.0690574381605762,0.100336940760542,0.0132886918297034,0.0182068672807229,0.0018548476658268,0.0036805457833281,0.0002168674470467,0.0078886306424645,0.0250810585184649,0.0965292397001733,0.0728769380356326,0.0975733426824138,0.0140306453369689,0.0229996409499534,0.023647886886017,0.0933625166750307,0.1200026918309123,0.2842136962897761,0.1728755613818368,0.3718732139882303,0.1762793123483038,0.2904436824020528,0.0994470264517164,0.1942748645027714,0.0776729562198184,0.130930783167482,0.0444657431484229,0.0850783747133416,0.0129200612098349,0.0147404672143413,0.0013135438181423,0.0024474841133843,0.0009705761838108,0.0016326053035453,0.0001368589418568,0.0005236907798738,0.0,0.0,0.0,0.0,0.0,0.0,3.1581827956578834e-05,3.1581827956578834e-05
2025-01-04,APCP,surface,32.0,-124.75,0.3719988008030725,0.6159416395821695,0.186741001421849,0.3007901951597191,0.0873715627335859,0.139896509533742,0.0295311135778089,0.0488815922772492,0.0116984376858311,0.0331809940296261,0.0189068092274431,0.0356756740176727,0.0136880466581192,0.0220951612649247,0.0111979391114376,0.0201905495604406,0.0129830807032528,0.0499068976393962,0.0533705497845886,0.1065463509462827,0.0877765857427164,0.2286994833631848,0.1513931617145366,0.275627843999753,0.0945113253439309,0.1738670404803663,0.0828912268555505,0.1708905782350908,0.0607748989366548,0.0967038817446753,0.0160031296205,0.022883345320983,0.0022272125228764,0.0036982527732265,0.0002333990856604,0.0004380273564564,0.0008885009261922,0.0009231617693704,3.1581827956578834e-05,0.0004185097123052,0.0002819435865446,0.0002819435865446,0.0,0.0,0.0,0.0,3.1581827956578834e-05,9.47454838697365e-05,0.0,0.0,0.0,0.0,0.0,0.0,0.0016772727988005,0.0088325408176939
2025-01-05,APCP,surface,32.0,-124.75,0.0295941326557147,0.079089452545318,0.0243365686216096,0.038344571483237,0.0113975759376062,0.0211594305829671,0.0082303469721981,0.0160007039829681,0.0276717452353698,0.0763237546828968,0.0685957308995,0.1892352129106345,0.1277835733436078,0.2108624889505615,0.0364093659757455,0.0869054783711506,0.0462253568253399,0.1314244838521666,0.0997883919967487,0.1823795895692633,0.0446083142140411,0.0677087418450434,0.0153942043863527,0.0274768190471406,0.0042612430972787,0.0072472336974474,0.0055581150346788,0.0092074107859194,0.0020308746042394,0.0025551725289776,0.0001053751647039,0.0001369569926605,0.0,0.0,0.0,0.0,0.0,0.0002780844446854,3.5255121148872307e-05,0.0002075391751555,0.0002433215842786,0.0005548610998364,0.0012570558177812,0.0017489653313125,0.0006639037931349,0.0068160147351887,0.0007235608982975,0.002106853821123,0.0029501191543598,0.013878130969973,0.0224209894589039,0.0318221969676225,0.0024455292832196,0.0032199365384914,0.0004953333186233,0.001068923247204
2025-01-06,APCP,surface,32.0,-124.75,0.016791636756013,0.0486775875998906,0.0748276907638509,0.1904875033858069,0.1078512071364328,0.17147502768955,0.0472143470912013,0.0957470968038312,0.0702412875254835,0.1464986874887901,0.0507793017940864,0.0680408039168256,0.0045141950752595,0.0070237326652902,0.0002960235665042,0.0004247513884842,3.2961534383447884e-05,6.668668798999855e-05,0.0,0.0,0.0,0.0,0.0,0.0,0.0,3.0859550786033146e-05,0.000247120100303,0.0006507617851411,0.0002960914605979,0.0005253583987227,7.002065844076023e-05,0.0002811611865913,0.0,0.0,0.0,0.0,0.0009577421136625,0.0145606525878997,0.0034723806960915,0.0174618561430633,0.0261872320031311,0.0639325763769371,0.0272153530044864,0.040603490735478,0.008913633078044,0.0132724285498872,0.0043192291441768,0.0071793249452735,0.0013354492980658,0.0028454396041087,0.0005638856181767,0.0012284699053431,0.0005672845848837,0.0008161700059124,0.0002161387025096,0.0007719761576804
2025-01-07,APCP,surface,32.0,-124.75,0.1142371930947254,0.2452524948757729,0.1147051100651053,0.1674811940107691,0.0191133223211858,0.0302579916702533,0.0018399766949751,0.0022634352295796,9.843633985107132e-05,9.843633985107132e-05,0.0001394456964845,0.0021434789707175,0.0002464930319457,0.0002816507704483,0.0,0.0,0.0,0.0,0.0,0.0,0.0,3.0859550786033146e-05,0.0,0.0,0.0,0.0,0.0,0.0,0.0,0.0005558374551707,0.0123663160393414,0.041567723987936,0.0116956791573707,0.0363233351190708,0.0275297257213427,0.041193377877732,0.0097844220256345,0.0178791498132801,0.0060590186392161,0.014322883573019,0.0054291566967684,0.007986540686348,0.0004336142170513,0.0007740428842147,3.0859550786033146e-05,6.171910157206629e-05,0.0,0.0001851573047161,0.0077430773035315,0.0113237115865839,0.0013033122098473,0.002387379092218,0.0021047691232199,0.0048065126132452,0.0023545092962249,0.0063663684570533
2025-01-08,APCP,surface,32.0,-124.75,0.001979708159252,0.0022490480051456,0.0014922117784385,0.0045344832533841,0.0022829771795699,0.0033714910251188,0.0,0.0,0.0,0.0,0.0,0.0,0.0,0.0,0.0,0.0,0.0,0.0,0.0,0.0,0.0,9.257865235809945e-05,0.0090979880668514,0.0179509161736289,0.0044402172528273,0.0324062737087969,0.0245013526272749,0.0444239523212569,0.0111878382182591,0.0193141263563237,0.0051845326062014,0.0106211222265586,0.0022326963431929,0.0036572161971578,0.0016093115959534,0.003125566542587,0.0008340608002746,0.0018224176007433,0.0049471417728887,0.0351018465158133,0.0332094661038499,0.0457559673419255,0.0046828344619595,0.0085293581486703,0.0037570110740772,0.0084110530935422,0.0098324795710932,0.0256119977199004,0.0070555622154545,0.0088721779349017,0.0002256217677022,0.0007101745094545,0.0004242312250555,0.0005874653305295,0.0,0.0
2025-01-09,APCP,surface,32.0,-124.75,0.0,0.0,0.0,0.0,0.0,6.171910157206629e-05,0.0,0.0,0.0,0.0,0.0,0.0,0.0,0.0029087008806334,0.0469012484111966,0.0641702729799109,0.0207369194424297,0.058305315293078,0.0128041405316813,0.0254362415917734,0.0091207927967687,0.0133312482673098,0.0023651197564856,0.0041900897011463,0.000834791298548,0.0019488967227099,0.0005876706144739,0.0014843028616014,0.0013281791538734,0.0033989312337504,0.0017292314670844,0.0035836058278745,0.0008961454428689,0.0014517392040249,0.0165103813210382,0.0291657301443781,0.0022321157882285,0.0053760071155996,0.0033330020060908,0.0062451765274983,0.0004269294711278,0.0010568409596861,0.0005580774096296,0.0013189993480201,0.0003264663698216,0.0005231152273844,0.0,0.0,0.0,0.0,0.0,0.0,0.0002014883173637,0.0077964744571607,0.0231320573807454,0.0873894101876061
2025-01-10,APCP,surface,32.0,-124.75,0.0,0.0,0.0,0.0,0.0,0.0045159522198421,0.0321218088511105,0.0399374366298333,0.0249273672472894,0.0857547149088281,0.0376934367056329,0.0589580442166305,0.0126586083396231,0.0187853288379472,0.0033426682901168,0.0052930089881918,0.0012682854223281,0.0027852673597627,0.0011153198029925,0.0016418764596879,0.0010811809005777,0.0022246878002573,0.0014830849752984,0.0045103659599726,0.0025338931293487,0.0044823018802581,0.0006179203464519,0.0014542721700733,0.0007138476447718,0.0016056883124897,0.001030961090773,0.0034843018696893,0.0026928134477473,0.0053274301479632,0.0011252317128686,0.0053712325914554,0.004457042019594,0.0060324468276872,0.0006682878431726,0.0011262148875227,0.0,0.0,0.0,0.0,0.0,0.0,0.0,0.0,0.0,0.0,0.0,0.0,0.0009868512442294,0.0069322281175946,0.0160407125821215,0.0308988803706514
2025-01-11,APCP,surface,32.0,-124.75,0.0214237441680482,0.0968169114531535,0.0522549528725989,0.0882976510913002,0.0129922167002786,0.0168487251196354,0.0026710722545514,0.0045913851726947,0.0006800061565882,0.0016694589963524,0.0004943620476135,0.0010198267562568,0.0012365717725251,0.0033417029316874,0.0013933681646437,0.0047094839126969,0.0012798260673234,0.0020012641376255,0.0001557208611393,0.0003423078261162,0.0001410204845954,0.0011585764429622,0.0007668840107223,0.0016789121742918,0.0003349939934327,0.0004584321965769,0.0,0.0010196677902761,0.0015828719485264,0.0021802573461867,0.0,7.041285965142112e-05,7.051024229774461e-05,7.051024229774461e-05,0.0,0.0,0.0,0.0,0.0,0.0,0.0,0.0,0.0,0.0,0.0,0.0,0.0,0.0,0.0,0.0,0.0,0.0004166310908964,0.0006215540326959,0.0009330935482537,0.0003164206429203,0.0008416422413198
2025-01-12,APCP,surface,32.0,-124.75,0.0020752358040994,0.0045567940681408,0.0019554201847361,0.0048157452903445,0.0039432064926953,0.0074880896145047,0.0037027817375288,0.0071321711045593,0.0002861586965181,0.0006289467738413,0.0,9.257865235809945e-05,9.85491805834845e-05,0.0007328823723903,0.0016524235977436,0.0065486297929363,0.0025516892136793,0.0028821154004686,0.0,0.0,0.0,0.0,0.0,0.0,0.0,0.0,0.0,0.0,0.0,0.0,0.0,0.0,0.0,0.0,0.0,0.0,0.0,0.0003812620451039,0.0001731001793679,0.0012897317585757,0.0015764694121439,0.002842224062221,0.0004227693058474,0.0008011768457469,0.000133387265043,0.0007526490674071,0.001322618806522,0.0031074693986846,0.002351906451228,0.0057480313652138,0.0023637946048173,0.0065091197260759,0.0106897673956411,0.0279007342874945,0.0125506017487044,0.0261026075572457
2025-01-13,APCP,surface,32.0,-124.75,0.0025660354113245,0.0052068515799945,0.001342124580945,0.001994976509278,0.0016794753005237,0.0097319230116169,0.0065096289924166,0.0102507105042112,0.0014658688652365,0.0016770093933871,3.5255121148872307e-05,0.0002115307268932,0.0,0.0,3.1581827956578834e-05,3.1581827956578834e-05,0.0,0.0,0.0,0.0,0.0,0.0,3.262487151167023e-05,3.262487151167023e-05,0.0,0.0,0.0,0.0,0.0,0.0,0.0,0.0,9.486379210930454e-05,0.0002327336815554,0.0005840120322219,0.0023224631224656,0.0026550328657706,0.0195436711883037,0.0082699495907504,0.0188333690618412,0.0187604172133768,0.0300668509279796,0.0086349007024997,0.0190016971042043,0.0099820766515678,0.015774410603164,0.0011657507736383,0.0028890889839051,0.0021315852688669,0.0060847336638529,0.0025310029434466,0.0056996707183256,0.0044718008459511,0.0084921932967782,0.0012610389275638,0.0017883002827576
2025-01-14,APCP,surface,32.0,-124.75,0.000564506748889,0.0008822589384972,0.0,0.0,0.0,0.0,3.1581827956578834e-05,3.1581827956578834e-05,0.0,0.0,0.0,0.0,0.0,0.0,0.0,0.0,0.0,0.0,0.0,0.0,0.0,7.041285965142112e-05,0.0,0.0,3.455948189687557e-05,0.0002061176812697,0.0001023378742977,0.0001375929954466,0.0001634869992452,0.002087347760616,0.0017679822863359,0.0065098615936763,0.0077674004302539,0.0175172366081924,0.0139956993399898,0.0339646590720523,0.0213859169794179,0.0346846490763756,0.0062663616364489,0.0120755091951819,0.0090740198868801,0.012362933421911,0.0041384354581679,0.0053979849979776,0.0006589429738338,0.0020226638634468,0.000561636021565,0.0013687779256461,0.0001404321837815,0.0002107469926292,0.0,0.0,0.0,0.0,0.0,0.0
2025-01-15,APCP,surface,32.0,-124.75,0.0,0.0,0.0,0.0,0.0,0.0,0.0,3.1581827956578834e-05,0.0,0.0,0.0,0.0,0.0,0.0,0.0,3.1581827956578834e-05,0.0,0.0,0.0,0.0,0.000133394022054,0.0002663514156703,0.0,0.0007762047903811,0.0026634915751652,0.0067192325517157,0.0057076711896571,0.0154740717983992,0.0116230252427005,0.0246468277627269,0.0049807199193083,0.0095461401277889,0.0057803202502229,0.0147974881588296,0.0074032786800511,0.0140495716528236,0.0052974140665721,0.0138952739286749,0.0067776409012196,0.0129728277890721,0.006681480971769,0.0128874368904633,0.0128355268372114,0.0360857512692986,0.0251739402659251,0.0405808664586377,0.0044706789301193,0.0110282096021033,0.0038889504864377,0.0068023001476921,0.0015450581903933,0.0021755262901605,0.0003151409911718,0.0006303787028571,0.0,6.99219414837752e-05
2025-01-16,APCP,surface,32.0,-124.75,0.0,0.0,0.0,0.0,0.0,0.0,3.1581827956578834e-05,0.0001011970311274,0.0003078440976449,0.0004444334426357,0.0,0.0,0.0003430905698399,0.0008121511460333,3.0859550786033146e-05,0.0004703263368105,0.0011087735547391,0.0034283746617615,0.0019662321127511,0.0041776539966528,0.00439712554183,0.0097758027833838,0.0021977787922231,0.0036328135497543,0.0014392934890794,0.0020016132016819,0.0004205055095841,0.0016468689690185,0.0011246853645817,0.0015592351352158,0.000305210548347,0.0020658052061782,0.0032169944045172,0.0063433603265063,0.0021808962307396,0.009301340680429,0.012934532463103,0.0243395385896897,0.0070825186446357,0.0165796189557017,0.0074066288727693,0.011308242080633,0.0008751880766434,0.002264043225812,0.0009424056792137,0.0017117023893818,0.0,0.0,0.000187818018145,0.0003137874287144,0.0,0.0,0.0001856446927457,0.0002486894446353,3.0859550786033146e-05,0.0003089610488825
2025-01-17,APCP,surface,32.0,-124.75,0.0054145944354933,0.0079259277352656,0.0001034744112334,0.0001034744112334,0.0002177174548202,0.0006701961233015,9.965768225147672e-05,0.0016555700571749,0.0026310325516029,0.0045100528954776,0.0008285071051863,0.0025090954305248,0.0037385724295561,0.0074665862280966,0.0008914656013745,0.0017271959444904,0.0005251989716032,0.000876283433989,0.0003517708140034,0.0007024584121303,0.0021058104324638,0.0029839581519925,7.041285965142112e-05,0.0007727752194255,0.0010540344568205,0.001686174735411,0.0,0.0004171428572827,0.0005453329649418,0.0010564794342714,0.0006149100745385,0.0013367167101401,0.0025920538925065,0.0058233619981494,0.0042920771828848,0.0107050515110113,0.005855218413469,0.0127651056610678,0.0019258631569528,0.0030089304315403,0.0006569458867592,0.0014929269039221,0.0,0.0016092003099791,0.0009591990189658,0.0023505576871869,0.000773799773971,0.0010217698820475,0.0,0.0,0.0,0.0,0.0,0.0,0.0,0.0
2025-01-18,APCP,surface,32.0,-124.75,0.0040774374452023,0.0069150720922762,0.0012467466652951,0.0032403931166962,0.0046074272846273,0.0077715660610953,0.0008301568266947,0.001700253198445,0.0008074447043612,0.0013702586638688,0.0002111405281505,0.0005623197085819,0.0005621242751319,0.0025622986298845,0.0002389301588912,0.0006938957773941,0.0021617422347188,0.0061049444635326,0.0030462325767801,0.0067183274649085,0.0031928288986323,0.0082418777768074,0.000630955035205,0.000736525633359,0.0,0.0008020948156995,0.000244029803321,0.000244029803321,0.0,0.0,0.0,0.0,0.0,0.0,0.0,0.0,0.0,0.0,0.0,0.0,0.0,0.0,0.0,0.0,0.0,0.0,0.0,0.0,0.0,0.0,0.0,0.0,0.0,0.0,0.0,0.0
2025-01-19,APCP,surface,32.0,-124.75,0.0015709793478762,0.0028681525251715,0.0005618301247249,0.0018195236389488,0.0017851075749694,0.002716505034587,9.82998730384123e-05,0.0003442059384808,0.0007725784516648,0.0016155650999329,0.000559363571408,0.0023728373785639,0.0017508867135258,0.0030160590338962,0.0,0.0,0.0,0.0,0.0,0.0,0.0,0.0,0.0,0.0,0.0,0.0,0.0,0.0,0.0,0.0,0.0,0.0,0.0,0.0,0.0,0.0,0.0,0.0,0.0,3.27377122440834e-05,0.0,0.0,0.0,0.0,0.0007804150957022,0.0034925969896295,0.0086328561108216,0.0213942837772334,0.0150500949571313,0.0341217091436772,0.0360475921463517,0.0937526842102193,0.1367549177544313,0.3434781082454806,0.2650979059750741,0.6289448856440186
2025-01-20,APCP,surface,32.0,-124.75,0.0043396858095325,0.0086879790883849,0.0040755978272921,0.0122246726453489,0.0045853432169604,0.0055920255052945,0.0,0.0,0.0,0.0,0.0,0.0,0.0,0.0,0.0,0.0,0.0,0.0,0.0,0.0,0.0,0.0,0.0,0.0,0.0,0.0,0.0,0.0,0.0,0.0,0.0,0.0,0.0,0.0,0.0,0.0,0.0,0.0,0.0,0.0001235600501515,0.0018982496590373,0.0175279216933924,0.0516619673869135,0.1519067179511176,0.1175305915178001,0.2544941859631601,0.1785364793637633,0.4291640568385194,0.3284402478457001,0.781616021984499,0.4780837116205996,0.7667624154462417,0.1781208490211535,0.3042734248389387,0.1307264471755717,0.3059617438879063
2025-01-21,APCP,surface,32.0,-124.75,0.0,0.0,0.0,0.0,0.0,0.0,0.0,0.0,0.0,0.0,0.0,0.0,0.0,0.0,0.0,0.0,0.0,0.0,0.0,0.0,0.0,0.0,6.54754244881668e-05,6.54754244881668e-05,0.0,0.0,0.0,0.0,0.0,0.000399284023618,0.0010482482953176,0.0051796109169682,0.0111450942516056,0.0569027712153128,0.0985261525003304,0.2570225617210087,0.1989307026088647,0.505449338775543,0.3407783493191675,0.7322640599408146,0.3842494736984107,0.6678501250146922,0.2527812517451804,0.4784729884679924,0.1786185196901134,0.2936517303121328,0.0918069479522526,0.1491610734545669,0.0144702021918935,0.0171725248913814,0.0001055705981539,0.0001402314413321,0.0,0.0,0.0,0.0
2025-01-22,APCP,surface,32.0,-124.75,0.0,0.0,0.0,0.0,0.0,0.0,0.0,0.0,0.0,0.0,0.0,0.0,0.0,0.0,0.0,3.27377122440834e-05,0.0,0.0,0.0,0.0,0.0006811010283417,0.0033532239905496,0.001247327036438,0.0048285623261622,0.0079517804070939,0.0226821922569059,0.044821261518569,0.1287227089601554,0.1419261335926832,0.3221962009432176,0.2239180299291897,0.5208444132172882,0.3131345013397945,0.6662641626953936,0.3990575131220452,0.8546389483376439,0.3694733174381783,0.6554279757471226,0.2585639702585777,0.4494780124574201,0.0924152851243195,0.1559677002175762,0.0610421751291446,0.0902434056976808,0.0152207592383607,0.0266218527932132,0.011173641615661,0.0156491938748948,0.000371575506141,0.0004059302997114,0.0002067441341403,0.001421776454647,0.001605304701197,0.0022354833196674,0.0053202502557313,0.0071825912436833
2025-01-23,APCP,surface,32.0,-124.75,0.0,0.0,0.0,0.0,0.0,0.0,0.0,0.0,0.0,0.0,0.0,0.0014231912437532,0.006354753687356,0.0073816071496696,0.0,0.0014998829147406,0.0044870434998513,0.013658699451861,0.0152609658191085,0.0416456320799789,0.0447651106392685,0.1092907760380125,0.0937085284723238,0.2324050602972171,0.120867770309706,0.2412338774945155,0.1677614055371172,0.3968772457156008,0.2568646604042219,0.5212788664913128,0.3128753110199741,0.6869784642738964,0.3700297613204801,0.6731002628975465,0.2486111621973883,0.4700135412789908,0.192576272965854,0.3245443721136983,0.1167616318321959,0.1882385508141241,0.022185489195822,0.0236728742149084,0.0001000959422171,0.0002024183392601,0.0001407276684991,0.000175688639241,0.0,0.0,0.0,0.0,0.0,0.0,0.0,0.0,0.0001719793100475,0.0002058110136586
2025-01-24,APCP,surface,32.0,-124.75,0.0,0.0,0.0,0.0006506064348068,0.0041302996303826,0.0070466025624364,0.0001882995538952,0.0003148622882609,0.0012763285569155,0.0072030499623132,0.0256540304762901,0.0848664323186545,0.0864742262884218,0.1844179251597146,0.1011525491325516,0.2524652560559799,0.181215848377533,0.3486602321093737,0.1781444151317889,0.3551501618494835,0.1952347154574049,0.3789644564647938,0.2266889610359472,0.4772391705884616,0.3096384784539064,0.654879728003673,0.3422782915554963,0.7076753852035447,0.3338454953877987,0.5557791705523761,0.1180404779980435,0.1744233946542652,0.0105214515515104,0.0168908178290963,0.0031983323459748,0.004341717038203,0.0008774600376209,0.0012985591691546,0.0016889109480626,0.0086528155861123,0.0049784107825118,0.0057499126838164,0.0,0.0,0.0,0.0,0.0,0.0,3.4660843178192e-05,0.0001748008770166,0.0001756899735517,0.0001756899735517,0.0,0.0020155869799655,0.0203053706114193,0.0574633419930738
2025-01-25,APCP,surface,32.0,-124.75,0.0011520521174773,0.0053863586284079,0.0131112654513909,0.062408651389383,0.0737750554400496,0.1605661681337781,0.1055978837797309,0.2614800080521388,0.2024036148431302,0.3997958549002225,0.1863027922466912,0.3679234616219182,0.1844945977735279,0.3581474686630513,0.2016659549941551,0.4277202241105186,0.2241382476493263,0.468807704160653,0.2840658098020164,0.6100724758753762,0.2984732897516171,0.5018918107036545,0.1826379476589068,0.3190020817014997,0.0590458772759425,0.0723153142537394,0.0036431382559374,0.0070044009332853,0.0017656857671391,0.0035818109844497,0.002921548511781,0.0129554040603044,0.0071251112579016,0.0140545334558248,0.0020267642367542,0.0024772010561914,0.0005919820062518,0.0011513118205847,0.0040551431394917,0.0137103108123291,0.0030946492205909,0.0036704210683575,0.0,3.4660843178192e-05,0.0005480833047864,0.0011539434672067,0.0001856441089747,0.0002167467700045,6.90169465651517e-05,0.0003993129255332,0.0490166344502607,0.3436595786174749,0.271081922353209,0.4493529040923367,0.1443182858220773,0.3500809239965685
2025-01-26,APCP,surface,32.0,-124.75,0.2089298652974974,0.4118074371831977,0.1749039711865129,0.3563430574121227,0.1814466433838078,0.3519387827240496,0.1913135366344839,0.3994459275139739,0.2117409154722749,0.4284183581299151,0.2154408564809322,0.4392494969323139,0.178372923943041,0.296701862852464,0.0765886984659602,0.123791200298446,0.0195042404460316,0.0227226733882916,0.0022904016914016,0.0027282882812762,6.723338197527068e-05,0.00043648867961,0.0042764584302811,0.0164061893363518,0.0047618082039862,0.0054630194133969,0.0017606751385224,0.0037780390044262,0.0033201935132863,0.0154417711939171,0.0122539364771386,0.0232778008876393,0.0111882453215709,0.0217187468328967,0.0140133840961156,0.0233616856972083,0.0076101393500927,0.0113748157302766,0.0010851342916957,0.0042331066654686,0.0023528931055837,0.0032306492880385,0.0008401365395681,0.0025158113053787,0.0016673340971082,0.0043539514072921,0.0448878347137605,0.2447358702367781,0.280019434477714,0.5374095879682834,0.2113857270535972,0.4867280698032422,0.3109569277783942,0.6740294034921013,0.2864148033125076,0.3589515724967078
2025-01-27,APCP,surface,32.0,-124.75,0.201897368805042,0.41597384250349,0.2247467560533148,0.428479133209631,0.1277511169621579,0.2242080060850767,0.084027806901815,0.130243272029098,0.012827451031655,0.0138465978127554,0.0001653606768034,0.0004294893456746,0.0004618852488859,0.001990941006602,0.0033152919603089,0.0090112334739826,0.0025325929933965,0.0028695693560829,0.0002422368865599,0.0027075356448825,0.0058252546181975,0.0214757680386905,0.0062035411725708,0.0115536323676788,0.0056521540440508,0.0137854360867624,0.0062188140144742,0.0131586603285717,0.0032346113153782,0.0075650874561602,0.0018518213135052,0.0042121698287105,0.0174969636224223,0.0872559214487036,0.1982051541730319,0.4539602786255878,0.2993482971222376,0.677433390635001,0.3720016898044604,0.7330854621916988,0.3110870915454587,0.5008674613771731,0.1462800542516713,0.2488587539615368,0.0612497100322998,0.1094963308192494,0.0516919315274254,0.1094380134043223,0.04653909951106,0.0712147847236654,0.0124404469226129,0.0239336849678732,0.0340613001517977,0.1453799486384567,0.2548229008908733,0.7336624421414162
2025-01-28,APCP,surface,32.0,-124.75,0.0048759607564304,0.0051152739180929,6.592244522982558e-05,0.0013603080957806,0.0029624685222249,0.0036254536085165,0.0073841745757277,0.0235244602623208,0.0035444344629475,0.0043198753657952,0.0007346217577883,0.0077002547821659,0.0118615473389241,0.0311733844159892,0.0130209503713897,0.0250575806504049,0.0137227346482929,0.0263933163750729,0.0137516354413848,0.0293937716336697,0.0145905767703559,0.0214041302343359,0.0026095066213691,0.0051972903178347,0.0038295241034114,0.073397757008092,0.1771683037085951,0.3744663489846789,0.2689348397366624,0.5883624142699986,0.3906848002321977,0.8386732527507764,0.341752319380888,0.6634947464564043,0.3807144378464359,0.9674993195180056,0.981397747294379,1.770228405233142,0.5798568660391482,1.3022042493387256,0.6487951726251342,1.1851807059645798,0.5070916607242538,1.0181079506695938,0.4957120567921018,0.9242029781269566,0.3355838079934694,0.6048671113974493,0.2290051390573404,0.5136729926984556,0.3203539733912595,0.6149155706279027,0.2762929135269275,0.4889548140738597,0.1567240508404318,0.2952669427284901
2025-01-29,APCP,surface,32.0,-124.75,0.0067799831394165,0.0081676135347813,0.0039668136945425,0.0141251725173787,0.0165853736716029,0.0337990435301044,0.0107136148372806,0.0219825765277488,0.0114735626556639,0.0221603074359939,0.0075034989476781,0.0204398219515492,0.0155679629711972,0.028143908388283,0.003226661895168,0.0066164348608589,0.0010143844314621,0.0189445186872764,0.1773886406678469,0.5084315876788598,0.4118777615641278,0.9925194995778066,0.7182016134412869,1.2884551179047576,0.3214902743032758,0.5747049583957242,0.1711555072402439,0.3454497169654221,0.2071218346237054,0.4190402360160774,0.4087308505232043,1.2445823851543247,1.2663580371985692,2.8685781475439835,1.439603086101488,2.670406025328812,0.8744968111371594,1.5243229687085669,0.4663876560639413,0.91958130832762,0.5127380299513159,0.9974053246260044,0.5122995350351922,1.0951073451238662,0.5348996274060182,1.035249300431546,0.4898246771703078,0.9142032448328066,0.3003838903194425,0.4288424238129152,0.0510155637074815,0.0777982582792453,0.0131423764609549,0.0175058309219707,0.0059878525132906,0.0224508906517088
2025-01-30,APCP,surface,32.0,-124.75,0.0099937826241425,0.0201487372114891,0.0128750776304879,0.0313959407705526,0.0164889251673084,0.0320493688637614,0.0075604795750485,0.0143579513682223,0.0030524905507613,0.0757932755307333,0.2274258790892737,0.6172056527761316,0.3910288458532288,0.8733769691666426,0.599809549871196,1.1736858318793069,0.4859686583002396,0.9748471822110336,0.7080623727727717,1.962528876526908,1.465196474076912,2.7053962890762633,0.9683267240975842,1.6364847050603435,0.3595817276743603,0.644706171333335,0.2922387459940473,0.6580387609248254,0.5705237154611618,1.3648389356077488,0.994420085417944,2.1000103315574346,0.9984538441596574,1.8635617883139135,0.7791230871055052,1.5550734934695285,0.7638685347013979,1.4742863411074,0.6606764853426129,1.3271545116738537,0.5818757770014518,1.1391319447208674,0.5932480617550697,1.1845077742911003,0.5388813839436374,0.963944806649896,0.3349034525365859,0.6518754535377134,0.2584425817479806,0.5012326895634096,0.3220804759993316,0.8566059622660285,0.8861265458498906,2.017258625558445,0.9820036024937348,1.8157815492702816
2025-01-31,APCP,surface,32.0,-124.75,0.0018816811505469,0.0086425148770632,0.1428596603664467,0.6333759251282787,0.5603217480253635,1.1692572246308537,0.726835620238138,1.6206931443233563,0.7404883472994805,1.3341694412882712,0.6777783219715728,1.708755983225686,1.27716359873914,2.5529519406874916,1.1610732950523368,2.199417104170142,0.8868343957195997,1.7018677028932487,0.8740143107444207,1.8253303770557,0.9859043295755248,1.9345509719166083,0.7957772628539651,1.6069330427742654,0.7085949468994819,1.324850383137511,0.6247628625137598,1.250622689746925,0.6017480391984158,1.2174867732429069,0.7035564272581875,1.5393312168601054,0.9013162652746648,1.8954182151085597,1.1917820327267925,2.5323549904910805,1.351201861323403,2.69587694595994,1.2794992565895575,2.5656762521388967,1.2758078711488912,2.5107531988718756,1.047567046803707,1.7458201066075605,0.4331429982829682,0.7290693301015018,0.2533072508874391,0.4960427211931902,0.1936313596786832,0.4753685812237093,0.3299670919724392,0.5319368358797902,0.1358031509056866,0.2231414821925972,0.0709786650308683,0.1647099220476436
2025-02-01,APCP,surface,32.0,-124.75,0.4939455967400742,0.92205422466581,0.3676496170677977,0.806098894406774,0.647362493319487,1.3546872700392747,0.7625511256075318,1.740756130730763,1.1876035561971403,2.3138637847649144,1.1535024973822177,2.352689171361708,1.0570957733283255,1.8944683338306847,0.7324363631540565,1.4243250830848777,0.6865779890423429,1.2719468924338668,0.5891428511742711,1.183175058745801,0.6278992485328223,1.3430948069946194,0.7990738441527802,1.822912713971503,1.0511781735781514,2.059355288695918,1.0624385315477856,2.282301995717006,1.1918469689464888,2.2885882253675547,1.2589309526070387,3.026164083147475,1.753755988170847,2.8818978877621015,0.7510145868908811,1.2854944922991007,0.378510435364123,0.6632757260557379,0.2231454607219908,0.3590146669113609,0.0577482214804604,0.1140379555823313,0.1850080122747075,0.6973795942898113,0.9500531251162964,2.6634324300647108,1.9132086445107717,3.348667786064007,1.0757285736389266,2.044821523819394,0.8239986102580319,1.6601771490776784,0.8543197344800729,1.7198857904646525,0.9474906990824016,1.8704228408582575
2025-02-02,APCP,surface,32.0,-124.75,1.2639772715301272,2.471286231196318,1.188403929896031,2.291553259679729,0.8325092821463957,1.4558486351179725,0.4941874297638969,1.0430732623730667,0.7195307901590012,1.392411514203312,0.5765343225047594,1.1454583446040925,0.6882640618119096,1.6965920408661213,1.005539000184903,1.9188264155737111,1.0564256288131284,2.075117129226995,0.9919973150927214,2.0485623371215924,1.1188946337767136,2.3964384208093086,1.493688468719609,3.2654516746673963,1.6507571964272028,2.752496814249737,0.7506741991293464,1.356899548091368,0.5216263190408356,0.8908272124370458,0.2268605388611566,0.3637287417925157,0.0510608048923877,0.0829212146642886,0.0188536454992172,0.0412631479447982,0.0313825630267525,0.4145782933653718,1.3195524365612836,2.8234499188371363,1.2738848769640572,2.364922782414695,0.8362299291411104,1.458566221453263,0.4699522662786406,0.8412910274705753,0.3310985446275467,0.5387895338766818,0.0950391074677029,0.1296257315968425,0.0165072815638086,0.0332384209655081,0.0141746180884269,0.0320699197846024,0.035368315234779,0.1011489288393665
2025-02-03,APCP,surface,32.0,-124.75,0.7646015687806585,1.416368580956439,0.5321321865511729,1.0572680467967854,0.5360007042501248,1.1472814082324754,0.7705138294918574,1.8073478885790208,0.9833014644931124,1.9170338501909368,0.9561070943159784,1.915291032056066,0.9826339094926504,2.2295492697753456,1.5694633940384,3.5754227677165673,1.825774348507989,3.178401557571257,0.9440649058296856,1.5375425946547248,0.3384053412055223,0.5718005065257463,0.1702064548017362,0.3163082124633293,0.0855399627471352,0.136121372445111,0.0550128523171793,0.5870997803201705,1.7883661430384523,3.6928645526366544,1.5829585952659535,2.7362022729570454,0.6803705277006503,1.218521101078593,0.3793648723063473,0.7592664135445556,0.2052919236835532,0.3166674341094593,0.0692751918566414,0.1173142939730911,0.0217523366953529,0.0297923119076074,0.0016376625811231,0.0046654210503916,0.0023032262116903,0.003620039866021,0.0004748826781627,0.0019086686691354,9.402968851232302e-05,9.402968851232302e-05,3.0859550786033146e-05,0.001312069017835,0.0004230524335589,0.002325084793226,0.0005811918546582,0.0024863817501149
2025-02-04,APCP,surface,32.0,-124.75,0.8471324421667018,1.7556790234165711,0.8487267571698159,1.6062355289942376,0.7404230920684935,1.8305341212690016,1.6209359441823057,3.79817379166375,1.9143843288452136,3.4170933498720855,0.968882591028434,1.5796957199170336,0.358964321169967,0.5517659214107657,0.1262299753857247,0.228815187318964,0.0792292348778699,0.1500302702332976,0.0575006788834619,0.1100070794225066,0.198460387657456,0.658817810980935,0.6333195485015588,1.358406712048078,0.9220265191970966,1.9014686189339067,1.058716707172168,1.9086453145101896,0.5016318846547454,0.8099462174169809,0.1461549113364606,0.2235188427792812,0.0229031095950546,0.032814623227437,0.0045782646717128,0.0070833793210596,0.0010550834449582,0.0015707225958697,0.0001239250074026,0.0005281318918618,3.1102661029781966e-05,3.1102661029781966e-05,0.0,0.0002787095655913,0.0001855228457383,0.0004643536745661,9.650209211807408e-05,0.0002539917662745,0.0004975978905605,0.0027159086514917,0.0014574322492892,0.0055189285973905,0.0054980250062004,0.009253725169735,0.0009704394076626,0.0053461761210773
2025-02-05,APCP,surface,32.0,-124.75,1.752506326135727,2.9190547064367847,0.7607349606807434,1.2279713256797926,0.2368439554246157,0.3743337834021523,0.125782506255731,0.2603897159639183,0.0775159665256768,0.1204737252001712,0.0241138420209401,0.0521773969743849,0.1914886497118554,0.6337350576340497,0.7615931545717876,1.7267006886329066,1.3194497860860883,2.6746280310880133,1.088560782285819,1.8694999016937497,0.5036112272292138,0.818780962845424,0.1721879328366802,0.3022541601667614,0.0543288753690997,0.0727412091307705,0.0073160206039595,0.0121134069845855,0.0037852657147407,0.0067255416382217,0.0039218612629083,0.0094432684230714,0.0020829184402467,0.0043034745635779,0.0006692823418006,0.0014646294874242,0.0004051223832127,0.0015046767139906,0.0,0.0004204106179122,3.0859550786033146e-05,9.69742227209386e-05,3.0859550786033146e-05,0.0004332504297653,0.000463989301086,0.0011458167316217,0.0,0.0,9.257865235809945e-05,0.0002160168555022,0.0,6.171910157206629e-05,0.0,0.0007418465213966,0.0180217407268281,0.1766502117101543
2025-02-06,APCP,surface,32.0,-124.75,0.0538042219184608,0.0839967623572349,0.0175683176397628,0.0482092688702854,0.4243223184823593,1.3239019341369147,1.3832042178109218,2.624066638344111,1.1888045039371269,2.3161017903437213,0.8404041779533321,1.3350064341188512,0.2731515679314028,0.4470542730064397,0.1202681790580117,0.241237843159338,0.049286564582281,0.0735860858245727,0.0135485058967276,0.019849632823032,0.0050831680820891,0.0088873104417555,0.0029292395778874,0.0102531749424813,0.0013795768059303,0.0018240813724508,0.0001888727766083,0.0005923348878832,0.0003715319119642,0.0007757036924971,0.0004944838946209,0.002002396705711,0.0008017070411996,0.0017510118402187,0.0002051886407244,0.0014165302997508,0.0003712888017205,0.0011933538616085,0.0004210017488873,0.0018593325122942,0.0039146475454693,0.0096546499711063,0.003840922805976,0.0098005873544935,0.0066666111184113,0.0165234939225959,0.0065303711300108,0.0175976107702442,0.008719881713007,0.0173589013019567,0.0076715681889724,0.0152937579486223,0.0055055138061734,0.0073936450535794,3.5255121148872307e-05,3.5255121148872307e-05
2025-02-07,APCP,surface,32.0,-124.75,1.145816512244207,2.1485160481130605,0.7504927326656927,1.1701882800025754,0.2380406046731372,0.3996632704991618,0.1257043336799847,0.2538731376172177,0.0657648625798301,0.0991408378016487,0.0185456668749547,0.0266939263441948,0.0083878409387265,0.0136082241827197,0.0071504993619048,0.0179421424523194,0.0026097768113154,0.004223015449183,0.0003479583955162,0.0008802159589559,0.0004355111530031,0.0011618453438266,0.0,3.0859550786033146e-05,0.0,0.0004210030751319,0.0,0.0011575706334444,0.0002163823965244,0.0009496147935541,0.0,0.0002455125339417,0.0,0.0004507747611087,0.0003487019970044,0.0024775217287603,0.0030322565552682,0.0121623423736422,0.0100878582678805,0.0608933060687,0.0945218408366048,0.2048978801335172,0.112806857961755,0.2466527172103046,0.0818477538254544,0.1366572902116887,0.023653693840149,0.0245908646276961,0.0002455045765974,0.016540174510049,0.1725565870669078,1.0681647837647694,1.7975105158363291,3.5284610776029384,1.4893470304545438,2.8468348176232903
2025-02-08,APCP,surface,32.0,-124.75,0.0490196583688818,0.0769186892895646,0.0161612251652917,0.0303880530224971,0.0150137215598219,0.0212133120204361,0.0048362802607587,0.0112553141988322,0.0010605585179616,0.0011234819922298,6.171910157206629e-05,0.0004017833952554,0.0004022701995139,0.0007443769989258,3.098139779343297e-05,6.184094857946612e-05,0.0,0.0,0.0,0.0007402538118778,0.0005025267881392,0.0011550019913518,0.0,7.051024229774461e-05,3.262487151167023e-05,0.0006158931696885,0.0004131189297322,0.0020678810443387,0.0009195819338961,0.0032887644845849,0.0005231073704235,0.0022710129310602,0.0182225184713514,0.136500008615883,0.2539832035489218,0.5879634274068721,0.2426522088285819,0.4361898916769823,0.1242903815018412,0.2072708958740273,0.0303197945924218,0.0682195030500622,0.1448259267086858,0.8399228773177528,1.366925805121066,3.4159228614260275,2.230668559886655,4.446532689567659,2.125096099084435,4.032100969496936,1.6820167431844255,3.2550013461665506,1.379263773394075,2.3462601279410884,0.9141417065601692,1.7086286027876667
2025-02-09,APCP,surface,32.0,-124.75,0.0011524190323924,0.0013069604803373,0.0002781014980964,0.0006801285873667,0.0004025133097577,0.0008672301878388,0.0,3.098139779343297e-05,0.0,3.0859550786033146e-05,0.0,0.0004771993089935,0.0003095691163774,0.0010111146654724,0.0,3.098139779343297e-05,0.0,0.0001542977539301,6.171910157206629e-05,0.0016970909685827,0.0023020136542512,0.0054004131315668,0.0017576142761645,0.0054976343858191,0.0200126960060094,0.1172788318389595,0.2308766645278669,0.4965072905030441,0.2263785465447071,0.3597035065661935,0.0797888999743914,0.1172563199288501,0.0399003309739347,0.2547175435960205,0.4154408506426842,1.5493543090021953,2.3416190768330307,5.02173064916612,2.652582478987852,5.218268666389046,2.51125682182645,4.896934743556906,2.2685391974916405,4.033991335333132,1.226220244662774,2.114803391510838,0.687868199662725,1.224765626731626,0.3042774141931413,0.4502004913793825,0.0844657533381515,0.1428489191815876,0.0390933700795528,0.0668717372948171,0.014944918459281,0.0208238994525587
2025-02-10,APCP,surface,32.0,-124.75,3.0859550786033146e-05,3.0859550786033146e-05,3.329258548880218e-05,0.00064311758114,0.0002166260905392,0.0006192600797622,0.0,3.098139779343297e-05,0.0,3.0859550786033146e-05,6.584298744154022e-05,0.0014679815362664,0.0018697637887291,0.0055818482348326,0.0102366005016006,0.1082139364959732,0.3982498795418794,1.014797820746907,0.5655805959580925,1.0015205401922,0.2817508142855737,0.4815519700605308,0.1390591665598775,0.2416463916246298,0.05267461665397,0.1020121732012627,0.4127778293737275,1.9159749390734255,2.064879591170369,4.4901084973972765,2.6490056674119686,5.286365824878601,2.6569028387918032,5.083025365616459,2.1814895965327032,3.6570391309165142,0.905843074335746,1.56448240753405,0.4774223310852976,0.912738464846886,0.2817197008558169,0.4056216749556245,0.0786842625252881,0.1502421226034125,0.054859389496634,0.1208907810524657,0.0543125449682157,0.0744917874032947,0.0227220355038347,0.090055484252743,0.0991552753719812,0.1715758143128316,0.1331395798163701,0.275061375228708,0.1739340219628373,0.3819327774912513
2025-02-11,APCP,surface,32.0,-124.75,6.244137874261197e-05,0.0013738155428869,0.0018762016847388,0.0052213151115596,0.0045788508435177,0.0102639449807455,0.0111302919654026,0.0701991333977971,0.1994843854173838,0.4929598154575423,0.3628873339104629,0.6140228563735877,0.1264532741570106,0.2411050413463792,0.07046971194292,0.1519834152613245,0.0936749068346445,0.4567258125846816,1.1952038727586816,3.189916645516905,2.1843205936894847,4.575620665614895,2.716726722812264,5.677408237941565,2.788178547350296,4.932213879354342,1.6591555561829443,2.842462569228704,0.7139505199446671,1.2562270442376149,0.5208350920959155,1.0399713169798872,0.2761756511324365,0.4006853038831025,0.0664850633656533,0.1070061655610087,0.0246379364421418,0.0387968892724269,0.0083290235448408,0.0114073638472685,0.0009278567551646,0.0020752487195502,0.0032551944149202,0.0153509337463401,0.0214951460871443,0.0347118504297067,0.0141592915666844,0.0217938151311513,0.0024615960009215,0.0038319667513499,0.0009976819653296,0.0033789744156834,0.0054177076107763,0.0226974199688969,0.0429250097420099,0.0934971933707726
2025-02-12,APCP,surface,32.0,-124.75,0.2150680820163708,0.4835462642193966,0.4026943293763616,0.723585867250932,0.1630262508966353,0.3173147560414857,0.2299725550597573,0.4412423185004395,0.3461580857147588,1.144878277724204,1.6671147713181476,4.553010451285692,3.237614417764875,6.279108918098852,2.931146250657308,5.8614334513646416,2.431004080865038,4.155048787669586,1.229043631616225,2.275714429749468,0.7353051297735103,1.2301615107842658,0.3540831703196221,0.633340716054846,0.143511307209019,0.2179154395958899,0.0432986303437566,0.062626552783316,0.0060087110910443,0.0071672377707428,0.0066126840239974,0.0100573616512173,0.0026026354415083,0.0048400016480115,0.0194576988614352,0.0675470775168138,0.048023039742122,0.096535007127977,0.0459982460361192,0.0755766841324542,0.013731131777338,0.0281916261419243,0.0238530977385645,0.0778309289495525,0.0576584666612915,0.1007536445444322,0.0382225725241181,0.0779922398461163,0.0182333857079387,0.0353001826055276,0.0207576895195195,0.0493301105851189,0.0242732057896584,0.0369926651371679,0.002790579030114,0.0036743162165302
2025-02-13,APCP,surface,32.0,-124.75,0.2901901227638593,1.0461408582382807,1.7545602531642983,4.870025451183188,3.3425269851073507,6.459592745781922,2.9500763731723856,5.803665227927755,2.3107328298140177,3.871322938911271,1.3045480705735228,2.356577507921315,0.7691421088155954,1.3063091718552942,0.3380234956278605,0.5813703233774581,0.1585251588041378,0.2459248575963279,0.0285930875460238,0.038088941032641,0.0017916465968554,0.0018882633753927,0.0040205694881472,0.0070989392888395,0.0065874911767653,0.0662528018249755,0.094766306782254,0.2167485403467712,0.0993511295580824,0.1526853280571675,0.0397284459929738,0.103141321935303,0.0627274373819616,0.1301828756164564,0.0678986251637788,0.1414523989918798,0.0581285433799191,0.0968003538276729,0.0418251867539101,0.0830944591238407,0.0126302788641725,0.0156294317773688,0.0003960145736007,0.0014873846414842,0.0010022960189178,0.0016626178876921,0.0009283187373042,0.0012480810921332,0.0003088392018751,0.0065308233466233,0.032876199104365,0.0901109703873796,0.0457040594338292,0.0674101806282447,0.0318102367953756,0.076924236690308
2025-02-14,APCP,surface,32.0,-124.75,2.3955797378863424,3.9797461054098497,1.3837627735328506,2.406190342817903,0.6770162890193703,1.072781490740586,0.2678996503619427,0.4507977601760389,0.1012866016587441,0.1469020210955761,0.0155588339067968,0.0236497793534969,0.0019394247070635,0.0023501977792892,0.0041151379319479,0.0066166496089627,0.0038726144095733,0.0715921886748326,0.1772952264866106,0.343729496601093,0.1303432219394353,0.2212251609670855,0.0633567951969068,0.1229955614039725,0.0755932865185833,0.1529297987994416,0.0764500264512917,0.1475160641773299,0.0737873987795143,0.1516701334630365,0.0859395913232076,0.1633571709810503,0.0413587710536778,0.0551432078480299,0.0044428392450656,0.0069569702100442,0.0010212272317297,0.0013300664336048,0.001430963874923,0.001965976162326,0.0007425752659338,0.006060963407183,0.0105999443540559,0.1758688043606952,0.3026696584597851,0.433827990741963,0.1134972612474917,0.2523191796050911,0.129638192038295,0.1906697653074232,0.0193829307594471,0.0235024719095248,0.0025394394237566,0.0054229611373259,0.0023396897554835,0.0032308647808619
2025-02-15,APCP,surface,32.0,-124.75,0.1012533562577338,0.1506226327904685,0.0126771334926338,0.0170042136873159,0.0005432395447497,0.0007018359045982,0.0014747474153802,0.0023984044690785,0.0003718856931158,0.0412066349911863,0.1582159199811077,0.4001685544702541,0.1917874885718488,0.31958071984131,0.0666333754886422,0.1114483528648648,0.0421554789110866,0.0768753350700206,0.0380448197072202,0.0896156046325381,0.046756732111468,0.1016920090078074,0.0645621998756712,0.117960160919324,0.0175164454165172,0.0222530279434001,0.0040696506017197,0.0077126434797122,0.0022231439571405,0.0030278026908675,0.0004072327018429,0.0006250673165612,0.0,6.184094857946612e-05,0.0008662583330579,0.0070448966262276,0.0727736694384578,0.3057112093842055,0.2468444147208985,0.6242818758017918,0.4834407948095814,0.8302406861505105,0.2936103533123558,0.550421401485503,0.1711206791349675,0.2786300328831633,0.0461775067976091,0.078272770785256,0.0221766328992902,0.0378340974805034,0.0180025861177786,0.0452079136337291,0.0295755217588351,0.0407294303706846,0.0034121366934108,0.0067722913063029
2025-02-16,APCP,surface,32.0,-124.75,0.0037079115246817,0.0708546046260478,0.2757906378531888,0.6178035672411804,0.2666582282867313,0.4563193716365205,0.0900725903505469,0.1683682926123765,0.0692953664903371,0.1361951563840352,0.0442620963631199,0.0855996634788935,0.0299600577034373,0.0615812751268193,0.0420232054642629,0.0849626366079412,0.022920619908661,0.0386984027136547,0.0134614614746404,0.0190532350885221,0.0019449914165297,0.0026071978464348,0.0059951765925137,0.046256546636463,0.0614837208602905,0.078471365003406,0.0630890436780002,0.6623103404747077,0.496615090734726,0.8564721988918984,0.3439899139997259,0.7242038484095176,0.2948565925866583,0.4821746623855382,0.128034706515654,0.2444277083995935,0.0391171822142884,0.0473578683155121,0.0046858310637588,0.0127176157059712,0.0008475188762636,0.0017657242084746,0.0002660910978316,0.0009707794014367,3.0859550786033146e-05,0.0001542977539301,0.0005309732901101,0.0008721277732735,0.0,0.0,0.0,0.0,3.0859550786033146e-05,0.0005404500834075,0.0025665811265493,0.0046987273701218
2025-02-17,APCP,surface,32.0,-124.75,0.0836697523260825,0.1764025414218757,0.0611984916635208,0.1191050941052425,0.0466986633003857,0.0867141348662507,0.0562510138958415,0.1156152083423655,0.0291640493915335,0.0540139902191005,0.0187134773645808,0.0288043453615101,0.0031670475432135,0.0050813552587826,0.0007467486190606,0.0018917153477448,0.0018889977251202,0.0078113292460005,0.0124463436730568,0.2143272502248121,0.3483400295824286,0.7598660376092167,0.3450505292168093,0.585905562017908,0.2189731768027605,0.4415516875638979,0.1094716354787153,0.1598093026385544,0.0243536013064356,0.0468222124262067,0.0237776401317942,0.055356604591024,0.0183248628944199,0.0229078594257131,0.0002505075311412,0.0006874922558111,3.0859550786033146e-05,0.0001554950059987,0.000560563746854,0.0008097435466517,0.0,0.0007134092633282,0.0013702813470119,0.0065652430917883,0.016992654025674,0.035204960136752,0.006999982862598,0.008033770649227,0.0002333741165923,0.0002333741165923,0.0002787095655913,0.0144237358871831,0.0538412333172527,0.136635546791609,0.1145614047966794,0.2356391829115383
2025-02-18,APCP,surface,32.0,-124.75,0.0246188485578296,0.0346036703771638,0.0063287136795829,0.0107666627575664,0.0035369567022769,0.005116621288512,0.0007471919605521,0.0012153737764004,0.0005592380700358,0.0018928728559955,0.0005288559468665,0.1023717817178319,0.2927138725823103,0.5729646297968611,0.2169566897786163,0.3744710048242708,0.1213130375544254,0.1963553508905031,0.0385822732201884,0.0501856636326497,0.0035944055822498,0.0067956170703226,0.0031019697710785,0.0069411511497751,0.0020659394615008,0.0026801072495819,0.0,0.0,0.0,0.0,0.0007183166559807,0.001344484865904,0.0027010634282369,0.0178495370144707,0.010514039688309,0.0170276671723412,0.0097557734568771,0.0229436617934288,0.0055272967106824,0.0561881350720203,0.1723363087485122,0.3474947390972991,0.1472438578128849,0.3182020480972904,0.2464207109071359,0.4597978449888639,0.1276112394426438,0.2039829246932738,0.0481139804991008,0.0826419967410311,0.0237319002583859,0.0616946376868917,0.0279392626366874,0.0306864824983039,0.0019511645946918,0.0050026182281286
2025-02-19,APCP,surface,32.0,-124.75,0.012126659012654,0.0248882723547953,0.0123371031642165,0.0737041478876205,0.300626824895063,0.6159783200516027,0.2153549909828089,0.4299613619146833,0.2249741851666739,0.3900358931195924,0.1213362263121562,0.2078792251348049,0.0317394259324917,0.0463829064709279,0.0061504434383326,0.009197841966424,0.0004527990154072,0.0005827293729813,3.262487151167023e-05,6.513628554528724e-05,0.0,0.0,0.0010056325508733,0.0016934021138636,0.0022932133951911,0.0058917303115495,0.0031853119230714,0.0136480723653209,0.0201841835397929,0.0278138376562197,0.0629306738505918,0.3183425307456117,0.2843315458102317,0.4495081798820319,0.0852714086256717,0.1352651497035244,0.0495876433277765,0.1081909471007537,0.0508828508602696,0.0617070073901973,0.0023954748546629,0.002550744463374,3.0859550786033146e-05,0.0065000821353723,0.0016453924807148,0.0016764951417446,0.0010009299743859,0.0016931077541839,0.0009909103312615,0.0009909103312615,0.002515374713351,0.0058051913134742,0.0042480237972302,0.0118016495771465,0.0045333397957522,0.0066154593053235
2025-02-20,APCP,surface,32.0,-124.75,0.2475550407735389,0.4628033639369989,0.1488406580767209,0.227140811855593,0.0262929452897216,0.0348110516603806,0.0026339772757288,0.0028275518312573,6.46800000910052e-05,6.46800000910052e-05,0.0,0.0,0.0,0.0,0.0009718336470722,0.0029248518778716,0.0121608833426628,0.0375086164221967,0.0241297593403587,0.0466119855324512,0.0171482867348994,0.0296379501717187,0.0025930690329023,0.0652524433832467,0.3233900470846237,0.6864758687306174,0.307098604799605,0.7640751093069731,0.4746089757230556,0.7965824352058379,0.1339957465076151,0.1825026701207351,0.0283074657793673,0.058609067143644,0.0465843691315971,0.068046150057764,0.0028451587562238,0.0028760183070098,0.001074820323657,0.0036956194846224,0.0434982659482617,0.1502251084758279,0.1126957781117169,0.1913824139810344,0.0276120902610471,0.0398283148370905,0.014955761064762,0.0193164979092329,3.0859550786033146e-05,3.0859550786033146e-05,0.0,0.0,0.0,0.0,0.0001310537425457,0.0002289277403351
2025-02-21,APCP,surface,32.0,-124.75,6.479407202878852e-05,9.741894354045876e-05,0.0,0.0,0.0,0.0,0.0006882697279389,0.0012216168224195,0.0,0.0005604465917919,0.0071442937208258,0.0084810281617264,0.000247120100303,0.0004330067357505,0.0005413869295978,0.0232955486925819,0.1119835588132209,0.3096976044121859,0.1690714638353847,0.3521146780319634,0.3068177288068983,0.600510421838706,0.1561809237031021,0.2322907704851447,0.0546391287233598,0.1648048594991111,0.0997128654735158,0.1362588970704311,0.0139429712138302,0.0172406453114607,0.0217125770492175,0.0745437229308746,0.0352104146573811,0.0506138093697536,0.0033969647241329,0.0037074992520226,0.0,0.0003394550586463,0.000851097035966,0.000851097035966,0.0001337151738969,0.0001337151738969,0.0,0.0,0.0,0.0,3.3401678364183465e-05,3.3401678364183465e-05,0.0,0.0,0.0,0.0,6.669426385298564e-05,0.0001008417619914,0.0001000959422171,0.0245449842494461
2025-02-22,APCP,surface,32.0,-124.75,0.0,0.0,3.1102661029781966e-05,0.0001856441089747,0.0017644611475861,0.0019497402993097,0.0064044581679359,0.0501441690764106,0.1375320939498571,0.3243207937169055,0.2808040198195959,0.6810702252134692,0.5233743556551426,0.9268897988646196,0.1500467990813392,0.2664111889562458,0.1339777759107533,0.2176218484209871,0.009299174341559,0.0112892884989564,0.0150484512714974,0.0929041747689475,0.0765882382665463,0.1133654239915565,0.022466190688529,0.0355147091108897,0.0095994896682711,0.0153630449746201,0.001760577822129,0.002347031134071,0.0003156561740172,0.001738048447692,0.0003709238444693,0.0003709238444693,0.0,0.0,0.0,0.0,0.0,0.0,0.0,0.0,0.0,0.0,0.0,7.051024229774461e-05,0.0035544220044221,0.0051873448415638,0.0024368747618416,0.0098819772160614,0.0111395876631089,0.022615225399637,0.0094728543706155,0.0201525901579442,0.0040131411351852,0.0161318108976771
2025-02-23,APCP,surface,32.0,-124.75,0.1996889067646167,0.4264954101205498,0.3107867313968622,0.770345307772914,0.5828822098061459,0.952317079878099,0.1286674189041017,0.2161373184312695,0.079641984089372,0.1058002365427863,0.0125932300902991,0.0156841991319987,0.0120576881903346,0.0507218512932232,0.0962103158231609,0.1845890498053795,0.0586530315265656,0.0872200480409775,0.0145640039616305,0.0183591599715782,0.0075708139874446,0.0107581049338514,0.0001293308817747,0.0001293308817747,0.0002339183138914,0.0002339183138914,0.0,0.0,0.0,0.0,0.0,0.0,0.0,0.0,6.922032507506758e-05,0.013726358196078,0.0251432862956878,0.041099923011153,0.0105488414836424,0.0340331388163104,0.0108750326518485,0.0423761061043854,0.0434016310419879,0.0851295807012594,0.0444440083815428,0.0845525848709684,0.0341655734212964,0.0639899734021014,0.0402972256044516,0.0881072402539273,0.0404835217692844,0.0778379645946771,0.0309790328327748,0.0491385242330951,0.0333355977439309,0.0563536966110211
2025-02-24,APCP,surface,32.0,-124.75,0.0977032284064174,0.126196730884213,0.0092965138106105,0.0215145273539008,0.0088724599110631,0.0449440052639542,0.0834621309132971,0.1747834598049828,0.0662223051039816,0.1002228069879941,0.022414193109465,0.0324463317947089,0.0078079347462507,0.0159802590149544,0.0006568040262233,0.0009364181447557,0.0002664459910046,0.0002664459910046,0.0,0.0,0.0,0.0,3.262487151167023e-05,3.262487151167023e-05,0.0,0.0,0.0,0.0,0.0,0.0008055558217729,0.0029786449302467,0.0032204546967553,3.4251470693049405e-05,0.0010300319638382,0.0014268278867749,0.0537873825352496,0.0831330161123069,0.128399965477802,0.0296207046510524,0.0396527900228158,0.00672348669728,0.0187424554793172,0.0111984068541143,0.0240926238307392,0.0072838783403811,0.0147826143567603,0.0065199341581755,0.014339534612299,0.0002092870853658,0.0063224544855201,0.0255543070843832,0.1151019811686557,0.1373973854895313,0.2823149383278802,0.1810529777935396,0.3885719530737132
2025-02-25,APCP,surface,32.0,-124.75,0.0687665037434895,0.1065817461660774,0.0161874446881166,0.0218203403112697,0.0092147037268118,0.0115075433670655,0.0002884401054148,0.0003216229678006,0.0003330305317545,0.0003330305317545,0.0,0.0,0.0,0.0,6.524974302334046e-05,6.524974302334046e-05,0.0,0.0,0.0,0.0008278664522572,0.0078643880977363,0.0191148678463272,0.0057059465985686,0.0097569309307781,0.004581182983392,0.0073370457211589,0.007686138254972,0.0702785802221168,0.1119667358959566,0.171056300929472,0.0600826384992856,0.1707015011072637,0.1255777964136624,0.2164887894590242,0.0792167675349348,0.1543376958615344,0.0657009044114448,0.127927294070973,0.0522664331107325,0.0835885511129937,0.0236895709734986,0.1311490866168723,0.2274408088073284,0.538343598915244,0.3056886419255826,0.6079995258543436,0.2904244809109704,0.5122684593675043,0.1419262973523475,0.2071051517383903,0.080562860470758,0.2086975239053166,0.1893256393380984,0.3964173630869195,0.2127064611887258,0.4975854106322055
2025-02-26,APCP,surface,32.0,-124.75,3.351013880437557e-05,3.351013880437557e-05,0.0,0.0,0.0,0.0,0.0002525760251008,0.0004096445530755,0.0,0.0,0.0,0.0001027537624018,0.0010306104667576,0.0036993758622234,0.0024541432620869,0.0027067218236731,3.5255121148872307e-05,0.0004829569613195,0.0017002123270411,0.0065300664021085,0.0127378878603039,0.0444123996768605,0.0296492082666856,0.0722162355019918,0.0290287713306819,0.074597201384527,0.0882064098478331,0.1706266952674373,0.045615208575058,0.0668987158216573,0.0311586387169193,0.0903230128942913,0.035688725132928,0.1158281826061211,0.3134125904940019,0.6929195588351809,0.4392188722132088,0.9017984798628066,0.3588440099918507,0.6486431842703331,0.2426233820029746,0.4660476718360755,0.2281128542738938,0.4951380902139577,0.4002937583471764,0.8800025022256187,0.5082089693945117,0.9682000687180884,0.4861267222151677,0.9145292463977336,0.3319533791530653,0.5714395106315748,0.1685391734283845,0.2776031722237094,0.1089554583958275,0.1790337796694479
2025-02-27,APCP,surface,32.0,-124.75,0.0,0.0,0.0,0.0,0.0006598519924297,0.0077261483121678,0.0014316025091749,0.0019684608816871,0.0004147196712196,0.00225342563599,0.0028831649005333,0.0177053227553209,0.0367716587677693,0.0616689176240372,0.0172703238067525,0.0373283585691974,0.0089492325685712,0.0243629422393452,0.0215585501219586,0.0458949435443266,0.0146894977164516,0.0196386298670558,0.0111032813035622,0.0887828135437565,0.1803098469572377,0.5146867975750077,0.3820574171136434,0.7550383814941851,0.3809590698850071,0.7098919842559211,0.4205885911492263,0.948332836185184,0.4395248530856112,0.6998053175069812,0.2245814257928555,0.4857494070757162,0.25648752893983,0.4456255412295908,0.1888924144205754,0.3828492888984052,0.1500978744242598,0.2799169789635677,0.0881816427236054,0.1568643234285084,0.0568536625278999,0.0877785063298825,0.0115394432032207,0.0164119295525785,0.0009002002746747,0.0009310598254607,0.0,0.0,0.0,0.0004003986516136,0.0016686401020226,0.0069064308025547
2025-02-28,APCP,surface,32.0,-124.75,0.0005605395068826,0.0007668566125922,0.0063363900426769,0.0288657169196346,0.0215279542928766,0.0421286189595334,0.0220063784954082,0.0492456382906089,0.0026058222691158,0.0115747211592361,0.0055579282867393,0.0100747303635338,0.0034574425914747,0.0061856296227365,0.0018527035098891,0.0151681579949696,0.0494514144838181,0.175428015841388,0.2863606768206476,0.7350649386543054,0.528766576818313,1.0960193539216931,0.5989349900849762,1.282058433966694,0.6980600995787422,1.2994183926703775,0.6276965085510635,1.2165425917840065,0.4902708201601174,0.8588851968646385,0.2418257065025083,0.4355089662990888,0.1523890352650099,0.2487272305689453,0.0688798106635883,0.1314995650911667,0.0402418133016494,0.0628572303567012,0.0112253640966699,0.0153763734182573,0.0004554499452246,0.0009739846182253,0.0,0.0017860979394202,0.0038878355034204,0.0471985652829249,0.0734083218122176,0.1318755687500598,0.0758073082416199,0.2263038993030294,0.3073395107548277,0.7211914338685772,0.4319872110110938,0.7924137205135455,0.3799757187626867,0.8098787158219758
2025-03-01,APCP,surface,32.0,-124.75,0.0117909483200534,0.0244945344188287,0.0030059286236662,0.0051882706165794,0.0019121720576275,0.0035361149836965,0.0014001722880426,0.0409030691385463,0.107930276138253,0.2646680787900736,0.1941017648585604,0.511797427647491,0.3291276112831513,0.7329710260679597,0.4245598106667859,1.0443573046079109,0.5881797777570048,0.9403815719376926,0.2898286267211081,0.6107805366160545,0.2908592850243308,0.4751046358533622,0.1108888578397304,0.1741121999054568,0.0247559713229957,0.0449609259137567,0.0220477091526091,0.0458644864316738,0.1182646355278014,0.2980965696653504,0.1205296616757624,0.1737538817584392,0.0248719731976777,0.0351206007876227,0.0104217569795041,0.0412253367557236,0.0942332546244944,0.2353253953968767,0.148496788897871,0.4100229179250731,0.4482272927002565,1.165616141529235,0.8555641063003759,1.8360173661722088,0.7034038370712918,1.1613462415910425,0.4736747904589588,1.0536612109350496,0.4505334283089956,0.7236404114369102,0.2484174501645147,0.466197604408909,0.162877670369253,0.2596479480134859,0.0673175192460281,0.0907061337571724
2025-03-02,APCP,surface,32.0,-124.75,0.1366558227770394,0.3276209670287947,0.3281446408132972,0.7874018965274306,0.410028568646714,0.8801264113598454,0.636721993712535,1.309387274825324,0.5562709475392832,0.9778110244949834,0.4033396135970242,0.8110842055504406,0.3330086905340409,0.5518746180666675,0.1310191946587943,0.2291402697717355,0.044427235494696,0.0647156106358077,0.0113831972750469,0.0534773213857608,0.0989112416867006,0.2124125709962026,0.0538407109552338,0.0821016384241533,0.0132892869798318,0.0446586122521584,0.1073241364770778,0.3892587652333321,0.4519305425481754,0.9774942724308722,0.5871778011020579,1.4863684162838493,1.1166224021991158,2.211732638399921,1.091363497492269,2.1644204581079047,0.9219376004098478,1.697744184580265,0.8136862971973386,1.5202548355937544,0.5345442018698685,0.9874819997946526,0.39462569365146,0.6106853403850495,0.1097755794833145,0.1625366492649567,0.0278860417391766,0.0521835844677494,0.0145465612811553,0.0192927423134707,3.2961534383447884e-05,0.00013872689783,0.0,0.0006929166060557,0.0033964711776533,0.0043898912665622
2025-03-03,APCP,surface,32.0,-124.75,0.5844032172789597,0.9483015368198462,0.3443525596721285,0.7105379668645123,0.3314981136796266,0.5920842655695574,0.1755776537632332,0.2829026124618964,0.0384084929189603,0.0581510294916922,0.0079112185447177,0.0380299623358353,0.0848536527141716,0.1859977252079813,0.0496944430587641,0.0743662663286922,0.0322232897063458,0.1859230251637769,0.2000390969608873,0.645366731314204,0.7697612798939454,1.7041152753232425,1.0295252223273113,2.2420874097083807,1.354461910026613,2.7026141423331773,1.2804431691718523,2.66045212533564,1.2090316316277356,2.0431284774216913,0.7896521456096757,1.551472374651147,0.6231979102789162,1.1272327436186202,0.4456618008070168,0.8135830382296709,0.3257305633020427,0.4748806291334748,0.0428026797974976,0.0647809919943156,0.0105388683698926,0.0150815585406508,0.0004226453124352,0.0004226453124352,0.0,0.0004645412222463,0.0018187650849459,0.0023168764654513,0.0,6.328196415272572e-05,9.462657984611885e-05,0.0002211905081515,0.0017203239611484,0.0054888160703329,0.003912685362888,0.1919971104765509
2025-03-04,APCP,surface,32.0,-124.75,0.0204262219400879,0.0315895760582816,0.0048947359694708,0.0220152221081157,0.0840937266498374,0.2033083052494312,0.0410556071500018,0.0617351357588828,0.0183195479821558,0.0824808715936089,0.1258820496513827,0.3548169114437057,0.3976455230755009,0.8504825423648625,0.4891775389673006,1.2103810766148304,0.8590183470944801,1.736429027826676,0.8916421441259903,1.7741404746634633,0.7349065614477936,1.3146411957110922,0.8226951008548978,1.6830355796374432,0.7965760558802844,1.5354688111792802,0.7193980089067287,1.2733171004631134,0.4599438972114265,0.711975363283925,0.1377239150015588,0.2152963408938692,0.0166104985012818,0.0201540977867512,0.0002538565932188,0.0002538565932188,3.2961534383447884e-05,3.2961534383447884e-05,0.0001970682851562,0.0002615000470687,0.0,0.0,0.0,0.0,7.002065844076023e-05,0.000800292222783,0.000239322301615,0.0013656952304514,0.0150097105646679,0.1520505745832848,0.2269175801650927,0.6561121260273762,0.6363187886600298,1.3788972888998636,0.7275790979365877,1.5494389891776383
2025-03-05,APCP,surface,32.0,-124.75,0.0352468483588767,0.1627419103231362,0.2593307470120141,0.7130422090431121,0.6557985284712622,1.37153693471867,0.8483489745318779,1.9135131126824896,1.0213023034085975,1.9245139405075904,0.915661263260264,1.8693234933149303,0.8005862042325462,1.4351154465960658,0.587160253559335,1.1241712349801083,0.3366307762282617,0.5103907154307764,0.1157347833606751,0.2086929827961218,0.0550016199041944,0.0863045113857056,0.0302618398836464,0.0597653410420279,0.0136236235813998,0.0164812595834145,0.0001301591136125,0.0001301591136125,0.0,0.0,0.0001636879421998,0.0001636879421998,0.0,0.0,0.0,0.0,0.0,0.0001371726835464,0.000731428324076,0.002216631368766,0.0016875499498457,0.1558396232560573,0.4818333253491846,1.082686198386715,0.7379503841471045,1.5860518508373314,0.7256234161237718,1.59495302860934,1.1698042791832797,2.197790710454197,0.9297001004116296,1.9757526952478657,0.9101549254332768,1.52957888205512,0.4413205736031558,0.9921424918155268
2025-03-06,APCP,surface,32.0,-124.75,1.0255649118874548,1.888068940634268,0.8817716554699101,1.7530142562858493,0.8648691662477939,1.6786196222073464,0.7059517909111095,1.275679269302444,0.4210225051186032,0.706800972458383,0.1471282389282891,0.2980609996201725,0.0787342850692616,0.1331824059821487,0.022977895812482,0.0531671159739185,0.0121668773655962,0.0135081195593176,6.513628554528724e-05,9.809781992873512e-05,0.0,3.307251127387237e-05,0.0009504966312415,0.001114963887846,0.0,0.0,0.0,0.0,0.0006972558614225,0.0046358381531804,0.0067232351691631,0.0146510329624693,0.0099573976517449,0.2080773926725435,0.3983115757089445,0.8446817598853683,0.4696134064608914,1.0169159995800283,0.5658062453030344,1.3970413241149409,1.0929215973348363,1.8530230008987156,0.5575846538289823,1.2377681855905769,0.6145998590349214,0.9075260332174452,0.1149701612308732,0.186817536463402,0.1071330733469808,0.4113923549697574,0.8306521183931709,2.0357915276730942,1.3311960676291756,2.9506071718647924,2.349136437678866,5.089082105746886
2025-03-07,APCP,surface,32.0,-124.75,0.4357714419282803,0.6841143622023036,0.1573626246115323,0.3065169458340435,0.0689006390536515,0.1156812749344489,0.0164428747543341,0.0335350608726027,0.0049313946024818,0.0059997876570374,0.0001302725710905,0.000163234105474,0.0,0.0,0.0010122962510544,0.0010778838972545,0.0,0.0,0.0,0.0,0.0010511637581734,0.0042094667311386,0.0048876779563778,0.0121010783137443,0.0048445428764417,0.0109379124655436,0.1381990862562657,0.4707839243190855,0.4307302678962119,0.8727544341624472,0.5363062799162049,1.1798200489477884,0.4643142951886752,0.7305049802966962,0.2095203044293508,0.3798029482162259,0.1923930473410449,0.477237472854184,0.3297013433491785,0.4248550348650594,0.0362229906757738,0.1725109828990244,0.2787995121079111,1.0090953110556458,1.0228555443560372,2.2772407204984892,1.5183578951165613,3.2781603274972477,1.8447770317152885,3.674632389925071,1.73359948174129,3.4149564563674497,1.5420565438578675,2.8024533794880844,1.0818748091398716,1.9138497601323572
2025-03-08,APCP,surface,32.0,-124.75,0.003754940636935,0.0040823289110807,0.0,9.67143365106788e-05,3.2961534383447884e-05,3.2961534383447884e-05,0.0008496918784413,0.0009810909929807,0.0,0.0,0.0,0.0,3.5255121148872307e-05,0.0009126151155682,0.0021888079064617,0.0057907452829305,0.0050034903634517,0.0094583283207314,0.0027773114054698,0.0142245184584465,0.0590769961742094,0.1581621386486556,0.1208523222275654,0.4255006314017149,0.3158664289305363,0.42171698291623,0.1413239345234145,0.3825195400347204,0.2194287299013498,0.3346479936877197,0.1177489670107375,0.1883994059896458,0.0863238575731601,0.2117864158588085,0.2095900100232055,0.6042867481848383,0.5906834165152028,1.5556441466359856,1.2856035724921062,3.010001612104841,1.8961946755471943,3.760126706075236,1.5616876845446543,2.966629720064527,1.19681279443663,2.1419609158901336,0.6530748515629337,1.1745844711766904,0.360371355679518,0.5239717418795329,0.1096452600335811,0.3268959030362536,0.3286386128596485,0.7358835895887959,0.4370922435157475,0.9229670905505248
2025-03-09,APCP,surface,32.0,-124.75,0.0,0.000313527713063,0.0004996521733762,0.0005305117241623,0.0002112379107969,0.0017138066625218,0.0023492135972039,0.0062824407420874,0.0053964561286791,0.0111098405167651,0.0030590081471764,0.0133560827309696,0.0420773116790363,0.0763617071927061,0.0933446685904091,0.3909041696290918,0.4081020269367842,0.6327105980262081,0.0685714936074757,0.1974538569906339,0.2138698728178371,0.5095892971834943,0.1689261757733736,0.297053061550759,0.0669981541020541,0.1059771879857079,0.0932147064336748,0.3384756586969125,0.6232177147076089,1.750435707864021,1.1494535536679031,2.434433557825411,1.4240175458979496,2.9103170432578405,1.6142337463766574,3.2339544953496873,1.5342555103173945,2.937580243459026,1.254311903301718,1.879432567322848,0.360782028746247,0.5818579385068303,0.1137109548383771,0.2464560479894262,0.1460676965176105,0.3157071506556482,0.1276917862771496,0.2167193660148341,0.0411076400077271,0.0614566259590229,0.0280710858227847,0.0757619645456955,0.0939382196141755,0.3038827705822994,0.4115813540543075,1.030691197156152
2025-03-10,APCP,surface,32.0,-124.75,0.0073195384502373,0.0144308925913877,0.0046197413428472,0.0668648390306962,0.132258468328614,0.2369602771053669,0.1327514942056773,0.3971873692721532,0.6293586563667535,1.1145414785587804,0.3498569369957344,0.7125484071386862,0.2484294953897033,0.5117141930351752,0.2806375398429885,0.6613912718326412,0.2258739888570002,0.3228804415390937,0.1550594828650461,0.4862365597350377,0.5385834016799637,1.643217163779649,1.768419233467578,3.635383649129915,1.752735987761564,3.4028888870550924,1.6479625641103302,3.360068930864508,1.7159118901837584,3.2399774179470064,1.4594073330283326,2.243308834765307,0.4128526424375041,0.6295413248140092,0.0955043290296617,0.3094530163176083,0.519408120043186,1.139216237646386,0.5346236000516233,1.0027522018298525,0.3794360933369808,0.7449309953200994,0.3119792704065733,0.5923278454867429,0.1902738082170063,0.3278471561368448,0.1017996237585751,0.1547812791468606,0.1137651561636389,0.3072324453139405,0.6421495947661823,1.7750901616938304,1.0685660975128095,2.05493885328171,0.974015608605046,1.978338224148888
2025-03-11,APCP,surface,32.0,-124.75,0.5210270881580819,0.981461722834896,0.3842676913648112,0.691952826008038,0.2497430733234389,0.4877829705374121,0.2482531056302627,0.5382879763376093,0.2241921167788863,0.4144539008224722,0.1157727633820363,0.3930239916644538,0.736251079261686,2.0090792854501363,1.73107959136374,3.581101430405816,1.7955256481466288,3.502827436044564,1.6058064836476358,3.139903431199282,1.5114727951622196,2.8625131227345384,1.2078340425122054,1.8309281647401363,0.2915906313606936,0.4126328249984976,0.0829446294520546,0.505160134872976,0.6119032860890654,1.121528528843141,0.4123829619495627,0.902704267650714,0.4174001566428463,0.7769402505308088,0.2907535451211897,0.4823717806087964,0.0778867690772499,0.1226992693576111,0.0639005531923836,0.1242049378140999,0.0763905530249181,0.1637542008303936,0.0904210360152592,0.2393347637574487,0.4009995870091303,1.0837949745215485,0.6912075196888996,1.317282432723844,0.6136194278059863,1.3642456436672945,0.7964474725208969,1.4710398308327193,0.5132301386040079,0.907132364924342,0.4008589902260362,0.8480247291141628
2025-03-12,APCP,surface,32.0,-124.75,0.1200921606895087,0.1705671418637125,0.1099391776016052,0.3306730007779473,0.3425210456265649,1.351787058170004,1.626322549020753,3.4213404977450654,1.7984261553169063,3.474923820499842,1.6835616253244927,3.3667233303599415,1.6242647216890234,3.0659340775281243,1.293191547953796,1.9586779590138728,0.3160299939479306,0.4600245710363412,0.2358703121428643,1.0613128219109795,1.0901192338486356,1.989515426195884,0.5996282549779628,0.972416822922713,0.2760592467104108,0.4626261309084082,0.1464244643999987,0.2471342013126117,0.0755189945074459,0.1644641577226932,0.1190119647200308,0.3036768175094655,0.2903775860641648,0.5391605883760072,0.2315787830802942,0.5057037162049755,0.2745003802274042,0.6946392309239366,0.6963063767902307,1.5884168684491544,0.9563620273828758,1.8992399937010092,0.8057807586895451,1.573629928369251,0.5061752196508135,0.7762071689674533,0.2950937276104499,0.5856794868376608,0.2045660434540508,0.2798389985141842,0.0241362920798415,0.0377365562397275,0.0035308401969059,0.0132612337562238,0.0134896232375393,0.0199484382729876
2025-03-13,APCP,surface,32.0,-124.75,1.799999537889299,3.408613526353826,1.6372640851675242,3.3218773692580412,1.5332952631810453,2.961892913369737,1.4455211631923723,2.1978970210782647,0.3306291038765644,0.469851984621874,0.3534252507298966,1.4797924980822184,1.342881898689293,2.367561569371479,0.7577230168245241,1.3909531862066276,0.4578529682280435,0.7162548890820435,0.1212966309625633,0.1721887314639584,0.0241974705847648,0.0656289549446029,0.0826128867236613,0.2569133029786868,0.2420015620032571,0.4798458481684704,0.1893740913865791,0.2844426114492153,0.1202427459335286,0.2662260060573855,0.1990687404985081,0.5867509669314845,0.774349949996891,1.5588840002025508,0.7799961527521827,1.535183130595303,0.7639790693382332,1.387941851373632,0.5480169941823213,1.0642403266289546,0.3765284571876564,0.5859314403708986,0.1583093782324612,0.2539638841128806,0.0436817328650774,0.0804627561244483,0.0549059951807182,0.0933875318259584,0.0115666731980342,0.0129579713196503,3.0859550786033146e-05,3.0859550786033146e-05,9.306545661664793e-05,0.0013762738398702,0.0080570237139142,0.1214242026294874
2025-03-14,APCP,surface,32.0,-124.75,0.2960204336483739,0.4290069086021167,0.3489058095285753,1.46356572202541,1.327525241491681,2.490149875812769,1.0068014604864084,1.8357473675450433,0.6038263501283964,0.8878236087450968,0.1266444696930241,0.2021922415117079,0.0392870712445236,0.0881148140358318,0.1200877994174253,0.4103187438623924,0.3313570876703755,0.6630743997302088,0.2214830898333575,0.3985251728926532,0.1798455086471015,0.4283941645816337,0.5579389678981016,1.2378975410029736,0.5793891837974037,1.0941276166738882,0.4064874544096223,0.8396160037184017,0.5187580794227964,1.1787120080073648,0.8294710092256224,1.6661019010404603,0.7223380777157734,1.2242830780298992,0.219411563185619,0.3263355205295133,0.024608402341575,0.0325116389015377,0.0088869125386937,0.0154637655848909,0.0009143321659696,0.0010094319764024,0.0,0.0,0.0,0.0011639446030217,0.0043010348505136,0.0058055011937522,0.0,0.0,0.0538610557756928,0.3027317302211544,0.2431507802068268,0.4677136700856762,0.3318807684238666,0.6965516652338477
2025-03-15,APCP,surface,32.0,-124.75,0.6533347940944001,1.0374548111340938,0.194692366951877,0.2880940881323033,0.0555505622598232,0.1345172219068322,0.1162257213292166,0.2406050863217765,0.1764284332752239,0.3522592389197127,0.161992602009386,0.3110063158528223,0.2080151185030372,0.5579451827075932,0.5958419332098186,1.3698447587480946,0.707209791412567,1.4927363328813796,0.7705669894929541,1.621272138557459,0.8836476347987479,1.7134850429307067,0.6947767431661818,1.2393702507464357,0.3734564467008465,0.5095742940247432,0.0661780418069063,0.0934252463591621,0.008551152792068,0.0162416755478668,0.006221602548752,0.0129635154949273,0.0011220249605197,0.0011220249605197,0.0,0.0,9.95479591484075e-05,0.0024752152378825,0.095326522861166,0.3597244009919922,0.2612471029813196,0.4928146079437508,0.2031346729971017,0.4002815321928846,0.1290924234803511,0.2290529780459411,0.1016723363836461,0.1727218157147574,0.0224726796776603,0.0358691362069624,0.0433993231945453,0.128421836591773,0.1635547997033634,0.4176766281162822,0.2910704206803719,0.6360495386101127
2025-03-16,APCP,surface,32.0,-124.75,0.1481791086830184,0.300405844832335,0.1447682881153648,0.3330710750108293,0.1926503828815026,0.5743621713542283,0.6306412270730597,1.3977792116941103,0.7191340685667919,1.4054452969561235,0.6679595344260061,1.338369637633762,0.6841724599565007,1.3703867185598122,0.7441105972306672,1.5620899844114038,0.7278146122746233,1.115235521142902,0.183273537587797,0.2834114188865738,0.0307471699040206,0.0456681545357731,0.0092447227453084,0.0185417272022789,0.0029954628424017,0.0040232174991687,3.0859550786033146e-05,3.0859550786033146e-05,0.0002950634914122,0.0029568073510209,0.0351879955665941,0.432333834121766,0.5892632142216682,1.0501815496536548,0.3984302978880752,0.7181540122817063,0.1830474578685812,0.3294198177748746,0.1116520766917902,0.1573541642152763,0.0087809299796407,0.0114145391960776,0.0032526444036946,0.0244455112050638,0.0895965489778781,0.2233664696704444,0.1109540613838511,0.2287058253523632,0.1218730502039786,0.1638363640199385,0.0193764468314597,0.0412665061048777,0.0196818644192837,0.0239265638626511,0.0026056299643518,0.0061612341693743
2025-03-17,APCP,surface,32.0,-124.75,0.6933126845743359,1.3270813477150951,0.5869684972852844,1.2478170837834952,0.6675862765552957,1.3025954087125666,0.70324617524955,1.462891597524795,0.7065502323797084,1.142321010102601,0.2062108573616651,0.32356659733821,0.0404617818773967,0.0746994430587378,0.0271893292244029,0.0511268445248638,0.0070364495867789,0.0079247188014481,0.0,6.184094857946612e-05,0.0001947213619197,0.0045264252723534,0.1602276492035384,0.6381439783382213,0.2665438762194895,0.3681058907604513,0.0548678229667609,0.1087855185902565,0.0472473459781086,0.0862515152264865,0.0329436308730269,0.0607569560297262,0.0077350685192786,0.0118147215044726,0.0080029642649144,0.0261635242369974,0.0335271020800177,0.0593261362373516,0.0285170924317559,0.089800886274808,0.095054460938223,0.1600007942827841,0.0446661026204751,0.1101223703717732,0.0211890732387598,0.0285943392673251,0.0021806806058446,0.0033240743477973,0.0,0.0,0.0,0.0,0.0,0.0004372421029876,0.0009393731143479,0.002678677111832
2025-03-18,APCP,surface,32.0,-124.75,0.7820579802423032,1.203308717508583,0.2262712175519063,0.3528095595834455,0.0409142882474273,0.0696757806197329,0.0308469218467299,0.0579947330336735,0.0068842288302745,0.0075871978109281,0.0,0.0,3.228265799517151e-05,0.0015608970543045,0.0459478102867935,0.5428704888182677,0.3453116730746609,0.5281284699397868,0.0863492553781351,0.1739971892899298,0.0738132386142638,0.1194080028475231,0.0352118591912118,0.0664713845766962,0.0318913648658579,0.078349551932849,0.0515305275012499,0.0948815349863765,0.052448906592737,0.1160066334430928,0.0831349415732446,0.1896292362914692,0.0908119392005931,0.1721936932953892,0.0470861638688542,0.0891415771462909,0.048223432252996,0.0987470880292204,0.0530164331505011,0.1150633789623062,0.0463778644792177,0.0573540638465704,0.0015785668771891,0.0026968147697207,0.0002163806427882,0.000619007009126,0.0005293203366334,0.001460880552116,3.351013880437557e-05,3.351013880437557e-05,0.0,0.0,0.0,9.55501259755708e-05,0.0006032482556866,0.0009192221416774
2025-03-19,APCP,surface,32.0,-124.75,0.0037869983688592,0.0042960665299487,0.0,0.0,0.0,0.0008184999156743,0.0096686815654025,0.4496226854846156,0.3987801237445325,0.5982526771955982,0.0600446279479074,0.0892484039360525,0.0264079630913303,0.0434436222820464,0.0298190371947615,0.0871446276481827,0.0593607986007482,0.1164040621025921,0.0375507434749556,0.0721567947697884,0.0138979124387353,0.0235154003042252,0.0323672255089076,0.0996470596676087,0.0686246171729358,0.1206164354030833,0.0510927673903269,0.1316238414997511,0.0858646434631294,0.1379983163564348,0.0486255158736404,0.1044198411323316,0.0280166971302452,0.0343658934363369,0.0006186502585311,0.0008969948668714,3.0859550786033146e-05,0.0002196840584582,0.0001886671837369,0.0008726840445291,0.0003979705063724,0.0004310430176463,0.0,3.486158964810724e-05,0.0009123169682663,0.0019606635155709,0.0008553360196106,0.0019307107534019,0.0015612004422042,0.0034206933260152,0.0015436615603082,0.0034007859457011,0.0031879553113026,0.0043120017726703,3.262487151167023e-05,0.0022244995182473
2025-03-20,APCP,surface,32.0,-124.75,0.4446442721424853,0.6738619512318509,0.0675173503856174,0.0945879348047512,0.0114726295388064,0.0196635909562138,0.0195507569113552,0.0768666873358556,0.074154535589296,0.1308004296286335,0.0257396697607919,0.0469398454319983,0.09220162617625,0.2886923794454862,0.1951576724654082,0.3904710164484151,0.1348513458069347,0.2637554853648364,0.1342778842033316,0.236640846819623,0.0717994678444775,0.1216945069062762,0.0433293409811872,0.0838194446797787,0.0181494843139301,0.0218007921682463,0.0002909882625347,0.0008548970550543,0.001474119567537,0.0035279938940212,0.0005518264749593,0.0021613810160582,0.0015957045464443,0.0018072352733375,0.0,0.0,0.0002177110019002,0.0004740170617538,0.0005725163234455,0.0012549716491284,0.0004984964139094,0.0011436152313728,0.0007940192111969,0.0019962281689304,0.0018771129356608,0.0031218126458591,0.0003192839353371,0.0020367902542514,0.0051978475251433,0.0136507588412369,0.005341287584432,0.0079145455907216,0.0020670874227735,0.0055271662473805,0.0043705092390834,0.0362705064205417
2025-03-21,APCP,surface,32.0,-124.75,0.0849766387481385,0.1490927380465568,0.0095549085063849,0.0222701676240796,0.0746066294714824,0.2063347291790844,0.1482084875242262,0.3408396172113871,0.2002463329969025,0.3430817841626681,0.0835920801830919,0.1551611075994298,0.0735344555660176,0.1385450561757173,0.0423083842116307,0.0772337932171692,0.0115675040858108,0.0145298831643157,0.00085202380537,0.0014436595334557,3.404287802073778e-05,0.0004268948613404,0.0004686573020402,0.0012714014120512,0.0002896002430696,0.0002896002430696,0.0,0.0,0.0,6.292525446390055e-05,0.0002833669693195,0.0005037967878105,0.0,0.0,0.0,0.0,0.0,0.0,3.262487151167023e-05,0.0026099235217242,0.010282540910631,0.0115996313033221,3.134342650732172e-05,3.134342650732172e-05,0.0,0.0001551477617036,0.0020543722281778,0.0253790344157188,0.040759627753427,0.0568105948424368,0.0094841588686329,0.0208486584395525,0.0095135375761011,0.0206755486153883,0.0186009245169715,0.0381182056911427
2025-03-22,APCP,surface,32.0,-124.75,0.1632335247874544,0.2951588034905845,0.0900651265417923,0.1646398147838771,0.0519993469069311,0.107247874025711,0.0530064393737562,0.1034000384155563,0.0250692382771707,0.0393834861325153,0.0061877281847402,0.0074605368915661,0.0002251244588348,0.0006382786627944,0.000281966610681,0.0009600338137954,0.0002907802693207,0.0002907802693207,0.0,0.0,0.0,6.292525446390055e-05,0.0002534286150812,0.0004778225840793,0.0,0.0,0.0,0.0,0.0,3.476154644645292e-05,0.0004751911885614,0.0029292440188552,0.0116872227436668,0.0211494672008249,0.0056987267773319,0.0165640961177358,0.0077736780227085,0.0119393484357784,0.0082083253089265,0.0482825050952567,0.0437794405550424,0.1183827779609887,0.079266393463624,0.1302112911258302,0.0243505579535711,0.0451697917892344,0.0242570746503567,0.0718826453630671,0.0391865579833492,0.0471500865858942,0.0067110077271027,0.0101620004493183,0.0012816751201666,0.0069364949117866,0.0136334444521868,0.0434257197425946
2025-03-23,APCP,surface,32.0,-124.75,0.0265855708022188,0.0401744094483232,0.0044508835169723,0.0047747322177057,6.171910157206629e-05,0.0002817934951483,0.0005776427685495,0.0013783328310522,0.0004437705107618,0.0004437705107618,0.0,0.0,0.0,9.414859253594068e-05,0.0002523855715261,0.0006634139516361,0.0011897165143708,0.0027856275622631,0.0013232074555811,0.0021507715113612,0.0003559874584848,0.0006152939674646,6.23259991018221e-05,0.0015990002593163,0.0070033709780562,0.0147534234787639,0.0078974695764689,0.0231890740046973,0.0210441025723149,0.0398924733588989,0.0252652854859336,0.0921176836351786,0.0724653163955144,0.1249534970461435,0.0526720985362081,0.1288564048984545,0.0694763938031968,0.1547348767108941,0.112966643782326,0.2229839722886201,0.1034937460023546,0.1430292501676476,0.0179696882787267,0.0368973708325985,0.0255530648443699,0.047471998917118,0.0153218971904956,0.0386116378198935,0.026266072366076,0.0403971557378173,0.003343012463524,0.004580368085305,0.0004547028942597,0.0004874406065038,3.1102661029781966e-05,0.0006035670160277
2025-03-24,APCP,surface,32.0,-124.75,0.001539317160028,0.002310706472308,0.0001410204845954,0.0002465910827494,0.0,9.414859253594068e-05,0.00044790788564,0.0011823362256494,0.0013540328378839,0.0021068607362823,0.0002822067899439,0.0003783244732826,0.0004777296258039,0.0008270771025957,0.0001888610617001,0.0012339741091709,0.0053813363166148,0.0085323574047101,0.0031404283877372,0.0165297409348276,0.0303128599640864,0.0977005833353972,0.0703738413284622,0.1931735339055278,0.1276950260702234,0.2294374028904806,0.1161527562547532,0.2946651581299199,0.2350446750852469,0.430754221709814,0.2601735124396454,0.549290277496026,0.3071803262227892,0.584283723098695,0.2137631115485556,0.3888227640551779,0.0803400295521674,0.1728653620711873,0.225164335922782,0.5108080295706753,0.2315388956748648,0.3975097416046509,0.1497045205091927,0.2723976008624213,0.0551870737421763,0.095042821611907,0.0393503234791321,0.0486244408573198,0.0003474536648836,0.0037444053530075,0.0154609403414609,0.0888910151141317,0.1754108033782826,0.4193340879017158,0.3319163163921912,1.1521959090573684
2025-03-25,APCP,surface,32.0,-124.75,0.0010360905333897,0.0011025647230278,0.0,0.0,0.0,0.0,9.776115705695747e-05,0.0006987134935605,0.0033132172266256,0.0052339307317537,0.0003352816221699,0.0020065953345177,0.010583218422492,0.0362320628997697,0.0368135369861348,0.1496489904613558,0.0737120062664736,0.125970392136938,0.0861413171713836,0.220337960908905,0.1488933809567308,0.3116297406932845,0.2385262373496853,0.5399627502016096,0.3536431430547873,0.7094835798749706,0.1886757691158387,0.310693149638142,0.0948619591365095,0.2066830557631548,0.1430455826618847,0.3089560191346202,0.1982509057428067,0.4013625081261662,0.1721537586468859,0.3124864153975754,0.0986187670531572,0.1285112163502047,0.0120181660335526,0.0132210431071809,3.307251127387237e-05,0.0024331984006961,0.030670004699802,0.3008948536830562,0.823133006859249,1.6916599020359877,0.6621872585929127,1.1624099655654914,0.356588899731907,0.583999439985996,0.1391007395150103,0.2417361084354844,0.1085907938882104,0.2387257076601869,0.2838660133576408,0.5715360698531802
2025-03-26,APCP,surface,32.0,-124.75,0.005510731875699,0.017632456128587,0.015321622865559,0.0364966442676642,0.0241044510074796,0.0420436154071146,0.0103979281080104,0.1052102768905185,0.0874497329627774,0.1755600798243684,0.0905671179337628,0.1897382593731275,0.1566742313511801,0.3203698552649951,0.215595825787469,0.4380589492982047,0.2428574226174267,0.5421193219197656,0.2772383259292208,0.5392718813986123,0.2347992139148416,0.4041929813278476,0.1537007061227492,0.3299293477178887,0.2377390510910636,0.4125175966490868,0.1391174602823058,0.2892292454505076,0.1773577509010846,0.2995642839721773,0.0691595291509956,0.0977586448769601,0.0145320367578223,0.0194430438205344,0.0427738766450842,0.1940564165449526,0.2280642942239557,0.5589853463047867,0.3948238408751894,0.8597346707551937,0.4724518224116905,0.8042095627234143,0.2371727270955111,0.4465745165388395,0.2531179054758847,0.5689834987678668,0.4301106002640681,1.1716606088326564,0.9243882249002516,1.650819559564718,0.5034817357014194,0.8205463143632938,0.3135839072723987,0.6748032043556155,0.4966975686095859,0.9768025649088684
2025-03-27,APCP,surface,32.0,-124.75,0.1121953310124024,0.2189800907089614,0.1093625282364109,0.2329298504707225,0.1850747431105709,0.4194515139800204,0.3473011173968891,0.6768991492555276,0.3321741510398754,0.6781699357693096,0.3164895584551475,0.5314013320229735,0.1471268960385778,0.2585216469653385,0.125836752547158,0.270446740121721,0.1191080221128889,0.2310779811083664,0.0982090607332547,0.1826954934229331,0.0572896133457233,0.103850809817888,0.0455346116561028,0.0574439527240197,0.0169207094840917,0.0617832880390825,0.0644235752901276,0.1981623825095745,0.190276809429143,0.3928161958609972,0.2077040741894149,0.4385347595945618,0.2586279977178883,0.5211057401773473,0.2635257769315002,0.6027075403215041,0.7184976795800895,1.5368956483654717,0.716496686993011,1.2414832451494673,0.2204865071869672,0.2864833944203436,0.0164318845239253,0.0264866569100175,0.0087779430175477,0.0452348477868659,0.1320408823835707,0.5199983157822234,0.8978062119551532,2.0369250667458205,1.6234203108721377,3.9452910522898983,2.784421723852977,5.842578021997166,2.9246758012508405,5.5368030961898285
2025-03-28,APCP,surface,32.0,-124.75,0.2675479959584372,0.5302620979967381,0.3237661235148445,0.5884745660803437,0.1557458684542512,0.2750402130842203,0.1325691523731073,0.2773595326057332,0.1308073634854286,0.235885733601,0.0854488460069315,0.1964959024558625,0.1129321008335724,0.2195343682318498,0.0551990773285625,0.076049117255444,0.0232080552792645,0.0451817105253467,0.0597276985381906,0.1816506828871573,0.1785425077616571,0.4053583941493103,0.2351929545499653,0.4661051728889244,0.1839196999217164,0.3353657552185921,0.134482573973848,0.2948379406624398,0.4766622264057983,1.3209108657214368,0.8924914649188809,1.6184889763765242,0.4335926333947326,0.618419569602214,0.070149177053034,0.1093573900925492,0.0613049665930645,0.117577405678434,0.0618728968285786,0.1424940659285598,0.0505066407570449,0.1285993527699209,0.4039761204258019,1.6025509650311305,2.0120029605396827,4.7042127592553395,2.9494964893185363,6.151540335292448,2.8471308415824,4.741753638952826,1.2404555566022228,1.9706853410413736,0.4776586657878349,0.8894000854482581,0.5293606629590037,1.2886539255500116
2025-03-29,APCP,surface,32.0,-124.75,0.1230557829721897,0.2413623977747405,0.067987913650079,0.1295615202767484,0.0934733559704151,0.1905786821623764,0.0714830353331558,0.0878437830198076,0.0516789799449513,0.1081263196737064,0.1137875333991055,0.5034740716337949,0.6099386188592203,1.2215350277751194,0.3300111083776195,0.5643993962553898,0.245520139769214,0.4973500125929401,0.3058711935113029,0.6917017705679605,0.5198962531764904,1.0495464934159686,0.5727939701945675,1.0902345756083152,0.3892727547427452,0.6523273049505284,0.2552199270487989,0.5114353046404546,0.2354806626309769,0.5515574326605284,0.4541848164771562,0.9391465529656264,0.3469830611334427,0.5581907623855651,0.1744843867431842,0.3829604052687455,0.1720155180083449,0.2941636146076766,0.1487922563930332,0.3848924023222305,0.2992466897445605,0.558221878574442,0.3075076318136203,0.7472739631424778,0.6140669592158849,1.4167582789594122,1.002523474488077,1.9067374883043775,0.5577362602732657,0.9461621258543476,0.3140864778077074,0.5506365418719242,0.0991576545583922,0.1298459470191338,0.0279234850020394,0.0589432061701775
2025-03-30,APCP,surface,32.0,-124.75,0.0576350050720905,0.156788200635012,0.3017305508082885,0.8623084176586204,0.6720048342004955,1.2087610888114118,0.31219382125354,0.5891838972527681,0.356045482354653,0.7379034801058684,0.5503969517112768,1.2008427303142268,0.6119235030909516,1.3026224699000026,0.7961438629340967,1.554721785770699,0.5885304558989535,1.141385281856044,0.476137685545996,1.0083860531046691,0.5563231390080927,1.1365939625481876,0.5590077973289775,1.0846373810601804,0.4005076308060364,0.6438052247946476,0.1471456571683724,0.2679637341719981,0.1122484660014805,0.2590467935009928,0.2049328596201033,0.4206662249756853,0.1173001174426187,0.1620697841118998,0.0333761508060561,0.0842892282593032,0.05220590392961,0.1198293680498855,0.1536622896399275,0.3636993987684948,0.1352827906793565,0.1769896226854423,0.0125188359693744,0.0186416926378905,0.0044861345847305,0.0197322096398383,0.0507157955005847,0.0981093295539048,0.027109037606316,0.04047660300726,0.0068069150121092,0.0070715408550813,0.0003659983639429,0.001514864653703,0.0054343298298772,0.0307778051236368
2025-03-31,APCP,surface,32.0,-124.75,0.4318048927552472,0.9057330811533566,0.5803942929976735,1.1825047839801264,0.5197949350350284,1.105188488635817,0.6925512578381954,1.3897370319822904,0.5638361199582075,1.1217666603906185,0.5798095929639866,1.1704804398866573,0.5557879642986125,1.1178930343807645,0.6293005169831606,1.3328867607975956,0.520523201001504,0.7953366317289408,0.1426460870794493,0.2512161508934203,0.0887998129373838,0.1797676484547112,0.1566498373473177,0.3176632645167284,0.1091208448397388,0.1612647479299683,0.0286612273202546,0.0618374319484373,0.038923325481826,0.0888978846510449,0.1112695323775765,0.2791223992021229,0.0906119498921059,0.1271936689021647,0.0162760406215996,0.0243215915227891,0.0019890075476201,0.0076834475154156,0.0173091300497527,0.0370661979514042,0.0085959289619075,0.009665887577275,0.0,0.0,0.0,0.00043698425382,0.0011652285938484,0.0037249033593768,0.0015676401690824,0.0015676401690824,0.0,0.0,0.0,9.390665225733352e-05,0.0013662674136582,0.009344929226277
2025-04-01,APCP,surface,32.0,-124.75,0.5368198207940842,1.0707421402448911,0.4343532464158032,0.9037817894398305,0.5779837498306309,1.1403240874621547,0.6101409118419684,1.2182077799803603,0.5370486625898532,0.8555758316247633,0.1938790018653955,0.3595520874349362,0.1416302624833465,0.2926816631715578,0.2134089837222947,0.4323206028902726,0.1346346950835787,0.1931671086248793,0.0455370173916882,0.1031865701072087,0.0546382281116806,0.1230180405335009,0.1537590922167528,0.3453730555950987,0.1044781157132075,0.1369204842869517,0.0094036689898585,0.0135983287137149,0.0010513678413727,0.0018277458686513,0.0078142452105429,0.0202013349788807,0.007679733370513,0.0081575148287069,0.0,0.0,0.0,0.0,0.0002570357410003,0.000677780848077,0.0,0.0,0.0007412384539017,0.0082170954275266,0.0252383336746885,0.0439496076422405,0.0086243471262402,0.0180378913020555,0.0117171696682397,0.0244986256737632,0.0148667795361869,0.0228490494960674,0.0068353821283542,0.0134289948156178,0.0078378325657659,0.0136528831532535
2025-04-02,APCP,surface,32.0,-124.75,0.5076120734746091,0.8126602253222371,0.1872315678272403,0.3444138511291656,0.1288716115737407,0.2907613313934923,0.2450736468713091,0.4860112154659678,0.1388883329802017,0.1979269018811285,0.0514956308475593,0.1126281533796056,0.0566871443551495,0.1379482145901238,0.1515355230708516,0.3561092741808046,0.1041716553848263,0.1280713969001292,0.003850904328791,0.0049900192697549,0.0003954426324907,0.0045971720734633,0.0080749934776132,0.0139887335765334,0.0009051070251249,0.0009051070251249,0.0,0.0,0.0,0.0001602144641582,0.0004165626111817,0.0007774458684695,0.0,0.0,0.0075276195705626,0.0424037948419143,0.0556349461153093,0.261252489252039,0.2879134774393987,0.4837412792892218,0.062607081325526,0.1227910585421935,0.0407812500251989,0.0846624914650517,0.0448058338655578,0.08633831417645,0.0191602098003582,0.032768973648649,0.0103131572607346,0.014431929917231,0.001022010063754,0.0015471098151462,0.0003705583034471,0.0006503116647912,0.0001928308522008,0.0003241090539277
2025-04-03,APCP,surface,32.0,-124.75,0.1220808346032532,0.197589879240112,0.0504602219293978,0.0997803466400236,0.0359660130522226,0.0976344498156865,0.129265122070669,0.3007166725501754,0.0924486364719383,0.1121047542075874,0.0042314771585802,0.0052025622048455,3.2511414033617017e-05,0.0009046879166396,0.0022624163338407,0.0084520321441072,0.0020560438925606,0.0023153354769393,0.0,0.0,0.0,0.0,0.0002535535590524,0.0005438853625215,0.0,0.0,0.001204984060973,0.0162176762585602,0.0576405073245607,0.1853432837788424,0.1562362548559701,0.5855488167411292,0.3174121335300794,0.5611139117156689,0.1819108602677362,0.3420011526665806,0.0853960272978433,0.1337323611208167,0.0229926689330049,0.0451004347011338,0.0163881133832534,0.0234150279556505,0.0045314401702514,0.0070933572005745,0.000652886911567,0.0014907050869531,9.257865235809945e-05,0.0002213442209022,0.0001000946795542,0.0001000946795542,0.0,0.0,0.0,0.0,0.0,0.0
2025-04-04,APCP,surface,32.0,-124.75,0.0566408066680903,0.0659572744483215,0.0012523579401571,0.0019686244726559,0.000128553554665,0.0004131869584399,0.0012608595964889,0.0057628615460576,0.0022161236167363,0.0024578346457406,0.0,0.0,0.0,0.0,0.0002872329606123,0.0005126597548751,0.0,3.0859550786033146e-05,0.008836332069298,0.0427602348795915,0.1932762510007199,0.5033063604505849,0.355629936697248,0.6462455788047661,0.2255417396531427,0.381036572767884,0.1579802691567394,0.3209133557478563,0.0999851235176052,0.1748023481610877,0.045960375867117,0.0916313991410076,0.0202879084645886,0.023597410119194,0.0014712019415174,0.0027811128721111,0.0008408468011244,0.0021205463029109,0.0009606447818165,0.0012152615799949,0.0002161387025096,0.0006184065645163,0.0004028735847354,0.0012089839456467,0.0001854009987309,0.0001854009987309,0.0,0.0004348341578901,0.0001973205897658,0.0002902641993751,0.0004333722767727,0.007432422650932,0.0187884842817332,0.027911508045193,0.0039209740834871,0.006204587095795
2025-04-05,APCP,surface,32.0,-124.75,0.0009217923912492,0.0009561471848195,0.0,0.0,0.0,0.0,0.0002535535590524,0.0005119737136636,0.0,0.0,0.0,0.0005252210146285,0.0208940051037952,0.0782361352655498,0.1925466236488059,0.336494754445215,0.2792460959278189,0.7531234200471418,0.2550549459163885,0.4035523594376719,0.0965993919564959,0.1814709699291651,0.0889599227206785,0.167998519852757,0.0573183988426888,0.0781427647007448,0.0099363153233564,0.0142016524995306,0.0043378070146179,0.0114261845696684,0.003851815209214,0.0056289204536108,0.000711472021133,0.0009898166294732,0.0,0.0,0.0,0.0,0.0,6.855941686673227e-05,6.680335672836693e-05,6.680335672836693e-05,0.0,0.0,0.0,0.0006187721055385,0.0102857978864903,0.0400206963269598,0.0478358219023016,0.0601075874942393,0.0025966793773921,0.0045309843724254,0.0024041409745802,0.0046918346929376,0.0002474821290169,0.002660837846142
2025-04-06,APCP,surface,32.0,-124.75,0.0,0.0,6.171910157206629e-05,0.0079806305310356,0.0161110558304084,0.0960638044929678,0.1753014073808758,0.5176777312967717,0.4229533064645791,0.7621955636584687,0.3042039793619171,0.5294869979156527,0.1221160032121426,0.22836465990922,0.0990971295532088,0.1714787819675497,0.0509495480160446,0.0761075804219908,0.0174841240840573,0.0267179300536342,0.0102526866338646,0.027048174554077,0.0136017868103052,0.0192309472125131,0.0051289796467773,0.0073949319714823,0.0004327642092778,0.0004636237600638,0.0,0.0,0.0,0.0,0.0,0.0,0.0,0.0,0.0,0.0,0.0017965244920104,0.0143176516438193,0.0131228931553583,0.0164279437732739,0.0008814079251167,0.0023996984910972,0.0016450475860304,0.002840316540063,0.0001248827574852,0.0007225238500174,0.0073833556558632,0.0143349119832809,0.0026660395154678,0.007112935838092,0.0052073737793586,0.0209111917860598,0.059383671540043,0.2288009395240531
2025-04-07,APCP,surface,32.0,-124.75,0.4461841014318705,0.7985638251297308,0.3234294243481445,0.5206573520462692,0.0724236231662469,0.1303859635914455,0.042448082264479,0.0835012221501194,0.0285477596269019,0.0462472663342579,0.0108129288796488,0.015504742871422,0.0021458554769345,0.0112945960719745,0.0070644038000595,0.0157617159455639,0.0011749756879256,0.001391357500679,6.171910157206629e-05,6.171910157206629e-05,0.0,0.0,0.0,0.0,3.3401678364183465e-05,3.3401678364183465e-05,0.0,0.0,0.0,0.0,0.0,0.0,0.0,6.171910157206629e-05,0.0033737574496142,0.0148869099726846,0.011354280317661,0.0186944251200999,0.0092181659116107,0.0348019722472031,0.0612486732630705,0.1367668436963237,0.0651328974958734,0.1173725416476023,0.0393485802088811,0.0771128015427947,0.0224400539911777,0.0536358633665855,0.0764147963881746,0.1303731586891076,0.010654866928896,0.0133186139187334,0.0044496932589954,0.0048493103666274,0.0,6.691181716855904e-05
2025-04-08,APCP,surface,32.0,-124.75,0.0328462712624521,0.0479684466000468,0.0063822800498697,0.0097395451611358,0.0022985166814701,0.0048791960742803,0.002331009960348,0.0030780464667725,0.0002483297920242,0.0002791893428102,0.0,0.0,0.0,0.0,0.0,6.680335672836693e-05,6.680335672836693e-05,6.680335672836693e-05,0.0,0.0,0.0,0.0,0.0093085543009451,0.0488715573710423,0.0273107160401498,0.0319081061006531,0.0005281318918618,0.0014329788284661,0.0010284087380995,0.0030536461209801,0.0015207181542461,0.0041219347773034,0.0099051296766763,0.0211138408819987,0.004815202657728,0.013884532614049,0.0138529169482368,0.029320930149785,0.0125612111144521,0.0255019285815323,0.0176099811823793,0.0212159215350753,0.0011334513721235,0.0016320287385328,0.0,0.0,3.193495584717594e-05,0.0002481955053642,0.0,0.0,0.0001406302858528,0.0002459073997531,3.49609707418876e-05,0.0001054712130396,0.0,3.4251470693049405e-05
2025-04-09,APCP,surface,32.0,-124.75,0.0003330273828464,0.0003330273828464,0.0,0.0,0.0,0.0,0.0,0.0002345524480027,0.0002999586595611,0.0002999586595611,0.0,0.0,0.0,0.0,0.0039713786495284,0.0198881303284736,0.0209918276844132,0.0295104354605798,0.0028822108733791,0.004597248799437,0.0013844339414009,0.0045087918794964,0.0022083579457778,0.0041452852148677,0.0061607842106839,0.0146372017896052,0.005770796350325,0.009138023680428,0.0029900855430673,0.0070690674468568,0.002239959765342,0.0042094416621573,0.0044032507198747,0.0050440390897399,0.0011250306188134,0.0011573132768086,0.0,0.0001399425999245,0.0,0.0001670083918209,0.0001670083918209,0.0001670083918209,0.0,0.0,0.0,0.0,0.0,0.0004370569316716,0.0012302832484603,0.0012633557597341,0.0,0.0003452440012885,0.0002818455357409,0.0004225738723974,0.0,6.327480061897172e-05
2025-04-10,APCP,surface,32.0,-124.75,0.0002697143172606,0.000304475863707,0.0,0.0,0.0,0.0,0.0011138634838833,0.0095387488253899,0.0185628406510765,0.0223226709164492,3.146292393296116e-05,0.0003118660618027,6.171910157206629e-05,0.000496173932865,0.0008376804433822,0.0017070775109081,0.0023628076180731,0.0108339344054208,0.0121856110532331,0.0289745591516268,0.0156262631692623,0.0229742179571639,0.0094730464688987,0.0142471496578771,0.0011806924512594,0.001468573080683,0.0005430071365575,0.0005751745005969,0.0,0.0,0.0,0.0001656936097049,3.3401678364183465e-05,3.3401678364183465e-05,0.0,3.5255121148872307e-05,0.0,0.0,0.0,0.0002317720793817,0.0014534939438918,0.0015525973809073,3.435479357032493e-05,0.0002083573113221,0.0001364853724362,0.0002020730186363,0.0002321050122606,0.0005299727772963,0.0006493508304309,0.0018953365479801,0.0019730457972565,0.0034766264490545,0.0012465006747105,0.0032638732302253,0.000366169110853,0.0005364611788882
2025-04-11,APCP,surface,32.0,-124.75,0.0031993872292181,0.003944378933167,0.0002800375799371,0.000591894810345,0.0001236818971589,0.0009941585569389,0.0014299502123793,0.008658422208868,0.0269115479152007,0.064491017645139,0.0360268759247289,0.0652422138671474,0.0239976393597746,0.0341037095353916,0.0053676289769157,0.0084879862649179,0.0020212201217778,0.0025433228890256,6.421761384234746e-05,0.0001283181181175,0.0,0.000171669993195,3.4457464668276125e-05,0.000932885950646,0.0008442131482481,0.0010188185756331,0.0001056679808002,0.0006315599635127,0.0010552130568959,0.0015480050236522,3.205146254693157e-05,3.205146254693157e-05,0.0006234407811318,0.0024664192741719,0.0027369195481395,0.0096553387444215,0.0052745282299634,0.0093985344754533,0.0377390800076049,0.1370637769282235,0.079271217135402,0.1080456698081394,0.005871922311949,0.0131324648037605,0.0077567078006924,0.0125015592185164,0.0062823840191635,0.0352804285788991,0.0182690906994939,0.0194008814360045,0.0006565173520494,0.0038080623770268,0.0042730681622395,0.0076708116531025,0.007262425388494,0.0622343357494736
2025-04-12,APCP,surface,32.0,-124.75,0.0072943938758407,0.018784925139492,0.0149629211647752,0.0190106375122439,0.0015583371781221,0.0033631562385063,0.0019825240876464,0.0040033584795864,0.0035493209590458,0.0056299147075326,0.0022690204391122,0.0063112965223966,0.0057495521543417,0.0110339809989594,0.0026592540732153,0.0211360034233467,0.008351832869203,0.0103476757187414,0.0021905926372599,0.0024718518726509,0.0005276562210051,0.0006684812721506,3.205146254693157e-05,0.0039849435821062,0.012695794228234,0.017799263965343,0.0085665760087358,0.0190338042375131,0.0096427592615679,0.0220676155030438,0.0426985246527,0.1533753712126705,0.1277657561648738,0.2264898469923198,0.0464246301828054,0.0869280579249006,0.0443736154299704,0.0856554801776343,0.0307819336320396,0.0663752158925695,0.0394269848220795,0.0881179087997082,0.0698365172796233,0.211266399714951,0.2327687382843242,0.4513605254516072,0.2875634614247422,0.7625949194145976,0.3228158047832974,0.4853202634883282,0.1092550642904005,0.210137320120238,0.1095246422098457,0.2711095402410475,0.210751153372023,0.4444433458322543
2025-04-13,APCP,surface,32.0,-124.75,0.0072894131925072,0.0149517368553934,0.0042277720341219,0.0118697923363314,0.0050590262928202,0.0070630577503993,0.0015456938010449,0.0107480125268708,0.0057069837395751,0.0080202937665682,0.0014739463424511,0.0027705285381253,0.001615078848834,0.0024241877422367,0.0002439059629307,0.003665455197106,0.0123567764959852,0.0174941486934217,0.003359665670704,0.0139398286419444,0.0190975600417362,0.030207451046378,0.0280140343206759,0.1233815490480699,0.1033888336496775,0.138400863212202,0.0237915544614293,0.0860855637090133,0.0976004267083689,0.1871315261495451,0.0962906330001623,0.3324738325445017,0.1761382996916452,0.2647146137705767,0.0888921728402621,0.3207507918834993,0.3756926636974451,0.7631599437786664,0.3950539340130409,0.8805748407598577,0.5464663476733922,1.0225725898000595,0.2712084520745667,0.5014073444794358,0.3283519542082176,0.6272145114271725,0.2988090432738478,0.5764997662611411,0.2083077082972272,0.3718948429386092,0.1948789921005487,0.4620065552980794,0.2254076078736504,0.3801490840907815,0.1884690481118646,0.3775283667364399
2025-04-14,APCP,surface,32.0,-124.75,0.0035802997945951,0.0071470003740327,0.0028413369763439,0.0046624827079874,0.0018202997912191,0.0035747170021451,0.0002424649059984,0.0052292917306123,0.0173548154385926,0.0278614822952876,0.0061541838999879,0.0159306985746537,0.0103323499259903,0.0212094083921836,0.021943127388229,0.0985518067020992,0.054871189667395,0.0899622958567936,0.0234173163620445,0.0751793303759795,0.0500092870921977,0.0903282499150988,0.076193306361095,0.2772628498646867,0.1913907905126406,0.3454015447226312,0.134293205752677,0.2774589776787093,0.1755575040405569,0.4049889459241849,0.3429060405941835,0.7518335998951938,0.347751173456849,0.5363461567085189,0.1400239036085531,0.3361188900208256,0.2469679079012045,0.5099923911602675,0.2893846441574894,0.5716987291447683,0.1831322834812429,0.2383498088881911,0.0224296297306957,0.0286134076369227,0.0056665738508244,0.010721129582516,0.0092025130794213,0.0168266934678115,0.0010113909402758,0.001339928072667,0.0032795454708164,0.010470716915238,0.0096926058204207,0.0162090553754022,0.0026013836559319,0.0291673754637959
2025-04-15,APCP,surface,32.0,-124.75,0.0169404860872667,0.0348162482330764,0.0123456634975842,0.0331719054658456,0.0264956998417864,0.04665541033374,0.0152119804981551,0.0699616344412782,0.0414413795421232,0.0614886102151572,0.0168269933125469,0.0523105427564384,0.0491769401461404,0.0892028759116587,0.0504006778268256,0.2200464404186524,0.2023976595032177,0.2986513177318503,0.0751513492913198,0.1808411686617109,0.0739512652621302,0.1041027536624024,0.0360174102754177,0.1102504076493985,0.13396323162361,0.2656587050119102,0.1038390787405968,0.213020625350971,0.177126409415835,0.3369292228330761,0.084709469575801,0.1443094560321146,0.0277951774965213,0.0439628345720059,0.0169329738978909,0.0343289600145569,0.0109159407830047,0.0141467368909861,0.0013714326590695,0.0033808283982356,0.0042394179344587,0.0117012450408094,0.0067920491221544,0.0206370346035487,0.0163781319822675,0.0273070235404488,0.0073798236366694,0.0486580944549799,0.0593449327477396,0.1199326594611772,0.0278569545318678,0.060567783334829,0.0329593278914091,0.0599602163421646,0.0128842042960132,0.0368101272969451
2025-04-16,APCP,surface,32.0,-124.75,0.0446533436940917,0.0617464243006487,0.0180570683300999,0.0430013396175739,0.0315405106284196,0.0566944835591205,0.0320484491182489,0.1447002513787221,0.1211845987185441,0.186153408074535,0.0404152038177584,0.0874096211089243,0.0500720524263439,0.0868032922888805,0.0635018016075421,0.1689376578477197,0.117080756726855,0.1887838609104659,0.0657778866767476,0.1101954961535367,0.0449522218460385,0.0718055242219452,0.0106516154741309,0.019725402691954,0.0047333849529764,0.0104832054488368,0.009046575227217,0.023312760097143,0.0132877616376298,0.0230247951490964,0.0031149156905089,0.0081046297754368,0.0124086094481532,0.0227604192819179,0.0084070808782968,0.0160512205287995,0.0036297280992746,0.0062324029032442,0.0039784388280193,0.0203800466856852,0.0125807288498378,0.0227791455112671,0.000424560528345,0.0005655810129405,3.5255121148872307e-05,7.051024229774461e-05,0.0007348350267064,0.0156347926413741,0.0069481689798718,0.0111298756030827,0.0043226597781759,0.0048732935529153,0.0005818181289982,0.0031058397794378,0.0066805851022942,0.0235143776786332
2025-04-17,APCP,surface,32.0,-124.75,0.0885251332450631,0.1501084193541147,0.0474071615937226,0.0913449159631259,0.036812527126975,0.0784415915790013,0.0899244590837707,0.1974217397536668,0.0927835727660053,0.164781321755432,0.0644006388089091,0.1109158649257804,0.0404098910277043,0.0774249095616678,0.0219012925260239,0.0358896165025409,0.0024836409531553,0.0048540265386685,0.0051746051851545,0.0164715104579704,0.0094044983196938,0.0159010593561321,0.0018800087495571,0.0055309833626301,0.0069718791553587,0.0135561662497745,0.0058182965040269,0.0129686879061927,0.0083005926175979,0.0154745046880247,0.0045577379959124,0.0259659005881465,0.0535586797318252,0.0788679249863485,0.010899608062161,0.0182683586339222,0.006131897530283,0.0091809140084522,0.0043524849207324,0.0200625207917794,0.0080727855424356,0.0141382657223265,0.0042666728058892,0.0090608252210546,0.0038593732482716,0.0073739046944757,0.006544892624502,0.0141176434345182,0.002957906277025,0.0032388969078811,0.0001737063688973,0.0020451834772765,0.005792048074835,0.0103572887191789,0.0050966734321676,0.0151738087555435
2025-04-18,APCP,surface,32.0,-124.75,0.0941838037099489,0.1731850576443062,0.079487220751697,0.142444928242729,0.0630046617164814,0.1117473075077085,0.0412060162627501,0.0599293321387258,0.0044274170821847,0.0074636644612037,0.0036656554112017,0.0077850736115641,0.0019236962871432,0.0031830093577984,9.377056411899788e-05,0.0011834517194108,0.0042524455996882,0.0076059640398506,0.0006675097014157,0.0021486619047573,0.003336425706352,0.0059436141067233,0.0012065931357633,0.0067576142990702,0.0330675635464622,0.0461643162340272,0.0012431383674701,0.0021049765951982,0.0017535215320828,0.0032263667434307,0.0003375114974151,0.0043778197902384,0.0017620714188745,0.0017620714188745,0.0,0.0,7.051024229774461e-05,0.0002455736049139,0.0002345499182734,0.0024932662645277,0.0051336880246564,0.0118299724769716,0.0037393836874855,0.0097099438728757,0.0021665249524404,0.0080024281919785,0.007924514808859,0.0195038810174084,0.0158718156916107,0.0246278258290426,0.0048849359187654,0.0134040306515595,0.0167693250336885,0.0539585993465641,0.0207522831347122,0.0695854440723722
2025-04-19,APCP,surface,32.0,-124.75,0.0114736607466034,0.0235704576809724,0.0112582412080069,0.0210626841646949,0.0063125311666867,0.0116413269752643,0.0010240008974863,0.0017221741993266,0.0027952431288006,0.0054849254082505,0.0021343533263772,0.0075186417175698,0.0058932667249372,0.0108021197260564,0.0013226555299859,0.0090165975850236,0.0304979125453519,0.052027865959633,0.009408657002832,0.0182175528242816,0.0029722147078956,0.0032495672906274,0.0010324578554247,0.0147808301703686,0.0139575648908865,0.0146502500554531,0.0,0.0,0.0,0.0001057653634466,0.0017043086458244,0.0044970226140026,0.0040449019516577,0.0092409087045781,0.0019671241487808,0.0026030022077109,0.0046490010660533,0.0109661231145212,0.0038047473242099,0.0144807681890082,0.0256237180166136,0.0324713189088893,0.0051659048516813,0.012845734951972,0.0065612984227216,0.0133570794462432,0.0183359004890024,0.1027843216543267,0.0837339215194873,0.0991869240629257,0.001697143899613,0.0022259980927434,0.0002174737608054,0.0038188804395391,0.0068952880910074,0.0141927950542053
2025-04-20,APCP,surface,32.0,-124.75,0.0030006940568017,0.0056071748119638,0.0017179578925395,0.0078923355096311,0.0076850307186368,0.0131130398005631,0.0016229878772284,0.0088277831456108,0.0278006443689195,0.0533749905868057,0.0149541539169957,0.0246859292916772,0.0032745519397071,0.0038738576015036,0.0003325555798511,0.0089891898605078,0.0117812249754784,0.0130869093296291,0.0,0.0,0.0,0.000209832742834,0.0007692823671187,0.0031199810159318,0.0156138740231916,0.02842845100531,0.0030031301241689,0.0052401654799279,0.0040716480200123,0.0114742036046162,0.0093892912555831,0.0178302343462869,0.0081142494496055,0.011639678409959,0.0016359667568407,0.0068943655745394,0.0083579860711862,0.0227667941152092,0.0228596139310668,0.0847663180735122,0.0647176460303749,0.1024841575660484,0.0130763986301759,0.0579114024765835,0.0637505019616713,0.136444666167862,0.0813937860491021,0.1959898897685276,0.1469885127285991,0.3399540761681682,0.1392950424579732,0.2025102908762175,0.0468886939208964,0.1258885440389298,0.1002239514125007,0.1724364145055346
2025-04-21,APCP,surface,32.0,-124.75,0.0147018149789952,0.0257094678719154,0.0083536099786528,0.0144898568196175,0.0038073439519389,0.0048139402065931,0.0033668864737427,0.0190437041338973,0.0167020875638954,0.0218884187930428,0.000596820699905,0.0009601731647987,0.0001733963867862,0.0007583558389345,0.0026372392327761,0.0160009048583217,0.0285845363632678,0.0612005523082509,0.0099278451528577,0.0180182971285026,0.00500799437765,0.0137648381436356,0.018739407050069,0.0360731796870553,0.011710974094934,0.0198832840897839,0.0049167095019613,0.011934733369286,0.0089976349588129,0.0177876390661599,0.016765182254945,0.1113018091204191,0.1016983359754438,0.1687192231580326,0.0516241403566979,0.1106387018675893,0.0860759675372969,0.187657221123341,0.0861769280824233,0.1637717638749217,0.0555655937850964,0.0809777149940062,0.013805885471886,0.0271590810800673,0.0061942719533364,0.0136329080901154,0.0097211804390657,0.012346042565785,0.0008592718210228,0.0011420160931295,9.557064840728588e-05,9.557064840728588e-05,0.0,0.0,3.098139779343297e-05,6.416426017916592e-05
2025-04-22,APCP,surface,32.0,-124.75,0.0177717087075789,0.0228203956065414,0.0025982578489945,0.0071223574083937,0.0032439284490902,0.0057645867308358,0.0062683823985576,0.0198934683266407,0.0274636322575916,0.0627806052583347,0.0272691384848171,0.0494235375432105,0.0273532627434068,0.0513223261406476,0.0403135465604834,0.1176425280073589,0.0439395026432587,0.06286883144613,0.009048789482713,0.0211929004976739,0.0114778147749743,0.0236189192475168,0.0260792226367221,0.1076218536430361,0.092339912061313,0.1494962708972519,0.0692059849643898,0.1522965448275648,0.1152772537114818,0.2852795478713363,0.1338375256033034,0.3712179624912925,0.2300581920715183,0.4858966608185076,0.2622967273252572,0.5599357335645657,0.3056944998992419,0.6214161911828673,0.3179874289297365,0.6612488110346694,0.2898425059688765,0.5378597010444327,0.2557310975038195,0.5035942416393172,0.2367097182402925,0.454405241961478,0.1594509669465816,0.2916939894216868,0.0966101016051388,0.1660281246675145,0.0551140138341253,0.0901861576713489,0.0300223015269838,0.1391773074843254,0.1670710234581814,0.3028425315215746
2025-04-23,APCP,surface,32.0,-124.75,0.0185091705394796,0.0429012207800004,0.0172055979787084,0.0381161274039137,0.0208928572426804,0.0317799534451561,0.0356346902234595,0.1253070526325829,0.0387758749788502,0.057241417103314,0.0105630786649411,0.0234184276091014,0.0104108104881975,0.0314331751952722,0.0429885389237022,0.1415592010377425,0.0782217895816843,0.1198443380804061,0.0548192101419989,0.1711070475031886,0.1806797609024688,0.3549503966796081,0.180034202335763,0.4602275645477845,0.3293020716333389,0.6539484187996238,0.3797276290650222,0.8188336405981459,0.4500853813467697,0.8744277920326884,0.4648036776113803,0.9310239388369224,0.3419376758770243,0.5275440318613921,0.1479075994344535,0.3464991409364786,0.1663642353699456,0.3680174797986696,0.2243423287155711,0.4395230113002356,0.1306552445534565,0.1522252793851292,0.006496253513265,0.015231318477128,0.0091450330359906,0.0152949564315839,0.0017205726101497,0.005961680332733,0.0020401687614303,0.0027784739242611,0.0,0.0,0.0029797154500431,0.0067774714397431,0.0008013497815855,0.0012729675048924
2025-04-24,APCP,surface,32.0,-124.75,0.039883921102117,0.0582008702364819,0.0148463579898136,0.0290043533814585,0.010297118214676,0.0225890171054469,0.0211422538999467,0.0784466605749983,0.0473915960389231,0.0652612736965247,0.0354367296342041,0.1010216039468575,0.0779378849541679,0.1907468108835165,0.1216850513038272,0.3515700372514215,0.3581721406001549,0.695246642369062,0.3938973409369832,0.8905552253519562,0.4323713584756989,0.8334472985798602,0.414059879807335,0.8715884297003188,0.4346244487377605,0.7488137060183347,0.2347163147461046,0.4692387549166024,0.2398194052037177,0.4436748665596577,0.2410743751240842,0.5163891877019062,0.2625020126708487,0.5464877880711712,0.1682581047056536,0.2551560349731869,0.1096626377622449,0.1931594508023313,0.0309074411113982,0.0677675726365203,0.0624682053865716,0.0843220122520946,0.0102290605044341,0.0185430852908031,0.0073335360012398,0.010776594369663,0.0009263632339973,0.0039802249957872,0.009351193823119,0.0194290481770088,0.0048704892828588,0.0087941254509756,0.0034453707385664,0.0143977502327194,0.0298952839654174,0.1438241320998906
2025-04-25,APCP,surface,32.0,-124.75,0.0858092968312431,0.1072152035569956,0.0306940525194087,0.0949158171341968,0.1004743832984694,0.2453703066807592,0.1803420769701831,0.3503732071311929,0.2340065631087251,0.5397242438944612,0.362647406493909,0.8332249558041609,0.5311066134603757,0.979108395425062,0.4114510489197565,0.8424707474741832,0.4611181217388123,0.8692480371767344,0.4261756318839036,0.926996777411408,0.4139203349887864,0.7883098052079597,0.3107146723444411,0.6042426700347294,0.2163762055244156,0.3629851291437843,0.1157538506798087,0.2207342908002758,0.0494865227719913,0.0747844741846377,0.011035449612404,0.0292710395579712,0.0137640414018889,0.0169743046902085,0.0030617766371397,0.0097725143726081,0.0056955137035715,0.008072508487517,0.0005301464318478,0.0082574368605486,0.0258825289018149,0.0625268306252508,0.0342256306691384,0.067377230206645,0.0337787846263808,0.0708722698423971,0.0383385540943779,0.1140864199842629,0.0678743296680938,0.1524762499807732,0.0336483454172352,0.0648641993487498,0.0371792114952792,0.0730141550039905,0.0269537522180694,0.0899719219761414
2025-04-26,APCP,surface,32.0,-124.75,0.2234806699439716,0.5233542791460726,0.3618769658719125,0.7825353589075003,0.4798026603527817,0.9511582876223418,0.5012433505365343,0.9679510513577264,0.4733133732773017,0.908606873405126,0.5332729208946602,1.0927619892366591,0.481535150580331,0.8796433530244261,0.3222213062903276,0.6076545359750262,0.2206846722550872,0.4175033921893224,0.1728805862966299,0.3534948972533195,0.1135404991742489,0.1633291480118457,0.0218866670628275,0.0407637507902969,0.0065648905602766,0.0074791567008798,0.0006266682514748,0.0025217252928827,0.0041434475854303,0.0077768732158637,0.0010518226224135,0.0036471324605927,0.0067389319223979,0.0096504482929116,0.0028927226104701,0.0138484136457561,0.0225959715378615,0.0552573691495986,0.0406121650024277,0.1081432172123183,0.0723023787323679,0.113084922968101,0.0159376634016774,0.0362519919865414,0.0230617148174379,0.0371480522288656,0.029928860902579,0.1620048111894311,0.1877536532764003,0.3161329388683389,0.0555711950654899,0.0892450711613045,0.0533969388064893,0.2434163019148233,0.3473792518924786,0.7857975665341194
2025-04-27,APCP,surface,32.0,-124.75,0.4237160185524234,0.8450463279348261,0.485670312128887,0.9737869487445422,0.4106928268698249,0.7787238832327565,0.3310593359055522,0.6363545981584162,0.2623963398010265,0.5201919026854526,0.1918303263928971,0.3167849653202959,0.0545727228276991,0.0880077586298223,0.0167528731076403,0.0363471908029117,0.0071031977976122,0.0116340966103217,0.0018366555409965,0.0100391291911243,0.0062306772168588,0.0101972125419311,0.0017843092615693,0.0145403380393849,0.0553686460779173,0.1411339173720389,0.0757030953643788,0.1548453917663986,0.0803506741682697,0.1446667808347704,0.05657325090634,0.1736484607743342,0.1688310868531434,0.3107426376391495,0.049435716125542,0.0903767928844931,0.0636926200858041,0.127106842997155,0.0909898130856832,0.2973774063971125,0.1833340083306012,0.2574740645354511,0.0272188593402797,0.0539625406507863,0.0210915970475982,0.0737401507539394,0.1544529087996493,0.4922178310473111,0.3914180987462382,0.8596945863379684,0.4599031735966296,0.919707467544831,0.5148601283639527,1.0376900350669005,0.5316716852867228,1.035661706774195
2025-04-28,APCP,surface,32.0,-124.75,0.2029685397020488,0.3952812392890755,0.1616012876129804,0.3117523020183223,0.1078264188661129,0.1617954847975882,0.029152986841034,0.059429546161629,0.0081073436004665,0.0099600658503886,0.0,0.0028129604982081,0.0020553134134876,0.0038255296352064,0.003637077778807,0.0340330080779356,0.1004571492601478,0.2196222754310768,0.084071431726527,0.1714283324808748,0.0963910473283759,0.2024428987630699,0.0718606144993745,0.1443501607927216,0.1308267661653873,0.2237807857302982,0.024294869559655,0.0407832855519255,0.021293660561677,0.0341473456531861,0.0220352123362892,0.0526905642201558,0.0191023314713291,0.0215365549324262,3.515773850254881e-05,0.0011950542792832,0.0032509018240571,0.0093249442458093,0.0110531832463417,0.0672911057870364,0.1007577223638665,0.1723950697817479,0.0782865085929236,0.1957161019268129,0.175248837098708,0.3912037708112835,0.3430460141567183,1.0125844945881903,0.9250322416526596,1.6255803409300216,0.5841878319344468,1.179733678946544,0.5800397619457976,1.090605799291037,0.3857925414296611,0.7138673185402689
2025-04-29,APCP,surface,32.0,-124.75,0.0226775999578842,0.0322562659594103,0.0054315678462279,0.0136048396468642,0.005608696309161,0.0090195901049247,0.0015339644817494,0.0209022819094059,0.0578965240573619,0.1401442235828692,0.0668787029513348,0.121169132650855,0.0553830500415681,0.132196608728755,0.0936208049032179,0.2443215596111648,0.1853195196414506,0.3518442140647891,0.0499438054718635,0.0822604522529136,0.0544863351813064,0.1305603578684876,0.0804648729436107,0.1891762480519992,0.0690319809026818,0.0858552868105451,0.0023062894673448,0.0061251661799342,0.0015110556878589,0.0094636686087327,0.0690092804271822,0.2414190281728066,0.1843096105865455,0.4206318371722795,0.3413286769230475,0.6124627945133402,0.3249071082752638,0.7882475464214266,0.6085366395089832,1.2694553306310896,0.5943274095946661,1.0025800693492477,0.4341758126125353,0.9192838767329136,0.48556743542631,0.9301848089975228,0.407354784566185,0.8349739351752823,0.2966873985098497,0.5261162172406731,0.2441712512319687,0.4479094737070513,0.2652498488048133,0.553119466608186,0.2355449108280461,0.4498423908425639
2025-04-30,APCP,surface,32.0,-124.75,0.0448794853628193,0.1011173731806305,0.0320461513288569,0.0563761555984999,0.0281983657295879,0.0794284781411403,0.0879988184220474,0.2520808213595418,0.2686141729096398,0.4133329270390687,0.0262629757365531,0.0535172233034483,0.0445511846842778,0.1135499394102408,0.0810187798055485,0.1962590457664889,0.1129746588520525,0.1451053005272238,0.0013999842608759,0.0016056920640929,0.0008949177888247,0.0037314989414152,0.041258236399345,0.1448153819072201,0.1260641032265511,0.2361137597209847,0.1420439695086724,0.3130449258222032,0.1408452416899823,0.3993175311520048,0.4461886916751815,1.0948111482828051,0.5228849688425546,1.0144022979748182,0.4428649409125822,0.94788637770696,0.5510699026554631,1.0567380466098992,0.4174492704756091,0.8315097835642035,0.230054058965188,0.4265467329323572,0.2427516059919575,0.4417303116102439,0.1801348663193697,0.3380289681360868,0.2105132127709174,0.4068067765207956,0.102359800478012,0.1773043455806401,0.0643894833665988,0.1049953809900079,0.0265214733742728,0.0433502477586539,0.0155205240650371,0.0309387739234812
2025-05-01,APCP,surface,32.0,-124.75,0.2207114497265969,0.3264445073907764,0.0266101363802444,0.0466197660273154,0.0170308953462532,0.0277358521045932,0.039740817054761,0.1289417339602326,0.0636457931729396,0.0809087451859398,0.0041330052661124,0.012073973893803,0.0106447825788885,0.0176829064267546,0.0229000754091369,0.1049866470108846,0.0768725467671389,0.1347407319320756,0.0508520727109571,0.144303166437184,0.1246475918233781,0.297526009253262,0.3485627781070603,0.9451810172758884,0.5327335131530634,0.8982903108221352,0.3199501679595343,0.7089200659636238,0.3910836742317489,0.8006786136907389,0.4988822975652009,0.9746700929306406,0.3453076589054188,0.5974090030807812,0.2409934644478349,0.4811620801252916,0.2395777905957113,0.5381642632692047,0.4126785630838376,0.863921465355632,0.3500204581256461,0.5765767195197067,0.1500420116134976,0.2283307406628295,0.0319364349823592,0.0544726798015286,0.0256605949052017,0.0448840754168269,0.0103170188433098,0.0155990769590636,0.004441767392683,0.010807775338678,0.0071806734212087,0.0145224127819891,0.0019305686602531,0.0123346352547811
2025-05-02,APCP,surface,32.0,-124.75,0.0671367301743379,0.0813848433634155,0.0076217483351487,0.0254996935554787,0.0204286497169777,0.0310542600678243,0.0098622027651793,0.0715331487257683,0.0662698121974146,0.101179304229675,0.0334294849083111,0.0812873727811123,0.0835895426851976,0.19049161840037,0.2150406407021976,0.6647871003686502,0.4463290838317703,0.7999961622380463,0.2647828529531206,0.5697686018164843,0.3032822721209752,0.6453667994480733,0.3210946168030228,0.6467965318177377,0.2485323088187447,0.3715839390242703,0.0854123287059641,0.2148248787512185,0.206606687099803,0.4053699932860508,0.1561147988647362,0.2604762137515377,0.050807521179328,0.0888309644754355,0.0357991606819743,0.0984324856844395,0.0920607514737601,0.16857990373233,0.0683473717596484,0.1383828632975934,0.0683854148767956,0.1232819288850109,0.0171503615560515,0.0246352377476457,0.0052190961439597,0.0102752795939665,0.0018061432067882,0.0031676714963812,0.0003093738145432,0.000379884056841,0.0001400399865914,0.0003440078404301,0.0003231453060933,0.0014556193511418,0.0007460693059556,0.0037931265644359
2025-05-03,APCP,surface,32.0,-124.75,0.0899984508750956,0.1271731807019925,0.0332123121647987,0.0931837409192849,0.0906348635415918,0.218302459594423,0.2139778024518097,0.6378874853965507,0.4309269360175475,0.7790803603302179,0.2352604330093445,0.5108522652293384,0.3175749306293516,0.7083680228351582,0.3858731614510625,0.7532371508957096,0.2826438446780591,0.4639193418994145,0.1422790555060353,0.2811211404123828,0.1337075926128153,0.315687506874764,0.2434608393140587,0.4215615398643336,0.0722925392855598,0.1261866771051546,0.0317415653755449,0.0550511585819385,0.0215970400820172,0.0573206730449468,0.0467866137904665,0.0891082073350479,0.0304477164847988,0.0498775315680171,0.010918183135749,0.0200857290482546,0.0078051998133723,0.018571693085187,0.0039422159928678,0.0079093234155859,0.0016411799468889,0.0032696788424476,0.0031803901841917,0.0082612950841951,0.0045606437371933,0.0072105153196835,0.0038596691538193,0.0211193256859529,0.0103922522524097,0.0136793953833283,0.0005778414794731,0.0015263017472027,0.0005957510353693,0.0025756072978101,0.0052306300461498,0.0330063232456965
2025-05-04,APCP,surface,32.0,-124.75,0.4171864999993112,0.7505764766365088,0.1895098877990616,0.3952533981201022,0.2446485871781733,0.5623679619790344,0.4006844056710991,0.9069177679881424,0.3368780341352976,0.5689064415470053,0.1987306304404175,0.3178510400417615,0.0598632804660718,0.2009479157017657,0.2892711997187576,0.5468049208250073,0.1655459221253515,0.2655976964392825,0.0723541089998898,0.10208154155669,0.0195782156454733,0.0436577978513782,0.0383903440762065,0.0803730549889943,0.0304168107822435,0.0927905479372742,0.0635353857959531,0.0790155991964246,0.0052705300223866,0.0093404451436125,0.0018131280075889,0.0030065359192712,0.0007100309565804,0.001502053910942,0.0014278781413898,0.0057907034537066,0.0077009924641382,0.0108700388049149,0.0028999685457628,0.019586535604488,0.0183214016764831,0.0253810345978464,3.307251127387237e-05,3.307251127387237e-05,0.0,0.0,0.0016517946758912,0.0327859652215199,0.0368847527542665,0.0622042271906552,0.0034202482362989,0.0034202482362989,0.0,0.0,0.0003857741353409,0.0201391910284868
2025-05-05,APCP,surface,32.0,-124.75,0.2674935516891294,0.4125098882114932,0.0984483926556251,0.2194108582020948,0.0628914925916689,0.2142934177825969,0.1923527767344172,0.3300344751206159,0.0600603670654466,0.1202514879106687,0.0436186572787409,0.1020327038860054,0.071329707715651,0.113712344698097,0.0344179540817402,0.0631312465506998,0.1094237067849097,0.2379935842896678,0.10561522750616,0.1253811273941545,0.0039220079639007,0.0051571927806721,0.0004649375188321,0.0012608185386217,0.0004205138344449,0.0004205138344449,0.0007717808598091,0.0038460291395473,0.0066031821796905,0.0085706134878958,0.0002642123694386,0.0047991510904418,0.002249027568431,0.0028095818687864,0.0006956243660737,0.0006956243660737,0.0,0.0,0.0003299247662355,0.0183097067827919,0.0190712500437474,0.0207831689474349,9.257865235809945e-05,9.257865235809945e-05,0.0,0.0,0.0,0.0018920002063453,0.0029709905737687,0.0061747790910326,0.0021538512610075,0.0029360039259316,0.0015914644768799,0.0178060053324159,0.1227048960334847,0.3339812589491776
2025-05-06,APCP,surface,32.0,-124.75,0.1114113056509447,0.1661252774369338,0.0175669477043534,0.0391549295058407,0.0295138867242134,0.0686564003054485,0.0611989970157522,0.1203819016532196,0.0917949139645084,0.2697852297440732,0.2195942370732309,0.3642113065629961,0.0554610789848465,0.070921301299228,0.0044183412007714,0.0062607860534241,9.367001421612042e-05,0.000469420853543,6.292584786592233e-05,0.000157552427712,0.0001388447792492,0.0010090700770683,0.0001330317248756,0.002714215542991,0.0009577144502566,0.0009577144502566,0.0,0.0,0.0,0.0,6.512397382080394e-05,0.0063669161557444,0.0125840076632129,0.0155837606998532,0.0,0.0,0.0,0.0,3.205146254693157e-05,0.0006421714460358,0.0138970383958306,0.0148478235194303,0.0,0.0003100529969346,0.019783989253339,0.0459374661968004,0.0286322980255832,0.0841343401261651,0.042806620300892,0.0523202725456656,0.0064915777775176,0.0143003593080567,0.0146096297043019,0.115384541990001,0.1878452113633482,0.3943958948434563
2025-05-07,APCP,surface,32.0,-124.75,0.0801333158372595,0.2508344149558769,0.1786553564204902,0.2632298192747387,0.0198353333106631,0.0249109790156654,0.0009434526192021,0.0014604221081712,0.0002494240848425,0.0003751533257184,0.0003363299000943,0.0018042755284915,0.0050274115028336,0.0072501815548644,0.0003428724208233,0.0027453326664619,0.0018411773413664,0.0020457125454112,0.0,0.0,0.0,0.0,9.763910874696815e-05,0.006467827036253,0.0066724229512827,0.007580237992743,0.0,0.0,0.0,0.0,3.205146254693157e-05,3.205146254693157e-05,0.0007915234146772,0.0028118744978265,0.0028002973049206,0.00617657558255,0.0031821143494901,0.0066334274050691,0.0018922388471419,0.0225231201907806,0.1108978028250856,0.3455906144604042,0.2343288028851333,0.4439549120462461,0.2184023144114058,0.4976397206221759,0.3117117917953199,0.5024973014054508,0.1808396021189848,0.4250206549080897,0.3493332054707259,0.691472922910548,0.3120493263504832,0.5439682475475143,0.1954293960441563,0.3360690109587046
2025-05-08,APCP,surface,32.0,-124.75,9.736306056211276e-05,0.0010399950060637,0.0028096547634825,0.0074866621541132,0.0050037283761497,0.0064715524264048,0.0005957853971705,0.005287166291858,0.000593930548487,0.0007585150195493,0.0,0.0,0.0,0.0,3.205146254693157e-05,0.0062716602278331,0.0076842061629101,0.0088413363893933,0.0,0.0,0.0,0.0,3.205146254693157e-05,0.0007273135218085,0.0032918651603828,0.0105645967649736,0.0047436014495334,0.0066438424509301,0.0012071679522413,0.0025082425760224,0.0016453665273325,0.0067950795114624,0.0182105626931207,0.0631824023938376,0.0568492966954126,0.1114636424707068,0.0880508133541537,0.24691046793197,0.227371082207094,0.4463845487038321,0.2073722563233397,0.347737782265027,0.1192347408299197,0.2222157237072716,0.0815606016401802,0.1221899436755588,0.0305315997515659,0.0583484353611122,0.0119693507441247,0.0145189511747283,0.0003759536947429,0.0011274899863582,0.0014733660273486,0.0023788053491196,0.0002529024931313,0.0008601599370675
2025-05-09,APCP,surface,32.0,-124.75,0.0005302177186892,0.0005970210754176,0.0,0.0,0.0,0.0,3.205146254693157e-05,0.0022329920925231,0.0025131160521269,0.0030963614823158,0.0,0.0,0.0,0.0,3.205146254693157e-05,0.002215696980585,0.0049254432936075,0.0138204757150156,0.0032234090769071,0.003908811169118,0.001701050215377,0.003342435183697,0.0023877140054909,0.0157164654941435,0.101506197101838,0.2307275249101052,0.1236008844186927,0.2349871159492994,0.1586303371515872,0.4551289678573739,0.2522420166925058,0.4307945578299388,0.1854624631870817,0.317613802298788,0.1265832006040536,0.2788513519119295,0.1514295056887633,0.3038929206262493,0.1637683383325732,0.3592989357959198,0.1636424139951991,0.2518879131559986,0.0489910436619979,0.0880243272325118,0.0327530216179351,0.1133906185591093,0.1301544886950889,0.3212609095003004,0.1245500714813683,0.182455927796965,0.0247414945245546,0.042634199199361,0.0211191991865932,0.0470514257196802,0.0284418313515355,0.103557012814764
2025-05-10,APCP,surface,32.0,-124.75,0.0029096886139065,0.0031724559087557,0.0,0.0,0.0,0.0,0.0001588502152361,0.0050908576883746,0.0043640859150408,0.0157254396920189,0.0035130986855124,0.0050416817160866,0.001595874944281,0.0020615223271521,0.0006217641015877,0.0173139122965695,0.1129286663373677,0.2362988824089799,0.1455620857816834,0.3320965477432695,0.1804004952933621,0.3797780817564774,0.1644646207746486,0.2965687787902114,0.1002826386974068,0.1838342648973695,0.0738302115327347,0.1701624509321684,0.106279117627221,0.2876682722488226,0.2953882525332994,0.6039328596218825,0.1792146201306001,0.2866811566415577,0.0860175078404743,0.1530552017531482,0.0708243138370608,0.1705797175282823,0.0991148915175584,0.1899429085350895,0.0570551310853078,0.0795157804389461,0.0127261776077124,0.0294289688372038,0.0167133680641301,0.0305436924040572,0.0029648899714956,0.0109638998198187,0.0043011600310332,0.0073072047801885,0.0030556469903451,0.0057302169424745,0.0038396136271698,0.0094518751425069,0.0114801003524148,0.0472210974463244
2025-05-11,APCP,surface,32.0,-124.75,0.0097444807412553,0.0223460488121326,0.0067257431108664,0.0089705267685804,0.002015335038368,0.0034273300622277,0.0022289296960392,0.0155466856517736,0.08977114764114,0.2073483613437404,0.1799520402250182,0.4070861063133492,0.2262045882391394,0.396259447358302,0.1462937374378709,0.2752319074301764,0.1100237850492029,0.1912649067402055,0.059929197605286,0.1029849318174096,0.0443040787864302,0.1576025836125495,0.1885464251062343,0.3797531251228477,0.1630393202251855,0.2338974614318652,0.0417309217409843,0.0656516397833492,0.021966154242513,0.0427208626580285,0.0058336562060928,0.0106577584584058,0.0070121052748252,0.0158735179107891,0.0093194474003324,0.0153584713065347,0.0054657167522847,0.0100606031875675,0.0010951481727126,0.0055805406799566,0.003052058147785,0.0081388275252305,0.0052953930424763,0.0085908182194062,0.0029929025294254,0.0058365313693694,0.0058454994475025,0.0166537138481164,0.012676691404163,0.0180366705191333,0.0032696602897679,0.0067676316350665,0.0133736711028413,0.0655800939992605,0.1214371365021085,0.4119973731335781
2025-05-12,APCP,surface,32.0,-124.75,0.0767581669185288,0.1925307786803776,0.2482065893609734,0.5716022269091853,0.2931233331818122,0.4930262126833917,0.1455378923576507,0.2807967143140537,0.1182482914758773,0.2103321635705322,0.078291803434224,0.1421505436093719,0.0673317888125696,0.1964817059357713,0.1555444119409633,0.3209369897589947,0.1178190185627391,0.1498013698256621,0.0200585067899983,0.043771284659522,0.0220639316364702,0.0389050715028993,0.0053117532663422,0.008903356161373,0.0077325462258362,0.0149556865485178,0.0049526013428938,0.0081460083399013,0.0055487969985269,0.0102927814103473,0.0017652385268902,0.0054144341841862,0.005523059101386,0.012337026345872,0.0062278416900851,0.0301257963253009,0.045503628015543,0.0971780418238583,0.0430545671565235,0.0736250820204094,0.0149395203229664,0.0236686839399289,0.018085363517563,0.0586617491902047,0.133445477674263,0.3944733737482001,0.3970436113242763,0.9411335927804326,0.6524000265886357,1.0197226465208444,0.3654123194655904,0.7656238213290527,0.3575252332320495,0.6752867991469504,0.3397334058961983,0.5640709980243269
2025-05-13,APCP,surface,32.0,-124.75,0.1531527836205184,0.248768439547173,0.0831833617991359,0.1907997467859903,0.1059460565554923,0.288913663761569,0.190324241498012,0.360146191274441,0.1197957483429283,0.1708355786791051,0.0313919574195346,0.0687605892410243,0.0286747840632902,0.0526748148827563,0.0073558635720661,0.0097269090308981,0.0041341623528614,0.0105325840161443,0.0064721778698505,0.0231137283541928,0.0174022807106598,0.0254164963894738,0.0018388443829907,0.0043409084331891,0.0018902955845726,0.0078091785248183,0.0091154843799279,0.0254454445441252,0.0233543789908671,0.0353779364678139,0.0064157652658612,0.0125005958276192,0.0111857594503022,0.0373618884763016,0.0726539715461171,0.2772813279556657,0.2997816226394196,0.7852952505490839,0.5128814600685284,1.1026396996270806,0.6205238357122902,1.0569775175561142,0.3856820143981871,0.8812723596852505,0.4747356777572997,0.8095733199951688,0.2765349423220979,0.5074434651913801,0.1475953788081497,0.2155519606771059,0.052815784813883,0.1159061193032943,0.0563544047384094,0.0862965919636711,0.0142965129262248,0.0268065554185481
2025-05-14,APCP,surface,32.0,-124.75,0.1067187659117109,0.1569148642070096,0.0258564143158087,0.0539637217169536,0.0281398048718477,0.0727279970597887,0.0204942211701339,0.0300430650418427,0.0041458957229093,0.0127640331710826,0.0044632286952388,0.0090971438821595,0.009520233169783,0.0167191317483915,0.0042547862860726,0.0112558666986284,0.0049423535747807,0.0106968532861736,0.0080873226374681,0.0160047976330913,0.0040599671260579,0.0092944887637571,0.0059071100791024,0.0173412344392637,0.0154491390509318,0.0395841680892145,0.0379622254896081,0.1972792279288559,0.277179535781024,0.6622180480642732,0.4810601719724061,1.011448005871726,0.5865816575299487,1.0632045299015267,0.3581825517365186,0.749277080042368,0.419370239448239,0.8053124769458477,0.3355935272049049,0.6355277901207308,0.2421252007236196,0.4137837933182498,0.1369834952843892,0.272299706036393,0.1121141226448617,0.1867926080620591,0.0482040746438795,0.0740514209731233,0.0093111073803791,0.0120530381339804,0.0003939455220412,0.0022536963991119,0.0015115507096333,0.0032877630170798,0.0025041956139193,0.0054811632797798
2025-05-15,APCP,surface,32.0,-124.75,0.0038723880199921,0.0066988372262705,0.0016011767366821,0.0035673214260061,0.0029506033188851,0.0057086419453546,0.0013614491913441,0.0041432177775427,0.0040775108211078,0.0099226686337295,0.0083177765040032,0.0234215442694737,0.01910481054671,0.0323412535758899,0.0087792642846714,0.017234256142694,0.0193516703485834,0.0464331264064659,0.0501179967558426,0.2041922662827529,0.2932732796135821,0.6431990270368294,0.4494737325900053,0.8831042173839622,0.3723189697674873,0.562620509120387,0.1056752723949468,0.1570023093695974,0.0390430113263082,0.0773936836178419,0.0150002056026877,0.0247634009845581,0.0173263713117378,0.0810161842191524,0.1484459788020905,0.2869816372649883,0.092042357127071,0.1212729707231877,0.0043938648509429,0.0043938648509429,0.0,0.0001256115164689,0.0010090038351563,0.0025262842418967,0.0007208105531574,0.0010605871634248,3.205146254693157e-05,0.0003075981911552,3.5255121148872307e-05,3.5255121148872307e-05,0.0,0.0,0.0,0.0,3.318286238573295e-05,6.63657247714659e-05
2025-05-16,APCP,surface,32.0,-124.75,0.0026191483307192,0.0132182062759858,0.0117346706262213,0.0176132927617565,0.0068474331196441,0.0129702421110956,0.0038428526834578,0.0126711270347842,0.0148006246488295,0.034015841204565,0.056629354673953,0.21762124099942,0.2589577819068505,0.6294792378792364,0.4753615499358481,0.9053001592828286,0.3520180941728303,0.5509749423841634,0.1587295417428608,0.2575182649007618,0.0398266539374233,0.0705376577599395,0.0391787679617814,0.0896035648758473,0.0636367973847714,0.1490664802667157,0.09845472918196,0.1331831440653905,0.0035392514294232,0.0052415354576697,0.0008415722089713,0.0010002150768721,0.0008222391949107,0.0020506059720234,0.0015114595744888,0.0054262861015959,0.0026270898733491,0.004116693203711,6.63657247714659e-05,0.0001990738458229,0.0,3.393761246566983e-05,0.0,0.0,6.280635044028288e-05,6.280635044028288e-05,3.318286238573295e-05,6.712047485140278e-05,0.0010886550806777,0.0240258725379965,0.0190860824975705,0.0226088209853826,0.0,0.0,0.0,0.0
2025-05-17,APCP,surface,32.0,-124.75,0.0173263655358014,0.0404264839796789,0.0347791112547855,0.1885555632806414,0.3046562235599231,0.6695252168288148,0.4858461190923772,0.9097065080753304,0.3493821043028302,0.5360598634306818,0.0990869645454877,0.1600278989040856,0.0355527796779275,0.04977279773126,0.0024192421368347,0.0035011273244723,0.0009718312261982,0.0167860065447293,0.043531175349844,0.1029712255927953,0.0174558170273221,0.0232240863411189,0.0001255401867415,0.0002181188390996,0.0006238251292596,0.0013789163220769,0.0002722583787058,0.0008124344373553,0.0003993956329436,0.0005664014972313,6.63657247714659e-05,6.63657247714659e-05,3.307251127387237e-05,3.307251127387237e-05,0.0,0.0,0.0,0.0,3.205146254693157e-05,0.000199049063637,0.0,0.0,0.0,0.0,0.0,0.0,0.0,0.0,0.0,3.0859550786033146e-05,0.0001863699249746,0.0005014474582841,0.0007989532697735,0.0020934028194231,0.0005387645770602,0.0017492077583298
2025-05-18,APCP,surface,32.0,-124.75,0.2787192949233936,0.4327226744702978,0.1053431036616575,0.1862245232785727,0.0354459196572803,0.0533663710057211,0.0071366559954545,0.0103266785090405,0.0018667177652507,0.0034406635950673,0.0040145668355591,0.0056572820056255,0.0018486650665936,0.0047218618195873,0.0032808207338865,0.0050434921247271,0.0015031881961514,0.0020328659004682,9.402320669919082e-05,0.0002818318120503,0.0011752211332536,0.0057211940071324,0.0028122482912323,0.0034920107538057,0.0,0.0,0.0,0.0,0.0,0.0,9.841718731839748e-05,0.0001304686498653,0.0,0.0,0.0,0.0,0.0,0.0,9.841718731839748e-05,0.0001326686580114,0.0,0.0,0.0,0.0004971481420636,0.0011538966369964,0.0014652764686602,0.0,3.4251470693049405e-05,0.0,0.0,0.000126088314593,0.000157311652665,0.000157906160873,0.0001898411167202,0.0,0.0001961962702413
2025-05-19,APCP,surface,32.0,-124.75,0.0016200193287934,0.0027393059110269,0.0003108935967297,0.0013189116239402,0.001501610683227,0.002505296817608,0.0017050622127684,0.002763124659676,0.0011234565824963,0.0017891622412765,0.0020562551531952,0.0031499539189365,0.0011644140687787,0.0035782766247932,0.001083129285154,0.0011494950099255,0.0,0.0,0.0,0.0,0.0,0.0,6.523432493266452e-05,9.841718731839748e-05,0.0,0.0,0.0,0.0,0.0,0.0,0.0,0.0,0.0,0.0,3.146292393296116e-05,0.0001576713317356,0.0002527723361081,0.0081081330012079,0.0269266189037209,0.0689798311652249,0.0209633702929768,0.0228938232087294,0.0010207390536671,0.001976485720872,0.0005304873055238,0.0015738958861236,0.0003244892478647,0.0003946086232625,0.0004219882402048,0.0012654731342895,0.0006313611993087,0.0013320567094611,0.0004557686124238,0.0005259860386253,0.0001337372663187,0.002286345352016
2025-05-20,APCP,surface,32.0,-124.75,0.0024587373965718,0.0063576865127277,0.0029390599506486,0.0052871937336748,0.002233912988519,0.0028454240394274,3.318286238573295e-05,3.318286238573295e-05,0.0,0.0,0.0,0.0,0.0,0.0,9.841718731839748e-05,0.0001335749258209,0.0,0.0,0.0,0.0,0.0,0.0,3.205146254693157e-05,3.205146254693157e-05,0.0,0.0,0.0,0.0,0.0008750163236787,0.0024641517143745,3.505968769887263e-05,0.0027040677978365,0.0005745667269366,0.0005745667269366,0.0,0.0,0.0,0.0,9.841718731839748e-05,0.0003271298100973,0.0,0.0,0.0,0.0,0.0,0.0,3.205146254693157e-05,0.0008497060492068,0.0040676713763133,0.0054066445946376,0.0,0.0,0.0,0.0,3.205146254693157e-05,0.0155493257133789
2025-05-21,APCP,surface,32.0,-124.75,0.0,0.0,0.0,0.0,0.0,0.0,6.523432493266452e-05,0.0001656263883678,0.0,0.0,0.0001851573047161,0.0020400184697648,0.001327448071829,0.001358307622615,3.205146254693157e-05,3.205146254693157e-05,0.0,0.0,0.0,0.0001312351280487,0.0015233375031917,0.0040039699807577,0.0001614844545448,0.0002888596606877,0.0016942868382612,0.0049944907650182,0.0042550772038201,0.0198476192139499,0.0136358894259574,0.0207920283487448,0.0264915936018654,0.0421398797594835,0.0058423480443121,0.0187237873922464,0.0005830493163442,0.0010045446359134,0.0,0.0,6.523432493266452e-05,0.0005116952163908,0.0008431707104802,0.0008431707104802,0.0,3.5255121148872307e-05,0.0001751950645386,0.000489583179122,0.0001598852360539,0.001544101911383,0.0026162003731086,0.0036615296349765,0.00420841322049,0.0149953913106924,0.019909340930641,0.0328512523503323,0.0236658372634685,0.0872335034709222
2025-05-22,APCP,surface,32.0,-124.75,6.171910157206629e-05,0.0001542977539301,0.0022254177171826,0.0025654808433239,0.0,0.0001542977539301,3.205146254693157e-05,6.720920104948038e-05,0.0,0.0,3.318286238573295e-05,0.000160983123697,0.0006084015725649,0.0023238403254079,0.000586453311942,0.0010234112020687,0.0037937314253524,0.00520189144746,0.0013461284406432,0.0034294973823242,0.0035725861274724,0.0052894466436568,0.0130545227863279,0.0549033938518213,0.0041905333223921,0.0067932554793596,0.0016779817037171,0.0020638217353926,3.515773850254881e-05,3.515773850254881e-05,3.318286238573295e-05,6.523432493266452e-05,0.0005787283769804,0.0008030813453652,0.0,0.0,0.0004004733251634,0.0009745649607266,0.0,0.0005661807405425,0.0062115238705859,0.0073856699274335,0.0011514622161704,0.005354915250018,0.0043816102286032,0.00786482967053,0.0002300212155747,0.000719763493218,0.0004499865111135,0.0020541467379324,0.0018431967424605,0.0039203865657726,0.0034973070933032,0.0090469511873361,0.0029547636178377,0.0295076406495245
2025-05-23,APCP,surface,32.0,-124.75,3.435479357032493e-05,6.951253207287374e-05,0.0,3.1581827956578834e-05,3.1581827956578834e-05,0.0001291977015704,6.291101333296472e-05,0.0001268430753928,0.0005452379705696,0.000827337698254,0.0009054850981736,0.0044822821957066,0.0063608493965635,0.0102196250506443,0.0038994055477415,0.0458114238809875,0.0438406520928577,0.0539980779200221,0.0044511172663419,0.0104885051689163,0.0053654636490033,0.0081215090088671,0.0309640472689157,0.0886184691448882,0.0551314756304167,0.1027686801816468,0.0134941856090814,0.037143799568991,0.0070009022017359,0.0106745486467774,0.0109667943351701,0.056429044062187,0.060120520392672,0.0707271301014704,0.0001860096499969,0.0009227413509614,0.0003854491405279,0.0009438275468631,0.0001352549833734,0.0004219357513636,0.0063141671799093,0.0096460994469228,0.0017642944257049,0.0053650044497225,0.0068587123129325,0.0168220563079847,0.0350731345663005,0.086334637540738,0.0426528094073527,0.0671304492238263,0.0158990864582522,0.0292494347244145,0.0060343119523249,0.0086790750998814,0.0039666298736161,0.0175510505081534
2025-05-24,APCP,surface,32.0,-124.75,0.0010148545336254,0.0017146786490114,0.0017928277644902,0.0060629742253034,0.0044751677172224,0.00725612598597,0.001945069500278,0.0310113996929985,0.0431966456358718,0.0629268665455252,0.0019510518150419,0.0058265789323577,0.0028700148983069,0.0038070583307366,0.0038187692093831,0.0144713818362634,0.0160050015236018,0.0232079525601664,0.0009080345233729,0.0043989953592249,0.0050107803848257,0.0072735222254226,0.0023545726299219,0.0240298509128242,0.0387144349116004,0.059664567845578,0.0040890473383797,0.0071335096015368,0.0016196340937859,0.0032307756312187,0.0011217641759416,0.0126829507344491,0.0248634511280185,0.0534322332681507,0.0068678559227274,0.0123564307109957,0.0033750104825019,0.0044590607627357,0.0017148263089011,0.0076278421482665,0.0106795367497175,0.0264165168770581,0.0043659393017323,0.0047851134159246,7.031547700509762e-05,0.0003516734313571,0.0001348686661575,0.0013640932642773,0.0001567153571153,0.0008473758015475,0.0009765990652435,0.0032727159640748,0.0053396221983193,0.0070510985619785,0.0004348653167726,0.0012098318931904
2025-05-25,APCP,surface,32.0,-124.75,0.0466641633030223,0.0550705062682405,0.0059476064668574,0.011583449360426,0.002520851462368,0.0039889531025386,0.000299929756885,0.0028054998757357,0.0120538839702965,0.0168994060052742,0.0032343019725803,0.0130717010342554,0.0053204727884188,0.0068400246067963,0.0017896586256934,0.0340881092515439,0.0485116018081849,0.0520682426161419,0.0005636341719998,0.0022206523430087,0.0041222095931435,0.0067061839554103,0.0007553365421505,0.0016318097626341,0.0024398532085838,0.005488402102233,0.0025957014486068,0.0057761883294372,0.0011874678956092,0.0023380354378552,0.0011138227354558,0.0087455485961813,0.0109331896381224,0.0162090940305909,0.0002051776905336,0.0005114661385803,0.0015025622545038,0.002204433035994,0.0012357572602371,0.0045306169711982,0.0037786402887271,0.0051041858483833,0.0003602040191301,0.0015278929302571,0.003057357047841,0.0057473478539111,0.0010924236136809,0.0018350969566651,0.0002632408850834,0.0009088598706877,0.0015725110897494,0.0052101484907281,0.0024853842721103,0.0041563544453307,0.0038218698910324,0.0441502133886753
2025-05-26,APCP,surface,32.0,-124.75,0.0106675323017747,0.0159983046778201,0.0026908522421781,0.0114882326041044,0.0075271922284065,0.0109717419719541,0.0010079254846387,0.0352335035200651,0.0480947833059758,0.0645378634896332,0.0002382254171022,0.0026090064950716,0.0062257774317824,0.0092635447771533,0.0001992704443426,0.0013352278709498,0.0020954724597801,0.0057368256375476,0.003090587393346,0.0055357393562846,0.0022609269432614,0.0036215455091179,0.0002343665698016,0.0039423689204835,0.0017738057369573,0.0026427573871327,0.0,0.0,0.0001758854070017,0.0002111405281505,0.0002013775933727,0.000520695190141,3.134342650732172e-05,6.268685301464343e-05,0.0,0.0,0.0,3.205146254693157e-05,0.000422314381069,0.0009829546989692,0.0,0.0,0.0,0.0004220856228511,0.0009457044811873,0.0014943035764683,0.0005870752193662,0.0067045788767609,0.016412063564879,0.0224764480984059,0.0124299996418077,0.0268037143380671,0.0198482932806307,0.0482747947122929,0.0337881374338,0.0860520121321323
2025-05-27,APCP,surface,32.0,-124.75,0.0806459585003885,0.1187362097408363,0.0070095071468912,0.01443234869045,0.0068397735253298,0.0101108961848193,0.0008355463347744,0.013717128623464,0.0086379423356747,0.0142676704107417,0.0055762980627052,0.0115278130339313,0.0062404425105779,0.0070723568737818,0.0006986283190201,0.0094925799263768,0.0077763205593165,0.011280146707741,0.0001342630444249,0.0001342630444249,3.515773850254881e-05,0.0002377999420237,0.0004491153276571,0.0013433429115451,0.0002234588876028,0.0012145549254915,0.0027748867865765,0.0043266688978411,0.0026316630567203,0.0045731361025378,0.0007502800945547,0.0015413282479928,0.0002302639506307,0.0002973844254821,0.006204657607114,0.0112261736731702,0.0007641646354863,0.000903342755091,0.0002003980167914,0.0019766615896806,0.0050233816187546,0.0159449849566048,0.0193410770443062,0.03575582345788,0.0258172828982795,0.0425101272444579,0.0223474272870727,0.1010097102542812,0.0388601534851858,0.0500051336556198,0.0081378124588066,0.0191740375477688,0.0110045055883489,0.0186122534750563,0.0099231054962603,0.0321110119242927
2025-05-28,APCP,surface,32.0,-124.75,0.0142932536567782,0.0299563633523319,0.0089276416764877,0.0202329291886884,0.006149232258367,0.0081198616703598,0.0010714047584398,0.0056187744266316,0.0114151341713218,0.0183571610584451,0.000941100031206,0.001679113712251,0.0007250455334569,0.0009631859683708,6.523432493266452e-05,0.0008197017673681,0.0024820363410653,0.0065503373061281,0.0032116374572983,0.0082293869068044,0.0018534793708704,0.0029736358220185,0.0006519389245423,0.0014701219384293,3.205146254693157e-05,0.0001295392858234,0.0001042846393393,0.0046030495752367,0.0062604596273221,0.0062939697661265,6.669300119010852e-05,0.0008929344866941,0.0012422483536872,0.0047684527268561,0.0131229527994125,0.0254058947914239,0.0168968676378618,0.0417222409277409,0.026571733398617,0.0888050159695031,0.0999367627626992,0.1453947156701009,0.0367571706844013,0.0811341715063212,0.0702564656013988,0.122371942847526,0.0483701402167456,0.2392155228665344,0.2827486818820972,0.4288499915826604,0.148469341953456,0.3631460752432213,0.2328036847796894,0.4352523737871013,0.1476362341997794,0.2950946864717396
2025-05-29,APCP,surface,32.0,-124.75,0.0143014573666463,0.0257738295196811,0.0030068158971067,0.0070332416558082,0.003220151308832,0.0041335528232649,0.0003468652971516,0.001753968695767,0.0072319166003247,0.0108880746949537,0.002333804894616,0.0067104696117709,0.001538794707662,0.0021301982023578,0.000652309020857,0.0014022116191881,0.0002631101101421,0.0003951769521411,0.0003494924008548,0.0092146756864174,0.0055713616922906,0.0073439438301491,0.0005455214716485,0.0088071006326644,0.0155134459700903,0.0190089814477002,0.0036658918303478,0.0166162967572331,0.02155385619172,0.0347208013866193,0.0142165660805812,0.1316384648442972,0.227516110220318,0.3458273051694198,0.047501731959098,0.088247568304637,0.0290668057905149,0.0593407799990308,0.067814818887021,0.2910638871511072,0.1822564982316917,0.2348674289511227,0.0104147362337124,0.0207011426659718,0.0184021015072461,0.03152185270858,0.0250406882728495,0.0637271409901116,0.0766990931279549,0.0964402895706082,0.0098739933211729,0.0196062767160112,0.010373963821672,0.0179594312732032,0.0037400142621444,0.0154090703056937
2025-05-30,APCP,surface,32.0,-124.75,0.0057345388159119,0.0134327349395178,0.007629120529623,0.0118910124596243,0.0034954251970882,0.0045114891217003,0.0007194553155585,0.0016451420922155,3.1102661029781966e-05,0.0006276167110631,0.0058481171116097,0.0235987409495851,0.0109098432491776,0.0126350215807326,0.0012740645513857,0.0226761428743067,0.0311456254918695,0.0506752099640835,0.0072045844530581,0.0311318442356387,0.0536869729741517,0.1160048399921327,0.0786128882385005,0.3704481995642155,0.3653945871272531,0.613994219646274,0.245320222611206,0.5072372220192861,0.2622283237471034,0.4800357443351631,0.2388655229773028,0.5280220049805155,0.2427833490876798,0.4099779965009427,0.039343537264475,0.055027974147677,0.0034869502545755,0.0085512626071576,0.0177072503226991,0.0503681675634896,0.0634515023080639,0.1103284423639963,0.0302392510829475,0.0395484070010072,0.0182936075027546,0.0312161156731773,0.007055959815601,0.0184921628600244,0.0390943110416661,0.0728935174619975,0.0286181661280648,0.056067878286969,0.02315951926416,0.0318034564137232,0.0032081219820683,0.0060345662724334
2025-05-31,APCP,surface,32.0,-124.75,0.0007658855880064,0.0033888311863812,0.005307353939295,0.0122217426509717,0.0117557240266842,0.0152441513817703,0.0017210799673149,0.0308487402989523,0.0388010710165706,0.0513692409547088,0.0041343791527779,0.0242393458085088,0.043753375319354,0.0743615630554647,0.047576379779901,0.1942596668378348,0.2607265403358887,0.5407771605091052,0.2226752573909728,0.3773690981736497,0.0860063801516111,0.1427766881095705,0.0868716935013425,0.2161891221867591,0.1512770655004341,0.2376080547713734,0.0352830044283176,0.0744524489666154,0.0645720808620031,0.130668712017909,0.0292564985576082,0.0482902570933609,0.0152422441814321,0.0212260432373854,0.0060912296445482,0.0164614076065586,0.0125417358260568,0.020970640009967,0.0073626377641497,0.0385928151209908,0.0762732014727451,0.1302996090954962,0.0245317106804479,0.0563211724508639,0.0461170115642855,0.0779262015777679,0.0473089026905136,0.2359630088896179,0.1080304704860534,0.132111963761288,0.0095248756889052,0.0184417873140806,0.0073141877378655,0.0092297043048995,0.0023427523214959,0.0221704279002719
2025-06-01,APCP,surface,32.0,-124.75,0.0347859088662992,0.0555567409316248,0.0157430776336591,0.0443704864441616,0.0321017891408618,0.0566571014122484,0.0528767375920591,0.1802113425203663,0.1404399893091339,0.2824206438875269,0.1085754860678465,0.1700832268992718,0.0253779294624348,0.0365982606597257,0.0118543074862942,0.0535811821398394,0.0581726595290519,0.0927245447595752,0.0130389048045461,0.0264030696214121,0.0504372701337265,0.1429021374039543,0.092436253407009,0.142656330075911,0.0172771155639791,0.0246481379863997,0.0035720153885672,0.0095233694762273,0.0062077667107064,0.0099884691700477,0.0043008706809317,0.0220321826449878,0.1027923050084176,0.1956787514462292,0.0404527037441789,0.0756334846382702,0.0317604144367684,0.0455166452990907,0.0401566143846821,0.1547340679480559,0.0751807591810761,0.1117748046390304,0.0079100339438399,0.0174064718472316,0.0095353377467381,0.0149510730535273,0.0028946592574072,0.0112651038552731,0.0059853490855917,0.0104571821865254,0.0036176546096772,0.0080626243538883,0.003622094814808,0.0055645643741048,0.0004561565813957,0.0027614802289941
2025-06-02,APCP,surface,32.0,-124.75,0.1877423724263287,0.322165963132891,0.0592270872034158,0.1288726651946401,0.0403873492220379,0.0575404222446751,0.0243603702806263,0.0642238828910566,0.0372902221362204,0.0604194551149862,0.0183366973418412,0.0275089834001479,0.0046893422653441,0.0119873428250682,0.0406574268733089,0.1593303273660053,0.111353855750958,0.2019226971006166,0.089042656417417,0.2160694558772347,0.1504877295756795,0.2428530282628268,0.12858378627264,0.3631742452304731,0.1278395061648309,0.2371973853499255,0.0451334686452503,0.0844142224977581,0.0401311238312546,0.0642577263376865,0.0491123389351445,0.1849375018219482,0.1497371078132212,0.2929975667264722,0.0469755096606539,0.0594275936099782,0.0117855108165712,0.0177573761545452,0.0058140347653725,0.0186897132247655,0.0179179862365682,0.0294210906074624,0.0083312199334379,0.0171037900111151,0.006404875985182,0.0089412310593854,0.0013061052347324,0.0098913197686125,0.0057545259621729,0.0058874250893065,0.0,0.0001052757795896,7.021742620142144e-05,0.0001402380846421,0.0005816044890285,0.012544186243071
2025-06-03,APCP,surface,32.0,-124.75,0.1078871879403492,0.2437004662880474,0.0514330674567426,0.0725807245321486,0.029401887974514,0.0872543248013499,0.076085320135464,0.1969262343861101,0.1394879482528191,0.2610922207585532,0.0691195118817664,0.1270828199162379,0.0750373973127745,0.1010444033710918,0.027203748182222,0.103642624960546,0.0595949882955128,0.124919603229741,0.0540291462608524,0.1137443985769151,0.0533740576313128,0.071283894948783,0.0344823019997655,0.1142750997048163,0.1119354120801234,0.1882633645704124,0.0264223281476245,0.0438372432897562,0.0135058657918955,0.0208195431748475,0.0366005844036324,0.1260347909897627,0.1084118690157361,0.1611458739248154,0.0006671165387592,0.0021545245754264,0.0024458432924873,0.0037081591041448,0.0024664203865696,0.0117410124657429,0.0153055452721648,0.0312915101053548,0.006694099772299,0.0100975052990601,0.0031611325568221,0.008774589297685,0.0105566585671737,0.1186294365803644,0.1329470666668829,0.1923687713043964,0.0055067066116239,0.0105738435086472,0.009344198016749,0.0154524840889102,0.0204566833829012,0.3284827210898048
2025-06-04,APCP,surface,32.0,-124.75,0.1380666639786905,0.2528246992490031,0.1025223778752117,0.157558703814474,0.0326864838520573,0.0455886787335288,0.0203734959431963,0.0793284159640013,0.0496314443124283,0.1221504719178228,0.0645742177567032,0.1235352236601335,0.0537425503585395,0.0725549127587305,0.0236161774600185,0.140254631039155,0.0925318403922951,0.156272148489879,0.0370928696183052,0.0542113690500657,0.0079626561004546,0.0112741471712738,0.0290493080044958,0.1025113331063883,0.0574571706263546,0.0928692796633079,0.0031949867162373,0.0044433666296971,0.0022294742355384,0.0036966736544409,0.008663316092644,0.092118038192453,0.0768941996307001,0.1454715363772025,0.0154638190889023,0.0215882688505012,0.0012075249244427,0.0015011138638892,0.0165835632472214,0.2165596493299406,0.199259837335305,0.2821309606668512,0.008428416698369,0.0100077020412494,0.0032948648038466,0.0057550804515948,0.0049287133043323,0.0384863351634773,0.1090886191625776,0.2151568039981892,0.0429905559148183,0.0598654145206441,0.01594888219333,0.0228652167470097,0.0152577749797399,0.1942431473305149
2025-06-05,APCP,surface,32.0,-124.75,0.0552278420821956,0.0925524282463011,0.0469386430478624,0.0945944549530493,0.043715225147327,0.0584152048164244,0.0280322114060866,0.1179298461254378,0.0550163085069518,0.0857027250841081,0.0195123940217992,0.0366198606533495,0.0121394914658659,0.0155205893082569,0.00975698263787,0.0309177148238819,0.0086961726846005,0.0118612926595142,0.0,0.0001596729729843,0.00028787700989,0.0006742227547924,0.0025395591285939,0.0304677925059205,0.032460827063364,0.0506346394302322,0.0041764085487075,0.0055540760513497,9.798436245068192e-05,0.0003193666484911,0.0102965540648724,0.1093365617992483,0.1369596831568489,0.1945495513875439,0.0094570329254561,0.0121174167112939,0.003409787858336,0.004150989567863,0.0009912043968104,0.0541980480245685,0.1020350775486447,0.1447650961837609,0.0096261077050528,0.0167549532522392,0.0053238223960577,0.0120281488860404,0.0020714592793863,0.1076482013311767,0.0732083443898785,0.1176024639752594,0.0027230924578628,0.0056513353210745,0.0007413765615476,0.0017858639435492,0.0007642968070822,0.0028975444421294
2025-06-06,APCP,surface,32.0,-124.75,0.0914863405265556,0.1746073195355993,0.0288622797289167,0.0566126729099309,0.0159229184908477,0.0198005600608992,0.0208167537354731,0.0743151859158298,0.0277215449733996,0.0466500381632175,0.0024001177221191,0.0028923042786162,0.0006583170959546,0.0012460736766865,0.0021713377436524,0.0276446710620735,0.0369371806571734,0.0636911312643744,0.0064111583855382,0.0076157530870267,0.000261450335023,0.0004529279598037,0.0098908510760295,0.1276621852561675,0.1260947854164548,0.2412941100901774,0.0409468362150855,0.0457821618596195,0.0068358942447894,0.0072814125310109,0.0186891150822955,0.1132875193475596,0.1145939484376475,0.2139592366560019,0.0200127021341054,0.0253515624132462,0.0055635698564524,0.0109550888705861,0.0086424021945557,0.1574267987253468,0.1832090829162493,0.3219482019553962,0.0440082284025135,0.0703712834463437,0.021327132695051,0.0248088118966696,0.0469597254387401,0.0632683406229688,0.0026046310283627,0.004070951869111,0.0014883066330633,0.0029456330077829,0.002486478347299,0.004220435339995,0.0010368987369983,0.0399622418374338
2025-06-07,APCP,surface,32.0,-124.75,0.0169554792004318,0.0326464343539654,0.009236876234878,0.0123557578427928,0.0022572570110437,0.0028586996577554,0.0012615956704696,0.018386049785389,0.0286965302128085,0.050586967464882,0.0023075018656191,0.0025615618089256,0.0009116728746092,0.001684607717875,0.0072705625226162,0.0900930030204112,0.1226891736481278,0.2317276264691027,0.0388538831360788,0.0398059621535868,0.0015555566873956,0.0026475755944884,0.0064293843555947,0.1415041959229697,0.1612071001039135,0.2321973920339269,0.0126575014341702,0.0215524372380168,0.0084752637091069,0.0152889288890316,0.0075499168508745,0.0766531097403745,0.0902348970629111,0.1324190101523253,0.0126472874574622,0.0221023871662753,0.005172111917155,0.0076756311300111,0.0040132291399565,0.0059877814323768,0.0006342954227886,0.0010195524586041,0.000280769653538,0.0004916140328341,0.0,0.0,0.0,6.860626426337434e-05,3.1581827956578834e-05,0.0002353542483452,0.0004968814525661,0.002965583221836,0.0058601848862271,0.010600284357627,0.0003318211739114,0.0048786893378729
2025-06-08,APCP,surface,32.0,-124.75,0.0333758263480252,0.0621658738449278,0.0081490942930024,0.0157229654551148,0.0073661636111224,0.0100345923163061,0.0060800965035914,0.076964460329849,0.1054281063185655,0.2119200451569462,0.0294517549850468,0.0317063401592968,0.002420044116261,0.0060313572353703,0.0088524389466659,0.1493695172675642,0.2065991897113572,0.2774928419286703,0.013412569601735,0.017417848735932,0.0061402014735995,0.0089257993102646,0.0155159293457197,0.0916328851179369,0.135272384024231,0.1745513546329736,0.0111647066909181,0.0294077808542322,0.0046111815916976,0.0075858726711875,0.0007462504554174,0.0039358704920058,0.0003107829138599,0.0005897338286999,3.134342650732172e-05,0.0002737501108302,3.49609707418876e-05,3.49609707418876e-05,0.0,0.0001694448055062,0.0,0.0,0.0,0.0002568473723935,0.0011888428354184,0.0020235964266262,0.0,0.0,0.0,0.0,0.0,0.0,6.625537365960533e-05,0.000365775138601,3.205146254693157e-05,3.205146254693157e-05
2025-06-09,APCP,surface,32.0,-124.75,0.0862518305021576,0.1867325667339897,0.0276664566888675,0.0459854949515333,0.0183123112064168,0.0297724376753166,0.0065446254517832,0.0893701315938504,0.174812321394819,0.2549553187816475,0.0101984595983914,0.0162543203322548,0.0077727404876976,0.0119307695923167,0.00872176688849,0.0872228283649104,0.0826084272613786,0.1040708731013033,0.0087595348132339,0.0233389825859857,0.0058704186511959,0.0070238524805249,0.0020767765086868,0.0030966370030633,0.0004067209409001,0.0004689239181935,0.0,0.0,3.49609707418876e-05,7.002065844076023e-05,0.0001004894460815,0.000301380349193,0.0,3.5255121148872307e-05,0.0,0.0,0.0,0.0,0.0,0.0001395259199925,0.0,0.0,0.0,3.1581827956578834e-05,0.0,0.0,3.205146254693157e-05,3.205146254693157e-05,0.0,0.0,0.0,3.1581827956578834e-05,0.0,0.0,3.318286238573295e-05,6.63657247714659e-05
2025-06-10,APCP,surface,32.0,-124.75,0.1586023677878428,0.247702003604246,0.019298299640903,0.0360703817103584,0.0173652458026206,0.0270463634740475,0.005242307372198,0.0559901010713767,0.042935072449736,0.0784634485606218,0.009723106677614,0.0223821614443937,0.0093937752212806,0.0106235091004093,0.0087926858774504,0.0106494765379173,0.002781389245315,0.0029103591241005,9.41497769476046e-05,0.0001257316049041,7.041285965142112e-05,7.041285965142112e-05,3.205146254693157e-05,0.0004981566892208,0.0,0.0,0.0,9.486379210930454e-05,0.0,3.505968769887263e-05,3.4251470693049405e-05,0.0001389158010375,0.0,6.304475188954e-05,6.316365591315767e-05,0.0002526534320845,0.0001265639283054,0.0001265639283054,3.205146254693157e-05,3.205146254693157e-05,0.0,0.0,0.0,0.0,0.0,0.0,6.523432493266452e-05,0.0001922583602037,0.0,3.122333807204014e-05,0.0,0.0,0.0,0.0,0.0,6.256676457936186e-05
2025-06-11,APCP,surface,32.0,-124.75,0.0489819575183145,0.0889945884384347,0.0180796683482197,0.0344938581641158,0.0080172119313908,0.0103654750620088,0.0003525912922143,0.0014994292149224,0.0006424918314057,0.000881259524872,9.41497769476046e-05,9.41497769476046e-05,0.0,0.0,0.0001305513403869,0.0010648108612367,3.0859550786033146e-05,3.0859550786033146e-05,9.486379210930454e-05,0.0002205953970134,9.462657984611885e-05,0.0001263267160422,0.0,3.486158964810724e-05,0.0,0.0,0.0,0.0,0.0,0.0,3.205146254693157e-05,6.64062561172565e-05,0.0,0.0,0.0,0.0,0.0,0.0,6.386930882698653e-05,0.0001587206183147,0.0,0.0,0.0,0.0,0.0,0.0,0.0,0.0,3.2397342095833684e-05,0.0001667613747402,0.0031946705875386,0.0222580262656966,0.0130435097021302,0.0166032241760163,0.0083184207680476,0.0189141029171832
2025-06-12,APCP,surface,32.0,-124.75,0.0044740664363218,0.006979910334359,0.0004281715085473,0.0009143563933934,0.0003087173548677,0.0005104777733213,0.0005332809131712,0.0018178126365534,3.515773850254881e-05,0.0004218901894011,0.0001364640760454,0.0003922172115614,0.0001583673484492,0.0002223501426405,0.0,0.0001030637289316,0.0,0.0,0.0,0.0,0.0,0.0,3.205146254693157e-05,6.64062561172565e-05,0.0,0.0,0.0,3.1581827956578834e-05,0.0001322894193169,0.0005598518947269,3.205146254693157e-05,0.000126186983917,0.0,0.0,0.0,0.0,3.146292393296116e-05,3.146292393296116e-05,9.517593305777533e-05,0.0064146474968359,0.0078510257713346,0.0090366261904625,0.000124046270639,0.0012071441367629,0.0027326691539719,0.005300586985718,0.0006102488997753,0.0006434317621611,0.0,9.294360960924809e-05,0.0007468047543704,0.0046940753223372,0.0089003757819637,0.0117812718166502,0.0001340284908436,0.0002386928211881
2025-06-13,APCP,surface,32.0,-124.75,0.0028119449481615,0.0051641927685573,0.0004373503704619,0.0007691930748835,0.000488106111018,0.0006859165761411,0.0,0.0001030637289316,0.0,0.0,0.0,0.0,0.0,0.0,3.205146254693157e-05,0.0001350125203806,0.0,0.0,0.0,0.0,0.0,3.307251127387237e-05,0.0,3.205146254693157e-05,0.0,0.0,3.146292393296116e-05,6.280635044028288e-05,6.280635044028288e-05,9.426927437324404e-05,0.0,9.354933717386224e-05,0.0004407008131721,0.000533523159545,0.0,0.0001987611058519,0.0011405960352188,0.0021633923159578,0.0006215151529314,0.0007261993029695,0.0,0.0,6.184094857946612e-05,0.0012159783462378,0.0026387344438693,0.0042941977150544,0.0003654324538651,0.0006037725384828,0.0,0.0,0.0,0.0,0.0,0.0,6.850294138609881e-05,0.0002075220653008
2025-06-14,APCP,surface,32.0,-124.75,0.0001403248453434,0.0004893104317131,0.0,0.0,0.0,0.0,0.0001029604060543,0.000206024134986,0.0,0.0,0.0,0.0,0.0,0.0,3.205146254693157e-05,0.0001590754978179,0.0,0.0,0.0,0.0,0.0,0.0,0.0,0.0002182013353775,0.0,0.0,0.0,0.0,0.000200081528896,0.0005059998563537,3.205146254693157e-05,0.0001003920634352,3.4251470693049405e-05,0.0006494507771661,0.0002464937001031,0.0004331067353215,0.0008292771258181,0.0017233641558071,0.0001975060049842,0.0003018741864742,0.0,0.0,0.0,0.0,0.0,0.0,6.860626426337434e-05,0.0002418768588712,3.122333807204014e-05,6.280516602861897e-05,0.0002480919550839,0.0016503213078263,0.0009026682994185,0.0013677389826877,0.0005911466813487,0.0019518865739434
2025-06-15,APCP,surface,32.0,-124.75,0.0,0.0,0.0,0.0,0.0,0.0,3.205146254693157e-05,0.0001271405419708,6.398641839410751e-05,6.398641839410751e-05,0.0,0.0,0.0,0.0,0.0,0.0,6.351798247620184e-05,6.351798247620184e-05,0.0,0.0,0.0,0.0,3.205146254693157e-05,3.205146254693157e-05,0.0,0.0,0.0,0.0,0.0,0.0,0.0001999039504223,0.0003357333606351,0.0002451834061713,0.0002451834061713,0.0,0.0,0.0,0.0,0.0001732705946078,0.0002762316524415,0.0,0.0003137886179005,0.0003458507971955,0.000818147807859,0.0002520595101325,0.0003466860899786,3.4457464668276125e-05,0.0004984461819832,0.003377543588898,0.0064232140729977,0.0007771769050523,0.0014965532657562,0.0003730739424794,0.0012707963790869,0.0003089610488825,0.0015782879330217
2025-06-16,APCP,surface,32.0,-124.75,6.398641839410751e-05,6.398641839410751e-05,0.0,3.134342650732172e-05,0.0,0.0,3.205146254693157e-05,0.0001006577268103,6.386991169435188e-05,9.580486754152784e-05,0.0,0.0,0.0,0.0,3.205146254693157e-05,6.523432493266452e-05,0.0,0.0,0.0,0.0004690195342482,0.0017117921787881,0.0030574792231014,0.0004242074983226,0.0007983426293927,0.0,6.929799916961008e-05,0.0,0.0,0.0,0.0,3.4251470693049405e-05,0.0001956423812897,0.0001234382031441,0.0001550200311007,0.0001257316049041,0.0003151030728359,0.0001891342556686,0.0003814956131522,0.0,0.0,0.0002161387025096,0.0021341752906625,0.0089952507608513,0.015825085806762,0.0026941374084747,0.005666848428412,0.0027822293646416,0.0087599709097143,0.0053115536726105,0.0076294802735412,0.0007699154503084,0.0015456348518399,0.002783196534726,0.0043652987723688,3.318286238573295e-05,3.318286238573295e-05
2025-06-17,APCP,surface,32.0,-124.75,3.181784628005497e-05,3.181784628005497e-05,0.0,0.0,0.0,0.0,6.523432493266452e-05,6.523432493266452e-05,0.0,0.0,0.0,0.0,0.0001251323495421,0.0005536997804337,0.0003896466511538,0.0008289654385507,3.515773850254881e-05,0.0001383933501378,0.0,0.0,0.0,0.0,3.4457464668276125e-05,0.0001031664000296,6.244137874261197e-05,0.0002195170035561,0.0001886574527701,0.0005408220470071,9.390430267557316e-05,0.0010584118113224,0.0008991675843506,0.0023855365911383,0.0072940372271017,0.0175337323832288,0.0075838880962282,0.0177275628760742,0.0183553859088177,0.0297732805474012,0.0033180177624746,0.0045617590803312,0.0027315025756314,0.0054621264378826,0.0102638224888483,0.0305122395582969,0.0113236989158619,0.0149122893600259,0.0011455888547717,0.0011455888547717,0.000291000826486,0.0006098512645219,0.0002862319155171,0.0023009010084445,0.00444761468495,0.0099969557770136,0.0035151261909823,0.0357921617443365
2025-06-18,APCP,surface,32.0,-124.75,0.0001631212738411,0.0013448749987403,0.0026405861739028,0.0063011121320217,0.0027178594795436,0.0050705324339358,0.0003007205332217,0.0006757645210353,3.515773850254881e-05,7.041285965142112e-05,0.0,0.0,0.0,0.0,3.515773850254881e-05,3.515773850254881e-05,9.330092952864513e-05,0.0005601799736664,0.0001574329302864,0.0002832840326162,0.0007193105602871,0.0017190089284486,0.0020142560250182,0.0068141367779859,0.0092472372007145,0.0189341795306115,0.0086468807085019,0.0200754520027345,0.0214169234017774,0.0520820248611266,0.020835206379981,0.0413481910592429,0.0046421483581901,0.0057718115588235,0.0010062076189907,0.0016246252939018,0.0001583215965979,0.0009001687017657,0.0007438054595162,0.000776988321902,9.832535844412e-05,0.0003009228900423,0.0007591782382955,0.0059275591277091,0.0138191799489047,0.027449641519969,0.005912387059783,0.033897068614146,0.0277564560535037,0.0489709289362467,0.0282796570211352,0.0558753052481443,0.0314941176005379,0.0504460629254439,0.033632733701427,0.1288444449858083
2025-06-19,APCP,surface,32.0,-124.75,0.0002460041162461,0.0002460041162461,0.0,0.0003171013250472,0.0005977735959389,0.0008017623029975,6.940920919559822e-05,0.0001723702670292,0.0001258511023298,0.0005979073379463,0.0004721775132378,0.0012728135170538,0.0001885308825216,0.0014052400861118,0.0034430059849402,0.0125685055311381,0.0187377676105946,0.0288816382111772,0.0054331367066943,0.0113857524964725,0.0119097345914956,0.0303912247325787,0.0109055269678341,0.0243063087312012,0.019339275178818,0.0508965822717273,0.0402641685736942,0.0581625110067262,0.004404576334455,0.0123887281453031,0.0130234176212338,0.0152793322670355,3.2397342095833684e-05,3.2397342095833684e-05,0.00315635061027,0.0072198967003763,0.008230038499186,0.0175011819284192,0.0037718316994919,0.0238147001213689,0.0189161606492925,0.0332781500593223,0.0175875745464808,0.0425495151943669,0.0253370928130874,0.0377834806975029,0.0033449103007927,0.0240491234915997,0.0162078594063597,0.0189834586241608,0.0033615998595454,0.006723394669372,0.003205126547823,0.0040628168593585,0.000557239594289,0.0011069836940966
2025-06-20,APCP,surface,32.0,-124.75,0.0001880540796231,0.0008180200484245,0.0003143855092343,0.0016062884792493,0.0005009950200699,0.0020444977020514,0.0045562795974031,0.0118443374074756,0.0158169026386187,0.0266624496524752,0.0085411525724469,0.0227080447797279,0.023558644340573,0.056279417261447,0.0321744945533184,0.0788046587121127,0.028728115514618,0.0421369131368842,0.0058113835071421,0.0195500400058801,0.0209000006018655,0.0387714866953342,0.010906951326704,0.0124534606779071,0.0002568753063451,0.0002890426703845,0.0,0.0012194261618329,0.0115424643140942,0.0253654392305298,0.0089859313854928,0.0573950969245705,0.0310722180329612,0.0512058954564078,0.0198574112716571,0.0419452786866713,0.0238307455611459,0.0355777304718392,0.0057849921758754,0.0146736178256154,0.0035791561061719,0.004608938238982,0.0008410947415666,0.0034504283288704,0.0039098866194652,0.0072520644598946,0.0003015859751039,0.0008892090838629,3.205146254693157e-05,0.0018938126261612,0.0040864429391626,0.0062645172627093,0.0002796773218698,0.0006143711767652,0.0001348686661575,0.0015236508330972
2025-06-21,APCP,surface,32.0,-124.75,0.016339793041427,0.0248949340334345,0.0034703497992351,0.0079818659066128,0.0083839449982551,0.0306307029791655,0.0230044968333757,0.0470078834574661,0.0299742350031813,0.0527224835982833,0.0114879800096952,0.0144711774238932,0.0103775744354367,0.0242068411841045,0.0130759011165199,0.017566356824589,0.0003869166128895,0.0010661361971429,0.0008702694707691,0.0046389755954848,0.0112989865023057,0.022646333289646,0.0081136127362455,0.0535493705471831,0.0275870796049872,0.0405224540927448,0.0115420835388798,0.0219731620711478,0.0108184635755057,0.0146474917802934,0.0011253620358927,0.0045551634502349,0.0022295006044691,0.0061194011140308,0.0069218699007217,0.01678011498583,0.0122269649643724,0.01877861831885,0.0016439846666754,0.0027463200154946,0.0009833287810728,0.0032840521619351,0.0030723123668233,0.0109318042869741,0.0180987089155183,0.0327418078202148,0.003738590172084,0.0068375540287344,0.0017208006979417,0.0018935441944195,0.0001739557396058,0.0005540133605153,0.0005250422044596,0.0009425510414741,0.0002651536565666,0.0006987275645316
2025-06-22,APCP,surface,32.0,-124.75,0.0204333799067814,0.0292807430283804,0.0083339181930505,0.0128591070932057,0.009720179256136,0.0192143286786228,0.0071187394064151,0.0077678865959884,3.27377122440834e-05,3.27377122440834e-05,0.0,0.0027128098352748,0.0144122620364295,0.0278169102614839,0.0064934626683156,0.021927996611029,0.0117733642652293,0.0184090711716403,0.0101543905682659,0.0233894211016258,0.0117450629419039,0.0183361666252471,0.0027725376254122,0.0110782773280695,0.0057406548984169,0.0069411235853495,0.0024927773285001,0.0099865461460847,0.0138584239155133,0.0221908274781015,0.0015891641209848,0.002880260411404,0.0005270672520338,0.0008551112370273,0.001469039815717,0.0150185642922638,0.0221933631516837,0.0352011506714656,0.0039904217162641,0.0057924310905951,0.0012799652797832,0.0032726443843746,0.0016076116921446,0.0019221178736468,0.0010841942957736,0.0019467893353048,6.850294138609881e-05,0.0002382560191646,0.0004518928430957,0.0016091340485352,0.0004930841146952,0.0005282418531977,0.0002668853938648,0.0011988432093151,0.0004343638989446,0.0010688563580654
2025-06-23,APCP,surface,32.0,-124.75,0.0002672071114144,0.0011415020208862,0.0015350076130557,0.0052177977331788,0.010475049099616,0.0210989483567253,0.0043530682297043,0.0159020162723266,0.0148200648191016,0.0204633133365489,0.0128843378811121,0.0343375175690275,0.0137306987190176,0.016493378904472,0.0005858850697778,0.006719128907444,0.0033613978028949,0.0037117394256572,0.0009272685959181,0.005169788007364,0.0077359077483946,0.0138944570758729,0.000783074351235,0.0015407808774354,0.0002808643796495,0.0017829045890555,0.0010452119368986,0.008111122910264,0.0166103443340865,0.026725522331599,0.0037123637294893,0.0073187243482295,0.0030729994662009,0.0072791630209274,0.0007635101655445,0.0013118592790028,0.0007928295611715,0.0022730289423952,0.0006604635708359,0.0013250742918641,0.0004722389182357,0.0026907634776291,0.0035222486212384,0.0083926571584038,0.0047494956827832,0.0066377517439763,0.0003657572389856,0.0026467157148957,0.0045534635208238,0.0056092672040394,0.0011890534727579,0.0061171375943376,0.0064804250628593,0.0142684491199217,0.0048543071321811,0.0128965995294158
2025-06-24,APCP,surface,32.0,-124.75,0.0178622236476384,0.0309256531641162,0.0210213400169578,0.0502767094760492,0.0152812159991855,0.0219812752991706,0.0019965664620683,0.0096536511201738,0.0083025533633303,0.0123246931191415,0.0045869156690552,0.0099315068663084,0.0038938219546373,0.0061383838180577,0.0003003690598629,0.0006008922396403,0.0001713600266652,0.0014216589320165,0.0013328324579887,0.0019303092369159,0.0040043176110261,0.0055081719063984,0.000585323431348,0.0017679331492879,0.0007032454751318,0.0008781140724554,0.0006887248799041,0.0034105823508988,0.0016132012604679,0.0018232197133853,0.0003295409334817,0.0007663491464057,0.0002423009877245,0.000343253166187,3.404287802073778e-05,6.819037615924791e-05,0.0033402413456373,0.0076280315909923,0.0022862598174616,0.0064479205167018,0.0104209191622004,0.0225662034791294,0.0137021596154586,0.0320594142575031,0.0213017417824582,0.0318642599243167,0.0021165109927526,0.0104668156838284,0.0209502292537516,0.0380686841392848,0.0189744732448053,0.0390690932802808,0.0196498219786656,0.0309162813179911,0.0034923960511278,0.0199877007922309
2025-06-25,APCP,surface,32.0,-124.75,0.0118524250826492,0.0211699830492432,0.012119130776206,0.0269511622550407,0.0136967638164862,0.0221077250798972,0.0008189308756868,0.0020612285474898,0.0021706945792495,0.0037499233567365,0.000281748821252,0.0016177925920471,0.0054314555553456,0.0084741147720528,0.0004857332123514,0.0009201228469562,0.0,0.0007233658214144,0.0018708508233786,0.0043200180394685,0.0004577316109,0.0004577316109,0.0001997193225901,0.0005408704756783,3.435479357032493e-05,0.0004769959443331,0.0,0.000866804098789,0.0056072213461011,0.0098958093337771,0.0019746351509672,0.0063222555636638,0.0100150527585846,0.0219310211076535,0.0174347205686773,0.0411023417958398,0.0259627691931139,0.0376609176634386,0.004198394019766,0.0098317382474727,0.0129867923163797,0.0259780112953575,0.0178075471127451,0.0450460189915236,0.0305689534199392,0.0504099352341949,0.006757418785031,0.0860035565128279,0.0388163145822011,0.0677811130786315,0.0334411116338001,0.0571899487065,0.0289246085622476,0.0450992570505854,0.0119491988947832,0.0540876424992457
2025-06-26,APCP,surface,32.0,-124.75,0.0058116365189393,0.0150455284403263,0.005256040131461,0.0098049633568916,0.006000781723724,0.0131469184223239,0.0030009926118949,0.0039006072056078,3.393761246566983e-05,0.0003801664704362,0.0014847299298713,0.0047474169586787,0.0040163829770586,0.0058064618874917,0.0002654681530817,0.0008727424844331,0.0001730072716301,0.0008985670011115,0.0049422297915048,0.0153049979415191,0.009460793682322,0.0141909271358803,0.0032692239473053,0.0093447145684515,0.010412780284309,0.0230368915553298,0.0135968256891333,0.0287551648659381,0.0138338512909787,0.0225830712081502,0.0028184910015459,0.0074509520037092,0.0155890488739838,0.0318902221553905,0.0192879304904263,0.0495827044269217,0.0348489063645286,0.0656111558818855,0.0083865845863262,0.0638933523414519,0.0507352559375387,0.0741555468888556,0.0258606213942559,0.0638669656290345,0.060493399260716,0.104973165424853,0.0216579218402292,0.1372196101868951,0.1079822214094909,0.1486606742889875,0.0125614232580719,0.028564478460989,0.0134115243480749,0.0150841334797712,0.0109661970047364,0.0441522491125783
2025-06-27,APCP,surface,32.0,-124.75,0.0031685695556855,0.0088773826108511,0.0086572662931789,0.029673184184118,0.0217507064227229,0.0328733255220234,0.0027531508397988,0.0055385193941342,0.003792503891006,0.0117983893000848,0.0109201282177568,0.0222782692441792,0.0098949954526167,0.0158392973555268,0.0030693344800175,0.008252820648307,0.0095878900304744,0.0232124656419122,0.0135418960650575,0.0274243108767927,0.0128158568409336,0.0168470486535962,0.0010192252956107,0.0039630799466109,0.0132082794855416,0.0208698622716756,0.0103235585985258,0.0336518827089835,0.0239359362734253,0.0384660695535119,0.0045188169779635,0.0666756778563441,0.0639892621360073,0.0837124264270857,0.0170015451642511,0.0384928858884192,0.0237194559384856,0.0418560549586755,0.0128177553062312,0.1397364794902669,0.0823685607604381,0.1124375533629603,0.0083708819959044,0.0182628713395928,0.0166974987286501,0.0314383136940612,0.0475084975441466,0.0973449347842925,0.0345795184950289,0.0408797114734734,0.0020296841036352,0.0056351762127652,0.0067877628571072,0.0167604536193113,0.0066063361023899,0.029575197612448
2025-06-28,APCP,surface,32.0,-124.75,0.0061603269170518,0.0165939163420685,0.0131300058837445,0.0309332501003912,0.0159116301556192,0.0240505455606737,0.0043683742279617,0.009740389194014,0.0109426775012042,0.0252489270011745,0.0147562663777316,0.0303150981678571,0.0141788411752697,0.0197450714671951,0.0016318634495676,0.0066410489249074,0.0080109859071695,0.0169667185978745,0.0149674921642967,0.0337061086568711,0.0209183063107829,0.0313185984002124,0.0027438455131133,0.0602667875676467,0.0346714095442292,0.0534380875844008,0.0172355865934621,0.0384051695520091,0.0205398994079879,0.0320717523116041,0.016647246518273,0.1912123373190019,0.1042944786219868,0.1351304168882803,0.0330513787457388,0.0828737327924446,0.0353052494219614,0.0520284203895439,0.1363447242081696,0.2840044939319718,0.0809708584236931,0.1204548506072436,0.0055534423559684,0.0158651342889031,0.0150749718371939,0.0274398822104036,0.0042730808436798,0.0097578683357855,0.0175816256627801,0.0301462928259399,0.0123688530303516,0.0338483199486942,0.0212523518681731,0.0344278356891097,0.005954186223547,0.0222185033421037
2025-06-29,APCP,surface,32.0,-124.75,0.0092991492918913,0.0240777301820154,0.0187720355803633,0.0373838328412957,0.0174878111406018,0.0259178593002815,0.0019875899154605,0.009229511046721,0.0099532940626792,0.0221153140137586,0.0140069771863168,0.0301153650141386,0.019084807332179,0.0292022373962059,0.004213476347806,0.0642324036521298,0.0393987557307,0.057075109202712,0.0149954350237903,0.0319170114955418,0.0186751992132956,0.0296902622983907,0.0067461061271282,0.1293431812847294,0.1515031050838703,0.1776558679168882,0.0183939796598801,0.0495354789339343,0.0301582617376937,0.0518611457575666,0.0458505012133857,0.1917367616052777,0.07714672039281,0.1052815522005117,0.01047989006575,0.0321932405840905,0.0422467781953218,0.0739273774795779,0.0347514194399233,0.0839539502968779,0.0532100077843707,0.1022427234360339,0.0108018919945176,0.0136183877617765,0.0023048311310908,0.0026510256479509,0.0052109648566579,0.0710061041849351,0.0564232080955317,0.0596023335201913,0.0,0.0002160168555022,0.0,0.0004974445370169,0.0002019936157804,0.0012720557411208
2025-06-30,APCP,surface,32.0,-124.75,0.013251725547246,0.0303612036437634,0.0180763310267365,0.0356343050647899,0.0201928503728564,0.031728811453129,0.0029933335089749,0.0406065772297721,0.0339471988982253,0.0508605858383103,0.0150115720581856,0.0313113345184065,0.021631067628847,0.0326311955551942,0.0062997642081438,0.1212299831922709,0.0781714497617434,0.0967074190285117,0.0158245008281044,0.053445359276041,0.0474544300248326,0.0793778167145508,0.1070210248994087,0.3250445575945028,0.0833261611955941,0.1153950654549465,0.0161961648757866,0.0499286428892325,0.0581173999431131,0.0971142437059005,0.0434964092721187,0.2517034750072162,0.095473414126916,0.0970308462804407,0.000340495385425,0.0006457931670006,0.0008820008065897,0.0048383681820617,0.0041341962018399,0.0789638839587686,0.0516579100722163,0.0752811682649505,0.0131022334136238,0.027882905630636,0.0315789743391318,0.08128312287229,0.0147759891007528,0.0291957215072651,0.0041454102837816,0.0044543713326641,0.000164246563369,0.0028629648067381,0.0066423762834194,0.0163559082722922,0.0066602309529747,0.0088008575753745
2025-07-01,APCP,surface,32.0,-124.75,0.0415459326398718,0.065376808346248,0.017354160218156,0.0332478562271148,0.0212039698245283,0.0350021779374269,0.0098987072254755,0.1220943137824671,0.094701394411931,0.1161822524933112,0.0151941680972751,0.0399995783280763,0.0375777835520724,0.0652499435040485,0.0809870399537095,0.2737774702830249,0.0752028144625741,0.1178052671598832,0.0094047651061573,0.0237269288481553,0.0096181337139561,0.0131180492610428,0.0061157984946612,0.0246158292968846,0.0266230269265221,0.0528217159601069,0.0167933373408012,0.0312885825167752,0.0103091930643666,0.0144602115538776,0.0014146879208952,0.0158116242522211,0.0070011682954594,0.0070011682954594,0.0,0.0,0.0,0.0,9.841718731839748e-05,0.0009465123676699,0.0004927056809478,0.0008060186755664,0.0002824493308428,0.0015909174126559,0.0021887930599373,0.0069294047733723,0.0014086470036014,0.044183892614263,0.0144829634175113,0.0148629458303545,0.0026166273222813,0.0170548295831987,0.0192411934131455,0.0304944411990997,0.0024688683797122,0.0050050112599061
2025-07-02,APCP,surface,32.0,-124.75,0.1131452020846632,0.1526074465128427,0.0258524014207003,0.096129601015654,0.096015299694876,0.1728460681049711,0.0881209086219685,0.276430350935972,0.1458413497465891,0.2609088656202144,0.0177251494529827,0.0259318186525371,0.0155327235727278,0.0203972451878287,0.0044382951248566,0.0200228234747805,0.0121593305272921,0.0260557747795741,0.0114644106007489,0.0331038803141188,0.0537285771785179,0.1253516980516554,0.0323991148570556,0.0505673359090969,0.0001852791517235,0.0001852791517235,0.0,0.0,0.0,0.0,9.841718731839748e-05,0.0003582493786303,0.0,0.0,0.0,0.0010169250464147,0.0019987857440739,0.0020690031702753,0.0001275603240344,0.0004229428123249,3.205146254693157e-05,0.0022790375787486,0.0106012190958908,0.0318484737602997,0.023823029155278,0.0348549904367605,0.0014201147020753,0.0023534726825523,0.000728478146024,0.0021003403744093,0.0020483290001015,0.0043028025599789,0.0015643203836351,0.0020331405699661,0.0005147319804924,0.0010652748040211
2025-07-03,APCP,surface,32.0,-124.75,0.0709846092240385,0.1472117828310021,0.0313129913303988,0.0800669544866021,0.0420824024366585,0.0487421169759803,0.0034427905371725,0.0308523863349935,0.0396776906219737,0.1121330058252948,0.051186867079659,0.0954526417884783,0.0100829615366981,0.0106696579588839,0.001162744032492,0.002506077329093,0.0009362003717101,0.0009362003717101,0.0,0.0,0.0,0.0,6.523432493266452e-05,0.0003492025864318,0.0,3.205146254693157e-05,0.0,0.0002313959762481,0.0021816132876617,0.0062790366267981,0.000893052497606,0.0017413434164022,0.0014020299975759,0.0052933168894638,0.0124301064213413,0.0322038876036757,0.0216022758922276,0.0329627689362321,0.0046718023783188,0.0073448487419163,0.0006552599075757,0.0055757622247679,0.0093149274259396,0.0267931479372553,0.0194412459835974,0.0297428492202539,0.0014930813435206,0.0019214508623037,0.0018682671602491,0.0034695299708018,0.000552717751012,0.0016593000977094,0.0019106999936454,0.0025134703714399,0.0007964922269228,0.0035010698271114
2025-07-04,APCP,surface,32.0,-124.75,0.0754763765345368,0.1898508875259087,0.054208982001032,0.0748407919915211,0.0050425095376416,0.0063593767128686,0.0120692616671218,0.0389425862615965,0.0002165007312235,0.0003093224938253,0.0,0.0,6.280635044028288e-05,6.280635044028288e-05,6.523432493266452e-05,0.0003832428429235,0.0,0.0010497149183223,0.0024847108260883,0.0036427035970333,0.0016525400055144,0.0040959802910182,0.000456174383156,0.0015057277808832,0.0007967066485795,0.0038704277962451,0.0083135998770703,0.0248922673744891,0.0189818191186218,0.0275255967500198,0.0018497615501855,0.0039249919084429,0.0025796795721378,0.0074840951892467,0.0066007499428995,0.0135001998889987,0.0058340621904722,0.0077365640870908,3.3617964613337096e-05,6.734311821988777e-05,0.002288113346127,0.0110841828243169,0.0063257302078783,0.0095548036211045,0.0072672307217382,0.0087899073632726,0.0007867784574825,0.0037217148321535,0.0029819126601707,0.0092630326767776,0.0054018993402408,0.0110326408631438,0.0104346638389652,0.0212070890244563,0.0016226511567705,0.0037234230342914
2025-07-05,APCP,surface,32.0,-124.75,0.0002849218578093,0.0004430628525941,0.0,0.0,6.839896883155954e-05,6.839896883155954e-05,3.205146254693157e-05,0.0002542592975991,3.205146254693157e-05,3.205146254693157e-05,0.0001344720291919,0.0018211695756086,0.0047066781283332,0.0097114703717026,0.0006617511812092,0.0019743662440624,0.0015996206510163,0.007774568788468,0.0094479201807258,0.0244142150548014,0.015801603198338,0.0234099641849464,0.0013009317412865,0.0032677609094307,0.0024500226807424,0.0084604077760303,0.0079005964141124,0.0167288824422415,0.0059376979373948,0.0081402502091211,0.0,0.0003400642936833,0.0026285408457484,0.0059391563283557,0.0015893504058514,0.0072615362203029,0.0048679819587648,0.0085296442937389,0.0005754718952057,0.0174551535688398,0.0068022032274311,0.0086007614078285,0.0014200407268415,0.0045668484255998,0.0030775946835732,0.0082387192931097,0.0008823964060919,0.0016903349227212,6.744775127004541e-05,0.0001013853637357,3.351013880437557e-05,0.0008570521634608,0.0050970083262713,0.0170343372037224,0.0044509027321293,0.0092644552439553
2025-07-06,APCP,surface,32.0,-124.75,6.256676457936186e-05,0.0001565964530916,0.0005316248129689,0.0033540431323564,0.0036472863014313,0.0092095191775835,0.0015109563426437,0.0025974415897128,0.0012981365645833,0.0047226332047236,0.0070762571244132,0.0175032506433594,0.0102592376020621,0.0145470530137817,0.0004241175632182,0.0018063224027815,0.0028650247944983,0.0062033587437165,0.0041691452790565,0.0120857926496444,0.0081195620057184,0.0105568483024233,6.734311821988777e-05,9.820266900592093e-05,0.0002166260905392,0.0006522758577183,0.002990559599247,0.00574809777004,0.0018193034428106,0.0022292270324444,0.0002880724491512,0.0007585371178796,0.0001294289347115,0.0007683234796837,0.0005273957714477,0.0029007599239089,0.0056134755700231,0.0098018565781249,0.0004277084975749,0.0010327316881356,0.0005083151183296,0.0030056442032573,0.0110261752064619,0.030889846859836,0.0191110231649166,0.0284846554914775,0.0009134572654635,0.001904586758621,0.0003355667012133,0.0041497483870741,0.0074065646167192,0.0200458093102989,0.0123597138643514,0.0185801417564685,0.000626852033129,0.0020989579255109
2025-07-07,APCP,surface,32.0,-124.75,0.0023745249784581,0.010570600196474,0.0139997560505112,0.0269600962400714,0.0107850726469967,0.0157465803908515,0.0005354842543205,0.001692037483537,0.0026391965347866,0.0057718420984124,0.0028613915227404,0.0082481350761462,0.0063620333238564,0.0092696278037506,6.734311821988777e-05,0.0001963862400574,6.171910157206629e-05,9.294243964410644e-05,9.391019108668356e-05,0.0004649500206734,0.0013029006827302,0.0021869254771158,0.000254821250692,0.0020579860119355,0.0011160031997808,0.0013731391297522,0.0031256772735625,0.0102031221831739,0.0076900627135299,0.01401669828608,0.0005314754832829,0.0011310168109703,9.679210295710128e-05,0.0004899554791868,0.0009477632386345,0.0100885791701228,0.0234896419633093,0.0435105862305543,0.0070762607286691,0.0131849532093439,0.0120481694007526,0.0290642766582069,0.0177126465355024,0.0409500488863606,0.0197513875006675,0.0297372525226706,0.0011130421346401,0.0040776884487221,0.0056613511995106,0.0174593552461982,0.0168137868829724,0.035606497592241,0.0186167940583508,0.0282453056806251,0.0008331368356118,0.0027070061933324
2025-07-08,APCP,surface,32.0,-124.75,0.0054353310820973,0.0122793954605249,0.0060092759076968,0.0142248183297544,0.0074657970453328,0.0100582630360009,0.0,3.181784628005497e-05,0.000216260549517,0.0006854435926204,0.0036190829011509,0.0056001724671117,0.0007829646639734,0.0011278408411808,0.0001308944343863,0.0003868644580944,0.0001571849917056,0.0009127434979912,0.0019546098000521,0.0104660320535952,0.0131142453653962,0.021776219852111,0.0010548141972909,0.0018931833571361,0.0001021669383174,0.0016508182598106,0.0111319477890092,0.0462647200609732,0.0364802402219443,0.0554813315503022,0.0044936473002101,0.0087539331206223,0.0059233193630362,0.015887399480612,0.0112407028320062,0.0268449235037859,0.0198267258990735,0.0340412824148569,0.001702198471971,0.0045082877510544,0.005725787793149,0.0177565487700139,0.0152779153116495,0.0357421505491498,0.0222404833103853,0.0326574687587006,0.0009011444894827,0.0032408593164638,0.0070966107985511,0.0182771317606889,0.0166224458164738,0.0355116278613671,0.0206658476295019,0.0330461161499295,0.0013958427465641,0.0050753719553914
2025-07-09,APCP,surface,32.0,-124.75,0.0016294955955081,0.0032246804441128,0.0015303811466048,0.00512583056624,0.0028191791855437,0.0037213924100291,0.0004859536973267,0.0008451811409389,0.0,0.0,0.0003463240277822,0.0017456601574443,0.0089155978914891,0.0172932677537612,0.0027007513508072,0.0048285668036063,0.0027143679817145,0.007753103970425,0.0098521703626203,0.0406413626997707,0.0319550261152953,0.0506987117868863,0.0052450722430661,0.0103958668252626,0.0132261442242182,0.0343093775548382,0.0221199146368771,0.0443728684756102,0.0212342141600771,0.0353416596356832,0.0025469567408952,0.0061356725332798,0.0067699964423702,0.0181220933114503,0.0123058683797809,0.0290613636335836,0.0167894930610421,0.0245795545863136,0.0009598790597797,0.0020959896828264,0.0017333768035097,0.0042128574176018,0.0017698282126584,0.0062376943020263,0.0017828212106375,0.0035241224208729,0.0008503374030191,0.0048547368922378,0.0141208299130245,0.0200685077322666,0.0011881750900797,0.0030060439812511,0.0031940797255393,0.0065821329724541,0.0052948549576961,0.0403569860297707
2025-07-10,APCP,surface,32.0,-124.75,0.0002214331274048,0.0011048823756293,3.098139779343297e-05,0.0004753622026934,0.0025324352535328,0.0081007700281699,0.0019636623635425,0.004786190077494,0.0049191979227822,0.0111693259491092,0.0134798542516781,0.0431186670554366,0.0324010104818174,0.0497587144370084,0.003147080321666,0.0066842027587217,0.0068081180258527,0.0224704069254395,0.0199390217527545,0.0421287255511607,0.0245802251891668,0.0386779931455626,0.002603864105668,0.0061198446454548,0.006890372227251,0.0192429490306764,0.0168244044566808,0.0364478455759721,0.0180632555988125,0.0243886471859177,0.0008279826470134,0.0024039034463986,0.0040736578030331,0.0074466424428476,0.0019082950261969,0.006850034271268,0.0057898632633477,0.0103638936235945,0.0010023562647485,0.0032091325321706,0.0027216004157555,0.0047826773024876,0.0027322507630439,0.0135662059328439,0.014325263803744,0.0274998583359923,0.004703330074724,0.0221686370933263,0.0287291927072793,0.0633232292022914,0.0335651156803214,0.0688147670055814,0.0316895795993414,0.0448980625176712,0.0024503780163234,0.0258573235996446
2025-07-11,APCP,surface,32.0,-124.75,0.0047224496979607,0.0121954418044119,0.0120775094012569,0.0370020514033553,0.0291082414124659,0.0451168436527296,0.0033173683730065,0.0073659575482692,0.009619190677512,0.0244485564255372,0.0176366127788503,0.0396654289554744,0.0187002147483978,0.0286225677189465,0.0018573438457514,0.0045748162526235,0.0062508766901816,0.0194924501239849,0.0176546633466958,0.0382545870101365,0.0185583823491287,0.0278077455474316,0.0015875685708886,0.005928508653941,0.0017758313711989,0.0050654018790272,0.0038947339043472,0.0127532415613841,0.0086075381981911,0.0141094395259685,0.0008535127315657,0.0035848273008607,0.0029848612037263,0.0080318196977617,0.0105230088959175,0.0274484411842935,0.0194250687594641,0.0308390273371343,0.0016677322123709,0.0150534733010095,0.0144738966811122,0.038253820630845,0.0323871237366728,0.070239161903327,0.0344126757607491,0.0507485337996504,0.0027720263612822,0.0098686704963493,0.0100562107271389,0.0263368854328318,0.0219517950475131,0.0506479443098635,0.0324211565696187,0.0469330904848794,0.0024182976938814,0.0054671990330723
2025-07-12,APCP,surface,32.0,-124.75,0.0135586077683736,0.0335330357199805,0.0195891800782074,0.0439133244855585,0.0237786466615264,0.0353298399048206,0.0015803826856617,0.003622564285896,0.0031248784184153,0.0084972756557542,0.0067104805654173,0.0175005887222074,0.0095193275376615,0.0145284638316256,0.0008196525569378,0.0017283406354135,0.0004191808343288,0.0007818392745396,0.0013719990738356,0.0052364120891749,0.0055946425573611,0.0097542989750925,0.000682417758799,0.0058116516993979,0.0183057251882233,0.0237137929345757,0.0096959654821249,0.0249189732066842,0.0164468656738012,0.0293982096179995,0.0040813367898745,0.0304793942661183,0.0222253508598953,0.0519797131050622,0.0352897161653245,0.071564770055567,0.0379434803984671,0.0559316473590531,0.0029903267132869,0.0102114235048679,0.0050292207386613,0.0135312011012281,0.0138843475740816,0.0373609457847042,0.0236813312134074,0.0350599591062083,0.0005165232092265,0.0027133803668328,0.0008327160610881,0.003062577736509,0.0031683136637875,0.0126181317614753,0.0117771948295253,0.0180426301778225,0.0009732729438585,0.0088834708829495
2025-07-13,APCP,surface,32.0,-124.75,0.0079293338036951,0.0191098588682457,0.0090163222192447,0.0168696213449141,0.0046872751869448,0.0067489726991189,0.0005657160454078,0.0012775613257073,0.0009415571906058,0.0012956928207915,0.0010670307170928,0.0042327628862667,0.0035312522521731,0.0061937087419204,0.0007792070098128,0.0053019004088431,0.0111405315707781,0.0203521669685947,0.0150361217309462,0.0360911912801118,0.0272394437365131,0.0465525374184018,0.0052325210167373,0.0550470194768373,0.0297978746490414,0.0548992545172983,0.0355871132118716,0.0727627390632231,0.0339374017405833,0.0484769552421467,0.0039120036194619,0.0381709823813826,0.0210675716110478,0.0334458230885335,0.0216359440245537,0.0476789732242332,0.0266485593738693,0.0397706910213045,0.0346067681996647,0.1120100590840091,0.0126405889013111,0.0168513793585924,0.0022301942070206,0.0077577020229962,0.0104402224737274,0.0172100673249528,0.0021432854620096,0.0096939813123468,0.0038001203968675,0.0069994394598994,0.0044587461386535,0.0092974135724541,0.0033752034477584,0.0084169538692745,0.0022272986179294,0.0231128620786265
2025-07-14,APCP,surface,32.0,-124.75,0.0026659143265815,0.0114079438077939,0.00760754619872,0.018702615265744,0.0061284311948225,0.0108411059511551,0.0008159290323765,0.0043602590467609,0.0086328978791796,0.0188884048889968,0.0137297307204938,0.0369626396365006,0.0299304704994948,0.04751782365694,0.0064454585345208,0.0267015690042255,0.0259170987729442,0.0511906544290189,0.0319055098876905,0.0707131338530016,0.0397396967927311,0.0575040379736241,0.0016780271807851,0.0093948301151075,0.0101296966722579,0.0353147366797944,0.0295459657856563,0.0631493673058218,0.033384102690723,0.0523219450881645,0.0129201112196579,0.0325406083819333,0.0069024707178731,0.0134630537242011,0.0048804992154763,0.0248655525994125,0.0207816109789226,0.0280966624652164,0.0118810931768523,0.0422666400738213,0.0675088000458265,0.1004981327464082,0.0118019133182899,0.0165547453944328,0.0034810487626296,0.0064014754401306,0.0038249493372713,0.0226343560000678,0.0194935498881743,0.0232364511569152,0.0008225746121967,0.0027018544165271,0.0019637500686575,0.0025530437403923,0.0003346852028973,0.0012855251564842
2025-07-15,APCP,surface,32.0,-124.75,0.0100050379244525,0.0279444232739798,0.0250731106154504,0.0599652443077269,0.0364710226791274,0.0585387487168401,0.0036738008537733,0.0300831505699321,0.029281562332065,0.0623030421055224,0.0350979355898313,0.075508660337486,0.037117563356031,0.052896453278311,0.0008406928069618,0.0140327790777957,0.0117060620172957,0.0260051401036507,0.0171882539433944,0.0420769365836344,0.0249052505291271,0.046339821145614,0.0120483278826436,0.0302461397843894,0.0193729588604039,0.0354964860314778,0.0110111342322534,0.0571608704149628,0.0952241912164909,0.1455201578720313,0.0282323039043577,0.1047624051955643,0.0520456413133605,0.095063531387153,0.0103035701892801,0.0142106235813231,0.0050008851671147,0.0094818443558633,0.0095736131907326,0.0309039937464225,0.0437566846879571,0.0630081799212098,0.0096117315307244,0.0251107345460377,0.0267882063760934,0.0489726710662451,0.0089102791064463,0.0115003555025075,0.0014549730086035,0.0071047642643018,0.0057119702123181,0.0113561328252168,0.0164590480140992,0.03307948321064,0.0061478628352665,0.0102103089445209
2025-07-16,APCP,surface,32.0,-124.75,0.0462738098060594,0.0798806333406318,0.0351901877791453,0.076141851044367,0.0357448141442566,0.0520938286390812,0.0011558665003239,0.0062270955044136,0.0073539514465866,0.0173626582809994,0.0386600095373646,0.0723466817686275,0.0300612646099228,0.0463373895379705,0.0440098597004123,0.1388890170306394,0.0620055915063708,0.0893509449563833,0.0256863576123372,0.0803787919540246,0.0505865272923713,0.0734175659928521,0.0329848823353923,0.1380818096343375,0.1236923617622582,0.1896161852405465,0.0234922908852443,0.0298299096409721,0.0074278838585444,0.0114165899443489,0.0148069938610381,0.0592085718489251,0.0472697516828645,0.0734372184939553,0.0049203234068516,0.0197753899169111,0.0205500166541447,0.0330337793612187,0.0064369604820361,0.0138009083922743,0.0137460436113568,0.0400583013648999,0.0269555188785766,0.0613476760113052,0.0363566354851992,0.0535422134224062,0.0026073592673247,0.0056225942645797,0.0049663254649131,0.0143690462186829,0.0111941962167002,0.0204424746848244,0.0044567066016595,0.0056447398419518,6.797662429960008e-05,0.0002342761559785
2025-07-17,APCP,surface,32.0,-124.75,0.0196547187595984,0.0594073123770712,0.0725539465188894,0.1251585482783779,0.032902666766569,0.0515665555247619,0.0221478993018035,0.0701866175384881,0.0692309922951873,0.1155552088290148,0.0326940383061243,0.0766865239204847,0.0369275472932717,0.0535096785477633,0.0419503129797168,0.1828484068934369,0.1102766280002014,0.1456034827069585,0.003937197492417,0.004853079687918,0.0038664817988399,0.006934332699028,0.0067544288400088,0.0282419553223511,0.0401205133249286,0.0506028860844364,0.0040341483484511,0.0077904111981724,0.0017770036407419,0.0026772195686578,0.0002593920801026,0.0009047207722857,0.0005043478987184,0.0022539909887556,0.0062690363193547,0.020077645758968,0.0194053176856983,0.0306365446379387,0.0013921081828923,0.0034844207844196,0.0025289666143658,0.0059444745676095,0.0015066476324951,0.0025073999635563,0.0014880553550023,0.0020200743161632,0.0001586591838518,0.0004749592454005,0.0001254789478774,0.0003740536087175,0.0001251323495421,0.0005019645301461,0.0001888904922254,0.0003160417652051,0.0001628349911816,0.0004483975332623
2025-07-18,APCP,surface,32.0,-124.75,0.1414495510324639,0.2550202813059699,0.067545250864343,0.1311690969839719,0.0535212493369331,0.0732858658305178,0.0364812819689937,0.1060195468273178,0.0618147791963801,0.0868042564516703,0.0051713729580949,0.0088574343246107,0.004291701394222,0.0085542384713016,0.0045699506289884,0.0228163912800755,0.0338762444657253,0.0475620921001816,0.0029960920595214,0.0100332685551485,0.0152567982696121,0.0278014943916306,0.0031227733709019,0.00491548326033,0.002691141710673,0.0111583340941484,0.0133106109645427,0.0335095759922695,0.0242777438592683,0.0379632259848774,0.002489970451856,0.0074769270473288,0.0143396971885181,0.0460919712322642,0.0316804217661926,0.0611442657785803,0.0135674199901851,0.0224503813007593,0.0147664518532701,0.0425245106645081,0.0099812528049138,0.0127960250398056,0.0014719821554361,0.0072689279219578,0.0047852484135063,0.0061845279545147,0.0022621872603191,0.0028255334470535,0.000808718078999,0.0009631376799366,0.0,0.0,0.0,9.55383288590082e-05,0.0,6.513628554528724e-05
2025-07-19,APCP,surface,32.0,-124.75,0.0539459654736602,0.0778539330992417,0.014760169387867,0.0297939032458922,0.0161220285795232,0.023276937778208,0.0053861501273808,0.0207264487388441,0.0166154942195496,0.0236863268217926,0.0070607817031958,0.0182287490028814,0.0137140069875443,0.0243987680415502,0.002601846299732,0.0055450300216232,0.00201910502376,0.0082164120033163,0.0079821298223935,0.0245644860261764,0.020010748783879,0.034474143223452,0.0018833264707129,0.0056492123341288,0.0061142052798018,0.0156262414205166,0.0075631142400572,0.0140057331855725,0.0061805605292747,0.0090919566599299,0.0005399655438831,0.003159968417482,0.0043478978906067,0.005572251312728,3.4457464668276125e-05,0.0001378292048037,9.68988434108881e-05,0.0006345816098148,0.0004672322239237,0.0087559013080314,0.00732771521247,0.0115501470922153,0.0003718962854443,0.0005905697197621,0.0023718244469066,0.0033382591076871,0.0020443013032551,0.0103880726580261,0.0030036824404278,0.0068473534024748,0.0016513955739197,0.0031417569435848,0.0014685630209389,0.0018548566854663,0.0,3.205146254693157e-05
2025-07-20,APCP,surface,32.0,-124.75,0.0124180474177157,0.0254954706204687,0.0157893174495496,0.0342745418305661,0.024492197447647,0.0400139694571382,0.0041166712648158,0.0107701825113995,0.0073160006564928,0.022286385824727,0.016428736175856,0.0416035757362654,0.0246058005184131,0.040816866645558,0.0044593796125796,0.0117322132613087,0.0070768072428994,0.0187440337859871,0.0105181656216454,0.020122577989462,0.0085574841389267,0.0134893485332784,0.0004875687109871,0.0020621238473863,0.0014096129832803,0.0030605305957826,0.0021107491058446,0.0066259445979414,0.0060874644140572,0.0100483445156134,0.0007374184994852,0.0053513721591085,0.0058353102099127,0.0115972423797758,0.0051088651706126,0.0138456023752063,0.0107539483627161,0.0156295022328761,0.0105976316399621,0.0504133743308724,0.0533691977558053,0.0718184862962339,0.0070196221148609,0.0173156898505484,0.011545925359809,0.0163442822694183,0.0020416462356886,0.0472037728212493,0.0067807389297717,0.0120888068804292,0.0054850345230106,0.0143865140570486,0.017268444463333,0.0315425736095296,0.0086342645175585,0.0437983919682313
2025-07-21,APCP,surface,32.0,-124.75,0.017054166540133,0.0408061981779891,0.0242144011288311,0.0547438526121696,0.0318943010387518,0.0537609744967601,0.0069931076140014,0.0167208966335794,0.0132276483282296,0.031266508229707,0.0185108526089839,0.0375639552798945,0.0164696624267672,0.023430063070999,0.0008879273118755,0.004162168443684,0.0047679864615723,0.0089712565317882,0.0043360810439929,0.0106980826446611,0.0086302480583169,0.012641805918574,0.000640985402037,0.0147136866592255,0.0275136238150098,0.045268886767009,0.0075733018590228,0.0151827112285819,0.0085200051751879,0.0116147966710355,0.0019493547940302,0.0406049642933643,0.0339198987262328,0.0438185878750909,0.0014828662123636,0.0051660768107885,0.0040737937371422,0.0060204919522064,0.0006450040880272,0.0084143716424005,0.0073718540016248,0.0214766753911669,0.0176712566160059,0.0405632508229776,0.027862199558733,0.0410202990788598,0.0022688004974799,0.0192467170290558,0.0495188934538565,0.0755925783174747,0.0053891668358212,0.0258876438901953,0.0198265672317646,0.0258222465819325,9.716928077984046e-05,0.0011854591167179
2025-07-22,APCP,surface,32.0,-124.75,0.0080694057751029,0.0258645078690149,0.0229237213957717,0.0486519064259975,0.0226976770851552,0.0322551344397159,0.0006520803755261,0.0034455771733334,0.0034762042567321,0.00788424145221,0.0066377796663313,0.0153797194420645,0.0090147209232627,0.0136826639929254,0.001547993649634,0.015089965225847,0.0152760491674894,0.0249447844285548,0.0056528920850902,0.0127956549705106,0.0072925668593723,0.0155950508832917,0.0073114559889263,0.1385602057770781,0.1566086207854118,0.1931666737404486,0.0037803377220361,0.0107118382004839,0.0082529936641464,0.0134188144477124,0.0012922046633181,0.0926047503152104,0.081086373338639,0.1033915079685247,0.0171876959972547,0.0348167113745234,0.0199905825860721,0.0329089637866987,0.0053229859213255,0.0536838324301475,0.0438245411694561,0.0597943315072749,0.0017465932442279,0.0023147913805914,0.0017336872135631,0.0030276730285767,0.000186349216477,0.0006306351046123,0.0022481080192046,0.0026802635772165,0.0,0.0,0.0,0.0,3.205146254693157e-05,0.0001590754978179
2025-07-23,APCP,surface,32.0,-124.75,0.0060448474543956,0.0152947976666231,0.0112231809412577,0.0246868962822618,0.0102107478630881,0.0139585388536226,0.0018388022894288,0.0269519209963747,0.0225017458493413,0.0284690065171584,0.0024183543380865,0.0077046548875157,0.0078563839746526,0.012826971934254,0.0089788713012005,0.1272867536604478,0.125192822038511,0.1716934088582361,0.018354922866629,0.0356992943622896,0.0275925457896923,0.049329291423169,0.0133240244059145,0.1561405227949464,0.2042972115369689,0.2554721582510867,0.0132324158550207,0.0240482235390595,0.0152702960604245,0.029064208392934,0.0068544726797266,0.1255547200213101,0.161401989466168,0.2089454572965719,0.0047838071009647,0.0086954721844462,0.0055401585364749,0.0088870674200729,6.291101333296472e-05,0.0006955396652298,0.0012775209505177,0.0020618645455504,0.0004452096212786,0.0008555326001286,3.146292393296116e-05,3.146292393296116e-05,6.630293323998097e-05,0.0007438825859557,0.0019126865418692,0.0019435460926552,0.0,0.0,0.0,3.307251127387237e-05,6.398641839410751e-05,0.0101379440639702
2025-07-24,APCP,surface,32.0,-124.75,0.0142217309492222,0.0217191439469916,0.006249098026323,0.0157441780570399,0.0084819152579959,0.0124986190066104,0.0067433645091408,0.1252273544211343,0.1428996364732382,0.2019179713403621,0.0245963552914261,0.0374532167471582,0.0175761275642891,0.0254769662839754,0.0097080066217445,0.2225008769822545,0.1737456160402606,0.2154098857220315,0.0153291378539452,0.027920368036823,0.0139749449260883,0.0262560023466003,0.0122415173658373,0.1035346329431637,0.0650967313429223,0.0885834858754047,0.0020487076081045,0.0071072751949352,0.0073764262528173,0.0111184758531191,0.0019233210961577,0.0124262795103977,0.0142050014025718,0.0233976133714753,0.0045682244552512,0.0089274541824288,0.00341666902913,0.0077327357830369,0.0004653018923122,0.0047430578678761,0.0184691635811691,0.0204699515127607,0.0,0.0,0.0,0.0004067410637406,0.0008376292670767,0.0155084101368906,0.0441549043959513,0.064398950930574,0.0081843110355975,0.0154642111994006,0.0120173841754324,0.0226993124589685,0.010610421544984,0.104372586836206
2025-07-25,APCP,surface,32.0,-124.75,0.159310804189013,0.2085795782271582,0.0192242242794483,0.039263042912908,0.0239607329785281,0.0372809504944956,0.0107653042933224,0.2343668542586139,0.1665030996936622,0.191181951222558,0.0067781508651023,0.0182585241512679,0.0123805421820403,0.0202099558258333,0.0054965258332873,0.0494404766523198,0.0332935817625235,0.0541509573497625,0.0044037888588609,0.0109293204516388,0.0106756038497987,0.0161020768038288,0.0013698927640318,0.0047352115636035,0.0062496006766759,0.0073115747919792,0.000913645994701,0.0013227223022194,0.0008395288781591,0.0020583566464377,0.0001308876376325,0.0014919935612399,0.0142642403348988,0.0180963065707429,0.0003579322377674,0.0023094844233691,0.0090124989070999,0.0146022365917143,0.0009253394360079,0.003523583075749,0.0072373824079468,0.0087857136241274,0.000729376926876,0.0041060232661814,0.0089513905341543,0.0173386217989906,0.005929763433296,0.057338046325234,0.1504385494474095,0.2151202927966694,0.0642021263306279,0.1021526006057269,0.0217323528025484,0.0434456127512271,0.0058814864873642,0.0347086617491338
2025-07-26,APCP,surface,32.0,-124.75,0.1601611023399353,0.1869846405622932,0.0163306796990655,0.0366452061008376,0.022921646826119,0.0366924941121615,0.0070075631886392,0.0674722905683793,0.0371989767740989,0.0412558667349435,0.0033493383682722,0.0114355544748176,0.008878772987826,0.0141171277534336,0.0020312985900997,0.0231758301992892,0.0377628135098586,0.0484619123062429,0.000437605318526,0.0028619391476182,0.0043315818153094,0.0065475492955669,0.00052162279153,0.0022866998341569,0.0039985157532153,0.0071516793866089,0.0059884379890686,0.0128596043801024,0.0033359893926256,0.005229584690704,0.0032020965801825,0.0837798716310725,0.027051498688876,0.0447237238428613,0.0066615068006965,0.0210172587217541,0.0173111858450454,0.0293686192176706,0.005177691082453,0.0828351265860646,0.0489314760624291,0.0692071164899352,0.003679606076351,0.0128648184435188,0.0132770314369001,0.0212805479581824,0.0010354497097761,0.0247536129083436,0.0510307959527799,0.0850320375891936,0.0073949156872674,0.0129546902080713,0.0042346553261651,0.0062621240368587,0.000691801476251,0.0556399094532128
2025-07-27,APCP,surface,32.0,-124.75,0.0455790575124133,0.0635410930273187,0.0087280879099026,0.021222270243727,0.014708239373872,0.022470964129853,0.001658786658734,0.0370471068410393,0.0601389460383294,0.0759911480990201,0.0028070900144704,0.0029064876717772,0.0002793176330862,0.0004031213772526,0.0001306179188388,0.0028905166896266,0.0116593345045059,0.018575082272353,0.0028261921949253,0.0048546169887946,0.0012003138830039,0.0016422133349313,0.0003801164804718,0.0216613667060341,0.0211683896897049,0.0393165645223752,0.0194415109455377,0.0617234929859817,0.0381171357855568,0.0469955024025143,0.0059058852111043,0.0966376779734455,0.0758260688168918,0.0916165998655305,0.007831627009991,0.0191615289453781,0.013016293429312,0.021345295340804,0.0017828501550636,0.0466353359267379,0.0709658505723132,0.091201572669468,0.0058114595430901,0.0129216737212228,0.0055178133660253,0.0070775742389365,0.0005698284416677,0.0241879607977586,0.0170373060792328,0.0280963380959074,0.0009702957419407,0.0018996076438366,0.0020725809597992,0.0022296985717469,0.0004071615678078,0.0065282503656877
2025-07-28,APCP,surface,32.0,-124.75,0.0320863756076109,0.0473865952806635,0.0036350068766491,0.0077725380292485,0.0037047589271595,0.0056794228705284,0.0002696727984192,0.0067881604408248,0.0151139192851365,0.0195647904447298,0.001218417679561,0.001218417679561,0.0,0.0001272707846034,0.0001344855515148,0.030886524637867,0.0393202717767346,0.0518325973676009,0.0084621326282436,0.0201202479189917,0.0255900087504394,0.0396035812489153,0.0046519527145482,0.1406691166820817,0.0942808804039952,0.1131744846517872,0.0035599549790446,0.0133180589476529,0.0079552070487943,0.0126514883297453,0.0002629442452619,0.0166519486851564,0.0378748070339086,0.0467942216535417,0.0033162883903356,0.0092765276326241,0.0052003283173786,0.0084703714339515,0.000531786650661,0.0188448002008817,0.0382635284558237,0.0540994235318994,0.0030124087764312,0.0053950000316106,0.0009888585439226,0.0016186470750825,6.65089272152077e-05,0.0004598760695933,9.282234637289909e-05,0.0001545414479449,0.0001542977539301,0.0002777359570742,0.0003396981688901,0.0007100127783225,6.208405882321495e-05,9.342748533053666e-05
2025-07-29,APCP,surface,32.0,-124.75,0.0246515305634867,0.0277596638195413,0.0007978156082902,0.0010638931728525,0.0004706287963027,0.0004706287963027,0.0002315893383961,0.0449325580865611,0.0574425661653109,0.0728098028762901,0.0146248959337323,0.0265348993173544,0.0182511945596476,0.0298196926984503,0.007745702283645,0.1104710721173787,0.1475157014300368,0.2169664050483658,0.0079771785851983,0.0123928463167793,0.0064153010965498,0.0096340138103715,0.0005668474992457,0.0253185363510741,0.0211260686116963,0.0252214742047229,0.0028420547837721,0.004472419576876,0.0018645074016776,0.0027907526465045,0.0001000280868465,0.009060273425876,0.022187180037844,0.0253021991647112,0.0007188296131442,0.0022311079058391,0.0035133841244978,0.0069816551392675,0.0013079683236875,0.0023403742677388,0.0001551495154398,0.0001551495154398,9.41497769476046e-05,9.41497769476046e-05,0.0,0.0,3.318286238573295e-05,0.0001010265679496,0.0,0.0,0.0,0.0,0.0,0.0,6.843798353460526e-05,0.0002066594509688
2025-07-30,APCP,surface,32.0,-124.75,0.0552154061890177,0.0666886180541125,0.0178547694755168,0.0264736733203162,0.0171317512060197,0.0318578103286235,0.0251941790502143,0.1502656475810729,0.110011140950745,0.1358797387292071,0.0088589207018013,0.0227178944744276,0.0127485109265647,0.0180999693649215,0.0017715809811749,0.0517111653041893,0.0174784233790135,0.0210864370459328,0.0018116797785999,0.0045923679849716,0.003470139945459,0.0052102280797004,6.523432493266452e-05,0.0103604165382557,0.0197025012031043,0.0248703285453268,0.0010855392799718,0.0013947440228692,0.0006181652080088,0.0007439382186481,0.0057127675943324,0.0086642685549016,0.0189160716605138,0.0204359533472167,0.0007743978762375,0.0007743978762375,0.0,0.0,0.0003420062495089,0.0180176722035823,0.0424809058306445,0.0901154328047535,0.0492815908436619,0.0884573540531385,0.0163474610916219,0.0257281794465551,0.0018133916380092,0.0039468402954118,0.0046390944734019,0.0220365780666979,0.0028428293692636,0.0037395799248554,0.0,0.0011566429244871,0.0015337983758887,0.004586078076208
2025-07-31,APCP,surface,32.0,-124.75,0.1209304995260722,0.1382280377877697,0.0071282859688676,0.022905538062897,0.018994487102245,0.0306696921775431,0.0051819055003753,0.055281319170443,0.0189645527957728,0.0376794788729066,0.008872112517731,0.0185100066157024,0.006146369774791,0.0086061812829028,0.000164287989889,0.0176087654779563,0.0199327445197996,0.0284582836243605,0.0039322967982667,0.0096866324988785,0.0061467660430076,0.0087983179604439,0.0058548850774098,0.0221746401655306,0.0009552264910493,0.003046668745452,0.0011189950216755,0.0015784671258448,0.0003168980001036,0.0004128963592434,0.0013958518246015,0.0408669743697789,0.0272810649524824,0.0355932373183297,0.0001869697737387,0.0002815963535848,6.316365591315767e-05,0.0002286359376158,3.205146254693157e-05,0.0001355368334722,0.0,6.940920919559822e-05,0.0,7.002065844076023e-05,0.0017021612992394,0.0023469018340298,0.0006398437044034,0.001073046055687,0.0027599202449767,0.0125880249912646,0.0169273807135418,0.0338010744037493,0.0166459002422513,0.0260347630399205,0.001640842273516,0.0034254267074219
2025-08-01,APCP,surface,32.0,-124.75,0.0361096639135956,0.0443634376807814,0.0062598530273356,0.011791740896275,0.0067697169610404,0.0132640852163707,0.0006045059583469,0.0190731900685516,0.0249947462043605,0.0365439864918976,0.0065554438758482,0.0089135407139598,0.0034776102576367,0.0044202040870109,0.00864706622077,0.0477724293308611,0.0012390641865576,0.0015657132348017,6.268685301464343e-05,0.0001253731150196,0.0,3.146292393296116e-05,0.0007132848914393,0.0042328559408301,0.0004022684482008,0.0004022684482008,0.0,0.0,0.0,0.0,6.720920104948038e-05,0.0002079368695486,0.0,0.0,6.280635044028288e-05,0.0001257316049041,0.0001653619305907,0.0016774744913118,0.0001012639039818,0.0002953035481151,6.619896068544171e-05,0.0004405342102858,0.0011868197215924,0.0016948886840367,0.0006404027615764,0.0027535105561672,0.0021535007860997,0.0045398990628458,0.0038771717624704,0.0088255308469731,0.004921935134332,0.0137932437676827,0.0156357216368108,0.0248275873722554,0.0006711123876668,0.0008715154608402
2025-08-02,APCP,surface,32.0,-124.75,0.0430586726132429,0.0608011041688951,0.010723569304836,0.0199728988136776,0.0063991874928622,0.0110097706679215,0.0092231490130347,0.0431638523923678,0.000872321456127,0.0011042155157653,9.41497769476046e-05,0.0001884190513208,3.1581827956578834e-05,9.414741291932196e-05,0.0001876024633232,0.0021355302525306,0.0017323889717057,0.0018249676240638,6.280635044028288e-05,9.438817839686171e-05,0.0,0.0,3.205146254693157e-05,0.0001368191157686,0.0,0.0001250128521164,0.0001565964530916,0.0002521247520544,0.000197879559654,0.0004949760273511,6.512397382080394e-05,0.0001671947645183,0.0,0.0,0.0006513258027225,0.001706973283351,0.0004345807985287,0.0010029291610926,0.0007430013444873,0.0011891880130079,0.0014336481197206,0.0021019332922679,3.515773850254881e-05,0.0012456905618928,0.0011710024302612,0.0032308768473513,0.0007117374577097,0.0010068525067063,3.393761246566983e-05,0.0001018121940974,0.0034661529716181,0.0170210733820058,0.0219350111083791,0.036928425017203,0.0035319056564854,0.008898416913584
2025-08-03,APCP,surface,32.0,-124.75,0.0012460046369445,0.0032876005926588,0.0002343831985415,0.0002968298746856,3.134342650732172e-05,6.292525446390055e-05,3.318286238573295e-05,0.0024305328955363,0.0055938537784732,0.0060258874894776,0.0,3.146292393296116e-05,6.171910157206629e-05,6.171910157206629e-05,3.205146254693157e-05,0.0001024643221983,0.0,0.0,0.0,6.268685301464343e-05,0.0,6.603404565732026e-05,3.205146254693157e-05,0.0001315893862536,0.0,0.0,0.0,0.0,0.0,0.0011655910848468,0.0010570466268485,0.0020814143258512,0.0003063958214304,0.0010305646800629,0.0003049080045634,0.0016439492798661,0.0008818401477207,0.0020333951691831,0.0005859439839676,0.0010127415572787,0.0001973024162473,0.0007998195871561,0.0009077325878712,0.0036196221407758,0.0028789742730082,0.0039789397372078,0.000460754559587,0.0009910551211752,6.63657247714659e-05,0.0002675121784427,0.0012389071543156,0.0059336378326811,0.0107940179598379,0.018342786210711,0.0019764035415481,0.0048027804377421
2025-08-04,APCP,surface,32.0,-124.75,0.004143330707015,0.0043289742322187,0.0004630151087978,0.001512239835523,0.0001542977539301,0.0001542977539301,6.523432493266452e-05,0.0001003920634352,0.0,0.0,0.0,0.0,0.0,0.0,3.205146254693157e-05,0.0001336154571667,0.0,0.0,0.0,0.0,0.0,0.0001689402975152,0.0003722913273063,0.0007484847459577,3.393761246566983e-05,6.79804904864076e-05,0.0004449162946792,0.0010145688317831,0.0008351849959095,0.0029303892257529,0.0019393614648609,0.0038270995430396,0.0022574740817192,0.0085903918183423,0.0074298520265404,0.0167193563680303,0.0094720041660946,0.0153535113379108,0.0006276949196235,0.0013440455753765,0.0001302054807802,0.0002609892399845,0.0002015297431249,0.000580617557939,9.797754657740032e-05,0.0005874360930265,0.0006861042907789,0.0019319399218859,0.0001282016207776,0.0005191849877938,0.0003985032277472,0.0016083923654691,0.0010518182023302,0.0020666789340794,0.0009578058394712,0.0021902433410751
2025-08-05,APCP,surface,32.0,-124.75,0.0,0.0,0.0,0.0,0.0,0.0,6.523432493266452e-05,0.0001003920634352,0.0,0.0,0.0,0.0,0.0,0.0,0.0001319273261227,0.0002339500491926,3.393761246566983e-05,9.920382855844774e-05,0.0001254890592309,0.000902917091935,0.0034977196694459,0.0069132883498745,0.0002305947999542,0.0004635574513569,0.000352161012746,0.0004555018899364,0.0,6.722574040647072e-05,9.943823604533828e-05,0.0025066869078799,0.00140270341544,0.0024105011272102,0.0010541392153205,0.0016670066101383,0.0007530769007874,0.004151391288177,0.0012905282995028,0.0025135778962242,0.0002289327115467,0.0007237187122821,0.0001291288047337,0.0002263202188583,0.000162100170254,0.0006033034494541,0.0027205017681196,0.0033685184483705,0.0004559920095523,0.0013247445340525,9.6613733920151e-05,0.0003869143402227,0.0004837652866623,0.0015807766964551,0.0014201493783358,0.0029450738028468,0.001199931805764,0.0028902895475508
2025-08-06,APCP,surface,32.0,-124.75,0.0,6.991596432706431e-05,0.0,0.0,0.0,0.0,9.874446373704008e-05,0.0002970366659745,0.0,0.0001620101789987,9.402968851232302e-05,0.0003797951726027,0.0041184698181604,0.0096216751986953,0.0022730688171314,0.0046792230850478,0.0034307101342855,0.0082033679417859,0.0025197895429136,0.0032088875417394,0.0001015818312172,0.0001680572790918,0.000295563117201,0.0007263411410302,0.0001024828410444,0.0002694539278139,0.0002753758050739,0.0025644741208928,0.0025670858381917,0.0051110577230802,0.0007038264939252,0.0018981124883378,0.0002985740167623,0.0025492355169544,0.0017495544833649,0.0031510031223053,0.0016341256640258,0.0026380270327716,0.0010258612958945,0.0026091858063303,0.0006458494104873,0.0015151170261719,0.0012548022530882,0.0052222526472082,0.0061460710662591,0.0137297593137942,0.0024729842770905,0.0045223033102127,0.0035114711703189,0.0056690786399367,0.0013682703019303,0.0036610492617167,0.0020307700416268,0.0030833151039147,0.000429893693104,0.0008932319069453
2025-08-07,APCP,surface,32.0,-124.75,0.0008265585218178,0.0032288386118007,0.0017326616383481,0.0031418795082095,0.0021033210884444,0.0058303226194757,0.0014561764863819,0.0025857053636639,0.0023339286170791,0.0073090893498274,0.00358718850051,0.0057768132625013,0.0010934584709081,0.0011957950522053,0.0002969281333067,0.000730617451478,0.0001356175692139,0.0006469635479221,0.0012379518096977,0.0026785681105509,0.0010645876254872,0.0031232194479877,0.0005702193730842,0.0019570051597673,0.0001292428766715,0.0012362749041489,0.0022151630541122,0.0038966030037577,0.0023953202900111,0.0049653958081532,0.0016140791520485,0.0036829269542456,0.0010647233130134,0.0021962522854871,0.0020273272319455,0.0046989633108871,0.0022997672046182,0.0039847866523966,0.0008081814145673,0.0020444622306811,0.0007448863493925,0.0031510083561389,0.0043674006609947,0.0116880322398784,0.0084225150080989,0.0144479739000141,0.0016022583515133,0.0067999854096792,0.0110154952594824,0.0188638027046418,0.0117397482873775,0.0274963541620253,0.0143497993483963,0.0210170509620026,0.0007806123356969,0.0020377943903626
2025-08-08,APCP,surface,32.0,-124.75,0.0040862066337584,0.0103874037988043,0.004193302045545,0.0067990033870893,0.0005471267068481,0.0014636309067883,0.000797352265727,0.0014447683401025,0.0001727884556516,0.0007528343145962,0.0006178501756324,0.0019270437377278,0.0006233898318608,0.0014900302251125,0.0009954490960296,0.0017233351057623,9.841718731839748e-05,0.0002628056217236,9.742017016306772e-05,0.00025952095258,0.0003657788882121,0.0008445612219786,0.0005911553194932,0.0014656866165025,0.0001609406061205,0.0003584290301596,0.0001977791323797,0.0006552674900352,0.0005873139421266,0.0013967526712169,0.0009732799647629,0.0023032718526022,0.0006437602749286,0.0023149047207056,0.0028838079180731,0.006616462750887,0.0047535665899877,0.00927305482203,0.0022863392767778,0.0072100291071616,0.0170016163597843,0.0337906528185639,0.0148064711519808,0.0311254463145109,0.0190176871572027,0.0409697327449718,0.0098251796623987,0.0276318320062172,0.0086986090713919,0.0136022810331973,0.0096885542576598,0.0267949416681484,0.0203501350450636,0.0311981847849388,0.0008250976397497,0.0013790921152184
2025-08-09,APCP,surface,32.0,-124.75,0.0006181031879615,0.0009561777184439,0.0,0.0,0.0,0.0001409231019491,0.0005342966353915,0.002372829264029,0.0005200662897651,0.0005857605661845,0.0,0.0001734178266913,9.985437189054e-05,0.0004764556747704,0.0003917579970635,0.0013589011828253,0.0001600822202905,0.0002937475353763,3.4147498138510133e-05,0.000195904573086,0.0001595570668013,0.0003202578217061,0.0003807773229697,0.00128662488234,0.0005949972438656,0.0015725249085657,0.0026889318113161,0.0083601683540569,0.0075790938986193,0.0119463111089086,0.0017361776214374,0.0082957878504128,0.0150339384519849,0.0403434830148115,0.0209482924746205,0.0459930852287295,0.0252053736423093,0.0427688842923561,0.0046379945235367,0.0211168731480613,0.0107440051467937,0.0161166274359834,0.0032532318350006,0.0081507561537203,0.0060525070808264,0.0102753630368215,6.630293323998097e-05,0.0001968917413113,0.0,0.0001056679808002,0.0,0.0,0.0006915230583613,0.0014883892534644,9.945817333406404e-05,0.0002297343411456
2025-08-10,APCP,surface,32.0,-124.75,0.0009098720640797,0.0010087448540501,0.0004917180850173,0.0006630636529454,0.0009115943990479,0.0017842390981733,0.00053237685152,0.0022539181026567,0.0001359372323249,0.0003375034569951,3.4147498138510133e-05,6.839896883155954e-05,0.0,0.0001919251238338,0.0005102373420542,0.0012815502896435,0.0003476947751499,0.001402432394793,0.0029287566954011,0.0105045655527291,0.0091558711160805,0.0144608046642597,0.001804002911946,0.0071377116676289,0.0071430745582104,0.0178265428879261,0.0170423426547377,0.0368520830961705,0.0194440903609268,0.0381541760031178,0.0050795985036806,0.0134674844206105,0.0087680161497529,0.0165949686670132,0.0147676062932024,0.0320016534025569,0.010341255121271,0.0147954141035344,0.0011107872156974,0.0041467940486097,0.001870064787511,0.0040139805844641,0.0016909141448053,0.0056493992151453,0.0143502148872982,0.0291078246478191,0.0050053490380738,0.0118735679742926,0.0183463392470561,0.0449738285321287,0.0294084900759474,0.0619084285022085,0.030428313956091,0.044373133192849,0.0039510258880614,0.0072299144242968
2025-08-11,APCP,surface,32.0,-124.75,0.0012266665439384,0.002177756299285,0.0006245565647282,0.0011802771937214,0.0002274321491953,0.0004845899000575,0.0006118370690949,0.0014528079292499,0.0001875618367355,0.0006568376796625,0.0006883000890148,0.0022036045945147,0.0026460016568874,0.0049399468627168,0.0013394661840519,0.0036011768026109,0.0046078131102841,0.0105845803353663,0.0089153342861945,0.0201748689630538,0.0116086675673824,0.024939410771872,0.0040619206090138,0.0188752080590566,0.0079073353716211,0.0146472636217295,0.0086883372418697,0.0220813326648008,0.0174189509860991,0.0261067581097995,0.0013016440602558,0.013003371874421,0.0030219308156642,0.0038652768104438,3.170013619614688e-05,0.0024613117750991,0.0054421018707677,0.0150223201175383,0.0036842413958806,0.0073300281054408,0.0075197381066344,0.0186941598575256,0.0114418865830765,0.0225632390528738,0.0099800236358184,0.0148128671735285,0.0013698338002731,0.0059578291263752,0.0055855896505742,0.008185398521412,0.0051092063535498,0.0152135930222913,0.0141474973992408,0.0241015066340517,0.0026037663773832,0.0061109264779959
2025-08-12,APCP,surface,32.0,-124.75,0.0012821023233952,0.0022173700989312,0.000327708839995,0.0020928825458926,0.0027467279943064,0.0047424397044267,0.0005452272165146,0.002625626370316,0.0048098772078972,0.0093450913681406,0.0061879261699202,0.0156967007254434,0.0103847492778826,0.0185509551017167,0.0040951983103381,0.0255026634597546,0.0230838920513166,0.0289174066265326,0.007384289569597,0.0188948942295974,0.0154595938719455,0.0287440499481854,0.0046660717582968,0.0150276519643022,0.0030623534546967,0.0041044907186803,0.0009012207378342,0.0045187677460821,0.0128276851673428,0.0294359385429119,0.0076133480277913,0.0159448878618675,0.0133485225455498,0.0285628015772873,0.0202167294157208,0.0510239647326914,0.0337987624271473,0.0522808207025555,0.0044887364451475,0.0095794697906619,0.0071039954486666,0.0200699879421597,0.0135492194461539,0.0275505771325673,0.0133396461596479,0.0198338249438093,0.0007982009322891,0.0016436226258125,0.0014601782127356,0.0027717178083241,0.0010301841301112,0.0033295741482362,0.0048084520802629,0.0094920226022597,0.0014746182037413,0.0049253252186
2025-08-13,APCP,surface,32.0,-124.75,0.0095065468471273,0.0176851480640952,0.0086213584438614,0.0190999946740746,0.0111574181204698,0.0201567750980704,0.0041017783187656,0.0299486886764922,0.0161662662039169,0.0250127370415101,0.0081576194101357,0.0204715886668966,0.0192117658831795,0.0324643328585453,0.0021962901253329,0.0161973543581762,0.0051276569393088,0.0087449114646278,0.0003390353040117,0.005014680567451,0.0092215452368333,0.0211960761004597,0.0056395400359092,0.0166912251392018,0.013792945930563,0.0278762417711042,0.0122434547714242,0.0349161595459514,0.0242506453484007,0.0366898411613801,0.0129703582666496,0.0467371859151835,0.0355013117538444,0.0908572783819306,0.0613339019198002,0.1772213031774489,0.0870390424431391,0.142332906259493,0.0329864340295793,0.0491490512540123,0.0064931551498183,0.0092400368974309,0.0018912482826975,0.0037164891581215,0.0012669418878645,0.0014784726147577,0.0,6.64062561172565e-05,0.0,0.0,0.0,0.0,0.0,0.0,3.318286238573295e-05,9.716928077984046e-05
2025-08-14,APCP,surface,32.0,-124.75,0.0317424363083833,0.0478902343555673,0.0118228546195595,0.0323051636750622,0.0272594457425995,0.0454559666438363,0.001754475991674,0.0300620429005471,0.0049986204804157,0.0092710458917558,0.0031904431999023,0.0111045398247582,0.0186855779027328,0.0383295787921756,0.0082294614206785,0.0282501424364211,0.0298461790732005,0.0734506818659806,0.0190878853760854,0.0495350830852082,0.0306657598442575,0.0490909263883618,0.0113617817169883,0.0402840799331611,0.0376456928817932,0.086045825497204,0.0600117190409748,0.1223003698955533,0.0447768567087717,0.0690710602552623,0.0479669174772315,0.0801865548122166,0.0137647742277713,0.0165351584494886,0.0004664523984127,0.0008842384992367,0.0002768636670321,0.0004176887181776,0.0,3.205146254693157e-05,0.0,0.0,0.0,0.0,0.0,0.0,3.318286238573295e-05,9.841718731839748e-05,0.0,0.0,0.0,0.0,0.0,0.0,0.0001992628157763,0.0004575278926715
2025-08-15,APCP,surface,32.0,-124.75,0.015503018502477,0.0224620134710098,0.0053391500746652,0.0127542528775537,0.0132409656875178,0.0260930346795928,0.0058172346750568,0.0119055015048541,0.0114038734893743,0.0490603209989933,0.0217627019376664,0.0460987439972899,0.0385709054672165,0.0643819577494718,0.0205288266378527,0.0536329485488796,0.0422615423320258,0.0901670594292405,0.0441482821386969,0.0838774304538959,0.0350917089192821,0.0812016599584623,0.0808591105328075,0.1574895449455602,0.0341489149970971,0.0375251480402562,0.0011422746332263,0.0032179137282124,0.0012248873640081,0.0017152181107192,3.318286238573295e-05,6.523432493266452e-05,0.0,7.021742620142144e-05,0.0,0.0,3.3831703611087215e-05,6.776931607675705e-05,3.318286238573295e-05,9.841718731839748e-05,0.0,0.0001713600266652,0.0001724913577985,0.0007652205421422,0.0003852537111233,0.0004204114496259,9.841718731839748e-05,0.0002904419312552,3.1102661029781966e-05,3.1102661029781966e-05,0.0,0.0,0.0,0.0,0.0010691357876149,0.0107049037033002
2025-08-16,APCP,surface,32.0,-124.75,0.0224286308593952,0.0787759969495781,0.027522541105217,0.0568089010406623,0.0454800815056844,0.0748861765005623,0.0212501088881097,0.054082546215627,0.023044768597215,0.0358317344620063,0.0091179423041824,0.0213204783569364,0.0087093657019992,0.0166065403971674,0.0123289597277035,0.0198606501573193,0.0035095928530719,0.0041638260279479,9.391019108668356e-05,9.391019108668356e-05,7.002065844076023e-05,0.0001403361354458,3.318286238573295e-05,9.841718731839748e-05,6.870958714064986e-05,0.0001375218453792,0.0009516935057269,0.0040477055554993,0.0062755991120921,0.0066213922683648,0.0005509498357015,0.0006464015706408,6.340027239229376e-05,6.340027239229376e-05,3.205146254693157e-05,6.410292509386314e-05,0.0005271647241903,0.0012702262106116,0.0022889838350461,0.0128132210462494,0.0221325280576445,0.0365408384894036,0.0004550605852907,0.0016358949082826,0.0014498733029541,0.0042580150892409,0.0042569526354661,0.0267409433671569,0.0210865815165719,0.0342122628547714,0.0018457693529479,0.0021754857181625,0.0043775427851744,0.0082889533850866,0.0042475960012545,0.0481733159852566
2025-08-17,APCP,surface,32.0,-124.75,0.0346681038436892,0.0453225556396941,0.0065390736356441,0.0150967995498991,0.0082174080983126,0.0103672572247126,0.0028219141949879,0.0064204474150833,0.0032739086433058,0.0041405254903463,0.0,3.5255121148872307e-05,0.0006329259992153,0.0007011163753745,3.318286238573295e-05,0.0007306614986227,6.99219414837752e-05,0.000244329270818,0.0026683680893489,0.0072185845470103,0.0050656497717151,0.0148098042723343,0.0074208443078012,0.0196859771872513,0.0238030736215773,0.0432489890958848,0.0193773728698555,0.0480531841283647,0.0276617077514756,0.0424097817074576,0.0045207824649568,0.0193464123383696,0.0478087149187687,0.0797100878464847,0.0220623230380356,0.0291981423270114,0.0079704183853242,0.0119428460789056,0.0042092996620343,0.0458842640249003,0.0454278697098162,0.0646591583063929,0.0066882869210673,0.0076280726952883,0.0042790844915985,0.0135231360253431,0.0055327958680391,0.0748841081234687,0.0651874192240173,0.0921657497464714,0.0137881962258001,0.0343284029013351,0.0207658471542565,0.0438486088722139,0.0209529965922642,0.1331968401653256
2025-08-18,APCP,surface,32.0,-124.75,0.0041323319840797,0.0065968071078802,0.0011340280241168,0.0022187767169149,0.0013985293037254,0.001955328950406,3.4457464668276125e-05,0.0001352178625765,0.0,0.0,0.0,0.0,0.0,0.0,0.0,3.205146254693157e-05,0.0,0.0,0.0,0.0,0.0,0.0,9.841718731839748e-05,0.0022737637537254,0.0053852368007102,0.0074377378789607,0.0020337485510218,0.0024551319293966,0.0013274828824182,0.0023239992245606,0.0017826590927248,0.0084460062722386,0.0111488701443731,0.0222846413828755,0.0033642329767956,0.0058258226636081,0.0017313981300542,0.0133972341563894,0.0253871115823011,0.0536601509394886,0.0668478402913971,0.1166808976530137,0.0603076753966967,0.0920515051132604,0.040059250071822,0.0806977432817023,0.0437977778468698,0.1745130984708871,0.1254024801932364,0.1760273339768716,0.0150567550615423,0.0263194509678711,0.0181370132525014,0.0387123146597022,0.0240186071651652,0.1175547014481494
2025-08-19,APCP,surface,32.0,-124.75,0.0,0.0,0.0,0.0003739427529791,0.0005199859726201,0.0008841002237889,0.0,0.0011751969981062,0.0024753096726635,0.0037331466376221,0.0004074633625758,0.0012847896312604,0.0011952923198623,0.0038165009251917,0.0004769120508151,0.0019202965812894,0.0004126640263384,0.000507760254973,0.0,3.5255121148872307e-05,0.0003172960903398,0.0003172960903398,0.0003600113930146,0.0040441012658275,0.0105019533904202,0.020335372128317,0.0089480033122719,0.0220915677256933,0.008526002237931,0.0197248790237351,0.0154215499411411,0.0540434662045773,0.0767489966025222,0.1288510246140025,0.030170407024598,0.0469457841154764,0.0418382075724329,0.0911596353564748,0.0468140424819443,0.1953782046446016,0.1118338840551172,0.175150634030878,0.0348195057052068,0.0618408110404491,0.0246594750229334,0.0472264390458826,0.0385523111450446,0.1781553370528634,0.2138809707163607,0.4176286290484139,0.06682100306576,0.1440922555640691,0.071945838385738,0.1170435390711325,0.0601185491858399,0.3110424348760397
2025-08-20,APCP,surface,32.0,-124.75,0.0024852138475151,0.0041949483929056,0.0011404178979836,0.0050038590509805,0.0084508781131807,0.0200349643619362,0.0029102510411078,0.0061117766793204,0.0023104733930839,0.002374224991827,0.0,0.0,0.0,0.0013141742239013,0.0026908715971481,0.0072274592339525,0.0086778241713262,0.0126896352058286,0.0027837411580732,0.006412303607493,0.004935949129405,0.0134653534387585,0.0117245837138464,0.0267988621871713,0.0334609429039505,0.0881910096761358,0.0127656559172165,0.0240151469264149,0.0218537373588763,0.0520550097855983,0.0312691941769964,0.1486202280735684,0.0621430925764069,0.0927322191069653,0.0223345809231899,0.052952304930371,0.0393341395061233,0.071603255786554,0.053683379759908,0.1939616937009029,0.1883749425438112,0.310007025222087,0.0571333044526599,0.1351856495847506,0.0923924429433635,0.1889589935369195,0.1952019451823208,0.9894053530608732,0.5274641419110391,0.7657707376554537,0.1607000895498394,0.3648586502259872,0.2103646325557153,0.5052308785901121,0.353500667629315,0.8278235716421942
2025-08-21,APCP,surface,32.0,-124.75,0.0031503105984649,0.0055692968728032,0.0001038811682532,0.0003248344641416,0.0007232668239618,0.0013898659104405,0.0019857978335212,0.0055005767574137,0.0063713140327214,0.0071454419961881,0.0022413627635254,0.0065124648918607,0.0046206949208263,0.0091114145072828,0.0178923238657083,0.0634872016064282,0.0519076930547856,0.0868543650104301,0.027760095150733,0.0726716087878396,0.0478032516883271,0.0866691921521205,0.0531924850572142,0.1536370660644827,0.0665215568367547,0.1086259684365199,0.0472639902961413,0.1112178826041807,0.0575484143312284,0.1131175044434221,0.0622880548756183,0.3282567314484573,0.248993842403733,0.3573210280368796,0.0318872241775822,0.0687952512632903,0.0416050213339541,0.0687789033229893,0.0639962954775507,0.3869453827037793,0.2051677548620178,0.2929106791251644,0.0300224196586924,0.070915636372021,0.0653445160621519,0.1057928779924759,0.1583871166630928,0.5640954116084096,0.2994620316410157,0.4384041467359968,0.0635570931896929,0.1529207722720383,0.1000663022932623,0.1455871089198016,0.0950219105419531,0.435928820664993
2025-08-22,APCP,surface,32.0,-124.75,0.0089845073717319,0.0161111949809572,0.0044935442496573,0.0143220763632901,0.0181707888509726,0.0340551074013132,0.0168655220386032,0.0713666524236348,0.0760138299778343,0.1229763437690719,0.0409322711829805,0.106769205947821,0.0525555165240096,0.0831620018507746,0.0305525782412965,0.1901820292559221,0.1347936021942282,0.2111940990967252,0.0346850446896636,0.0616969298637431,0.041018829138396,0.0724045326746016,0.0777468240864993,0.2971247518283426,0.166821883736864,0.2469433035421565,0.021504375581939,0.0597271241943512,0.046425812839726,0.0808428160498001,0.0381910999451394,0.2358572850619515,0.2089540038232645,0.3425895248274242,0.0722886380690993,0.1310687780874364,0.0503486868472818,0.0924312671189678,0.0736977022317691,0.3460698101715785,0.2300804849289425,0.3326178875017805,0.0612177190426787,0.1252735403327584,0.0703002433154203,0.1111248915606663,0.0634236965108494,0.2481165116322275,0.1321966207160123,0.1940088906488798,0.0286915389020819,0.0515557183312896,0.0140611497327373,0.0264063007703163,0.0522728768630509,0.282425951866634
2025-08-23,APCP,surface,32.0,-124.75,0.0614162368408666,0.083694529145131,0.0241880396220739,0.0707271145820383,0.0491187914848594,0.0865260756789007,0.0784152879664528,0.2344235837769408,0.1890267503728997,0.3424525623422036,0.0742409493996242,0.1337002292074855,0.0596046613428598,0.0977676716642845,0.0834298244909974,0.376731768191533,0.2678463494715757,0.4197863590155005,0.0438360543649256,0.0877326826291199,0.0598389665881247,0.1021985487055335,0.0848324935537707,0.4787076916261312,0.3388209368831272,0.5282365030711895,0.1189274317311438,0.1863436930468394,0.0762586638135452,0.1355135698283939,0.1887145136274324,0.6917142060378336,0.3892535852005458,0.5069999070723478,0.0492301381231754,0.0953973879394281,0.0297800872143759,0.0482726027031917,0.0356730315036028,0.1647637750321168,0.0606177234059266,0.0910441314936268,0.0173453642770945,0.0265745005335608,0.0073575503315885,0.0099901914574264,0.0088717165813346,0.04746550232467,0.025908448379539,0.0426726723462729,0.0015082126729503,0.0015430742625984,0.0012039850541244,0.0013629135482522,9.841718731839748e-05,0.0025289173048699
2025-08-24,APCP,surface,32.0,-124.75,0.2196399594937367,0.3279548640972377,0.0902608563225932,0.2028189856202625,0.1162178947474932,0.1850055072056811,0.120509093031701,0.6943844603552292,0.416497496913723,0.6131664729821795,0.0522336157012022,0.1020018402991426,0.0687352012001591,0.1242209442079759,0.1924711391919275,0.820720624600432,0.5053081766132359,0.7564484377430035,0.1609303686628623,0.2972895539927544,0.1848598995941874,0.4482903235150839,0.3332153163223495,0.888656278736686,0.3293797199479299,0.5312847260661596,0.1077488906289595,0.1420429112441746,0.0126767514933603,0.0292007342416292,0.0088809784813206,0.065704036847238,0.034870561996828,0.0407361542296062,0.0075384929595617,0.0187451489175972,0.0081703166462567,0.0093520373602885,0.0117296491466597,0.0306217893076226,0.0135518717369618,0.0166217528651687,0.0005974355128696,0.0009153012111311,0.0,0.0,0.0006163818105194,0.0034850740693279,0.0035628686555931,0.0091225414216774,0.0007141808652066,0.0007141808652066,0.0,0.0,0.0005853466626687,0.0011622177163799
2025-08-25,APCP,surface,32.0,-124.75,0.3917525843523667,0.5298932150066233,0.0432951266860056,0.0855677573617576,0.0454553242433677,0.072170290840326,0.1591789718384903,0.7810652154781708,0.5813403044973751,0.7814305600090918,0.1266657413199258,0.2857558453636154,0.2545927928100369,0.5660554035516536,0.4718331182408705,1.1330889670072932,0.515105955642724,0.7852118893300833,0.1472054835833505,0.2302556801026938,0.0419301086119036,0.0909563057277974,0.0345521987421281,0.0880280142978781,0.0491406903011317,0.0711331480307582,0.0121078663454313,0.0179395419330109,0.0012768202605124,0.0023976760759719,0.0021726354250227,0.0046042472138036,0.0013634049394241,0.0018328187009234,0.0001264071378532,0.0005373840754541,3.146292393296116e-05,3.146292393296116e-05,0.000579957249483,0.0021242048285277,0.0070881509556745,0.0079518711512665,0.0,0.0,0.0,0.0,0.0001646650383668,0.0003246225492118,0.0001762756057443,0.0001762756057443,0.0,0.0,0.0,0.0005082117826613,0.0081827110347112,0.0147535013177686
2025-08-26,APCP,surface,32.0,-124.75,0.4443061302742437,0.7675810808600076,0.205923241289177,0.3958005626707043,0.2594390028492125,0.5970677600894808,0.3983738120983113,1.0717582585053682,0.5560067170491815,0.8713964117410333,0.0858494765801268,0.1299310337315282,0.0244790648499289,0.0505136262220589,0.0300920577869271,0.1285068349183712,0.1515201666968086,0.2445906216885759,0.0366942923014943,0.0429839846831588,0.0041342636296027,0.0049079685687112,0.0127224337678224,0.0424509481904257,0.0138538686616309,0.0175342717701567,0.002659591217903,0.0079721005356322,0.0068996926172434,0.0124479691408923,0.0023920994716713,0.005723503200736,0.0009698746985281,0.0010015748347242,0.0,0.0,0.0,0.0,6.523432493266452e-05,9.841718731839748e-05,0.0,0.0,0.0,0.0,0.0,0.0004015397012406,0.0002505134766562,0.0018506831449601,0.0070840432922135,0.010230877202041,0.0013684906970162,0.0038187061380187,0.0123584021753709,0.0344073352989589,0.0115163814995394,0.0220918931846698
2025-08-27,APCP,surface,32.0,-124.75,0.4040131308934251,0.5923615783862872,0.0563733730981596,0.088250681267937,0.028145337042073,0.0564909824539839,0.0368794691013285,0.1721871110003979,0.1097965176666443,0.1989991025291401,0.0358878612713361,0.0634940745943307,0.0263272351921783,0.0597542678598373,0.0511509752241901,0.1248850128779669,0.0713969187399426,0.1232296541720321,0.0083225777881791,0.0100805748580216,0.0066678413102049,0.0091077890922855,0.0042872384145089,0.0111218593731614,0.0017037905641603,0.0020190006754857,0.0,0.0,0.0,0.0,0.0,0.0024821141531683,0.0018547472472337,0.0018882573860381,0.0003722080480836,0.0015162359125837,0.000534996317799,0.0041075171560289,0.0026880761487562,0.0140894215124629,0.0329528795899942,0.0469303451316627,0.0038764370255906,0.0092501289528264,0.0141208299758068,0.0202406035544629,0.0081009025296201,0.0340944298611713,0.0675517703914907,0.1280441476322662,0.041300813695145,0.0711737891059789,0.0145492761523227,0.0213150844758315,0.0076142819639085,0.0406868103648353
2025-08-28,APCP,surface,32.0,-124.75,0.1113456908100718,0.2071948635467101,0.0175834283679614,0.0329163213086511,0.0374902997190592,0.0907699039874047,0.0365454810406231,0.0751758640934527,0.0270302098130273,0.036825263609572,0.0028428005025909,0.0057552704626231,0.0037853550011442,0.0040076084842521,0.0046012115660049,0.0165004786387525,0.0195997064380656,0.0272248335092447,9.69620482310254e-05,9.69620482310254e-05,0.0,0.0,0.0,0.0001641145701039,0.0,0.0,0.0,0.0,0.0,0.0,9.874446373704008e-05,0.0019261609857324,0.0041430706009536,0.0050386099927136,0.0,3.146292393296116e-05,3.134342650732172e-05,0.0012035221674114,0.0034218913063314,0.0162355995538669,0.0330595148652326,0.0515096563171506,0.0247560280585742,0.062285056564095,0.0520590705615511,0.1047019541673517,0.0612966610908559,0.3345607936192981,0.2609247638564264,0.4718920768585759,0.0851814796365942,0.110922081153524,0.0286877496523825,0.0696754133611227,0.0813254461072976,0.2423459257812636
2025-08-29,APCP,surface,32.0,-124.75,0.0213898826580648,0.0462859860311661,0.0242165986302372,0.0350485825612702,0.0057046055207851,0.0060502149567191,0.0131226039233532,0.053640306103732,0.0253590070520759,0.0268413261315471,0.0,0.0,0.0,0.0,3.205146254693157e-05,0.0001313793474804,0.0,0.0,0.0,0.0,0.0002459060654424,0.0002459060654424,6.523432493266452e-05,0.0003264509154659,0.000488010351733,0.0006182829228236,0.0,0.0,0.0,0.0,0.0001307959262839,0.0011092377541543,0.0010568062742909,0.0018712627548744,0.0023156061999204,0.0112045583496753,0.0230265140564407,0.0491511536911736,0.0279643544255472,0.1213215516104989,0.0821556928667816,0.1435545897315875,0.0135873524507243,0.0296249715552785,0.0196734277816282,0.0283331767110283,0.0153141641010654,0.1396421242010856,0.072652139483775,0.1575532120893776,0.0429267828871827,0.0632467039444466,0.0104674217762085,0.015231007267013,0.0062194462766209,0.1060151030150972
2025-08-30,APCP,surface,32.0,-124.75,0.0497684942981644,0.0598792000418844,0.0,0.0,0.0,0.0,3.205146254693157e-05,0.0002317758407212,3.205146254693157e-05,3.205146254693157e-05,0.0,0.0,0.0,0.0,3.205146254693157e-05,0.0003252749696776,0.0001302725710905,0.0001302725710905,0.0,0.0,0.0,0.0003867337872133,0.0005828018125864,0.0010683496192128,0.0004274633802494,0.0016737714239366,0.0086128737364483,0.0365280889942993,0.042944129857158,0.0789886509668691,0.0369975644912305,0.0886235456390564,0.0708191241937499,0.0999864991964945,0.0129934927343863,0.0323925716396993,0.0091301160450705,0.0156740375277051,0.0182163439587517,0.1644967429912667,0.1360444080211076,0.2556716533549188,0.043857274962697,0.0595245853586703,0.0092046545290843,0.0148477306833392,0.0017027080966987,0.0526323351169369,0.0346811652820696,0.0600600538600816,0.0714511920732764,0.1043098849867937,0.0187501328024428,0.0392036198942944,0.0187480019909988,0.1512518512677551
2025-08-31,APCP,surface,32.0,-124.75,9.819648509467632e-05,9.819648509467632e-05,0.0,0.0,0.0,0.0,0.0,0.0016766490735725,0.0013974253919916,0.0015383484939407,0.0,3.146292393296116e-05,0.0,0.0,0.0004121592259035,0.0027517672437124,0.0066970554300624,0.0094618214126107,0.0146140464794439,0.0473152176311075,0.0396627743562376,0.064746634257116,0.0214722220880829,0.1062477534048431,0.0848497721818608,0.1207059958313837,0.0137739827599143,0.0253851052899111,0.0115777500886321,0.0348007165947949,0.0235717452981899,0.1416107392262793,0.1713305614827308,0.3015501120058349,0.0337578829021214,0.0491075429973618,0.0154909209879879,0.0456284621912786,0.0166751874228702,0.0625090443380875,0.0625250139699377,0.1774763691882896,0.2069042352913458,0.2800217353676273,0.0743605491690301,0.1249958146694941,0.0786356339953531,0.3974094744178872,0.3707516493573652,0.6808829638726908,0.267233325429996,0.4375656188954969,0.1209928542811492,0.2206786360423099,0.1159265577910809,0.2749474396707043
2025-09-01,APCP,surface,32.0,-124.75,0.000517863333379,0.0008473580593246,0.0,3.146292393296116e-05,0.0,3.1581827956578834e-05,0.0002582241128641,0.00155030175312,0.0119500065598615,0.0248127411085221,0.0163339172135592,0.0456238932539431,0.0459575589878799,0.104180310820199,0.0616648802351792,0.2459639560758756,0.2718468289129425,0.4900057596918308,0.1555951383006801,0.2408215717709251,0.0550003824030881,0.0807987745676067,0.021308365497384,0.1113156182929096,0.138763659902054,0.2091716430538373,0.0195851744790777,0.0342054339310355,0.0357347888443675,0.0671924742881212,0.0311533937398646,0.1588110995626191,0.2225504650479219,0.4577267998563504,0.3742201163892156,0.601626678663408,0.1274888674418123,0.1939041593422818,0.1092824299867673,0.5136966610758154,0.4504527700877607,0.8396165426591756,0.3887240672955772,0.7874097648825507,0.2309394571443736,0.3214190594815191,0.0784120284322731,0.1651958923746116,0.1406003814257908,0.2576360425933854,0.0569141002773225,0.1144294164931322,0.0348234360409134,0.0527831411869687,0.0381296471818289,0.1178965083464354
2025-09-02,APCP,surface,32.0,-124.75,0.0050242438484598,0.0125009556353816,0.012859360893212,0.0431970624498462,0.0652436929702288,0.1126986448634948,0.046042933278932,0.2304080755027903,0.1927391906063105,0.2885408702423742,0.0389672356891866,0.0771678166044567,0.0754654420771137,0.1286212837166353,0.0405816021027258,0.142989109043359,0.1221421553912284,0.1957646948921243,0.0228584333109132,0.049216673852763,0.02832564107628,0.0454402790658822,0.0198380483403261,0.119263046591557,0.1968715820038993,0.2492343295698632,0.1168898065113729,0.254340666957483,0.096123623201051,0.1355262717168965,0.0777091636629088,0.2944352871022576,0.3218029646155956,0.5616094552445244,0.1790362690375883,0.2642174495249389,0.0603336560382728,0.1070260292913405,0.0160064705799249,0.0615698275834399,0.0135531010779346,0.0196162128870542,0.0283917851076629,0.0659142795620381,0.011823298746972,0.0201425169701035,0.0063377286843898,0.0301767553070739,0.0152314182013257,0.0157885848504793,3.0859550786033146e-05,6.220297729335486e-05,0.0,0.0,0.0021640913646682,0.0432705934307886
2025-09-03,APCP,surface,32.0,-124.75,0.1668193399470479,0.2344087430509641,0.0403333595163289,0.1102876270062019,0.0463170885368127,0.0820108487429504,0.0238087710557936,0.1061714359650627,0.0906982728755431,0.1170627331414859,0.0132539292916172,0.0285255520010496,0.0146897379353032,0.0253379494446028,0.0102409423175157,0.0743097475494418,0.1154713928089968,0.2659101739425339,0.0448768255508501,0.073594209516323,0.0215008140636236,0.0432089296103588,0.0324927619566605,0.199388514741706,0.2958655342373369,0.5379313093323792,0.0615452536670864,0.087955340379518,0.020267689654473,0.0247942874931294,0.0067376730749148,0.0358598686943033,0.046392096746857,0.0489356173518546,0.0025344292468463,0.0064863463394712,0.0030198787992967,0.0052096276204241,0.0007130660020014,0.0050702115255046,0.0002790710081111,0.0023958280736261,0.0121150675045914,0.1054039952468108,0.0419049650479756,0.0695177621415673,0.0231523763730793,0.0295178194426115,0.0004374675865222,0.0010558759047747,0.0003601557716523,0.0005613212571429,0.0005491013958477,0.0107634990317808,0.0557749107884122,0.1154723722725406
2025-09-04,APCP,surface,32.0,-124.75,0.1095978354297574,0.1903672146739083,0.0494396637065601,0.0961473279988189,0.0438086692652198,0.0814174620168653,0.0322387987593275,0.1451882272157768,0.1071869736994783,0.2706155318830308,0.1226121778051373,0.1813861597542865,0.0366907795771364,0.0698577742243799,0.0363309372335884,0.2143766839744572,0.3581398349775517,0.6378533490935503,0.1118542270944406,0.1795556001291803,0.0261673927466055,0.0459638626875283,0.0106807610318434,0.0381185087794354,0.0084631970832345,0.0104389682305588,0.0041464481915684,0.0141724950591571,0.0080002479812171,0.0106912241734751,0.0075167347588292,0.031908540696672,0.0179612492423231,0.0305671935706373,0.0107528246519891,0.0332702140077099,0.0649321952767819,0.1076087205773589,0.0291934912960374,0.0416155096721469,0.0050625422485908,0.0057625608425761,0.0040004399854837,0.0120256971183874,0.0350021408116276,0.0699122270053633,0.0428398392404632,0.1243852218569455,0.1382719280569636,0.3091521643124431,0.230485352425038,0.4744104015232998,0.1406603279438763,0.2250402972046278,0.1143552870818006,0.2932202819183514
2025-09-05,APCP,surface,32.0,-124.75,0.14905835748573,0.2847943346377858,0.1249295955839121,0.2347421879363042,0.1002945672874786,0.1494901178270744,0.0300787451854507,0.3158916322235213,0.273287020156518,0.4971212674997148,0.1814896898319546,0.2506912013535072,0.0384798476214628,0.0572149508170555,0.0104533642006687,0.0262321163948382,0.025823293655922,0.0361565675420005,0.0072654213053513,0.0225078974327406,0.0098934628198633,0.0120143384799851,6.603404565732026e-05,0.0010242450153507,0.0003273787446142,0.0014716509694986,0.0023129544874114,0.0108407338100915,0.0285301362590403,0.0504961632789061,0.0467692614667213,0.0888160212943186,0.0348592015523265,0.0454158145727501,0.0108225638235433,0.0325870799704788,0.0318593980136367,0.053920154485293,0.0090177738701364,0.0122674897972144,0.0015197738792873,0.0024205296360015,0.0089643441284382,0.0496265051296291,0.0527606031987195,0.088272433843743,0.0066555170629549,0.0069987482230914,0.0028430943647737,0.0049193625097198,0.0006392625445135,0.0008851686099559,0.0003757857565109,0.000941533335559,0.0001321474047641,0.0010414175664124
2025-09-06,APCP,surface,32.0,-124.75,0.3308372977228273,0.5548065548825412,0.0937916448664475,0.1560832964382876,0.0249410401368198,0.0353465009097286,0.00225817185214,0.0077618963825043,0.0206645395641849,0.0246587807903443,0.0017769348042945,0.0077633287709,0.0041995338918503,0.0054675633243991,0.0002181290856795,0.00054208406973,0.0001303860285686,0.0003912703096926,0.0004235523440845,0.0239208829357724,0.0682688707600527,0.1773426336474494,0.0769557180313129,0.1420265513121957,0.051554435064271,0.0765649790824255,0.0081748256775032,0.0176342682254586,0.0095463877707627,0.0324856055367609,0.0308570910853606,0.0589234071486933,0.0542316504251216,0.0770932731182196,0.0154048513100369,0.0512028309443967,0.0493216462538782,0.1159194718241132,0.087780895271165,0.3256394779816227,0.2584225922443133,0.4056453178497797,0.0978483209088967,0.1946146691317593,0.0934729859154682,0.175823988539444,0.0659143458710061,0.1546421909178133,0.04187487879859,0.0748674930298996,0.021892360374051,0.0386736280222543,0.0129359650696471,0.0185769812909621,0.0016443961469801,0.002081388744081
2025-09-07,APCP,surface,32.0,-124.75,0.0345960263604046,0.044322523000004,0.0034941278908932,0.0104098979839434,0.0051722318817427,0.0066031051395857,0.0011260532435185,0.001716463303758,0.0,0.0,9.461235291326406e-05,0.0244405269281095,0.0952342462311609,0.2153773076825405,0.0959228143755003,0.1705072614267399,0.0392737319656771,0.0529074346473137,0.0147394717800992,0.0364358844121731,0.032682402448738,0.0775396092374712,0.049208670289567,0.0936015073399233,0.0661066610422387,0.1298983410268463,0.0429938350597048,0.101081936741589,0.0482662766684602,0.1272001935057284,0.0751111967742834,0.1416617966322581,0.1201921525433005,0.2064731345948671,0.0535927250931737,0.128502682832856,0.1153921470361774,0.2400670289008986,0.1720644047216474,0.3952194079076964,0.2500905754987662,0.3974969385220439,0.0637269981967406,0.1203226362082053,0.0476975088948609,0.0945378365825354,0.0470746674208373,0.1101568877266472,0.0274974118703155,0.0329445473587876,0.0003410059821434,0.0005348738013077,0.0001045841068364,0.0006500980380876,0.0002429453661654,0.0002749968287124
2025-09-08,APCP,surface,32.0,-124.75,0.0002469982532956,0.0003431079632499,0.0001681410934798,0.001200844157995,0.0023689335761094,0.0082765928527877,0.0369888130498609,0.1012146279353991,0.0747577556562439,0.1263191752883947,0.0295668950342928,0.056075846625216,0.0368561855811108,0.0845266587716233,0.0830884316973987,0.190626417593592,0.1059657293102874,0.1912856931059962,0.0889999279233333,0.1974465934746372,0.1071101293859781,0.2732838157505828,0.1884730106876839,0.3557341703676763,0.1099452318762921,0.1790574243739582,0.0303108498310381,0.0382792929211737,0.0074790840446208,0.0201262173766395,0.0402031074087296,0.1708609287088177,0.1871853636713222,0.2913842406690673,0.0188387536573291,0.0365366441962798,0.0508442177056545,0.0851433370457954,0.0497443824859629,0.1464104661649259,0.0768640465247118,0.0928723814230484,0.0006278267223666,0.0022118368758338,0.0012138998668769,0.004163434170409,0.0018247326963069,0.0027920062717835,0.0032205681486656,0.0118755260749138,0.0547979168831453,0.1546299890078617,0.1363076975505909,0.2441415870774556,0.1003621513056738,0.1714841871453944
2025-09-09,APCP,surface,32.0,-124.75,0.1093021514210458,0.1996932545835592,0.0636069369321096,0.1008475444755597,0.0264748013990192,0.0696160194223551,0.073803003737705,0.1655535966063665,0.0897628957837594,0.1532168749842639,0.0542807446764849,0.1510844871875428,0.0813231951097104,0.2153634416743383,0.3011578166181861,0.6972260044050078,0.2796391622089427,0.4569051115303773,0.0779504530747149,0.1166734977880681,0.024725308030957,0.0502819296998748,0.0484582776732034,0.135414310650233,0.1606977326381113,0.2185645337820049,0.0208743538128788,0.0433065070428871,0.0165236090193686,0.0573194059451273,0.0379871941550593,0.0789865613268478,0.052851279211553,0.0889112123879269,0.0221430186019211,0.0551049605981694,0.0385144120361131,0.0608965362420952,0.0032952984129007,0.0043787426178484,0.0016269480587008,0.0106467174302945,0.020422815099763,0.0933138993526163,0.0895880888275441,0.1861856087598227,0.1389826901932488,0.4233093721657797,0.2968918137509877,0.4243808233563315,0.0289500170523713,0.0581847420227575,0.0510355404703546,0.0795045364590798,0.0558122295175689,0.2622263483693742
2025-09-10,APCP,surface,32.0,-124.75,0.0972512594520466,0.1511928382480838,0.0527500197693488,0.1196090711239648,0.0448232068224073,0.1175462590532216,0.2078393343521613,0.5009195950757692,0.246574168170794,0.4056057522150225,0.0572710974139269,0.0848429776002071,0.0283167549612666,0.0636033345004864,0.0543616956725119,0.1360529538512124,0.0808331084193121,0.1160780091658284,0.0228195160219832,0.0405521718926417,0.0199294547875128,0.0483979972213795,0.0253587435625465,0.0701904360664178,0.0477499858305182,0.0686461831916477,0.002966291167699,0.0040644596151258,0.0016114064454692,0.0042456230933573,0.0001236818971589,0.0002210874914286,3.205146254693157e-05,0.0002721187213927,6.398641839410751e-05,0.0123514392255264,0.1598957874728603,0.2463934999667733,0.0751442994977004,0.165477769310857,0.1476209194633398,0.2074296490057539,0.0273457028707731,0.0468235618380897,0.0124601094839856,0.0180586394335329,0.0045274714927997,0.0211661967525543,0.0696945369625076,0.1327227072053234,0.0497936244210499,0.0777884447983379,0.0120426378418789,0.0293116357208099,0.0130440188006964,0.0620287666556914
2025-09-11,APCP,surface,32.0,-124.75,0.2061761401706844,0.3270991210733813,0.034465403443657,0.0477866401898916,0.0121940825746872,0.0230980080518036,0.0293546493063975,0.1454176455790981,0.1715463186413145,0.2112422011091206,0.0168134384912866,0.027474912527044,0.0101581988797751,0.0303682478105878,0.0298008397116266,0.1262651903482744,0.0690287728813384,0.0830624070405759,0.0043038576578723,0.0106004934298245,0.0072297744586958,0.0104527213027845,6.536258375575363e-05,0.0003015196072589,0.0,6.171910157206629e-05,0.0032142595681736,0.024891081189808,0.0243384614264641,0.0289079935472164,0.0007135510549468,0.0008783538660268,0.0003130639097168,0.0014342891539538,0.0003403074039271,0.0003403074039271,3.122333807204014e-05,0.0003752799104339,0.0001599756454809,0.0052273257334282,0.0046343647067919,0.0056209479569903,0.0,0.0,0.0,0.0,3.2961534383447884e-05,0.0001008341861285,0.0,0.0,0.0001044847257426,0.0025915789127247,0.0018577015709881,0.0031712058178129,0.0004154819443096,0.0005181940952531
2025-09-12,APCP,surface,32.0,-124.75,0.0659899279391113,0.1017230727089605,0.0118360043722163,0.0232980673090039,0.0170820879791405,0.03487857251459,0.0296470536280191,0.1129480582381715,0.0403669832724883,0.0505231472306142,0.0063773833038991,0.0199658523872071,0.0128786512082032,0.0174778879829336,0.0013937505879075,0.0032833157630036,0.0015954943185678,0.004397234764576,0.0206740574243836,0.0731614105974298,0.0457128335360263,0.0850851786903068,0.0240507379295836,0.0326326598643763,0.0098549105523501,0.0119104200385781,0.0002300032823175,0.0005217777119901,0.0001250116724998,0.0002823256987626,6.523432493266452e-05,0.0003631337036336,0.0,3.193495584717594e-05,0.0,0.0,0.0,0.0,3.205146254693157e-05,3.205146254693157e-05,0.0,0.0,0.0,0.0,0.0,0.0,0.0,9.81958593161124e-05,0.0,0.0004111541106936,0.0009300026743925,0.0062060004378734,0.0061917310350409,0.0130739132646932,0.0112357237947694,0.0308561477480384
2025-09-13,APCP,surface,32.0,-124.75,0.0316070075793417,0.0425100569449202,0.0087063657410288,0.0225597347174659,0.0109688139483639,0.0154868639702787,0.0004464182441218,0.0008166430792709,0.0002698007497658,0.0049733180440418,0.0401494445528415,0.0911258427142145,0.0485608264909538,0.062477645113293,0.0033731767838856,0.0066034977899465,0.00378259883404,0.0041016147907036,0.0002322787806825,0.0004324656144882,0.0,6.171910157206629e-05,3.205146254693157e-05,0.0002634818026533,6.33948890542533e-05,6.33948890542533e-05,0.0,3.49609707418876e-05,0.0,0.0,3.205146254693157e-05,6.327480061897172e-05,3.205146254693157e-05,3.205146254693157e-05,0.0033327641608253,0.0212954709379786,0.0080645794546022,0.0168150022200216,0.0049929403783916,0.0090524556153739,0.0027476373842143,0.0035420449736108,0.0005152825633105,0.0138376923408446,0.0090234715287782,0.0253817066873856,0.0298750673267867,0.0659574729852756,0.0208326649272879,0.0299322435918463,0.0070504233199521,0.0309305974183917,0.0472757501067223,0.0895316024549272,0.0306534726208466,0.0615365596864924
2025-09-14,APCP,surface,32.0,-124.75,0.0043858876659944,0.0097298472343231,0.0104663760828596,0.025094549048717,0.0089357845014396,0.0157062513611616,0.0005398993429501,0.0007042552341786,0.0041091299779098,0.0075693020878334,0.0019029943189035,0.0021850352880945,0.0,0.0,0.0001336435170703,0.000368969373536,3.205146254693157e-05,6.59890750126014e-05,0.0,0.0,7.051024229774461e-05,0.0008103808731924,0.0013361987971162,0.0013684814551114,0.0004230614537864,0.0028185594216296,0.0042939077738168,0.0521861093397272,0.059160031009079,0.1042216877706446,0.0211010925373293,0.0408099576422775,0.0114730798726583,0.0288196251637653,0.0300522257958671,0.0748517296418195,0.0576992313926294,0.1222682405357439,0.0472658462219156,0.0954903858385125,0.0604357358827836,0.0710246526800925,0.0152972737820402,0.0424282971759184,0.0387822604495739,0.0591021355166901,0.0125859641903744,0.0525825311012288,0.0689045785006211,0.0908568123875961,0.0146610886214868,0.020895661185819,0.0057324177808264,0.0084618691167894,0.0139324835832138,0.0633939104860116
2025-09-15,APCP,surface,32.0,-124.75,0.0067232089144226,0.0118151593003806,0.0071206328423156,0.0167561485590661,0.0022164829590241,0.00235681909447,0.0001691606681964,0.0006776447895956,0.0,0.0006666385450775,0.000126089503779,0.0003022677268771,0.000736540924538,0.0047405637169999,0.0043823670230922,0.007631890655257,0.0128526599646954,0.0359958629018417,0.0269525902208108,0.0776964551644976,0.1188404092676782,0.2284381232826388,0.1001488934410306,0.2234004634189982,0.1722111943778793,0.3890996511557362,0.3362371617538358,0.8387781349081325,0.4991315404863523,0.865992225795091,0.3218753374168292,0.6790602710140317,0.4498899623879617,0.8178889152903145,0.4238292180349527,0.8355600133405672,0.3955831516902695,0.6714829022435317,0.2086446772489522,0.4408043071633183,0.2195874757161512,0.3536787063260764,0.0590785608482543,0.092433276524677,0.0227605062803042,0.0590841210328616,0.0322354830327761,0.0650830170219252,0.0304483477144634,0.0413951556302297,0.0047426146036759,0.0149117892222713,0.008351679170309,0.01776799383592,0.0077025932760816,0.0154927833779926
2025-09-16,APCP,surface,32.0,-124.75,0.0001280893434879,0.0002876464102893,0.0,0.0001056679808002,3.515773850254881e-05,0.0005253744548714,0.0036604050322512,0.0094808462249963,0.0093230864311848,0.0192231597569873,0.0554815591658758,0.1377283633618568,0.1517112713307267,0.2935021362066244,0.125263340146796,0.3799318025806378,0.3124470482926929,0.5126417267211199,0.2545762062281608,0.6354527011238036,0.4701976589974395,0.9196027987570636,0.4075427229107558,0.9482732373188903,0.5685960690995691,1.084766301337305,0.4148505196565066,0.7734143629699838,0.3680976368125883,0.6931292499975883,0.2364945649210385,0.4860336479722509,0.2268882489304118,0.3458992896247754,0.0493205854669656,0.07994946282455,0.024344321990704,0.0590663876732074,0.0220302001113768,0.0347179228139514,0.0044709897637067,0.0057847576034559,0.0006181672112287,0.0022717676208518,0.001318272334294,0.0025940482932529,0.0001648356533277,0.003196698273893,0.0053768726144194,0.016327589736937,0.0222619547696373,0.1269972597127269,0.1669254761904069,0.3338167915363413,0.1014238070642881,0.1744732996581752
2025-09-17,APCP,surface,32.0,-124.75,0.0439555997801663,0.0720103574773906,0.061997870302794,0.1713512184150677,0.2268285866424996,0.4717693651150502,0.1780337435173839,0.3457113925206,0.2107019662423132,0.4016730873343997,0.2541694054795108,0.5952118039531484,0.3755567152327748,0.6923741347066279,0.2392420328475923,0.5370213316383421,0.3269594810297443,0.5679101093907041,0.2046494389547626,0.4150147739002308,0.1782176785795409,0.2911417691522493,0.0727136963190964,0.1534126595906717,0.081864282515452,0.1484044389804281,0.0385227856460493,0.0517507075293802,0.0108166273600638,0.0200693661471694,0.0019655485162289,0.0098247371691091,0.0083810632479838,0.0112776388909086,0.0003793822740336,0.000694326626211,0.0017632807361803,0.0019563996068356,0.0,9.81958593161124e-05,3.122333807204014e-05,0.0001562361901885,0.0003426066941186,0.0009671788289122,0.0005319852540941,0.0008134685776199,0.0003172493039475,0.0008891064885097,0.0002827881935453,0.0003781180384467,0.0,0.0054221263750984,0.1346027483589366,0.3879196242845066,0.2016281701584835,0.3626831517008506
2025-09-18,APCP,surface,32.0,-124.75,0.2555315406505468,0.4439696890681429,0.2294110187617869,0.6063310408774284,0.5317763062776814,0.9380935800684386,0.3495994229979342,0.788149217588274,0.4562611281209858,0.7904236608365913,0.2639421435576023,0.4844125109512552,0.1675270221397143,0.2788017603889383,0.1185944558657582,0.2620121334992289,0.1947724699671272,0.3087989567891592,0.0415142266269935,0.0566617168131776,0.00560480166541,0.0143697680414767,0.0060867711453233,0.0209333309960473,0.0273921019693414,0.0507454650794927,0.0101277238860801,0.0169999920036121,0.0087231213155058,0.0226558526142065,0.0072144071348479,0.0219248592804224,0.0082648061836687,0.0123630081318512,3.515773850254881e-05,0.0013946088016036,0.0033313654979505,0.0124402439214916,0.0117752472690027,0.0686071078520169,0.0909083989208039,0.2344780819502234,0.2514943593914996,0.4783352356784505,0.2307176296128991,0.4758025095882784,0.2548771332553196,0.4971455495248229,0.3775377426885876,0.6476507749489038,0.203293063657951,0.3812780493988957,0.1001055731543861,0.164192292492311,0.0526008263555471,0.1382411314653698
2025-09-19,APCP,surface,32.0,-124.75,0.4240644568894861,0.6689200522509003,0.1418847900991123,0.2671320377232603,0.1250042484752974,0.2258960354495996,0.0935311558959756,0.1866808325461606,0.1159217186896756,0.1662139103517488,0.0373961099356624,0.0614179268755584,0.0179348665879561,0.0414816797046194,0.0307195520370158,0.0574765806042937,0.0492446266052926,0.0674448236249714,0.0076213910190176,0.0132155878040298,0.0153030390040547,0.0742371061851801,0.0483956269642703,0.1320832608551346,0.1586492243055989,0.2334354315615543,0.0132367451005207,0.0248124118166982,0.0135483127096859,0.0191593660956021,0.002089013856092,0.0050010902042686,0.002999428020554,0.0076023899086274,0.0204966305080231,0.0846584967383521,0.1421033472867766,0.326166250456217,0.2000077423665975,0.4265604478084892,0.2445971827382584,0.432421427093652,0.1837214244846764,0.4189641450115638,0.254701220960002,0.3945408897960069,0.0685871053120017,0.2988838352374455,0.2364322138111927,0.375894655934505,0.111407633855348,0.1528819046356505,0.0320485347092673,0.0573287470027317,0.0072413000179234,0.0097122040254295
2025-09-20,APCP,surface,32.0,-124.75,0.147281559200841,0.2223723234727712,0.0324661118664077,0.0432295304933131,0.0083370694296324,0.0306122537827647,0.0268335354269654,0.082640118483115,0.0536287884680104,0.0728112088069464,0.0042856321332538,0.0087314655676693,0.0128766765175602,0.0523802683323267,0.0723672325648745,0.159800059285711,0.1209517286667025,0.1666719131047507,0.0196278504342145,0.0374245627239783,0.0179306421870684,0.0337438015891533,0.0059265514457222,0.0188836515806895,0.0145141069806359,0.0387792158653718,0.0545426807219856,0.1928444393155192,0.2589494572431466,0.5762520987253739,0.4359990019067896,0.9724341748381744,0.5875362226389242,0.9998937115683302,0.2977528034210145,0.4770839797404084,0.099489280442267,0.173319392112167,0.0686086934484335,0.1948009460996151,0.1113753311255344,0.1643562579582829,0.0350585658415341,0.0659236318152013,0.0533634690467382,0.1083660382115716,0.0421709123711149,0.1458643903962403,0.0892567233094915,0.1395521683798028,0.0221710998343665,0.0440867074209493,0.0232628490968426,0.033807642708724,0.0143575070206695,0.0806659959363191
2025-09-21,APCP,surface,32.0,-124.75,0.0737667868175209,0.1149662279916561,0.0115853538942795,0.017141408919259,0.0063836556924259,0.0406861579681703,0.0556394015360798,0.1535903571249638,0.1161409455226244,0.1674566275983478,0.0258216307061587,0.0528266057986616,0.0142836147090176,0.0245250540731222,0.0046814224770066,0.0085057689874874,0.0054776843057919,0.0070260503575639,0.0034800752632041,0.0097335132611179,0.0115239157722825,0.0353477612595263,0.0754124941339259,0.2196018625593465,0.146218931302159,0.2637075448901975,0.1206431350257261,0.2339314558387136,0.1037748686109327,0.190988019764367,0.0820155029233669,0.174688914070666,0.067585881266329,0.1248198018626008,0.054993124379318,0.1189654247249805,0.0624933088403671,0.1178439726446247,0.0462139627822983,0.1535043202143842,0.1203161661469376,0.2209001176087288,0.0975760854274607,0.230070871762107,0.1307816721986362,0.1945785183688582,0.0355734547702533,0.2069074633708235,0.0819468152982119,0.1078142994468003,0.0068996763134094,0.0133833163392881,0.007896038022179,0.0112938004310467,0.0015161976776971,0.0057202624104994
2025-09-22,APCP,surface,32.0,-124.75,0.0974440324020731,0.1617997439398133,0.039046693009236,0.0859056818840519,0.022670556348258,0.0304875955587672,0.0029442378343245,0.0059553423151208,0.0062068418735455,0.0142713326364623,0.0101940275798252,0.0192188779071407,0.0212349105425808,0.0556337403130562,0.0874295961408243,0.1925277566474625,0.1042182475104125,0.2073329135914418,0.0841706352663515,0.1797815115427299,0.101612550745464,0.1633385678191033,0.0297272678233894,0.0612930237616476,0.0383147110310093,0.0714737290889128,0.0420224968225174,0.1111584874797506,0.0864018647091433,0.1942061386246668,0.0955616862858719,0.3195429799552136,0.2515068482359094,0.3766416729744755,0.0325059104089834,0.0615119143091438,0.0521896647293078,0.0771682263543305,0.0162582905892563,0.0978233125355201,0.0970684663557987,0.1655640626708733,0.054877002854968,0.1071744608560481,0.0524801345988027,0.0790441521119629,0.0357432312454298,0.1451859905302756,0.1048834424453522,0.1455116744295432,0.0174507464876072,0.0221665274674719,0.0042418466146661,0.0072215467267351,0.0024491149012252,0.0350621659443722
2025-09-23,APCP,surface,32.0,-124.75,0.0040756119024836,0.0051975886647729,0.0014389448579189,0.003600821375989,0.0022393348089376,0.0317196991506609,0.069914160380961,0.1909584276648323,0.1160181148005302,0.2234749172116914,0.0967575555010018,0.198681614982797,0.0927297581894968,0.1598652033337957,0.0169518292767909,0.0331719051559848,0.0311739271919682,0.0549239371211142,0.0174558367063153,0.0288620060113092,0.026030824035688,0.0623467350670477,0.041556256846143,0.1237200583835111,0.1528878204539245,0.2554935000377993,0.059434607378708,0.12838173895648,0.0500726182504294,0.0676282210123285,0.0082896880345394,0.0375453944109877,0.0664637125116654,0.1406458134564576,0.0653575446907404,0.127117103984039,0.0481565389219064,0.102363123365475,0.0732886392028169,0.3401431270912928,0.2258645482617522,0.3839743866153299,0.0855240264382836,0.1277118335321843,0.0300035401380065,0.048252147584256,0.014827410061355,0.0450315239129318,0.0193531910050592,0.0234443054760106,0.0,0.0,6.171910157206629e-05,0.0002479601019421,0.0003430905794914,0.0027672250122902
2025-09-24,APCP,surface,32.0,-124.75,0.1802681345604243,0.3599511900857521,0.1420741389186266,0.2398832989212746,0.0774090178562314,0.1402497960163689,0.0404119155737869,0.0742823497888888,0.0339993623840481,0.0537237241453095,0.0310320570344475,0.0770950015322927,0.0641795261251441,0.1480201939971122,0.0842342424788596,0.2729727978902649,0.1958125316121621,0.3374463490857677,0.0255190342692193,0.0330108538181137,0.0082087686401099,0.0135754813171525,0.0018943521896275,0.0109804585136486,0.0245248618498175,0.0285770850753639,0.0020803269243525,0.013527643026946,0.0100917174411919,0.0201047037483834,0.0162459264090233,0.0911085531452615,0.0964862093155324,0.1366557658266036,0.0195175711028545,0.02998485709754,0.0041432039501184,0.0062522582333667,0.002313240974884,0.0169613370147801,0.0129259297662967,0.0154139788298932,0.0038183969825677,0.0388166182539191,0.0583015097895143,0.2084000932026594,0.5394279035923754,1.244171352882369,0.3725366206860864,0.5671017827539384,0.1553210400337359,0.7537006690169137,1.0208330067361948,2.1004443109546775,0.912830136124442,1.4212111405414414
2025-09-25,APCP,surface,32.0,-124.75,0.0266810299209688,0.0408311297808552,0.0220394427590322,0.0522371937215491,0.0420488001671904,0.0935175742494991,0.069730505020471,0.2533191791547597,0.2103503563029541,0.2893090941103867,0.009749692388963,0.0198683473639262,0.0178164964130471,0.0264892243876939,0.0059215389374811,0.041744863827825,0.0193607498916645,0.0233971267046385,0.0031172220133947,0.0124847753020498,0.0112145892923293,0.0153794900245832,0.0074034102334809,0.0778390637100383,0.1182560274841779,0.1375973819350375,0.0050180577689269,0.0162791223181055,0.0119591137643673,0.017313511880753,0.0124505543052594,0.0565309359950709,0.0432738689631311,0.0687533033723224,0.011490469477511,0.1078319395215074,0.3168334020544209,0.6509903874134542,0.4859852597485247,1.143438778179113,0.6637962285672967,1.250788329355265,0.5152334959763047,0.9193493791026516,0.2800123012462875,0.9435877390497678,0.7983460346423629,1.421972536855682,0.3805346578674274,0.568468026429279,0.1415037957404779,0.2332088531001244,0.0363391077346028,0.0527087815460111,0.0023026222307122,0.0029204529310641
2025-09-26,APCP,surface,32.0,-124.75,0.1503583527253942,0.2342167173682085,0.031195394943049,0.0606747207711252,0.0335048620715238,0.0508442657398289,0.0078919503955282,0.0486284023296127,0.0339828932025426,0.0615757765397672,0.0170940880095678,0.0492157465604259,0.0363466346944411,0.0662708424305293,0.0498249592413408,0.2200587836077309,0.196923050715874,0.3301183003447284,0.0668191582057358,0.141727281337776,0.0497720909824459,0.0856999747452161,0.0520264660292586,0.1547783742632061,0.150497230983425,0.2444060670054555,0.0860702265156018,0.4442254768804695,0.6760233678426704,1.2213117467938412,0.5123854514879755,1.1540030683754026,0.5329695233465672,0.9584003916969528,0.4139643689631264,0.6839449724720594,0.2032143861793211,0.6674716730394109,0.7057178545645928,1.191749013373228,0.2591315587741912,0.4170936889883295,0.1291486082151367,0.2400567759220151,0.1063410499169692,0.1974638677102345,0.065331809371799,0.1257670223439022,0.0398341439329924,0.1343712802162855,0.0708323342364412,0.1110751732232005,0.0077445634194544,0.0080625303193046,0.0012993315231378,0.0014896482535705
2025-09-27,APCP,surface,32.0,-124.75,0.0309148801981925,0.0476060317837398,0.0130352108413266,0.0486682485212306,0.0351199022346495,0.056660957222016,0.0608077066851386,0.1961764400909513,0.1302879703209907,0.2017830830115641,0.0467273570274687,0.0942031930939186,0.0657258026045496,0.1038452752401971,0.0501583956585153,0.1306407995175559,0.0945759299244287,0.1321571789502304,0.0044607701233175,0.0108955723617073,0.0699845886790311,0.303271372418454,0.4044151203903934,0.8078381735910657,0.5152953023987574,1.0665360914328663,0.3716148528554905,0.5668103188603946,0.0766270206516283,0.1389048190274493,0.0597214507152702,0.3109114977111054,0.2625555033892562,0.394524938916974,0.1122265374430389,0.2272175940236412,0.1129207587255804,0.2381160450457811,0.1225940065299296,0.2562475024263471,0.1241350942939361,0.2720958436655789,0.2162166867809269,0.5629067262067102,0.4142556457274099,0.8238849851655576,0.3368292269690531,0.6207327580652866,0.282705466424155,0.5402695092632258,0.1956191509349117,0.3557103115948694,0.0968600001085258,0.1438632807514551,0.0271132625258937,0.0538225760515028
2025-09-28,APCP,surface,32.0,-124.75,0.2188661421496837,0.330884509333478,0.0819742883546248,0.171001806301197,0.078414783916015,0.1099485940939303,0.0545248755998675,0.1306561992249935,0.0734723106936077,0.1112051596813374,0.0032385229380901,0.0065505428041831,0.0109759182761165,0.0971239483481627,0.2209352994108408,0.6266325004256535,0.5238646737563407,0.9764973704981704,0.3764603436713852,0.6393175721415756,0.1808749988728569,0.3220810228987472,0.0617159569799476,0.1025956198486916,0.0503316837758911,0.1187122001548109,0.1529935369190836,0.3726745767772622,0.215951773059139,0.4049207569897349,0.1628072290273584,0.3371878290333284,0.1859298190079372,0.347459947445088,0.1560656849843472,0.2978979589936897,0.1635849540145558,0.3763716172429846,0.1344449741254163,0.3618402962014448,0.2973630206689032,0.5052170301384873,0.2955596853644315,0.6312763016563079,0.3717996069780008,0.6530099767500653,0.3184494812326511,0.6562045896404356,0.2254737423829007,0.3798454771241351,0.1098721781811688,0.1771945558535497,0.0489019049941518,0.1010039437078143,0.0517036048367205,0.1117285258696391
2025-09-29,APCP,surface,32.0,-124.75,0.1200159018290781,0.1598472396707933,0.008569096520674,0.0280593395407009,0.1854144768311638,0.7764733517655368,0.5777228630529941,0.9722517164292211,0.4970436413659148,0.8731862439137423,0.2813324662485088,0.63184273110679,0.3005354049627645,0.455964259859372,0.0841423937403139,0.179106572412178,0.0943578806158111,0.199756271208294,0.1596441789771322,0.3234510625812841,0.1680166794077627,0.3682030551753708,0.14359051460094,0.2751999650592662,0.0769251453334013,0.1194665201667934,0.0329511809928692,0.0716853126976537,0.0640366542014867,0.139793022065831,0.0527014009330248,0.1165980929268455,0.0786363770305065,0.1993254560978417,0.1206005334364975,0.2967274703972639,0.2915600078377547,0.5918911887555162,0.2405858866085003,0.4265958699647286,0.0512004498729599,0.076780032979009,0.0022083851604175,0.0022083851604175,0.0,0.0014695810380331,0.0012586143422066,0.002450513730244,0.0013364709599803,0.0014418454565269,0.0017670550436239,0.006841108975378,0.0108254023543193,0.0222041986063905,0.0057118160160945,0.0143594498083947
2025-09-30,APCP,surface,32.0,-124.75,0.6474848025560214,1.1541782692510063,0.3598482192543729,0.7764352965506226,0.3425952402741127,0.507491663658055,0.1161318811764099,0.2529091222797686,0.0847966476513751,0.1422628359786167,0.06430530033271,0.1395848072532202,0.0883574391467476,0.1698653550838446,0.0679113763763921,0.1301394919869053,0.0538953513934231,0.0892236063979496,0.0312125741781965,0.063201235151582,0.030732938340395,0.0704491894687404,0.0554372357015811,0.126924330580131,0.1097371911980965,0.3290107797679874,0.2412656534109587,0.5159982674164842,0.3053647481237458,0.6082723151918855,0.3529725875123777,0.6830109788690151,0.1780938946902298,0.337777369514886,0.0952324984046612,0.1098086420263473,0.0005112729449105,0.0024338898959795,0.0006419006226943,0.0041863772134239,0.0049580511868992,0.0101068449250547,0.0045988522088623,0.0156137158344203,0.0123869533182388,0.0229156507408671,0.0067729432474085,0.014751484015128,0.0094227270775553,0.0188495424540874,0.0115114762411222,0.0354102875323368,0.0388878704893907,0.0669640599848731,0.0143339025289324,0.0411767081076354
2025-10-01,APCP,surface,32.0,-124.75,0.1021651318796387,0.1592795568384598,0.0638835063128727,0.1561160036405321,0.1165760738664051,0.2255488662494383,0.0834253404870286,0.1501560354255871,0.0451604589364899,0.0730306128976267,0.0251110580127915,0.0606357998859822,0.0547642147163372,0.1039916608406483,0.0764350389727412,0.1970695700684928,0.2042504646506948,0.5762129490331199,0.420036490021194,0.8707067169748014,0.4699303820041998,0.8575573091695476,0.2825176997172958,0.5508161629325219,0.1929551670056788,0.3135795735542667,0.120342374608649,0.1770847481443555,0.0111158001748982,0.0159076643674511,0.0019456012496399,0.0046066532453623,0.0012899927044016,0.0023009718592597,0.0015766575139243,0.0038088257268941,0.0028423770952719,0.0096585457409335,0.0048882742584227,0.0109115585705676,0.0086693190895846,0.0211196768697987,0.0200207056917313,0.0625555534151789,0.0518495602760237,0.0899491862847535,0.0205884072891987,0.0459550199746529,0.02004497589713,0.029128888208769,0.0064780309560783,0.0153434937902533,0.0076112430110579,0.0135690385246051,0.0029403854689935,0.0237926850866474
2025-10-02,APCP,surface,32.0,-124.75,0.026144525683992,0.045334218933859,0.0189631079891658,0.0509224175370034,0.0529089046023657,0.1278629126312258,0.147437627935776,0.4400282334571542,0.602891986240795,1.3359954269054657,0.5558719050334266,0.9402706834129848,0.3517996759781208,0.6416275026506614,0.288969447030947,0.5279646346135367,0.1342136577828125,0.2578776805168042,0.1862345247776629,0.3165187533101433,0.0199143023321063,0.0264626648033088,0.0013278357527776,0.0052120355458546,0.0053192732348284,0.0136401761302464,0.0075114021101697,0.0175350578487476,0.0105255641415918,0.0224825504099871,0.0067049720857287,0.0139262528686544,0.0080169205606391,0.0243034468294218,0.0354735608668188,0.1119314361195667,0.0717939532200628,0.1232383680683386,0.0412870622203518,0.1196327672856984,0.059566724241733,0.0746842862099793,0.0059970050152583,0.0138686239917207,0.0070704079590295,0.0119019365413866,0.0085873865232465,0.0203607246781571,0.0107808985130453,0.0193138379085023,0.0180606693355387,0.0462989595796803,0.0240787312644407,0.0365133277035824,0.0028572314091533,0.0059172383295503
2025-10-03,APCP,surface,32.0,-124.75,0.3936742724594866,0.9372886992082832,0.5054526815267936,0.9003084217373779,0.3886277402563425,0.7350217926179329,0.3525028104568122,0.645106347441387,0.1906667491836621,0.3947510597507748,0.2038748819835524,0.3049445331058883,0.0518023214604427,0.0654709749479062,0.0032226776486637,0.0100699551731516,0.0093071334828796,0.0229741921918055,0.0149788288038987,0.0352137264025201,0.0210802468973453,0.0375891377769208,0.0080609365831001,0.0145750196293277,0.0041216027523428,0.0121767188816473,0.0171938309380615,0.0460764765370657,0.0409036547787975,0.0703518185336482,0.0216712427067029,0.0464611042368261,0.0367514670568961,0.0528203388100252,0.0124150277201126,0.0322034403217764,0.0190854899227901,0.0225098129550644,0.0013176380180678,0.02354845837041,0.038158786214797,0.0517913274079237,0.0066067162286838,0.0103515712094698,0.00035986421444,0.0005686315972809,0.0,0.0,0.0,0.0,0.0,7.041285965142112e-05,0.0014406476030542,0.0079963130133274,0.0100806869115208,0.0244293088470163
2025-10-04,APCP,surface,32.0,-124.75,0.095740846647358,0.1911485145451506,0.157497915291208,0.2512152706097124,0.0533081597939019,0.0739311235854923,0.0066971183849565,0.0128929075681121,0.0079516168832321,0.0179898829252856,0.0100745165321462,0.0244451465124504,0.017318161402386,0.0320142479290425,0.0081760411708443,0.0172614143963415,0.0045350772944538,0.0098944230465158,0.0098036436971228,0.0256763719460867,0.0132063340409822,0.0204343696542801,0.0024244881671582,0.0048930071941675,0.0008709229315473,0.0012199317156318,0.0006657205805629,0.0023474518235189,0.0021741396361187,0.003401870491818,0.0001404262066248,0.0002768100695211,3.307251127387237e-05,0.0001719172905231,0.0004863582203123,0.00104193544762,0.000451092501565,0.0011108497107294,3.3617964613337096e-05,3.3617964613337096e-05,6.972317929621448e-05,0.0002089694514853,0.0005931386245328,0.0023373808754226,0.0022309378983064,0.0041116345061768,0.0008383794521753,0.0022280808121448,0.0021551628243633,0.0038208124297656,0.0011954152241399,0.0112861846427931,0.0094461297553805,0.0159927324919263,0.0052601415214044,0.0155448921135216
2025-10-05,APCP,surface,32.0,-124.75,0.0025966357973025,0.0064017495119676,0.0037340417720626,0.0130547284364529,0.0188604874305785,0.0342837471056635,0.0085220415826427,0.0160790746539344,0.0094529179374949,0.0176118249308574,0.0093875127105681,0.0211553858910112,0.0095623934460036,0.0135800153590038,0.0008081230702425,0.0012296197241223,0.0,0.0,0.0,6.982256038999483e-05,6.982256038999483e-05,0.0001047835311318,0.0,0.0,0.0,0.0,0.0,0.0006647314408262,0.0010115248147863,0.0022962546191024,0.0005910523635588,0.0014242190796816,0.0010414533405402,0.0022128443048993,0.0005162078774907,0.0028600748605459,0.0026704312577809,0.0058168782469641,0.0008584043009097,0.0020942691069014,0.0006488849543071,0.0012650956131688,0.001175572914744,0.0119207438054887,0.0202608693798404,0.0462140711648019,0.0437965907658344,0.0948554966001738,0.075004167657384,0.2227201799026025,0.354893942284478,0.6581123526470978,0.1760433702598343,0.3013064645800931,0.0873635586861588,0.1836998733591145
2025-10-06,APCP,surface,32.0,-124.75,0.0049303502357572,0.0099581166955691,0.0076009605124615,0.0155143871344535,0.0070994059206871,0.0117507907705678,0.0017490653663491,0.0041611767284813,0.0022105899687048,0.0032982053815149,0.0013297610127727,0.0037435604278391,0.0017141256050679,0.0027597427311656,0.0003131533875564,0.00055658293575,0.0004524997029472,0.0009048947381562,0.0002776895584985,0.0014954879446147,0.0014578962646832,0.0031235102404755,0.0013338884552542,0.0044173301745432,0.001914795069305,0.003132701052567,0.0029158855558727,0.0102737285505041,0.0134122103952244,0.0289815133076019,0.0163466545386815,0.0518655190823308,0.0150650465665897,0.023032338261654,0.0076641784412466,0.0450673260275684,0.1599088075316218,0.3526207242157441,0.2273710288917566,0.4070522872265618,0.1337069404202316,0.229429713030025,0.1093597785804018,0.4075233503662354,0.5029920449138675,0.8062610953854434,0.1140025422114014,0.2921027968096631,0.1406284694771453,0.2222705011090617,0.0459408420780048,0.0642382543718564,0.0046237991871068,0.0050998199841823,0.000376141692619,0.0004101845706397
2025-10-07,APCP,surface,32.0,-124.75,0.0003145433864924,0.0006283758689419,0.000417915703116,0.0011156284846937,0.0004201106965852,0.0008386339479619,3.3617964613337096e-05,0.0001364483706616,0.0,0.0001056679808002,0.0001760808404517,0.0004924984825025,0.0003862402024408,0.0009810082467769,0.0003113596369285,0.0011043517556039,0.0008565455163744,0.004093006398327,0.0104765892257752,0.0304769428725369,0.0228197757622945,0.0545379372266283,0.0271703862652283,0.0812884987452491,0.0830169414619635,0.1514168841124738,0.0507051541387836,0.1079258298139641,0.1761067282611997,0.5119731922286131,0.3457672038130049,0.664248284181188,0.2475429195550262,0.3882481243616059,0.1376963422038182,0.291443495915186,0.1057779564833796,0.2249242258099973,0.107857717543813,0.2581889574698183,0.0867716813909787,0.1253240195583853,0.0109560804506447,0.015960257796403,0.0023422112039028,0.0060492667730056,0.0041289214083245,0.0047858199101009,0.0005558877842176,0.0032217238043759,0.0034385192165416,0.0083340149378887,0.0068389986971813,0.011190649111944,0.0004874401140886,0.0013185010092831
2025-10-08,APCP,surface,32.0,-124.75,0.0003102896996572,0.0009988493723007,0.001308202293175,0.0040405650245427,0.0043610453930191,0.0093006766156271,0.0042793456616196,0.0090268403865607,0.0071397390564456,0.0243820073684793,0.0218419288692623,0.0574625896200748,0.0479002064200229,0.10795862265867,0.0564761433032247,0.1348821764250704,0.1491247999140961,0.3596163569024463,0.2220614146281362,0.3431354485760302,0.0875684906435566,0.3957660812928317,0.4851006922860695,0.8351211492876692,0.2268918272132637,0.4308653560625923,0.2944468798411994,0.5044067859394841,0.1343309877912825,0.2726978958069484,0.1475689804363973,0.3692315421115766,0.1415195651077711,0.2073592667433614,0.0383905476333866,0.0543220503944438,0.0040344344802589,0.0106779169822638,0.0101676198145243,0.0149397959356911,0.003111800611858,0.0078990695955537,0.0134262559646739,0.0365854397446766,0.0282200033553439,0.0698883224577758,0.0794112176985271,0.2478141077706215,0.2252395167126765,0.5215553794646924,0.2517502898686022,0.4950474676015363,0.1497886984417469,0.1964008060416098,0.0139334688447347,0.0190520659925404
2025-10-09,APCP,surface,32.0,-124.75,0.0155820475341125,0.040371306186933,0.039694018638748,0.1046508853482539,0.0940841679040873,0.1760100736059894,0.0876570072231998,0.191447508830277,0.10677866142548,0.2391174846473943,0.1529743010744721,0.2972312914662673,0.2486906806067593,0.5668821662721562,0.3041084158140807,0.5151603815368473,0.1844552134088234,0.3455296588940238,0.1116125440255226,0.2063854544333469,0.1068890034470482,0.2202971443871668,0.1973466214359496,0.5554885850544338,0.1901098805330516,0.3028921509701506,0.0909064735543732,0.1233919020834597,0.0046565816316413,0.0132496375880912,0.0041007900747104,0.0058112124406871,0.001559254449423,0.0037799698139413,0.0050296057228314,0.0257138808699109,0.0532550048640128,0.1471710375153368,0.1707172926574016,0.504697972677967,0.4840325135600855,1.1603610234907606,0.8350022678182343,1.7077935003411595,0.7843082560702668,1.3562252489089952,0.5406359608107595,1.0308597689770975,0.3532501506585585,0.4670827923406618,0.0477672676129065,0.0602555807405184,0.0350148543958268,0.0970836174518537,0.1464967323924998,0.3060580312958091
2025-10-10,APCP,surface,32.0,-124.75,0.1787602354585256,0.3265592739287728,0.1620416489979383,0.3523532201852122,0.2549002817200734,0.5670907768503297,0.2777999944934075,0.4620601634000431,0.1990064657822637,0.4811685007730737,0.1414935962630901,0.2469489121535881,0.058218434335315,0.1054772869201433,0.1024144998834078,0.2558123308490808,0.1063389941038337,0.1512906390143126,0.0056722801569772,0.0079976565834937,0.0052299709812141,0.0134285390924616,0.0020706785934643,0.0032192551048703,0.0001410204845954,0.0011572982880354,0.0007086540254667,0.0067778990706944,0.0197396101380584,0.058769048210441,0.1436821645471049,0.4167300513615414,0.4036861141042016,1.0217082535412758,0.9094049760126148,2.0501235637392763,1.2487669894695328,2.4678048086918976,1.04319132487338,1.958877382370664,0.7555711279965135,1.462440556896726,0.6360657587374439,1.1551041673874287,0.3462470665272337,0.6010170669453323,0.2463916205995125,0.535930581834707,0.3367773771639678,0.6204510501579891,0.1914986316673757,0.3810681745638578,0.2012657597737915,0.349370721831476,0.1510569538417478,0.2843111009931254
2025-10-11,APCP,surface,32.0,-124.75,0.5319374737948803,0.8546724114509596,0.1279695081006328,0.1843757805902008,0.034542460176549,0.0686449001685129,0.0982493256292469,0.2506097690792871,0.0391256700042626,0.0436521459911488,0.0038266498374436,0.009013745139458,0.0043144409471346,0.0070427016895339,0.0008096009786273,0.0028575178997103,0.0023145588753612,0.0065220390937948,0.0158332509927898,0.058534216808404,0.1546399874068151,0.4839057656417159,0.5047269832278493,1.1982692735754168,0.8804700606864628,1.8456139745693263,1.2266197307177154,2.613093088712794,1.321169990765567,2.4371232824826814,0.9528498870795472,1.709787353513409,0.661379464854913,1.2131716327783375,0.5534741715164635,1.0475812660017,0.4485638309357481,0.783013781659751,0.2416209962055767,0.3753049204894709,0.0383815647759783,0.0487903426600148,0.0060793678899668,0.0088027337003011,0.0012585207088234,0.0025828214434323,0.0001944642030484,0.0003319500301287,0.0,0.0,0.0,0.0,0.0,0.0,3.3401678364183465e-05,6.521952464423844e-05
2025-10-12,APCP,surface,32.0,-124.75,0.0461029728310363,0.0739842672304591,0.0143890537746606,0.0329354406454311,0.0058180936410349,0.0149187006311991,0.0030507691739847,0.0067041430163845,0.0077738496288366,0.0277203507433016,0.0401670266752557,0.1245534423688985,0.2634435111426253,0.7937904544996596,0.7151141866525673,1.6156088246348614,1.0081479346658249,2.1084519505528023,1.179180832229286,2.504520511786658,1.2386663971595393,2.274056993666202,0.7495170338554814,1.364748696371811,0.5332842641374329,0.9409587357365576,0.3153813696085175,0.6198845243479947,0.2454076305104774,0.3806032007472955,0.087970009554106,0.1383631514932001,0.0175954511644102,0.0219501954140998,0.000916916733644,0.0021291632946102,0.0015405842297781,0.0039694324256324,0.0004169884610609,0.0006966353712084,0.000349195583843,0.0015320139169235,0.0007345460235955,0.0019956597880915,0.000808912125642,0.0010549155737308,6.479468419166737e-05,6.479468419166737e-05,0.0,0.0,0.0,0.0,0.0,0.0,0.0,0.0
2025-10-13,APCP,surface,32.0,-124.75,0.0175512024147335,0.0454065668711926,0.033694187747037,0.1239463615550607,0.2867315827693997,0.7481150176280825,0.6402426928644087,1.5002878277773897,0.946246242314345,1.9598803654643808,1.0693093514030263,2.2614500597138525,1.3208594526775033,2.6652985776744713,0.9949077182675408,1.7461183446319342,0.7132103562091666,1.2747310679121389,0.4179139115048241,0.7402714061894229,0.1678834076286247,0.2721387609272751,0.0833092896402013,0.1389285390038931,0.0207391086294233,0.0278452069875509,0.0012668969537138,0.0030000110808773,9.450767582250116e-05,0.0008083084968306,6.558640589511811e-05,0.0004398985263307,0.000175199055384,0.0006674033874796,7.051024229774461e-05,0.0005955248120514,0.0011761381696939,0.0022935604081104,0.0002040327475622,0.0003720537018885,0.0,0.0,0.0,7.021742620142144e-05,3.5255121148872307e-05,7.041285965142112e-05,0.0,3.284993395595321e-05,0.0,7.051024229774461e-05,0.000207037773884,0.0167773649932395,0.1312448165934606,0.3991585582498546,0.1933501496162347,0.3380465797226697
2025-10-14,APCP,surface,32.0,-124.75,0.8425694219231872,1.745481003064567,1.0057072128520308,2.1254518466180015,1.2307081491058818,2.4067479551024933,0.8791765644087157,1.5604797899241154,0.6480024854374598,1.2303359995979173,0.4067582511865488,0.6999217093336644,0.1975024864190719,0.3033413348710466,0.0796158748693374,0.1836667898306478,0.0411058324061267,0.0669086390636826,0.0017002608678093,0.0021741450480888,0.0,0.0004807487406584,0.0001987535967232,0.0010295715350881,0.0,3.329258548880218e-05,6.819037615924791e-05,0.000682316801614,0.0008000215479593,0.0012557808565178,0.0002331271805049,0.0002993825541645,0.0,0.0,0.0,0.0,0.0,0.0,0.0001315100914298,0.0001315100914298,0.0,0.0,7.02160918907599e-05,0.0017848120475052,0.041247401473232,0.1801531775540829,0.1041886131770793,0.222085629214231,0.1518014550132697,0.3249112280495723,0.1094874906466979,0.2237006026412808,0.1253610034084336,0.273564618783168,0.2291394055377426,0.568735830525072
2025-10-15,APCP,surface,32.0,-124.75,0.6105246303715036,1.1244431809225186,0.3485510222137691,0.6896098595700284,0.28677580382843,0.4624888946883406,0.1992575640816052,0.4229898683917772,0.1657441483403365,0.2222768897677299,0.015562119726971,0.0169271364687138,0.0001578943170659,0.0009222200625973,0.0001323263625413,0.0007360063416706,3.27377122440834e-05,3.27377122440834e-05,0.0,0.0003107233901965,0.0005569692228104,0.0011891154906938,3.262487151167023e-05,3.262487151167023e-05,0.0,7.001932815065606e-05,0.0001409231019491,0.0002465910827494,0.0001379782430773,0.0003416377276399,0.0,3.262487151167023e-05,0.0,0.0,0.0001646819180567,0.043448883359653,0.1806074455602661,0.3562082995446015,0.1504352022080662,0.2952629544096074,0.0850767267427067,0.1370943819159318,0.0547427799717422,0.0845540902067897,0.0281891437427785,0.0590564810293278,0.0338449399327123,0.0620452379969561,0.005971589928817,0.0072378179404404,0.0001409231019491,0.0004188031965588,3.0859550786033146e-05,0.0018868120825387,0.000650481077904,0.00068134062869
2025-10-16,APCP,surface,32.0,-124.75,0.176955543250309,0.288478419568848,0.0554194103766727,0.0769074875774186,0.004625565417639,0.0052935408076224,0.0003476211816401,0.0012436990029404,0.0,0.0,0.0,0.0,6.982256038999483e-05,0.0004213926157873,0.0,0.0,3.5255121148872307e-05,0.0002075616215098,0.000135959692236,0.0004769051080533,0.0001026504395246,0.0001026504395246,0.0,0.0,0.0,0.0,0.0,0.0022250533437025,0.0399632526992277,0.0634518975259428,0.0137667285171481,0.0331472783916852,0.0357793127581579,0.0673893420454316,0.0125862297364958,0.0227011368724751,0.0016066461286111,0.0017387780898346,0.0,0.0,0.0,0.0001056679808002,6.90169465651517e-05,0.0008324453387199,0.0019195976108424,0.0032139829305415,0.0005965956620168,0.0012279415721878,0.0008433848468376,0.0013367617776291,0.000176178223098,0.001325418213643,0.0046935240406497,0.0089191976678947,0.0012745825609135,0.0085939223713043
2025-10-17,APCP,surface,32.0,-124.75,0.0,0.0,0.0,0.0,0.0,0.0002113359616005,0.0,0.0,0.0,0.0,0.0001018121940974,0.0003733092340375,0.0002044639266226,0.0002044639266226,0.0,0.0,0.0,0.0,0.0,0.0005277216601978,0.0149372078866955,0.018485591677122,0.0,0.0,0.0,0.0008844709847623,0.0016138337281028,0.0025803698225265,0.000523011951808,0.0006282890657083,3.486158964810724e-05,0.0001045841068364,0.0006674961070777,0.0024570803481612,0.0004557619731593,0.002070139181238,0.0050034190868131,0.0094076676871287,0.0026587853496654,0.008233613637878,0.0133051562629879,0.0312943763384268,0.0194783688977109,0.0368441870800857,0.0048461355825295,0.0081084865342958,0.0004624868559893,0.000594876578504,0.0,0.0,0.0,0.0,0.0,0.0001695100565373,0.0,0.0003720774114356
2025-10-18,APCP,surface,32.0,-124.75,0.0,0.0001257316049041,0.0,0.0005069178623104,0.0004405470867023,0.0004405470867023,0.0,0.0,0.0,0.0,0.0,0.0047950703215515,0.0330323672405775,0.0398231876162351,0.0050399629541425,0.0159211795309764,0.0165095530970862,0.0192690981281677,0.003319526024022,0.0055749552814992,0.0022732975640873,0.003186212151198,0.0001056679808002,0.0001760808404517,7.051024229774461e-05,0.0001410204845954,0.0,0.0010808081750537,0.001539473859758,0.0024166861734832,0.0002465910827494,0.0023215639733211,0.0073902837470585,0.0200859217006154,0.0230052915478375,0.0550793044388504,0.0273914057421343,0.0493366785358793,0.0104403054621205,0.0181942981543959,0.00753819748199,0.0081682091800025,0.0,0.0,0.0001753958231447,0.0002811611865913,0.0,0.0,0.0,0.0,0.0,0.0,0.0099796895848265,0.1676206371744608,0.4294469874456705,0.9867133848396696
2025-10-19,APCP,surface,32.0,-124.75,0.0,0.0002033066637808,0.0002377718863334,0.005166573022501,0.0202134651100537,0.0252031913160507,0.0057825393900415,0.0183697272774593,0.0027628929006714,0.0040601864568344,0.0014159113721558,0.0022695368565582,0.000693176353237,0.000974534307589,0.0,0.0,7.051024229774461e-05,0.0002820409691909,0.0001410204845954,0.0008772619335456,0.00097769203129,0.0016793580856588,0.0002806716027343,0.0013633459353602,0.0035183281915569,0.0087004995837621,0.0078374301956476,0.0222427759421467,0.025712576709049,0.0570806401958605,0.0317808488069652,0.078437636944395,0.0372353347102431,0.0478881930048707,0.0019491859278586,0.0023305919991785,6.99219414837752e-05,0.0006311644355686,0.0001409231019491,0.0001738846363326,0.0,0.0,0.0,0.0,0.0014230676430096,0.0263012282571949,0.1468162680885155,0.4296860591632875,0.2339735453848449,0.3593581049024995,0.1401702688744943,0.372507458943471,0.1937016417563791,0.3157099807695219,0.066012165180382,0.1208997600838167
2025-10-20,APCP,surface,32.0,-124.75,0.0071106470262092,0.0099774152591141,0.0011119215298691,0.001371882326141,0.000189357441629,0.0004291344514095,0.0,0.0,0.0,0.0001406302858528,0.0,0.0002450196213471,0.0007648428439281,0.0010769892090819,0.0,0.0,0.0006591397823202,0.0033204493030656,0.0143130151002825,0.0385530663871811,0.0283899167351325,0.0601681402459697,0.0373804693995965,0.0942275756970036,0.0421247792040131,0.0718921835544294,0.0166661770301745,0.0220847516272203,0.0023002381457627,0.0035997831380776,0.0,0.0,0.0,0.0,0.0,0.0,0.0,0.0007717324636656,0.0385626605296629,0.2855309772666715,0.4416142822913999,0.8126414832673722,0.2977762006605792,0.5250147314206992,0.1232917452452582,0.2167560381834933,0.1912727236889469,0.3630682884761876,0.1410032265850355,0.1988312700996721,0.0385216522379925,0.0572641608528451,0.0129797247547696,0.0214822671695562,0.026008047209883,0.1078178900545681
2025-10-21,APCP,surface,32.0,-124.75,3.505968769887263e-05,0.0004571439762393,3.515773850254881e-05,0.0002812605717056,0.0007288477193278,0.0013898354309881,0.0001049816291826,0.0022646594205017,0.0050443035681911,0.0194135280306852,0.0208464850669236,0.0575956504998772,0.0676711729988614,0.1406376694380763,0.0694003717821482,0.1702656366595899,0.0902057648737167,0.1349866961639204,0.0252340908812087,0.0346632218848509,0.0033746607671266,0.0041842605746764,0.0,0.0,0.0,0.0,0.0,0.0,0.0,3.0859550786033146e-05,3.0859550786033146e-05,0.0147315679318691,0.2201656446742782,0.6255308813969325,0.4078765366116045,0.7264394845131695,0.3618271924517326,0.6316914211590988,0.2443326356471382,0.4545949741708734,0.1612856974829201,0.2706185986319661,0.0820537378793322,0.1560764228204974,0.089526082055183,0.2469087495707984,0.1797949479596945,0.2909066599976,0.0659512183256529,0.1384193728275744,0.0782702149610264,0.1339522419663067,0.0195252516346826,0.0276533596512533,0.0026170880341806,0.0027758058228347
2025-10-22,APCP,surface,32.0,-124.75,0.0151922190501377,0.0387146467853344,0.0316701315368239,0.0636553652749564,0.0490012549775525,0.1183558950333867,0.0683253174084993,0.165753348827835,0.1160155125073626,0.1764644022645718,0.0321080657617744,0.0415245015115545,0.0031796463675256,0.0044599355607052,0.0,9.885481927529852e-05,0.0,0.0,0.0,0.0,0.0001858860492533,0.0012114027092479,0.0042650700597312,0.0858700799029346,0.283795484667892,0.766711592742385,0.684925046511359,1.325257171194494,0.5704604895282437,1.101252730011781,0.4612584774625919,0.8278843305666388,0.2433646347913637,0.452243426353848,0.1824877528989322,0.2758804055737524,0.08882626716743,0.2791882844107354,0.2111132886440123,0.364415708429021,0.1164672407665561,0.2259730226174562,0.0703946475977535,0.1059192621905661,0.0392240454999901,0.081039637665822,0.019285937304526,0.0312627813943532,0.0062280701966983,0.0120805646849936,0.0053988510863518,0.0079078974880611,0.0038279389651466,0.0075260760712154,0.0004437843757808,0.0006851961539035
2025-10-23,APCP,surface,32.0,-124.75,0.1250066223474092,0.1767444530468387,0.0286366491914855,0.0486733614523426,0.0167757314281495,0.0192053406012792,0.0001057653634466,0.0002047286431621,0.0,0.0,0.0,9.257865235809945e-05,0.000495212055387,0.002074396970115,0.0040235309508301,0.0376408985993694,0.1078402811487114,0.318860043758071,0.2449117957274835,0.4493031412750376,0.1510737071931677,0.3621045737315668,0.2675733086784502,0.4143411589328558,0.0804649015781202,0.1340422232759115,0.0463600599389182,0.1790651053204192,0.2687465206243859,0.5768458856622907,0.2493004969160001,0.3918442423836816,0.1170432812877213,0.1840836958919609,0.0336380987918653,0.0688538442738203,0.019857314870233,0.0379609453861695,0.0137347109609234,0.0178154748936771,0.0011732721649062,0.0012041317156922,0.0,0.0,0.0,0.0,0.0,0.0,0.0,0.0,0.0,0.0004680630254645,0.0013434927177769,0.0057498874611609,0.0042378373696155,0.0087090407591937
2025-10-24,APCP,surface,32.0,-124.75,0.0,0.0,0.0,0.0,0.0001980998538905,0.0002970445152807,0.0070378344252491,0.0944384266847889,0.2253310324250858,0.4319701143580644,0.167995084512956,0.3032598279951587,0.1742661187440994,0.5352188976293535,0.3279300805731109,0.5465934556499924,0.1205530375059965,0.17902885940364,0.0381308671287149,0.061709910216487,0.0799070092099831,0.1980562992159961,0.1503162820114992,0.2997209761055155,0.0884545831295082,0.1193930207330607,0.0087818566637022,0.0145111898345126,0.0038172712645085,0.0105856388917852,0.0348890583151302,0.0545936970885901,0.0267582273451272,0.0870095115294039,0.0947488177849242,0.130850499450827,0.0063763401897337,0.009912329692088,0.0033092587787752,0.0051056690707614,0.0,0.0004939965065913,0.041943665709993,0.0793573304868457,0.0115869655936928,0.016830512981447,0.004268114486026,0.0049799508782161,0.0,0.0,0.0,0.0,0.0,0.0,0.0,0.0
2025-10-25,APCP,surface,32.0,-124.75,0.1647099974885765,0.3172401741355419,0.1789272114153622,0.3344111363960819,0.1630717208712797,0.4478926890127703,0.2449944213946393,0.4161804099736246,0.1022110402133649,0.1551972773326815,0.0632430202680661,0.2505198101537438,0.3751771345557165,0.8187531512856329,0.3889121210413894,0.6531868727173501,0.1294837948548784,0.1798067617339333,0.0208813829239251,0.0309924205062664,0.005119984653863,0.0070619767516916,3.455948189687557e-05,3.455948189687557e-05,0.0,0.0,0.0,9.270049936549926e-05,0.0002165036597607,0.0002783446083402,0.0,0.0,0.0,0.0,0.0,0.0,0.0001976557375146,0.0007814082059363,0.0033877584433577,0.0070264944940455,0.0016523105635728,0.0022892447213671,0.0007660403568437,0.0034620117190364,0.0016135743037675,0.0018541592262991,0.0,0.0,0.0,0.0,0.0,0.0,0.0,0.0,0.0,0.0
2025-10-26,APCP,surface,32.0,-124.75,0.1028792311553705,0.1547414807349749,0.0875180393667062,0.4315528507280095,0.527025672946342,1.1612351089232102,0.5753360020849794,0.8880783454402457,0.1634018487540538,0.2557473498936665,0.0497285329715939,0.0679900066278225,0.0049508878002783,0.0060230590475,3.1581827956578834e-05,3.1581827956578834e-05,0.0,0.0,0.0,0.0,0.0,0.0,0.0,0.0,0.0,0.0,0.0010201911297369,0.0019806056974984,0.0,0.0,0.0,3.205146254693157e-05,0.0,0.0,0.0,0.0,0.0,0.0,0.0,0.0,0.0,0.0,0.0,0.0,0.0,0.0,0.0,0.0,0.0,0.0,0.0,0.0,0.0,0.0,0.0,0.0002196412049812
2025-10-27,APCP,surface,32.0,-124.75,0.2425063417587593,0.3484928358473402,0.0449857215056107,0.0640156085136641,0.0067399452480363,0.0090713525925928,0.000126089503779,0.000126089503779,0.0,0.0,0.0,0.0,0.0,0.0,0.0,0.0,0.0,0.0,6.184094857946612e-05,9.294360960924809e-05,0.0,0.0,0.0,3.205146254693157e-05,3.5255121148872307e-05,7.051024229774461e-05,6.46800000910052e-05,0.0001291300221255,0.0002907554805277,0.0008125678669679,0.0003635744186746,0.0006283733315234,9.910655693119263e-05,0.000262994815011,3.307251127387237e-05,3.307251127387237e-05,0.0,0.0,0.0,0.0,0.0,0.0,0.0,3.0859550786033146e-05,0.0001852791517235,0.0002469982532956,0.0001235600501515,0.0005562024124219,0.0005563242594293,0.0009287044254309,0.0006917065202473,0.0015760990707083,0.0065737725480101,0.0131926548884416,0.0044373749355267,0.0089214595073259
2025-10-28,APCP,surface,32.0,-124.75,0.0,0.0,0.0,0.0,9.257865235809945e-05,9.257865235809945e-05,0.0,0.0,0.0,0.0,3.0859550786033146e-05,0.0002473632105468,0.0,0.0,0.0,9.4738315561575e-05,0.0,0.0,6.46800000910052e-05,0.0001611814846724,0.0001951542003369,0.0003606264820395,3.307251127387237e-05,6.625537365960533e-05,0.0001562361901885,0.0002813685397306,3.307251127387237e-05,3.307251127387237e-05,0.0,0.0,0.0,0.0,0.0,0.0,0.0,0.0,0.0,0.0,0.0,0.0,0.0,6.184094857946612e-05,0.0118336995697135,0.0386758208491912,0.0299045445073673,0.0419272443050927,0.0005880320642526,0.0009606334571994,0.0,0.0,0.0,0.0004222810563011,0.0,0.0,0.0,6.433412054210308e-05
2025-10-29,APCP,surface,32.0,-124.75,0.0003446434406711,0.0004690488042482,0.0009302755500204,0.0015871411927971,0.0,3.0859550786033146e-05,0.0,6.33948890542533e-05,0.0,0.0,0.0,0.0,3.205146254693157e-05,0.0001302528722436,3.307251127387237e-05,3.307251127387237e-05,0.0,3.1581827956578834e-05,0.0,0.0,0.0,0.0,0.0,3.205146254693157e-05,0.0,0.0,0.0,0.0,0.0,0.0004333681782703,0.0014541650404077,0.0047928358292127,0.0015929416997873,0.0017876437259298,0.0012305519986547,0.0044811299102385,0.0079885752082795,0.0167174123481246,0.0025563789013644,0.0050168024786762,0.0035696712968411,0.0050464737251985,0.0,0.0,0.0,0.0,0.0,0.0,0.0,0.0,0.0,0.0,0.0,0.0,0.0,0.0005570530039665
2025-10-30,APCP,surface,32.0,-124.75,0.0,0.0,0.0,3.228265799517151e-05,6.42188265862896e-05,9.650148458146112e-05,3.307251127387237e-05,3.307251127387237e-05,0.0,9.57593642885158e-05,6.625537365960533e-05,6.625537365960533e-05,0.0,0.0,0.0,0.0,0.0,0.0,0.0,0.0,0.0,0.0,3.0859550786033146e-05,0.006118714506019,0.0238807116823417,0.0364594170542695,0.0043705927976671,0.0081521609580337,0.0051973743267313,0.0142456139823423,0.006144243682727,0.0096709258998469,0.0028737571601529,0.0041708362632876,0.0005279490371014,0.000633714400548,0.0,0.0,0.0,0.0016387218787679,0.0174059447178205,0.1002773456061014,0.0853114241036496,0.2160770809716674,0.1335003498980737,0.1950873646794692,0.0931495923552029,0.2960070188589049,0.1984396655684553,0.3020263963888071,0.0408598409988323,0.0424650250277356,0.0,0.0020408621383479,0.3077942424181804,1.4577685443193815
2025-10-31,APCP,surface,32.0,-124.75,0.0007115287253123,0.0010927439758193,0.0001904223213408,0.0002566776950004,0.0,3.329258548880218e-05,0.0,3.205146254693157e-05,0.0,0.0,0.0,0.0,0.0002477269978328,0.0006203479293119,0.0036462938556902,0.0401009513510005,0.0334924931296034,0.0458355094102856,0.0056991234169076,0.0083007461953285,0.0032615825718873,0.0094778697821549,0.0055316307601805,0.0087146492788885,0.0004218835299344,0.0005270619268777,0.0003872213686023,0.0004928893494025,0.0002199996948657,0.0085811662784155,0.0067218106197418,0.0640235352404258,0.0976314018548889,0.1901200087384267,0.0837582952750502,0.1836670257307248,0.089666065402149,0.1891464475221163,0.207609508692038,0.4642466509833655,0.2521198318060912,0.3844343913610983,0.1112585994905272,0.7292190591675127,1.2773094395026408,2.5393369190491644,1.296482940279036,2.576659710089147,0.994169847431976,1.8134397757185288,0.6412013692852971,1.0248785239105866,0.1977739441841089,0.2486985426345077,0.0250783875732288,0.0312319165292904
2025-11-01,APCP,surface,32.0,-124.75,0.0,0.0002107469966498,0.0001408257193028,0.0003083101843215,0.0001544196009375,0.0003396987526611,0.0016365303839479,0.035315528136756,0.0387681383364787,0.0551737069474893,0.0060985089649564,0.0081043623746045,0.0023028877645055,0.0075042729723001,0.0064949553279527,0.011134450753762,0.0011944679789332,0.0013352930300787,0.000176178223098,0.0002378973246701,0.0053723487095559,0.0093457980856445,0.0081368956190408,0.0273063823221943,0.0627226282799882,0.133471093655589,0.0572100997143589,0.1133691411411985,0.1117749029572016,0.3169935827277511,0.2952292543485373,0.5772573123366905,0.1167245780353612,0.2508302131267434,0.5084342776156844,1.5453711630317573,0.9009925056178306,1.8492697207313384,0.7999403419265955,1.4700674630046058,0.3914399132546424,0.5569240130038968,0.050955962078457,0.0706416096533733,0.0105843485628942,0.0192780354873042,0.0033596233121058,0.0204727907094919,0.2394324962634148,0.5782253825275585,0.3367272480474877,0.5485700087943711,0.0908860135570717,0.1765967727492815,0.0925650911768486,0.1581630756549714
2025-11-02,APCP,surface,32.0,-124.75,0.0253756153392875,0.044055169236537,0.0072470967231025,0.0100728189926802,0.0061060537286414,0.0155369596641773,0.0059783284522396,0.009295396405379,0.0018272965955023,0.0023180376835558,7.051024229774461e-05,0.0002111405281505,3.0859550786033146e-05,0.0010540810648334,0.0051370347531888,0.0251901173898849,0.0533086232575875,0.2159066325268949,0.2284341574515189,0.4398080997275506,0.227566061149043,0.4925182018957224,0.2347400039972933,0.555390504036432,0.3304584896717522,0.7361635488876435,0.6588170383225698,2.301730925851217,1.4896135207822263,2.4065461850892493,0.6721679992669278,1.1365029881047115,0.2824243041940858,0.4733332929690478,0.1199976368372108,0.2063892531680859,0.0270534761082616,0.0353501610044739,0.0057251125128172,0.013131285504035,0.0285453811191062,0.1205184809430297,0.2611270765524787,0.6073538318596392,0.3593214064674098,0.5329969314500647,0.0337019759042333,0.0494063940730696,0.0049615690081032,0.0066621100312511,0.0003705583034471,0.0004632588028126,3.307251127387237e-05,3.307251127387237e-05,0.0,0.0
2025-11-03,APCP,surface,32.0,-124.75,0.0019238578043006,0.0022336395786909,3.3401678364183465e-05,0.0006539409800913,0.0006938751835758,0.0028690752738896,0.0031046411302613,0.0802011280106616,0.1320819836749633,0.1978796549361963,0.0473080541419693,0.2322126885012594,0.4047764930118714,0.869636631834629,0.4228299917294346,0.7506316116441525,0.1620026511505487,0.5101975200123984,1.0638395739780653,2.702721631053356,1.3033797998371248,2.3077624447493164,0.6206411515038314,0.9691144348824416,0.1692762433948382,0.2563504987130102,0.0589081614257136,0.119797201382153,0.0207263171649115,0.0264847433055582,0.0025302106719446,0.0166049942138853,0.0840653734922649,0.3141129145237808,0.3353925907393215,0.627141308800035,0.1643693341015171,0.2309301628456792,0.0187370037876712,0.0342316326621492,0.0092971825758919,0.0102305861982118,0.0,0.0001326204704222,6.691181716855904e-05,0.0002371242730981,0.0,0.0,0.0,0.0,0.0,0.0,0.0,0.0,0.0,0.0
2025-11-04,APCP,surface,32.0,-124.75,0.168874151944298,0.3804518770828123,0.1652065704647139,0.3490433469096491,0.3015462012397912,0.6937520036553705,0.3181896488012101,0.5432997798767534,0.0468545755058884,0.2322725117359291,1.2144749045793497,2.862819973856201,1.352637814293255,2.3809684658613883,0.6730641444699232,1.147505902819436,0.2837260432359459,0.4675524554052013,0.1227543598536153,0.2065688639127959,0.0584122125750984,0.0773021309077189,0.0176675973197393,0.0815111267665812,0.1742921008981152,0.4584497702999351,0.1220235462261491,0.1924193938519021,0.0292630106339468,0.0444949757768706,0.008012229998378,0.0124212373286059,0.0019069914158231,0.0043648019705529,0.0003399424466759,0.0003399424466759,0.0,0.0,0.0,0.0,0.0,0.0,0.0,0.0,0.0,0.0,0.0,0.0,0.0,0.0,0.0,0.0,0.0,0.0,0.0,0.0
2025-11-05,APCP,surface,32.0,-124.75,0.0621728705019167,0.0726807837946573,0.3909006035679706,2.014990241928567,1.4704882189419708,2.365553938809848,0.5004102364949667,0.8714598467151844,0.2431039595583568,0.3969618917173231,0.0652888325075724,0.095676261025244,0.0127613248088452,0.0214276684329234,0.0078171312803696,0.1007050718980296,0.2860022170574212,0.5165216681316509,0.1096551390611545,0.173673006960741,0.0247435546979269,0.0289545805778108,0.0026783595507147,0.0035688863071503,3.307251127387237e-05,3.307251127387237e-05,0.0,0.0,0.0,0.0,0.0,0.0,0.0,0.0,0.0,0.0,0.0,0.0,0.0,0.0,0.0,0.0,0.0,0.0,0.0,0.0,0.0,0.0,0.0,0.0,0.0001408250511454,0.000456458292779,0.0,0.0001409231019491,0.0,0.0
2025-11-06,APCP,surface,32.0,-124.75,0.2321097335303582,0.3687939721251906,0.054033188648245,0.0784663943032435,0.0097623483302817,0.0166484849418996,0.0385911621926648,0.175055780558188,0.2388036649297536,0.5642928587764552,0.2089690215133061,0.3019098250855178,0.0195157618787374,0.0298796586948193,0.0064170726255463,0.0086545160232138,0.0001234382031441,0.0001234382031441,0.0,0.0,0.0,0.0,0.0,0.0,0.0,0.0,0.0,0.0,0.0,0.0,0.0,0.0,0.0,0.0,0.0,0.0,0.0,0.0,0.0,0.0,0.0,3.1581827956578834e-05,0.0,0.0,0.0,0.0,0.0,0.0,0.0,0.0,0.0,0.0,0.0,0.0008905549286262,0.0020414131288487,0.0027346189231171
2025-11-07,APCP,surface,32.0,-124.75,0.2985323450870421,0.5158506631992766,0.1028568016959469,0.1318591881292661,0.0216827383889561,0.0300337530014589,0.004279633805619,0.0055871039715232,3.0859550786033146e-05,3.0859550786033146e-05,0.0,0.0,0.0,0.0,0.0,0.0,0.0,0.0,0.0,0.0,0.0,0.0,0.0,0.0,0.0,0.0,0.0,0.0,0.0,0.0,0.0,0.0,0.0,0.0,0.0,0.0,0.0,0.0,0.0,0.0,0.0,0.0,0.0,0.0,0.0,0.0,0.0,0.0,3.284993395595321e-05,0.0002624874946388,0.001120529790749,0.0341272466351967,0.1393617174304152,0.3021827181053388,0.2702402765451244,0.6674088031309404
2025-11-08,APCP,surface,32.0,-124.75,0.0003645681999994,0.0004983905672701,3.393761246566983e-05,3.393761246566983e-05,6.776931607675705e-05,6.776931607675705e-05,0.0,0.0,0.0,0.0,0.0,0.0,0.0,0.0,0.0,0.0,0.0,0.0,0.0,0.0,0.0,0.0,0.0,0.0,0.0,0.0,0.0,0.0,0.0,0.0,0.0,0.0,0.0,0.0,0.0,0.0,0.0001409231019491,0.0008076368090736,0.0004558693278283,0.0009839704682989,0.0123372816557548,0.0777743679779005,0.2967133097641108,0.707181426556859,0.736982031705822,1.6909518854838872,0.8352371967003005,1.6043165683025762,0.711291225246826,1.4256441974956588,0.7301130132810405,1.6348156301717602,0.829808660872342,1.5616124773339215,0.6673722501167417,1.2308148698049155
2025-11-09,APCP,surface,32.0,-124.75,6.922032507506758e-05,0.0002077623365065,3.5255121148872307e-05,0.0001056679808002,0.0004532901068224,0.0010099691151805,0.0003130493819261,0.0003824717715508,0.0,0.0,0.0,0.0,0.0,0.0,0.0,0.0,3.1581827956578834e-05,3.1581827956578834e-05,3.146292393296116e-05,0.0001568360389526,9.390901147006485e-05,0.0001872164083653,0.0,0.0,0.0001241669476812,0.0004369041101284,3.0859550786033146e-05,3.0859550786033146e-05,0.0026349788743866,0.01440141231973,0.0496738411267385,0.1655541818592975,0.4705518136753779,1.28078547993217,0.8007433033186085,1.6126102911027944,0.7003752002194321,1.3107175830562885,0.4889616835737717,0.955652567621474,0.4414773014331443,0.7712459333272766,0.351637106503648,0.7335826458680466,0.3868698522696866,0.8521186137053635,0.6297736393738111,1.208541706866566,0.4213262320378425,0.7229737905060244,0.2543554660347835,0.3989071052086343,0.0339271177833774,0.0434104671932025,0.0011832092112576,0.0018964857450337
2025-11-10,APCP,surface,32.0,-124.75,0.0,0.0,0.0,0.0,0.0,0.0,0.0,0.0,0.0,0.0,0.0,0.0,0.0,0.0,0.0,0.0,0.0,0.0,0.0,0.0,0.0005204122522274,0.0028423408722373,0.0040940910018485,0.0107162747918104,0.0261216409686341,0.5718979928377859,1.6895024985752811,3.5022604367810155,1.9680691175969989,3.853736817805724,1.4332973249183014,2.3186386462768596,0.6686012521610677,1.2714240911029684,0.6328592944208801,1.257547644660212,0.5368692956910655,0.8232043218799916,0.1664561936044991,0.3877675738854457,0.1469424440474303,0.249808334827589,0.0998598991452081,0.1764216206982909,0.0714954362204943,0.1271952949208802,0.0311573444141809,0.0561150398403342,0.0237393610858428,0.038503801548524,0.0112670504294585,0.0262483851537276,0.0230726802950788,0.0442552871246007,0.0313498737131217,0.2206190198611635
2025-11-11,APCP,surface,32.0,-124.75,0.0,0.0,0.0,0.0,0.0,0.0,0.0,0.0,0.0,0.0,0.0001388447792492,0.0012699573556393,0.0044825936534497,0.0172339259758992,0.0114239037707049,0.021195690305734,0.0786732509800993,0.5455966290181906,0.8608062169711105,2.59663489262232,1.9449517853296785,3.8144919594898448,1.6223455834241791,3.068381747760327,1.2717644498127203,2.531720239175434,1.1997874344098305,2.3288807052279297,1.1632033417035288,2.3489943839668617,1.0063777057689494,1.863178442661992,0.7688282383796281,1.4113151017031318,0.3721639979209389,0.5735472557622552,0.1120850789821453,0.1532539528854913,0.0820490476187845,0.2165615876407133,0.1374868782989763,0.2616567909635145,0.0831687423590557,0.1376844536819813,0.0432212231946623,0.0790437511345167,0.0293804754113566,0.0678187136143213,0.0513872705065723,0.103372641993314,0.0637269595428023,0.2409498627517439,0.2948457670794195,0.5754946362213057,0.3126194773071774,0.5299978632441018
2025-11-12,APCP,surface,32.0,-124.75,0.0002080651043243,0.0021797521294132,0.0033635558164992,0.0166151287975869,0.0194101475994383,0.0425079287818985,0.0120860095462484,0.0190806474582824,0.0138693871004127,0.1363145038387318,0.3587061357788065,1.421203027069177,1.586033350633202,3.185051701589293,1.420338679737039,2.562547833121211,1.058644544765563,2.0799883791771774,1.1445364050482136,2.4392202021678875,0.907731965864644,1.4108519576466545,0.4150584845814822,0.8580469560983315,0.3750794063935077,0.9375726798863824,0.9588296727662652,2.598411962278557,1.9682923491577011,4.122220589535119,1.8264572975346336,3.385471134322148,1.4384358051511497,2.708446452766589,1.1819974135170532,2.1774357111200264,0.8218218259914558,1.4973040418877224,0.6254901894695012,0.9719761923718864,0.175685356666005,0.3005010180880485,0.2984342420468278,0.722153979206387,0.5273895921624523,1.3871819367741152,1.117788240315828,2.2687043310171724,1.066100257835727,1.9615339582610885,0.8578819328907682,1.744372833981326,0.8197334438470526,1.6585120590906757,0.8464164792130977,1.727894992921629
2025-11-13,APCP,surface,32.0,-124.75,0.0299918714629774,0.1755265011811032,0.4664151250360776,1.6106834476464402,1.7932096317379755,3.6312662751470746,1.6260006302068286,2.995003337472193,1.1152636061234351,2.0494897160041843,1.0905131245055952,2.359738499164393,1.0786503593321046,1.6837878001963025,0.3185942383259993,0.7588328883762654,0.452542004647027,1.0073192140930525,0.8783388812018249,2.380156188324233,2.079521727747639,4.2505327721356085,1.7785627764226883,3.2465140821482716,1.2518622460454163,2.2714604098780025,1.0735203178951052,2.1098781771098354,0.9453447195051544,1.811465079605175,0.6612127126222891,1.219285365900176,0.5955135213097582,1.3783616353564323,0.7049428514756996,1.3298720702512856,0.5539894448191076,1.1917254795859793,0.6311828667773447,1.2017779295024795,0.4436720392755414,0.7854950595262673,0.3533286165208896,0.8020462250876055,0.4832015374894335,0.9446591447398992,0.4491379702334885,0.8102018896906695,0.3505539291797102,0.5946353019686648,0.1479845027337263,0.2424018061109517,0.0721231440005683,0.1260528379539085,0.038446948408416,0.0581214855929261
2025-11-14,APCP,surface,32.0,-124.75,0.9842201909841104,1.7832394330556964,0.8872183963274478,1.8579139745918267,0.8190254382619713,1.5077976552468857,0.4467451776210391,0.7545465840679261,0.2180824490321775,0.5108879825392179,0.4792201367088221,1.4079597577463363,1.5415191045922365,3.4529755535438995,2.0982231974084824,4.074949629971287,1.4549596629974073,2.673037915445459,1.2213797211998614,2.263595735324829,0.8291094106258251,1.496445140034907,0.5558054533042283,1.3780651408346332,1.325958729622222,2.5444628689934676,1.2171175319692673,2.3661753393868663,1.124075890013455,2.116722905063579,0.9154077647490289,1.7328139150654582,0.652132950938439,1.19423542239486,0.6270864873544554,1.4233399595727203,0.8551868178083339,1.8145528543796872,1.1239666473496115,1.9335672449187824,0.4727274291968793,0.8655726659959754,0.3062425444029545,0.4978876154118415,0.0784251299384054,0.0974469106370727,0.004240886164881,0.0069423617879572,0.0007747669392195,0.0066039800251467,0.0477901580819433,0.2773419818975107,0.4521393740059406,1.2481910366891038,1.397556330266592,2.6599909095722385
2025-11-15,APCP,surface,32.0,-124.75,0.1526602744932745,0.3845435426564936,0.3857486746646657,1.3577565664669091,1.5621614166159554,3.420087269123262,2.1665978048376684,4.20913356276437,1.66117609540381,2.9250564850034957,1.1676937987625144,2.471424720987912,1.1852846894515958,2.0563480963387057,0.6763867804263296,1.3208350307967498,0.7533460590431277,1.771491106022931,1.4057344507905276,2.8376273673943095,1.2634926631369816,2.2987065910124356,0.9588732101359358,1.8709153038358983,0.6609828304005241,1.2257521555306086,0.5291387538683376,1.1217308261555514,0.5369854000850283,0.8958092057372635,0.2796819267953003,0.4906871354769516,0.1314974295788162,0.2331546123943697,0.1254840912171449,0.3115654933200042,0.1986034731022203,0.3612120332536221,0.1125766590905174,0.2042174565483084,0.0681039155253661,0.1245615539046033,0.575040471317988,2.233154469144435,1.3157370109294182,2.097286365381313,0.7439874474570138,1.5803753607648854,0.8690605865469454,1.765120733919364,1.1386293740197102,2.566226969611754,1.6865816651196726,3.523496568658391,1.654945516995168,3.116411330345385
2025-11-16,APCP,surface,32.0,-124.75,1.336661775216016,2.603413063524634,1.3964574026052865,2.641579910613899,1.0174762858620796,1.847079208241417,0.6542979370966796,1.212742136492334,0.7095228792999771,1.9317832754621236,1.3527035839770418,2.6536174084323942,1.261147658165807,2.448025004872926,1.0799482892495753,2.0856856163400757,0.8067673526502316,1.5146014165980366,0.6281130246458094,1.214061999776932,0.4710613398501023,0.8702163163825656,0.4922837125146037,0.9333026018229564,0.3562294485740113,0.635301349060813,0.1684578713208098,0.2614062407132649,0.1688837492095574,0.4071857592654027,0.1925920110176619,0.2912058713303743,0.040381459749681,0.0555538032057367,0.0246044508812983,0.4413570804646839,0.5102226868383789,0.9416687833560315,0.3649836413222017,0.7570651985109847,0.4155047491575971,0.7694373689981192,0.3162233422624804,0.6263434693893286,0.3147823963321485,0.669574283372783,0.4422637163109496,0.8611609308864421,0.3513701332608885,0.6918375248571358,0.3174841567496839,0.5704523535123202,0.106167646398266,0.13598051645518,0.0341604064478459,0.0526987730859215
2025-11-17,APCP,surface,32.0,-124.75,0.016791636756013,0.0326464343539654,0.0112582412080069,0.0246868962822618,0.0121940825746872,0.0219812752991706,0.0058172346750568,0.0226123552131104,0.0151139192851365,0.0281408325920379,0.0081757104301268,0.0213204783569364,0.0107030478229675,0.0197450714671951,0.0059215389374811,0.0218560885260219,0.0128526599646954,0.0249447844285548,0.0083225777881791,0.0201202479189917,0.0112145892923293,0.0204343696542801,0.0061157984946612,0.0196859771872513,0.0140306453369689,0.0254846436427793,0.0077329022778207,0.0199236419108885,0.010095691587788,0.0193141263563237,0.0064553752139682,0.0202412696590605,0.0125840076632129,0.0222846413828755,0.0068678559227274,0.0181001356421907,0.0099719063130447,0.0175011819284192,0.0057849921758754,0.0183097067827919,0.0129200612098349,0.0212159215350753,0.0078017127455942,0.0167549532522392,0.0112184427016727,0.0198338249438093,0.0062823840191635,0.0192799978184696,0.0094227270775553,0.0173508697413231,0.0053988510863518,0.0143865140570486,0.0091193871711108,0.0159927324919263,0.0044373749355267,0.0163257834045282
2025-11-18,APCP,surface,32.0,-124.75,0.016791636756013,0.0326464343539654,0.0112582412080069,0.0246868962822618,0.0121940825746872,0.0219812752991706,0.0058172346750568,0.0226123552131104,0.0151139192851365,0.0281408325920379,0.0081757104301268,0.0213204783569364,0.0107030478229675,0.0197450714671951,0.0059215389374811,0.0218560885260219,0.0128526599646954,0.0249447844285548,0.0083225777881791,0.0201202479189917,0.0112145892923293,0.0204343696542801,0.0061157984946612,0.0196859771872513,0.0140306453369689,0.0254846436427793,0.0077329022778207,0.0199236419108885,0.010095691587788,0.0193141263563237,0.0064553752139682,0.0202412696590605,0.0125840076632129,0.0222846413828755,0.0068678559227274,0.0181001356421907,0.0099719063130447,0.0175011819284192,0.0057849921758754,0.0183097067827919,0.0129200612098349,0.0212159215350753,0.0078017127455942,0.0167549532522392,0.0112184427016727,0.0198338249438093,0.0062823840191635,0.0192799978184696,0.0094227270775553,0.0173508697413231,0.0053988510863518,0.0143865140570486,0.0091193871711108,0.0159927324919263,0.0044373749355267,0.0163257834045282
2025-11-19,APCP,surface,32.0,-124.75,0.310012030497781,0.4808330701850279,0.1226293473208263,0.2321646990228927,0.0943653153614061,0.2110064039758969,0.1021651921876598,0.1914303173231291,0.1516200328942856,0.6945483930065739,0.6009082845887295,1.0528216452306132,0.4155425456103544,0.8481547352741043,0.4870040080472859,1.054294255347075,0.5674367489262129,1.1913835763386946,0.851847456074338,1.8462510662386853,0.7144417005092332,1.2279546983960532,0.355006954715675,0.6644884569646359,0.1945165717195217,0.3409594812739582,0.1482298884065511,0.3063502856871795,0.1425660365596714,0.235288316720382,0.0325443407334224,0.0500579927426006,0.0016470161758432,0.0016821739143458,0.0,0.0,6.881225823860105e-05,0.0003419688998492,0.0002710928952133,0.0004092288055722,6.9321686356384e-05,0.0008044573350187,0.0009081682965656,0.0024732867991034,0.0005220155310494,0.0010119607117939,0.0002679976857361,0.0003710908554507,0.0001402380846421,0.0004210017610235,0.0,6.962313609456016e-05,0.0002778850326743,0.0008357394222255,0.0002794698051658,0.0008056472945113
2025-11-20,APCP,surface,32.0,-124.75,0.1448687918943588,0.6540804430883642,0.4705158531457446,0.8897887623854204,0.4052916416522605,0.7933981575600153,0.4576532773098572,1.0070530642315658,0.5539100104259398,1.220780154089546,0.8901380703936794,1.867759196812781,0.6732418559444142,1.0813801257953943,0.2408744401028913,0.438203386738516,0.15598925084821,0.2908587174345761,0.1358548719602228,0.2752456340563762,0.1246510177247091,0.1794439912519913,0.0246706052989288,0.0425193052132227,0.0038948931212987,0.0044916795617833,0.0004913238813386,0.00056173674099,0.0,0.0,0.0002209180848409,0.0065907664617743,0.0096398925155288,0.0209875488094015,0.0067073722790654,0.0120418850369124,0.0032703267799472,0.0076467907336733,0.003988790421766,0.0056697926667309,0.0,0.0,0.0,0.0,0.0,0.0,0.0,0.0,0.0,0.0,0.0,0.0,0.0,0.0,0.0010501989190132,0.009830860344684
2025-11-21,APCP,surface,32.0,-124.75,0.5279930991156725,1.209336496558268,0.961763042373262,2.087344557757856,0.833771089902711,1.2879966030132488,0.275683493570918,0.5166546409437444,0.1691046748802314,0.2651106283495865,0.0726764870132093,0.152038886042606,0.0786192691063024,0.1236637998976036,0.0065217064661759,0.0200037948671631,0.005011112087408,0.0052919791235923,0.0020808511337539,0.0022875816081307,0.0002909193802212,0.0016042883388529,0.0026488485638932,0.0098857645747616,0.006104929560436,0.0109638287028025,0.0022103288030495,0.0061493290552737,0.004061934517878,0.0050161542257839,0.0001606223477574,0.0002237860036705,0.0001559824635182,0.0006810822149103,0.0003399424466759,0.0003399424466759,0.0,0.0,0.0,0.0,0.0,0.0,0.0,0.0,0.0,3.0859550786033146e-05,0.0,0.0,0.0,0.0,6.171910157206629e-05,0.0004011741602184,0.0001235600501515,0.0003398205996685,0.0,0.0
2025-11-22,APCP,surface,32.0,-124.75,0.1536379771562984,0.2775490139163379,0.0885737805717063,0.2005272444818124,0.118778168322879,0.1981193459149658,0.0449781551592432,0.0746491993448709,0.0081776891915726,0.0131591413974746,0.0059607830667158,0.0106715886566912,0.0040228322876359,0.0059302798041925,0.0006504310749525,0.0020727936420313,0.0088084779123199,0.0135111195880212,0.0026996408903053,0.0035226981626332,0.0003704364564397,0.0032141377211662,0.0013061317464111,0.0013685778339483,0.0001265639283054,0.0001265639283054,0.0,0.0,0.0,0.0,0.0,0.0,0.0,0.0,0.0,0.0,0.0,0.0,0.0,0.0,0.0,0.0,0.0,0.0,3.098139779343297e-05,0.0005264365634242,0.0029549389798279,0.0298346627205019,0.0426572048271117,0.085350103770373,0.0355917688349509,0.0612681079672864,0.0333374815895661,0.128967433634428,0.0649854862893272,0.2271943022048483
2025-11-23,APCP,surface,32.0,-124.75,0.0027541255160512,0.0073754197108552,0.0071746281632418,0.016555853297646,0.0014543350454131,0.00186240273658,0.0008210704570023,0.0010256402924795,0.0007408729128795,0.003643010420077,0.0086935559403175,0.0212304862099155,0.0072493917796196,0.009393219820233,0.0014926064658648,0.0025426835378707,0.0018214445784203,0.0021612651780889,6.196279558686595e-05,6.196279558686595e-05,0.0,0.0,0.0,0.0,0.0,0.0,0.0,0.0,0.0,0.0,0.0,0.0,0.0,0.0004972635217044,0.0144535688971788,0.0460005234494441,0.0298930368140143,0.0428582635355465,0.0048014201590145,0.0101186676777457,0.0053867092301098,0.0083037946900036,0.0005291279082183,0.0033108576843029,0.0070424374325836,0.0108382532678006,0.000280271844401,0.0003112532421944,3.193495584717594e-05,0.0002234269784957,0.0004188674962465,0.0014829502948612,0.0,0.0,0.0,6.196221181581512e-05
2025-11-24,APCP,surface,32.0,-124.75,0.0032794086146966,0.0222144885201124,0.0124162028851253,0.0170893535733156,0.0015905830351176,0.0023059844801986,0.0006210454688435,0.0013003211271584,3.0859550786033146e-05,3.0859550786033146e-05,0.0,0.0,0.0,0.0,0.0,0.0,0.0,0.0,0.0,0.0,0.0,0.0,0.0,0.0,0.0,0.0,0.0,0.0,0.0041549859349231,0.0127073483207872,0.0057140924464928,0.0069334181245257,0.000186604802041,0.0002181866299976,0.0008443792903811,0.0038467560356846,0.0027791334771329,0.0041935460958305,0.0066155170528599,0.0322262229644526,0.0345474952364592,0.084116426734903,0.0744607964754358,0.2002194498163302,0.2176408777694837,0.5536446903398731,0.4209939339506018,0.8923796995847486,0.4869911344149057,0.9909495397716196,0.4500738703568581,0.962230317571338,0.5416829733690196,1.037235658113305,0.431537883696962,0.7864903597532479
2025-11-25,APCP,surface,32.0,-124.75,0.0,0.0,0.0,0.0,0.0,0.0,0.0,0.0,0.0,0.0,0.0,0.0,0.0,0.0,0.0,0.0,0.0,0.0,0.0,0.0,0.0003715301582281,0.0034807239678036,0.0015263998108111,0.0045079891077847,0.0027702101750978,0.0055088637181571,0.0024398206564322,0.0053482327757845,0.0014062896743356,0.0021048802903943,0.0008805472630503,0.0030887057921313,0.0033047510593992,0.0086942485142119,0.0098104376189585,0.0383622604004435,0.0275993921242105,0.0531530076922026,0.0314368118907886,0.1130970119330363,0.1887256623494944,0.4517361388825267,0.2235210163430165,0.4338695853607252,0.1764335002013351,0.3511427561648235,0.143138079645985,0.2317561679303002,0.0451759936902053,0.0480407225164771,0.000204982100751,0.0003312859067157,0.0001264103559691,0.0001572699067552,0.0,0.0
2025-11-26,APCP,surface,32.0,-124.75,0.0,0.0,0.0,3.404287802073778e-05,0.0,0.0,0.0,0.0,0.0,0.0,0.0,0.0,0.0010190962579834,0.0040859746887855,0.0019897686691374,0.0041031197527,0.0010901201951424,0.0019011454616263,0.0004671114327975,0.0009992024626456,3.205146254693157e-05,0.0001254801226785,0.0,0.0001545414479449,3.098139779343297e-05,3.098139779343297e-05,0.0,0.0,3.1102661029781966e-05,3.1102661029781966e-05,0.0,0.0015049370655709,0.0015208470379857,0.0228493738692085,0.0347954619544333,0.0824768394561261,0.0359507611575946,0.062767930348944,0.0123022142348494,0.016700378466582,0.0006907120433191,0.0025868394597731,0.0005973807265709,0.0010195650683831,0.0004927919667562,0.0008094050422571,7.031480884774494e-05,0.0002814560051556,3.5255121148872307e-05,0.0001057653634466,0.0,0.0,0.0,0.005772698949103,0.026348635944328,0.0704098406819346
2025-11-27,APCP,surface,32.0,-124.75,0.0,0.0,0.0,0.0002477281677979,0.0005893559439235,0.0017326209033245,0.0017037115511928,0.0040936024593955,0.0008398684620868,0.0017097488071165,0.0008727753517539,0.0016643671039609,0.0007663922815724,0.0018714595015687,0.0006118784593871,0.0013879885347325,0.0,0.0,0.0,0.0,0.0,0.0,0.0,0.0,0.0,0.0026463218433316,0.022678881415808,0.0795145109497366,0.0791402611250826,0.1295168248614079,0.0340568789257668,0.0514891057127636,0.006075228261584,0.0080497317220744,0.0010087163891681,0.0037996048663315,0.0011946521507468,0.0014728963925516,0.0003160247746869,0.001336075423995,0.0007009723487515,0.0024555969352552,0.0023543691727171,0.0049912775745075,0.0166319593706728,0.0973340776359208,0.0348787448535221,0.0422678548010493,0.0044690099243767,0.0089073229502719,0.0011012454692922,0.0066871649415729,0.0052442346096657,0.0111323063232739,0.0064472527781273,0.0352337759052673
2025-11-28,APCP,surface,32.0,-124.75,0.001556512379669,0.0034002151163458,0.0022160395068463,0.0035773148073614,0.0013283433961246,0.0025053770431542,0.0010658095326464,0.002199042796642,0.0006801604158739,0.0007422444746972,0.0,0.0,0.0,0.0,0.0,0.0,0.0,0.0,0.0063254664383632,0.0630371527937501,0.0964756797233588,0.1776718250399596,0.0336159319040216,0.0406427482483854,0.0004479029766672,0.0007399255580359,0.00019518132722,0.0003252263688947,0.0,0.0,0.0,0.002542532926881,0.0027925718063989,0.0120712855421517,0.0049543518980999,0.0094741456454732,0.0023141945720231,0.005537911998453,0.0105790440311309,0.0202911391513852,0.0044262176897485,0.0072533790604207,0.0017659197873023,0.0036692185264289,0.0008251952225362,0.0017439992949772,0.0014340625065244,0.0049219770508709,0.0108739821298825,0.0268064453361844,0.0132611926393339,0.0227064925698248,0.0083377821854311,0.0131373379781045,0.0001408257193028,0.0001408257193028
2025-11-29,APCP,surface,32.0,-124.75,0.0004684325482426,0.0004992920990286,0.0,0.0,0.0,0.0,0.0,0.0,0.0,0.0008709822944826,0.0090321765206037,0.0620329849224361,0.1108513625755457,0.2060857620672122,0.0472555365551387,0.0618381546075514,0.0006286827544959,0.0006939324975192,0.0004683524438763,0.0015248905403784,0.0021629948174279,0.0058448545846213,0.0023028783114008,0.00453774142985,0.0013631376478286,0.003806739151708,0.0030250572011347,0.0075002164566827,0.0103182214436778,0.0452294987861145,0.0254905717307129,0.0461290795232423,0.0416737357174521,0.0956459092894377,0.0560832598748994,0.0977072581187051,0.0314338279440107,0.0552958928897621,0.0143863085925126,0.0240117215198664,0.0050995637042956,0.0084323913615743,0.0010567771906492,0.0016911746060363,0.0,7.051024229774461e-05,0.0,0.0,0.0,0.0,0.0,0.0001238037441663,0.0036195997484707,0.0060183519115927,0.0018185301692004,0.0049446951274326
2025-11-30,APCP,surface,32.0,-124.75,0.0002058954269003,0.0003416452334634,0.0028990064759105,0.0274790706706747,0.0597297289501465,0.1072231106473756,0.0229915825230352,0.0262424341602982,0.0001611790499104,0.0004545759785594,0.0,7.021742620142144e-05,0.0004385309909349,0.0023645036131068,0.0030012793421641,0.0081848613184172,0.0056302226983115,0.0103881985117994,0.0119150431308792,0.0462828201563528,0.0493684055171586,0.0792308398681621,0.0120807034394122,0.0653426815843216,0.1335258390676758,0.2724751564249241,0.0950134207993484,0.1683444711621806,0.0597751215629398,0.0968461566581909,0.0094676960112834,0.0132070409626112,0.0002064934330125,0.0002720798389076,0.0001298175122589,0.0001298175122589,0.0,0.0,0.0,0.0001234382031441,0.0064125859391186,0.026972572794024,0.0757868650085204,0.1859169612822498,0.0856282963998911,0.1284821322356759,0.0321913025800088,0.0576985880740149,0.0155579236429568,0.0241221764335062,0.0024207627717642,0.011600571869603,0.082998442683579,0.3706138640281764,0.5802066412641245,1.2642082284160474
2025-12-01,APCP,surface,32.0,-124.75,6.49087561294507e-05,0.0002647727317099,0.000573407334947,0.0026588148220282,0.0036649537170389,0.0092146019835017,0.0022801044420713,0.0053842219612264,0.003763672139156,0.0092232632724382,0.0036010027618288,0.0077172692650995,0.004444362007197,0.0250708696092332,0.0283467791674568,0.0468582740748477,0.013875910772217,0.034129377621475,0.0331987022260315,0.0726674624327024,0.023834936119778,0.031958841168461,0.0025335205766169,0.005355802180828,0.0015149785072476,0.0037561739878283,0.0006460801081607,0.0007430415442288,0.0,0.0,0.0,0.0,0.0002468764062882,0.0028746867537633,0.0079868096392017,0.0448206195955825,0.0461775378562899,0.0797648376090085,0.0384083145452518,0.0968942967926825,0.0478781542219037,0.0629615228384774,0.014337600816266,0.0360188458531921,0.0354987522052993,0.0894585726240528,0.0513438055185642,0.0999805143467996,0.0352270104370995,0.1163680950016677,0.0298378334279766,0.0329686218842337,0.0014709966379962,0.0057166258410453,0.0149164102679006,0.0365377418655769
2025-12-02,APCP,surface,32.0,-124.75,0.0102926130230507,0.0178467942962468,0.0038444744459692,0.0104169114444501,0.0207546229583246,0.0310513847136675,0.0092755277174215,0.0324620456016164,0.0165798605042662,0.0346063431743131,0.0276078492313184,0.0598470840960334,0.0232234348546473,0.0346100129390854,0.0056533527462411,0.0100516081369149,0.0011932066714319,0.0012284617925807,0.0,0.0001410204845954,0.0,0.0,0.0,0.0,0.0,0.0001235600501515,0.0068121536778468,0.0309733119509377,0.0251659720323385,0.0318768945910707,0.0042282576202916,0.0464594146393885,0.0374221435068167,0.0668897364554192,0.0678080791702298,0.132738871666793,0.0558560248084816,0.1284048262772374,0.0790834654596489,0.1532935800004447,0.071807559300912,0.1364779467332988,0.0316609494093888,0.047935154806794,0.0112184427016727,0.024084441177287,0.0085376510843719,0.0208588324079675,0.0077240186281935,0.023152155566477,0.0250238762359327,0.032173435884563,0.0016112423948391,0.0026325149212056,0.0010828715081463,0.0015777203600184
2025-12-03,APCP,surface,32.0,-124.75,0.0165458656988677,0.0446863540370592,0.0318865506246492,0.0520166490901705,0.0137349216050776,0.0209982634125008,0.0030453387180673,0.0043980481004454,0.0001057653634466,0.0001410204845954,7.051024229774461e-05,7.051024229774461e-05,0.0,0.0,0.0,9.257865235809945e-05,0.0067790985265098,0.0249993753886257,0.0279456778335846,0.0740158257183991,0.0559976367284924,0.1632430353896041,0.0546443162391019,0.0940368202198566,0.0662601032465833,0.1593295529263049,0.1296880769728315,0.1865177616253922,0.0215593968063525,0.0309585157404554,0.0074882412899952,0.0176265279082905,0.0223773184256848,0.0453881681518438,0.0118893753711127,0.0198441697343038,0.0038294937448249,0.0052351171609985,0.000690276913242,0.001277947527716,0.000216260549517,0.000495212055387,0.0001550264984673,0.00027895150587,0.0,0.0,0.0,0.0,0.0,0.0012659726642717,0.0083253051434102,0.022698681798413,0.0091643338254389,0.026665010661337,0.0174437385343225,0.0194545980550424
2025-12-04,APCP,surface,32.0,-124.75,0.0,0.0,0.0,0.0,0.0,0.0,0.0,0.0004321555580118,0.0133900064041327,0.0504818660817594,0.0519967084860959,0.1100977645719741,0.0506674360079574,0.0870859496990413,0.0352220792993864,0.1267609414026225,0.1906466263995088,0.2846687169771857,0.0974721515021933,0.2028536435270098,0.0965630952720495,0.1394690282458844,0.0100184409848405,0.0182331633427897,0.0033693906650764,0.0041433424881339,0.0001860096499969,0.0007753791052168,0.0019578461554973,0.0039253261860747,0.0023535663535958,0.0092512490420196,0.0056697915846514,0.0078647117845978,0.0016718684049353,0.006312802927475,0.001645357088223,0.0019247918860433,0.0,0.0017603341281142,0.0028432191354824,0.0042948359087289,0.0041484424387692,0.0059436424600991,0.0170182366561154,0.037691803370148,0.0100067634732116,0.0149252574466453,0.0252158286808749,0.1826623266572795,0.2749040084143042,0.3898500350931841,0.1161317380306064,0.2684529584585727,0.0754466194680062,0.1134001081875923
2025-12-05,APCP,surface,32.0,-124.75,0.0063771885874556,0.027102156010717,0.0171869963224689,0.0579043192103909,0.0478042986123134,0.0922737385105849,0.0237187232467068,0.0930290632456906,0.144143471849665,0.2825323143849449,0.1402197931837295,0.2469720985706238,0.0727976712941605,0.0855404492897219,0.0089924649231954,0.0148312307212714,0.0022127490627637,0.0023535747820665,0.0,0.0,0.0,0.0,0.0,0.00049594021373,0.0001234382031441,0.0009878711661752,0.0001544196009375,0.0003088392018751,0.0,0.0,0.0,0.0,0.0,0.0003708019974619,0.0001851573047161,0.0058977077633469,0.0218245835047391,0.045326576721784,0.0067391713259917,0.0126405916270984,0.0022018153938677,0.0041348487833822,0.0022027175946658,0.0051132464117965,0.0024919888202308,0.0054933919674129,0.0040605654992053,0.0071326294100363,0.0029835155829701,0.0085299842314372,0.0115413487345962,0.0320100960436169,0.0202998326025716,0.0419985489187376,0.0083362789913958,0.0131719495059907
2025-12-06,APCP,surface,32.0,-124.75,0.1180334742899491,0.1869093150007767,0.0373108350205657,0.0658905940808924,0.0352223055315237,0.0576311348039989,0.0065076153316187,0.0138340141843409,0.0017239851426748,0.0017591428811774,0.0,0.0,0.0001234382031441,0.0019786590593994,0.0018887229004408,0.0057572974345625,0.0025977908296235,0.0080952024718268,0.0007366613356051,0.0010344041764628,3.0859550786033146e-05,3.0859550786033146e-05,0.0,0.0,0.0,0.0011731503178988,0.0120449667270113,0.049956309612259,0.0300880793868445,0.0772414921624844,0.0575422243958284,0.1099454403856869,0.0233770710370046,0.0334042553079998,0.0140592221633819,0.0578612385931901,0.0390661537068972,0.0772732863788856,0.0244810876187544,0.0677419942688419,0.0716171942674699,0.1160056771453628,0.0389590920826594,0.0717853130622776,0.0325625634094853,0.0547408765406575,0.0119997020846047,0.017005425114724,0.0016269886770173,0.0037400301219252,0.0017767312258093,0.006536308134767,0.003842626661295,0.0066088702943481,0.0013600150159351,0.0023327013084507
2025-12-07,APCP,surface,32.0,-124.75,0.0013709436791718,0.0015119641637673,0.0,0.0,0.0001852791517235,0.0016453222702731,0.0020836876471981,0.0032930470716491,0.0008986978085427,0.0016462325087521,0.0022653947704967,0.0026681506067271,0.0001234382031441,0.0001851573047161,0.0,0.0,0.0,0.0,0.0,0.0,6.171910157206629e-05,0.0002160168555022,0.000617312862728,0.0028400522808321,0.014180243318178,0.031598456726203,0.005322663642955,0.0120622040848582,0.003988768711052,0.0055086043768335,0.0016709170740439,0.0041804281390131,0.0035280692695143,0.0037153934057421,0.0,0.0,0.0001028577349564,0.0012376802930781,0.0004187319633807,0.000980956953917,0.0005631061074466,0.0006611675790358,0.0002559700155879,0.0007364465915366,0.0010141357574875,0.0015723278807685,9.921690804305322e-05,9.921690804305322e-05,0.0,0.0,0.0,0.0,0.0,0.0,0.0,0.0
2025-12-08,APCP,surface,32.0,-124.75,0.0021508785025528,0.0042257820280055,0.0019906606805695,0.0032293617689716,0.0,0.0,0.0,0.0,0.0,0.0,0.0,0.0,6.171910157206629e-05,0.0003092041591262,0.0,0.0004022684457777,0.0003712864642133,0.0009899343779782,0.000865650849334,0.0010819113988511,0.0005558374551707,0.0005558374551707,0.0,0.0,0.0,0.0,0.0,0.0,0.0,0.0,0.0,0.0,0.0,0.0,0.0,0.0,0.0,0.0,0.0,0.0,0.0,0.0,0.0,0.0,0.0,0.0,0.0,0.0,0.0,7.021742620142144e-05,0.0,0.0004511918867536,0.001361000595895,0.0018826758425929,6.208405882321495e-05,6.208405882321495e-05
2025-12-09,APCP,surface,32.0,-124.75,0.0,0.0003302689646155,0.0,3.0859550786033146e-05,0.0004015397012406,0.0006798843095808,0.0002468764062882,0.0008334515652376,0.0002160168555022,0.0002468764062882,0.0,0.0,0.0,0.0,0.0,0.0,0.0,0.0,9.390430267557316e-05,0.000313538415613,0.0001875790256861,0.0004393989451833,0.0,0.0,0.0,0.0,0.0,0.0,0.0,0.0,0.0,0.0,0.0,0.0,0.0,0.0,0.0,0.0,0.0,0.0,0.0,0.0,0.0,0.0,0.0,0.0,0.0,0.0,0.0,0.0,0.0,0.0,0.0,0.0,0.0007112300808544,0.0177933650447268
2025-12-10,APCP,surface,32.0,-124.75,0.0003394550586463,0.0003704364564397,0.0,0.0,0.0,0.0,0.0,3.205146254693157e-05,0.0,0.0002497831729446,0.0001874583486439,0.0002813626513195,0.0,0.0,0.0,0.0,0.0,0.0,0.0,0.0,0.0,0.0,0.0,0.0,0.0,0.0,0.0,0.0,0.0,0.0,0.0,0.0,0.0,0.0,0.0,0.0,0.0,0.0,0.0,0.0,0.0,0.0,0.0,0.0,0.0007420902154114,0.0066682042773148,0.0229794739650815,0.0763810267982367,0.0418126724301507,0.071473789953695,0.0300596709716443,0.0571112151091809,0.0117032136452826,0.0144734149378059,0.0024138612853415,0.003914207566565
2025-12-11,APCP,surface,32.0,-124.75,0.0,0.0,0.0,0.0,0.0,0.0,0.0,0.0,0.0,0.0,0.0,0.0,0.0,0.0,0.0,0.0,0.0,0.0,0.0,0.0,0.0,0.0,0.0,0.0,0.0,0.0,0.0,0.0,0.0,0.0,0.0,0.0,0.0,0.0,0.0,0.0,0.0001542977539301,0.0001851573047161,3.0859550786033146e-05,0.0228217836527337,0.0401481877312462,0.1049630126899504,0.0572987697909235,0.0949237296729629,0.0485207909919173,0.1605512845264698,0.3407276435714093,1.0451026726249413,0.7143335889072151,1.2610502205051553,0.3579930695207377,0.5703573788536842,0.0754869832743532,0.1084704798105301,0.0264275288839671,0.087182130089842
2025-12-12,APCP,surface,32.0,-124.75,0.0,0.0,0.0,0.0,0.0,0.0,0.0,0.0,0.0,0.0,0.0,0.0,0.0,0.0,0.0,0.0,0.0,0.0,0.0,0.0,0.0,0.0,0.0,0.0,0.0,0.0,0.0,0.0,0.0004631369558052,0.0027810126458807,0.0024088720826505,0.0130946957905327,0.0361032354447972,0.0673943825497476,0.0804016959045017,0.2230001212454888,0.3165640051949468,0.8485348994095616,0.4884054286771448,0.9352372838454484,0.6699470827098213,1.3483342105469085,0.5140290820122642,0.8898938993444606,0.1466212893644989,0.1892436984270873,0.0197390118575482,0.0345451071090561,0.0153318034256205,0.0339774238571747,0.0466792304911137,0.1826629764217993,0.2163645644563793,0.3401643431703396,0.0496874598696087,0.0864198510575039
2025-12-13,APCP,surface,32.0,-124.75,0.0,0.0,0.0,0.0,0.0,0.0,0.0,0.0,0.0,0.0,0.0,0.0,0.0,0.0,0.0,0.0,0.0,0.0,0.0,3.0859550786033146e-05,0.0117253678322148,0.0252037046088156,0.0330174816419892,0.092743021905127,0.0591205303633972,0.1932743345882265,0.0902067548030226,0.121297490126437,0.0340418974086148,0.2149891551560304,0.4416041371078912,0.9782617448536728,0.5312542823525855,1.0746719704664034,0.490175084692582,0.8680244324799518,0.1720780752690638,0.240731645055759,0.0319807174151777,0.0417237027942064,0.0016111208621411,0.0018926024222998,3.134342650732172e-05,0.015026204056634,0.1153627817096009,0.2498433265524808,0.2170925334663979,0.7884656283795646,0.9140867095000136,2.09936819351516,1.2484743669118803,2.360304461463377,0.9442681003582988,1.606371698532292,0.5104515384850498,0.8631380580661187
2025-12-14,APCP,surface,32.0,-124.75,0.0024531785510352,0.0036328215941245,0.000627645544448,0.0007582517529807,6.184094857946612e-05,6.184094857946612e-05,0.0,0.0,0.0,0.0,0.0,0.0019185163653717,0.0225556197056294,0.0537041418200262,0.0326149803458996,0.1575913778288587,0.0624435690135406,0.0904220023010302,0.0221511608405275,0.0337679032812244,0.0041987213839996,0.006760597757054,0.032486375813825,0.2207717020013199,0.3764985445732295,0.827519306942365,0.5171386871555327,0.9331675976591832,0.2557162601844983,0.4124230844320363,0.0255964509556471,0.027066390593491,0.0,0.0,0.0005252210146285,0.0120829339645488,0.0954048151284028,0.2217624548193331,0.0535745987771233,0.0848694394205811,0.0084635341334451,0.0198223705062363,0.1253557681369059,0.4478671595775896,0.5225364716403599,1.115149249195183,0.6668020305381037,1.4629264504561916,0.5578641753205462,0.9324164094055004,0.2004181214938449,0.2910087922047717,0.0287460766898653,0.0337587042615383,0.0042139392283838,0.0080742205198175
2025-12-15,APCP,surface,32.0,-124.75,0.0001961080103493,0.0006097873768397,0.0006493897160459,0.0095732591644766,0.0226216312156598,0.05569590366318,0.0302990653880162,0.1379289680824411,0.1354840957917507,0.1768795373720808,0.0174895225864426,0.0296857205994173,0.0080003174364148,0.0222777772049522,0.1459736105989628,0.4937932182288257,0.2309721216667742,0.3620752731499904,0.3051313831447564,0.5525410050097064,0.2061138077887809,0.339613424950091,0.0962206754480579,0.1215552768668882,0.0037425335681068,0.0050373909305041,0.002073796554606,0.0232154199378743,0.0251583264254515,0.0499267475050691,0.0167994851292658,0.0241948814668775,0.0012510436026057,0.002157333918914,0.0023466818805533,0.0265672248389639,0.1240735071697214,0.4017017588873233,0.2809320500494999,0.7705537530700833,0.4932393661314784,0.8448889131642637,0.285605681552507,0.4279435683078034,0.0798258996927391,0.1211229819164706,0.0232526818546059,0.0729183941696047,0.2395310243408007,0.6991051725611506,0.677720777178439,1.6183601487464132,1.0665189098652057,2.045414608758154,0.9547821509366314,1.8363818051428809
2025-12-16,APCP,surface,32.0,-124.75,0.0778631602614577,0.1109572499223454,0.0178808282591847,0.0269699706388992,0.0231012991110126,0.1423599453430952,0.3705083729971191,0.788354953395764,0.6041095373677163,1.376236471284563,0.613003928028944,1.1547419472483316,0.2810644854799694,0.4182440299883643,0.0957752328323346,0.109463858747654,0.0015259635155593,0.0044128668867763,0.0013311978192192,0.0103252571422713,0.011501895753094,0.0291707814780912,0.0127287202983933,0.0192586199151494,0.001132922803852,0.0101349513877424,0.0999351816650968,0.3550373151599527,0.4456272456628375,0.8880281574627216,0.2125542379888314,0.3257723177943447,0.0677667163757336,0.1347477265604011,0.0621806247435897,0.1000720700497275,0.0115179440606132,0.020458194865818,0.0939873600887578,0.5337694907837974,0.81663621804165,1.7083706504668066,0.7776852464767084,1.4003736003947111,0.6363042061144139,1.4990964592796705,0.9814397188108032,1.886191944417588,0.8507832519399724,1.8263941576266332,1.0118411404474268,2.115067654111704,0.9757640212877244,1.9074559967369007,0.7282977711302986,1.2392456399338356
2025-12-17,APCP,surface,32.0,-124.75,0.5301689460716237,1.1592933786867436,0.6877841207472968,1.3556283994241511,0.3511272274829133,0.5525955626716391,0.1229767213494859,0.1360841140844323,0.000503614304118,0.0031281430573019,0.0012692502573283,0.0134500029840917,0.0117933493094781,0.0322462809758946,0.0151372621854172,0.0227374189735521,0.0016960793736284,0.0056304950391488,0.0707377403002569,0.3499848142857195,0.5977785634429299,1.3082388258568962,0.6532800693733525,1.2003425502711256,0.301469521910272,0.5349721988474296,0.1961683942485678,0.3408065676286648,0.1269150386920105,0.1638337080011402,0.0233757759094248,0.0863871612513036,0.3204316924146345,0.73854433991378,0.2672596657428561,0.5507702348851419,0.303222400715085,0.6541599355566888,0.4716679996164337,1.2055292524345564,0.9532973276343024,1.874346537403404,0.86375195186981,1.6951549335305618,0.7116836088530005,1.3653704453928133,0.7397604790053186,1.5623068910658615,0.6895818200485229,1.3395964716779825,0.6219310344518367,1.2358675022292511,0.6539735066950318,1.3663424251957652,0.8016215388319693,1.7527097738251085
2025-12-18,APCP,surface,32.0,-124.75,0.0005708294904673,0.004173205069077,0.0089251780462503,0.0224915294857636,0.0116952188228089,0.0266586434002623,0.0127462513701844,0.0211668898727357,0.0064094551567265,0.0258246552125561,0.2196313805113061,0.6948737197475934,0.5808042345872323,1.095219037449454,0.3880281259505742,0.7031308931217334,0.2644209492940626,0.4689690906832742,0.0996072444303225,0.1752521405104656,0.0657230605066367,0.1165682650531394,0.1376802011276094,0.5047844469729007,0.6709990134042526,1.5856848279593347,1.0761807513046695,1.984487190031188,0.8130241431649426,1.9555784698497136,1.1001742908625525,1.9633391356721588,0.741918505534237,1.5051171931141494,0.8824807742561355,1.900614938285512,1.037450696837626,2.056801689003487,1.0644028698140189,1.99581936714037,0.6810900813147474,1.2595988332195902,0.5131627374232048,1.029105218328877,0.5371630433458165,1.1163043018663252,0.8570488119641253,2.181036440981246,1.9265235268220675,4.339176566916794,2.2472462070126147,4.1243654256918845,1.7888181286878218,3.391668878284039,1.5926448307217282,2.8985167073380405
2025-12-19,APCP,surface,32.0,-124.75,0.0140747345415905,0.0501588177404326,0.1182398781929174,0.5045844123046159,0.7307954388394085,1.662681659726368,0.7082462203436056,1.06971504419064,0.1868132838324995,0.4166569983761433,0.260763657685381,0.4579258338863954,0.1301760933103854,0.2715154398973575,0.1878029644746379,0.4717305086636357,0.5633577298558264,1.5278394751704425,1.1334850118485191,2.3540381093600917,1.2844146070932871,2.358879159662602,0.829022800759305,1.5464164072615303,0.672247075830444,1.6914901991562834,1.0094080032409858,1.8801256688430157,0.729303253096322,1.1305699156299838,0.2251881923272287,0.5113067240264143,0.5499409079886677,1.3463901829375895,0.868371446241739,1.9600879264798812,1.0751826992689597,2.0471841103778887,1.086340516133197,2.2791565671630436,1.351059901301848,3.0675606215624303,2.4076018710890295,5.461439482618452,3.0034945976603216,5.970849551136778,2.3726430735746415,3.7432368537284506,1.3950093986782577,2.940704082789545,1.7491510985268253,3.5002713144937747,1.7997482630894486,3.3611439368402434,1.305134572831581,2.527658135170503
2025-12-20,APCP,surface,32.0,-124.75,0.2244501012434939,0.3633106864316235,0.1061716242421345,0.1992606837760864,0.0558271405320123,0.0824715712686623,0.0217407082981563,0.1801377887500684,0.3962177493769513,1.2110076159397123,1.2164927280609632,2.691958905341223,1.584193371149047,3.24298931629739,1.3269321130937437,2.42038756292336,0.8480895576108228,1.4505172540210052,0.4726019872382951,0.8716821059967865,0.3136199777343305,0.5183085925951258,0.1820719178174576,0.4352420149876685,0.306622407469029,0.6438360288923325,0.5139261796652247,1.2153742800531415,0.6973350643739807,1.400714246406263,0.8646530025087702,1.8022500182520915,1.0396748673860765,2.300148944036682,1.8564425355935503,4.215426431466018,2.6995992690690436,5.492517047421857,2.906556048302755,5.8932090826148436,2.2235225401706655,3.608862140442151,0.926146218448342,2.4119978508549087,1.9367710281532715,3.891517466595522,1.8097806564542864,3.3035409898108634,1.1630298656337672,2.2154472183226495,1.30778652199629,2.765199956700746,1.1657423939181997,2.159420815809762,0.9640395356667462,1.9625947692462593
2025-12-21,APCP,surface,32.0,-124.75,0.2834542371099453,1.0358405296378117,1.283232237946541,2.6968451228160015,1.533084386157449,3.0922208232859436,1.3422486512836032,2.589415922620571,1.1101370681649256,1.9994450065189524,0.7552293926627873,1.2456394168797127,0.3871956044483308,0.7880215328770281,0.3547928482782271,0.7836159613632624,0.4226280225490629,0.8366310195474327,0.4740806739450991,1.0283962950688852,0.6838153122170896,1.5925337424949388,1.35594900538465,2.994826076625372,1.772739080856902,3.9047991841185583,2.5112924713642446,5.2680220947066605,2.691507424204035,5.056562334378011,2.039330869959357,3.611466554431289,1.0187620901703776,2.42824089305465,1.905522242735302,3.987555876114284,1.96927505630348,3.81055664463826,1.7663646940638076,3.195438710736701,1.1697361304579563,2.271809199548436,1.1228332147399884,2.1519737238397365,0.7875067714554741,1.3558966659513814,0.6293974841438987,1.2594611979491173,0.7440698551854075,1.6919367054890788,1.26549505222492,2.5843819613436576,1.2965795607723372,2.389800890367644,0.9322558910802934,1.7054546346540167
2025-12-22,APCP,surface,32.0,-124.75,1.0684039812862554,2.0146557231857,0.7876490975148353,1.4135235769548178,0.5858920792546121,0.9799464710623196,0.237461502659254,0.4505804075449661,0.2080678365319191,0.4504811872056182,0.3050636800869704,0.6058957902110135,0.4340773185804619,0.83835191139973,0.3846890808137,0.9284385724813778,0.7942036420376637,2.180267109242572,2.6015637431987466,6.266455028274732,3.357992223942711,6.061474617252919,2.5388781273030587,4.489261978416467,1.5346383808395052,2.8395035602672136,1.257414171046721,3.1617478350864583,2.1478430384571894,4.028425468071513,1.5970916740846024,2.857444432594293,0.9640148127722458,1.9160475051588204,1.0216849033830626,2.1263178775014113,1.3127791921315906,2.7083892959906235,1.473757344121335,2.5950534584562113,0.7946523052868388,1.3695172034439025,0.3621017804842848,0.6061060379529966,0.1593809809324113,0.2306453281053616,0.0466484099707848,0.0851591322694404,0.0227983972796936,0.068962530439251,0.0482708881962767,0.1105523424079352,0.1009533719230997,0.209768002835514,0.1242230162459795,0.2570937503715527
2025-12-23,APCP,surface,32.0,-124.75,0.1323065754007143,0.2950930431820339,0.2326520425050856,0.485515771648415,0.356480513740898,0.7031570744020605,0.2266102909575597,0.4075805314201405,0.3825602425927696,1.2537402548621637,1.8240214700153792,4.840101322533645,3.7931364432604298,7.1440694447598165,3.1630310557040087,6.012332739117563,2.169888568338239,4.1795241450991565,1.7950581017418106,3.3247924096324297,1.7730438964557091,3.594570084478616,1.5106826485533715,3.0576982663470806,1.5784200196861975,3.266495130964838,1.7991582912849466,3.4889320592453723,1.440146459560162,2.5012098743827766,0.8568424770257232,1.601055137010344,0.5834552623245708,0.9933353194267388,0.2648988489033827,0.4209884835890245,0.0808280508431934,0.1220226587270941,0.0276931227784444,0.0632669492236395,0.0254426050981324,0.0625496532986259,0.0334080667237605,0.0768237122349001,0.0288020694839822,0.0568507152159854,0.0462721033523132,0.0955581344029672,0.0334553912378532,0.0640658003641358,0.0151205448882433,0.0253318656219523,0.0247817898539053,0.0819367839714586,0.0821492823480788,0.2025438562025092
2025-12-24,APCP,surface,32.0,-124.75,0.5047284224474409,1.672911382470271,2.5669809619892487,6.3896246451966725,4.395316295690941,8.214115957123534,3.0824820563917337,5.789849493636311,1.808484530243878,3.2503536231661005,1.5414275918032772,3.2027086960754128,1.7443871230323005,3.29709088908723,1.234741859113572,2.272322041514973,1.3803120180438615,2.986638517872839,1.3929602138551436,2.488963204541795,1.0866101263145944,2.3507938380859645,1.2832116632394417,2.504595498597849,0.801325149281271,1.4293492111728905,0.5435306885579678,0.9396365435485756,0.2461263090732511,0.3973929765666002,0.0826711942733731,0.1511882097139114,0.0143180405234489,0.0206859951757476,0.002126953849575,0.0028620771153552,0.0006334215844517,0.0007741492529509,9.736773484122096e-05,9.736773484122096e-05,0.0,0.0,0.0,0.0,0.0,0.0,0.0002831984765681,0.0003143011375979,0.0,0.0011260174516047,0.0011215091471892,0.0016121082575777,0.0003493944112503,0.0003493944112503,0.0003524488480589,0.0006890744313176
2025-12-25,APCP,surface,32.0,-124.75,1.997534468933606,3.626524558052161,1.658681963156297,3.326245577777064,1.7658198229895496,3.3265477978928644,1.241013390271676,2.304036516975783,1.2738950897870938,2.67635302963712,1.380721310459508,2.6769975050875883,0.9777891183237408,1.826892422802828,0.7165099979344597,1.3891809161711417,0.5933844896608058,1.1328855671776816,0.5004343412780103,0.8677530934285246,0.2428388574188154,0.4048590500094116,0.0975404345768195,0.1538055935940952,0.0272211192308294,0.0440961900725055,0.007088795044684,0.0147498767157338,0.0024009073802615,0.003120100186079,0.0005254703307108,0.0005254703307108,0.0,0.0,0.0,0.0,0.0,0.0,0.0004144489068824,0.0004780839989257,0.0,0.0,0.0,0.0,0.0,0.0,0.0009548564312899,0.0013369153957374,0.0,0.0,0.0,0.0,0.0,0.0,0.0013499401686869,0.0041712726056174
2025-12-26,APCP,surface,32.0,-124.75,1.2260475689932524,2.6164034675983143,1.2032202359498516,2.373312141802983,1.0897089638013349,2.0406742609453823,0.9285141069397176,1.7787323354627749,0.6627701357573517,1.1147693358070463,0.3198226351121798,0.5641524257774017,0.1824677869272406,0.2888128785831317,0.0508978048946917,0.0853109733561873,0.0215925729153829,0.0443535846694472,0.0070279960489978,0.01000714757236,0.0005728045391615,0.0007478817291574,0.0004272047910237,0.0007647477595198,0.0,0.0,0.0,0.0,0.0,0.0,0.000125484293021,0.0001882894590496,0.0,0.0,0.0,0.0,0.0,0.0,0.0004539220109194,0.000646761082005,0.0,0.0,0.0042952751398094,0.0403567172715667,0.0521177890019306,0.1106016007942413,0.0596095195172566,0.2346974122902575,0.2069852734197599,0.3612506951231506,0.2538827558833622,0.7354713018437021,0.5733883097164482,1.044340216455904,0.3375306885676133,0.6227398005347639
2025-12-27,APCP,surface,32.0,-124.75,0.641693375378726,1.0451025690072393,0.2644367855811065,0.4923875432801091,0.1600978805247664,0.2577322544586137,0.0357906947264158,0.0576794410129041,0.0057562266154958,0.0081457564621639,0.0003817445888763,0.0014530777441128,0.0002192797624614,0.0007591201624498,3.262487151167023e-05,0.0003813669029908,0.0,0.0,0.0,0.0,0.0,0.0,0.0,0.0,0.0,0.0,0.0,0.0001762756057443,0.0001057653634466,0.0001057653634466,0.0008678688184437,0.0038049011576336,0.003548433440858,0.0253132752383994,0.109399232082698,0.3114946228746226,0.3402185552096391,0.9882441688341724,0.8391290428625786,1.9338303698728696,0.8978827047477297,1.5985953685266527,0.7871981970074426,1.8250119318188167,1.3106530367903764,2.5750782210471224,1.1619053566276316,2.382272372081297,1.006848873745897,1.64578505379668,0.4929815683127769,0.8781120018043018,0.3046297578397594,0.5743357543030041,0.2503357027304699,0.5127802182610446
2025-12-28,APCP,surface,32.0,-124.75,0.0034044926998347,0.0048413152595401,0.0002798832054221,0.0006606977134025,0.0021719513946626,0.0035221280896203,0.0,6.614502254774474e-05,0.0,0.0,0.0,0.0,0.0,0.0,0.0,3.134342650732172e-05,0.0,0.0,0.0,0.0,0.0,0.0,3.1581827956578834e-05,0.0003805780544925,0.0003521616809034,0.0003521616809034,0.0,0.0310829804638533,0.0723077525294227,0.1905657569103834,0.1719659013199933,0.4527298273920555,0.4286369421909323,1.0202561433994874,0.9543193211645448,2.1673917807252283,1.153486338188901,2.169827696721253,0.9199061545085344,1.867173305310452,0.8764455314925019,1.7459864552250717,0.7952076083838138,1.3809180704161257,0.481220924986831,0.9652245874867066,0.5509328274498044,1.6153620002803148,1.438415359861589,2.8772802063248104,1.831019028997241,3.711106563985528,1.3595247226807228,2.113861495529131,0.5705356038951173,1.011755391562322
2025-12-29,APCP,surface,32.0,-124.75,6.592306876689577e-05,6.592306876689577e-05,0.0,0.0,0.0,0.0,0.0,3.134342650732172e-05,0.0,0.0,0.0,7.051024229774461e-05,0.0003875141846986,0.0039091263166314,0.0298264078534215,0.0969333245407433,0.1546162007279411,0.3362948201794022,0.3058645505105475,0.6609389367559334,0.4130815105186046,0.9236163170185304,0.5053968379636727,1.2743125884737454,1.109071053870819,2.336997332575769,1.335195025768881,2.8591964358963255,1.5857373907735313,2.9078333621692583,1.00381239270388,1.9075831740414229,0.5122696247564457,0.8357552313162435,0.2252335905728874,0.4515835710066703,0.2483777885018815,0.8286440294543636,1.2694207574509753,2.933510390231615,1.4795684412070202,2.681806891283108,1.553073901409461,3.272095772309243,1.6679527936918008,2.858261179824197,0.6721322615187143,1.1934957434486326,0.4343889696993278,0.8005912218857845,0.377805681649828,0.7275127152403313,0.3132247684562401,0.6318705880698583,0.3811603757481641,0.7045272534886118
2025-12-30,APCP,surface,32.0,-124.75,0.0,0.0,0.0,0.0,0.0004934743134378,0.0147095901915216,0.017984760624053,0.0278188805589071,0.0514935858373783,0.1900759002079807,0.2987499215420488,0.6836836558074397,0.4930982575020972,1.076898552210587,0.7839551791097495,1.6825984238102576,1.0289002132014895,2.060484983246222,1.1734648963242214,2.370696645126366,1.200597776253749,2.3362529409259354,0.8335052914232496,1.4799732278185722,0.5010177756064477,0.872663826572496,0.3055112449946869,0.6119608237268414,0.3639346475838276,0.9993117954786254,1.07411034731377,2.289494806369515,1.3453950449561511,2.86004697424388,1.387207530069237,2.464745895658698,0.8112290431715107,1.372158752268048,0.3360583692861907,0.7449603894221435,0.3895334897116607,0.6725096697901943,0.2899687593247488,0.6354169618000863,0.4104977863072822,0.8282822080228247,0.3964344853605399,0.8299695269972094,0.4143126049155702,0.8099572436814291,0.4256712888825174,0.9220249408080372,0.5661017900945626,1.13024640403192,0.5289727854298634,1.0687741139518852
2025-12-31,APCP,surface,32.0,-124.75,0.1084003592503236,0.3784238737724467,0.3700535258806413,0.7096709237564938,0.7511652078255583,1.5618431287521883,0.9813592070899466,2.3613905340398085,1.5415640051294874,3.097385929774871,1.5394611989834053,3.0394456491704815,1.482600282955856,2.8439558384647343,0.9622457360237192,1.692863656576237,0.6458644176096735,1.164567862244427,0.3737215164588182,0.5686965711002343,0.0732767105607836,0.1177984336122474,0.0285798574869345,0.0727142623898482,0.1247628674052091,0.6320017447409325,0.8291566929706307,1.6643135958589932,0.7508424265581117,1.6209182636102066,0.949998881526962,2.002909369252577,0.7170731285612599,1.286509657776628,0.9362576865191662,2.378773001770627,1.985128504713931,4.405434256024452,2.4033614485740458,4.843531499412201,2.0784166295222297,3.624956165287366,1.2919167693265043,2.351910760854487,1.072200178947971,2.296403549300356,1.105687262859164,2.3452588703706976,1.385753109480119,2.4028319543976577,1.062757571892165,2.3270383753857597,1.4019845193182805,2.806642301644676,1.3597041388198146,2.8403481164385935
2026-01-01,APCP,surface,32.0,-124.75,0.9140439374546578,1.9119172919092309,1.23106756848086,2.7806036854411667,1.6496649310185036,3.1107191893769306,0.9036546551159276,1.585101369576519,0.5389570750571236,0.960169293532116,0.3336401098859411,0.5577029688008243,0.0900919675599289,0.154957696458022,0.0474476528699235,0.10586542112598,0.1379552278148376,0.5250051403250253,0.8291158410459303,2.189185493854432,1.4800656015220224,2.673332467361668,0.8567635833319542,1.615276871245892,0.6657999445954838,1.4246520114825716,0.9236269384085348,2.2497268727353763,1.8930749213770557,4.200954043266876,2.485522766468121,4.637873877384225,1.6045326570732166,2.760822219617633,1.2712573837373302,2.610968756465942,1.3121525870400612,2.584655736870922,1.1850455431390738,2.3096031755413833,0.748236121141275,1.2384892221493131,0.4076397814816427,0.7598540492210791,0.2902886286253586,0.5999130135457815,0.4641542188217362,1.0456860723691408,0.6284554349491298,1.3155521619559216,0.6503993748534108,1.179337435203619,0.3877850748061091,0.6681710245954273,0.1275607286905842,0.1829479606191252
2026-01-02,APCP,surface,32.0,-124.75,0.5534409935563785,0.9507454676681404,0.2940437022361983,0.4616220636930434,0.1037183346984146,0.1880398406677184,0.0861633313165988,0.2502593758238618,0.4451927364777311,1.4144334569195527,1.2016767384316407,2.321757445471482,1.0541702632533976,2.158631957724625,1.303982577532821,2.811532818261141,1.0899417602228023,2.0224233736627406,0.9876039505041876,2.132176013368001,1.311476517035752,2.6974591424061103,1.392257352408405,2.7095036079756096,0.8707858842967953,1.572220457579754,0.6326687401011779,1.1930334012054369,0.4554671513835318,1.1721097275625427,1.0861826285602132,2.052474762011875,0.664314448205206,1.1168982700756351,0.3595513520028266,0.6960568108088314,0.3197616057640768,0.5748654796376806,0.2624989046122281,0.4992435647374519,0.1877736167080767,0.504999566583707,0.5312586093173772,1.0980304532225458,0.4250105916755351,0.8391480705418396,0.3734436175133167,0.7956196040827744,0.4347937626580595,0.7810841578372861,0.2669237211598546,0.4162050936505662,0.1267356414954413,0.2106445480902157,0.0869642031747507,0.1763230473043267
2026-01-03,APCP,surface,32.0,-124.75,0.5592225341202354,1.5184738973924987,1.1533182810516454,2.19975509240855,0.8844472811226738,1.9590866743959643,1.2897488694942074,2.602226269573413,0.7718083396287834,1.43513871620875,0.8420898210453084,1.922900862057777,1.2534494365778075,2.4123753739549056,1.061555879774826,2.1188360217386815,0.8946050091072713,1.5760881761365808,0.66162942317295,1.3913732248422763,0.6946102990116472,1.394456393437534,1.001445180413814,2.065247430438288,0.8983037656324742,1.5923353033882826,0.5541864867756932,1.0679283104240382,0.4541020217108906,0.7798063017080624,0.1653822387229961,0.2766588603188127,0.1172830046916054,0.3371583959448019,0.3562083823703334,0.7226193019720863,0.3016005615993106,0.581781035673687,0.4194265223384074,0.859208446133561,0.3492039599713619,0.6366438648433027,0.2040388852408163,0.317257392711913,0.0488628822605584,0.0752623309252232,0.0121032401233927,0.0243324418402283,0.0093952772899054,0.0232636594183508,0.0067552805482124,0.0103785081299645,0.0016383522271688,0.0034282090485705,0.0010164369625185,0.0013602533493107
2026-01-04,APCP,surface,32.0,-124.75,0.6822813129311419,1.224661874148964,0.8401791630334615,1.9370443510222193,1.2303579023639275,2.407439930755058,1.0497028881729675,2.0955380451219394,0.9958905792343448,1.8022921159098375,0.923050010253098,1.867053303365248,0.6012883304714127,0.9990072860563808,0.5630753406016012,1.3449641943608897,0.721297686942725,1.1254501975861742,0.2161243316923475,0.3545036167158825,0.0829814119464421,0.1432782786973388,0.0574522537843217,0.1339035351677835,0.0726456062875894,0.1729365922156003,0.1536012086949476,0.3109642847320427,0.1441661320572818,0.2297273509234428,0.0311418662974472,0.0420765338406894,0.0009069408217429,0.002149138350464,0.00562581228741,0.0245489756056201,0.0126404293096633,0.0235254986871487,0.008934905785715,0.0111671373740168,0.0003396987526611,0.0008649203510607,0.0,0.0,0.0,0.0,0.0006190646256052,0.0006518023378493,0.0,0.0,0.0,0.0,0.0,0.0,0.0007090783864799,0.0009321817077745
2026-01-05,APCP,surface,32.0,-124.75,0.6402171267364337,1.1692485813534716,0.7906658132302431,1.61415981378855,0.6273125362003333,1.3797020323476907,1.050661402301569,2.0068561114741774,0.6811788215056536,1.0785695350548563,0.2822057478092399,0.5462589048067723,0.2067969738013419,0.3028280648393325,0.068152170858119,0.1231509671817173,0.0525769002536785,0.1036128775516959,0.0613583363988769,0.1691935492350607,0.1219084728396412,0.1900702059749892,0.0563017085982104,0.1272666466483753,0.1264633329284289,0.3393162949274786,0.3232470820280358,0.6273443502591582,0.2267744508970174,0.3697550317629615,0.1222931908004256,0.1623620764473028,0.0044236338792062,0.0057352984476135,0.0014639001215279,0.0026391195034684,0.0005565679534441,0.0010823982031096,0.0004398760543381,0.0008106780518001,0.0001855228457383,0.0003709238444693,0.0,0.0,0.0,0.0,0.0003297440175756,0.0004238878629575,0.0,0.0,0.0,0.0,0.0,0.0,0.0009429230467305,0.0010066722387265
2026-01-06,APCP,surface,32.0,-124.75,0.7481588667017833,1.1774026651043668,0.2875008806275579,0.5588068175851707,0.2832238667562131,0.4670638015182897,0.0917897957036456,0.1529026135056924,0.0516653133003895,0.0934776476420053,0.0638473242805384,0.1938296778044434,0.1201401716975253,0.2318254941502566,0.1094959873449704,0.287533185206184,0.2153565258406976,0.4819964916867065,0.2884328528600459,0.5806677604953644,0.2035064720117447,0.3506927340251746,0.0498891679861713,0.0765179317865374,0.0083249796525636,0.0160451213821543,0.0044199047049814,0.0085640911460159,0.0021121366852955,0.003536421047066,0.0007728285029611,0.00092773197962,0.0,0.0,0.0,0.0,0.0,0.0,0.0003183942115957,0.0004453757343396,0.0,0.0,0.0,0.0,0.0,0.0,0.0003496199904048,0.0005693682030449,0.0,0.0,0.0,0.0,0.0,0.0,3.307251127387237e-05,6.614502254774474e-05
2026-01-07,APCP,surface,32.0,-124.75,0.1350050050070865,0.2523198565021775,0.1403082019084204,0.3347963699137011,0.1284254526833187,0.2131880299629696,0.1104901195393924,0.322120983600148,0.2833484009091426,0.6081916333016143,0.3146869498022397,0.6989257564786194,0.256905987065758,0.4212259656621293,0.0540188051102292,0.0762327714172696,0.0024566580418646,0.0051293101075051,0.0035856689228221,0.0069707978697798,0.0008667433835802,0.001454049040803,0.0001858860492533,0.0003099299751261,0.0,0.0,0.0,0.0,0.0,0.0,0.0001910377862289,0.0002864362966046,0.0,0.0,0.0,0.0,0.0,0.0,0.0001254896550149,0.000156712993087,0.0,0.0,0.0,0.0,0.0,0.0,9.354933717386224e-05,0.0001559960133179,0.0,0.0,0.0,0.0,0.0,0.0,0.0001561161017532,0.0003456790287961
2026-01-08,APCP,surface,32.0,-124.75,0.3259614430264392,0.6885640898899154,0.3293687269115476,0.6960494554939359,0.251775935963121,0.444181463400126,0.1019092291306383,0.1244823258494483,0.0038960835216356,0.0057980662459273,0.0031357114230295,0.0055880295787144,0.0011774044480098,0.0017648319522399,0.0003123801670981,0.0006836660402814,0.0,0.0,0.0,0.0,0.0,0.0,0.000223879232177,0.0002860845542366,0.0,0.0,0.0,0.0,0.0,0.0,0.0001894422500007,0.0003459168416384,0.0,0.0,0.0,0.0,0.0,0.0,3.1581827956578834e-05,9.47454838697365e-05,0.0,0.0,0.0,0.0,0.0,0.0,0.0001247726752459,0.0002822740187985,0.0,0.0,0.0,0.0,0.0,0.0,6.316365591315767e-05,9.601358986911088e-05
2026-01-09,APCP,surface,32.0,-124.75,0.0120514429373949,0.0135453901934795,0.0014053409129963,0.0017475796948055,0.0001235600501515,0.0002161387025096,0.0004663096889844,0.000868938988675,0.0,0.0,0.0,0.0,0.0,0.0,0.0003586055048118,0.0004525151048889,0.0,0.0,0.0,0.0,0.0,0.0,0.0001600528496061,0.0003788522607291,0.0,0.0,0.0,0.0,0.0,0.0,3.1581827956578834e-05,9.426631694293963e-05,0.0,0.0,0.0,0.0,0.0,0.0,0.0001254896550149,0.0002196358787482,0.0,0.0,0.0,0.0,0.0,0.0,0.0,0.0,0.0,0.0,0.0,0.0,0.0,0.0,0.0,0.0
2026-01-10,APCP,surface,32.0,-124.75,0.0,0.0,0.0,0.0,0.0,0.0,0.0005152111042173,0.0005774164262769,0.0,0.0,0.0,0.0,0.0,0.0,0.0002539606766645,0.000412401570127,0.0,0.0,0.0,0.0,0.0,0.0,6.26844889863608e-05,0.0001567106242843,0.0,0.0,0.0,0.0,0.0,0.0,6.23259991018221e-05,0.0002494240848425,0.0,0.0,0.0,0.0,0.0,0.0,0.0,0.0,0.0,0.0,0.0,0.0,0.0,0.0,0.0,0.0,0.0,0.0,0.0,0.0,0.0,0.0,0.0,0.0
2026-01-11,APCP,surface,32.0,-124.75,0.0,0.0,0.0,0.0,0.0,0.0,0.0002872642160925,0.0004468275728414,0.0,0.0,0.0,0.0,0.0,0.0,6.26844889863608e-05,0.0002193951132706,0.0,0.0,0.0,0.0,0.0,0.0,3.1102661029781966e-05,0.0001557546592334,0.0,0.0,0.0,0.0,0.0,0.0,0.0,3.1581827956578834e-05,0.0,0.0,0.0,0.0,0.0,0.0,0.0,0.0,0.0,0.0,0.0,0.0,0.0,0.0,0.0,0.0,0.0,0.0,0.0,0.0,0.0,0.0,0.0,0.0
2026-01-12,APCP,surface,32.0,-124.75,0.0,0.0,0.0,0.0,0.0,0.0,0.0001272089976837,0.0001894143197432,0.0,0.0,0.0,0.0,0.0,0.0,9.354933717386224e-05,0.0001868573202632,0.0,0.0,0.0,0.0,0.0,0.0,0.0,0.0,0.0,0.0,0.0,0.0,0.0,0.0,0.0,0.0,0.0,0.0,0.0,0.0,0.0,0.0,0.0,0.0,0.0,0.0,0.0,0.0,0.0,0.0,0.0,0.0,0.0,0.0,0.0,0.0,0.0,0.0,0.0,0.0
2026-01-13,APCP,surface,32.0,-124.75,0.0,0.0,0.0,0.0,0.0,0.0,6.23259991018221e-05,0.0002502593728512,0.0,0.0,0.0,0.0,0.0,0.0,0.0,0.0,0.0,0.0,0.0,0.0,0.0,0.0,0.0,0.0,0.0,0.0,0.0,0.0,0.0,0.0,0.0,0.0,0.0,0.0,0.0,0.0,0.0,0.0,0.0,0.0,0.0,0.0,0.0,0.0,0.0,0.0,0.0,0.0,0.0,0.0,0.0,0.0,0.0,0.0,0.0,0.0
2026-01-14,APCP,surface,32.0,-124.75,0.0,0.0,0.0,0.0,0.0,0.0,6.328196415272572e-05,0.000126682236545,0.0,0.0,0.0,0.0,0.0,0.0,0.0,0.0,0.0,0.0,0.0,0.0,0.0,0.0,0.0,0.0,0.0,0.0,0.0,0.0,0.0,0.0,0.0,0.0,0.0,0.0,0.0,0.0,0.0,0.0,0.0,3.3401678364183465e-05,0.0,0.0,0.0,0.0,0.0,0.0,0.0,0.0,0.0,0.0,0.0,0.0,0.0,0.0,0.0,0.0
2026-01-15,APCP,surface,32.0,-124.75,3.372515360655067e-05,3.372515360655067e-05,0.0,0.0,0.0,0.0,3.170013619614688e-05,3.170013619614688e-05,0.0,0.0,0.0,0.0,0.0,0.0,0.0,0.0,0.0,0.0,0.0,0.0,0.0,0.0,0.0,0.0,0.0,0.0,0.0,0.0,0.0,0.0,0.0,0.0,0.0,0.0,0.0,0.0,0.0,0.0,0.0,0.0,0.0,0.0,0.0,0.0,0.0,0.0,0.0,0.0,0.0,0.0,0.0,3.0859550786033146e-05,0.0014833315218655,0.0034878047388757,0.0010966150200815,0.0023899870381275
2026-01-16,APCP,surface,32.0,-124.75,0.0,0.0,0.0,0.0,0.0,0.0,0.0,0.0,0.0,0.0,0.0,0.0,0.0,0.0,0.0,0.0,0.0,0.0,0.0,0.0,0.0,0.0,0.0,0.0,0.0,0.0,0.0,0.0,0.0,0.0,0.0,0.0,0.0,0.0,0.0,0.0,0.0,0.0,0.0,0.0,0.0,0.0,0.0,0.0,0.0,0.0,0.0,0.0,0.0,0.0,0.0,0.0,0.0001695400181884,0.0006722796313163,0.0003646791768898,0.000399540766538
2026-01-17,APCP,surface,32.0,-124.75,0.016791636756013,0.0326464343539654,0.0112582412080069,0.0246868962822618,0.0121940825746872,0.0219812752991706,0.0058172346750568,0.0226123552131104,0.0151139192851365,0.0281408325920379,0.0081757104301268,0.0213204783569364,0.0107030478229675,0.0197450714671951,0.0059215389374811,0.0218560885260219,0.0128526599646954,0.0249447844285548,0.0083225777881791,0.0201202479189917,0.0112145892923293,0.0204343696542801,0.0061157984946612,0.0196859771872513,0.0140306453369689,0.0254846436427793,0.0077329022778207,0.0199236419108885,0.010095691587788,0.0193141263563237,0.0064553752139682,0.0202412696590605,0.0125840076632129,0.0222846413828755,0.0068678559227274,0.0181001356421907,0.0099719063130447,0.0175011819284192,0.0057849921758754,0.0183097067827919,0.0129200612098349,0.0212159215350753,0.0078017127455942,0.0167549532522392,0.0112184427016727,0.0198338249438093,0.0062823840191635,0.0192799978184696,0.0094227270775553,0.0173508697413231,0.0053988510863518,0.0143865140570486,0.0091193871711108,0.0159927324919263,0.0044373749355267,0.0163257834045282
2026-01-18,APCP,surface,32.0,-124.75,0.016791636756013,0.0326464343539654,0.0112582412080069,0.0246868962822618,0.0121940825746872,0.0219812752991706,0.0058172346750568,0.0226123552131104,0.0151139192851365,0.0281408325920379,0.0081757104301268,0.0213204783569364,0.0107030478229675,0.0197450714671951,0.0059215389374811,0.0218560885260219,0.0128526599646954,0.0249447844285548,0.0083225777881791,0.0201202479189917,0.0112145892923293,0.0204343696542801,0.0061157984946612,0.0196859771872513,0.0140306453369689,0.0254846436427793,0.0077329022778207,0.0199236419108885,0.010095691587788,0.0193141263563237,0.0064553752139682,0.0202412696590605,0.0125840076632129,0.0222846413828755,0.0068678559227274,0.0181001356421907,0.0099719063130447,0.0175011819284192,0.0057849921758754,0.0183097067827919,0.0129200612098349,0.0212159215350753,0.0078017127455942,0.0167549532522392,0.0112184427016727,0.0198338249438093,0.0062823840191635,0.0192799978184696,0.0094227270775553,0.0173508697413231,0.0053988510863518,0.0143865140570486,0.0091193871711108,0.0159927324919263,0.0044373749355267,0.0163257834045282
2026-01-19,APCP,surface,32.0,-124.75,0.016791636756013,0.0326464343539654,0.0112582412080069,0.0246868962822618,0.0121940825746872,0.0219812752991706,0.0058172346750568,0.0226123552131104,0.0151139192851365,0.0281408325920379,0.0081757104301268,0.0213204783569364,0.0107030478229675,0.0197450714671951,0.0059215389374811,0.0218560885260219,0.0128526599646954,0.0249447844285548,0.0083225777881791,0.0201202479189917,0.0112145892923293,0.0204343696542801,0.0061157984946612,0.0196859771872513,0.0140306453369689,0.0254846436427793,0.0077329022778207,0.0199236419108885,0.010095691587788,0.0193141263563237,0.0064553752139682,0.0202412696590605,0.0125840076632129,0.0222846413828755,0.0068678559227274,0.0181001356421907,0.0099719063130447,0.0175011819284192,0.0057849921758754,0.0183097067827919,0.0129200612098349,0.0212159215350753,0.0078017127455942,0.0167549532522392,0.0112184427016727,0.0198338249438093,0.0062823840191635,0.0192799978184696,0.0094227270775553,0.0173508697413231,0.0053988510863518,0.0143865140570486,0.0091193871711108,0.0159927324919263,0.0044373749355267,0.0163257834045282
2026-01-20,APCP,surface,32.0,-124.75,0.016791636756013,0.0326464343539654,0.0112582412080069,0.0246868962822618,0.0121940825746872,0.0219812752991706,0.0058172346750568,0.0226123552131104,0.0151139192851365,0.0281408325920379,0.0081757104301268,0.0213204783569364,0.0107030478229675,0.0197450714671951,0.0059215389374811,0.0218560885260219,0.0128526599646954,0.0249447844285548,0.0083225777881791,0.0201202479189917,0.0112145892923293,0.0204343696542801,0.0061157984946612,0.0196859771872513,0.0140306453369689,0.0254846436427793,0.0077329022778207,0.0199236419108885,0.010095691587788,0.0193141263563237,0.0064553752139682,0.0202412696590605,0.0125840076632129,0.0222846413828755,0.0068678559227274,0.0181001356421907,0.0099719063130447,0.0175011819284192,0.0057849921758754,0.0183097067827919,0.0129200612098349,0.0212159215350753,0.0078017127455942,0.0167549532522392,0.0112184427016727,0.0198338249438093,0.0062823840191635,0.0192799978184696,0.0094227270775553,0.0173508697413231,0.0053988510863518,0.0143865140570486,0.0091193871711108,0.0159927324919263,0.0044373749355267,0.0163257834045282
2026-01-21,APCP,surface,32.0,-124.75,0.016791636756013,0.0326464343539654,0.0112582412080069,0.0246868962822618,0.0121940825746872,0.0219812752991706,0.0058172346750568,0.0226123552131104,0.0151139192851365,0.0281408325920379,0.0081757104301268,0.0213204783569364,0.0107030478229675,0.0197450714671951,0.0059215389374811,0.0218560885260219,0.0128526599646954,0.0249447844285548,0.0083225777881791,0.0201202479189917,0.0112145892923293,0.0204343696542801,0.0061157984946612,0.0196859771872513,0.0140306453369689,0.0254846436427793,0.0077329022778207,0.0199236419108885,0.010095691587788,0.0193141263563237,0.0064553752139682,0.0202412696590605,0.0125840076632129,0.0222846413828755,0.0068678559227274,0.0181001356421907,0.0099719063130447,0.0175011819284192,0.0057849921758754,0.0183097067827919,0.0129200612098349,0.0212159215350753,0.0078017127455942,0.0167549532522392,0.0112184427016727,0.0198338249438093,0.0062823840191635,0.0192799978184696,0.0094227270775553,0.0173508697413231,0.0053988510863518,0.0143865140570486,0.0091193871711108,0.0159927324919263,0.0044373749355267,0.0163257834045282
2026-01-22,APCP,surface,32.0,-124.75,0.020214202975282,0.0448860525760254,0.0209131662373407,0.0587065440356218,0.0732903374331503,0.1392127992694374,0.0581596164181716,0.122560464456026,0.023933730916301,0.0377512252525924,0.0149004368570548,0.0331628485986541,0.0262165887393523,0.040466748940433,0.0225219577196662,0.064124950349637,0.0477184543573138,0.1072822991505849,0.0577578140758996,0.1185489730020338,0.0518066777865072,0.0832574818624286,0.026465789471921,0.0538440776595755,0.0126545219883025,0.0171941602179206,0.0021762060187694,0.0035800429699817,0.0005984592793992,0.001651709337819,0.0002104555108436,0.0004908316288603,7.021742620142144e-05,0.0014662390203418,0.0011006574562578,0.0075271248646522,0.005845385844261,0.0100350700151296,0.0032700671858702,0.0069549308361961,0.0024890700261343,0.0119244816380805,0.0169822172729534,0.0422387961121048,0.0128850720075011,0.0147034930929862,9.257865235809945e-05,0.0001885085418301,0.0001268553871173,0.0168455337395975,0.1098169128840074,0.2022877325927088,0.0782382912344861,0.1238446048384417,0.0262346406521852,0.0529898593082058
2026-01-23,APCP,surface,32.0,-124.75,0.0579179419476696,0.0905305357830288,0.0305113903500644,0.0670715633007637,0.01341085871601,0.0293995511828554,0.0053243114242296,0.0226123552131104,0.0187168653278449,0.0451400970632574,0.0400250946429268,0.0941225383462,0.0470482307810502,0.0792732752670041,0.0181551465952569,0.0287634264310196,0.0044666025833283,0.0066726291412513,0.0015459406416142,0.0025642263945175,0.0007031507611068,0.0016502023930446,0.0008771698780843,0.0026212422676612,0.0019954424431742,0.0032207632109912,0.0006291927751328,0.0009783989769496,3.476154644645292e-05,3.476154644645292e-05,0.0,0.0001545414479449,0.0008971173000729,0.0030986008831373,0.0011259261303401,0.0012205384832534,0.0,0.0,0.0,0.0001235600501515,0.0018937110725415,0.0040041040834364,0.0035147069057338,0.0050405406424828,0.0015619980648613,0.001967969502664,0.0001578734892128,0.0003462570091124,3.0859550786033146e-05,3.0859550786033146e-05,6.171910157206629e-05,0.0004322774050192,0.0007113525116328,0.0007422120624188,6.196279558686595e-05,0.0003401861406907
2026-01-24,APCP,surface,32.0,-124.75,0.0293470753331438,0.0642684810293233,0.0511077931806917,0.1075245972089329,0.0541707774743599,0.0882034489026252,0.0183235592987751,0.0353626468398215,0.0111905666258491,0.0118941055852346,0.0,3.515773850254881e-05,0.0,7.051024229774461e-05,0.0,0.0004225745405548,0.0009129969416448,0.0025527381261052,0.0020595506823323,0.0055695271884444,0.0037409424803848,0.0100240312609707,0.0059865974943065,0.0121923752014299,0.0027870679670589,0.0047404618206867,0.0029648512211933,0.0090039963622028,0.0051829897003037,0.0122244601846242,0.0027445179921934,0.0083589558980444,0.0268191289829592,0.2968416802362424,0.3587221525493049,0.4984281415392179,0.0736064215888236,0.1075792124554525,0.0264750737057266,0.0619656386454401,0.0365233124373015,0.0614006510924637,0.029408796201499,0.0667719710109619,0.0470471113799908,0.0589905419016779,0.014098887980907,0.0195850940072259,0.0004434489732897,0.0007300455345326,0.0001317345371062,0.0002948325475369,3.2961534383447884e-05,6.592306876689577e-05,0.0,0.0
2026-01-25,APCP,surface,32.0,-124.75,0.0115175120052678,0.012466165296005,0.0001056679808002,0.0001056679808002,0.0,0.0001410204845954,3.5255121148872307e-05,0.0001408257193028,0.0002462982666531,0.0007738551025439,0.001159014763779,0.0039583720611413,0.0051579295900617,0.0148101060402528,0.0066808297399454,0.0130605624324081,0.0064466818638782,0.013276738105376,0.0060590640421796,0.0167330757055897,0.011040161313864,0.0167117840043867,0.0053906785868785,0.0604822008437259,0.0420680496103042,0.0663299982270142,0.0041321553694763,0.006906048623008,0.0013374314998246,0.0021272984336004,0.0001298162856362,0.0001298162856362,0.0,0.0,0.0,0.0018012660535824,0.0011147134843978,0.0013618335847009,0.0,0.0,0.0,0.0,0.0,0.0,0.0,0.0,0.0,0.0012684061017934,0.0052102754925174,0.0096597524289368,0.0019185210476452,0.0247125399200234,0.0134338370401474,0.0152055562465151,6.171910157206629e-05,9.257865235809945e-05
2026-01-26,APCP,surface,32.0,-124.75,7.041285965142112e-05,0.0007033435259355,0.001439390217659,0.0045170069725787,0.0048121414153901,0.0120304749845629,0.0064661094504738,0.0115485367587038,0.0087135958917224,0.0171788369697292,0.0091327633519143,0.021377021425755,0.0085279823605818,0.0154012085445556,0.050791600333905,0.2668772122017683,0.2184063820067265,0.3145760492953446,0.0183519722055888,0.0242584868681952,0.0021185998921044,0.0024371528538386,0.0002784658715765,0.0002784658715765,0.0,0.0,0.0044942885873998,0.0072830620126329,0.0011572650088539,0.0017144404460219,0.0007470631417416,0.0009047315040955,0.0,0.0,0.0,0.0,0.0,0.0,0.0,0.0,0.0,0.0,0.0,0.0,0.0,3.0859550786033146e-05,0.0,0.0,0.0,0.0,0.0,0.0,0.0,0.0,0.0,0.0005250997513921
2026-01-27,APCP,surface,32.0,-124.75,0.0096116825813398,0.0182742936414701,0.0069024540197035,0.0137755369731665,0.0073461674371556,0.0165059703114307,0.0306540757847308,0.3341884421135757,0.4164457221330954,0.6904953637271524,0.1982707823716321,0.2929239288913106,0.0350596862586296,0.0680695820547163,0.0050979931777368,0.0055347431814364,0.0003704364564397,0.0037719282359278,0.0038746824026586,0.0046793329466398,0.0001856441089747,0.0002799133833479,0.0001265639283054,0.0002217820469778,0.0,0.0,0.0,0.0,0.0,0.0,6.328196415272572e-05,0.0001265639283054,0.0,0.0,0.0,0.0,0.0,0.0,0.0,0.0,0.0,0.0,0.0,0.0,0.0,0.0,0.0,0.0010732561952713,0.0352325711030583,0.1443565011335348,0.2069250705807476,0.4757236644779199,0.2121645485659216,0.4289909839258199,0.1854800916663735,0.3599692046235028
2026-01-28,APCP,surface,32.0,-124.75,0.5344455081804663,0.8695816284735995,0.1891150575897005,0.2506751483577896,0.0641539785784184,0.1095476749893217,0.0131210682332993,0.0153706768147718,0.0,0.0001234382031441,0.0004011741602184,0.0004320337110044,0.0,0.0,0.0001265639283054,0.0002847096845674,0.0,0.0,0.0,0.0,0.0,0.0,0.0001265639283054,0.0001898458924581,0.0,3.0859550786033146e-05,0.0,0.0,0.0,0.0,0.0,0.0,0.0,0.0,0.0,0.0,0.001042350503935,0.0516958513686157,0.0804384271757163,0.1121484221720997,0.0184712195495082,0.0280327224470486,0.0091075320301993,0.0102578148644471,6.171910157206629e-05,6.171910157206629e-05,0.0004327647930488,0.0033144481330288,0.0122104216085795,0.0156637899508888,0.0001292447062261,0.0001292447062261,0.0,0.0,0.0,0.0
2026-01-29,APCP,surface,32.0,-124.75,0.0,0.0,0.0004320337110044,0.0004320337110044,0.0,0.0,0.0001265639283054,0.0001898458924581,0.0,0.0,0.0,0.0,0.0,0.0,9.49821003488726e-05,0.0002812272232578,0.0,0.0,0.0,0.0,0.0,0.0,0.0,0.0,0.0,0.0019768366179098,0.0580048727008082,0.2241532049438576,0.1341055772325044,0.1620490699899286,0.0166345377798403,0.0304983308495535,0.0042230996460673,0.0042853043819328,0.0,0.0,0.0,0.0,0.0,0.0002006269910654,0.0,0.0,0.0,0.0,0.0,0.0,0.0,0.0,0.0,0.0,0.0,0.0,0.0,0.0,0.0,0.0
2026-01-30,APCP,surface,32.0,-124.75,0.0,0.0,0.0,0.0,0.0,0.0,9.49821003488726e-05,0.000126682236545,0.0,0.0,0.0,0.0,0.0,0.0,0.0,0.0,0.0,0.0,0.0,0.0068345427014549,0.0052230722619211,0.0152119718540037,0.0107407296074048,0.0159269710775407,0.0006545521782107,0.0006545521782107,0.0,0.0,0.0,0.0,0.0,0.0,0.0,0.0,0.0,0.0,0.0,0.0,0.0,0.0,0.0,0.0,0.0,0.0,0.0,0.0,0.0,0.0,0.0,0.0,0.0,0.0,0.0,0.0,0.0,0.0
2026-01-31,APCP,surface,32.0,-124.75,0.0,0.0,0.0,0.0,0.0,0.0,6.340027239229376e-05,0.000126682236545,0.0,0.0,0.0019525298963963,0.0703817875894605,0.0579632322005186,0.0623224185899203,0.000803322512725,0.0012353562237294,0.0,0.0,0.0,0.0,0.0,0.0,0.0,0.0,0.0,0.0,0.0,0.0,0.0,0.0,0.0,0.0,0.0,0.0,0.0,0.0,0.0,0.0,0.0,0.0,0.0,0.0,0.0,0.0,0.0,0.0,0.0,0.0,0.0,0.0,0.0,0.0,0.0001340399205862,0.0019055747362227,0.0017343554343875,0.0033153027929176
2026-02-01,APCP,surface,32.0,-124.75,0.0,0.0,0.0,0.0034449438398404,0.0220051644955409,0.0272833018082237,0.0009600501967044,0.0012697405763182,0.0,0.0,0.0,0.0,0.0,0.0,0.0,0.0,0.0,0.0,0.0,0.0,0.0,0.0,0.0,0.0,0.0,0.0,0.0,0.0,0.0,0.0,0.0,0.0,0.0,0.0,0.0,0.0,0.0,0.0,0.0,3.5255121148872307e-05,0.0020222312293515,0.0079494655325846,0.0002740104661898,0.0013874285521534,0.0033162200613685,0.004889148672947,0.0087484969367766,0.0291787499721349,0.0274568878077915,0.0520642855042349,0.0326275814429199,0.0784876722180955,0.0610501421394404,0.1393714730789648,0.1203104924518478,0.2458079990092353
2026-02-02,APCP,surface,32.0,-124.75,0.0,0.0,0.0,0.0,0.0,0.0,3.1581827956578834e-05,3.1581827956578834e-05,0.0,0.0,0.0,0.0,0.0,0.0,3.1581827956578834e-05,3.1581827956578834e-05,0.0,0.0,0.0,0.0,0.0,0.0,0.0,0.0,0.0,0.0,0.0,0.0,0.0,0.0,0.0,0.0,0.0,0.0,0.0,0.0017631984088135,0.0025616589551932,0.0062181437027345,0.0047763178382598,0.029725403358913,0.0330834046066559,0.0462634654917868,0.0011977621795809,0.0014669299404329,0.00065612645917,0.0031215112315591,0.0058273300392665,0.0259647101578667,0.0133916551072396,0.0142348604587156,3.2511414033617017e-05,3.2511414033617017e-05,0.0,0.0,0.0001003134955327,0.0014700931614812
2026-02-03,APCP,surface,32.0,-124.75,0.0,0.0,0.0,0.0,0.0,0.0,3.1581827956578834e-05,9.47454838697365e-05,0.0,0.0,0.0,0.0,0.0,0.0,0.0,0.0,0.0,0.0,0.0,0.0,0.0,0.0,0.0,0.0009726170574896,0.0002421164720637,0.000345282218224,0.0001366424018389,0.0032783882072778,0.0040283354471053,0.0062660430805638,0.0033665600991502,0.0123034159234615,0.0033500224586136,0.0034495666564226,3.284993395595321e-05,3.284993395595321e-05,0.0,0.0,0.0,0.0,0.0,0.0,0.0,0.0,0.0,0.0003123155559417,0.0019004791594531,0.0164775704164239,0.044857268177934,0.0770448868769992,0.0281809800294897,0.070163334571355,0.087980875032298,0.2399911660128562,0.1967355784265467,0.4403623727190601
2026-02-04,APCP,surface,32.0,-124.75,0.0,0.0,0.0,0.0,0.0,0.0,0.0,0.0,0.0,0.0,0.0,0.0,0.0,0.0,0.0,0.0,0.0,0.0006595380591085,0.0058398934327414,0.0440902789940323,0.0447037866643483,0.0540664332321985,0.0029991546456282,0.0183358753199307,0.0203603886805992,0.0268156458908679,0.0004199076306954,0.0007150143410012,0.0010190322407547,0.0013817188487889,0.0006259318601074,0.0010541823732777,0.0002467858480421,0.0002467858480421,0.0,0.0,0.0,0.001422944042266,0.0475439680662563,0.1949459635264737,0.1026407268127859,0.1417273074976916,0.0441691849216806,0.0806639062185184,0.0347240499039401,0.0437947071949542,0.0064761887717958,0.0085873740082155,0.0005793334401026,0.0010918061103395,0.001638584473881,0.0145158367912566,0.0416178206265458,0.1092979870221385,0.1066908996028306,0.3470454326531969
2026-02-05,APCP,surface,32.0,-124.75,0.0,0.0,0.0,0.0,0.0,0.0,0.0,0.0,0.0004150139350786,0.0017656179895363,0.002310703330907,0.016605464066544,0.0312436709584524,0.057587395290753,0.0335954025075037,0.080111753179367,0.0400905050783485,0.0553843021857134,0.0012487163173873,0.0025545626522818,0.0004344374747443,0.0004678391531085,0.000420732175564,0.001477564716587,0.0002934225643039,0.00032428211509,0.0,0.0001240451006738,0.0005899496940448,0.0035808466683475,0.0260653225466995,0.1131786288200022,0.1659287215275603,0.3816793896179122,0.1797036475057388,0.3402828123857341,0.1248406149305407,0.242041453982963,0.0533254303209133,0.0664357531377808,0.0061255991753086,0.0162449185187064,0.0026717216296416,0.0053302038066615,0.0057364448241925,0.0276745097311567,0.0573314394403719,0.1412743164384292,0.1318671139450978,0.271878907157546,0.2602061776325687,0.6034221384223178,0.3626277691387031,0.7025101517182919,0.4217350234763418,0.983207961826674
2026-02-06,APCP,surface,32.0,-124.75,0.000413672084369,0.0037860946775516,0.0079205230043882,0.0194377151933223,0.0184655424554024,0.0277333233893422,0.0185774915834026,0.0874392904725057,0.0439436079575027,0.0575839961630249,0.0005878789795554,0.0005878789795554,0.0,0.0,3.2397342095833684e-05,0.0003579570416984,0.000526071606173,0.0015172150800269,0.0032462169119914,0.008826697941781,0.032643359519844,0.077928041340308,0.121137817055631,0.3157134901883687,0.2648333138739609,0.3725235405618479,0.0796873409245072,0.1235428663910066,0.0566588062370809,0.0809436298698125,0.0026577886799874,0.0103524987287655,0.0170216435764476,0.0471220844339262,0.0602655220501104,0.3034782529084416,0.6386881239276904,1.5271218761171033,0.8306819330395491,1.657943925446196,0.6396087280541484,1.098053300021006,0.323143493425098,0.5099064029075778,0.0701610104838283,0.0965126561670276,0.0146801089453039,0.0217898580185167,0.00509321242913,0.0173508697413231,0.0171618834683163,0.0424124735901856,0.0411709214046975,0.0666474521464976,0.0156441524816227,0.036814650149006
2026-02-07,APCP,surface,32.0,-124.75,0.0332079602102595,0.0409416944370226,0.001095035616284,0.0015526685102271,0.0,0.0,0.0,0.0002474844737831,0.0030880223816497,0.0083495456569284,0.0079560649374192,0.0374183639798443,0.0995702957023546,0.2630699954351802,0.3098192374393036,0.7159185707512671,0.1614378537622241,0.2197612308868397,0.0285775233044194,0.0706046344446622,0.0226452395945728,0.0328650453658195,0.0041206063272956,0.0053981396038899,0.0095841206958807,0.0550728512838249,0.1002794765641279,0.458851580750146,0.6132679795997028,1.1359873083079302,0.3863595942953465,0.7693526679768609,0.2566771779447731,0.4706702754702995,0.2198355549103611,0.442825077058792,0.1883186196083046,0.3098765469758097,0.1103261317678848,0.2307370424885528,0.0707990927366686,0.099939565067726,0.0116030332871684,0.0160479120325191,0.0052268563624678,0.016526609311925,0.0112118197179773,0.0178565495553488,0.0019892142327774,0.0055076922120635,0.0090738959348922,0.0634958570047042,0.2088458333641483,0.4458670674685828,0.1851126947414756,0.4482872738388204
2026-02-08,APCP,surface,32.0,-124.75,0.0129544708869666,0.0245328420965468,0.0447221341791138,0.1431808553460527,0.1028989445402757,0.2778577504935745,0.3316777954127869,0.6215530078044742,0.1251340582814182,0.2191762162784266,0.1059292635184272,0.1900558577038202,0.0342355162111878,0.0451441808770738,0.0031543114514888,0.0040550642928573,0.0039302754992998,0.0246954122185065,0.0218856919575894,0.049683295393162,0.0732389502881624,0.281273751586498,0.224682230299978,0.6545974379934225,0.6563715060884924,1.501637593625591,0.9933132074185888,1.836047996803408,0.7351763247190339,1.3838221180048111,0.6785820547123725,1.3896922902660551,0.525917143223666,0.9181649627862952,0.2585992803965573,0.412543881095046,0.0793851345470919,0.1226308236210991,0.0354783774984744,0.0832009156338469,0.0165870870009923,0.0252084396097324,0.0028949520888927,0.0072156253432423,0.0251581584566999,0.0751553957096207,0.0618010223134612,0.1291864829125868,0.0481606389030264,0.0869793135921861,0.046717835213523,0.107536879076334,0.0769987487364302,0.1828845102350421,0.2795809981967271,0.7006109511380606
2026-02-09,APCP,surface,32.0,-124.75,0.2420551784177876,0.3859566231308586,0.0502621687254565,0.094612227249103,0.0225898544045259,0.0269899751111085,0.0011937769713147,0.001424939180602,0.0029264307166788,0.0143252465228378,0.0391581887210116,0.0944513129191574,0.1611082811547524,0.468482917768721,0.4269157923845389,1.083766506688286,0.8315275718989295,1.7420549884478806,0.8856976000239759,1.5916184015895631,0.6140113312725227,1.1975757906115143,0.581172738203378,1.1277853881629216,0.4417457479186752,0.745736724725045,0.2181165741326492,0.3670795854340118,0.064749747603406,0.1059046765240781,0.0515789687133752,0.1350137125013428,0.0480586116541446,0.0712460848031814,0.0159914750240153,0.0331739720653641,0.0141596836008968,0.0216354699014802,0.0047321273339296,0.0077612142349931,0.0034545774768708,0.0101523424729344,0.0437598226820742,0.175835952213695,0.1796753802594086,0.3671005719108987,0.2865466338903146,0.6827924166589541,0.4778738918421177,0.9607565845532716,0.5497243433810992,1.1322779119054656,0.3968746449219589,0.6543082510961977,0.1966369779743633,0.3609439395310669
2026-02-10,APCP,surface,32.0,-124.75,0.005849788169043,0.0160368208432957,0.0335423114977686,0.0676371875080794,0.0483763703044466,0.2731934296015404,0.4149205851272767,0.9839138830129376,0.9213864121680512,2.0332643434995186,1.0918388455040946,1.9575260725990375,0.6501268560013505,1.1778321640551137,0.4550833208991847,0.9102651720144656,0.3278117006899393,0.5401551442667809,0.1804813194105956,0.3252086923048046,0.0982669918642364,0.1594550067857258,0.060698437044456,0.1156488425723911,0.0327782613906929,0.0528924514399439,0.00661350255356,0.0265833409100811,0.0075288321941,0.011707156037961,0.0016301625136107,0.0024800449770795,0.0,0.0,3.0859550786033146e-05,0.0001851573047161,0.0039039827592271,0.0134971062844549,0.022470220221875,0.1706329497198542,0.272809749914761,0.6601295326104597,0.5166081884520275,1.042125623109763,0.5559863887908213,1.154979156813,0.5930554053970775,1.2793929037636431,0.7534477048884036,1.4057622494530746,0.639996553243687,1.3548743025964745,0.9710658997681402,2.0295476530434873,1.2352859861824448,2.709790668673471
2026-02-11,APCP,surface,32.0,-124.75,0.8664944735939821,1.9337642680878049,0.9602051821208188,1.6978011328929683,0.5064742723890516,0.9313344643507356,0.4547924025149379,0.8610796031067123,0.3349505759437436,0.5590468402260282,0.132745742992028,0.2283310924373833,0.0639639914175911,0.1325737102340454,0.0869203935823937,0.1718566408866203,0.0508892377358736,0.0716656077396364,0.0075806366714206,0.0186715815117105,0.0147144162701213,0.0214685476794877,0.00930526936963,0.0176984648585096,0.0016117398324146,0.0016117398324146,0.0,0.0,0.0,0.0003948802708367,0.0018212785409235,0.0084592806292661,0.0184649702202285,0.0747130171894656,0.0929006537726585,0.2705727805689319,0.3744176931429922,1.1642430070766143,1.1096743020498017,2.3080123912854233,1.258836399673219,2.7802838187381926,1.6146705025704473,3.192200284783554,1.3808090844136611,2.893241790241075,1.67043860774092,3.518131101397993,1.4311238238544888,2.839765250333385,1.5071808112740226,3.226246992495436,1.83956992444754,3.862855070530703,2.111973146244619,4.3265015660799975
2026-02-12,APCP,surface,32.0,-124.75,0.3262181552205371,0.545120464058795,0.1204153502658859,0.1828916196485851,0.0509680292757092,0.0999701448307351,0.059565122288399,0.135397002531571,0.0597092654947674,0.0776775693912939,0.0032182692600255,0.0056759526422736,0.0038923742389764,0.0125151058987737,0.02165949131905,0.0292547253042947,0.0009373297687121,0.0009990488702841,0.0,0.0,0.0,0.0010369212496228,0.0036479689286254,0.0136284149604273,0.0206731006393736,0.0633794961392358,0.0831047175884251,0.1921243085662659,0.1382521714672646,0.2956087661081615,0.2138464735617192,0.6810265586011136,0.717973501484268,1.5823561656760163,1.0074372406435863,2.2634284765091177,1.360797493742284,2.821966876667293,1.4121083585680765,2.7226768818455978,1.376177653934327,2.9841233315349616,1.6720717239934615,3.1589290629474,1.1183245640287385,2.070201218140245,0.8237418420873935,1.7414786719060484,1.040387048484742,2.2326932873411405,1.3571463843551412,2.4541218500236113,0.7503000102174732,1.361671136158941,0.700701711954331,1.817704272615132
2026-02-13,APCP,surface,32.0,-124.75,0.0439552893996326,0.0603458504946739,0.0052404112717975,0.0120475179246984,0.0093338980641457,0.0293929076749337,0.0121356099388729,0.0178842013269966,0.0001357498065631,0.0001357498065631,0.0003395769056537,0.0029334850297841,0.0044498536264204,0.0094690447260638,0.0114319749574938,0.0329813221663406,0.0372919864808763,0.1277834709883472,0.1254196637214508,0.3749205712850978,0.4766808789494079,1.0568523338060862,0.6399463687862271,1.4034258666592143,0.959821200905157,2.061103628695051,1.2245010691371343,2.6959079431490407,2.057044341430232,4.3584100347985455,2.277966554073174,4.29433299699832,1.851043814692668,3.3927943364128645,1.1134195938504887,2.2833686373180844,1.293294443596117,2.421776706754404,1.1464777016036312,2.2833857785243357,1.08528427145088,2.1739830706465804,1.22761145214851,2.5529948983223725,1.3172008112182647,2.5543571111196015,1.2390134918139262,2.4299601043047128,0.8859737048356464,1.3320628558043244,0.2106374290378883,0.2847627109306059,0.0210047451536387,0.0409051107251542,0.0141894902465281,0.0368993895099676
2026-02-14,APCP,surface,32.0,-124.75,0.0029792876334966,0.0036086078559103,0.0003704364564397,0.0008035615244663,0.0053680193706253,0.0147128745680217,0.0152389363209592,0.0430966608366446,0.0455150831803388,0.1409873045223106,0.1344953387755378,0.3487272068971483,0.5339801688935482,1.2709586923243128,0.7767334304881692,1.672983956964523,1.082039142119314,2.3090213650290448,1.238296911730421,2.6498805665431044,1.698666373158184,3.71829605787833,2.192962788253575,4.157789938677258,1.71779581859032,3.0995156361199627,0.9202745017050328,1.7672279573968503,0.7651163308310814,1.7253054486057526,1.3582377478146068,2.8341078788203724,1.5058423995793675,3.1677539557806167,1.7463918547357942,3.2396906620014225,1.038231147539829,1.607552571792076,0.290447322031113,0.5333167364874926,0.1150610487068002,0.1962828700937987,0.070934502082624,0.1738092076192557,0.1386390372325324,0.2265871820653218,0.0474487161866421,0.1074891125478097,0.0354236497615824,0.0880037143576969,0.0855342547106063,0.163682715375838,0.0671115677896516,0.1246888853443724,0.0600337915600711,0.1004293269527128
2026-02-15,APCP,surface,32.0,-124.75,0.0688624768706727,0.1858641825950689,0.1267805738977652,0.3470648551699684,0.480603380735646,1.2090391502881428,0.7664181459932987,1.5025650825038153,0.8726164477473695,1.877115396024368,1.076154753167324,2.2590823370194246,1.548615026464654,3.564616370367373,2.3569190895093532,4.440119395745621,1.631141135178369,3.2778509266704985,1.018066789676195,1.8793559871288212,0.6695116504748982,1.6087262980036954,1.308622949266062,2.7450865666324953,1.4876127440454818,2.997635154729147,1.5706257750913766,2.9161811682885186,0.870431292768564,1.2634135602086145,0.203111507785277,0.4021699276795759,0.1190334890932416,0.2398918773820563,0.3463821702517815,0.9518707959277958,0.6660525820224452,1.2588266921483906,0.5155944306963076,1.0050169885832334,0.2756025699566579,0.4650658244091846,0.125444889557696,0.1894373999068788,0.0284852573583128,0.0449751713487787,0.0115048438188511,0.0275321407492268,0.0095322738696073,0.020046495520298,0.0064438708186932,0.0263298384447838,0.0356944195240441,0.068167448957188,0.0301414117991675,0.0554560692749298
2026-02-16,APCP,surface,32.0,-124.75,0.7913059519183157,1.6747275153664607,1.1190815391046716,2.540815734024985,1.7393146526319478,3.893565385243664,2.286971523603863,4.319430674103779,1.8498699587734104,3.4067931477617224,0.950422266467442,1.8819933423706288,0.8875506728580524,2.049916186817136,1.4281859503112302,2.8804952680653724,1.5133683887855742,3.119001358118445,1.7456507081191512,3.246473239877205,1.060072685224229,1.568096064027348,0.2527780351570788,0.4511745824267619,0.1026854421891149,0.2068120118942079,0.3211595822855991,0.9841241305323496,0.7734013304542997,1.507180931415113,0.7618178235147968,1.5557330312164377,0.5674064853211185,0.9954337570930488,0.2753659946456361,0.4565052239475057,0.0637159151617127,0.0715971511312174,0.002563004044389,0.0064921960126337,0.0053760362635133,0.0135699308681573,0.0163712285399931,0.0427680734258172,0.0184716791881889,0.0283448759851082,0.0086863563980005,0.0151541081996518,0.0152382387850766,0.033447697072413,0.0170260400713783,0.0354028094217221,0.0922296112678967,0.4240698161800342,0.5825834324507416,1.1849474316485218
2026-02-17,APCP,surface,32.0,-124.75,1.715484924404259,3.21784348841755,0.9691612405642344,1.9223548429173711,0.971292230917489,2.31020102505307,1.510519631931186,3.07884086904735,1.6265988258249626,3.367608668303835,1.7195061648317305,3.147566740539527,0.9219566699713336,1.3042055724801345,0.2419735614418175,0.4651477990955831,0.1388514574185163,0.3292068774856006,0.5000731555774955,1.2354509855966758,0.7931838847102217,1.5985087321537763,0.740115728760349,1.524483359425203,0.6264723931340452,1.1641845551508725,0.3903797818234859,0.639871741316872,0.0422711085224827,0.0564885452399681,0.009073283285542,0.0166854974687187,0.0053036548758203,0.0128929921825184,0.0047052369704727,0.008509257724175,0.0029873018991792,0.0067628899435289,0.0093724148407004,0.0172617611115993,0.0114670034612122,0.0242274715328396,0.0096133804580625,0.0174315248345974,0.065394829998982,0.2531261093378972,0.247459109167952,0.6138107238878222,0.5795064095537253,1.1326132530411768,0.4658542848822248,0.9447943851423232,0.4380262357938058,1.002265022171778,1.205156788280779,2.906869616035716
2026-02-18,APCP,surface,32.0,-124.75,1.5670692316219486,3.3096363959087567,1.73056984535202,3.163038588688186,0.956609326441701,1.3550784077821647,0.2721503328504013,0.5121152015086281,0.1726205322005182,0.3890180847062106,0.549840996780494,1.5092215686490942,1.073241576534784,2.026028196717432,0.9537648644881128,1.8134040216291312,0.6125133066698142,0.9877354526038722,0.1411360687462729,0.181375855376959,0.0187319425603169,0.0380456505224948,0.0166780091700379,0.0418161314046665,0.0143987431998475,0.0275881949051951,0.0296542861999303,0.1132095143797858,0.0863848946887256,0.1266573320324739,0.0337759398135687,0.0643173617753822,0.0437859746084892,0.1748056723343881,0.4645527608081196,1.7411461375285109,1.3457497395033138,2.4691674131455685,0.9667934069474132,1.8508275828421268,0.8364430473901306,1.7147871900294775,0.9981339865630666,2.172206003093075,1.0797106444170492,1.8660174398951916,0.5740875488393744,1.0232324120657392,0.4225877857407575,0.8158531342850722,0.2817271646148788,0.4541205061573728,0.132089800598912,0.2298497571387878,0.1139549996645294,0.2018867593369624
2026-02-19,APCP,surface,32.0,-124.75,0.2179161119899624,0.5410948945741642,0.7563694713559066,1.9044473002261728,1.2000585556079553,2.336115884549282,1.0260566457396212,1.9183309858407296,0.5786484447375901,0.9171978242584364,0.1471148118816656,0.2011326379202772,0.035595307561335,0.0653524849934399,0.0322764101835737,0.0625157155960187,0.0108848077474722,0.0164357834990432,0.0090890052637616,0.0314394014037215,0.0297870169813182,0.0542153355590106,0.0219713971623833,0.0528121541636477,0.0380285587875336,0.0813259931701913,0.1079720648583729,0.3571077794826751,0.5076122939535567,1.0308846141502517,0.3848489205992566,0.6804339076969851,0.2305230895391948,0.3506980518832562,0.073082196038844,0.134120270617992,0.0669438021483043,0.282741279915558,0.4654541856427208,1.2010884745865251,1.0142449286354485,2.3142326376020437,1.4500603384985675,2.741824004033481,1.2973524605392468,2.3847885919253793,0.6974987049355585,1.19445373485068,0.4096484562970909,0.6690742552278139,0.1492503064417747,0.2674921522480232,0.0655990607848329,0.0910751326526221,0.0165640814275965,0.0237674524411936
2026-02-20,APCP,surface,32.0,-124.75,0.6246858462457564,1.0462273495571195,0.1852619892599524,0.253942179861376,0.026843572329128,0.0470129072091627,0.0260933362241201,0.0445250543756453,0.0083740162847814,0.0204794991480804,0.0242655868014852,0.0425083134531232,0.0161520753469918,0.0350132163001853,0.0220617496468778,0.0444991707697548,0.0193151744871898,0.0417369201435516,0.0273387353848445,0.0941571505925507,0.140592043128343,0.3442537049238633,0.1247708876330189,0.2184437040324932,0.0865720030164529,0.1361248297972734,0.0233481585868465,0.0437390929014507,0.0110392627477439,0.0152815892569952,0.0064255004358894,0.0993550392976209,0.3775872187937057,0.974924359219736,0.9019560163746512,1.927703652150846,1.0036433232309203,1.8875751662525864,0.7735743024339092,1.5044887367304534,0.666465733896852,1.170241934659901,0.2913240859691572,0.5137423156747054,0.1460854604103283,0.2013643156592467,0.0126034121821048,0.0188475164511775,0.0015092454918801,0.001676361711706,3.404287802073778e-05,0.0003062806366315,0.0001383933501378,0.000342334821597,0.0013076168757919,0.0020373986384796
2026-02-21,APCP,surface,32.0,-124.75,0.0138664636450914,0.0377479010661269,0.019810345268302,0.0289072310232698,0.0095243767627194,0.0258411083083944,0.0155474269315448,0.0333756027717427,0.0300889929951346,0.0619018282952129,0.0493430452532249,0.1509114172625984,0.1630253205072749,0.309215016785447,0.1123684849028753,0.1767257506383934,0.040578288571172,0.0623898186325322,0.0156099752684851,0.0272159403932962,0.0066927275992647,0.010265763764314,0.0107236138316355,0.0660066393099813,0.1308739114205872,0.4195908623350481,0.5716911768783252,1.463683667104253,1.143924707399284,2.218944357398847,1.1180665308827098,2.0243619387553484,0.6880617281604445,1.1547725883357216,0.2876612921807658,0.4403172151650231,0.081614332715108,0.1376176376558834,0.041701497941636,0.0657927177983469,0.0040130467355028,0.0042820841021336,0.0001407276684991,0.0002804385273201,0.0001700038589935,0.0001700038589935,0.001230597351352,0.0017316011740262,0.0,0.0,0.0,0.0,0.0,0.0,0.0007883079672254,0.0014500934362189
2026-02-22,APCP,surface,32.0,-124.75,0.025930418895729,0.0434529115471185,0.0479466616688728,0.1596173588746795,0.215599663133592,0.3899084784523449,0.099679626559132,0.1638703018328539,0.049701724234816,0.0863640496046603,0.0202032682076361,0.0302308070708852,0.0032899902938405,0.0037320164840045,0.0009106010360321,0.010399769328929,0.0795086898923734,0.3665596735209218,0.5414223485872353,1.4361983360242407,0.9223349393711064,1.6628298540270745,0.8294972039644192,1.667676316386713,0.679658213271479,1.1202432915410308,0.3000229260274339,0.4796366608478677,0.1329777710835182,0.1970882915366875,0.0240028952089567,0.0303783178932466,0.0027122889240814,0.0041460084592054,0.001186902291747,0.0027133286952388,0.0004140651899316,0.000651943630557,0.0003502116903054,0.0006077395519771,0.0,0.0,0.0,0.0,0.0,0.0,0.000378060026577,0.0006323958937448,0.0,0.0,0.0,0.0013849430047491,0.014032747940449,0.0300352451936049,0.0039688262407556,0.0108628831390374
2026-02-23,APCP,surface,32.0,-124.75,0.0615582475931668,0.1039965720819892,0.0307750473257032,0.0592083505056384,0.0106967779126264,0.0119700239682006,0.0041622294305902,0.02345482844939,0.1683235482481194,0.6094913049843707,0.6707695562231349,1.6567246686172348,1.2530864024755135,2.312201137318111,0.8239611112799018,1.444321517297217,0.4911108661911779,0.801133110408199,0.2624522744300341,0.3848901670815653,0.0997771274044665,0.1670604804917892,0.0361016176517437,0.0447970501255688,0.0004991623772194,0.0009034291225639,0.0002026680157098,0.0003718258926153,6.787522493133966e-05,0.0001696874190288,0.0003148920747536,0.0005354423024477,0.0,0.0,0.0,0.0,0.0,0.0,0.0001892068011867,0.0005060217705971,0.0008114246837837,0.0095810707718536,0.0107786567845895,0.0167071144941347,0.0248461759996114,0.0624262874037138,0.0227019063346988,0.0630717952157529,0.0438336570754497,0.0954082138367237,0.0899588498119988,0.1931066823633564,0.1016495727644877,0.2270024593288737,0.191441355493079,0.4872432825589449
2026-02-24,APCP,surface,32.0,-124.75,0.2467019348638032,1.0022001841508887,0.9992984584436108,2.1135144959779493,1.085596195015548,2.2038540045704167,1.0858566134330614,2.000465831075293,0.7356675726606752,1.203211739893351,0.1859200892244389,0.293211092412007,0.0468237380750879,0.0788768392469085,0.0189400029284422,0.0281853903989244,0.0033950493495303,0.0035262119844661,3.351013880437557e-05,3.351013880437557e-05,3.404287802073778e-05,0.0002719219619456,0.0005172207472821,0.0009731699741403,3.318286238573295e-05,3.318286238573295e-05,0.0,0.0,0.0,0.0,3.122333807204014e-05,9.3790102651402e-05,0.0,0.0,0.0,0.0002841080317565,0.0044408353272187,0.0119144343777098,0.009271903894075,0.0338083446988677,0.0198053195610583,0.0264457551415744,0.0155340458322953,0.0345404964385211,0.0330055371998494,0.1055613025141067,0.1318004876009563,0.3198948368489439,0.2471151342505826,0.4787703236560822,0.2658870466838633,0.5565817304488297,0.3195580683660662,0.6140177105948131,0.3021321309772058,0.5925666131198782
2026-02-25,APCP,surface,32.0,-124.75,0.9856988560886384,1.7516280783483542,0.5010548523629048,0.7885864310485433,0.1700716125717472,0.2553928121833028,0.0383432790867797,0.0727803521217693,0.0209755130412821,0.0281408325920379,0.0032836649887001,0.0047549274889669,0.0004134899155754,0.0004134899155754,0.000349534722823,0.0006736416561773,0.000293167551282,0.000293167551282,0.0,0.0,0.0,3.404287802073778e-05,3.122333807204014e-05,9.529661010003349e-05,0.0,0.0,0.0003117489091433,0.0096092784273512,0.0236317526332269,0.091278660830633,0.1611158598092629,0.4644360800856801,0.2875060257434381,0.4763232297111817,0.1412840692980883,0.2262649485413607,0.0688617029994443,0.1639459018925008,0.1733670573281189,0.4195854137976422,0.1949838118468774,0.3368626263207615,0.1312757877871415,0.2323193230084062,0.1102532953638928,0.2633093724778073,0.1719434667008517,0.287024700382355,0.1194226336834019,0.230051751322744,0.036379217324074,0.0451865431371794,0.0056422067402333,0.0093247582926851,0.004886485774845,0.0068340874949407
2026-02-26,APCP,surface,32.0,-124.75,0.0139750378848228,0.0172180362094714,0.0006641802775591,0.0007591421482317,0.0,0.0,0.000287455824494,0.0009128774247788,0.0,3.3401678364183465e-05,0.0,0.0,0.0,0.0,3.122333807204014e-05,0.0012109033603663,0.0003205122023107,0.0003205122023107,0.0,0.0,0.0023797021272952,0.0844061740663163,0.2637075657161796,0.6849146063565075,0.3822062595558241,0.53859640028905,0.0853164570678259,0.1266449847868614,0.0176139916091948,0.0314268422738165,0.0303338690247259,0.0802177786773066,0.0663677545385025,0.1399755112858489,0.0962335379027594,0.2331633698612963,0.1929959803191485,0.4048188541870778,0.2516340957692564,0.523396030043688,0.2651576049536363,0.4096499641343351,0.0477632737997446,0.086339868741571,0.02129109028395,0.0258550732251702,0.0035304589220721,0.0073554613486915,0.0008215941950241,0.0028124610251197,0.0572237010252874,0.1936795928123382,0.1513407984679492,0.3193452529173858,0.1807871738292269,0.3921812682775131
2026-02-27,APCP,surface,32.0,-124.75,0.0,0.0,3.181784628005497e-05,3.181784628005497e-05,0.0,0.0,0.0001583793819733,0.0018100542287354,0.001273283818741,0.001273283818741,0.0,0.0,0.0115735345065387,0.0892961594121322,0.2107080397381328,0.4930949217626436,0.2643557244034344,0.3906123656187261,0.035412661130814,0.0516472493177398,0.0179812722657605,0.0636586776419366,0.1189345652966465,0.2967130702672809,0.2016388479740617,0.4513507924118468,0.2550581735704334,0.5287224058585991,0.3649446386677841,0.7212856101428158,0.3143052944222742,0.6418132501926447,0.2619717749290119,0.3985878983668249,0.0611268672477188,0.0793276797603481,0.0025146457760289,0.0053175943750415,0.0014000578672272,0.0055206557872038,0.0056578109362109,0.0114559772929589,0.0100986483405626,0.0259745323411607,0.0175423322082742,0.0300300367246865,0.0110279102410654,0.0173374730806379,0.0093371461759383,0.0143249113224834,0.0028885347514333,0.0116686838042147,0.0182923322271997,0.0474990191698247,0.0351024636976785,0.0597401927382842
2026-02-28,APCP,surface,32.0,-124.75,0.0013255259110227,0.0013569888349557,0.0,0.000218077722539,0.0209150090997111,0.0619806255590297,0.1308393326035405,0.3745335782249773,0.1697390878842379,0.2418218130671906,0.0314783554050176,0.0559959381701873,0.0314458686622233,0.0888825390488898,0.0866301782990498,0.2324231838456263,0.2082686040341446,0.5023350461015264,0.2293871920916556,0.4141981878217425,0.2360197843991321,0.5240200204482677,0.2765468749486212,0.5453274711269213,0.1395614359972798,0.1839539702799145,0.0101284237288031,0.01714023796165,0.0089463165185509,0.0151159837625039,0.001699264033446,0.0039565085998527,0.0005725112337662,0.0010389272413993,0.0014880905329709,0.0282340892392341,0.0728317128392481,0.1612754999946434,0.1043748094067348,0.2113098512334812,0.0968766607244806,0.1381212233976029,0.0223103649966493,0.0412670155685251,0.0086824650077055,0.0152130586551655,0.0039472552374187,0.0055120138105711,0.0021520684188544,0.0106396793067063,0.009408048080893,0.0157531767682483,0.0141136465928228,0.0689053357244435,0.1163532176634136,0.2456008920176763
2026-03-01,APCP,surface,32.0,-124.75,0.1326784614545561,0.1883284393703376,0.0440661704925878,0.0911877881833934,0.0689413228296598,0.1517483045793221,0.1285327747055797,0.3240151322577855,0.2455594866390391,0.5398770477112596,0.2103069211419828,0.349232506772198,0.1844494719549038,0.4424110014767048,0.2237416278587398,0.3108872175804332,0.03164144789575,0.0452895371210949,0.0058482332607008,0.011629398976111,0.0061636723034419,0.0124769286101618,0.0012734007815499,0.0032710365508511,0.0013364090940181,0.0018348899544473,0.0071168118532521,0.0634546240552213,0.0933777774549203,0.1800772467985099,0.0845782151747549,0.1634182641700953,0.0518385752167123,0.0910749768587901,0.0290909058424177,0.0423257842963566,0.0082398575938174,0.01277603483531,0.0025842081206593,0.003649743907116,0.0001314033537663,0.0005331867490217,0.0003404292509345,0.0020624861446977,0.0031538808509605,0.0084598772424194,0.0039898130447935,0.0072008293699828,0.0009721292255327,0.0017408650185856,9.650148458146112e-05,0.000297344761896,3.3401678364183465e-05,3.3401678364183465e-05,6.808575604147556e-05,0.0018325193745959
2026-03-02,APCP,surface,32.0,-124.75,0.1917485569734939,0.3749787027710416,0.1439620825395469,0.2568262495299041,0.1315931289023253,0.3130699608820303,0.1235187530275058,0.16414601098738,0.0191464980980134,0.0232265875638579,0.0012294592570461,0.0029550992906981,0.0009712549785659,0.0022523742919126,3.5255121148872307e-05,0.0001407283366565,3.0859550786033146e-05,3.0859550786033146e-05,0.0025988927525146,0.0455423158821705,0.1660591776551316,0.3499963369366646,0.1925988089317936,0.3730225794202832,0.2006118944452,0.3867432206018279,0.1467934947155384,0.2627238843784603,0.1049887785181184,0.195554350337277,0.0434878695640673,0.0639723477310415,0.0048744871801509,0.0067846698697374,0.0011365444349807,0.002299331340649,0.001248789689599,0.0027693653455686,0.0005565661997079,0.0030678426289687,0.0080309273771917,0.0188624661323226,0.0105695847498831,0.0201942303293956,0.0093411687997674,0.0151339780901804,0.0015772778840164,0.001932143484356,3.0859550786033146e-05,0.0001858872192184,0.0002478505985764,0.0011144668353247,0.0006181652080088,0.0009279703810692,0.0002476069045616,0.0020127991220972
2026-03-03,APCP,surface,32.0,-124.75,0.0160090912569777,0.0241707608151189,0.0024682053893087,0.0073247983009243,0.006060930481056,0.0119735192585317,0.0005868876614351,0.0013326259774901,9.270049936549926e-05,0.0002334281678646,0.0041864099218434,0.0722143358533798,0.1435288126618006,0.2797580227251298,0.1236180697769914,0.2875456593693615,0.2027305056347471,0.3621979978395512,0.0878806394724398,0.1707637928219214,0.1094697401435381,0.1841968859059636,0.0437097929889358,0.0703563652932216,0.0147934411673563,0.036340573181737,0.0415319785734445,0.0813649592209801,0.0362883491768702,0.0584705399754722,0.029841158961733,0.0735137900801388,0.0355650316940072,0.042148705711841,0.0017740667620987,0.0028955777637473,0.0004656528994938,0.0008453890152762,0.0008782464284446,0.0028016018420099,0.0124838363044938,0.0342093445091403,0.0259835351074803,0.0482519389155841,0.0681751941509105,0.1412842274018596,0.0378483209063948,0.0845368582204322,0.0738504287731895,0.199210326319513,0.1407583136412724,0.2601439581192792,0.0930193822657635,0.160158937364922,0.0625009296065149,0.1395302859184915
2026-03-04,APCP,surface,32.0,-124.75,0.0022836121341726,0.0099955786670532,0.0122566935264201,0.0998887980872198,0.1616454839677906,0.3243241884585032,0.1495329203309144,0.3144839432220617,0.2059820696087333,0.3184178352237173,0.0646892504615364,0.1381985916405542,0.0837537599087465,0.1437058923510231,0.0323055077364694,0.0523297518174655,0.0129983705476949,0.020626721704022,0.0116998433228748,0.0239195662906004,0.009116552544132,0.0159142615480215,0.0086884954883656,0.0245531887626428,0.0121123644603344,0.0162702385817928,0.001433844955485,0.003605336216591,0.0019899540357401,0.0025770320720925,0.0004172109041823,0.0017225923558679,0.0028755811765366,0.0131764921780366,0.0211306350513182,0.0368257070073755,0.0125114070954111,0.0291070337392875,0.0105361732806067,0.0260031847102288,0.0383894796854491,0.0543945787882221,0.0189169820304679,0.0338185964971613,0.0104098583469151,0.0175521485633181,0.0029774153649935,0.0070503322084192,0.0038647267794144,0.0064836329421144,0.0030754228335134,0.0110193267968335,0.0094488069141767,0.0158889551917576,0.0019625942924394,0.0035410187173728
2026-03-05,APCP,surface,32.0,-124.75,0.016791636756013,0.0326464343539654,0.0112582412080069,0.0246868962822618,0.0121940825746872,0.0219812752991706,0.0058172346750568,0.0226123552131104,0.0151139192851365,0.0281408325920379,0.0081757104301268,0.0213204783569364,0.0107030478229675,0.0197450714671951,0.0059215389374811,0.0218560885260219,0.0128526599646954,0.0249447844285548,0.0083225777881791,0.0201202479189917,0.0112145892923293,0.0204343696542801,0.0061157984946612,0.0196859771872513,0.0140306453369689,0.0254846436427793,0.0077329022778207,0.0199236419108885,0.010095691587788,0.0193141263563237,0.0064553752139682,0.0202412696590605,0.0125840076632129,0.0222846413828755,0.0068678559227274,0.0181001356421907,0.0099719063130447,0.0175011819284192,0.0057849921758754,0.0183097067827919,0.0129200612098349,0.0212159215350753,0.0078017127455942,0.0167549532522392,0.0112184427016727,0.0198338249438093,0.0062823840191635,0.0192799978184696,0.0094227270775553,0.0173508697413231,0.0053988510863518,0.0143865140570486,0.0091193871711108,0.0159927324919263,0.0044373749355267,0.0163257834045282
2026-03-06,APCP,surface,32.0,-124.75,0.0018104185825358,0.0027944575349583,0.0004756686503476,0.0022569044957199,0.0023737828257039,0.0024989016015126,0.0001623258631921,0.0002607324922271,0.0001335084831629,0.0016527434183696,0.0005127131044707,0.0005749184265302,0.0045129218282727,0.0121291878067135,0.0030086917563308,0.0035671975381642,0.000528856525822,0.0008393898596486,0.0,0.0,0.0,0.0,0.0,3.134342650732172e-05,6.328196415272572e-05,0.0010119043711965,0.0011306057796892,0.0063245501843168,0.0088356445533522,0.0168797512503401,0.0027208553340863,0.0048177637656482,0.0009142872863254,0.0010552103882746,0.0005261801377646,0.0032542268148156,0.004890646527533,0.0078302239821249,0.0003500986331761,0.000561237827016,0.0001055705981539,0.0001055705981539,3.5255121148872307e-05,3.5255121148872307e-05,0.0,0.0,0.0,3.4251470693049405e-05,3.0859550786033146e-05,0.0001546627111813,0.0,9.270049936549926e-05,0.0001241669476812,0.0001555103741886,6.171910157206629e-05,0.0001235600501515
2026-03-07,APCP,surface,32.0,-124.75,0.0001725556645235,0.000904772496688,0.0,0.0,0.000834182063511,0.0019495053763989,3.098139779343297e-05,3.098139779343297e-05,0.0,0.0,0.0,0.0,0.0,0.0,0.0,0.000521498184521,0.004955481085004,0.0163337761967059,0.0130333718731053,0.0343379247548715,0.0186991583161279,0.0333628541152252,0.0112390410889815,0.03112837475296,0.0247375817764803,0.0373648057829067,0.0068932590343016,0.0146531351950295,0.0084067558663869,0.0134208182836711,0.0009776081223115,0.001841295958587,0.0003073920720449,0.0003778049316963,7.051024229774461e-05,7.051024229774461e-05,0.0,0.0,0.0,0.0,0.0,0.0,3.0859550786033146e-05,0.0002478488448402,0.000408055518676,0.0005969513728954,0.0,0.0001234382031441,0.0004326423622704,0.0006486592177726,3.0859550786033146e-05,0.0004376989103742,0.0001552560494241,0.0001861156002102,0.0,0.0002468764062882
2026-03-08,APCP,surface,32.0,-124.75,0.0,0.0,0.0,0.0,0.0,9.474488808568688e-05,9.613189810867892e-05,0.0001281833606556,0.0037756717047931,0.0157568244681421,0.0115063438863402,0.0332618747377409,0.0167272557945672,0.0298733102811525,0.0360404102931622,0.1050990235094536,0.0217800852381831,0.0377459130751798,0.0132245244177638,0.0191849077009995,0.0054669525110718,0.0084596448748202,0.0003860394438347,0.0011290006081985,0.0004454871671309,0.0005159000267824,0.0,0.0,0.0,0.0,0.0,3.4251470693049405e-05,0.0,0.0,0.0,0.0,6.304475188954e-05,0.0001253672266085,0.0,0.0,0.0003088392018751,0.0004014178542332,0.0,0.0,0.0,0.0,0.0001234382031441,0.0001852791517235,0.0,0.0,0.0,0.0006484161075288,0.0117569230541327,0.0218975348417878,0.0049637159204964,0.0089391586214841
2026-03-09,APCP,surface,32.0,-124.75,0.0026801729148314,0.0140052615185879,0.0200839117878434,0.0344949667926477,0.009103130577979,0.0164166893486523,0.0158191883355167,0.0342946935970982,0.0142724000481306,0.0276866707011495,0.0079343956527005,0.0118300862015593,0.0043818433706207,0.0076758145041023,0.0003038582437899,0.0005479862008762,0.0001743358581072,0.0001743358581072,0.0,0.0,0.0,0.0,0.0,0.0,0.0,0.0,0.0,0.0,0.0,0.0,0.0,0.0,0.0,0.0,0.0,0.0,0.0,0.0,0.0,0.0,0.0,0.0,0.0,0.0,0.0003085955078603,0.0034938214790458,0.0002790739390714,0.0008665008595306,6.171910157206629e-05,0.0001542977539301,3.0859550786033146e-05,6.171910157206629e-05,0.0,0.0,0.0,6.171910157206629e-05
2026-03-10,APCP,surface,32.0,-124.75,0.016791636756013,0.0326464343539654,0.0112582412080069,0.0246868962822618,0.0121940825746872,0.0219812752991706,0.0058172346750568,0.0226123552131104,0.0151139192851365,0.0281408325920379,0.0081757104301268,0.0213204783569364,0.0107030478229675,0.0197450714671951,0.0059215389374811,0.0218560885260219,0.0128526599646954,0.0249447844285548,0.0083225777881791,0.0201202479189917,0.0112145892923293,0.0204343696542801,0.0061157984946612,0.0196859771872513,0.0140306453369689,0.0254846436427793,0.0077329022778207,0.0199236419108885,0.010095691587788,0.0193141263563237,0.0064553752139682,0.0202412696590605,0.0125840076632129,0.0222846413828755,0.0068678559227274,0.0181001356421907,0.0099719063130447,0.0175011819284192,0.0057849921758754,0.0183097067827919,0.0129200612098349,0.0212159215350753,0.0078017127455942,0.0167549532522392,0.0112184427016727,0.0198338249438093,0.0062823840191635,0.0192799978184696,0.0094227270775553,0.0173508697413231,0.0053988510863518,0.0143865140570486,0.0091193871711108,0.0159927324919263,0.0044373749355267,0.0163257834045282
2026-03-11,APCP,surface,32.0,-124.75,0.0011424126141202,0.0014332616958404,0.0,0.0,0.0,0.0,0.0,0.0,0.0,0.0,6.171910157206629e-05,0.0001235600501515,0.0,3.0859550786033146e-05,0.0,0.0,0.0,0.0,0.0,0.0,0.0,0.0,0.0,0.0,0.0,0.0,0.0012038880216774,0.0050728845443433,0.0037148054086396,0.007762398783864,0.0060940522087218,0.0088201287578135,0.0,0.0,0.0,0.0,0.0,0.0,0.0,3.205146254693157e-05,0.0,0.0,0.0,0.0,0.0,0.0,0.0,0.0,0.0,0.0,0.0,0.0,0.0,0.0,0.0,0.0
2026-03-12,APCP,surface,32.0,-124.75,0.0,0.0,0.0001235600501515,0.0003709232606983,0.0001555103741886,0.0001555103741886,0.0,0.0,0.0,0.0,0.0,0.0,0.0,0.0,0.0,0.0,0.0,0.0,3.0859550786033146e-05,0.0019752549443209,0.0151158866039722,0.0331306686891232,0.0051698204084922,0.006689814493236,0.0,3.146292393296116e-05,0.0,0.0001026504395246,0.0001378292048037,0.0001378292048037,0.0,0.0,0.0,0.0,0.0,0.0001235600501515,0.0,0.0,0.0,0.0,0.0,0.0,0.0,0.0,0.0,0.0,0.0,0.0,0.0,0.0,0.0,0.0,0.0,0.0,0.0,0.0
2026-03-13,APCP,surface,32.0,-124.75,0.0,0.0,0.0,0.0,0.0,0.0,0.0,0.0,3.3401678364183465e-05,3.3401678364183465e-05,0.0005557156081633,0.0285046032037627,0.0676606266601679,0.0879786100556036,0.0095643159571511,0.0103114792110576,0.0,0.0,0.0,0.0003814634413239,0.0002802780712335,0.0002802780712335,0.0,0.0,0.0,0.0,0.0,0.0,0.0,0.0,0.0,0.0,0.0,0.0,0.0,0.0,0.0,0.0,0.0,0.0,0.0,0.0,0.0,0.0,0.0,0.0,0.0,0.0,0.0,0.0,0.0,0.0,0.0,0.0,0.0,0.0
2026-03-14,APCP,surface,32.0,-124.75,0.0005255865556507,0.0016730968643867,0.0003114940413394,0.0093638113280706,0.0448388187078395,0.0617736265303769,0.0066232842456304,0.00789965781608,0.0,0.0,0.0,0.0,3.5255121148872307e-05,3.5255121148872307e-05,0.0,0.0,0.0,6.171910157206629e-05,0.0,0.0,0.0,0.0,0.0,0.0,0.0,0.0,0.0,0.0,0.0,0.0,0.0,0.0,0.0,0.0,0.0,0.0,0.0,0.0,0.0,0.0,0.0,0.0,0.0,0.0,0.0,0.0,0.0,0.0,0.0,0.0,0.0,0.0,0.0,0.0,0.0,0.0
2026-03-15,APCP,surface,32.0,-124.75,0.0,0.0,0.0,0.0,0.0,0.0,0.0,0.0,0.0,6.171910157206629e-05,0.0,0.0,0.0,0.0,0.0,0.0,0.0,0.0,0.0,0.0,0.0,0.0,0.0,0.0,0.0,0.0,0.0,0.0,0.0,0.0,0.0,0.0,0.0,0.0,0.0,0.0,0.0,0.0,0.0,0.0,0.0,0.0,0.0,0.0,0.0,0.0,0.0,0.0,9.366942560914382e-05,0.0011950762840025,0.001379841666946,0.0046222869016425,0.0091193871711108,0.0174651260960829,0.0024349778231082,0.0028166130710785
2026-03-16,APCP,surface,32.0,-124.75,0.0,0.0002477234734499,0.0,0.0,0.0,0.0,0.0,0.0,0.0,0.0,0.0,0.0,0.0,0.0,0.0,0.0,0.0,0.0,0.0,0.0,0.0,0.0,0.0,0.0,0.0,0.0,0.0,0.0,0.0,0.0,0.0,0.0,0.0,0.0,0.0,0.0,0.0,0.0,0.0,6.303286034036454e-05,0.0003770729460815,0.0005031624498606,9.402968851232302e-05,0.0004081767962974,0.0001256115164689,0.0003735751716253,9.257865235809945e-05,0.0003168837997727,9.342866013160408e-05,9.342866013160408e-05,0.0,0.0,0.0,0.0,0.000132621098431,0.0016514846676084
2026-03-17,APCP,surface,32.0,-124.75,0.0,0.0,0.0,0.0,0.0,0.0,0.0,0.0,0.0,0.0,0.0,0.0,0.0,0.0,0.0,0.0,0.0,0.0,0.0,0.0,0.0,0.0,0.0,0.0,0.0,0.0,0.0,0.0,0.0,0.0,0.0,0.0,0.0008767434641755,0.0018817450295759,0.000314029383378,0.0009100123969823,0.0001542977539301,0.0003088392018751,0.0,3.455948189687557e-05,0.0,0.0,0.0,0.0,0.0,0.0,0.0,0.0001025920715813,0.0,0.0,0.0,0.0,0.0,0.0,0.0002188005907395,0.0034744911988154
2026-03-18,APCP,surface,32.0,-124.75,0.0,0.0,0.0,0.0,0.0,0.0,0.0,0.0,0.0,0.0,0.0,0.0,0.0,0.0,0.0,0.0,0.0,0.0,0.0,0.0,0.0,0.0,0.0,0.0,9.3790102651402e-05,0.0004390398714662,0.0001876991141214,0.0004702643939499,0.0003143843200482,0.0010259676319506,0.0006501184630061,0.0012751214574081,0.0004642306575936,0.0019791435285636,3.0859550786033146e-05,3.0859550786033146e-05,0.0,0.0,0.0,0.0,0.0,0.0,0.0,0.0,0.0,0.0,0.0,3.318286238573295e-05,0.0003106557814745,0.0035398928933938,0.0019159716153547,0.0031612443291092,0.1224592572556615,0.3452891821827197,0.2443763098079714,0.3344219767557878
2026-03-19,APCP,surface,32.0,-124.75,0.0,0.0,0.0,0.0,0.0,0.0,0.0,0.0,0.0,0.0,0.0,0.0,0.0,0.0,0.0,0.0,6.256676457936186e-05,0.000344652877481,9.402968851232302e-05,0.0003451320444078,0.0005664396668592,0.0017877352723348,0.0005874280880012,0.000680249850603,0.0,0.0,0.0,0.0,0.0,0.0,0.0,0.0002004100701851,0.0009015129865666,0.0009015129865666,0.0,0.0,0.0,0.0,0.0,6.523432493266452e-05,0.0,0.0,9.257865235809945e-05,0.0030155161412499,0.024061626492474,0.1563103121175143,0.1586948337898872,0.2254298452116621,0.0189611437817494,0.0347587491235455,0.014565217143776,0.0395442642952231,0.0285922913897771,0.0327877558216592,0.0,0.0
2026-03-20,APCP,surface,32.0,-124.75,0.0,0.0,0.0,0.0,0.0,0.0,0.0,3.122333807204014e-05,0.0,3.134342650732172e-05,9.391019108668356e-05,0.0003448924585469,0.0001251323495421,0.0005936908107024,0.0001234382031441,0.0001542977539301,0.0,0.0,0.0,0.0,0.0,0.0,0.0,0.0,0.0,0.0,0.0,0.0,0.0,0.0,0.0,3.205146254693157e-05,0.0,0.0,6.220532205956393e-05,0.0002165030759897,3.0859550786033146e-05,0.0033697792996502,0.0181873753655299,0.0533907961215424,0.0861983568794619,0.2128443600397564,0.0681315098898433,0.0812094713981171,0.005707147621005,0.0137950992305193,0.0021055601276508,0.0026939804028503,6.171910157206629e-05,9.257865235809945e-05,0.0,0.0,0.0,0.0,0.0,0.0
2026-03-21,APCP,surface,32.0,-124.75,3.134342650732172e-05,9.402968851232302e-05,0.0001565964530916,0.000440117697971,0.0001331218274453,0.0003913648138252,0.0001542977539301,0.0002160168555022,0.0,0.0,0.0,0.0,0.0,0.0,0.0,6.523432493266452e-05,0.0,0.0,0.0,0.0,0.0,0.0,0.0,3.205146254693157e-05,0.0,0.0,0.0001246519982036,0.0001246519982036,0.0,0.0002477281677979,0.0136239805639993,0.0548936645348911,0.0381051234775358,0.0477343288057558,0.0008145203978531,0.001032837122482,9.707734218683887e-05,0.0006026845248778,0.0001588666783761,0.000223162527722,0.0006568130229493,0.0032113434398025,0.0003168758688021,0.0003477354195881,0.0,0.0,0.0,0.000822027504734,0.0009892087297679,0.0010227188685722,0.000233811116114,0.000233811116114,0.0,0.0,0.0,0.0
2026-03-22,APCP,surface,32.0,-124.75,0.016791636756013,0.0326464343539654,0.0112582412080069,0.0246868962822618,0.0121940825746872,0.0219812752991706,0.0058172346750568,0.0226123552131104,0.0151139192851365,0.0281408325920379,0.0081757104301268,0.0213204783569364,0.0107030478229675,0.0197450714671951,0.0059215389374811,0.0218560885260219,0.0128526599646954,0.0249447844285548,0.0083225777881791,0.0201202479189917,0.0112145892923293,0.0204343696542801,0.0061157984946612,0.0196859771872513,0.0140306453369689,0.0254846436427793,0.0077329022778207,0.0199236419108885,0.010095691587788,0.0193141263563237,0.0064553752139682,0.0202412696590605,0.0125840076632129,0.0222846413828755,0.0068678559227274,0.0181001356421907,0.0099719063130447,0.0175011819284192,0.0057849921758754,0.0183097067827919,0.0129200612098349,0.0212159215350753,0.0078017127455942,0.0167549532522392,0.0112184427016727,0.0198338249438093,0.0062823840191635,0.0192799978184696,0.0094227270775553,0.0173508697413231,0.0053988510863518,0.0143865140570486,0.0091193871711108,0.0159927324919263,0.0044373749355267,0.0163257834045282
2026-03-23,APCP,surface,32.0,-124.75,0.016791636756013,0.0326464343539654,0.0112582412080069,0.0246868962822618,0.0121940825746872,0.0219812752991706,0.0058172346750568,0.0226123552131104,0.0151139192851365,0.0281408325920379,0.0081757104301268,0.0213204783569364,0.0107030478229675,0.0197450714671951,0.0059215389374811,0.0218560885260219,0.0128526599646954,0.0249447844285548,0.0083225777881791,0.0201202479189917,0.0112145892923293,0.0204343696542801,0.0061157984946612,0.0196859771872513,0.0140306453369689,0.0254846436427793,0.0077329022778207,0.0199236419108885,0.010095691587788,0.0193141263563237,0.0064553752139682,0.0202412696590605,0.0125840076632129,0.0222846413828755,0.0068678559227274,0.0181001356421907,0.0099719063130447,0.0175011819284192,0.0057849921758754,0.0183097067827919,0.0129200612098349,0.0212159215350753,0.0078017127455942,0.0167549532522392,0.0112184427016727,0.0198338249438093,0.0062823840191635,0.0192799978184696,0.0094227270775553,0.0173508697413231,0.0053988510863518,0.0143865140570486,0.0091193871711108,0.0159927324919263,0.0044373749355267,0.0163257834045282
2026-03-24,APCP,surface,32.0,-124.75,0.0,6.521434435635807e-05,3.0859550786033146e-05,3.0859550786033146e-05,0.0,3.0859550786033146e-05,0.0052049434974289,0.0273582549494388,0.0273945907584984,0.0664251295011209,0.0327041176723674,0.0426667171954463,0.0021528701689011,0.0034596251445074,0.000775126020134,0.001279074193526,0.0018280855238503,0.0025812137090377,0.0002513023272639,0.0002824049882937,0.0,0.0,0.0,0.0,0.0,0.0,0.0,0.0,0.0,0.0,0.0,6.647544787453512e-05,0.0008648347538313,0.0015890913443516,0.0008809769728967,0.003394782352325,0.0025695534325735,0.0033090393074325,0.0,3.205146254693157e-05,7.051024229774461e-05,0.0001057653634466,7.051024229774461e-05,0.0001410204845954,0.0013001059197917,0.0042672980199954,0.0010687637257152,0.001333943915837,0.0018928425487776,0.004157988019005,0.0036780181864075,0.0041713184753398,0.0016491523905424,0.0054970502121206,0.0361769012806226,0.1806572106368407
2026-03-25,APCP,surface,32.0,-124.75,0.0244769809598634,0.0529077985026382,0.0213912314784574,0.0298273160030872,0.0034192314460891,0.0053843729923239,0.0006548389858659,0.0022977300315119,0.0048124100093144,0.0094700920261004,0.0001925629808005,0.0002545251926163,0.0,0.0,0.0,0.0,0.0,0.0,0.0,0.0,0.0,0.0,0.0,0.0006666763200962,0.0017978973673912,0.0019291830153973,0.0,9.6269683925892e-05,0.0,0.0,0.0,0.000418455523278,0.0003821504195676,0.0005413513465027,0.0,0.0006537619081836,0.0013015078656012,0.0016386509346961,0.0002342449556788,0.0014075004661954,0.0001986526320645,0.0001986526320645,0.0,0.0138329622547363,0.0612587762891285,0.1590079650099141,0.1544833794620428,0.3889833209323206,0.2948698858628928,0.8071281016329805,0.7155464625226067,1.595868244904915,0.846897752621288,1.5059322265116526,0.6281070275178071,1.3331814528489436
2026-03-26,APCP,surface,32.0,-124.75,0.0050053613441032,0.009627478413032,0.0016339310841349,0.0017396964475815,0.0,0.0,0.0,0.0,0.0,0.0,0.0,0.0,0.0,0.0,0.0,0.0003985091477489,0.0007599096934193,0.0010822732703008,0.0009246987683083,0.0011781803533266,0.0,0.0,0.0,3.205146254693157e-05,0.0001310289919317,0.0002015392342294,7.041285965142112e-05,0.0001054725473502,0.0002406633760738,0.000893584816295,0.0001330032276736,0.0012898075570404,0.0081314713840638,0.0099470676897236,0.0003656698248614,0.0069871300408404,0.0369420610358502,0.0710646781503711,0.0250657709613853,0.0607777153686326,0.0553838453230258,0.0963696692560231,0.0517893992815461,0.1636723126020215,0.1368645599539679,0.3095237662569041,0.3007434461294963,0.7840880667943669,0.5903504083285056,1.2552593571876378,0.7705824030574369,1.5228499258801795,0.6471723912677356,1.0536639357469306,0.2214942461808818,0.3368757983429271
2026-03-27,APCP,surface,32.0,-124.75,0.0,0.0,0.0,0.0,0.0,0.0,0.0,0.0,0.0002998501946946,0.0002998501946946,0.0,9.650209211807408e-05,3.205146254693157e-05,9.449813869101184e-05,0.0,6.33996742366338e-05,3.27377122440834e-05,0.0004578766084875,0.0,0.0,0.0001404348524028,0.0001404348524028,0.0003508910293997,0.0005573491591731,0.0011311147189744,0.0013022680998852,0.000189015351645,0.000189015351645,0.0,0.0022687235618981,0.0064553752139682,0.042073800297896,0.0242148538579441,0.0325313522594787,0.0032995651814854,0.0061488544266585,0.0005713033239213,0.0023141930805356,0.0082733034464223,0.0597828072185946,0.1890567807175604,0.6085755952395544,0.7092856859700408,1.681828436467593,0.935243389448263,1.6770909798535685,0.742905281641273,1.393138087479038,0.3664585881089658,0.6030931724163544,0.202112198744423,0.4113625725107979,0.1327963535603348,0.1952731349133243,0.0178188333362035,0.026218964001728
2026-03-28,APCP,surface,32.0,-124.75,0.0002722416965623,0.0006535089974833,6.922032507506758e-05,6.922032507506758e-05,0.0001624423837705,0.0001624423837705,9.644643025372348e-05,0.0051388499013708,0.0031897786462784,0.0032892168823237,0.0,0.0,0.0,0.0,0.0,3.205146254693157e-05,0.0,0.0,0.0,6.196279558686595e-05,0.0,0.0,0.0013914781777212,0.0060501579024785,0.0047767938982023,0.0066847804330584,0.0004680700838407,0.0099105321229549,0.0854058902019149,0.2952636781176169,0.2731776840130726,0.4961444944083122,0.1294302940069935,0.2409311302892252,0.2011644749354171,0.3923587186606433,0.128713244877954,0.2781520439762333,0.2443694614862658,0.5560225483234355,0.2117667470785817,0.3516266099455308,0.1121148112691826,0.2345961019818446,0.1809965139318242,0.3566651217403726,0.086932613953205,0.1193288436439904,0.0047950483515267,0.006293305247696,0.0009156085551207,0.0010459945836893,0.0,3.486158964810724e-05,0.0,0.0019318181313949
2026-03-29,APCP,surface,32.0,-124.75,0.016791636756013,0.0326464343539654,0.0112582412080069,0.0246868962822618,0.0121940825746872,0.0219812752991706,0.0058172346750568,0.0226123552131104,0.0151139192851365,0.0281408325920379,0.0081757104301268,0.0213204783569364,0.0107030478229675,0.0197450714671951,0.0059215389374811,0.0218560885260219,0.0128526599646954,0.0249447844285548,0.0083225777881791,0.0201202479189917,0.0112145892923293,0.0204343696542801,0.0061157984946612,0.0196859771872513,0.0140306453369689,0.0254846436427793,0.0077329022778207,0.0199236419108885,0.010095691587788,0.0193141263563237,0.0064553752139682,0.0202412696590605,0.0125840076632129,0.0222846413828755,0.0068678559227274,0.0181001356421907,0.0099719063130447,0.0175011819284192,0.0057849921758754,0.0183097067827919,0.0129200612098349,0.0212159215350753,0.0078017127455942,0.0167549532522392,0.0112184427016727,0.0198338249438093,0.0062823840191635,0.0192799978184696,0.0094227270775553,0.0173508697413231,0.0053988510863518,0.0143865140570486,0.0091193871711108,0.0159927324919263,0.0044373749355267,0.0163257834045282
2026-03-30,APCP,surface,32.0,-124.75,0.016791636756013,0.0326464343539654,0.0112582412080069,0.0246868962822618,0.0121940825746872,0.0219812752991706,0.0058172346750568,0.0226123552131104,0.0151139192851365,0.0281408325920379,0.0081757104301268,0.0213204783569364,0.0107030478229675,0.0197450714671951,0.0059215389374811,0.0218560885260219,0.0128526599646954,0.0249447844285548,0.0083225777881791,0.0201202479189917,0.0112145892923293,0.0204343696542801,0.0061157984946612,0.0196859771872513,0.0140306453369689,0.0254846436427793,0.0077329022778207,0.0199236419108885,0.010095691587788,0.0193141263563237,0.0064553752139682,0.0202412696590605,0.0125840076632129,0.0222846413828755,0.0068678559227274,0.0181001356421907,0.0099719063130447,0.0175011819284192,0.0057849921758754,0.0183097067827919,0.0129200612098349,0.0212159215350753,0.0078017127455942,0.0167549532522392,0.0112184427016727,0.0198338249438093,0.0062823840191635,0.0192799978184696,0.0094227270775553,0.0173508697413231,0.0053988510863518,0.0143865140570486,0.0091193871711108,0.0159927324919263,0.0044373749355267,0.0163257834045282
2026-03-31,APCP,surface,32.0,-124.75,0.016791636756013,0.0326464343539654,0.0112582412080069,0.0246868962822618,0.0121940825746872,0.0219812752991706,0.0058172346750568,0.0226123552131104,0.0151139192851365,0.0281408325920379,0.0081757104301268,0.0213204783569364,0.0107030478229675,0.0197450714671951,0.0059215389374811,0.0218560885260219,0.0128526599646954,0.0249447844285548,0.0083225777881791,0.0201202479189917,0.0112145892923293,0.0204343696542801,0.0061157984946612,0.0196859771872513,0.0140306453369689,0.0254846436427793,0.0077329022778207,0.0199236419108885,0.010095691587788,0.0193141263563237,0.0064553752139682,0.0202412696590605,0.0125840076632129,0.0222846413828755,0.0068678559227274,0.0181001356421907,0.0099719063130447,0.0175011819284192,0.0057849921758754,0.0183097067827919,0.0129200612098349,0.0212159215350753,0.0078017127455942,0.0167549532522392,0.0112184427016727,0.0198338249438093,0.0062823840191635,0.0192799978184696,0.0094227270775553,0.0173508697413231,0.0053988510863518,0.0143865140570486,0.0091193871711108,0.0159927324919263,0.0044373749355267,0.0163257834045282
2026-04-01,APCP,surface,32.0,-124.75,0.016791636756013,0.0326464343539654,0.0112582412080069,0.0246868962822618,0.0121940825746872,0.0219812752991706,0.0058172346750568,0.0226123552131104,0.0151139192851365,0.0281408325920379,0.0081757104301268,0.0213204783569364,0.0107030478229675,0.0197450714671951,0.0059215389374811,0.0218560885260219,0.0128526599646954,0.0249447844285548,0.0083225777881791,0.0201202479189917,0.0112145892923293,0.0204343696542801,0.0061157984946612,0.0196859771872513,0.0140306453369689,0.0254846436427793,0.0077329022778207,0.0199236419108885,0.010095691587788,0.0193141263563237,0.0064553752139682,0.0202412696590605,0.0125840076632129,0.0222846413828755,0.0068678559227274,0.0181001356421907,0.0099719063130447,0.0175011819284192,0.0057849921758754,0.0183097067827919,0.0129200612098349,0.0212159215350753,0.0078017127455942,0.0167549532522392,0.0112184427016727,0.0198338249438093,0.0062823840191635,0.0192799978184696,0.0094227270775553,0.0173508697413231,0.0053988510863518,0.0143865140570486,0.0091193871711108,0.0159927324919263,0.0044373749355267,0.0163257834045282
2026-04-02,APCP,surface,32.0,-124.75,0.016791636756013,0.0326464343539654,0.0112582412080069,0.0246868962822618,0.0121940825746872,0.0219812752991706,0.0058172346750568,0.0226123552131104,0.0151139192851365,0.0281408325920379,0.0081757104301268,0.0213204783569364,0.0107030478229675,0.0197450714671951,0.0059215389374811,0.0218560885260219,0.0128526599646954,0.0249447844285548,0.0083225777881791,0.0201202479189917,0.0112145892923293,0.0204343696542801,0.0061157984946612,0.0196859771872513,0.0140306453369689,0.0254846436427793,0.0077329022778207,0.0199236419108885,0.010095691587788,0.0193141263563237,0.0064553752139682,0.0202412696590605,0.0125840076632129,0.0222846413828755,0.0068678559227274,0.0181001356421907,0.0099719063130447,0.0175011819284192,0.0057849921758754,0.0183097067827919,0.0129200612098349,0.0212159215350753,0.0078017127455942,0.0167549532522392,0.0112184427016727,0.0198338249438093,0.0062823840191635,0.0192799978184696,0.0094227270775553,0.0173508697413231,0.0053988510863518,0.0143865140570486,0.0091193871711108,0.0159927324919263,0.0044373749355267,0.0163257834045282
2026-04-03,APCP,surface,32.0,-124.75,0.016791636756013,0.0326464343539654,0.0112582412080069,0.0246868962822618,0.0121940825746872,0.0219812752991706,0.0058172346750568,0.0226123552131104,0.0151139192851365,0.0281408325920379,0.0081757104301268,0.0213204783569364,0.0107030478229675,0.0197450714671951,0.0059215389374811,0.0218560885260219,0.0128526599646954,0.0249447844285548,0.0083225777881791,0.0201202479189917,0.0112145892923293,0.0204343696542801,0.0061157984946612,0.0196859771872513,0.0140306453369689,0.0254846436427793,0.0077329022778207,0.0199236419108885,0.010095691587788,0.0193141263563237,0.0064553752139682,0.0202412696590605,0.0125840076632129,0.0222846413828755,0.0068678559227274,0.0181001356421907,0.0099719063130447,0.0175011819284192,0.0057849921758754,0.0183097067827919,0.0129200612098349,0.0212159215350753,0.0078017127455942,0.0167549532522392,0.0112184427016727,0.0198338249438093,0.0062823840191635,0.0192799978184696,0.0094227270775553,0.0173508697413231,0.0053988510863518,0.0143865140570486,0.0091193871711108,0.0159927324919263,0.0044373749355267,0.0163257834045282
2026-04-04,APCP,surface,32.0,-124.75,0.016791636756013,0.0326464343539654,0.0112582412080069,0.0246868962822618,0.0121940825746872,0.0219812752991706,0.0058172346750568,0.0226123552131104,0.0151139192851365,0.0281408325920379,0.0081757104301268,0.0213204783569364,0.0107030478229675,0.0197450714671951,0.0059215389374811,0.0218560885260219,0.0128526599646954,0.0249447844285548,0.0083225777881791,0.0201202479189917,0.0112145892923293,0.0204343696542801,0.0061157984946612,0.0196859771872513,0.0140306453369689,0.0254846436427793,0.0077329022778207,0.0199236419108885,0.010095691587788,0.0193141263563237,0.0064553752139682,0.0202412696590605,0.0125840076632129,0.0222846413828755,0.0068678559227274,0.0181001356421907,0.0099719063130447,0.0175011819284192,0.0057849921758754,0.0183097067827919,0.0129200612098349,0.0212159215350753,0.0078017127455942,0.0167549532522392,0.0112184427016727,0.0198338249438093,0.0062823840191635,0.0192799978184696,0.0094227270775553,0.0173508697413231,0.0053988510863518,0.0143865140570486,0.0091193871711108,0.0159927324919263,0.0044373749355267,0.0163257834045282
2026-04-05,APCP,surface,32.0,-124.75,0.016791636756013,0.0326464343539654,0.0112582412080069,0.0246868962822618,0.0121940825746872,0.0219812752991706,0.0058172346750568,0.0226123552131104,0.0151139192851365,0.0281408325920379,0.0081757104301268,0.0213204783569364,0.0107030478229675,0.0197450714671951,0.0059215389374811,0.0218560885260219,0.0128526599646954,0.0249447844285548,0.0083225777881791,0.0201202479189917,0.0112145892923293,0.0204343696542801,0.0061157984946612,0.0196859771872513,0.0140306453369689,0.0254846436427793,0.0077329022778207,0.0199236419108885,0.010095691587788,0.0193141263563237,0.0064553752139682,0.0202412696590605,0.0125840076632129,0.0222846413828755,0.0068678559227274,0.0181001356421907,0.0099719063130447,0.0175011819284192,0.0057849921758754,0.0183097067827919,0.0129200612098349,0.0212159215350753,0.0078017127455942,0.0167549532522392,0.0112184427016727,0.0198338249438093,0.0062823840191635,0.0192799978184696,0.0094227270775553,0.0173508697413231,0.0053988510863518,0.0143865140570486,0.0091193871711108,0.0159927324919263,0.0044373749355267,0.0163257834045282
2026-04-06,APCP,surface,32.0,-124.75,0.016791636756013,0.0326464343539654,0.0112582412080069,0.0246868962822618,0.0121940825746872,0.0219812752991706,0.0058172346750568,0.0226123552131104,0.0151139192851365,0.0281408325920379,0.0081757104301268,0.0213204783569364,0.0107030478229675,0.0197450714671951,0.0059215389374811,0.0218560885260219,0.0128526599646954,0.0249447844285548,0.0083225777881791,0.0201202479189917,0.0112145892923293,0.0204343696542801,0.0061157984946612,0.0196859771872513,0.0140306453369689,0.0254846436427793,0.0077329022778207,0.0199236419108885,0.010095691587788,0.0193141263563237,0.0064553752139682,0.0202412696590605,0.0125840076632129,0.0222846413828755,0.0068678559227274,0.0181001356421907,0.0099719063130447,0.0175011819284192,0.0057849921758754,0.0183097067827919,0.0129200612098349,0.0212159215350753,0.0078017127455942,0.0167549532522392,0.0112184427016727,0.0198338249438093,0.0062823840191635,0.0192799978184696,0.0094227270775553,0.0173508697413231,0.0053988510863518,0.0143865140570486,0.0091193871711108,0.0159927324919263,0.0044373749355267,0.0163257834045282
2026-04-07,APCP,surface,32.0,-124.75,0.0005043476938392,0.0005352072446253,0.0,0.0,0.0,0.0,3.205146254693157e-05,0.0002325699931722,0.0001003134955327,0.0001003134955327,0.0,0.0007325095140421,0.0005650157902879,0.0018602808148803,0.0167821384146521,0.0846181565786235,0.1634100952269842,0.2910215178207199,0.0437558381021753,0.0715941490609507,0.0366972508367185,0.0912110665537616,0.1439728928590575,0.3715231784224239,0.2731910654208639,0.4564479519875307,0.1181538321210094,0.2720286730007624,0.156566648448828,0.3845409736279808,0.3304220435613648,0.7480812755823805,0.576646310073564,1.1001700625077024,0.5190765329106619,1.0257607518379006,0.5129990900183351,1.0108856859627666,0.5522963595635499,1.2205110562056305,0.8271769065306329,1.6099096244875175,0.7583070726582278,1.448676467278242,0.6469144207585341,1.3804631642660872,0.7656963679041524,1.5184538111368893,0.7866483615797418,1.4755438207767928,0.6739299033648793,1.343559563506444,0.4986482658448953,0.9663426891907984,0.296704187756362,0.4716485093816962
2026-04-08,APCP,surface,32.0,-124.75,0.0007961341901294,0.0011405394727048,0.0008039111135276,0.0027276959850309,0.0051385589736474,0.0103378267886867,0.0286338678071092,0.1079187041216348,0.1707144126513165,0.2968210813902217,0.0654823507629547,0.1397044060279064,0.0966113803118607,0.2031474167565685,0.2149737914276193,0.5563494268490559,0.334822652734682,0.5164304328834984,0.1140227870837743,0.2912176800822914,0.1881988130642504,0.4737535101469021,0.4148185633966644,0.9643850085992136,0.7081943228922951,1.2104572162605076,0.2849494269480611,0.5785806761548862,0.4190697998954165,1.1787009208093593,0.967284977083462,2.010382323956468,0.9732121568673356,1.8880521216484856,1.0339370528171037,2.011968818476256,0.7801949637282544,1.5471559400736192,0.7047529337584753,1.3189410618394195,0.4827299122086203,0.771455990794419,0.2587095814738647,0.4954916206201616,0.1727518165927273,0.3265746857637681,0.1269399564298832,0.2235561439841452,0.0628338551581501,0.0931567206777761,0.0097632513939,0.0182972341201216,0.0065724275782144,0.0160267575435497,0.0083370014988966,0.014814578521589
2026-04-09,APCP,surface,32.0,-124.75,0.2063193766553592,0.3366749429373206,0.0387012722750974,0.0913448691837438,0.0709473281496551,0.2017640463388577,0.2258889345564864,0.5416741343149374,0.4163648831874277,0.689991627309345,0.1665266466596639,0.3937535065276979,0.2578280610497186,0.5754150674914518,0.4843594540337002,1.1754937803564864,0.6848524498656025,1.0301644394311416,0.2673190722139688,0.6407847469214828,0.5724506753877399,1.317251253630102,0.9825491216101434,2.1041226245137805,1.170581762052907,2.3105641439015177,1.0792388100428911,1.927235575139286,0.6814782544156301,1.2547952069620123,0.4599494392662464,0.8469368633965908,0.3252926356177328,0.5969735603857345,0.2479972971058751,0.4917783945384667,0.1972037553922399,0.3838558312361969,0.2023065072821331,0.3683976726155793,0.0593474120921991,0.1027569096244767,0.0421864838442128,0.0770519353018682,0.0221825831724495,0.0368986166872163,0.0066675701091263,0.0108787299068527,0.0018123767736511,0.0020197783348212,0.0001388315496108,0.0025694752711955,0.0040271106598475,0.0149824031859788,0.0110589427903726,0.0202713486722639
2026-04-10,APCP,surface,32.0,-124.75,0.3509313175720746,0.5500013530167299,0.1567813055035215,0.4006758083915203,0.2964437982098969,0.6613505269801265,0.5393491924404603,1.255602571009372,0.6801158400749044,1.067345798398398,0.272101622793817,0.5274354598625042,0.3418281812795599,0.7814023683795654,0.4938911516238071,1.3681867919674495,1.1919711501742023,2.2887167987192543,1.230827244627284,2.3949015991823575,0.8570940521740155,1.5666294217628762,0.5518864079092963,0.993231453164238,0.2857782113461098,0.4755321769945733,0.1698911712414738,0.306379915512533,0.0784370541050047,0.1500706534604485,0.0864117109295684,0.172881406612734,0.0405270030028547,0.0584582532407626,0.0050792095447496,0.0109773438106847,0.0042434069721451,0.0117428566248818,0.0045139834346671,0.0081053891541227,0.0018338908643081,0.0022189685923735,0.000745720470212,0.0068019825531253,0.0166437476974646,0.0432871203900961,0.0482782767632424,0.1196477627715858,0.0645607211146064,0.1261492337606,0.0939296520401775,0.2547686761187491,0.2083295352492794,0.4166266579947239,0.1763133887146633,0.3592953717470366
2026-04-11,APCP,surface,32.0,-124.75,0.6595149712150415,1.146850326056041,0.3315810703439518,0.6063337792388834,0.3178936419502632,0.7152833335076583,0.5639599952816314,1.6289604690458517,1.263939407372538,2.543337084472588,1.1476688337832552,2.1372217483268066,0.8391891952467314,1.5633862644508256,0.5886637417409095,1.123746397626577,0.332559695165041,0.5731287616491387,0.1475997387325135,0.2587573965390811,0.088257978267484,0.1760371867449902,0.0915284723660473,0.1817127625789811,0.0669495494615573,0.0875008350508673,0.0101770524925446,0.0205303231152798,0.0149436195231796,0.033010046826591,0.007087990753226,0.0123102665487144,0.0020841629937416,0.0037050403072909,0.0029357417596239,0.0063362439565998,0.010007447820873,0.0320289096213109,0.0460501191069084,0.1367453126803922,0.1163017463732866,0.2378372021992777,0.1349301132207881,0.2623914740462532,0.0724940402119582,0.1104388997776615,0.0344076044792948,0.0936482646859341,0.062444318145617,0.0894044501196042,0.0133361293904131,0.0202295601284709,0.0005950175411477,0.0008401298921879,3.0859550786033146e-05,0.0006545786171077
2026-04-12,APCP,surface,32.0,-124.75,1.2042579123447243,2.3335000646383843,1.065753846567992,2.017319567401123,0.7809851489859302,1.4226073383164053,0.59245445103245,1.1630308851325206,0.4402060240661523,0.6789520735022184,0.1455590842314437,0.2678288542431255,0.1165126423097027,0.2197840580252643,0.1239309709798176,0.2769170053683545,0.1005858467008209,0.1787315761823808,0.0591774767730209,0.0947141820426007,0.0184395231155226,0.0317586498871183,0.0051727914104995,0.0107142089394513,0.0028887033725003,0.0047856931598868,0.0098792820453283,0.0371943257631591,0.0644335224275446,0.1767130634812835,0.1509795225257773,0.3410473862380795,0.1487788699034954,0.2880694785435043,0.1456782786090019,0.3250130723256716,0.1479854689616812,0.2396651390719803,0.086862217683895,0.1896881054001795,0.1117442125024845,0.1871742299485576,0.0208191761579391,0.0248103854699,0.0003473484420446,0.0004093106538604,3.0859550786033146e-05,0.0001640286322858,0.0,0.0,0.0,0.0,0.0,0.0,0.0,0.0050578095349722
2026-04-13,APCP,surface,32.0,-124.75,0.3659027554375124,0.5735474159109413,0.1317067449563222,0.2329390069841793,0.0823724064903486,0.1624284937730875,0.1390421907806028,0.3044874410774571,0.0936475610697258,0.1518255157567028,0.0670021957071105,0.1154244011030198,0.0149544038725506,0.0270767862811569,0.0063927975288382,0.0130538612265733,0.0055729077817099,0.0254668307889565,0.0207726464956649,0.0650436058315404,0.1057191474835562,0.2712550596092114,0.167797040484582,0.2956846861575167,0.1594108115253311,0.3822933778064406,0.2664183517255781,0.5149772794959682,0.1491725109805911,0.2262654526224992,0.085902297269066,0.1768880315962403,0.0411758101811654,0.0593865039426491,0.0079418731050753,0.0096451858474777,0.0015853422277299,0.0028613301680575,0.0004645873961139,0.0007234210233865,3.318286238573295e-05,3.318286238573295e-05,0.0,0.0003775527135874,0.0032269207385776,0.0065657936551597,0.0095456447618802,0.0847945860503368,0.2549397625538518,0.7711278627791532,0.4706249092430695,0.9069170158828922,0.4667520404566864,0.9053464834122538,0.3929644795118743,0.7764089869529281
2026-04-14,APCP,surface,32.0,-124.75,0.1454172833914339,0.2361235481062429,0.0467987623031373,0.0644548083550263,0.0128677196850083,0.0228608891485307,0.0035220931547239,0.0059230052384553,0.0011888547714611,0.0056741553820232,0.0108099631943121,0.024963159443763,0.0489518677114933,0.1328525264777446,0.0975048909866337,0.1694773836146544,0.0753470002603756,0.1872464853828546,0.1843334638302275,0.4133642762303611,0.1652991206853693,0.2586956627109431,0.0662884609686873,0.1223645522183796,0.0415399060619575,0.066037461615917,0.0046296952210889,0.0056548450431922,0.0013728587792988,0.0021415684222119,0.0003716531752006,0.0005575409781901,3.318286238573295e-05,3.318286238573295e-05,0.0,0.0,0.0,0.0,3.0859550786033146e-05,9.44568138161497e-05,3.3401678364183465e-05,3.3401678364183465e-05,0.0041114769011458,0.0387850537778224,0.0898183518890919,0.435417942080766,0.3925195850755202,0.874696707979602,0.4843035789819122,0.8271214096830445,0.3384183832478871,0.8541140870997753,0.641036412782509,1.3662906809799722,0.7485418671219988,1.458319720690129
2026-04-15,APCP,surface,32.0,-124.75,0.002443174583915,0.0075765707297187,0.0127907863289006,0.0347379651622937,0.0695821019525017,0.1937112670988796,0.1174555607594306,0.1935264124743641,0.0653082702993864,0.141578182422089,0.0934631469958164,0.2253957079179777,0.101361066170063,0.1506736079958392,0.0269846804984056,0.0480948260613471,0.0258917231582774,0.0531775469149972,0.0066329338300934,0.0071760259714122,6.611467193490546e-05,6.611467193490546e-05,0.0,0.0,3.318286238573295e-05,3.318286238573295e-05,0.0,0.0,0.0,0.0,0.0,0.0003595506310228,0.000653281739681,0.000653281739681,0.0,0.0,0.0093686426894575,0.0650003753854932,0.0832112447594985,0.1668691271682822,0.0696517691352321,0.1292579313921428,0.0178574227126936,0.0489126272281743,0.071022013798628,0.2229242291667153,0.1837487451461273,0.3294259527740509,0.1480929024079142,0.2588048094233629,0.1906817168852441,0.6440877012861539,0.6480020832480872,1.262194604815058,0.6780163213046422,1.477174490284922
2026-04-16,APCP,surface,32.0,-124.75,0.0635282667880213,0.1191297079279557,0.0511436215506662,0.1164993014935116,0.0692707047253536,0.1189580528431704,0.0272357996754714,0.0448180680009497,0.0219446281785594,0.043222265662551,0.0039605595339518,0.0049395725777131,0.0005618301247249,0.0005970852458738,0.0,3.318286238573295e-05,6.63657247714659e-05,6.63657247714659e-05,0.0,0.0,0.0,0.0,0.0,9.810029599983704e-05,0.0012846228855347,0.0044278797272801,0.0107586065727892,0.0222871669116868,0.0168447636364494,0.0914115318718311,0.0588791479482819,0.0929084563840689,0.0305591368947119,0.053007385292364,0.0609815524327769,0.2143409171754879,0.1875764443964342,0.3945339193502877,0.2307251867424424,0.4224307284909871,0.1452995620400239,0.4106638554271212,0.596587229904727,1.431078913901068,0.6903539751779186,1.068184198906367,0.1790814411655632,0.3439705850634281,0.2092948434676916,0.4628077764973156,0.3496284374866971,0.946928706247684,0.8059190726007563,1.5194479126441047,0.6077774344858365,1.2494962992053145
2026-04-17,APCP,surface,32.0,-124.75,0.0059499370422358,0.0206807935710484,0.002315782863676,0.0035412671783464,0.0007707115055449,0.0010863400881757,0.0,0.0002651318457502,9.910530761555854e-05,9.910530761555854e-05,0.0,0.0,0.0,0.0,0.0,0.0,0.0,0.0,0.0,0.0,0.0,0.0,0.0005469483319786,0.0026149299752892,0.0041431671881725,0.0254846436427793,0.0300534038084597,0.1157788492266085,0.1509583853645693,0.4436090119896314,0.3311837370316906,0.7021430399289305,0.3926933573761568,0.8450777152292195,0.7799605964454644,1.6348941484075303,0.6529061294825658,1.307807661960776,0.6741123597887342,1.383434675610857,0.7327194444339498,1.313009346096981,0.4847246883918196,0.9366681828758,0.4522667571696169,0.8869809484856367,0.3529922160148773,0.6955385964582964,0.2466141700523516,0.4587907931964647,0.1772633523334544,0.3333916959060026,0.118906110852901,0.1894746748501333,0.0438552900197392,0.0797649196111255
2026-04-18,APCP,surface,32.0,-124.75,0.0,0.0,0.0,0.0,0.0,0.0,0.0,0.0,0.0,0.0,0.0,0.0,0.0,0.0,0.0,0.0005814190870356,0.0029851761810897,0.0093514555915493,0.0317810368504358,0.1983566031706203,0.3466468952566008,0.9213337022321963,0.5886028512715317,0.950703979530076,0.4089716974048036,0.930762242951253,0.6936983912437833,1.4836823821694938,0.9435574331486436,2.0106063248186437,1.0266288385135791,1.765325673399893,0.6472226835923146,1.2296437890215042,0.4790062057251645,0.9311314523925862,0.357279166331915,0.7267357808288023,0.2617793312498037,0.3862595695987892,0.0829721906886475,0.1389078677414843,0.067383278989382,0.1120114579568657,0.027335392806267,0.0432294570249488,0.0165346708408398,0.0489188477235708,0.0339363697059087,0.0548027310356768,0.015970854884239,0.0417899496389415,0.0162011452752735,0.0359668955517235,0.0383805101773254,0.1203216688153779
2026-04-19,APCP,surface,32.0,-124.75,0.0023270461032079,0.0023913808312866,0.0,0.0,0.0,0.0,0.0001279643523569,0.0052087647076243,0.0363779570612354,0.0845070314549786,0.1150082625752778,0.3899645782633243,0.4107903101837896,0.8046260969008244,0.3880246254996916,0.7452316737187766,0.4130989026383749,0.9855768882457656,0.7528944796960888,1.601307635652233,0.8099914252053724,1.666768765014098,1.0565254799412864,2.197396949781742,0.9381991969917864,1.6090390606013132,0.4849095289139447,0.8950484808212752,0.2248211355082187,0.3866683716061532,0.1124465112162972,0.2000936658335264,0.0845483040487622,0.1456728408868335,0.0454629954620306,0.066348902418319,0.0064615697469725,0.0099133671679856,0.0024426928549772,0.0087573692719299,0.0215783142877654,0.0374908717314718,0.0130191203534135,0.0257970210255309,0.0044223951820276,0.0076528634520586,0.0035141615301204,0.0124272446422608,0.00689219812687,0.0097636626216059,0.0056514150603353,0.0183419273149045,0.0196565387034175,0.0351688612602831,0.0186102403200265,0.0922194393389583
2026-04-20,APCP,surface,32.0,-124.75,0.0289920835067062,0.0646705297209713,0.1264149640523624,0.5000727820018593,0.4094320636237737,0.7769924283394595,0.3277932425448775,0.8227259210667515,0.6016584074365232,1.2163132306878592,0.5828140537355854,1.4113211997977455,0.8610461736321438,1.781511335081642,1.05267014029064,2.1877914394235,0.9339885012477196,1.6487169345292745,0.603524254872918,0.9977072907354286,0.2268846003170033,0.3637484394483497,0.1142444545153009,0.2290986773089705,0.0926574218918875,0.1401334483521723,0.0368724300693093,0.0670032107055508,0.0132117023840047,0.0254137724556133,0.005247506477985,0.0100676816254137,0.0055801500055474,0.0333819583370742,0.043922468256125,0.0818821947607679,0.0216860704743803,0.0332782810654895,0.006084337867967,0.0210401670844291,0.015406816429521,0.0323496663426322,0.023865811831652,0.0622138657525294,0.0469001163255847,0.0936512077326396,0.0993159330437997,0.2353349844978983,0.1424967495003885,0.2589340560570116,0.0733606720381446,0.1451848207936781,0.0659558367057168,0.1286358067547106,0.046511558284224,0.1015860841049845
2026-04-21,APCP,surface,32.0,-124.75,0.6327882825682044,1.2431326619548857,0.7035549190194033,1.5310384683879668,0.8496461580571506,1.6914982564675436,0.8672838505866209,1.8680593136502532,0.8908433440896469,1.515348504001571,0.3509936714636932,0.5921518360475739,0.1536860305766985,0.2704025828693082,0.1012145009838685,0.1650284552969655,0.0344356691628469,0.0544108885681749,0.0135182927739491,0.0169475455506192,0.0018688273229621,0.0028359705668054,0.000382716715049,0.0015910987684602,0.0006240960528648,0.0015009347729991,0.0002748807528777,0.002737783010207,0.0032804849286247,0.010248574645714,0.0116089548570544,0.0493940371283379,0.0217456823220914,0.0367178375954758,0.0296148619400637,0.0846743463968957,0.0764204926882543,0.2192149950551356,0.2644073921656535,0.6510152940384405,0.3573440303029104,0.6156461095664962,0.1636510509570628,0.2644125662997638,0.0781869614668974,0.1733053169665195,0.1217705382467782,0.2558782705518473,0.1364031224550583,0.2336295995951086,0.0637883864000899,0.1224679689542997,0.0421137336845619,0.0972655180737645,0.0417302018596133,0.070637473665709
2026-04-22,APCP,surface,32.0,-124.75,0.8067929195875378,1.2741998545200914,0.3026584132318042,0.5187501386990924,0.1941676164865477,0.3355106776782521,0.1336876751865945,0.2187084510514334,0.0458490772202333,0.0604075014682483,0.0064590002344287,0.012556284402387,0.0016459396385631,0.0023131906534352,0.0002604255332809,0.0007250777613192,0.0,0.0,3.146292393296116e-05,0.0003779094232762,0.0009121989207459,0.0023923876419962,0.0099047751116035,0.0376929343714419,0.0183801999844257,0.0297113094784068,0.0103908418040091,0.0325287953849149,0.0371475537527919,0.1349966602622909,0.3448526128294922,0.823330172512774,0.6279697289712156,1.3712322419123537,0.6160629885864677,1.0825893776889692,0.2933199642363299,0.4789786952887344,0.1356825546610042,0.2974102093193651,0.1459196234750687,0.216175779644633,0.0437486354165705,0.0979352821182018,0.0559604494331262,0.1811577292624582,0.2234369066969109,0.5805380600363091,0.3920288923064033,0.7148933353236431,0.3516232761667589,0.766309649289288,0.4951089416983425,0.95148550085635,0.4556397227794245,0.9427187003982468
2026-04-23,APCP,surface,32.0,-124.75,0.026890242489377,0.0370953157881598,0.0068564802659433,0.0183779674465847,0.0024787481276776,0.0029150065918647,0.0,0.0,3.216736403935803e-05,3.216736403935803e-05,0.0002835224340654,0.0006727736921506,0.0023576659938037,0.0053393262458596,0.0096506471625477,0.0330692752066672,0.0246057420018093,0.0412313364782262,0.0185058180909615,0.0474791931564011,0.0351504828565933,0.0755111128229457,0.0911199948399781,0.3158611156421299,0.3290554925205696,0.7416969833543974,0.4895292997837328,0.8526716491850552,0.2135434069606427,0.3558968814394256,0.1678638556171236,0.3483810163896697,0.1966502628785459,0.3179007859613777,0.0482137481314063,0.0945314854887464,0.05971551056599,0.1783492631115518,0.1433999695076411,0.3032428322214768,0.1510490427243889,0.1974210245839125,0.0147261483461126,0.0231303783225846,0.0104402918060009,0.0284263349797642,0.0123192205302055,0.0241613953811183,0.0140347316115967,0.0369242578731531,0.022360770761119,0.0895186329257996,0.0993786356493596,0.1306191653626857,0.0572833686215807,0.1627298424991726
2026-04-24,APCP,surface,32.0,-124.75,0.0001316056000846,0.0001316056000846,6.304475188954e-05,0.0002556268415914,0.0005296616553797,0.0069517653669079,0.0098825262199405,0.0246104483648057,0.0102717176517213,0.0185753484054554,0.0109697479736474,0.0314500388118415,0.0215453428948944,0.060010170191299,0.1056942358943324,0.3312286653798646,0.346969970435608,0.8590336639855433,0.6594943225096058,1.2762773155407523,0.4195183090292927,0.7008257112320979,0.2143012897169844,0.4394621144257684,0.298396909907168,0.5751066066464255,0.1702617042434386,0.3217687687070698,0.1662847389191928,0.3283893272054122,0.1278896896925961,0.22988513795534,0.0574916263966744,0.0673487501178932,0.000351262006063,0.0007908023765431,0.0001855228457383,0.0018347147290805,0.0026872178585328,0.0061421118032749,0.0027973760192603,0.0038038994866103,0.0003006862498634,0.0028664524159503,0.0162394719927527,0.0438957340165337,0.0106781991069282,0.017244547797424,0.0107759062428698,0.0251383931701779,0.024948216322324,0.0819617584750811,0.1018335541504707,0.165120252913161,0.0805874142548326,0.2915323964504669
2026-04-25,APCP,surface,32.0,-124.75,0.0188263462356848,0.0358538354259897,0.0124794067881456,0.0328579532605025,0.0212614205183586,0.0499017113257875,0.0690709159302653,0.3083092007573003,0.3871154218101106,0.8803671999909632,0.6342455720267324,1.2164802959974597,0.4363759129690713,0.7417013575440677,0.2272330501449241,0.4567979522788846,0.2906957626609088,0.6132164700439272,0.2065618062135953,0.3903995816418547,0.1902794107459866,0.349912819139613,0.1700719547291783,0.3144449636937355,0.0852694141958905,0.1078087023265217,0.0022575037738449,0.0035827146984686,0.0016074612375261,0.0087103956783771,0.0069431359213611,0.0102729889637819,0.00093683004596,0.0012054792129132,0.0002464937001031,0.0010166022899653,0.0001044847257426,0.0002980109870973,0.000311625023468,0.00358373664293,0.0069052297114811,0.0109411712714019,0.0024728191355501,0.0170690355254822,0.0317534889938616,0.1480525820747835,0.2469446092018927,0.3883334118801931,0.0186976409452203,0.0207660159844601,0.0019370807406562,0.0063556184364512,0.0039615051676459,0.0069289736586924,0.0008899877362029,0.0032447389255015
2026-04-26,APCP,surface,32.0,-124.75,0.4507024075328333,0.9836996075212824,0.6506602951025425,1.2878467181745763,0.4793341657401451,0.7889299419373599,0.2646218845968925,0.5370799734469492,0.3168913762997364,0.5977589228329359,0.1269232510619647,0.24316256002567,0.1263061491092235,0.2718979477449598,0.2078183676968182,0.3860583922828445,0.0921775055854273,0.1216760313979988,0.003333866109807,0.0082298488315054,0.0040013617569201,0.0106249737073942,0.0201324721066805,0.0581978886284954,0.0330219866257369,0.0376931060067931,0.0064562618351302,0.0150890614056447,0.0037767494207276,0.0064110934119463,0.0070586111414464,0.0324252535440817,0.0256583200651649,0.0435744451086976,0.0052801664627619,0.0335939259520657,0.0897166718890608,0.2163349198743424,0.0341127472777625,0.051255782217532,0.0148525424065475,0.0182426831511041,0.0013498581364445,0.0040533054274255,0.0024893281229519,0.0038589739905588,0.0001280282582103,0.0044793197482099,0.0070883634671841,0.0096550802561646,0.0040744846934437,0.0113347963683419,0.011348396736851,0.0237470521441401,0.0082693266543558,0.0444188718645311
2026-04-27,APCP,surface,32.0,-124.75,0.2797996976310381,0.5221589192777082,0.1391253316001418,0.255690651210342,0.1340976477449751,0.2947611082988514,0.205532669960247,0.4092682131228446,0.1134640955034258,0.1430605732884949,0.002593176582257,0.005471777848978,0.0013345240901846,0.0056831056815995,0.0059260363538862,0.032140926918893,0.0185709647199997,0.0241272029952434,0.0045685093204496,0.0080478360826625,0.000643170655877,0.0034885019190447,0.0108252640039278,0.0525912384195213,0.0518024450672267,0.0846555628734253,0.0158090170956234,0.0290593769327708,0.0163133919657085,0.044512025960329,0.0255212978860777,0.0500722021017804,0.0092321404045776,0.0123922428276226,0.0018244003847874,0.006014659082114,0.0048879071815734,0.0109328288537646,0.0009731895789656,0.0035514087628791,0.0142437977693148,0.0431838885410272,0.0162358038309164,0.0285384977908466,0.014238158231796,0.0402547858884881,0.0479552830673379,0.1655117758078993,0.1906376322613339,0.3222429077570828,0.0997392823488926,0.2007234598267404,0.1390263607252902,0.3120787109838114,0.1863035520029766,0.4053997727429138
2026-04-28,APCP,surface,32.0,-124.75,0.0792905216002808,0.0995736815374257,0.0045656088428065,0.0085480749028043,0.0020416961787233,0.0058144325380037,0.0181828924224126,0.0715892684208548,0.0452310931077012,0.060681785876706,0.003419067266724,0.0045592911608576,6.734311821988777e-05,0.0008136008967942,0.0064881095029767,0.047222809257055,0.0575687859288624,0.0815723426386921,0.0115485273682626,0.0221587381685116,0.0131232241158132,0.0349279002621954,0.0186287128637313,0.0693769894646182,0.0447841462909295,0.0577208523177238,0.002699016290962,0.0097840338632006,0.0104953671954637,0.0204954521808208,0.0036282929987668,0.008258738416215,0.008999625836281,0.0195923429054485,0.0158020171017747,0.0281631292440269,0.0099719063130447,0.0184083117517817,0.0062908539716508,0.0323841424633072,0.0474802207810753,0.0677717920477115,0.0269772475347432,0.0574858370654538,0.0222647620919107,0.0519090459216421,0.0471284660270221,0.1891548858471185,0.089929546235116,0.1746750513364613,0.1076506466440504,0.2209886508556449,0.113893952906431,0.2454636674927421,0.2692082308640834,0.6156772536469801
2026-04-29,APCP,surface,32.0,-124.75,0.0348859482108742,0.041680859233678,0.0004866335372962,0.0006547272111219,3.351013880437557e-05,9.535108738384167e-05,0.001889214745789,0.0149338976641192,0.0213620615095952,0.031271497103601,0.0023443887736223,0.0028635807589381,0.0024967064582261,0.0069369259949083,0.0054380393121332,0.0328553626197511,0.0353860527413083,0.0531784026334631,0.0142164700135099,0.0310421687652642,0.0157055087450697,0.0309056584021503,0.0064360951954891,0.0194824957347104,0.0264366797109816,0.053726002369351,0.0217763185702808,0.0451989455431699,0.0240549393771272,0.0431489802226223,0.026917089699921,0.1290479763521201,0.1690732245277269,0.2656864607525939,0.0931135944679776,0.1985965248546208,0.109666104177639,0.2326410391781735,0.2263801860395622,0.5600815037142421,0.2653581506824281,0.5265032701792325,0.2196393250066019,0.4234323005136181,0.2865179269244084,0.6162080716376488,0.246422809251907,0.4743365658125287,0.1511770499902864,0.2621908776134103,0.1413925673426046,0.3341292017708914,0.1690335238870935,0.333830148384752,0.1198240916493474,0.2812027881543237
2026-04-30,APCP,surface,32.0,-124.75,0.0158260596714273,0.0182351839453271,0.0009040295255294,0.0030081981280981,0.002129921333426,0.0046969055994187,0.0028085711054277,0.0179517033948487,0.0210147498270985,0.0308807672912355,0.0082385181246808,0.0206195772381524,0.0123539014145196,0.0216144560250502,0.005423482646249,0.0357205872150387,0.0555259699387188,0.0851381992457543,0.0222411309513386,0.0437008592469958,0.0117820844409514,0.0234819942985491,0.0221758207645837,0.0927835295170799,0.065349384312746,0.1136793656086759,0.0270832634105593,0.0681018980360753,0.0490521582228248,0.1174895800431206,0.1465684897386739,0.5216866282352798,0.4020884389945974,0.6825033308135,0.1409270049407797,0.2883339118684242,0.1585417410147176,0.386371397515509,0.2990736646893378,0.7381431427706138,0.3795674201086037,0.6881620201264665,0.1564978848595083,0.2349293244572428,0.0725275721160034,0.1338497671791049,0.1036375319050786,0.2601227576235467,0.2622600867579493,0.378904818584629,0.017978142681838,0.0247194979007822,0.0103904649305967,0.0162040946671883,0.011171168268681,0.0584676957151248
2026-05-01,APCP,surface,32.0,-124.75,0.0193860591463088,0.0358630948052724,0.0162157881160462,0.0385505943778696,0.0207527488179142,0.0364241775954488,0.006681527547286,0.0246234156961642,0.041790460382311,0.068054926607137,0.0219198575870412,0.0463992131776182,0.0140827570756374,0.023801132337878,0.0176134102094517,0.0868503154295806,0.1058439371228941,0.1462439764355768,0.0240524397071386,0.0632383392929513,0.0427175318591627,0.0981083748145564,0.124787777848752,0.4815863068821091,0.3722237766066317,0.6020306265512555,0.1355632716173072,0.2401166028779784,0.1058662884200292,0.2656247482142065,0.2777178450043009,0.7465660819048408,0.5612260932150409,0.9187435594293626,0.2321865160863881,0.4354336377725146,0.2609679597547816,0.5132071791031714,0.2384622687957265,0.4593530728802386,0.1888404522571137,0.2562700298716629,0.0129828631056027,0.0297806103456811,0.0167985165658453,0.0225058629881273,0.0038029276743791,0.0233576410018612,0.0170259381762671,0.0238544462358795,0.0027178589445451,0.0108339012275159,0.009401698693424,0.0153608962490549,0.0131877436223017,0.1065412449057022
2026-05-02,APCP,surface,32.0,-124.75,0.0351059628905915,0.0724325636912949,0.0349141007836876,0.06532102203255,0.0203611857338395,0.0336395415303747,0.0072268932862256,0.0608983774931493,0.1130278991959132,0.1663055067926357,0.0330138411613328,0.0750587953956352,0.0381181999217225,0.075015182077496,0.1145566824795668,0.4838177580625539,0.3567228024535953,0.6250153118819008,0.1613408412313329,0.3240639122545498,0.1703265360142984,0.3543632847665443,0.258777647066335,0.6521536889065316,0.4264450185140407,0.816627237722611,0.2786655576916985,0.5358140776764624,0.2286883755326807,0.387037586722015,0.1685592042918871,0.334196046914916,0.1558337449076399,0.2265147547741917,0.0091893475260668,0.0171414074843806,0.0110313230227513,0.0165283563328493,0.0012114439354457,0.0070050979965387,0.0066774134988112,0.0092139737317668,0.0025267882585716,0.0085129891121716,0.0043841266770792,0.0052081971325393,0.0003889250630587,0.0027966767584287,0.0025341638359233,0.0029782381763859,0.000625138720951,0.0012500545159321,0.0007760972935159,0.0030365080121303,0.0018290809403111,0.0029016778035239
2026-05-03,APCP,surface,32.0,-124.75,0.140283164114627,0.2380004257215563,0.0513157903412764,0.1224471520575834,0.0740327560970689,0.1476980242167285,0.1597405016923113,0.4663683959460942,0.2290226131366187,0.3479165774303013,0.094564457103302,0.1970491293885407,0.1455332144053074,0.3408847286112998,0.2603502716881588,0.7683372172893683,0.5124650495220737,0.8721603990688324,0.316231287078079,0.578016389376008,0.1960271621814064,0.3737339720934036,0.1485346573728035,0.3561656774122353,0.2087640945894357,0.3508958519208553,0.0155970276877853,0.0266885757191271,0.0083998883220406,0.0118930479837638,0.0008371306867229,0.0076576565545748,0.0035083820745019,0.0062672608855587,0.0043058075637313,0.0103521782981374,0.0054878253687749,0.0093073851079711,0.0003434031452296,0.0014987077229995,0.0009161906597926,0.0011582370812123,0.0,0.0003150419013429,0.0016191285841671,0.003327443400409,0.0001239255911737,0.0019009051070998,0.0011054685991763,0.0017842081765729,0.0039273469852088,0.0061901632738553,0.0017732168882538,0.0020363511611839,0.000100090878378,0.0004348234860764
2026-05-04,APCP,surface,32.0,-124.75,0.2406214238595739,0.368972633384766,0.0757131415060162,0.1624528162342487,0.10941395033818,0.2637409645491897,0.2315958381702999,0.664067153395788,0.4104399410155608,0.7756524303293614,0.3358288419030051,0.5937706486308186,0.1267100788332452,0.2035996554822003,0.1056502380167213,0.3066938686006883,0.2539341273131181,0.3803910662958869,0.065017078225424,0.0790123098156247,0.0076879401891354,0.0137605207609037,0.0005466275753723,0.0048694020901913,0.003023868138368,0.0068656993372955,0.0040562677810653,0.008892305763414,0.006089810825236,0.0090992961625682,0.000221766483314,0.000705759589725,0.0002236274945212,0.0003170561546528,0.0,0.0004789870926776,0.0015259442138958,0.0037586358964903,0.000277979651089,0.003074513424969,0.0130055306391733,0.0167656655515851,0.0,0.0,0.0,3.0859550786033146e-05,3.205146254693157e-05,0.0001357121424355,0.0,0.0,0.0,0.0,0.0,0.0,3.205146254693157e-05,0.0004345626663611
2026-05-05,APCP,surface,32.0,-124.75,0.2968431787026503,0.5479161873917239,0.1698216623521427,0.3255846588279918,0.1159533752967944,0.2587151438880712,0.1162888660248331,0.2581897260968688,0.2270949854929585,0.3367557749700657,0.0272376007487098,0.0439016678951639,0.0193678421637801,0.0308862053704646,0.0011349960022905,0.0045794945644434,0.0020455747104943,0.0029295560516575,0.0022729199461286,0.0075273549463095,0.0063478853800723,0.0124260364872465,6.33948890542533e-05,0.0002637096678883,6.398641839410751e-05,0.0002048121376969,0.0001056679808002,0.0001056679808002,6.184094857946612e-05,9.282234637289909e-05,3.4251470693049405e-05,0.0004381530151249,3.3401678364183465e-05,3.3401678364183465e-05,0.0,0.0,0.0,0.0,3.205146254693157e-05,3.205146254693157e-05,0.0,0.0,0.0005813197903506,0.0054705027537081,0.0034695955879826,0.0036456764284343,0.0,6.630293323998097e-05,0.0,0.0,0.0,0.0,0.0,0.0,6.630293323998097e-05,0.0003686205127123
2026-05-06,APCP,surface,32.0,-124.75,0.1142510259285006,0.1822734605577332,0.0137476600012272,0.0275895106000106,0.0129558657183795,0.0217301774202648,0.0015669505277631,0.0043574755645204,0.001007548186401,0.0011773322630585,0.001295089130383,0.0046089023045455,0.002926456571811,0.008007036069302,0.0008331297574531,0.0013237776235376,0.0002954357891496,0.0006774625149117,0.0,0.0005389554601929,0.0008031927215568,0.0014118781046699,3.205146254693157e-05,0.0001695726561468,6.680335672836693e-05,6.680335672836693e-05,0.0,0.0,0.0,0.0,3.205146254693157e-05,9.856038976213926e-05,0.0,0.0,0.0,9.57593642885158e-05,9.93278849334777e-05,0.0004137454244726,6.834060088828176e-05,0.0003591632177678,0.0006386494393451,0.0007982425387065,0.0,0.0,0.0,3.098139779343297e-05,3.205146254693157e-05,0.0002576057207122,0.0004151520145438,0.0004469698608238,0.0,0.000281553387802,0.0012260739518238,0.0015418986300125,0.0,9.831176080853888e-05
2026-05-07,APCP,surface,32.0,-124.75,0.0011088796412413,0.004638298751406,0.0045281904866975,0.0137144946267334,0.0112600958296927,0.0197717107054136,0.0010150769611988,0.0019174813112172,0.0012900433796698,0.002794175496895,0.0009895932855721,0.0051596358039619,0.0037876822042188,0.0063409081557072,6.630293323998097e-05,0.000335742182544,0.0003007235657178,0.0003007235657178,0.0,0.0,0.0,0.0,6.523432493266452e-05,0.0001318452693764,3.122333807204014e-05,0.0001565964530916,3.134342650732172e-05,0.0001272222882214,3.307251127387237e-05,3.307251127387237e-05,6.764032705400907e-05,0.0002686887281723,0.0008763674268695,0.0009088788409031,0.0,0.0,0.0,0.0,6.501299693037946e-05,0.0001662669373498,0.0,0.0,0.0010823609814361,0.0054783109790077,0.0016452412498218,0.0096577889271278,0.006887675033287,0.0185006171108066,0.0172816785710032,0.0286855247234813,0.0066670255903606,0.0195567349696112,0.009832351296675,0.01090261482409,0.0031306124795658,0.0244152864942251
2026-05-08,APCP,surface,32.0,-124.75,0.0017380289414593,0.0062236617105893,0.0059054709546664,0.0164234204250757,0.0092858853854516,0.0132215460630987,0.0005217634730402,0.0007582221514553,0.000334233072087,0.000334233072087,0.0,0.0,0.0,0.0,6.523432493266452e-05,0.0002340519968779,6.256676457936186e-05,0.0001251335291587,3.134342650732172e-05,3.134342650732172e-05,0.0,0.0,3.318286238573295e-05,0.00034070603414,0.0002817483302818,0.0005908306424006,0.0,0.0,0.0,0.0,9.841467529456291e-05,0.0003001818386239,0.000432521099034,0.0004943620476135,0.0,0.0001728981148184,0.0004448460929356,0.002362783718015,0.0023021000892091,0.00878919060139,0.0072760269511531,0.0131576608567894,0.0090104010291345,0.0181637607254293,0.0075155141780531,0.0088436427496029,0.0103267275600704,0.0912445455431785,0.0828513834089756,0.1066536614859943,0.0032750195016739,0.0034430014882905,0.0,0.0,0.0001247626642755,0.0003102837562777
2026-05-09,APCP,surface,32.0,-124.75,0.0009586294810864,0.0018668805677841,0.0002088680861091,0.0006619561406664,0.0006971178700886,0.0011862600732169,0.000235835058041,0.000911649620359,0.0003974728630211,0.000553707873593,6.268685301464343e-05,0.0002576625343365,0.0001635127573889,0.0001635127573889,3.318286238573295e-05,0.0004109204099225,0.0010432230987491,0.0020330414819585,0.0,0.0,0.0,0.0,9.94704615986556e-05,0.0004345914071773,0.0001852791517235,0.0003087173548677,0.0,0.0005914747312807,0.0013852882567276,0.0017297092090701,0.0002908079742434,0.0035603516632334,0.0056251671078875,0.0176639780353276,0.0206403713283666,0.0477007374580717,0.0118546316705882,0.0170929895838697,0.0118074292743921,0.0318858389867541,0.0021107788128096,0.026766170949213,0.0706097653884658,0.1461724493595155,0.0354602928529592,0.0886586981935521,0.2084008777405485,0.4779547110376226,0.1886311278863082,0.3268959827154572,0.1254956057869064,0.2986944704470591,0.0876306865361589,0.115129235423069,0.0067793053208034,0.0087204892465673
2026-05-10,APCP,surface,32.0,-124.75,0.0097792306535272,0.0187260660909361,0.0062546176655911,0.0139748701494352,0.0057550179743706,0.0069508326053306,0.000205649860282,0.000410478289357,0.0010548567614159,0.0020782318021586,0.0,0.0,0.0,0.0,9.841467529456291e-05,0.0006374368593878,0.000342109302265,0.0003729688530511,0.0,0.0001759834578053,0.0005965943317267,0.0006318494528756,0.0002586387052501,0.0018164117794858,0.003087323360885,0.0097565552397073,0.0118804563422815,0.0396526281593456,0.0250058773989619,0.0312992290698046,0.0159364374062582,0.0923785900374289,0.0965459786933709,0.1335790164291338,0.0496372026512349,0.2309472888885921,0.1364660495223689,0.2330245369053851,0.0620286635208582,0.0947760659128848,0.0072855025351643,0.0091134976029065,0.0010203123905502,0.0019792700530085,0.0002476074883326,0.0004638680378496,3.205146254693157e-05,3.205146254693157e-05,0.0,0.0,0.0,0.0,0.0,0.0,3.318286238573295e-05,3.318286238573295e-05
2026-05-11,APCP,surface,32.0,-124.75,0.0034410419321457,0.0065027988448826,0.0010514386549957,0.0019638516857131,0.0002080618225343,0.0004520704470614,0.0004404252873269,0.0009144652473913,6.316365591315767e-05,0.0006761115986542,0.0014360020402762,0.0037138035850072,0.0019751360577555,0.0027989664891912,9.830683620653688e-05,0.0008142650565517,0.002163008157707,0.0074046135901528,0.0114493414398187,0.125344278048564,0.1695636931841407,0.2925095096165903,0.1899398938558051,0.3444399262257307,0.106280973831509,0.2848509667229091,0.2290316043913685,0.4125355536601055,0.1386773699717485,0.2189552093642518,0.0414463285216534,0.0579310152614428,0.0001408257193028,0.0002812605717056,3.1581827956578834e-05,6.304475188954e-05,0.0,0.0,6.63657247714659e-05,0.0001340284908436,6.316365591315767e-05,6.316365591315767e-05,0.0,0.0,0.0,0.0,0.0,0.0,3.205146254693157e-05,3.205146254693157e-05,9.342277653604495e-05,9.342277653604495e-05,0.0001356770771218,0.0003750658598525,0.0,0.0008969203851863
2026-05-12,APCP,surface,32.0,-124.75,0.0052924126638812,0.013528727596773,0.0048094876926249,0.009817413381372,0.0037028362405225,0.0067967996637817,0.001457716488438,0.0039440835974353,0.0030563044775804,0.0119221707632508,0.0195672871180044,0.0340628627209079,0.0049706391471924,0.0069896913449151,0.0002989091512751,0.0008815135914303,0.0,0.0,0.0,0.0,0.0001056679808002,0.0001056679808002,0.0001323611569033,0.0005021095474823,3.3401678364183465e-05,3.3401678364183465e-05,0.0003870259351523,0.0015721633172565,0.0014966141777984,0.0021843931554997,0.0001348686661575,0.0002034749304209,6.581022351795577e-05,0.0004917346740193,0.0008508025304662,0.0019349386319369,0.0004756710710165,0.0005775886334141,0.0001630109000802,0.0001630109000802,0.0001544196009375,0.0006256781498228,0.0006395255989695,0.0022499411839061,0.0016858812531613,0.004150806057107,0.0006468613945897,0.0030238692475116,0.006357002403427,0.0073556246669384,0.0003168085089508,0.0010200539840827,0.0003171987076935,0.0008801100498475,0.0004540383684411,0.0007324164619098
2026-05-13,APCP,surface,32.0,-124.75,0.0176699253935165,0.0352391837985054,0.0266242233887882,0.0450136755317678,0.010208348900567,0.0144795145024577,0.0017988251963762,0.0041583134621242,0.0002114333442469,0.0002466884653957,0.0,0.0006232994203461,7.021742620142144e-05,7.021742620142144e-05,0.0007017587318703,0.001205764587567,0.0,0.0,0.0005970879144951,0.0027015209806754,0.0022417043592909,0.0027673935869539,0.0001016858037718,0.0002034749304209,0.0004908040633606,0.0010256647918289,0.0011086046802844,0.0036243961098363,0.0026933367684916,0.0035746219373714,0.0002614777918916,0.0004554610834903,0.000497142849498,0.0009725926154602,0.0002277024071066,0.0114856473906533,0.0694227096117476,0.1594485027457868,0.0676103652521932,0.0812873932898841,0.0097060891508112,0.0151449791064004,0.0021445961659127,0.0036200179194512,0.0005279490371014,0.0005279490371014,6.850294138609881e-05,0.0001027544120791,0.0,0.0,0.0,0.0,0.0,0.0,3.205146254693157e-05,9.754238719276344e-05
2026-05-14,APCP,surface,32.0,-124.75,0.0012336655651813,0.0015145339356763,0.0001760808404517,0.0004221836736548,0.000420708924725,0.0006657298763622,0.0001345649662257,0.0003699659438945,0.0,0.0004924984825025,0.0012298251457767,0.0035812348485369,0.0024644650227774,0.0031229391244896,0.0001016858037718,0.0002034749304209,0.000819602050631,0.0024909624968826,0.0024690113734895,0.0054504944260863,0.0007207951656521,0.0009560911415429,6.479407202878852e-05,0.0007451984993791,0.0012515820447176,0.0019679285164745,0.0015454470669118,0.0025652075687449,0.0009845033822367,0.0066979191069426,0.0136048430875523,0.0252264650681373,0.0037001485208795,0.005445581781752,0.0014365254577065,0.0025906971759482,0.0029129244229448,0.0053708772462217,3.3617964613337096e-05,0.0001334938281891,3.284993395595321e-05,0.0001364326875275,3.5255121148872307e-05,0.0001410204845954,0.000176178223098,0.0003171987076935,0.0001691324010291,0.0026806711388266,0.0072746891079387,0.0150285401832094,0.0112509280493248,0.0302818756851128,0.021875309292721,0.0356380598579895,0.003788044674565,0.0119207105363456
2026-05-15,APCP,surface,32.0,-124.75,0.0059580647278918,0.0119147560613542,0.0051789256037775,0.0104826053989789,0.002975313970251,0.0045786831938031,0.0001016858037718,0.0001348686661575,0.0005796067443771,0.0032084424285375,0.0031548948818366,0.0068322018603558,0.0011328407241757,0.0017167693608021,3.098139779343297e-05,0.0013700842823484,0.0036243696165283,0.0052611681266438,0.0008585603247969,0.0028833308257673,0.025739724368645,0.0903993908875432,0.1015178037642456,0.1848650182442887,0.0368115839307616,0.0421317472302046,0.0018905052570204,0.0025929656675982,0.0016176348151929,0.0018987946674736,0.0,9.645679275261334e-05,0.0,0.0,0.0,0.0,0.0003080546414511,0.0015842617525031,0.0005198931142232,0.0011424385945587,0.0011514462626747,0.0019202417562291,0.0001407276684991,0.0001407276684991,0.0001748015330378,0.0002801733649837,3.205146254693157e-05,0.0010879110144212,0.0008171997032588,0.0008503825656445,0.0,0.0001746047652772,7.051024229774461e-05,0.0004558580255155,0.0010997998197372,0.0136409450904554
2026-05-16,APCP,surface,32.0,-124.75,0.0071726525738501,0.013765201694254,0.0045381984008324,0.0096203905160465,0.003043807923367,0.0041013226233099,0.0004196623754256,0.0045769343930726,0.0036792511539877,0.0065709898699124,0.0020460651163605,0.0299479665171591,0.1149278389406289,0.3114479726283914,0.2453955044869761,0.4490787135459028,0.1344080787717912,0.2272618513635925,0.0484110117754236,0.0650041062685104,0.0097937443041055,0.0143186886206749,0.0076439260877063,0.0216890623394633,0.0115300989619778,0.0167345885389632,0.0002828775598616,0.0003145776960577,0.0,0.0001271351802268,0.0006289629235754,0.0070402184738325,0.0117597820941676,0.0156803658382448,0.0002333771277014,0.0002333771277014,0.0,0.0,0.000165519841283,0.0004628083632949,3.318286238573295e-05,6.63657247714659e-05,0.0,0.0,0.0010999009600968,0.002649841211291,0.000410608532228,0.0023235256508832,0.0024710306454196,0.0058535277086658,0.000545185409922,0.0032295057094411,0.0037110326946275,0.0064759413781021,0.0012764614879501,0.0083665515322479
2026-05-17,APCP,surface,32.0,-124.75,0.0029822679332817,0.0036943980306972,0.0017512461179377,0.011798536600645,0.0661534149851162,0.2086382587726298,0.2004484842643623,0.3696965876428638,0.1189911245201985,0.1617948727180746,0.0057724584345466,0.008353238427387,0.002140664032355,0.0026675345206487,3.228265799517151e-05,0.000323733646075,0.0007587680556866,0.0007587680556866,0.0,3.205146254693157e-05,0.0,0.0,3.205146254693157e-05,0.0001646097694465,9.711492444563848e-05,9.711492444563848e-05,0.0,0.0,6.755685721763788e-05,0.0014637940375132,0.0008479171363242,0.0019382844151751,0.001711074482539,0.001711074482539,0.0,0.0006810026066274,0.0109489769229897,0.0162044784104207,0.0007170636711615,0.0030774479150643,0.0030195197391323,0.0053692542980398,0.0027530013487451,0.0100532966654231,0.0107753800803946,0.018860852854215,0.0031514157223884,0.007440559179181,0.0065874149144114,0.0137451768421763,0.0084305945555073,0.0218540443188756,0.0169538690164799,0.0250516147632734,0.0006562700246871,0.002118503501118
2026-05-18,APCP,surface,32.0,-124.75,0.1192256361316579,0.1916400718606662,0.0212750814170278,0.0239178239486087,0.0018596009046333,0.0021762126458236,0.0,3.4251470693049405e-05,6.58114683394011e-05,0.0001311616947644,0.0,0.0,0.0,0.0,3.205146254693157e-05,0.0001281438818194,0.0,0.0,0.0,0.0,0.0,0.0003395821505442,0.0005710428246747,0.0015137211902047,0.0009551792975897,0.0097509894849257,0.0062200888470733,0.0255919367014276,0.0260926782616667,0.0391139838566048,0.0035993628762122,0.0086639352882709,0.009935341678412,0.0243930921272713,0.014768407218795,0.0349505540929245,0.0183977065037322,0.0311124721846924,0.0045327475825773,0.0134818962367815,0.0167711751453461,0.0354673420810965,0.0207307800858523,0.0460021881206293,0.0271086220213804,0.0398340240521024,0.0047254807048637,0.0201299887342514,0.0207704745026096,0.0361743855571112,0.0045940528749665,0.0104724099438206,0.0050862896888553,0.0071038758759467,0.0019701597595681,0.0149737138802007
2026-05-19,APCP,surface,32.0,-124.75,3.318286238573295e-05,6.774234428260853e-05,0.0,0.0,0.0,0.0,3.205146254693157e-05,3.205146254693157e-05,3.098139779343297e-05,3.098139779343297e-05,0.0,0.0,0.0,0.0,0.0001647785093943,0.0005440830164022,0.0009310324120451,0.0016762965330239,0.0028494158100361,0.0062012760635116,0.0080537098568249,0.0152328483506372,0.0042919838333592,0.0076840973372115,0.0092709862708636,0.0165036478095544,0.0068120526924765,0.0187128101829529,0.0106573029099571,0.0154205018931859,0.001829268924979,0.0086963766004254,0.0090563668948211,0.0215646769041348,0.0141711272132364,0.0314249597516349,0.0171758186198586,0.0273502393206293,0.0039768447470465,0.016291254897079,0.01691853777851,0.0208207523919553,0.0052156717297184,0.0138771600982575,0.011981957175753,0.0166862496233281,0.0002006126966651,0.004277157305177,0.001002442210811,0.0027077195830709,0.0021003591764341,0.0039867367143123,0.0037800488411791,0.0058306931500943,0.0006930226104552,0.0163257834045282
2026-05-20,APCP,surface,32.0,-124.75,0.0,0.0,0.0,0.0,0.0,0.0007145626992176,0.0004718922216006,0.0007074671653706,0.0018785228637543,0.0036917412264291,0.0028175655997089,0.0062259181861191,0.0050118686427848,0.0087072368749771,0.001183842364492,0.0034596716032884,0.0068350383905144,0.0139306737241604,0.0062383221939719,0.0218032367642822,0.0102105366824819,0.0140871556432546,0.0083366091771499,0.0409941424776682,0.0180085136346613,0.0338136932014316,0.0174725763683232,0.039967136572593,0.0215170862928711,0.0319791959543713,0.0054113309130551,0.0202412696590605,0.0345350474782584,0.0490201368056901,0.0042948333199126,0.0143087861910381,0.0106425038049583,0.0156148763612329,0.0026487933667499,0.0160659849053864,0.0079804671992974,0.0099324466238488,0.0033062529607956,0.0146489637632579,0.0110507755694755,0.0187823091381611,0.0015365864154023,0.0247795338628085,0.0201132761452968,0.0265686121138718,0.0068312989954696,0.0211099333388566,0.0134971367113655,0.0224612358273593,0.0054108079955968,0.0132375017352508
2026-05-21,APCP,surface,32.0,-124.75,0.002001007477458,0.004242428047647,0.0029834975896628,0.0059878494682679,0.0058488377647983,0.011889101045855,0.0028067036420459,0.007108031096405,0.0108258567030324,0.0288509420816143,0.0166685886723182,0.0444318580929294,0.0286962851157942,0.0533521718811286,0.0095759114756611,0.0374526902903672,0.0179053016367512,0.0360008920623673,0.0187368330270209,0.0429283792914689,0.0258342819013695,0.040063692530013,0.0079818709961129,0.0283265422545697,0.0406851526365001,0.0591104260449925,0.014625294554518,0.0325464951338456,0.0180897093096989,0.0257291315973824,0.0020833108133437,0.0290423344523158,0.0263458761194321,0.0338095387739774,0.0055514566054353,0.0181001356421907,0.0170317325752189,0.0280196277223161,0.0055902077409785,0.0380727009197807,0.0071091647653862,0.0201507403585207,0.0154818818923695,0.0524894514885134,0.0455289725510991,0.0830024838152596,0.0499774924856318,0.1309652137404465,0.0287676806232995,0.0357212984597633,0.0133495942953689,0.040815540105619,0.0244741280178112,0.0365823578300176,0.0040536311676622,0.0067674074104363
2026-05-22,APCP,surface,32.0,-124.75,0.0115569177958169,0.0275996070259878,0.012857293055614,0.029815439756549,0.0130523458765428,0.0193127640504529,0.0041929427576179,0.0164600275689145,0.0197252682201417,0.0337327758710101,0.0146439129226974,0.0366363742850555,0.0240444632609605,0.0364253954995945,0.005086063632671,0.0218560885260219,0.0323535546331807,0.0671477237287739,0.015381635096259,0.0343841018055068,0.0209197299506986,0.0288768786543192,0.0073178027519151,0.0530304269850937,0.0396288945554488,0.0514235273572171,0.0126584155750364,0.0305904374651873,0.0229777421780923,0.0343792514183848,0.0073472604793402,0.0641839272025039,0.0546736485180132,0.0862510053069674,0.0342739639333279,0.0727705878569111,0.0288679470005973,0.0566708939868927,0.0279724693781951,0.0845481071868058,0.06298051643904,0.1119039137627663,0.1130157854842672,0.2581776701388183,0.1796387270779005,0.3743128239826384,0.1909948651986191,0.3741959361883109,0.1419959860756995,0.2466140592894952,0.1024035521911111,0.2328811965961533,0.1040739295843449,0.2064867763256626,0.1249406243577939,0.2212710362473432
2026-05-23,APCP,surface,32.0,-124.75,0.0110399062990714,0.0241374993345916,0.0147783932378358,0.035366407343255,0.0198999619638422,0.0296852844799168,0.0043285039663733,0.0162373707772567,0.0206039002064316,0.0390354175949993,0.0107141865377034,0.0247865535797667,0.0149524315812701,0.0211781384693353,0.016550116412262,0.0887663440542926,0.0595510466304887,0.0767937719922647,0.0081298290567538,0.0198037087370588,0.0159146255155812,0.0272511464592556,0.0053495772721389,0.0493214101554566,0.0374084909854094,0.0539293778695267,0.0240055782819267,0.0568815837098113,0.0309427801120418,0.0652502081688099,0.0328813138651518,0.0742753255514347,0.0334953615907686,0.0701320570484472,0.0410598020982938,0.0926657762835974,0.0786450309354171,0.2078822838773741,0.1432071740743144,0.2893212334625052,0.1064494859216428,0.1469338562405716,0.0287503431628979,0.1205169558621517,0.0812228319814882,0.1060167274701242,0.0131973594654187,0.0419812000553438,0.0069412679074213,0.0321960860450742,0.01017101306775,0.0136502940638085,0.0026810707863756,0.0028217984548748,0.0002000720557389,0.0007208110040839
2026-05-24,APCP,surface,32.0,-124.75,0.0166463927289169,0.0280591478544571,0.0091241590471329,0.022153390365767,0.0137607507764498,0.0184980385965551,0.0091760267172915,0.0586515935747507,0.0384217194353813,0.0466114391170343,0.0064449456887268,0.0156361120560687,0.0118255071736341,0.0209392220512422,0.0077510468159604,0.0564690383346964,0.0419693315572366,0.0680008364282309,0.0442097312906495,0.1203986139651335,0.1117029784181663,0.1987027443780792,0.0949485583779467,0.2834235695640099,0.2758194405417862,0.495783918654074,0.2061466175284134,0.4142949603506579,0.1985567105892041,0.399654596766839,0.2290361299338809,0.4780114148468659,0.2116634343766065,0.352671444789016,0.0997598022885806,0.1990142342707745,0.1460427615913975,0.3157452304961731,0.1962997928001572,0.4097543646530311,0.1487888885226259,0.3161211542541332,0.1887445420101647,0.3791094309817931,0.145074413491438,0.2245368183669142,0.0642166643954117,0.1281688812218713,0.0858228038193428,0.126587032386216,0.0044082065304256,0.0061216148722296,0.0013197817431127,0.003905286486347,0.0003137942141924,0.0024536749845999
2026-05-25,APCP,surface,32.0,-124.75,0.0411735376525423,0.0483409051083648,0.0053966294162599,0.015831155341758,0.0140192129971085,0.0230045117080262,0.009213035281743,0.0640121743106073,0.0280580347829581,0.0591921814731878,0.0511077381702218,0.1310552489067352,0.1060622316557562,0.203510598764678,0.1000816868925234,0.2469768943470813,0.1632679260936724,0.2877822363395824,0.1016851458750653,0.2525339422026116,0.1759797139435097,0.321412063216511,0.1923739648379937,0.4213326871323338,0.2298405339823146,0.3946845412799958,0.1763043882322746,0.4106158839254257,0.2416207839292296,0.4717058532095343,0.2305605862657883,0.4777772744031394,0.2310264349017796,0.4711942439405183,0.2404819063899158,0.5155358308663762,0.2785772298432807,0.4180440840077578,0.0444270051817833,0.0707594737329668,0.0130806543263784,0.017507406402943,0.0017115302737213,0.0026601568333927,0.0005932394429224,0.0054142159032294,0.0133992557485986,0.104792313519648,0.1627518007994895,0.3457249356033122,0.1266025262747353,0.165210450683215,0.0233520630061047,0.0622064156034058,0.0471836351380486,0.187389386251979
2026-05-26,APCP,surface,32.0,-124.75,0.0522096347427049,0.1128036488891362,0.0959409228021277,0.2469107195253424,0.1615470424356037,0.3184807335249958,0.1913482016628876,0.4289014485598477,0.2618569305688928,0.458194806425855,0.2154429646909612,0.5554580497448255,0.3407423389409347,0.6397526298175398,0.2951930313413745,0.5374394388599535,0.1900725640157446,0.4064645434730107,0.1834469250551462,0.3877951718230161,0.2355988376939444,0.4365549886980055,0.2579669755068601,0.5828661339171598,0.2427148308462999,0.4057128794083581,0.0956425829820112,0.1832065984381386,0.1102100364186384,0.2632374715132903,0.1514051983498767,0.2768125858080659,0.0699045757495651,0.1214199906411312,0.0474832830735441,0.08319021626737,0.016991041579288,0.0475544464484223,0.0159823966861052,0.0305542799362752,0.0308198104141605,0.0563670073641449,0.0332301348155227,0.0906255112868471,0.0640097609813803,0.1081373959272565,0.062594249704867,0.108528896105163,0.011470333181293,0.0129491185204472,0.0,0.0,0.0,0.0,9.705217121271948e-05,0.000192973545454
2026-05-27,APCP,surface,32.0,-124.75,0.2892050853319733,0.5371235136349106,0.2255441952740448,0.5323438034980199,0.356820352019118,0.6712079917550436,0.3632512079049556,0.7384937769878981,0.3470202442628819,0.5393968773667072,0.12343897049754,0.3245425543785798,0.2583442939102616,0.4759850404423243,0.2728755611620881,0.6096963869633485,0.2055805706410881,0.3666352001045189,0.1541083379045701,0.2909131545541324,0.1277055161429418,0.2719751743794374,0.1179723598364691,0.1952458169554401,0.1001507835480595,0.1948364822172497,0.0368272720836371,0.0546622572460635,0.010095691587788,0.0290840690617525,0.0275872970044491,0.0619557804117955,0.0463725258892651,0.0955006178423741,0.0329801746808038,0.0682109076590853,0.0079145760443724,0.015982358700623,0.0148712129735397,0.0611184592395819,0.0286703804716859,0.0358128251959847,0.0004012960072258,0.0004012960072258,0.0,9.93278849334777e-05,0.0001282280287872,0.0010898350920807,0.0055504259432544,0.0062374524108472,0.0,0.0,0.0,0.0,3.318286238573295e-05,6.523432493266452e-05
2026-05-28,APCP,surface,32.0,-124.75,0.3614360359552991,0.6518960275602357,0.2396774946719862,0.5185401957784055,0.2900438511469723,0.588931119572333,0.3894733752527658,0.7733579047228216,0.2806212633650611,0.5392185280936586,0.398879681240389,0.6629583619218546,0.1331979573593356,0.2385177575602627,0.0690895756678572,0.1313976698465158,0.0332623089510762,0.0625549980530093,0.0101855532122959,0.0227389507011155,0.0139903836795296,0.029907252505688,0.0108170197886294,0.0275438508912735,0.0228888918668026,0.0337476568028142,3.098139779343297e-05,3.098139779343297e-05,0.0,0.0,6.523432493266452e-05,0.0001304686498653,0.0,0.0,0.0,0.0,0.0,0.0,6.523432493266452e-05,0.0037613031676787,0.0053916292312499,0.0062597135380831,0.0,0.0,0.0,0.0003328123504302,6.577661615348224e-05,0.0008525448388954,6.373475210565716e-05,6.373475210565716e-05,0.0,0.0,0.0,0.0,0.0001326686580114,0.0002699845094154
2026-05-29,APCP,surface,32.0,-124.75,0.231803681562622,0.5167649699994844,0.3147301168934828,0.4626082732659055,0.0824694269897665,0.1482648134290894,0.0495242983722211,0.1072496652859507,0.0622801745011595,0.0995063294143917,0.0081757104301268,0.0148737235501123,0.008400483390142,0.0171715580241026,0.0033700695992247,0.0052530841698602,0.0018521637620478,0.0032289434950649,3.122333807204014e-05,3.122333807204014e-05,0.0,0.0,9.8636003296848e-05,0.0006644591321907,0.0002960876857311,0.0008142588147597,0.0,0.0,0.0,0.0,3.205146254693157e-05,0.000421322708444,0.0001264360734063,0.0001890028379857,3.5255121148872307e-05,3.5255121148872307e-05,0.000297978013895,0.0004301545789971,3.205146254693157e-05,0.0002590216068531,0.0,0.0,0.0,0.0,0.0,9.270049936549926e-05,0.0,0.0001028577349564,0.0,0.0,0.0,0.0012774284233521,0.0036132485450684,0.0060915770725118,0.0001035957220371,0.0001378471927302
2026-05-30,APCP,surface,32.0,-124.75,0.0199872105434783,0.0285954744395518,0.004037607636602,0.0144562848980446,0.0097171076727671,0.016687968838843,0.0010393785910584,0.0019406014108364,0.0001918571576001,0.000223320081533,0.0,0.0,0.0,0.0,9.8636003296848e-05,0.0014245950911329,0.0033648572707561,0.0085730481734719,0.0011568420591438,0.0014353079307204,0.0,0.0,3.205146254693157e-05,0.0028858890246675,0.0046489499923223,0.0047436901141981,0.0,0.0003917351905853,0.002194461654196,0.0046726648350132,6.630293323998097e-05,0.0011839993856821,0.0003959245550196,0.0004272679815269,0.0,0.0,0.0,0.0,6.291101333296472e-05,0.0006217748473885,0.0006842756986321,0.0038682242025378,0.0112833655010748,0.0300207310080384,0.0217976842855773,0.0345093168732158,0.0039615408452963,0.0073836320167849,0.0069537949982329,0.0194752411343842,0.0131597725640502,0.0282936062197157,0.0128184286874211,0.0175019594419197,0.0009739805909538,0.0017442786310225
2026-05-31,APCP,surface,32.0,-124.75,0.0002569089459028,0.0003212436739816,0.0,0.0,0.0,0.0,3.205146254693157e-05,0.0003599607058914,0.0006447261395105,0.00280095331769,0.0003146179790971,0.0005331748733579,3.0859550786033146e-05,3.0859550786033146e-05,0.0008137443690473,0.0036822423358662,0.0011600931787334,0.0012227776677197,0.0001361708666456,0.0012948155009338,0.0020725915698525,0.0044102297318767,0.00027208670161,0.0011928524122634,0.0002285615793793,0.0002285615793793,0.0,0.0,0.000280082633763,0.0008772705975093,6.428552341551492e-05,0.0004454884504832,9.330092952864513e-05,0.0003445239624664,9.41497769476046e-05,0.0002197612934165,0.0,9.826628066132808e-05,3.318286238573295e-05,0.0001006171954645,0.0,0.0003137778084528,0.001684216391917,0.0048948381108547,0.0046338443225391,0.0121308987926168,0.0032656560831855,0.0056040152784559,0.0036108559066852,0.0091479743757107,0.0052946813852485,0.0103345617828952,0.0087490961880899,0.0147223809510516,0.0021446983889494,0.0037465155080847
