datetime,param,level,latitude,longitude,Analysis,3 hr fcst,6 hr fcst,9 hr fcst,12 hr fcst,15 hr fcst,18 hr fcst,21 hr fcst,24 hr fcst,27 hr fcst,30 hr fcst,33 hr fcst,36 hr fcst,39 hr fcst,42 hr fcst,45 hr fcst,48 hr fcst,51 hr fcst,54 hr fcst,57 hr fcst,60 hr fcst,63 hr fcst,66 hr fcst,69 hr fcst,72 hr fcst,75 hr fcst,78 hr fcst,81 hr fcst,84 hr fcst,87 hr fcst,90 hr fcst,93 hr fcst,96 hr fcst,99 hr fcst,102 hr fcst,105 hr fcst,108 hr fcst,111 hr fcst,114 hr fcst,117 hr fcst,120 hr fcst,123 hr fcst,126 hr fcst,129 hr fcst,132 hr fcst,135 hr fcst,138 hr fcst,141 hr fcst,144 hr fcst,147 hr fcst,150 hr fcst,153 hr fcst,156 hr fcst,159 hr fcst,162 hr fcst,165 hr fcst,168 hr fcst
2024-12-01,UGRD,10 m above ground,34.25,-98.5,2.703064783687311,2.724707672243677,2.567701855386552,2.502279429211012,2.4700841079662137,2.9057128018193987,2.8655235564973154,2.71937952570717,2.0639094419510533,1.9151585855859712,1.8796779255538711,2.175272974297437,2.6361921598436244,3.724412279405473,4.512084619772877,4.39859361201419,3.0667009986511102,2.8682983276110563,2.4326612570433985,2.171237949210612,2.220928659769047,2.8954818776802815,3.9026879908634537,4.280338401650944,3.787005266577753,4.777356675830203,5.186352502925636,5.205369453063344,4.941984271108732,5.012043244825094,5.976654317670157,5.700421643824512,4.7959873405342055,4.907912651166482,5.046162313634495,5.035840116735468,4.602658696577812,5.154048140604162,4.345360521560587,3.7839290063641,2.790108976657046,2.6534099986045834,2.490689803431449,2.540790847128207,2.8123856967436502,3.9746648476520265,5.10398536888151,5.214872366637803,4.519939083119725,5.098039151282822,5.51413684657604,5.614076034636701,5.494989831405198,5.606940532388604,6.8206873436387365,6.13931521545649,3.9734294181127416
2024-12-02,UGRD,10 m above ground,34.25,-98.5,2.2129462878182355,1.9957037383430063,1.695393317869223,1.7745046572255665,2.270080785962597,3.418939084821904,4.636844909457652,4.818884616006201,3.295224644996003,3.0250629449288473,2.475227201895182,2.284360416270281,2.363356520694829,3.237127435816217,4.228146309210209,4.449311725116699,3.8108893607053513,4.785666088370382,5.262961907154029,5.39932196416145,5.340303322628426,5.515926821109227,6.301099594935693,5.734594304566343,4.656491505904659,4.762156769436512,4.661718673053111,4.544296947541968,4.213927862894681,4.698090121744306,3.931742086648304,3.4249616347684277,2.694992027236731,2.5289220981225338,2.408417291371173,2.4494220314117747,2.727695676884277,3.4913015442017965,4.240805670558876,4.139082029028367,3.458195556987799,3.7187008518898104,3.636881884702552,3.2911558482532355,3.155507936077284,3.175154879170727,3.6315963968857585,3.082735493987183,2.290231951855237,2.257050683924277,2.629358338933462,3.089536811565569,3.462334114640886,4.413811152012634,6.299486854205455,6.275490594755965,5.3132974394103645
2024-12-03,UGRD,10 m above ground,34.25,-98.5,3.639381797584244,3.2248876351911124,2.553859307326354,2.272615104460418,2.3003414496774934,3.177685674579363,4.191685206778931,4.510322190154539,3.813193668069129,4.773599781592059,5.224521696808996,5.334996987192988,5.329254074904111,5.726447355957775,6.676919111971891,6.421713720904572,5.412100206178482,5.539572017380528,5.383134825913386,5.1300823895555965,4.47178192804279,4.874133212547581,4.019423606904174,3.4729753741639016,2.534137740370523,2.3597211336764543,2.2026002911555995,2.217078091069313,2.3225407626676784,2.7931558891229105,3.1466589261728,2.8440727111043764,2.6798255089427254,2.8979392663970125,2.9053474717570533,2.872874553805656,2.8957378898090465,3.4599770723184045,4.499935060683313,4.435760416139734,3.6949499340068623,4.1231222729558565,4.218908795238337,4.134098151136472,4.002309338074004,4.391599739388391,5.347659298094387,4.7448546678127865,3.5045473394208395,3.8501511002667472,3.658753883908518,3.4692510507976215,3.628503526971805,4.59299172538554,6.120146333378557,5.98636468482127,5.472705129771599
2024-12-04,UGRD,10 m above ground,34.25,-98.5,3.833414430808872,4.818317590782585,5.163156104935358,5.25346898789906,5.15127168390233,5.535508647588096,6.780991544588922,6.440541789666174,5.486792135750797,5.698913983533672,5.4928048826244975,5.372458486720814,5.0073997364015455,5.3826290465249205,4.258026563020374,3.586387860266199,2.533775990574579,2.2814050970559565,2.120600811234896,2.156280475152539,2.2471320398474877,2.739838485169122,3.218936246442107,2.8218120982631474,2.4178261265995102,2.5497461458311887,2.40622091671881,2.469552035690193,2.661932858299169,3.020701775715404,4.1964999254662745,4.26036653187726,3.609137061894411,4.219351344766625,4.458061807638446,4.572419231192689,4.890604796719872,5.486907340982067,6.157556626779453,6.299207163733543,5.851206888937881,5.512928216069252,4.87364599087975,4.129106332586901,3.5483460100226254,3.6908632564855033,5.045654384780459,5.17002208810531,4.591095434444322,5.2399081685328985,5.390121517571764,5.355636089143493,5.294568642794217,5.795202198891048,5.777704402047415,5.259144963275892,2.845011589907594
2024-12-05,UGRD,10 m above ground,34.25,-98.5,5.935098485660406,6.276926599522662,6.110142490073975,6.100499580357921,5.969586058960719,6.15019455021712,4.999719999371015,4.108479527183969,2.605204260187445,2.3129747230103415,2.18443715848926,2.2791136820353333,2.4721987710709987,3.324838225892327,4.101082062180621,3.7636823621668216,3.090088526499043,3.2763864704180157,3.3005809252698537,3.2904728097578664,3.153307188875041,3.71738327719603,5.224004812602009,5.115690388116086,4.084772810000118,4.680345846040467,4.797498767899839,4.748990439657732,4.755385553167774,5.254334937835753,6.292560804083971,6.074519843365066,5.502882392899666,5.574067859440676,5.138201255396659,4.2542849283838,3.738356040914219,3.608937948860415,4.445161925476304,3.923624336538712,2.7947948019929107,2.9237618062330517,3.147727867430758,3.4854658541247616,3.790972420185768,4.443498704133343,5.102839828270314,5.262324978178169,3.8890632667218177,3.55319141248068,3.5970375052319783,3.4967081415512187,3.529889952341948,3.9971241452305137,4.345263297804188,3.801880863955112,2.370011705875543
2024-12-06,UGRD,10 m above ground,34.25,-98.5,2.853429150659481,2.4203737843100845,2.26745418375799,2.4111570170863157,2.445790304336115,3.252005501679024,4.025770578266245,3.7724927886123454,2.9803260579367565,3.143161492483216,3.3493202301371543,3.4434311748500517,3.60293562626482,4.676123013116227,6.432587161824626,6.232658072896424,5.2604934364565255,5.724159008182456,5.362373271215523,4.765489273405722,4.286171732881909,4.683646313303196,5.894865979829561,5.4558669589830755,4.550002577978156,4.682969218790938,4.0968196407641395,3.431813460821083,2.9880319929890793,3.0115565008261704,3.884541753918192,3.9304165385640015,3.706526976494202,4.429277796951927,5.093883296624995,5.587352931998883,5.812350882916627,6.252430411950213,6.834344213356877,6.839935583982838,5.760406431547283,5.186493733436761,4.878479896478722,4.872102495390612,4.476597411037213,4.697394290131267,4.7210684027146685,4.445828055812136,2.4956237461481368,2.50876394538517,2.72380073920876,3.287389029444327,3.9781778093624647,5.036375404631691,6.7548640107052655,6.2734541160293285,5.294649504333383
2024-12-07,UGRD,10 m above ground,34.25,-98.5,2.91195497246336,2.931274022790612,2.9861391810442948,3.1065889404545812,3.318827737088226,4.285711661003566,6.101592789269695,6.048610630106726,5.294626097019229,5.724345547233997,5.347790301182518,4.966938942821885,4.727469209128914,5.27467712894495,6.505485957049652,5.812408853779358,4.684623546812076,4.538585757737766,3.7912931363426567,3.2253051725794384,3.0325772094450327,3.4682099131709863,5.079842820602869,5.101748527086071,4.269987321445374,4.709450550394575,4.914056320496907,4.758013911971519,4.56153839176589,5.196970303212552,5.650967342134368,5.6078216647985535,3.249713740127251,3.1263773379685644,3.172408874168103,3.4765848240890085,3.679442855472504,4.3784779895641055,4.574020493316545,4.092711338472109,2.604734313033946,2.5654337086665766,2.704996440639198,2.793429526347114,2.7878476117740947,3.238082370887831,3.9419560859743177,3.419506021133918,2.615058503078033,3.1304808867122835,3.264353700635932,3.2793427183707173,3.374109673966328,3.834213972023062,5.312351552691148,4.695261745125741,3.782694136541228
2024-12-08,UGRD,10 m above ground,34.25,-98.5,5.178241237453737,5.659740964518349,5.06797491677282,4.496939794404952,4.3798923927340825,5.009457351391875,6.3757162363402555,5.8000820350829025,4.711004471817434,4.701970963072299,4.150234110627969,3.3877906619798908,2.948140823775247,3.0905176456876218,4.368083435895141,4.631693915456456,4.0829802169584895,4.612662902206644,4.8842216529624025,5.023008775579195,5.00329829050041,5.529165132828332,6.113830979543426,6.042203214660873,3.628702737844387,3.3668801955142182,3.32585940176014,3.5266284899618645,3.7093181567568503,4.609547043189478,5.555522292252256,5.266250654103498,3.096887866791966,2.718934436965464,2.4941787101963104,2.412636197613556,2.367897799971206,2.741830220227153,3.4198044196634028,3.467731332417742,3.157357907303658,3.7483001148576256,4.349087090066618,4.879954662745732,4.8307504481345,5.235531527194083,6.297260065454348,4.661906939056328,2.7599831053610906,2.6391196807983746,2.607858320121238,2.5626634414252556,2.7118905514106304,2.9383089694868634,3.9100228167277944,3.3553047880846405,2.5300431928701315
2024-12-09,UGRD,10 m above ground,34.25,-98.5,4.734085914782679,4.690028848282216,4.209313878314306,3.3657485681123047,2.872919772286225,2.7054071736545806,3.5032268565367812,3.8490614596064394,3.504518615990926,4.08467299642961,4.466148379006423,4.736153679616994,4.666077735965084,5.234022380394295,5.649386262923404,5.73803473818035,3.604224011022562,3.536403446877669,3.638414047729273,4.091758384500418,4.5727813200434255,5.488183515923957,6.61201150148232,6.037989024309756,3.977223850141755,3.4123643840577973,2.960294495404484,2.86680602753283,2.9868580775412577,4.026412446059667,5.2761871194602294,5.506553377410303,5.464733013220597,6.080299554424068,6.291235070205124,6.6907127479052075,7.05830121070186,7.493790687589723,7.903836598910553,7.393322933458318,6.532694954084665,6.02767375479458,5.184403023223796,4.57602886303526,3.996905789280314,4.1065882326746985,3.963981138777669,3.727870551031001,2.6953965717197343,2.518495454113048,2.4055029443260425,2.1776817250364875,2.2764579189589154,2.780228390661988,3.6272061521426298,3.317726116234476,2.4106793020844424
2024-12-10,UGRD,10 m above ground,34.25,-98.5,3.2902619877861676,3.7608340021293096,4.230946724543397,4.614296049573313,4.59521834812869,5.060892118106787,5.422219400968386,5.756136290863269,3.820125112160482,3.65111726720456,3.72858902840032,4.144629646412334,4.527486667733759,5.402007664355352,6.372550913157201,5.808906491281115,3.680062813738316,3.187732127915354,2.9797378191672657,3.07756726417727,3.395027772023008,4.507731652944581,5.499312243116571,5.152100856512073,4.447890643940022,4.597334925301096,4.660413877149649,4.665161375798991,4.95167501039918,5.554884926274957,5.996948669213841,5.883473133541521,5.67546413169735,5.673121706375415,5.07513099508921,4.481884552658936,4.012819915291692,3.827278204269954,3.4928265303488044,3.0193652159980653,2.3568388229674593,2.136785679700869,2.257974436799552,2.3190101544911177,2.612864026544635,3.037656574804409,4.231998867516431,4.210454899137601,3.737924763232772,3.9728592198716663,4.135713570693175,4.087934896889247,4.182735034479765,4.240506324671778,4.741162467547296,3.9748609376402393,2.7837004602367426
2024-12-11,UGRD,10 m above ground,34.25,-98.5,3.805433603696214,3.6067605638438858,3.793138022541042,4.096992391867167,4.336399229623153,5.163042270698231,6.242993453474298,5.856275996296019,3.471800988004371,3.2186703393387246,3.1462891617509436,3.315424375300559,3.704003292179701,4.546161774483611,5.459885531459152,4.740679101410223,3.850563292772893,3.9365963258613528,3.854527129826717,3.8837499164831306,4.098992936573976,5.0098352774439086,5.835010006853912,5.970623426110871,6.191093520207682,6.624516314571706,6.310000392861957,5.880295249457953,5.359038017322522,5.261407498201994,5.583018098858773,5.010923083818254,3.6468955921890007,3.047611321871,2.684866907902774,2.415257225912171,2.3023915138970024,2.5391500647205074,3.8989336187048815,4.137718381336571,3.703510697919069,3.9991157170921854,4.022707432151154,4.490530918097993,4.900649946401334,5.53870296245031,6.674174119023467,6.259760697638554,4.618859982121469,3.796416429897615,2.648809989981918,2.4245679641766893,2.4782422416734704,2.855879288343759,3.7813578293599184,4.098138574671944,3.999360052830211
2024-12-12,UGRD,10 m above ground,34.25,-98.5,3.772592315535509,3.4073670983315223,3.194309826848839,3.1413044304788644,3.3432765321592623,3.8703732546387553,4.8416696745622,4.533739069958873,3.8709233688867384,3.9808362468973906,4.018280047005828,4.162397093045114,4.488453934532371,5.282100585594377,6.1874477066143925,6.065821472145514,6.282901871199677,6.586224364374823,6.469911753583817,6.153590069961289,5.830057627687105,5.723383611360234,6.104995815323912,5.633015414717256,4.225264495266748,3.535064655187014,3.1444066594719797,2.8991933925191087,2.7391322971198435,2.8115855519484505,4.298435011641269,4.514658433286158,4.156261720454491,4.5586326761746605,4.697277149888393,5.09851897714254,5.6380646540514645,6.372027833607646,7.409456021074385,7.013764737449168,5.464541691108843,4.8643569581734205,4.114747617075335,3.4128921225943687,2.872414255212707,3.005405985403428,3.555349431806311,3.789112415586648,3.6071236291873072,4.307893558955005,4.584399656175783,4.550841672398926,4.486467284990878,4.893414933040602,6.306924520748414,5.736922502278695,5.64218225154772
2024-12-13,UGRD,10 m above ground,34.25,-98.5,3.782514286576705,3.8086673185085376,3.678877035192451,3.819392052096595,4.16126389091302,4.910140483941422,5.827343640615196,5.700461996421293,5.9049984786793,6.063741697709007,6.039933326281559,5.946662524284148,5.712207856457061,5.683498395656911,5.821082822754222,5.203508458861958,3.9234012455987184,3.1611105175642757,2.7389613275636453,2.6838690217267267,2.8372668295931582,3.4428621324170594,5.24529944055417,5.042636402757795,4.498509752802434,5.113398187453426,5.37225679672334,5.4439186582458134,5.663383639450872,6.60320006763325,8.041246757114854,7.381859935951699,5.667490843606114,4.54485298864741,3.801948037051084,2.9201032437968286,2.5370216715015976,2.893354452508139,4.179906651097069,4.260875658019482,3.268625098929601,3.7219588923356386,4.01491998614029,4.650441646747241,5.320584064864901,5.7130076825018845,6.628727026718479,6.582705998118955,5.340120869578346,4.616566777171315,3.981755930099551,3.3892122042487776,2.9683388560677786,3.330355151920827,3.93417157361078,3.918139518469803,3.0620773706964575
2024-12-14,UGRD,10 m above ground,34.25,-98.5,5.7372056910595255,5.728993039001204,5.67964885239326,5.674894923105871,5.561123403790174,5.684394543770848,5.872199268808825,5.415965885724665,4.019704684010209,3.29916472683151,2.905396895433953,2.8116464046061784,2.7798324401482546,3.4342692944226014,5.108581295539574,4.877286192334141,4.424669009579094,4.891102864403122,5.153451646606418,5.421559553397432,5.644775332610497,5.965963095448235,6.598314240033249,5.451912927430513,3.4936676767460035,3.1903782709574244,2.862955233743929,2.5151590781161586,2.591135828810722,2.9710724017171124,4.177575920789919,4.218219292250343,3.6355691520428657,3.8481459187317526,4.094601684289654,4.632666005403851,5.478884216722038,6.446298028424341,7.25628675071105,7.025456943202446,6.149705736541401,5.519032910158023,4.949280409629677,4.585562341650731,4.093611963631238,4.30366198817601,3.869135269345807,3.5939054598457947,3.0331628681157303,3.800267402882401,4.27701776409922,4.632755433214113,4.88311884968875,5.415578230289088,6.516213549832795,5.829639469208141,4.728043117753587
2024-12-15,UGRD,10 m above ground,34.25,-98.5,4.103686622360521,3.2344543189351764,2.9226320118729285,2.763234351389602,2.6653706292038284,3.3315798786516497,4.957257133595031,4.7461965852199,4.070963640749149,4.561691069435636,4.7954501506381435,4.94038950015009,5.089819830498708,5.445036537786608,6.3570872474272395,5.334675112741056,3.188145930940704,2.96625163983912,2.6835099215825267,2.42423499809522,2.3763767862124383,2.6997948716123865,4.064543267123142,3.6852232598304,3.0115167902808055,3.424906044966362,4.0382106931660555,4.682484392665417,4.98576971497152,5.24025226865089,5.348983891359248,4.9948894472087115,3.5897099811303685,3.4442740266046634,3.1358264519281547,3.0048458615386613,2.858232877145078,3.671111229908053,4.985463923308632,5.41979667007093,4.782393570594324,5.066811847544049,5.202888800328003,5.2049140473404085,5.64195884795072,6.8686743432202455,8.566022263327273,8.031131019863134,7.164669759169655,6.4046477599732405,5.5860834619189035,4.8000276043010555,4.272412124948783,4.637556032334938,4.074101548027469,3.8405262115042342,2.964745370064973
2024-12-16,UGRD,10 m above ground,34.25,-98.5,4.096578814065042,4.486886506080228,4.564365310743893,4.509843107882999,4.69366950968747,5.050029997553194,6.083584970965962,5.287589779239575,3.221299263567902,2.872272822332663,2.5142787656457215,2.2870580625552126,2.427128668923138,2.811557833357252,4.025008165685322,3.6341431309876233,3.004280852051774,3.305860099880821,4.279219405638392,5.471614312712633,6.077959500258283,6.178906124661472,6.074539055811268,5.240355444309945,3.402445966782027,2.997279978136804,2.8108215687569444,3.038645068442947,3.4764402587780054,4.281268672369914,5.559628234086608,5.575099406125078,4.858309505286501,5.577143252765524,5.829717918526349,5.997287268177722,5.805743703247433,5.866021604476732,4.935527647907315,4.043837738475559,2.817903557522455,2.51901531777051,2.2534030775633394,2.09696080356107,2.066305719242319,2.4420233857577243,2.615084575170008,2.9110877586282946,2.9545838367698005,3.0817589544045982,2.9822534137824706,3.0296913185722985,3.324131813602186,4.794758297395987,6.092409343929048,5.904643935219903,5.135971957318857
2024-12-17,UGRD,10 m above ground,34.25,-98.5,3.4987793290488787,3.0177414972828136,2.5757947389265743,2.3259602692388475,2.4980171782282783,2.761498095421098,3.850798094844356,3.303988630272178,2.859863023357183,3.262630379470554,4.187141995529547,5.262126148228636,5.534783457131553,5.582073995514761,5.555098012374353,4.8864050729159505,3.239194115965612,2.841802165984797,2.8260728586442267,3.0149204440636295,3.29933783559191,3.745464538315329,4.604940515044298,4.571846295058027,4.043186909160438,4.84285193678112,5.117971742742053,5.1517657326869335,5.028620284767234,5.28368679235227,4.7402069925449855,3.933358437747191,2.6133519837492747,2.4581620469836207,2.34244170605162,2.351375848006035,2.2373537493719367,2.381019147182103,2.4719673408682405,2.343005929864277,2.4257048324317134,2.512699616802813,2.323801369909904,2.3070703169300923,2.484187402674748,3.1595561134331005,4.184252008667592,4.3099614999587725,3.7075728827765824,4.388826872238912,4.457837466404898,4.531244173803472,4.508430544812233,5.1623016508112585,6.258160528954201,5.487324230578415,4.524798451762187
2024-12-18,UGRD,10 m above ground,34.25,-98.5,3.2405902759273264,3.586940964932339,4.335566189541508,5.128802466733843,5.427697315814498,5.460227316038896,5.412528497888404,4.66777266967231,3.103860267000955,2.788639261325217,3.0089649715970417,3.415103006492169,3.744611131733083,4.180606845023165,5.330659021843102,5.110619278531603,4.585773495207507,5.55671678717977,5.868038209661747,5.849010316373024,5.910923094468302,6.195405068938861,5.68698228771987,4.449384733259536,3.0193751270244173,2.7160677610434227,2.402375705091997,2.2933630789950454,2.2334365058016044,2.787258353813585,3.2791977732744666,3.103858262445933,2.8819704770840193,3.1100492119146272,3.198206922731644,3.3706128438178444,3.749142012964868,4.862520299035488,6.167014755593007,5.831771714840578,5.408595574021447,5.731367960706839,5.749468571985073,5.503902513566226,5.1721471060364115,5.03261538396997,5.078544816515903,4.521354151438664,3.756128362865212,3.6617189412762543,3.4823151328757724,3.433109051109845,3.410160083970656,3.2650693588758353,3.385585607196118,3.031711768260937,2.524915362214413
2024-12-19,UGRD,10 m above ground,34.25,-98.5,2.9129273502958686,2.6731331739141817,2.943799467312992,3.380370120094385,3.708839501042508,4.346640992641584,5.519461838542666,5.354911471538353,4.688466433602985,5.634304261851803,6.067688253484222,6.388530714355374,6.530968263679204,6.535683683260668,5.81058953869778,4.566910595743978,3.008502294717971,2.712435471260063,2.6958413425684538,2.5951357635270145,2.595529343452047,3.0532869350413456,3.237181101709958,2.767576442870687,2.6874149760833252,2.90699027900133,2.885270269551798,3.00236076484465,3.3740175011594453,4.619453035339524,6.076391818402225,5.930431391729866,5.6856399342942066,5.934940083538866,5.7843913483260065,5.488124144246744,5.169564944518639,4.980316770735714,5.033100524180894,4.432856235126197,3.6863083511911654,3.6171051164019374,3.615697580944547,3.454258480685782,3.357668068148965,3.572941290915568,3.565783414298219,3.3147717589282193,2.621278076047179,2.5546447843263316,2.5988741012088066,2.6330623899112497,2.661123018630571,2.941842750264114,3.5973660389507556,3.734896751887125,3.562530613714762
2024-12-20,UGRD,10 m above ground,34.25,-98.5,4.738760957576966,5.593433384034203,5.817845180116089,6.206548584121015,6.392425411588303,6.436237830501121,5.84113460951393,4.450519846056801,2.9345263831235937,2.682056161189732,2.632034001612548,2.5570978841572023,2.5279212686166375,3.039203183132645,3.1432642355384104,2.9013227608881813,2.8408471742979176,3.1204571437069077,3.1389340061711115,3.262565885579309,3.6552384956301824,4.703182117452453,6.260545518013249,6.139612352952517,5.343548482998599,5.3992781981867,5.138639883662221,4.686872847634039,4.308041605833595,4.223672638254387,4.369240487461495,3.513631129743617,2.9486143567304604,2.8307972901492295,2.8350985181739934,3.007891581385531,3.3148785645051264,3.731235292572211,4.150443014380845,4.23413329953088,4.1150484528485105,4.252485094412936,4.178174857302586,4.029168297642164,3.8897558446486977,3.635787447889947,3.4200459529546627,2.8044742066798465,2.4425253180864415,2.377783939751775,2.172756560660999,2.0744293929660387,2.264771953521306,2.7328011848049143,3.776859932852195,3.6429980092095433,3.1408140737045827
2024-12-21,UGRD,10 m above ground,34.25,-98.5,3.0459319052558755,2.815132892035854,2.6330637025388195,2.4261181482240204,2.406864477340346,2.7891247797436804,2.7504583098928967,2.6110113461051467,2.660720750946701,2.9470513849943454,3.130724064933235,3.2947161406150656,3.8731280923551057,4.947691798858491,6.430840069232648,6.133719846744432,5.3647457558699765,5.6921630341451355,5.455629491614202,5.014186423670764,4.518766393461849,4.380035024936003,4.397343465201685,3.736621810716109,3.1125195810632516,2.9856327138048773,2.8740457921601874,2.9914636112205164,3.18938896315363,3.6045558943828047,3.87568449559798,3.8679193755133374,3.752533364899275,3.687308896599469,3.411115943744047,3.137035872960103,3.020189046326366,2.9151273243735423,2.7545163850884165,2.6231109434590736,2.5812934403379484,2.671977447962097,2.5902969118383026,2.580723690940189,2.872261774043226,3.523296412884259,4.449036540071679,4.734711381825242,4.946435418226823,5.064428215114175,4.963225362484094,4.4563211964320555,3.523368308184073,3.171278001390685,3.9177254329982008,3.744655306664312,2.882175108168203
2024-12-22,UGRD,10 m above ground,34.25,-98.5,2.547085183285086,2.8585808279953753,2.9642050598286467,3.0460959066251454,3.557478878587016,4.669051602888722,6.195489676439583,6.0538090191686145,5.282869129410653,5.602137294987352,5.369677648682472,4.907093231815219,4.385303864964678,4.364792699788062,4.516292344792776,3.690324900264734,3.1440370361853063,3.236853054565353,3.0393509204243156,2.90897762481182,2.8822310715542505,3.1534923129347323,3.45106060967593,3.3268949213077903,3.1282158859209788,3.038760046627588,2.812180842243716,2.669547791186156,2.584857522283836,2.7517839686357277,3.411594613352964,3.45915275970586,3.16329277614419,3.496639931228224,3.598021397705031,3.973345998920165,4.3373793471467454,5.079253844961,6.1767165756411835,6.442590580256603,6.086402324411612,6.156543059280044,5.8730575429800576,5.291697251541926,4.910099526407215,4.980186913234847,5.973799789746164,6.202530013621912,5.319759426484195,5.533802257113695,5.177860294673607,4.2900965580246355,3.49471916430272,3.3797738437809537,4.394517510399665,3.8297771518593535,3.2109725205317563
2024-12-23,UGRD,10 m above ground,34.25,-98.5,5.293704322373362,5.593972802903491,5.352007711939518,4.873318502087412,4.438520997619753,4.470227497159088,4.553371894435024,3.770850661341947,3.0861582079636345,3.0942615748152837,2.99976594107563,2.905677109274772,2.976068369002718,3.2438221701375087,3.512458543357016,3.412848747562387,3.310079383335536,3.3080538198118647,3.099832697746947,2.988195305140202,2.9811940319125636,3.06160793553902,3.172941436799366,3.0191202423527805,2.8578512268571896,2.7704879695442663,2.426909761287224,2.3001961149734287,2.3663803937943153,2.6471400584871994,3.6259969092046314,3.7478543904074377,4.080931951791447,4.7851772400477985,5.147948124048071,5.2523842431699155,5.1667010652720755,5.024174720428418,5.6533914908709,5.345537287628073,4.627480174259483,4.735054720368241,4.394622482099687,4.261196018766908,4.0576864356146585,3.950798922479887,4.513178176519613,4.011550540809971,3.0733896203697832,3.088144794819253,3.241115789704959,2.984472794313186,2.9314058471943163,2.8363114039383728,3.898843367145927,4.0794633600802275,2.9642155371289354
2024-12-24,UGRD,10 m above ground,34.25,-98.5,2.9961409299758404,2.9196539604472846,2.797500119620614,2.7791197954789313,2.7569525194578457,3.0154823981919554,2.963815910591811,2.8577706429573446,2.86365166564039,2.876325773697206,2.7916273598358465,2.698654645437908,2.7648754487723677,2.9038828276510307,3.364091778626659,3.389382240245092,3.4105551872730295,3.4801890006390117,3.223517119936087,3.0975491409245617,3.0738199198149343,3.391693252161301,3.749808997595571,3.762191605629011,3.78446965085421,3.98179397493181,3.982786904671919,3.904994750031408,3.755080997499957,3.5038265210171473,3.996887977442306,4.01254246711315,3.0879044412754717,3.114298437773548,3.1835775022749875,3.2848203471861592,3.6177053961505714,4.098738035458931,5.606713295840876,5.476091184034722,4.385175439344457,4.278696887193004,4.033464898068641,3.4207206502814027,3.06312519060065,3.02096260899653,3.91569652177793,3.3504872658233604,2.2270856126574508,2.431667171449889,2.535979117075876,2.8114580553861996,3.2049620513643955,4.226732057710591,5.897246383580267,6.239330989750318,5.675434178297253
2024-12-25,UGRD,10 m above ground,34.25,-98.5,2.8269318000738397,2.7515489206052295,2.5432461273333384,2.480953056372803,2.567665989321177,2.769440677198558,3.066751084561605,3.1168434396289455,3.1435620665583035,3.132915013316607,2.9431345348196487,2.799987484802865,2.811326146287057,3.0726369984028254,3.447317418483358,3.411430718356134,3.5783840397287463,3.6359343319725026,3.5474552922375495,3.315859955000189,3.027122714289401,2.978814376787745,3.641521410878608,3.420693520257452,3.0206756297175823,3.344836365585618,3.16332103391232,2.9110459759254965,2.6635021812046027,2.5718623235640172,3.5427136757821707,3.349596921477157,2.6367882842903194,2.7579890699884477,2.7511919227410093,2.7240971822253224,2.6964792101653265,2.768244213100258,4.152669134540696,3.766298176324888,2.7224354137471427,2.8483010382468525,2.878154274702656,2.9999712180543447,3.281226326380341,4.0933948953218335,5.687540820082299,5.8122168819342654,4.875843922019369,4.855579997116875,4.738115448584505,4.805070383938283,4.584634655299709,4.54474448917161,4.237274696228086,3.9211466712000664,3.2532043008664253
2024-12-26,UGRD,10 m above ground,34.25,-98.5,2.90636214007442,2.6945653281201443,2.2431199733075773,2.056725410392615,2.256994719629219,2.6118190355025765,3.414013225649172,3.563796051229632,3.712336731153263,3.904973443749955,3.774759922933052,3.598418000666991,3.432311735196765,3.512641273218068,4.113210992257322,4.206162023758681,3.444569372776961,3.474907979974867,3.2288799716023906,3.1250375602210347,2.9930816577918864,3.054245007974628,4.127119172867699,3.9845755565617695,3.2326345335421944,3.197722275076186,3.262369332892784,3.286686718817714,3.3356176054187063,3.3027621333866537,4.375001479318178,3.748762783747184,2.4706517038905327,2.5416359611070725,2.681862564139108,2.917272661903187,3.393159672227981,4.262256453040799,5.912382223331317,6.3153953368237135,6.120991527304136,7.075537458617589,7.0962335552072435,6.482536512296104,5.513536667480433,5.016210707402326,4.741242131289297,4.070233255175577,2.69836459109893,2.6624320952555465,2.7137312071447193,2.8853103765162462,3.22874527347769,3.919173185123407,5.1026691410066585,5.355500024001562,3.2241903291740255
2024-12-27,UGRD,10 m above ground,34.25,-98.5,3.2448834781455105,3.504245458164609,3.389423946771652,3.1981495362193852,3.010190013628197,3.2562439720890612,3.9735305648493897,4.075427058611615,3.2680174184823976,3.292290819469867,3.0767462394156335,2.8030550682233715,2.732239874635007,2.731097458741083,3.3932596162643804,3.110602044861319,2.7448176418190444,2.7057139949994724,2.8590605331218155,3.3187553099345948,3.316832335406109,3.424036808539991,4.519385952814274,4.448348653696225,2.931053980459744,2.7731556932973787,2.487201854231979,2.240117513842466,2.4931875903613037,3.3166125846095227,5.109972848140298,4.99806472589485,4.3074972289743005,5.061966839475742,6.384594129038564,7.140081191804991,7.118928813356617,6.807542542869429,6.657812048126115,5.7663702723946635,4.191811394817217,3.660402415723679,3.357376907063684,3.147823189749203,2.981311748566788,3.706536599974896,4.407195276191746,4.760077114730454,3.345790923216872,3.262259129011275,3.3747464038120434,3.3963246485150744,3.4606523111450933,4.173806537610484,5.142408778559208,5.174678806826332,3.404218372123435
2024-12-28,UGRD,10 m above ground,34.25,-98.5,3.059029183844334,3.203263256825439,2.9312142790977704,2.539332076438864,2.318094385391009,2.0948844281064236,2.700175074560613,2.5815614743031094,2.649260793427846,3.0087072177952647,3.267804299440259,3.612046380786283,3.766770808147986,3.7677173503392902,4.667110767175131,4.434597677988133,2.678306516444512,2.584098711348675,2.385617190889991,2.4744680714643654,2.7525804505079683,3.717599354756905,5.462441124919774,5.855049495313816,5.492993985296487,5.871304275678236,6.476250128910523,6.842259680344089,6.669706146072409,6.05355931105882,5.724054540053636,5.084440124262329,3.916957806464117,3.8168484661298807,3.457634153623073,3.4467250300023813,3.5460946939834117,4.449693273259468,5.168899925480023,5.591980125268643,3.2116414185601645,2.955897605562564,3.0682348692681582,2.877590059232213,2.7761387763437044,3.1523499199332594,3.814117446816862,3.729306452892647,2.4851273684728454,2.4758438287079203,2.3690126141822567,2.372122495960763,2.557238888894669,3.3855453223130927,4.750503057596307,5.801540169613462,4.906488167700852
2024-12-29,UGRD,10 m above ground,34.25,-98.5,2.6838175084763893,3.0996274091167653,3.4327986943539774,3.670282511814429,3.650488911722256,3.728301482516386,4.658169613009219,4.449176227028166,2.7026819870377423,2.6478351722495983,2.6026875205257265,2.8119784202849183,3.258671220714825,4.1601108048504365,5.949062292313014,6.350119764116226,6.370228459497446,7.284661316359234,7.419394683081986,7.248536209334539,6.891868807218385,6.265494178798307,6.172018426892196,5.534421800705245,3.825683040896231,3.4681375286766047,3.2534481634122385,3.1537507616731095,3.233948303594919,4.030205030361883,4.834004805345565,4.962248724278265,2.6445895697485087,2.659962042406076,2.7934337560049443,2.762206850435875,2.6887927243165297,3.0959747832231805,4.271864299596139,4.198879190344346,3.044279750486921,3.313795790206708,3.474640111935588,3.4990968237215867,3.4040109237919243,3.9264158881468103,4.009380181348041,4.243807618494233,4.156022856980066,4.289902358768083,4.209189631118809,4.459525631819536,4.563828951638337,5.088270352685305,4.49186984982865,3.654394034130133,2.503823463602118
2024-12-30,UGRD,10 m above ground,34.25,-98.5,2.6505413498678383,2.489405365456006,2.504209586863549,2.79934808080705,3.289666130966326,4.148910734775522,5.953615644439712,6.379240204204718,6.689363032206866,7.868743367503304,8.31707820585115,8.56099765369158,8.263448570829725,7.604131054422576,7.167265375715843,6.280541624828402,4.675946848203784,4.191819119297122,3.773771630535636,3.546538307847378,3.430828322217269,4.029187568303037,4.475202693110237,4.2742677914361895,2.555664160812789,2.637313604890528,2.6444049537727867,2.667055381734279,2.685287042769473,3.1625691955735036,4.608095623087136,4.362468598946482,3.171506927725482,3.4924255404891795,3.497347512423322,3.372580146988378,3.183792458621296,3.597362022950554,3.4184781010262757,3.172738286788626,2.7442471451859416,2.785814318151692,2.7948476874819224,3.025097681005792,3.4455470761648748,4.053860492127345,4.229142470260875,4.364627181679621,4.485540673048812,4.777519627321828,4.9565162987608185,5.24329000054485,5.553413016898191,5.704492751347768,5.874089157641579,6.177868875251403,6.11651540682629
2024-12-31,UGRD,10 m above ground,34.25,-98.5,5.734577073635148,6.598083552469832,7.273264717792374,7.936878982700513,8.191336572665497,7.679414592388655,7.287266113092953,6.425885939114863,4.709047581363338,4.088886836595384,3.7262745421578094,3.493345439981176,3.3024775588315616,3.7875296755673062,4.073751183025791,3.781677608154678,2.4436072153171793,2.4534658222010095,2.5074715455441767,2.432846136968019,2.4747631626928506,2.8901591431177103,3.819450389070529,3.996106825056239,3.732315562315128,4.084528773688469,4.52056501706811,4.9674239727961895,5.042465058800742,5.463801015565611,5.666527410567047,5.333986697125969,3.94716004124297,3.83298254426336,3.73627889078801,3.590728790670437,3.4218410428557835,3.8128544281261623,3.67085017722193,3.476284248647729,2.8028374332433303,2.7787001126744193,2.838230104757161,3.0510559754970092,3.3311554114602115,3.777583862093005,3.9250720448270986,4.1209289405626155,4.085058257655293,4.152329346405181,4.2514445327319645,4.492088463876124,4.624223516698236,4.407042508442185,4.738520270822178,4.655392743575877,3.7914081335576446
2025-01-01,UGRD,10 m above ground,34.25,-98.5,4.851078009184645,4.342752354080751,4.021746240483315,3.857424311658855,3.5131653711213837,3.957690095112108,4.221354326537199,4.017897978974829,2.5690295201009414,2.5480329657647696,2.5905260515439608,2.514631864459859,2.485268062387219,2.967473465235333,4.131635930963957,3.884680259650464,3.0716363772766857,3.5071424749172104,3.6097569536162823,3.620287468007498,3.582894730892162,4.255639675019269,4.2664990699120455,4.378601767873629,3.4503530564248126,3.5155009810481643,3.497327342388284,3.438442839958337,3.343528254498608,3.8919869376145906,3.653895582882008,3.383194906216406,3.0798202795164373,3.301639204445091,3.4307989852873892,3.779806769983253,4.258710937639679,4.872592871708021,5.100310408188623,5.116835308961026,5.25655222757082,5.68302307181572,5.801544197074511,5.739287620199315,5.75004760141236,6.0646437670548705,6.761897343805074,6.645207344341294,5.809313143083715,5.307027427799842,4.620345286008007,4.336785927204703,4.306695388442742,4.729141805650309,5.261893105737643,4.93512190097707,3.607845638301187
2025-01-02,UGRD,10 m above ground,34.25,-98.5,2.350820403748102,2.311133306629392,2.559760384538708,2.5293576579480064,2.402933060227723,2.776960040907007,3.898199498346841,3.666212523484377,2.6829952199684106,3.0233952693263406,3.233826527718586,3.364153615063406,3.290089508088137,4.030612989827709,4.166506050247724,4.338873931932221,3.335147373229157,3.2544875222431795,3.1366036691405066,3.195364660464082,3.391535544952262,3.9112376841759966,4.058053613047215,4.21286999568029,4.36579308905487,4.703673572889537,5.126576229033626,5.839514951659736,6.284356855500803,6.980571464399828,7.76138567830196,8.299098472579857,7.919784463433813,7.719755609210343,7.449396275900297,7.1153733539446975,6.604551760733446,6.313174851908542,6.12098254767958,5.357134505063401,3.971405420742119,3.6877179380916902,3.214205687727479,3.032983341925156,3.08962724302592,3.7290925109932926,4.732786889871313,4.922794694316108,3.554111326218088,3.8150482988201633,3.630593643253088,3.345138745852224,3.0483163812022047,3.045190507429231,3.4173905265408044,3.615461075457095,2.8297237585201955
2025-01-03,UGRD,10 m above ground,34.25,-98.5,2.823766630625033,3.1336293589385233,3.48388473336438,3.470241545102989,3.398411793470591,3.9397384214748055,3.930743112464449,3.903465178753346,3.1085294859276966,3.1013911123266023,3.134322632687492,3.1750442745682066,3.513853035426023,4.227695553284512,4.46312514457236,4.585194953839442,4.918121522172931,5.213546625663931,5.503487225341672,5.994765179828142,6.477442727621992,7.1790780835118,8.27513736150982,8.860014566164907,8.76859756271978,8.402480359418625,8.039530522746121,7.821846291192043,7.337233261925481,7.007746091232258,7.009486896985406,6.270732626598713,4.587263751894816,4.2499892574742315,3.8173425745840697,3.434789550827194,3.266129324536597,3.610761425046954,4.153297997277106,4.159239065210954,3.0311688825501397,3.3193161874577615,3.2652011922669306,3.1148117541067384,2.9019870928425835,3.013914304050355,3.347023524702159,3.487647355214597,2.066985420290092,1.875345336583688,1.8835238094318243,2.054260772760002,2.2096686702154247,2.589913620828176,3.095395883693203,2.9834390736049383,2.4215102816465985
2025-01-04,UGRD,10 m above ground,34.25,-98.5,3.061652342826302,3.0919441343574996,3.1855870482183866,3.204645008535392,3.4959113613872863,4.063905062774056,4.260463903778619,4.390600781312392,4.699727127719168,5.0942151998825125,5.468777973652098,5.971450811217871,6.639001125538313,7.356454380346291,8.060975838908771,8.474133624780407,8.378471387111007,8.062084125024889,7.767697324498581,7.38578938410423,6.886521713925047,6.488868094182012,6.2215772998885015,5.415306646820939,3.9247796698062896,3.5409438530350377,2.9411068293737643,2.589578655774761,2.428649639292694,2.584490520391485,2.7541553795869627,2.8890068158932896,2.3090893068201965,2.4096961948718225,2.584468151558789,2.6289076224072234,2.625889520160067,3.124999803579611,3.746185432625239,3.829432868759212,2.4784429712255243,2.477566427613315,2.505960793438047,2.370654040734866,2.345591829720262,2.70179081051237,3.544041149553055,3.624606699950247,3.1189229613040137,3.3339377202698603,3.4038744407739308,3.5426531173067017,3.535374703347923,3.676195281812774,4.402342304837011,4.306751726979785,3.3112725487352215
2025-01-05,UGRD,10 m above ground,34.25,-98.5,4.790454328352756,5.029106894992469,5.35383739783954,5.998453490331418,6.935019330891557,7.782299984395008,8.444939597015932,8.606584613194338,8.100853844189253,7.75018600589563,7.1614410653961205,6.684059643492959,6.2581578306289,5.907175611908145,5.612702873767155,5.001791075903442,3.4809527807664176,3.1412784155500413,2.7226141449240058,2.582912184573231,2.534113312946264,2.688577298251408,3.2315148547569716,3.6563116931205073,2.764044386230349,2.9446143592703033,2.791448432243872,2.7539436028888975,2.6815934799670806,2.9249920335343655,3.3605531268155415,3.5934862517194075,2.4804467097326226,2.75842147835373,2.891359849389696,2.944365850648243,3.20043253141798,3.756111994594397,4.809408375310779,4.547301413260639,3.6163004695716032,3.7593757040135984,3.7852833288625978,3.96273369866826,4.014266081610404,4.470361113589158,5.853518296740127,5.707091072396546,3.9836584247369897,3.7451497719871343,3.604640060861051,3.237304192934496,2.7744352523023794,2.575765202058846,2.7787315902832246,2.6881271944178016,2.147616061991619
2025-01-06,UGRD,10 m above ground,34.25,-98.5,7.7733304476435645,7.391030716452574,6.916879549962879,6.4303831398254685,5.940420171841058,5.645626526563413,5.471547838329951,5.009265045649294,3.494272652389839,3.1999781238818197,2.725311787795526,2.430820198112739,2.435357335187931,2.795235659972869,2.8228499462153716,3.1467729323064053,2.4870357693668237,2.679455174729978,2.6751186349875216,2.61521460565068,2.464750136642068,2.773000204183345,2.974036977689388,3.0297515005804048,2.1483818232339136,2.148275590384484,2.1399035807621187,1.9977359697100792,2.046821715931069,2.44222454653154,2.932788647249945,2.8059543180028763,2.374756482059655,2.4954473207487524,2.3289414310245595,2.4104126311228216,2.5661144370770375,2.960550731749481,3.485648950502953,3.186577184674902,2.192322591809325,2.052995991633181,1.973592982134627,2.061962477109903,2.096885874506708,2.322440068748564,2.6663605624370463,2.615616966048975,1.820165271647014,1.649876382433918,1.6431675150843268,1.7812667937504614,1.9212545334672697,2.5115938881220483,3.4314184026549883,3.628789843347224,2.7196902104634155
2025-01-07,UGRD,10 m above ground,34.25,-98.5,3.325504886583838,3.0243072160191864,2.6562654495715585,2.5192544371591463,2.5375710879571782,2.713971973857494,3.1060819328891647,3.619968468915262,2.685805571504525,2.7699458759692703,2.632980130212127,2.7642629861228114,2.6625866084510523,3.1160671140973646,3.486177453683108,3.643761696805897,2.5108203250497425,2.8180669603626987,2.9151162282383147,2.835063402747637,2.8803831373279323,3.532153254144862,4.308006979089414,3.790777670188959,3.021812828857866,3.146558860805817,3.1714056831156068,3.322591723720236,3.840135012563188,3.9265509125032247,4.633467568158034,4.472594785892634,3.2138119008287536,2.9881973041908862,2.977635631223574,2.825542233515958,2.5336921429058337,2.8930475532829387,3.884237713564503,3.4704525909426063,2.308009450689948,2.5649094717720016,2.5613328546233975,2.6215502381348776,2.959231780335047,3.7889188305916126,4.934200319504599,4.829623850680139,3.513298424167123,3.231926605653306,3.018586745244552,2.897345713839621,2.7447754867069,3.1772991447567485,3.765313584270686,3.6400511277656857,2.690324222993935
2025-01-08,UGRD,10 m above ground,34.25,-98.5,2.7208421651561228,2.8876852861929567,2.920682101439917,2.9859511464385253,2.912743622481389,3.245869241517916,3.579531229790359,3.7834051187532927,2.4150954488844194,2.701842550849996,2.788196820071205,2.749737463352393,2.8294636648574105,3.478308823016691,4.319846668649189,3.789041529371791,2.9222750078978534,2.9274032309688853,2.899916702206166,3.1832347587973064,3.3167174133678823,3.634958116652321,4.122053399363106,4.183992054793437,2.8210767667521983,2.5440034679221717,2.717689693063664,2.664680410366567,2.413012484455901,2.965888359018187,4.104617885749893,4.077660722199251,3.1368380005056764,3.449357926357378,3.447741184938105,3.4883160081974713,3.8952396439227095,4.716081204512585,5.833290491279604,5.788704812137356,4.945766113357284,4.722727306522078,4.2878603360643766,4.0893064829497705,3.909379750664491,4.189714257887076,4.599418610874579,4.2414141065017645,2.775236414785308,2.756643197095255,2.6188039906772635,2.3776930499278626,2.294225127073977,2.795992039026885,3.2878310605260537,3.174332272446083,2.350136277824831
2025-01-09,UGRD,10 m above ground,34.25,-98.5,2.3886803344348273,2.639698372576471,2.650280779469702,2.5211686223100713,2.6446691857477704,3.2449509778447014,4.006934540163156,3.4337015026019726,2.8050955129173083,2.8519035136972266,2.7152753752503744,2.861977088790712,3.235719418257836,3.3869949190457085,4.026299341731378,3.9112737491407823,2.7495451991392077,2.669779981596726,2.7729717185077942,2.7212247647088295,2.6439974330223386,3.2736806605236897,4.367047601311568,4.236305259387469,3.455882079649438,3.628064351595463,3.8870457506325815,4.191380129939393,4.475391693135743,5.058337126190499,5.813230346545524,5.728736805716225,4.587009667959911,4.20414286890562,3.925559901118139,3.7980452553753623,3.714863044901093,4.088088637783779,4.30336529187508,3.8358493180799487,2.5035748243556126,2.403942936315822,2.281482827507508,2.1794265613445587,2.0823429757512417,2.3579807941555333,2.785073051498448,2.6977082989440695,1.640855675225253,2.096743732570165,2.558371758766252,2.8629402580549312,3.235997210055432,4.072805244371782,5.524438325212034,5.786405200716187,4.998996017013965
2025-01-10,UGRD,10 m above ground,34.25,-98.5,2.823225726406597,2.7239591534569434,2.617419750809612,2.8158954165632553,3.0588980157315366,3.273010884814463,3.7867011512560023,3.9198960259767377,3.066064480827306,2.9456699778722553,2.971006426674343,2.8290117961267076,2.670742297205532,3.19823602166447,4.224205745211499,4.223490444780726,3.7062837654223,3.940001332918369,3.92071950966115,4.0416501419759046,4.149034793835606,4.400433627480316,5.070016283757306,4.859150597395715,3.7403261311687377,3.5167323572085145,3.364228327687462,3.2878074967184996,3.129853721380514,3.3261821585644844,3.8733534948291775,3.7324447820375415,2.3929800271137687,2.5495148892603794,2.7332043473184977,3.031477986236135,3.1937589326694407,3.7846100182946616,4.110606479231456,3.6143211991620343,2.6858002632461417,2.490731217300076,2.3015618261463007,2.1334601988183977,2.036735024112915,2.1858301530564104,1.9787003920418995,2.2496349815947134,1.930900706062804,1.846183900301691,1.7634230534171471,1.900946803080597,2.121686509795523,2.8430022597112847,4.110729417403382,4.408130899436403,3.793585825264736
2025-01-11,UGRD,10 m above ground,34.25,-98.5,3.090781271042956,3.1611239062345016,3.135381604214325,2.9207932474196747,2.651395311585971,3.1905410937777523,4.139644818760481,4.098203045502539,3.35524970916628,3.5616588537071547,3.6229838109580648,3.7165125517348434,4.0209676616945496,4.625815077469035,5.504433616883592,5.399996067472401,4.107281808757613,3.834816737953025,3.621193138392624,3.3268162120032465,3.078427120310889,3.424394337863659,3.719869687296984,3.649884026437894,2.1719557563299396,2.368117904987177,2.661618563680805,3.169965375810755,3.2788933912266547,3.4378297903634065,3.5500972032330784,3.336154358462011,2.2694575117383797,2.2579378624687902,2.333014446350105,2.5181725861019943,2.715493758161272,3.2485206202380823,4.191246281136,3.921757893609207,2.5164122420779056,2.658177595740871,3.137787432257642,3.5532485813662484,3.5575982329628615,3.503062739217526,3.850680181773986,3.4025535398347415,2.7448012425082924,2.877818166576591,3.1201568134385917,3.65914959879603,4.132088232883318,4.904993770577615,6.4246965636120015,6.378628100078718,6.0407309232502495
2025-01-12,UGRD,10 m above ground,34.25,-98.5,3.450140626833,3.564917198293516,3.546098666170181,3.399470669218255,3.672299614384978,4.340377176768472,5.399748050170033,5.312395604085052,4.00075530728014,3.8509409419374263,3.5993582052163937,3.3177576006499727,3.0718622125531105,3.396210481056519,3.7415472312547777,3.62180630388026,2.2355507016273037,2.4482483321597988,2.750263474562687,3.017257415785788,3.349497358723834,3.9603905175517418,4.404983440084745,3.697753765725402,2.3319090825190676,2.34172041297003,2.628977071301666,2.694661790989086,2.760029511983217,3.0784885518233533,4.128004130774311,4.181198814206361,3.138864368279798,3.788765265907741,4.025560550515234,3.8936991246938697,3.5383818162248133,3.416277879201342,3.8922648536593343,3.0627248360366828,2.0748574322306608,2.0720037511424403,2.4803911079937064,3.0376338790209645,3.656973386206386,4.688995668410741,5.709600077266582,6.215335030290371,7.096840626933632,7.908174870825667,8.257000763600354,8.481433395563794,8.329161444501473,8.12525306194995,8.147895084140401,7.38133420964669,5.752362140633146
2025-01-13,UGRD,10 m above ground,34.25,-98.5,3.862383140853489,3.8457915058520222,3.6622698809395513,3.508584786867279,3.2940689708893847,3.509090471596778,3.8729802604398382,3.850112529532094,2.4329649719536492,2.7827549307080863,3.0203917330768064,3.134127511392109,3.174756974417846,3.551505738123316,3.74473460289496,3.0589534963850293,2.1758803131666866,2.2095885371789703,1.9764999884863412,1.8898396467295395,1.8746003584441184,2.062817791952572,2.186439964053518,2.202678102073237,2.050240423573337,2.5651327129513506,3.063286976916574,3.533833530293558,3.7064488140561735,3.8352001017680104,4.506422301095938,4.138841677716228,3.0270495682359844,3.1504442650833937,3.603494653986309,4.245212752225342,4.967564289550971,5.9928346490732745,7.385186221753203,7.026082464548841,5.633997469966487,6.20748243576505,6.460054126437019,6.60904221672904,6.82170123423302,7.20809199133719,7.484697826582329,7.191341496294042,6.900936433687336,6.884276830780902,6.813357421040093,6.762265482121495,6.776393689896764,7.176438976065456,7.780315871828445,7.69895476818242,5.653884885208665
2025-01-14,UGRD,10 m above ground,34.25,-98.5,2.25358166323091,2.703494111681458,2.9660096718960745,3.2992266004465907,3.4741891174568496,3.893795371236041,4.268620876541101,3.349423004165571,2.1937194273505103,2.2465248219742455,2.03588453140448,1.8548534266752852,1.8239537059444553,2.163666668724386,2.981915119763346,3.6229944855017737,3.0949779984058567,3.96598862779428,4.494080874480423,4.505545550648672,4.1006709309800184,3.825070547329163,3.9316957142042126,3.1289130742372837,2.3174266008994486,2.4722791908531545,2.7916030181311884,3.5265433343501273,4.31897044836487,5.325046815377311,6.624748964391703,6.330580830029222,5.844483945423118,6.405002499528182,6.70528551081861,6.9807592767981745,6.942923606656576,7.368402637270332,8.123789092823785,7.837003115491671,6.733588425958366,6.227429338009244,5.771459462894633,5.381278645565707,5.001382959927639,5.5470058996122225,5.458953923188396,5.301884787643418,3.780370260034635,3.4398638670094295,3.2252110931169486,3.215715416287707,3.362923378310799,4.247204556206264,4.722790502096387,5.051393244997487,3.983395027473097
2025-01-15,UGRD,10 m above ground,34.25,-98.5,2.3981937580899064,2.473766079105526,2.1486490958230844,1.9794463339950952,1.867698033375032,2.209982733154175,2.9625196825173052,3.606075439674104,3.0180892386750324,4.069633963832171,4.680323081631494,4.693783339467055,4.278131513241977,3.969616989392303,4.053440854897975,3.2797320387463724,2.4958442382578703,2.7644268726138597,3.1860055773531313,3.945030883834864,4.580429437520721,5.4624531543654395,6.5664313811014505,6.190812369851994,5.469212599764312,5.946316499466331,6.013034161877825,6.178581929983633,6.532607337154017,7.155088156844728,7.682862227216285,7.510143823954011,6.514393324531733,6.347107356186283,5.936432250791468,5.768759174204208,5.507628877440247,5.953564346371396,6.055345550763925,5.967832631163866,4.323636465168831,3.978448733308634,3.7692637115222825,3.593519130339199,3.7096221851735103,4.851166371382547,4.982710316211682,5.113058665390524,4.3242135730075315,4.376091846882582,4.332215413087421,4.260713867884291,3.954978476757561,4.067053497990629,3.5995264213964133,3.1982373779688977,3.0071892460204657
2025-01-16,UGRD,10 m above ground,34.25,-98.5,2.902484050381207,3.884299396883192,4.718466401345919,4.8538509077663585,4.494548962182532,4.11473850336559,4.1087615135264315,3.489052103728731,2.729005246249204,2.9974123125964764,3.4430614384239897,4.282584139466985,4.975823173450314,5.890252759502702,7.063957015025098,6.605445429480419,6.046095810050956,6.630443127129226,6.91490155363935,6.93915616474052,7.085195443725175,7.462125637459499,7.252364775828339,6.808993942156027,5.6181417323383585,5.474909159495107,5.169571474416547,5.1263855638869655,5.166217229358194,5.929029164706623,6.390877195771743,6.506475465840449,4.548016029149215,3.7711954545064583,3.282264246691573,3.128119528710437,3.294331577853289,4.411481070294755,5.083589861355556,5.512883243933151,3.6492470713722,2.74079591973397,2.258016759286826,2.405628123131376,2.509218568150338,3.4508664955782886,4.817566127197166,4.796034100397053,2.578861613737507,3.244799445260184,3.914741607494444,4.461432553126903,5.127235408468011,6.484794429442019,7.807956084957658,7.322924566641942,6.3798995332267046
2025-01-17,UGRD,10 m above ground,34.25,-98.5,2.7274543837369754,3.0568302385407495,3.580682288382933,4.377517837240997,5.060264876712191,6.057916490148049,7.309324705501239,6.797518139582201,5.918346246416928,6.535422281334353,6.800064313789204,6.714541776478113,6.611600408748919,7.078968237824563,7.027641350890642,6.797445135645961,6.013262212348238,5.996349504949734,5.732298186992332,5.63678690063513,5.662219919748246,6.40236762671382,6.719910319366214,6.467021828042059,4.161195746451131,3.44419426756106,2.927157682327159,2.6993038507091187,2.467023880174411,3.0887791197337924,3.855501107384242,4.430379011693532,3.340052346647716,3.077543380724377,2.8105795174336716,2.663713545796143,2.579655709608966,3.1565316901243303,3.675199559456392,3.7893812874118376,2.810426896450932,3.5833033949892563,4.377108337289301,5.171668150286147,5.817041521148758,7.144941413407571,8.509307206441136,8.373817348591578,7.2991384180304335,7.1240143588735805,6.58132674531849,5.8653942038515385,5.377877064004593,5.475066810097564,6.033896791268231,5.951977681580822,4.544687821186195
2025-01-18,UGRD,10 m above ground,34.25,-98.5,6.006940851843881,6.527093826205217,6.706934877185111,6.635094869904598,6.6511188843899856,7.155674273567136,7.218415577696945,7.066824633584732,6.276059351495519,6.3077281878862195,6.121671309808923,6.010241685790725,5.951973250102997,6.616105189735774,6.752146673274863,6.2952354180937,4.130810124601531,3.4708058989039614,2.976176585412893,2.839301972543298,2.7529291679488144,3.463221636900112,4.035417111031128,4.317114272229123,3.2078243254735233,2.742337891774585,2.300136944816991,2.1518115776397906,2.065243757773775,2.697326576181276,3.789014000942017,4.063008526591064,2.435956706552326,3.148440374120228,3.656598974326524,3.961643162497442,4.279578726862336,5.3032185831026855,7.073533142824555,6.559001109034513,4.290960393741603,4.363511531462247,4.409293374641743,4.575900789046053,4.508556575369137,5.215783134856673,6.9279415821836805,7.06385662378087,4.7369377869555125,4.749725672217304,5.76455455477989,6.512050826125362,6.854779599209021,7.293235785365409,7.864779318459456,7.375559682240104,4.295612786643775
2025-01-19,UGRD,10 m above ground,34.25,-98.5,6.256345748214461,6.459762592544362,6.431871432423444,6.476408269472273,6.345736259663363,6.66589245118596,6.70404453503832,6.343948634697545,4.2292025299105465,3.513556385506509,2.9851368069725748,2.8504913226639093,2.687106988732248,3.3271491054645432,4.04621796341263,4.585870006554502,3.4588611735969588,3.076562757512858,2.664062447368654,2.566147022993392,2.4461592906156335,3.195403216194199,4.1383118220580055,4.470721010220457,3.0587149267117484,4.326026439563241,5.072452007208348,5.476549640189059,5.409115427080806,5.6162347899786615,6.169412524310858,5.425618803092094,3.346357970257703,3.36561416554441,3.537196802537017,3.841558477592056,4.082448888639142,5.070165628937023,6.835594453624632,7.138787741187707,5.373306834995751,4.956320429030319,5.0618749073570655,5.107473817003057,4.575326542271494,4.476672734796283,3.8875227353631385,3.989890302192092,3.062479282294778,4.293381663672372,5.1798743927607305,5.78105135072436,6.0817609216234985,6.707389116785777,7.54810546621032,6.469761024259089,5.8703187517713395
2025-01-20,UGRD,10 m above ground,34.25,-98.5,3.977659860052836,3.4224698158538516,3.0825182953457713,2.8588755926745977,2.635700289699657,3.1071605262046926,3.7460554524940903,4.396739458647523,3.4831588563974067,3.2706661259347305,2.840747528411222,2.7715641581179913,2.7381349239870665,3.674287426485375,4.598728174653632,4.92781975055226,3.923611342100195,5.112684210401152,5.6697185574234314,5.676109594229175,5.292222788626111,5.394607640443876,6.183213872652743,5.5848672362864065,3.257726902896147,3.1097045895999393,2.8930253582960725,2.7105385620766005,2.6776999516596005,2.9988667420167228,4.280079699273596,4.818457072601268,2.5258849877165916,2.4947109365690903,2.662084826769751,2.680677683008901,2.4720698249489717,2.663264175740559,3.4921622736943085,4.114572430093911,2.7417383430371447,3.4006902099392926,3.8534914259807262,4.176788553972585,4.380028550473695,5.087182864957967,6.337363407059627,5.592057870018479,4.488813950910253,4.7221698321378405,4.500980255483444,4.17111546446378,4.310936168457265,4.579698621645308,4.424359260319484,4.035819187596062,3.1290569352864757
2025-01-21,UGRD,10 m above ground,34.25,-98.5,3.870912661605689,4.050029598364182,3.6556592093616422,3.54923221897975,3.411512239462592,4.014670735403136,4.571986492748309,4.9372978756562045,3.8817255124315215,4.880714378277068,5.465558945502645,5.630663268583846,5.3973191397900155,5.618660063606091,6.459232247645126,6.004998466127944,3.5906125748860127,3.5814578746062464,3.706088053247073,3.851479803902584,3.830088576049912,4.335358106332117,4.749450156287928,4.7613469188385,2.6004407379515584,2.0138666618789625,1.661721254930257,1.7312231877427615,1.841542520298869,2.524365408698338,4.0583020401221,4.5805152297397616,3.204618347510512,3.973423884557509,4.362083256380669,4.369044337367432,4.238799282407554,4.5110066730542915,5.760034380754028,4.9601027181083746,3.5699559246256074,3.7291679004350886,3.4790169778262134,3.047232453207588,2.679530868165514,2.713120337070942,2.443759363772138,2.255333973551679,2.0372658948980513,2.1532242931540093,2.701465881429669,3.4204014430271483,3.9967796247642537,5.098603517851234,6.131402406243041,6.498799787177278,5.80523110632727
2025-01-22,UGRD,10 m above ground,34.25,-98.5,4.021046397675409,4.982846370947052,5.381418025480517,5.508363694492099,5.173330738237659,5.412781760165202,6.371544340408942,5.876946085103158,3.613268131304565,3.8385465384949287,3.964217000066181,4.089942153220492,4.059236444911097,4.582045847606036,4.893519596183125,4.912970519679698,2.672300928668621,1.9966097759633592,1.7610828690597882,1.9001774588450375,2.224288204755182,3.13419486318862,4.672367011120628,5.056354734925345,3.6622114297488593,4.249813301932923,4.424107076254449,4.242191368281514,3.9734727320255208,4.2682154220824575,5.5924824255099495,4.8699043048883475,3.4133211455036414,3.557721955295917,3.3766302640269785,2.978878321265441,2.494267199812955,2.468239970355949,2.104197871101797,1.9713638991725897,1.871296872708505,1.8512599003293215,2.1653819561652488,2.675642670306635,2.886431207119802,3.410214501232054,3.8261954025834894,3.884230184919608,2.6962733096562346,3.093944075147642,3.218649284074769,2.97269633673267,2.7013255791115003,2.581987303712686,3.046807473013824,2.942606663336475,2.4179214065446226
2025-01-23,UGRD,10 m above ground,34.25,-98.5,3.4672413053705817,3.693250635827122,3.8988558461359606,4.179094954948258,4.199497743706613,4.624188558518182,5.086411957951443,5.172388857754367,2.8015063974461856,2.0609096407320315,1.9877309324678083,2.157317969504413,2.4368795675444805,3.4291308656181876,5.113896759415679,5.457106452805356,3.943010038288401,4.500221260026368,4.577828076421108,4.311643028267455,3.9539182172912577,4.258720731899497,5.474412520168092,4.841800859860138,3.367753318780592,3.4328302299161892,3.294265278579983,2.926740923542265,2.4844282900774486,2.540991537873031,2.503264309765722,2.7800836966338016,2.3572266876436982,2.528693325972882,2.847737000443452,3.0849276755960195,3.3103387884918747,3.781674032080752,5.046014845126997,5.311164199691487,4.091774442219618,4.606553439243989,4.462806798103193,4.075998679382762,3.890744644989314,4.15162186872121,5.113531766909874,5.035838578571843,4.274489477521618,4.39637842927174,4.113886831794065,3.75694061300354,3.3609964053752974,3.542503987828158,3.7768931785734736,3.714478408908784,2.8851636601984145
2025-01-24,UGRD,10 m above ground,34.25,-98.5,2.8097175052514567,2.3732119305325123,2.2759408370229357,2.3207352213755827,2.6376029646156995,3.757071535259048,5.360753977459324,5.522113119583065,3.7505840992026007,4.138739905629588,4.188689552164056,3.9079197532739194,3.6685848304646065,4.072376438309469,5.461753989495017,4.8672262237847415,3.4421099743771424,3.604235650573105,3.496229324794951,3.179438787995129,2.715271925572421,2.843408596798767,2.835816289785013,2.875650652691035,2.455544673601062,2.5184356429108656,2.6161782960344775,2.848412028662884,2.921208569585352,3.316960633744648,4.603294859593273,5.207435395680428,4.218660617080754,4.7943051037970115,4.826443286668198,4.511452194226339,4.046805859776563,3.783344115812445,4.319480816870762,4.049588263577155,2.6223513165847274,2.750129011288942,3.0536348566729625,3.564240855083747,4.716436255579731,6.360120757778697,8.308918807755155,8.078935798477389,6.523182385078753,5.663989631089836,4.850334581697987,4.269787490663756,3.777065847716014,4.057233679952857,3.55547512677764,3.456455862547991,2.4574703912826887
2025-01-25,UGRD,10 m above ground,34.25,-98.5,3.774673444765418,3.9226396634063336,3.8903348126584847,3.613240798754041,3.3999374917280116,3.707623183912527,5.199254297315172,4.784487703179268,3.407050442268887,3.5739693078412644,3.362234454148985,3.0514335566639748,2.63667553778107,2.790655835108269,2.866098217002161,3.1252946759973623,2.576249231877561,2.5941792662041014,2.769426038798265,2.9691881981172017,3.1436828092969367,3.7911094997328623,5.407497346223332,5.864289700033346,4.461047814338423,4.712100929400309,4.247614558383794,3.5092091249053943,2.9211555153994544,2.7417435560012446,4.062076066409872,4.786993482896099,3.5411127437330183,4.124432168610025,4.155818869916269,3.915056067130555,3.606076491681705,3.872178703634296,5.321776245516183,5.17376678575933,3.598271427415605,3.458000376988402,3.321840306319205,3.2781175983566215,3.215269076964347,3.590696083558961,3.890085661792048,3.751816076314911,3.3107267326648815,3.553104086303383,3.961302837184465,4.319401879262978,4.448342700731606,5.264698383855954,6.027441872909517,5.815200517313677,5.275787503351149
2025-01-26,UGRD,10 m above ground,34.25,-98.5,3.3826253616895547,3.580904598217308,3.4244552383274725,2.9987085070169326,2.6623136561745717,2.7213850163421975,2.7155001713655165,3.0717572015055996,2.6582478274608867,2.7398183784041508,2.8826996975357098,3.1117936176046985,3.2145283041995354,3.860853375431702,5.316968082178732,5.752603518875199,4.483809734039481,4.562317320074174,4.084777665699643,3.3937495894016614,2.9336227487802304,3.148509574467167,5.028465487042335,5.458884172287638,4.001460028728676,4.4844481084987216,4.284652451662289,3.874981609260992,3.5035354737864197,3.619185161985282,4.671431187275272,4.11303799285918,2.8383738529146987,2.833616010108803,2.9708627291568472,3.3294158111801195,3.7570328782661337,4.3982683169136365,4.722517196780114,4.20921755588722,4.035166937460623,3.639450367836413,3.085001503530666,2.6404700829251135,2.3239132161558524,2.2698563967219836,2.713117453996815,3.646393919288637,4.03672532486392,4.871840322033458,5.07743016664846,5.154485206706934,4.959069214286984,4.84082913694935,3.968002102309495,3.4147199698103297,2.9821477019165523
2025-01-27,UGRD,10 m above ground,34.25,-98.5,2.671846292686209,2.7409344725931435,2.904695568645872,3.093401703580794,3.152569940972251,3.7551456455163774,5.023388781180977,5.406481562602314,4.257117382669266,4.336197371619701,3.894901087421828,3.231724565425897,2.751896295805779,3.0943915019329005,5.306284613481521,5.837173687774351,4.650045457555235,4.804645093735426,4.4508959174265135,4.053544841943185,3.611027368581068,3.551461819889337,4.351521631181033,3.781224645614934,2.7789042875343144,2.8559200791402777,2.999378691179906,3.3373580112679497,3.54992337686706,4.089338567928432,4.348462557605607,3.777503305649331,3.871322278644869,3.712651597912918,3.3660901559573237,3.3931529929506254,3.557708593322386,3.930302463226993,4.3701440759104395,4.679096756197613,3.892541787887916,3.8371039053209985,3.544963977280666,3.3209310547336703,2.956708827342723,2.756401030717624,3.222490801582477,3.5723224347513693,3.3834192192541037,3.9931383604876025,4.18561879473544,3.920483093283417,3.769030885599837,4.15337006173405,5.16597886750116,4.815497749628635,3.0821123986081957
2025-01-28,UGRD,10 m above ground,34.25,-98.5,4.228311736040238,4.223534266480852,3.7607418316874335,3.0975441005519633,2.8463444881059186,3.3015666285886027,5.460937790511764,5.828437604513386,4.534329270489089,4.594326262471771,4.169336417355231,3.5054808457643163,2.7769757010800733,2.2465763483327654,2.320157622633795,2.490992075182871,2.6651077930598115,3.1946612681711333,3.3760701966083992,3.450997411727897,3.574270991228773,3.92469869639108,4.267471189346824,4.61030402617747,4.083349030621652,4.1778120537412695,4.262883446967043,4.695440774725704,5.486054843401214,6.46660989932429,6.9408658597557125,5.778392877948447,3.518109886473485,2.750092221516727,2.9427571833622057,3.358738687699204,3.745958170758496,4.384985979544667,5.4839483456361275,5.154634155828661,3.3578774481291704,3.200615445623393,3.056542512679341,2.7976511291110073,2.6793064045835298,3.0048326646579335,4.422705810211763,4.745056150083574,3.918956783865296,4.786320921696972,5.577791619221099,6.007194554308274,6.1790885186414215,6.740703148731675,6.432805054900124,6.24882213471666,5.503912765978367
2025-01-29,UGRD,10 m above ground,34.25,-98.5,4.594499597424813,4.608571168889254,4.1032543722907056,3.399329155320889,2.771784364670374,2.261782064658027,2.2723270190676765,2.3355375924316464,2.372461125532852,2.750275402218656,2.9366808933770585,2.9207545743286545,3.0380005394037335,3.403726243525572,3.647737513516322,3.788840822505417,3.780525183084448,4.1006416254816695,4.349342559441263,4.598748623013763,5.228507098077534,5.7987663865782135,6.603461321616827,5.838755356516801,3.6432898706587777,2.685635957634267,1.9764061776603257,2.143018308249011,2.8160209294682907,3.7948868290309745,5.50952733720913,5.644559285153343,4.504976266909474,4.823825371443811,4.565477490028577,3.980798497160732,3.475877377545426,3.329327502094952,4.035194128549365,3.992840574400986,3.205388857488614,3.72975044728592,4.054469377517446,4.246215133133165,4.772085111858589,5.545567027668818,6.231458229596532,6.176466780802904,5.824254001624744,5.807306366913046,5.539344753678898,5.4792184844820895,5.3029438889932345,5.270347099409351,4.755594851455365,4.828244149944716,4.636273740047563
2025-01-30,UGRD,10 m above ground,34.25,-98.5,2.370012563051765,2.7360813471056824,2.841982385335177,2.8113242097050057,2.883328492996429,3.059768854363572,3.2375213176118205,3.368007075072287,3.1744177159430755,3.2083208517684305,3.717053191571555,4.264176102012019,4.70810916350225,5.406320725043146,6.484064587563807,6.146917164332706,4.202973666125883,3.4268843803709537,2.813648079324091,2.782247812273166,3.202441407268572,4.305546010988504,5.612506173917803,5.391109645628892,4.2595633596317075,4.860779278655158,4.88630932010868,4.493655407382126,4.219965292660909,4.546755351655852,5.948248869687541,5.638630778685338,3.8352242998892967,3.8323486031061726,4.005706570889784,3.708021136137832,3.314431368045347,3.890860931261189,4.142393561778405,4.314537072181343,4.125998939937748,4.614191103681723,4.677797786760293,4.795548437675587,4.884969033832915,5.062781425198333,4.486658126622361,4.056251014535129,3.7094241875165217,3.525035074593305,3.124738338731966,2.8959930920233057,3.035205285932152,3.4477777721859857,3.670975623368256,3.8349128074082337,3.921253876778106
2025-01-31,UGRD,10 m above ground,34.25,-98.5,3.044124137278759,2.97334542001353,3.2808175265099964,3.8066041661586314,4.391860253728015,5.171769455037062,6.310812501250021,6.093280558444265,4.250479351099684,3.5302932090537453,2.916380412051552,2.927200129588578,3.400714949052011,4.5468001340002875,5.765963629486308,5.7412004885396835,4.649035289900434,5.043464505923133,4.831044761477263,4.331156675308777,3.881737879552922,3.931319614690184,5.047961487890857,4.515928661299532,3.1733329180652423,3.549723186488566,3.626095286925106,3.487933331955322,3.4372811414812254,4.114180210712878,4.437379133541619,4.469224960093268,3.750121580113485,4.1733316408809,4.287006189662268,4.369476863646054,4.463007691918852,4.648634653231116,4.245795609007281,3.8745484951525806,3.5424787701365656,3.582507014971547,3.4964663886311556,3.787848837307589,4.489978938335474,5.807309993442523,7.388752508435386,8.104173193472942,7.820439084502526,8.15628134205227,8.214677114337627,7.808658734820657,7.459945854853894,7.70255272518223,7.495950436960858,7.154739921008919,6.393327464766834
2025-02-01,UGRD,10 m above ground,34.25,-98.5,4.312453185760393,3.5296040957290806,3.0007275243919844,3.0895747378489604,3.532709052868315,4.933067184675949,6.221894014665306,6.158722085416533,4.9828947396796615,5.125223280377209,4.860807163787223,4.173971533665261,3.621922085637377,3.3911472063209023,3.773531383247128,3.325980328641493,2.4267163962981284,2.771183476748899,3.0487102519552502,3.192652327653542,3.2089434395190173,3.655684567732437,4.912631154318639,5.351665196718298,4.5696876531508615,4.986470064591677,5.046410901695248,5.10753340577684,5.044173772259811,5.26480764772542,4.554102139039699,4.072838614998757,3.7358903168428648,3.551353023856486,3.1007973981695924,2.8924991427588687,2.8704408129456147,3.17907583925784,3.48646865405696,3.8621303501077975,3.4794555144979316,3.2277069364182607,3.0496500860602604,2.8291512168966784,2.850644054606757,3.3449751533659935,4.652357442003026,5.471660019532935,4.752199042707896,4.729553826572685,4.650487432100819,4.423404723524421,4.19833334091426,4.449877064295492,3.7922793616958894,3.4850184597997496,3.2359163375711537
2025-02-02,UGRD,10 m above ground,34.25,-98.5,4.772497742163626,4.7548139958484015,4.369432696695437,3.775789015147925,3.2823460670570195,3.026621631612566,3.5976169068539776,3.443764899710192,2.7098279916177326,3.2035292406127507,3.536777380032147,3.6656492262809026,3.589886109365322,4.013179931518399,5.3678574078337,5.045572550248002,4.123635632670537,4.618713732684046,4.627953139025692,4.657555688016923,4.632071532994444,4.963465345360673,4.550306564423172,4.096999230632886,3.9696030008116026,4.000545959476254,3.758064952498659,3.7476983066897223,3.8540166456313742,4.0373088994692825,4.269416002133555,4.148030438649425,3.653322835106071,3.0844069798698026,2.605164227081648,2.9633733115987995,3.8874224764954137,5.175205653968313,6.265619712333271,6.265675590100072,4.9223003403638845,4.721727468813303,4.56099439154349,4.0060777830662815,3.4546959160115702,3.882226197506814,3.5456162504224427,3.300653681079274,3.0473418162848356,3.264851910503268,3.5219131809736304,3.6729513740460176,3.8314587064195473,3.963408617970408,3.866661462938208,4.314496716551116,3.999727046274826
2025-02-03,UGRD,10 m above ground,34.25,-98.5,2.90751826319211,3.392800742430972,3.716637071013996,3.810554972510891,3.75305567896923,4.3260124273412845,5.923646823981592,5.674980621727374,4.628388858300286,4.908469925951371,4.943336871050503,5.124426660415839,5.183174303573975,5.518380855874877,4.6784188001786005,4.1171751551733795,3.786611746353058,4.0429999020945235,3.8203297181247486,3.7221641255827103,3.83779501608783,4.20621504673421,4.782958390382531,4.80728791795723,4.243983111048981,3.838326238590257,3.6113126546479584,3.8865902585903256,4.296142395455066,4.875112989925923,5.483352927157489,5.086717619645079,3.571250478252595,3.668980180774296,3.757028062107701,3.7186901036507094,3.662295259882929,4.103637581900187,4.317718662716044,4.486902403176454,3.989359060234765,4.514076738424338,4.49925164301272,4.791124629231522,5.621458419655689,6.415994994673647,7.152949956758945,7.088802625579417,5.877318605535576,5.753372242139054,5.735506601287131,5.461736982818547,4.9176253349742645,5.102960003086447,4.6153723569845475,4.212777539640662,3.115939532495764
2025-02-04,UGRD,10 m above ground,34.25,-98.5,5.297827466037356,5.459653326614031,5.4339978769841935,5.496340793761823,5.455712757264253,5.639682237469507,4.63688559903491,3.9965085085396304,3.4680999811839452,3.6795200808995334,3.4251854947468066,3.215182763424531,3.313737668218812,3.864595670958649,4.33840745698399,4.628254064738698,4.336850072177457,4.220767115951097,4.0855704365629215,4.364553665091123,4.80679949048349,5.363647942481174,5.996260309927539,5.627426497167008,3.7437872267911376,3.712169804962329,3.892737355586721,3.9253840372355846,3.9630693531387458,4.511833899212586,4.479502882213722,4.4384998904162565,4.153976141760463,4.386699627249372,4.520640350581926,4.696650212590844,5.006604774878964,5.661978393570921,6.668726634289589,7.247041429104501,6.679704133253496,6.511671074670783,5.83623860697943,4.910159125475381,4.169530345895612,4.363737157591473,3.9022061400586945,3.5865473476993124,2.857090658339528,2.9731035594715736,2.950075957627578,2.8937076320797153,2.930688125877005,3.6563302103520985,3.9910181098329818,4.129287797726413,4.068678279778641
2025-02-05,UGRD,10 m above ground,34.25,-98.5,3.901493342559868,3.887828782833115,3.38499970513064,3.1614943589233864,2.8679014727123313,3.090720650000459,3.556299404815847,3.581064732655154,3.300877683677699,3.598325758521379,3.821354285286704,4.172758590567439,4.729925347941651,5.206184372378617,5.401226371645509,4.580165632887365,3.135428105615932,3.2750896804875245,3.54528896536051,3.6670976510334823,3.902157098432365,4.324759318775465,4.036088015435619,3.808456277067632,3.660650988931208,3.8406940465380783,3.903853005388222,4.185691110268072,4.318196228995445,4.857770402927892,6.181280315332566,7.05712123420553,6.531211250731046,6.314883433401124,5.64447008547602,5.0098134026299235,4.503677728131677,4.636008293430023,3.9126505405737673,3.452621886616688,3.0985373535369156,2.910055878696726,2.7707657918677606,3.009444490783924,3.3996130127907005,4.22402083465688,4.559154368264362,4.794566543757037,4.33675534095316,4.753411272987014,4.832225817482384,5.032705602849285,5.235984791212134,5.382610250438384,4.9969140584860074,4.618159831979889,3.721532505145301
2025-02-06,UGRD,10 m above ground,34.25,-98.5,3.0687788044482445,3.2264538244091563,3.409216087730372,3.693619256971858,4.02017881776111,4.718937475678203,4.655325958545136,4.224921423507331,3.2009781812019664,3.4111304571643517,3.608708191619424,3.5445410052489157,3.672086423431376,4.093260759415426,3.9296650566990055,3.764570595477565,3.474159018581815,3.672123581442325,3.6729125307041706,3.807162110432373,4.0174739934971475,4.711773505785311,6.024628325456222,6.737839437879349,6.142337368327777,5.908272653853546,5.484356243714952,5.1251641364902625,4.764935644947729,5.028227683115032,4.298788549334592,3.872577916266046,3.313265465314185,3.176028403081951,3.0568389712320965,3.1726708925757627,3.2992694373724265,3.824225278417517,3.7815342000657113,3.663014848308323,3.3112853426362685,3.720284382555389,4.071892187017129,4.627765928646401,4.962892266700276,4.999393564645723,4.933867186560006,4.924083832977202,4.478015887961384,4.2455620913152075,3.7257769848313167,3.6306578068452176,3.5616962089978923,3.999778846455228,4.449604231143341,4.703557172902549,4.1650385190870916
2025-02-07,UGRD,10 m above ground,34.25,-98.5,3.43140955951571,3.494309317206078,3.4775560012807984,3.357908029181111,3.5590225839332077,4.119510387436209,4.457301277848079,4.383390021673092,3.717351330923676,3.859861423699295,3.947243713301527,3.867816550829924,4.287614695698943,5.41131293843336,6.630442744689038,6.88703229676624,5.741050932229946,5.419031144540465,5.083353930675349,4.693104199616716,4.412589342949056,4.665517412697393,4.068310732755333,3.967507517013543,3.4832653351974496,3.182094250611452,3.1121631025425396,3.2033681387787323,3.3771556555665336,3.977205871895936,3.9537338359133383,3.625503022380298,3.1901544272091447,3.3488009567765964,3.623459946280477,4.398383498382193,5.1988534242539615,5.673829829363303,5.496840923346399,5.364485388377475,4.709303651627847,4.370879104831844,3.834220001799376,3.663146976755135,3.5991815193763483,3.9481483626264753,3.5259560954509466,3.1603893538208383,3.125024772774551,3.085128410304867,3.2495381145000923,3.910093382060105,4.489536722533946,5.3424934826414905,5.546147146966602,4.61713421438913,3.578273612852656
2025-02-08,UGRD,10 m above ground,34.25,-98.5,3.780302762458544,3.709824660541889,3.5022584988046983,3.2646926506708818,3.909896647221299,5.2309638411667905,6.563899464695556,6.994452815238777,5.745288908417556,5.288388541644071,4.761442674644501,4.31351775276617,4.028009183263505,4.2363725604679665,3.693042828860503,3.613346207828027,3.044449264204027,2.86465091780822,2.8431659287899484,2.9138948729626377,3.155071710330695,3.857818610082205,3.786701194748281,3.333455704217963,3.187106844684865,3.435616147749954,3.7942314034008655,4.652090660343988,5.340252391452279,5.786051019421854,5.486965886862215,5.130755844641824,4.449053640961079,4.352498301205023,3.995369853165932,3.856653085236152,3.8497510864917537,4.081828913331409,3.971689828884681,3.2404683440622097,3.119741154813867,3.3077333527557844,4.061023514391503,4.49016805608332,4.7109678539342115,5.177396987700021,5.101234570169577,4.784846032124843,3.2695092028230737,2.9711073538017354,2.858479687165343,2.9726165914483107,3.259526415685931,4.653571643813757,5.678956647146132,5.6953671360099545,5.387046201080746
2025-02-09,UGRD,10 m above ground,34.25,-98.5,5.768477717635206,5.237790719229363,4.760717906532923,4.220108973625835,3.80588045618592,3.947098800362773,3.445594282282288,3.386570770066484,2.7615403388147195,2.6509829232830184,2.6462763186616476,2.769419845785447,2.9739573409631506,3.7918983806220785,3.8341284828907782,3.44823448358048,3.246396844218126,3.531498903308877,3.820970098301245,4.493078084063933,5.118438508213115,5.482576215990385,5.296146875853687,5.169920607665974,4.752478572996165,4.604462342782233,4.325915180284864,4.21209344072149,4.3036915383358085,4.4510705864662885,4.441984755888305,4.408055562711847,4.120581721715795,4.057680599723419,4.081826329308504,3.856992584975274,3.504499251462277,3.807357462442466,3.6713217779278344,3.704517839039821,2.5380645675148292,2.598559351130883,2.582295226525317,2.918706951494002,3.502494567403224,5.1182454521770815,6.071426468460375,5.810513089105548,5.2044131358881405,5.056617946268359,4.588416934930366,4.358559213826519,4.476757511101776,5.221197800697124,6.53261658229334,7.58971625138885,8.094077780385366
2025-02-10,UGRD,10 m above ground,34.25,-98.5,2.948264205343768,2.8367735197388573,2.822501898585532,2.7989497366154374,2.9261588778220817,3.81404923492489,4.023437919595064,3.7886303461375537,3.290500091000187,3.4289818578990903,3.447451120168422,3.945691742014979,4.653956837456235,5.308578100861394,5.241638873308144,5.0576762085116505,4.579921442432787,4.624881631589433,4.4319008332522944,4.403083600518848,4.474320651782269,4.619519955683998,4.64791260645473,4.930043761655924,4.661709153712546,4.561726676866318,4.467995169021119,4.219515131990602,3.9779015485609017,4.30237229742133,4.146387285544241,4.081119674311477,2.8269435665412845,2.802132671051945,2.7321763170994977,2.8909842174750584,3.436067287070292,5.02750853029083,6.125310693914095,6.077605072808071,5.334311597660035,5.042592584786895,4.890603824336967,4.745584602346121,4.991226150123435,5.618583724470417,6.135487410004329,6.2470091281860185,6.2459855801768125,6.068596717270827,5.662361712919299,5.167234486054318,4.554384888539681,4.651919646813415,4.2592487009060225,3.9922895359882062,2.836182517814767
2025-02-11,UGRD,10 m above ground,34.25,-98.5,3.3290419194427763,3.3581889309279953,3.3432761967016824,3.8141397903582535,4.46554623429285,5.149109818780261,4.800713086251059,4.776409378219409,4.436579298596731,4.458592201359632,4.331717252665075,4.367051852314123,4.533387022532126,4.689792144068715,5.039360750029883,5.40063061184882,5.15596915738477,5.010024019495241,4.807131871031649,4.313745135678967,3.898045641272956,4.35065312100558,4.510572744328218,4.4659464272957985,2.892998093694008,2.947215200272652,3.107959024367611,3.4852009125779873,4.160659020776558,5.7858684690516,6.832276710375265,6.539726746747372,5.144728328629565,4.850532902381998,4.455050094228831,4.0443044385248115,4.008713959976839,4.57855168773432,5.44984515527271,6.2542745844077325,6.9963141905010895,7.11344445047874,6.779834235022362,6.531201873703169,5.92780987268076,5.8532209565392765,5.206663117258583,4.787624215107508,3.3658098153116605,2.9936863075769535,2.6684456919185706,2.4893803716047422,2.5344024612681215,3.105005347090349,3.5125449469436023,3.594041264776125,2.625213251113313
2025-02-12,UGRD,10 m above ground,34.25,-98.5,4.531944584093314,4.354644680387381,4.065728496765661,4.016411309715981,3.917978283859236,4.061142386176944,4.206099814018121,4.821702100646643,4.897407662920104,5.164197818135724,5.1067221094336555,4.725405314143201,4.408791739436047,4.728530789175714,4.587642830071606,4.423369856022886,2.713023243992164,2.946507550497296,3.1767269168335224,4.017927644373357,5.115146556504298,6.653655119703965,7.606237775366893,7.080343121593992,6.066306439204574,5.675099768430323,5.136669226391901,4.276047049323915,4.015106221592491,4.504864544146548,5.573020413875188,6.556740234842422,7.245893356235655,7.142775630814745,7.14741749289286,7.288487200067206,6.653919851980067,6.555919448863933,6.152260107810736,5.732554162522646,3.863196245965807,3.197178121233898,2.937828539882396,2.968586681105532,3.1147221223346144,3.9828838043192967,4.22112361613935,4.014436050357752,3.6237070127419986,4.4324360314670805,4.811035750410169,5.268924935275997,5.606032331795508,6.232815659275786,6.6952836880369775,6.758447890868542,6.20827557795841
2025-02-13,UGRD,10 m above ground,34.25,-98.5,4.96713723957996,5.228681287575434,5.120482713932234,4.790103799940512,4.329947929719127,4.499087994500986,4.142305699281118,3.939734611510931,2.5339628456810743,2.7538639780374856,3.0914855598572784,3.652611777221073,4.607572539505481,6.291904643226125,7.246117624434321,7.030922473125436,5.961734431537524,5.66876961156044,5.307657382289941,4.625793981113152,4.413511355920235,4.7390410829268825,5.369403508548917,5.923927367247342,6.349570732144916,6.477944254597522,6.542760474203961,6.719813674869799,6.545791619880944,6.876968899883579,6.931130169551411,6.555703373633391,4.68131233142298,3.862692593492786,3.386239102997493,3.296622078186199,3.369113841995765,4.176428623220605,4.226148938027336,4.129713972291102,3.8765074950227714,4.808864822485775,5.107387028488435,5.282370538315867,5.591726379727988,6.129375398820979,6.313979296589613,6.461253522780103,6.136549732487461,5.633250700714914,5.213760124447512,5.107260674635889,4.846520194236656,5.333331942600763,5.136354065247165,5.254838199413228,3.834647682188266
2025-02-14,UGRD,10 m above ground,34.25,-98.5,2.5336062297358044,2.867019727074342,3.2148102823039695,3.540843295387159,4.252912891283131,6.024702433948183,7.067155976001265,6.943353379430691,5.707235526823087,5.340080745931505,5.09375219427004,4.53371287258796,4.135066519877329,4.246171721806405,4.929784577065075,5.924914086056222,7.151646084610894,7.441318219683989,7.904258033632079,8.355091740819049,7.916748924398173,7.800029725813937,7.568945682759091,6.774067070299942,4.803968133709943,3.8591876884286953,3.546562269043994,3.325702831526269,3.340622649923129,3.849868477440391,3.87805345632779,3.841511293191212,3.753662809369584,4.4955828372675635,4.829101734981197,5.075136014484022,5.364202249961241,5.891459948395042,6.046906580045326,6.165087017228618,6.145807265523917,5.926155196351942,5.799999221102183,5.8914935064299385,5.748531911286404,6.4460380947852,6.840289901437313,6.855787363850896,4.9122751436219865,3.960311776378532,3.624949864676542,3.2622221377115173,2.769902037846637,3.0073715521794755,3.0528928950109573,3.070800512993424,2.193162204606356
2025-02-15,UGRD,10 m above ground,34.25,-98.5,5.858637694838317,5.3541236885980314,5.097943241023236,4.505214891632405,4.233109540568738,4.512844600898989,5.19580589237075,6.194456323174047,6.970339351939228,7.385299948626202,7.681852765190716,7.741321347457934,7.197088065488574,7.401941358559673,6.944613907353885,6.25211707969159,4.135683259669674,3.257564692135495,3.1084080267853116,3.1426810371099485,3.357918992546586,4.161130860833065,4.198800790994665,4.0454959901178995,4.049166697879073,4.957834195086523,5.413050275193244,5.7301312557135375,5.971697225714605,6.338706093530327,6.329784482394832,6.316127932753728,6.029204682012973,5.790650273833206,5.55228991308069,5.424089976129063,4.962815542296419,5.44635130650976,5.385285956952634,5.664641050518102,4.830693213370942,4.353036953858688,4.311715122442303,4.342432104890698,4.256082521359445,4.834614978685465,4.48352504852987,4.260326156183834,2.7863445826032622,2.6298989731110556,2.4150893145260843,2.2335809244761897,1.9423989021222217,2.264457543171634,2.271333765015544,1.9971234816784251,1.6751410581356243
2025-02-16,UGRD,10 m above ground,34.25,-98.5,6.660916541354543,7.1607584041206485,7.461093643037675,7.4654429492887715,6.908634676338309,7.17147577092323,6.832090904155714,6.138656072412087,4.073610942164251,3.2789118689637444,3.0929740674833015,3.042072576839129,3.1940968010299584,3.95522485593704,4.1020622764653645,4.030462995622267,4.119641450024632,5.026571518132104,5.241099907974048,5.433411882022201,5.761794414820814,6.300894357706589,6.323891468581089,6.249265427192954,6.174446712726072,6.056903047817109,5.694625871483058,5.6451619613334705,5.283831307703824,5.49962052007341,5.316208756367202,5.693916494896393,4.43809162603038,3.9305961496917288,3.564992374470227,3.242630186698725,3.1819939368068204,3.693094843393592,3.415481469565134,3.389861189835818,2.50230410804169,2.6054725303478423,2.350056918057266,2.221426421913935,2.097467309979475,2.3236142468646976,2.328847998357083,2.361155940383918,1.7647875284524936,1.8177990390897305,1.8450351540026917,1.7102822377332876,1.6824492950924823,2.166757935231571,2.6080170355953687,2.7977826444123046,2.3696485572154744
2025-02-17,UGRD,10 m above ground,34.25,-98.5,4.203506723515178,3.245541586748521,3.0031522294231756,2.826423206211209,3.0666786593108943,3.88456799342219,4.026109985368878,3.933165111550762,4.100654316605037,4.939983915575413,5.2254265458898885,5.356388733399141,5.6235019260077905,6.154971040538795,6.125644046461533,6.140808941027348,5.913523328910189,5.84684734853275,5.5722296922649175,5.490270946620076,5.188680820271281,5.567015168215018,5.666630143487387,5.842790708721784,4.601635331609229,4.058020564876294,3.836370183823648,3.6192626197549336,3.4407618011307326,3.98161103101514,3.819969404978245,3.7789677200155696,2.443962917665311,2.4108498243829852,2.258858450083424,2.201855347692895,2.018000488986635,2.3213616186229435,2.5428416454585703,2.603452598933881,1.9904914650099468,2.213900260074022,2.2712865996425933,2.358524831592547,2.395050062201495,3.3553603978768503,3.9230200452351927,3.611356237852178,2.7132344755574618,2.970847120269749,2.8849573583413157,2.516178417961253,2.3233126915865907,3.014191467523234,3.5301953144604856,3.767743697626908,2.7904686568019184
2025-02-18,UGRD,10 m above ground,34.25,-98.5,4.1902458166593,4.956763995591265,5.198517387926875,5.426566262710956,5.695549804540096,6.028121935529997,5.895008106510808,5.859790219572243,5.55833754828746,5.533168105090388,5.393195819235507,5.211730419609617,4.890429014767615,5.531798106942707,5.421902463643609,5.645420269558377,4.500672922247372,3.989732200988914,3.869950404551663,3.6500693647688007,3.3394064486021944,3.799010252900624,3.5827107489080907,3.60673516301575,2.2976245457552165,2.1390833007720427,2.026352682009863,2.01707102468624,2.051642224339734,2.784003163685386,3.538177681789646,3.5667286857709577,2.4943664220390755,2.8360055201652927,2.87139493940954,2.708648090945217,2.6372848363504087,3.34736432900319,4.03004494445593,3.900970263400735,2.67281814575047,2.954094061965814,2.9855142523131675,2.8504636047618437,2.735116501835268,3.427318547799119,4.3356416762922425,4.447789055664696,3.4139192861665673,3.831243963129638,3.9856771871763,3.9441722244222306,3.893988737173963,4.091656732621512,4.631314184262891,4.451680972665339,3.2694078360402217
2025-02-19,UGRD,10 m above ground,34.25,-98.5,5.8079367422919015,5.803693712734055,5.674733160329387,5.4498414965525495,5.235394209088978,5.75430283202785,5.597829071211094,5.80684604987421,4.473911589452749,3.8899173796692823,3.7963886830990456,3.693547649845624,3.3872616129922175,3.8892409849327865,3.621547852727925,3.582605162257054,2.3669147936199,2.2180677076569753,2.005164971963768,2.0301373066838866,1.9390218482339572,2.4976888016165866,2.9132009019467,2.984904329969777,1.963147158889787,2.2549275742149666,2.473180067612523,2.4288665844927455,2.3284873108457416,3.148680817030877,3.712622239972562,3.5771458575903825,2.3717217220987488,2.6959213498526937,2.736561685780005,2.646849852214087,2.4101968456385325,2.63690190459414,3.229998052764664,3.4922674597009387,2.751660392124296,3.37935864021006,3.835411517219912,4.001550814622618,3.9772802422570215,4.534431178268672,5.746259770303663,5.5143106890133575,3.5098270964329004,3.4203472154245187,3.531671498764604,4.144006912053122,4.898011559401991,7.044150939842121,8.779426292021837,7.8604222977064335,4.811279643700157
2025-02-20,UGRD,10 m above ground,34.25,-98.5,4.621347002529243,4.262510031946919,4.227264467206286,3.99867115484984,3.666268014103519,4.1951027304629696,3.7599053513805334,3.5351820990004468,2.3003519476894834,2.10186274370415,1.925053359998003,2.0102762190229315,1.8713698033041175,2.556492555199708,3.043382186188504,3.148137215312376,2.1002733669525915,2.403670622170724,2.5886651864656747,2.623878596570488,2.4878267471378335,3.3931115020115183,4.271821673035572,4.433598942552004,3.065839819948476,3.3710471648080755,3.329681653121394,3.179274588461643,3.094641698573048,3.5614312166971613,4.2685278503417,4.3724466622670235,3.1983949682291666,3.4265190464051383,3.7266968773784854,4.027689752500892,4.164272516590446,4.505447204284742,5.023398500338109,4.537347919024313,2.650807436255319,2.743896762214973,3.106943563320585,3.5806713820295673,4.27134555575573,5.3345068314004696,6.258428262936398,5.260306600072404,2.8651667048259917,2.2357296188155695,2.3952812356709003,2.811436951018454,3.285615020469155,4.663231254281756,6.079136828719865,6.189142361690056,5.479044461700413
2025-02-21,UGRD,10 m above ground,34.25,-98.5,2.3705840878566065,2.284407131806253,2.129704016937235,2.044125576162505,1.9656281180801172,2.457263682255852,2.992858697727409,3.1462514857825084,2.1838483189756803,2.5155442057972026,2.6682596929625495,2.709411877394711,2.6671958750885354,3.656766253973067,4.444526873041661,4.533821573938751,2.997794681917825,3.22627887365178,3.289058618569375,3.166629928192314,2.9922906421953694,3.5197803350232073,4.089850073257019,4.252713754984882,3.029202232260356,3.424409780323843,3.697321936052555,3.7689872882142614,3.648788116701508,3.995794831601238,4.869253812143544,4.548780521100793,3.138049125239435,3.398249558370292,3.4923770375038496,3.5785374164365327,3.6793311698141378,4.6245465077966985,5.313815528341999,4.810764638524308,2.726820446497019,2.549893855673664,3.122845930111449,3.620339532847289,4.307636743071812,5.825859547994967,7.664741228096577,7.930315971693569,6.258450997754202,4.812726867418858,4.033901896925815,3.5495861107556985,3.060786234962503,3.683223441201048,4.018143381595008,4.324892357747769,2.2655997165790622
2025-02-22,UGRD,10 m above ground,34.25,-98.5,2.2057687798115237,2.4500878976939786,2.558624409573989,2.568817884255095,2.6287144360727552,3.5897828420167666,4.260462160139168,4.264700156368634,2.712022985801525,3.014455065386002,3.052377687527417,2.8528105864132787,2.8401932231158167,3.4054038991791185,3.909834492908258,4.088118304932345,3.094769902639455,3.469705810068658,3.710949448011624,3.8283603281198504,3.649463514847113,4.0105548182801485,4.788247749726585,4.762922421529375,3.412502560847297,3.545494155566435,3.497384918335299,3.121837807068296,2.711084138120002,2.6460974623141627,3.249042715170121,3.503203048168373,2.248798890347919,2.876308384955089,3.175532274962326,3.2489958932054748,3.569439309699286,4.650004277709398,5.782939980552447,5.985536414961712,5.13687868104583,4.126756154059328,3.5662250910260247,3.4954090300082585,3.3902594066915563,4.289272174336418,5.697967715357891,6.670084153172354,4.804112559607127,4.112238096431673,3.454563362468937,2.8417355267744355,2.487021081329799,3.4050761110137726,4.895374339306991,5.993931837589019,4.851418478766282
2025-02-23,UGRD,10 m above ground,34.25,-98.5,2.583226059683281,2.835487068545343,2.9182025462676604,2.732077849353883,2.664069565189057,3.225242313639134,3.784888316554814,3.9159806057286817,3.016985144960037,3.4326800133325515,3.910488670948112,4.138725898296613,3.911501877455339,3.9342262336384057,4.360597746030318,4.23531189654022,3.0542028718124845,3.1908393098809285,3.2199768229296075,2.9039876269728566,2.343898716320221,2.4624754642889473,3.34193572660316,3.9545896821200666,2.857351173891905,3.524485870517009,3.8313214936282582,3.8306601675552767,3.9257307811136863,5.3327498918621234,6.481501504209994,6.389723692553961,4.922022648882266,4.257429520263843,4.072130709778371,3.920254067781648,3.867701109623914,5.015626942223443,5.561877096728162,5.647168222305195,2.844267699834746,2.5317925655988045,2.528077400578063,2.7814380146051483,3.132055701941147,4.750669374284081,7.422911518713791,8.19927719733404,7.068866448704461,6.364977925736812,5.330398666670848,4.459700457897158,4.073480397606097,5.466329696257139,5.697247261384449,5.585868954130051,3.830190398587112
2025-02-24,UGRD,10 m above ground,34.25,-98.5,3.002591033465462,3.3490169622313113,3.672618836810406,3.8356458494657057,3.787248667312291,4.034768382089884,4.563852752855814,4.620426645894497,3.2524210528470237,3.348883023062686,3.248160056057939,2.948363425355495,2.530563631897913,2.413370459015705,3.0323122615877,3.663369004360164,2.675332424161816,3.442367895147646,3.728723412872062,3.622736721655196,3.546862885532674,4.651286882885898,6.312694143747457,6.471381330315568,4.707160885878188,4.112307068195334,3.9025764793844937,4.013805381106041,4.045840348845347,5.579156447339102,6.650918447778,6.6691076115911745,3.8930796732870063,2.686299119506325,2.454132172999699,2.9155268568567583,3.3315273062963775,5.210364622579157,7.431039258261466,7.096509374071262,4.828156527811991,4.474951501752932,4.079069652482457,3.430141796337995,3.0179697562213237,3.490047531157217,3.3547749287371516,3.445092576065144,2.4124889604024355,2.390487495786452,2.2454085884525092,2.269961472247851,2.361945477796831,3.2896905775779666,4.026503522448822,4.149454118842149,3.4216502669216657
2025-02-25,UGRD,10 m above ground,34.25,-98.5,3.113422819138223,3.350306203147734,3.2845704072378012,2.929478634580311,2.6057169615026075,2.6008051004787047,3.291841137760799,3.993131381360631,2.962470414690804,3.728206823862822,3.867535994932927,3.7960393601419,3.8729645990407864,5.0112245368655595,6.252100267724346,6.225228011608134,4.342470456563482,3.901013692473069,3.661217076053632,3.5467732632502003,3.611968635515764,4.994353838517865,5.857444203474625,5.593491010738982,2.8867809181274193,2.4692120467535403,2.818314575513588,3.453313735266173,4.296003549752019,6.0930474578908935,7.752370978967896,7.143135758262522,4.550843172423219,4.145693132285698,3.9421740168821287,3.735244993988896,3.5282051150505565,4.669061785844264,4.374177952639565,4.102577452063812,3.365808989889975,3.5224611900063163,3.266826709002023,3.192834940197383,3.3403644331902993,4.116106946308682,4.315150112025567,4.237303946620715,4.213211907588663,4.3608244985752425,4.171397228848953,4.144616158824999,4.227955214815731,4.513307167143527,4.316132825011617,3.786955755170037,3.2187078886499423
2025-02-26,UGRD,10 m above ground,34.25,-98.5,2.8239758457747337,3.6517333902382743,3.9961773874331463,4.043266301065279,4.2376454138101485,4.9618812333859665,5.9927162101013085,6.340324758865039,4.358655636620465,3.9224634886342495,3.7970560465664382,3.6589489369867896,3.673241425410997,5.0443237143395665,5.878585287727358,5.600270463286174,2.8287815941467835,2.7885282474461692,3.518734518591174,4.360471151847879,5.21150805642161,6.676908774045634,8.169975164493689,7.735611367483811,5.717458825058124,5.199252812995752,4.620560648012807,4.210264982838001,4.048460600824512,5.460112773802826,5.2465046930945745,4.999877528360319,3.405311961606643,3.0315226840948517,2.8381032760423093,2.71311332868504,2.9610687464632366,4.502533804216675,5.097347244451898,5.147980426686157,4.894385166022735,5.359970172122184,5.093531939990893,4.5945105842356435,4.251304324718372,4.23051225927003,3.814504564635079,3.1206545139136233,2.769946491596426,2.9848884386449517,3.201608656384926,3.480975307448194,3.925257302177241,5.140710645176686,6.4283502426988814,6.967468803664676,6.642806011213264
2025-02-27,UGRD,10 m above ground,34.25,-98.5,4.496788484466781,4.119376585596239,4.0159664284079915,3.868082681930344,3.9364792955617114,5.230267011069729,6.061314498591857,5.759878872397868,2.9290736619534385,2.859283597527273,3.5569481894280774,4.454543029263121,5.117769829441305,6.315533446899348,7.616582755966026,7.261976607941303,4.9663691910581536,4.541539915588484,4.191038121612188,3.821229395981698,3.825064612620517,5.285876925183002,4.852836429426131,4.345721562809769,3.0447930428431125,3.0480944722880032,2.970910762339478,2.8180718498703756,2.8631993193268364,4.142094095989976,4.607242939507769,4.7607428931854745,4.378468045508296,4.687087167912741,4.61752662826751,4.015633934540009,4.019109934753066,5.07373735562646,5.516323222738734,5.5655011438017254,5.002959289972702,5.292403078570512,5.4755584803995445,5.364828286997978,5.540163393381686,5.940005663976351,6.4114862707530005,6.509108423226699,6.4438891822034545,6.667213730838419,6.743520642878573,6.733395806163806,7.4266453888802,8.44528939379218,9.295831438633488,9.178960871531396,7.452346929114533
2025-02-28,UGRD,10 m above ground,34.25,-98.5,2.9725126863544227,2.768526784867368,3.264427974973908,3.954432682013992,4.774636112255756,6.040973088235511,7.546096391504461,7.396603110903289,5.178127129178006,4.689834807630275,4.097409322378478,3.663741260443541,3.752029382503726,5.181905346850161,4.745560397596591,4.2041739331063805,2.913029409238109,2.9405259118669314,2.8651490815465843,2.860269051025229,3.1300258354418307,4.62674185737411,5.512868140711132,5.943813736418354,5.6440593113066715,6.324084109292784,6.360686661718857,5.987220797384347,5.422969061622121,5.324875035594448,4.81285009073614,4.395359211607023,3.60965876705771,3.9010658484605942,4.329782198492677,4.721298083232959,4.858316793744293,5.227184162442097,6.0306065610447686,6.63942736356423,7.123343810507832,8.126277294403252,9.850252887386516,10.812047676018912,10.436016811588395,10.018161072131049,9.75570133315517,8.946847294119598,6.961281763069779,5.114605253880311,4.134404867965483,3.73789762266027,3.314851348003655,4.553191130774242,6.0541114039664805,6.674479266934728,4.505019898155721
2025-03-01,UGRD,10 m above ground,34.25,-98.5,5.444806703923668,5.099371027790507,4.478205310482884,3.941346693474091,3.932649945938892,5.288259918673571,4.804797062679862,4.328672927360715,3.1624110463710515,3.2310215931770827,3.040435815588813,2.784257291402574,2.9735237438560116,4.424798230515345,5.057744129640075,5.429671353485067,4.925908861775007,5.299300900140153,5.309775009603858,4.680635444266628,4.412986597404522,5.051610620742614,5.707638542659799,5.897489508689793,5.775046195529201,6.925609467481586,6.811713987687655,6.511165410780215,6.504485107402751,6.867515346594947,7.474072790022232,7.930533955202301,7.977057462599542,8.436134531177416,8.668515288662807,9.081317655708135,9.112188737383685,9.485438417764804,9.670715263558996,9.02536234794352,7.23511980749734,5.955377811301047,5.389730647585324,4.5136283876151175,3.526063658258787,3.816592043143237,3.7940488755267503,4.098345290232972,3.354388757570532,4.326158084718951,5.035338035260121,5.112501909284158,5.0694655402818665,5.677291788597792,6.24786969178778,5.928697000793336,5.362794074417809
2025-03-02,UGRD,10 m above ground,34.25,-98.5,3.229576718616653,3.113379194066679,2.866629909277381,2.615537982787826,2.76317990622129,4.139987243348116,4.722122927543725,4.876842830987814,4.124998356807506,4.656765401472886,4.632578518091757,4.249436346373925,4.2790750090680305,5.253513341982867,6.274593728354714,6.420695798014706,6.29933821185388,7.341987742721531,7.479426143276361,7.161844732777341,7.202250231401496,7.779894393274313,8.572065299856217,8.990341348493185,9.082508960472122,9.46867494268393,9.780416461324254,10.165402984436426,9.911704121333266,9.878658572352162,10.174685063334588,9.60790154075594,7.525365706995892,6.01153131421822,4.8178236112149255,3.7439980324561786,2.982466298755396,3.445243790869416,3.7748643440737024,4.130124338153629,3.285086256648076,3.8813701650117167,4.395158652863927,4.764106856884882,5.434238781696801,7.000619792057729,8.452220929361133,8.54446234518288,8.224714250206475,7.9591805784257,7.724971889539071,7.172291799639492,6.3729346332175485,6.260448604769865,5.755033223275889,5.4960628525401365,3.912267368628686
2025-03-03,UGRD,10 m above ground,34.25,-98.5,4.073397865389451,4.529038033365772,4.45767045419654,4.185125205850358,4.387345404111013,5.757331406585493,6.815565883431014,6.874650951005035,6.54430071488026,7.434794618241915,7.465196574284282,6.907659975461655,6.587558774854955,6.928514378149936,7.418431727640057,8.138155378275378,8.995188128060535,9.66009730778794,10.012248999358594,10.089261022843068,10.096791773578335,10.14339651785141,10.2208694151176,9.329783524358175,6.969409191722338,5.118987122172258,3.9266753315489513,3.172474651529394,2.844490523656071,3.6901790793498512,4.237850907143289,4.440534737528614,3.9196446725704064,4.919690316721995,5.935128632153317,6.6016299098252045,7.435752200835594,8.593985928588765,9.13867332124053,8.668247215254077,7.765397916000202,7.1058869506311595,6.6281618043905315,5.702549441487865,4.635521911218795,4.921266063582555,4.722511768918508,4.446764021931559,2.6393580233269285,2.527715766187085,2.8537024538125655,3.1718366934850284,3.250933213023,3.803963549637242,4.540787179090541,5.497110226354563,3.4925804879741116
2025-03-04,UGRD,10 m above ground,34.25,-98.5,6.529676756582896,7.397387284866296,7.561749685632312,6.986598830783459,6.357327444081809,6.740513729172539,7.218554918659721,8.206278101311613,9.02014908801702,9.52498776242274,9.79682219281542,10.180183668528969,10.149999653269209,10.235088325147274,10.271167630061775,9.38830314482136,7.091113241216094,5.182267528876487,4.113285450280535,3.3845023070104254,3.010014375766534,3.63392867157049,4.109362233223823,4.52092821966806,3.850333379647691,4.800251566217621,5.433655186118557,5.54467717975905,5.719526389744275,6.635229986278804,7.2116227613913475,6.810295141851755,5.703533087288463,5.260539313486902,4.776413012451326,4.1066093821850025,3.7967826714875734,4.4653799015116356,4.464311241246999,4.666516169206798,3.837494387538424,3.9114447643372183,4.073959258415826,4.125705814135399,3.865999625119451,4.876860921824759,5.255528613252887,5.470841734906361,2.806290400954216,2.653506503712711,2.790790116747035,3.255095895279411,3.7748657081308865,5.30542226253134,6.636960359897717,6.967398062407488,5.443436329831881
2025-03-05,UGRD,10 m above ground,34.25,-98.5,8.518001283687383,9.2107018525717,9.8074440133676,10.29272999000952,10.431759235409992,10.450206280636245,10.488648272028373,9.697698992494342,7.417284392919502,5.491689788911901,4.385264354033655,3.495658088635793,3.114150979346991,3.782244451713038,4.343627618978795,4.794218596860468,4.233502965434978,5.0761427672384425,5.6973979746262735,5.9491469530389125,6.143987249461525,6.792154804563088,7.368959519297597,6.933377646670657,5.556442898617532,5.121490276790822,4.793998611341998,4.14681897216288,3.931087514434931,4.57596784760335,4.6999608907268,4.839621646158523,3.6723720810193217,3.3310839297282104,3.521216450208864,3.7561931106002113,3.7258995131946935,4.73889360258549,4.829303595294286,4.623871693832278,2.55594314573071,2.904972003958715,3.578996316293513,3.833998396396381,3.675114656877088,4.477575969245709,5.665630436841907,6.5108077365766714,4.843660787973636,5.908547442901779,6.2191153736811895,5.797313490047934,5.420533340369825,6.63111543070873,8.0579062765594,8.088466651761767,7.475812477198373
2025-03-06,UGRD,10 m above ground,34.25,-98.5,7.0235822073913985,5.127860339836743,4.206461523846314,3.255725383367232,2.9313541833805923,3.6215420759679007,4.222278271568142,4.684370405686247,4.162169216120242,4.931884052734308,5.588714643372315,5.879254853919688,5.920952482435133,6.6531164462281405,7.327750871888055,6.92381708476911,5.4837766359124185,5.054590294112906,4.641036530712036,4.125330220794499,3.7553712882674537,4.218563575288516,4.148961728009492,4.055597418868023,3.376629539764477,3.2556048909499564,3.2890764065421276,3.3114648938781217,3.391615606456665,3.635653328299496,3.9253367684732368,4.446101948470862,2.7366509794101503,2.9864318302535526,3.3452574464234663,3.323905378192499,3.0236858831776843,3.547788189324032,4.9217519220425565,6.2197219917708,4.873649700209167,5.87101723499968,6.245132143894303,6.014823963692169,5.912264283350536,7.072366276215946,8.296397400910886,8.036041334969768,7.17335457887903,7.247056667846785,7.022748156984964,6.428287214858344,6.072103266190249,6.6275889047021215,6.213158937499791,6.095766585813351,5.172855101140195
2025-03-07,UGRD,10 m above ground,34.25,-98.5,3.977116464538787,4.700720624782433,5.307023878745182,5.4915063323825954,5.645625416443165,6.5521848465452734,7.050881481544285,6.63742545469992,5.5342748686913925,5.35209625083416,5.005150736218528,4.298763226461887,3.922796068557777,4.256651624676076,3.93104143135825,3.9250139369739263,3.317750032512743,3.068756562983232,3.237022289589353,3.3271665603491405,3.2978026061437458,3.4075654592083184,3.693810535379226,4.034528359129695,2.7944784397732025,3.045535910366139,3.2452302575471585,3.1562607958984534,2.931616655541971,3.563305107193569,5.117495080607245,5.998327565039289,4.618076876806439,5.542190826554915,5.592380350658588,5.196444199201295,4.963046187582517,6.1617338632638585,6.521861280510944,5.879248277393802,4.418051859424333,4.87014902847475,4.726481264018091,4.5766954899204215,4.462573536726719,5.354465068505183,5.305507042605612,4.6430134480472764,3.311811070458454,3.149059873805037,2.5969112854751852,2.2945014561731893,1.9943709315582872,2.783817974955001,3.958315486721717,5.060811558147009,4.341346441441624
2025-03-08,UGRD,10 m above ground,34.25,-98.5,6.020769910447396,5.413039231222548,5.059791576288557,4.32260422770938,3.7988165010084978,4.26855325247659,3.7188433976869537,3.746281941756333,2.8830421292250317,2.728918626788162,2.7036045864685985,2.701132662056245,2.6972892222348035,3.036032527098719,3.820182524437206,4.096577754084558,2.919197082272933,3.0632630008780346,3.225120094547146,3.1251737090519005,3.0044234694991605,3.773856477802302,5.294686153416821,6.248918654706301,4.969737553469926,5.564433414944621,5.43859187168697,5.058578823887466,4.959175688764441,6.104656972812498,5.808320136474151,5.131143357224683,3.5191268539928107,3.6112837179981256,3.4044294232043626,3.224097607929952,3.1574611994427952,4.15393779950087,4.54779080812485,4.717890684161521,3.3495733038327593,3.2146868419894035,2.9230998062832896,2.7187934916804712,2.453455592251821,3.5368440851340166,5.283758750014886,6.560919091238645,5.249683656375871,6.055106985519687,6.852829507436363,7.643213345320755,8.5897209811339,10.0808288035538,11.42635553839215,11.810112904485027,11.529813566336744
2025-03-09,UGRD,10 m above ground,34.25,-98.5,2.7763615466413487,2.521235311222339,2.505526755931221,2.560541162349452,2.4277633147889155,2.8636065462758378,3.444269270642554,3.839011519574052,2.5935527010640653,2.9140340218791945,3.11835717762001,3.1061471744875417,2.974597045761884,3.724909158466837,5.395161289205083,6.281086036537549,4.942815330254216,5.432440071080499,5.248474098923288,4.801101567704059,4.595864018985104,5.765514569535584,5.546035946282851,4.998893157494031,3.534376569919709,3.670021558983737,3.477760356516651,3.294413897359041,3.2991075494592863,4.379546740902076,4.935116523042474,4.894857023352903,3.491780482787805,3.3377929987890775,2.74299713040138,2.5712484943394234,2.170783326266318,2.912706442634634,4.254670588587517,5.441660271786457,4.467065418527994,5.316613947531456,6.070160999782054,6.725137107621742,7.601128451499081,9.558135932525111,11.18571120791953,11.8469909343073,11.340197182197642,10.677995291570856,9.513769810483344,8.517064450132615,7.43794084422726,7.997251803639976,8.282216621658664,8.362733479974516,6.991666785722291
2025-03-10,UGRD,10 m above ground,34.25,-98.5,2.5136256089349205,2.713167478797231,2.959346606348099,2.992958833192744,2.8746130819355664,3.5769550386015325,5.154238265699661,6.015172404099928,4.6463740154197275,5.185779649400288,5.023524182391533,4.421076438066116,4.071529891501399,5.2100513851738075,5.292236165165178,5.091670829563309,3.68291734781072,4.1670393606925415,4.008053318135898,3.544172775917332,3.3783724115554907,4.34281820613577,4.947987702140745,4.805593309536811,3.3433851759527045,3.141017615236194,2.8976070888163674,2.424795200284972,2.258862219285042,2.482532303280207,3.1005579869055016,3.9838418460833847,3.609121909731084,4.369668783968511,5.145410389480444,5.875162056153869,6.587390401402576,8.753496970925312,10.753253043382784,11.178143630884604,10.694780625945462,9.976356230381889,9.341266662315698,8.61793011717377,7.8056461646744575,7.838396844936037,7.919898942366089,7.242852216517586,4.9393669899795425,3.805051021535449,3.243733775910124,3.342572881711965,3.767165519102438,5.343209231291437,5.441507106116921,4.846223492430535,2.855879523224001
2025-03-11,UGRD,10 m above ground,34.25,-98.5,4.398794705329248,5.050181561003722,4.949748981162393,4.4323444696723175,4.165762504982466,5.32049924030444,5.380743589234711,5.120000900764196,3.631465085584557,4.066058363233816,3.773356277271896,3.130885680774257,3.014969213931047,3.999607885894673,4.530453870880568,4.598065055764587,3.356456923444048,3.2606126368159822,3.3994218093308075,2.895157550044869,2.6320690104833164,2.8376004785258093,2.884395581721888,3.6778137330813294,3.43473604844218,4.093527304340175,5.009294333374409,5.740674973643468,6.416377831004915,8.485021080770643,10.40070668536984,10.883348894176368,10.251300372768045,9.181468287645492,8.329293137898059,7.567779121040803,7.1824404151643515,7.777015148937691,7.901652276539107,7.372478729434278,5.344811624711949,4.610284720450517,4.678113431233263,5.0246040597708586,5.292321786085877,6.927898423359647,7.34463986202872,6.8886648372187995,3.859376415029412,3.3147430080740174,3.2691196156088274,3.484455985558806,4.025741987263436,6.267447967237867,8.471535577831322,8.620625243676251,7.730109209041659
2025-03-12,UGRD,10 m above ground,34.25,-98.5,3.700685363934949,4.188979726231927,3.903311330749309,3.0444738710330403,2.8041512009834477,3.641105219012881,4.095912315554183,4.090577982521756,3.0902203120353824,2.989042265219746,2.847655655839003,2.676083232494067,2.3386024090583524,2.5046885268546015,3.022296116448471,4.0533846393604245,3.671056463333009,4.397666904171722,5.272759622864736,6.044192266794168,6.927563311701109,9.099999874031322,10.677237660776877,10.927089370847078,9.888409688173724,8.80210426656134,8.248193215730382,7.597326453234475,6.692998174511546,7.041306797044367,7.299840147252453,6.8582801670648434,5.208650013509702,4.560932442600895,4.333181361028392,4.476702293210584,4.58531744951925,6.058145552317795,6.277903385547681,6.224055297238875,3.2844635135609854,2.887131009640998,3.251064185392064,3.8524756596507936,4.889475018568445,7.083783074191836,9.057958868365434,9.215155265710637,8.604814565622494,9.230443224069411,9.715082789726589,9.541465943719668,9.155364008121763,9.503082483256996,9.26722299531987,8.192005927920954,6.953608595811464
2025-03-13,UGRD,10 m above ground,34.25,-98.5,3.236837584885789,3.09825005110233,2.988887451130031,2.6887799389916607,2.5350482058909427,2.857174308651709,3.4811332971893263,4.559514286316548,3.8696318877749905,4.544983570533888,5.368866453516009,6.027917514162913,6.909434190618262,9.008512433318666,10.814991795608195,11.279577018396004,10.403447664604473,9.253087834831558,8.15689414304892,7.6703468178066,6.5625924268515465,6.6999648235521025,6.875494133679553,6.6379384008232645,5.737530945893443,5.185943691187438,4.671379098375814,4.558597013055894,4.178483677309667,5.171085148754898,5.4466435527949395,5.719551329039662,2.787238389292401,2.699587977320039,3.1914744642192843,3.895452956894811,4.058646727145068,5.145115028287087,5.4658124565483925,5.542080997333205,4.683205763116984,5.831154999129273,7.190109426396869,7.994159188894706,8.379666445325707,9.466650436975748,10.245868700382877,10.0762630851988,9.410610120177138,9.112218392929616,8.248097535997411,7.503835398733727,7.0170895880761215,7.281749898953072,6.676741252958528,6.323872242263967,4.843572408428669
2025-03-14,UGRD,10 m above ground,34.25,-98.5,3.922699259102539,4.6610207129348735,5.398224035992019,5.919780916601101,6.6177600546097555,8.63593329957322,10.606600512345391,11.376682521657616,10.770918545143005,9.79006301768865,8.897602587806016,8.294892633376577,7.2449857015355645,7.021883244265755,6.864833862615326,6.490416762618866,5.85050079541198,5.555812722296938,5.268775055592979,4.9078966141543905,4.357340383986551,4.793072420445819,5.009297726890052,5.375576051358104,2.9883438985737025,3.3601526504019184,3.9880356090715767,4.6301992847605655,5.083767601292585,6.557784540440149,7.708102079718301,7.536962371725123,6.139799981705211,6.184064476779858,6.5122957731798685,6.517526306415315,6.397693777627845,7.546577844693875,8.682314285486598,8.62045476851848,8.597614565539274,9.09165875374224,8.945655361221855,9.484763224252262,9.81100964948678,10.62361687649586,11.397502515868403,11.197481654413767,9.974363997602968,8.732585318859773,7.611947704715115,6.627258784193402,5.7635300432026,6.848607113905533,7.1755675696413155,7.293659348309953,5.007702788558725
2025-03-15,UGRD,10 m above ground,34.25,-98.5,10.229694920738249,9.226450192551985,8.32548320544266,7.6169485097299585,6.4061923296837575,6.518413839959775,6.402141043427669,6.0358465698705945,5.322472587628785,5.28682933491052,5.03785052567446,4.79224620203876,4.387203284829091,5.111675951392961,5.026476996640568,5.143285954923035,2.9157103670945697,3.0413711020519116,3.579534064307572,4.007875441061154,4.50270167590729,6.232111912968257,7.684176280161516,7.816638425382512,6.78821417824694,7.094565496501666,7.554952321925184,7.528351573034579,7.396972500842922,8.38303311254868,9.25673571455507,8.860519439589334,8.748594104950302,9.12090318050943,8.91306895052269,9.005221596414195,9.348537507822885,9.787183289173772,9.882208104181974,9.3116777570026,6.79360719660152,4.232906422603625,3.6527255553304334,3.420550074161197,3.340743160393546,4.734265271329644,5.318893671521029,5.360331165630159,3.5964743705860585,4.236294189502367,4.964067322345027,5.416172200037127,6.045085223450756,7.655020755239854,8.771298748560767,7.9227087457147345,6.8550956537704995
2025-03-16,UGRD,10 m above ground,34.25,-98.5,5.507261780574588,5.4486998890838745,5.56457458662377,5.4387342635252836,5.062877437163333,5.585823290833735,5.483397066666764,5.580954533729317,3.022817614569669,3.037507235172775,3.5402160763435973,3.934321723020256,4.393817785394615,6.170966931311954,7.594103804754086,7.600632557675256,6.147419327746366,6.332256921732776,6.688880762652433,6.7235572651141045,6.603632470420518,7.7575152563651315,8.816243803886842,8.535232049966659,8.335211116966882,9.35017134141978,9.555233793974647,10.098172339603632,10.57543988598983,11.197669004748317,11.90649976835623,11.295936706426923,9.944308937575103,8.264742245248282,6.836208614962949,5.5539019894539035,4.494716654844829,5.07157638247784,5.292657388147678,5.490999140233935,3.3206700385172003,4.011109444330208,5.424979017039025,6.265732263128999,6.798226826825541,8.145792817867164,8.817259054913563,7.591435149604406,6.201276601195753,4.874540377310458,4.26765894265603,3.7300811382898806,3.0186493283474825,3.4848283012635877,4.167647555593236,4.823747033650909,2.872851722581601
2025-03-17,UGRD,10 m above ground,34.25,-98.5,3.0177891175745497,2.993206381408471,3.383050959331218,3.752748119350874,4.310956522094655,6.039101485113578,7.580382472732714,7.633578928165882,5.901513923009695,6.114132441226314,6.383814746936004,6.34648632234509,6.262821488664839,7.497207576466677,8.651858762255523,8.447305521161763,8.237657498289032,8.997533972613866,9.467644601969454,9.78802237450196,10.374024954800854,11.061353264669728,12.030768600952744,11.947812855025266,10.99671093670525,9.855281724830338,8.668997036872256,7.658082966472222,6.228557517912353,6.070794839919497,5.339099074654549,5.131821772829787,3.1603412908350084,3.616379864778396,4.71065674821018,5.635146070033513,6.237490520699781,7.694764324461074,8.602005161780278,8.264816129194033,6.6061811289170755,5.056492380842384,4.619620387334296,4.033112809160176,3.3420200977784633,3.772076789275819,4.40284419641802,4.8196945244337925,3.2170159823767195,4.178076871904315,5.103029724741701,5.678547183645853,6.3816823564257215,7.1885150546854835,7.657732960080235,7.755598756712165,6.291814543971803
2025-03-18,UGRD,10 m above ground,34.25,-98.5,5.447132178616247,5.654149147272262,6.001245202657914,5.957033170257812,5.966734425301388,7.301468701218362,8.429448392767252,8.420566609297653,8.34300509138007,9.173960377232676,9.476944709633514,9.744260282266248,10.35769540928392,10.980265031741876,11.84076034480205,11.848164940589562,10.757865322000058,9.469088484218794,8.24870538551335,7.095644453743557,5.7974060492518715,5.795327545591838,5.318328376110918,5.334276036148435,3.3147578117150083,3.816431991805991,5.097621623169895,6.192188609377855,6.9306376869988,8.529261611452698,9.440925655408828,8.929601295193596,6.8328215683202576,5.363894872968803,4.8489170517221,4.149398824291477,3.29236784928069,3.4441472658374344,3.648086940617542,3.8414868602969183,2.93898925685555,4.006569427372177,4.889046686373331,5.3876984657367215,5.3033884709459755,6.501581276026909,7.227996711141664,7.519465884453311,6.5698769476953895,5.715172778282479,4.702468633279757,4.20559777746446,3.787414888969421,5.0526736826536025,5.5027255572449905,5.49730783442039,3.6528096585060865
2025-03-19,UGRD,10 m above ground,34.25,-98.5,7.91615644244,8.750864693418908,8.959965561613409,9.31591974096094,9.85869062162537,10.818956125335644,11.867686506573252,11.90497844451967,10.682970089846204,9.390644250568284,8.296720554652985,7.239528099725669,5.942126994226248,6.008393876381966,5.5099404848093005,5.408366058264964,3.155913029922989,3.5074778722954294,4.627878199037941,5.578337716285268,6.124432297944218,7.642675911383014,8.494768265349787,8.133889109358025,5.7227745506708985,4.457928712282768,3.9658542638853143,3.409547162127029,2.9942611357414943,3.9137928095753542,4.61388810507309,4.917185734807688,4.120772651227566,5.120696072446233,5.800130538094616,5.567486208019547,5.589912836104865,6.867321301942348,7.286084765163766,7.382420996750746,5.740159895800025,4.374118100890982,3.754437011139418,3.489973251688162,3.338515812599212,4.272138517226489,4.78037105264598,5.203939054891665,3.687542274582357,3.2183467530854326,2.684057894246333,2.444947662188838,2.3139450885821993,3.134568503487197,3.480810873837296,3.508144682853219,2.3655978280946206
2025-03-20,UGRD,10 m above ground,34.25,-98.5,10.250867597652071,8.987592677142953,8.155849222921779,7.161432907812081,5.882917483228414,6.055260987167074,5.669873096213209,5.42764694480578,3.2636144682940937,3.536386946072846,4.586990067621686,5.503829725898559,6.097345346000047,7.578842833080954,8.55900060198526,7.910523974218691,5.380894992160286,3.99082473082218,3.43320509319327,2.8889573181386625,2.586444012045856,3.374793151636551,4.595240082134598,5.405331903939075,4.633809825469948,5.47280697197991,6.1737857481005864,6.257165561264171,6.621432926362455,7.623671808787566,8.384497641911207,8.283694521834388,6.314416652758948,5.224312141425775,4.770096527150702,4.304459075223084,3.671692844068617,4.442722810784025,4.805957853606753,4.900230881924187,2.85406393088261,2.5364704917086724,2.5603994832425987,2.5867459019454255,2.3857987033153325,3.0536258103937817,3.1405321965068156,2.954950206051459,2.108044945362636,2.784987181646956,3.1884856664715286,3.230525179902073,3.2838715836941863,4.638729407230755,5.215580397727296,5.039677805733506,3.359881487699796
2025-03-21,UGRD,10 m above ground,34.25,-98.5,3.217713748903013,3.4915061464189927,4.287104810916755,5.100070401859178,5.671473712679563,7.272177455325907,8.434146970865108,7.912518612174015,5.469464417525346,4.06144915281681,3.4587908303009582,2.824750187311846,2.5106900963605123,3.508865497537823,4.739490235422122,5.540110593257701,4.743882977443478,5.645461530114482,6.516379254572756,6.771280879383211,6.74133764798335,7.354170266826969,7.370638177892093,7.246923066857425,5.2209039227920755,4.122740992325122,3.8389213215712337,3.694755287069763,3.3619086932252236,3.979890759623717,4.4668053039308875,4.536813848283331,2.6557196991071264,2.406310023485602,2.536171202646333,2.665208806755497,2.7489202083766777,3.8773683819042217,4.4373565468779965,4.9324556105224255,3.3795133535897275,2.8796814807075832,2.6126651738988356,2.5713396411558698,2.3354957641317595,3.1065307087558396,4.00925459827007,4.261517285214311,3.3364595749666313,3.707994510534672,3.567530183268949,3.094508183522281,2.8540199979983125,3.8030987755350223,3.7672085439170697,4.0366006528117815,3.658159111901648
2025-03-22,UGRD,10 m above ground,34.25,-98.5,5.466552933618809,4.267310564602212,3.6309566840618865,2.881949950740899,2.465505762899916,3.4629552198078835,4.5547630673194135,5.176828725353142,4.323565335112305,5.36268519025389,6.197238882093247,6.591376830866233,7.111386286878115,7.95641789924237,7.652922595753138,6.742439566817954,4.30721563889726,3.458927929125519,3.3336052726718917,3.2756602863154334,2.9637421328498768,3.598829581950716,4.138484160454853,4.286353484299138,2.2162824785708692,2.1395453022343025,2.4102633636381183,2.7549746769531867,3.140624126962419,4.516538697561389,5.267791055211965,5.6216127441467725,4.270405428481377,3.5035111123494773,2.9196543635138266,2.762019310837614,2.6630625281771674,3.406244092142267,3.972723316821123,4.074758911019531,2.791374197025463,2.9696536678456043,3.3812080457373437,3.732853260793035,4.0499718355842536,5.674127993786282,6.088461584231366,5.43556736849501,4.430342198990197,4.466873582144592,4.129820603424866,3.7326485928878608,3.5437807372171344,4.287518492878948,4.898446106736317,4.9491843806240885,4.470729003471106
2025-03-23,UGRD,10 m above ground,34.25,-98.5,4.41246226075878,5.369381791162781,6.136867392663304,6.163181762397487,6.5629936951177505,7.927521717459811,8.36652331797741,7.488828596416649,4.868967650273353,3.507687556362596,3.2176261636544985,3.060594866125202,2.7869849266160505,3.5521547595622813,4.18721219396616,4.440385625999923,2.6733348440306743,2.3607854479040737,2.340590588023244,2.5583408952323623,2.717748031420218,3.811531960948618,4.262960983906098,4.503048638702843,2.566031285518069,2.1575136027219526,2.233190646452176,2.143612319532396,2.104115134070814,2.714795499019198,3.437996725375012,3.7284900534512504,3.1706111191457955,3.413474281653035,3.480716856805146,3.514967546115341,3.7532417229950816,5.048210699303809,5.895146382699069,6.0386111939927485,5.721800161078949,6.163726784124037,6.486792554160781,5.879646504033913,5.2314485189014635,6.100434483864913,6.397902543055283,5.984799638675915,5.22532859223212,5.054225281674747,4.643528442320964,3.889376967198851,3.79800391671921,4.825980955788183,5.590320346822876,5.659539021288601,5.274329675977395
2025-03-24,UGRD,10 m above ground,34.25,-98.5,5.166638444229344,3.6282636175573577,3.350981382248583,3.1042944253803686,2.732905397958008,3.631327485874477,4.667799837913897,5.015698925440527,2.9813070022646704,2.854182138204137,2.8468402903466927,2.9515559211299265,2.903518530769314,3.925385514206438,4.213649145713292,4.439541627509288,2.679809788691215,2.223176860577583,2.3343350414064687,2.1486411051679344,1.9753889911401676,2.5990362690803117,3.371890378092436,3.832198722505216,2.9006151523713077,3.1810203455611825,3.381705279743211,3.459900251867695,3.667029346721119,5.1119832948217905,5.967853353455618,6.120519457189529,5.706187119575078,5.89967567808479,5.638835079233971,4.844583868952176,4.599059826519845,5.5612648200680965,5.919573473895129,5.584419345718365,4.881876277058025,5.064192186092626,5.252344715778339,5.101907764285054,4.958405064906732,5.675385222819568,6.216609697854487,6.198904177715175,5.52418088196765,5.784311960596128,5.947476342192777,6.146955127156102,6.299421407296089,7.0812988055384825,7.839377166527147,8.19709587418943,8.013184019959484
2025-03-25,UGRD,10 m above ground,34.25,-98.5,2.94129391113366,3.0948446331525346,3.008466895150433,3.0023334460281825,2.8654742206046824,3.665169446114948,4.138453638940509,4.658771172568498,2.8467366927361413,2.4814336501130194,2.3342532864358008,2.2573835506708497,2.084957863767007,2.7063274687753265,3.395908919314455,3.811057292458967,2.941226833246242,3.3917225508359454,3.775807195837623,3.863370559057116,3.843538677409817,5.133721000421001,5.758484149359879,5.928851901322345,5.2551475024544025,5.702181174656749,5.524371746871427,5.082726063923227,4.865399525732888,6.294438753349345,7.017318909865064,6.626856093149529,5.976727136074572,5.722035294897397,5.275568293246194,4.584160966692909,4.398272701309877,5.02167383814743,5.390257936344117,5.126960740004893,3.859845530717235,4.24976884921992,5.089986399037406,5.553748659489721,6.14807762277179,7.234146707771746,8.734030148127378,9.446179494975617,9.044416225276487,7.840288640341051,7.346474950811809,6.318391041970255,5.174437008112514,5.4843918572280685,4.540034109724283,3.8454647397031634,2.770152898729032
2025-03-26,UGRD,10 m above ground,34.25,-98.5,2.8993603768485525,2.517834836332204,2.413745622126006,2.304456095908005,2.408135596188502,3.241684132055428,4.034185342983074,4.202363555050767,3.186801566528886,3.4339580968428973,3.789160187124449,3.87813819412564,3.716137304876092,5.064318110562599,5.6288290215415895,5.840478910445773,5.09259693346774,5.730729574261245,5.762943536905335,5.432534548352704,5.081575360815996,6.699106106639885,7.83341973263166,7.5190968280330175,6.40530742197987,6.019104185448363,5.356883965229041,4.452688209556229,4.402544829236283,5.373874188081267,5.79277944411944,5.549954891198816,4.464428573256905,5.040949101174983,5.403358600214469,5.486332059603455,5.994413706809963,6.9941849501552165,7.812872035877253,8.133556356400824,7.684362135374475,7.308868566373153,6.85724581204843,6.304061415144536,5.973576728639875,6.526384061808017,5.978813244607076,5.50471654289384,4.502132984834987,3.837312295929839,3.3010053069251075,2.920188294379937,2.8250898327918588,3.863390121370619,4.29892768107786,4.866539209774025,4.838419632297445
2025-03-27,UGRD,10 m above ground,34.25,-98.5,3.0487336026491194,3.3182696895198887,3.6222890114574695,3.6921729976581714,3.7208041488390777,5.270599866539135,6.024352290749652,6.200068229874737,5.095668701178528,5.877214248956625,6.2588698791998585,5.997085226191242,5.877306058924706,7.432151750371798,8.602155161487257,8.072974963612497,7.1687763786017005,6.441490594415165,5.729965164067523,4.847651887525929,4.6023401924685325,5.324522133193358,5.849213601407327,5.7388637756200955,5.292859183786378,5.673590868737065,5.664165168156806,5.745978018866593,5.978657439389642,6.665320491535035,6.839727879470333,6.945180772370031,6.25797224255182,5.913879374503587,5.410514068994714,5.0631113102876775,4.799535823858433,5.381774251262403,4.70826696557473,4.280982060460842,3.4591766318621406,3.3912909129227913,3.569225733320687,3.743521369724311,4.198728635256496,6.18982169943874,7.22538784235324,6.946171497256686,5.462126159313984,5.4961468474275295,5.0483154217853805,4.4398644481522265,4.247820051627064,4.988118318730243,5.1151565941261286,4.696663507598885,2.884054680246206
2025-03-28,UGRD,10 m above ground,34.25,-98.5,4.858570986314577,5.655715312152334,5.766707527739733,5.366323313749293,5.374255677986984,7.242315191929935,8.598492845258573,8.369567081895354,7.26801589648919,6.736885694525249,6.271461926895638,5.467277915763376,4.9919540149299015,5.9247356043467985,6.493807666408761,6.404235645586349,5.829264005796709,6.27986095454172,6.50514714196934,6.653203558627332,6.349543215187298,7.352771547710589,7.757641091096609,7.588085172878928,6.5395361180966916,6.268888149482831,6.284027350222987,6.052042743519903,5.618015092682365,5.999646632858742,5.002206654650063,3.9824646851211414,2.75308127536639,2.9349935378528613,3.4692076041747777,4.098934506999857,4.830363294341163,6.875785091152636,7.971197259702322,8.097530500690347,7.756309087823072,7.840955169823281,6.933054113485669,6.406131595606644,6.603711243731757,8.13114217217585,9.35470369412067,8.575696153635093,5.65655231543659,3.9202123311192025,3.3623219473184545,2.9179790146796223,3.2983225513915397,5.437810779286883,7.266039889295456,7.620039358894326,6.691072016252491
2025-03-29,UGRD,10 m above ground,34.25,-98.5,6.935349720493242,6.866985974659162,6.333576167531492,5.301127198827652,5.211325799784541,6.327973811201382,6.821672504824056,6.589205490230874,5.9482648450860856,6.481416484830046,6.204666330009411,5.96331487734998,5.708662073926384,6.534114436226744,7.102350953065673,6.923895664228501,6.109395089106187,5.629214134776845,5.54028407236059,5.329782929118663,5.144176038242085,5.893577508522675,5.226059332946646,4.6009750000817835,3.3257871455177885,3.0086160697106017,3.3288777910889555,3.634561914711631,4.003578676592713,6.066539096407192,7.034905409376629,7.03985077842036,6.252899214071393,6.913219077421613,7.354703369294647,7.482266254138021,7.201475672141773,7.6717988056907584,8.273238878981804,8.581338639645775,6.629014870721239,4.9959938053076,4.067292054261788,3.429371786028701,3.2393097046385155,3.7953883213164223,4.016709414887621,3.994318368583117,3.710699990784455,3.936785671544878,3.796485208396663,3.547299103191383,3.5937509985865974,4.416695163602034,4.633747980033062,4.678833267605187,4.56913118701137
2025-03-30,UGRD,10 m above ground,34.25,-98.5,5.837489499501672,6.01600159920127,6.006993768799411,5.759432692593746,5.211834627441553,6.152357888955879,6.597214536823152,6.514178087230512,5.531706369887809,5.094276987308946,5.231548885840436,4.917285266605479,4.489953479001905,5.167637552900006,4.437102070289965,3.8098296194427377,2.789290827341476,3.122928826281722,3.779474393561163,4.376746989317949,5.0381307895080365,7.14787125516958,8.184055009654353,8.28951063824991,8.076720599547178,8.660625387689581,8.641219998766264,8.211098649538242,7.938602936760578,8.299207195398797,8.87134005260204,8.338112300684555,6.572988982838199,5.354505490517762,4.4295770157072845,3.643373284492686,3.466559114058008,4.593521795868716,4.625376759074678,4.2339548648004754,3.5367081490302623,3.4081074903569677,3.3041210782175297,3.2806413697742376,3.445250135409358,4.2664851458180735,4.415835393832937,4.29067317136901,4.49518233110882,4.864766427714862,4.780844140539121,4.746189663876245,4.839126958860106,5.224611850890245,5.205237964608859,5.4876903566440856,5.01724960542821
2025-03-31,UGRD,10 m above ground,34.25,-98.5,5.641740564007483,4.928951756790705,5.138990073473884,4.660780284608332,4.223131484844826,4.961378672413062,4.237441924639576,3.615901940099427,2.6321475460872907,3.0077001470847247,3.6899099880720785,4.28555397137108,5.014993028851166,7.164858000634549,8.428955565488451,8.48521922661326,8.495008386458657,8.886957418388757,8.604588966889914,7.913337948297078,7.531185857110542,8.34755431824642,8.682589635335873,7.943003912862297,5.9209234834651925,4.432003980287345,3.8278683251061505,3.0464370892500243,3.2579058106352528,4.681057218407315,5.0877481765723,4.391922909737453,3.575532403010929,3.6314074102986313,3.4197833037515903,3.440319675520962,3.4035850943645944,4.0589407715285395,3.9399101438550144,3.9912400177237615,4.224849977375321,4.658946536447453,4.8414985811684375,5.1546457686162634,5.80229858370389,6.48875297674198,6.958825661355258,7.413602000221619,6.906570911301771,6.038067110761666,5.150138179537043,5.018070663138034,4.764031364889097,5.587648077369482,6.005636121242722,6.7647154733314245,5.69935410875363
2025-04-01,UGRD,10 m above ground,34.25,-98.5,2.5904952962619907,2.835222322304288,3.435493158547171,4.163564360794018,5.026739449454368,7.16651313541257,8.339718650685345,8.129203359559314,7.991238236351576,8.53266394982836,8.556731881195919,8.370790955510325,7.992023566306626,9.014564766363144,9.532227505826858,8.743229494088748,6.3696730532135355,4.571009605226367,3.72318721764497,3.0644637135249777,3.0965882265016735,4.238791890216135,4.769486275287034,4.639030629909635,4.090070922236224,3.69029184469358,3.2635397146476333,3.3232620859792545,3.5511161741242923,4.442656844254774,4.582511210004299,4.57652645683638,4.85939274553035,5.384825692964493,5.3555815600685195,5.972597156834311,6.524715048069548,7.129722623919429,7.773040170263247,8.376455687352111,7.824447488183765,6.998480315859643,6.53442577248144,6.202992685472205,5.834158046508213,6.2635239139810945,5.990443784518825,5.607901041503645,4.023685749937902,2.9817622305540388,2.448213386908314,2.1961459519664244,2.132397070790396,2.683755133034109,3.0680084819855997,3.024754136134238,2.2134873667167585
2025-04-02,UGRD,10 m above ground,34.25,-98.5,7.7083574356979,8.07243122929137,8.487279138067837,8.587692537246726,8.258546008086164,8.892126691742318,9.929339476323308,9.06004920354669,6.86680674688181,4.974467442561476,3.577456034966795,2.8491188805276897,2.972887475755918,3.865421839309319,4.287395912230971,4.925320364353458,4.537424543208481,4.011768921343835,3.3664777855176933,3.119163802711107,3.375201214607871,4.302117165770145,4.618658117106616,4.563442192385688,5.142273359467308,5.663861237946347,5.706762577953854,6.248829057044517,6.555854227369317,7.114290858344157,7.713794024095009,8.045914779361487,7.669235390599526,6.5750842560253115,6.216191405167569,5.533183229313638,4.951656613278924,5.385002147473022,4.863924426100306,4.098849796029615,2.2472644666384953,2.4974001239506065,2.931306223203528,3.0918386329816685,3.148952539377473,4.600473220289352,4.929364366314585,5.028982716928956,3.720062779874571,3.4623739590583775,3.365775302435881,3.1682304898691713,3.2146087592262935,4.350817946894126,4.256499103145509,3.750160570804792,3.304093127178888
2025-04-03,UGRD,10 m above ground,34.25,-98.5,6.0667613987319715,4.777508872390028,3.760738782998885,3.0364860338849247,3.216450549133052,4.3407525069162745,4.742251986345208,4.868211505406786,4.265308948800131,3.829117007015401,3.623404223333945,3.6331558242040543,3.82388644055674,4.477578370731495,4.512435467003485,4.541161262049968,4.819447707832288,5.161172405392419,5.112724684445254,5.661490930495745,6.366366298913798,6.99718788410982,7.68657303475492,7.87714989820172,7.194504795855585,6.408343158716001,6.278871484471603,5.8072697599952345,5.214032924563487,5.521923927211934,5.0337536989630625,4.256968833065317,2.770059031314102,2.5597353383051047,2.863819807317638,3.020585995400172,3.235147933743818,4.8788880617555614,5.525252969213412,5.775438850349594,4.635434047618729,4.01547777358113,3.74190679012567,3.406512449298131,3.3077701005157083,4.416974107065577,3.811785452980328,3.530270473429299,2.874575431554576,3.327343805703211,3.4416108728032535,3.270359254142637,3.193383986470363,3.5253290590917263,3.0982937479275,2.712484258451303,2.72901091913174
2025-04-04,UGRD,10 m above ground,34.25,-98.5,3.859938366341745,3.5695362542019393,3.515451680874862,3.576964919215035,3.8154152130510783,4.692226460924866,4.585132212508729,4.840840131448346,5.404517480087431,5.839528131957252,6.010282498365509,6.328437515338805,6.441753815891106,7.118968084079249,7.662767249658443,7.831289509551136,6.845582205544346,5.62188083375854,5.356274696769648,4.886062054755104,4.3923450665388,4.57306459754012,4.439582054221696,4.1958137008040275,2.9089210861608636,2.568401216840326,2.835859680812684,3.0200979123566705,3.0855967130747306,4.282850985304017,4.267791027954271,3.958500532704942,2.791434032148059,3.0105514123833492,3.1396579638107003,3.1962924715145236,3.3046016241390572,4.776312869119313,5.753148788589268,6.155341835429171,5.444201465362934,5.601442176614959,5.3309420800303755,4.940558731632817,4.618735255325564,5.50076822890289,5.549817204486582,5.303785304895103,3.670330357987563,3.1622351545658365,2.8782373881816055,2.6343427715827192,2.684267800686027,3.73357237388488,4.479378345981402,4.466291663200696,2.5660191799769105
2025-04-05,UGRD,10 m above ground,34.25,-98.5,5.183017917562554,5.664367968732848,5.839950016019424,6.306624786037337,6.3349829976672885,7.1015873748423735,7.718375204106317,7.870343350899839,6.948292618876448,5.718530671272903,5.4542252231851895,5.3171061064998835,4.819655524686953,4.845283253439508,4.6817817128971,4.590682799937626,3.314290012855724,2.6574255898982666,2.7271976497960075,2.957801792358749,3.015898771800117,3.918827863748637,3.902443094337435,3.714110390493456,2.628801581948461,2.9542533882361774,3.067546793917271,2.9209871270486185,2.954099618675995,4.231208925048089,5.008285489422853,5.539970006348267,4.743914590588886,5.372063842293017,5.558670965263479,5.429766014973465,5.392245023364891,6.680364332683006,6.748699278686969,6.056851635814272,4.472233373923076,3.645181241109591,3.237977974795365,3.151123837311782,3.1334245538912695,4.684860159110441,5.711099442261848,6.271195075008215,4.659815418046,3.663971083687329,3.4896763108934823,3.687929531271872,3.7583969921443647,4.994719239981594,4.243308630201723,3.497970088861062,2.543650563369307
2025-04-06,UGRD,10 m above ground,34.25,-98.5,6.416877782723599,5.322399211948225,5.370404576990534,4.931497827078972,4.356878275257658,4.505934952319675,4.111109286560817,4.008920229122726,2.8961899493049126,2.268171374932651,2.501559246081545,2.99855188360762,3.2257755287407957,4.44448405526707,4.528223027467627,4.36206783509853,3.085170242691494,2.991662756842108,2.845428330725521,2.5460232351842564,2.5092871646630157,3.5809712925656316,4.257083155627889,4.6133056231196266,4.233450232779692,5.079100467694603,5.416416850091242,5.543195457276049,5.552328822636108,6.848158729923409,7.2149745935744605,6.632966755667761,4.741439713989081,3.727536108584786,3.489219138909517,3.5819264516194886,4.026214634588056,5.901783119116956,6.38442125604926,6.680697825715915,5.077156520380786,3.9150580073333914,3.4773033102039217,3.3620238167414307,3.270517268245998,4.395406396343072,4.535104047899065,4.088207564901403,2.4763923709194104,2.3449832198922804,2.3615419202357426,2.401022621771779,2.47158118467536,3.8197600496068023,4.704808268037352,5.178886300643185,4.481940356062889
2025-04-07,UGRD,10 m above ground,34.25,-98.5,2.926856205922305,2.289893557030605,2.485040384581201,3.021099063047059,3.408192868831728,4.811003368595078,5.055018541041365,4.822386123439222,3.286606843063708,3.0668302974008315,2.875623371407632,2.5264801188018735,2.4711836406354903,3.526642443962774,4.093798505654446,4.551371981144614,4.048454859100007,4.884397141341147,5.261735644987099,5.356714697416505,5.40181164298828,6.672756841982557,6.976200490000952,6.759114934600227,5.231718018993898,4.053831830263414,3.756595366082712,3.923867851449028,4.107117896443718,5.928615479239565,6.845001011050739,7.056451103332561,5.4720088060843874,4.081466949625438,3.503556792213431,3.2958653718682953,3.0082863241386812,4.1366394408444815,4.5216196328115625,4.488371223832585,2.879230294473409,2.3363710507397055,2.4797686038956543,2.3679198342553818,2.34679104462824,3.4492568936399284,3.950551998761765,3.923965056387401,3.343932649146194,3.7607548361201295,4.066815010690641,4.198637344666613,4.425007504706244,6.179471424560408,6.838277044419314,7.072934989595757,6.171160608988268
2025-04-08,UGRD,10 m above ground,34.25,-98.5,3.9031655962326504,3.370442019347747,3.0518238297453495,2.6878655559736555,2.5674526801271975,3.458599587932727,3.779840083159585,4.293653259226515,3.849537983265284,4.66196733287739,5.250634227917166,5.397542770013521,5.313343060089256,6.4773045225188035,6.398675076478598,5.621128729794596,3.4593773200751112,3.0115551066560213,2.872096921670407,3.093264422875063,3.539606371065017,5.674949526362516,7.028635573846074,7.50423917718545,5.888048065162998,4.3515218743167985,3.9890902711865817,3.83054045826598,3.6992771687349713,4.689065566927484,4.361230869662686,3.8758782276527217,2.95368298553448,2.9009282347033434,2.917654836167493,2.76097536850805,2.8143030703751952,4.226362871009104,4.8084547941242395,5.128445681351414,4.665234017299548,5.217423361500315,5.770697999961866,6.027622398140019,6.379750205777185,8.045729313463102,8.668764921348941,8.037494783897158,7.303145512514076,7.332015206993708,7.1985171525428715,6.914199276900261,7.0553924129148555,8.266380753369784,8.692433891933328,8.15744574641353,6.69937089147993
2025-04-09,UGRD,10 m above ground,34.25,-98.5,3.643738438296553,4.387448045119081,4.914126465859958,5.055359047763622,5.040145551640764,6.2683089576495625,6.293046222525632,5.64822680782005,3.5382922520634055,3.2426034073873184,2.916515431358025,2.8001993716175773,3.1387827909015096,4.9544296120281155,6.21765411542297,6.933672833581124,5.402920948663564,3.831966425797307,3.459979095907195,3.477925377740927,3.414730307417543,4.33686611842167,4.2018707256646435,3.683097319702644,2.7813162718165607,2.9861832781855995,3.0036056164946343,2.9203636641242214,3.051748940781035,4.531191446363141,5.113922512365401,5.590972664416438,5.156871005509287,5.7520422773634055,6.306878423096706,6.529837216537635,6.7155958068805175,8.113367516845575,8.57753071161141,7.7658216895864225,6.759416542064414,6.58996135689699,6.409165160481525,6.273358998566629,6.175424368427057,7.534928428097778,8.335422719064544,8.198035741574989,6.5741603975838885,5.094949880940389,4.607072644834204,4.312434197091522,4.2622962661220845,5.986989880932498,6.190555916617923,5.90964723284006,3.315605902915789
2025-04-10,UGRD,10 m above ground,34.25,-98.5,3.677202646556223,3.08215651605092,2.713451953448854,3.021009515370837,3.1988024187614235,4.58775543528834,5.810439812946306,6.881198568908456,5.268365180767546,3.64433137712826,3.261809496489045,3.244788338310738,3.297263644534545,4.331037055427003,4.112656776634509,3.645332398088608,2.842723456211887,2.9867838767162587,3.0889809870972265,3.0276991288802764,3.1451423200224875,4.760212236600037,5.5216658154428355,6.0201261553569845,5.532862190287518,6.033931547104279,6.5536295966947415,6.676456350466772,6.7822364871689285,8.149785445472011,8.360868993833337,7.510528853496818,6.429036403512373,6.591103145811287,7.297832665099755,7.249075910854156,6.716720207888645,7.925955690017305,8.854278040543392,8.424949587700926,6.699401866425885,5.095598871019314,4.519764440385534,3.9967185606005056,3.9532312184371263,5.572514032516415,6.020865397865997,5.651324694392625,3.7594688380176207,3.41619393842175,3.2301881778559816,2.9650420867578777,2.9316357400014024,4.141939971536507,4.221341868615182,3.98705305827464,3.8747833134006537
2025-04-11,UGRD,10 m above ground,34.25,-98.5,5.049584282864888,3.477004269979745,3.1917347405637155,3.1965585070913622,3.181830068187309,4.246526260112096,4.151070825865158,3.674359152644542,2.7344189671585557,2.9400032926735835,3.0769914418729867,3.1574059768350784,3.3782217619276707,5.04400876513399,5.858737776132999,6.2484783466360945,5.697321604896602,6.193608136594364,6.646472028841943,6.6903998559964375,6.621231892943644,7.982013150632801,8.266399835573207,7.300621450488765,6.038074042513089,5.9713266399283595,6.144376453249558,5.976781683151939,6.2298276519304725,7.335383321489259,7.520320924115456,6.925715304897958,4.924666110728999,3.477638842396687,3.237470615127803,3.574102557197618,3.786008266746667,5.391358849076624,5.385244725798016,5.04243147049486,2.904896263751374,2.504176582814235,2.567491424449992,2.725896084621668,3.1113456105002397,4.917997361885862,6.018523626922894,5.974461066619879,5.6211616306084045,5.701375683103038,5.563917566123908,5.426419838392292,5.559161135360554,6.859153060322592,6.838395664258719,6.628610171128408,4.381212821439659
2025-04-12,UGRD,10 m above ground,34.25,-98.5,2.683081644660094,2.809734727205151,2.9036820887634116,2.9922863397286905,3.1724680616067915,4.791874523729215,5.56793734262286,6.094414924474589,5.510974228581016,5.924734718320209,6.316241128763626,6.361695523404209,6.382706362066623,7.729640952017851,8.08598155598825,7.364331980774328,6.057590185682439,5.860212331759797,6.224659391876553,6.207581156771396,6.189054372528878,7.29684088280931,7.383254601121097,6.995358790006124,4.987687802023287,4.136043855028326,4.172071620095965,4.021705685852112,3.636930510858656,4.897798582125586,5.06248609616863,4.868990824615125,2.926746868459536,2.7755465215891824,3.0844509932021205,3.3559620654514637,3.8589253957998975,5.429358769244191,6.252770069570395,5.980050456906381,5.2995966052902235,5.445478606288635,5.400616814312974,4.92215498038799,4.837344656773385,6.158434272300424,6.652568471220672,6.864621300629951,6.485511292419169,6.6457348049075184,6.6031356252446844,6.486244088116266,6.405393760505888,7.559254866475181,8.158661659887695,7.6615809128255075,6.616196891648146
2025-04-13,UGRD,10 m above ground,34.25,-98.5,5.520731030937979,5.891889277602743,6.3027325833038175,6.375255585612225,6.367289758000762,7.752266455506303,8.11594402433392,7.292745505744737,6.010474352076263,5.780654301436839,6.061241003172183,5.987970495024673,5.712832336189782,6.726198936687123,6.93287776211223,6.951475659206247,5.31141141756425,4.479266181054488,4.511331712883857,4.2563671752441525,3.807142723424691,5.11414239589313,5.158436216293697,5.0903799097069635,3.058744414461612,2.862643340120905,3.129697758794749,3.287961165585597,3.502130192425053,4.728760975821221,5.367207233130475,5.209572307619856,4.994397040998292,5.259288246557493,5.348083836943421,5.257179012118922,5.451806738786305,6.969359820885771,7.73524551833954,7.655320584768765,7.155921212886907,7.290508989446051,7.106794387831307,6.573378571050812,6.170313850975154,7.292163125953315,7.1413080600408225,6.203638579967694,4.990685031301208,4.293931621963134,4.010499549928252,4.227967632201067,3.7566332779877705,4.375570158001129,4.04494935474483,3.989116227933892,3.6733216396497057
2025-04-14,UGRD,10 m above ground,34.25,-98.5,5.870239413840342,5.599813205052154,6.1639634971419515,6.182857447966285,5.706682019219843,6.833326065387782,6.987717731285565,7.0579941655602525,5.444387271052004,4.526968396729664,4.788034795134782,4.820759405346291,4.368153985166636,5.593771087190401,5.059142003644665,4.916890354800304,3.0243556498948196,2.7330004537346437,3.04459752781906,3.2405610247153875,3.468221491405829,4.902061469786455,5.655209876957173,5.664055024171921,4.923619379877465,5.308221382926707,5.594216983941185,5.636443099310636,5.755194757057594,7.340373881079155,8.024717714044222,8.07108812504375,7.740383447401688,8.089803095209314,7.995108466461935,7.347076803276664,6.9228882925568955,7.838897158742427,8.066978669747552,7.377146248117299,6.5905169256049145,5.721849200388563,5.463082242079263,4.968781969784139,4.3015100325933115,4.88333446299268,4.9036614160344545,4.86140770699859,4.538229950736602,4.51992830779888,4.8434715451502095,5.794793766682645,6.966756387043832,8.331784028662078,9.191213634586864,8.958419318785396,7.967097278834194
2025-04-15,UGRD,10 m above ground,34.25,-98.5,5.765601135614125,5.235075771970775,5.646819423555219,5.717674438221065,5.08325968518867,6.198476120238743,5.41006823970361,5.098243712473242,2.9312298161076087,2.6369390634450127,2.9349637349436604,3.1151846995388097,3.2199844857670956,4.775986611094731,5.586766363105738,5.742750140751745,4.724004941095927,5.376424874151829,5.861693929579909,5.874892461921838,6.083692343040586,7.441996239275626,8.118862228659435,8.055636975381098,7.47324060630689,8.21121704080575,8.422674530990049,7.783877277576529,7.224690600312986,7.85251428665862,7.55395810012508,6.219825959321007,5.4467181323129275,5.081968278069783,4.778853246660929,4.365136349605537,4.108998454551771,5.199907996229242,5.390961787117848,5.147556806881772,4.23856280211594,3.399070873070265,3.460075224578066,3.8963400759760622,4.5105282836031675,5.905963172045697,6.975282698078217,7.810126896653964,8.384597323495635,8.479809661566085,8.410707785119587,7.999853823373084,7.44461966013796,7.701068773539809,7.57001511337614,7.186794854386237,5.681191370693815
2025-04-16,UGRD,10 m above ground,34.25,-98.5,2.890282683470811,2.7137956074679837,2.9840598734195796,3.105695637275285,3.2183102293895676,4.7912178190730135,5.739942941120802,6.013056972567275,4.9446232942612625,5.578353057596306,6.075469168547387,6.131670445066724,6.225270577676426,7.292028129169099,7.599379020132632,7.488229155513778,7.212116334070114,8.015651163773919,8.257668189096933,7.514171916168065,7.082329362715165,7.980490615177985,7.780342442914284,6.803569479332609,5.975912523547258,5.6680983248049674,5.203509459263874,4.757815664300375,4.686627095718776,5.704382942425271,5.922533315381371,5.326073223583972,4.229412444231127,3.370680549521972,3.2829243700301345,3.400031510027838,3.459673434780067,4.450242717825128,4.71259268106138,4.500946005029441,3.4717017433516073,3.522710139799133,3.2380660855896988,2.872003622110337,2.624446074162737,3.7813558741969207,4.364987336830938,4.701407800854863,4.200784777712743,4.4293978982100155,4.436706973362259,4.3273902050522715,4.168671397489092,6.035743775786495,6.51443883929008,6.240813973269254,5.229903455660523
2025-04-17,UGRD,10 m above ground,34.25,-98.5,5.063795575540503,5.408696589416318,5.807848870824446,5.695412700558,5.861255238172802,7.444549463006624,8.006267976630335,7.984439595472825,7.868555203014296,8.648069959833535,8.41700624766106,7.424747159767547,6.848312729734002,7.637533099575357,7.593871174857169,6.971704841881701,6.387574812618153,5.693194078714116,5.071866837450904,4.632702865306147,4.378325500648659,5.157273430002794,5.0721563047363905,4.697353559731647,3.8005925674679233,3.242181709171408,3.479015596455657,3.59864794072311,4.028822834865264,4.979647505653106,5.8678623619191965,6.510103176995285,6.04105926125694,4.8382263801128165,4.193102917721936,3.7552568114155145,3.2859582850921703,3.769303848551401,4.26982790165563,4.525497567659274,3.2919874672591316,3.5445815421467093,3.9270824985775143,3.992011357020692,4.009198274641873,5.740666081099624,6.284657106660527,5.71300282482262,4.698116623907717,3.9192564789425393,3.769314512454958,3.3967395276158987,3.2405957545697373,4.03850441658583,4.378887183229144,4.066959207788434,3.5613127932580553
2025-04-18,UGRD,10 m above ground,34.25,-98.5,7.73502197787011,8.0896274140362,7.761143347742035,7.288080127774576,6.823506908470449,7.80433197068299,7.571792054843039,6.691553774063946,5.742307407152117,5.000996573986232,4.612665731228227,4.5126111091286525,4.392791877895358,5.222709024297255,5.279065731401858,4.8510989274715435,3.8165658979220423,3.397094595702298,4.02532746004451,4.539891729449021,4.892035246015055,6.093026807700824,6.896053950697301,7.074433464475174,6.200262052659978,4.685633763526048,4.227085010068373,3.7569304062920734,3.2820093839005997,3.908169850939272,4.334165034024127,4.499014088186108,3.277466875040138,3.6134177258066096,3.8352234969093737,3.806726875703075,3.814074692600217,5.407130260902803,5.498580579254012,5.141762135473481,4.112102158821875,3.92731417718353,3.742045377119166,3.442758585139721,2.9003040642221585,3.555569964117164,3.8471417094411655,3.631312103516516,3.1775306169680744,3.239347454959846,3.0822597259703404,2.86305088976077,3.034766997176625,4.347218235278745,4.78554636528625,4.490109339775866,3.4882346861235445
2025-04-19,UGRD,10 m above ground,34.25,-98.5,5.131418340001594,4.655418860696004,4.4381410065259885,3.94772270210908,3.746584201677643,4.391856787013225,4.05483455754681,3.767092007946742,3.376449677648232,3.451270606590712,4.129534920364317,4.359409576643218,4.931502389262523,6.370429510891259,7.301117858883156,7.692682044343003,6.950694624210682,5.701449543700649,5.079897316600946,4.546359642578484,3.882466731297336,4.467826392342292,4.7438389697893015,4.766142710358419,3.244896933011474,3.54719134565529,4.023399562330852,3.898510376225152,3.738879580492881,5.320562066721651,5.524182492269649,4.747161960267313,3.544698632398643,3.4725921269333098,3.0929437852333104,2.992211897393462,3.1484041170319355,3.927817516256761,4.367507878932246,4.401995414892763,3.959087281248319,3.802157293189067,3.3120712180466394,2.9089451611954256,2.9052066786583723,3.65374272663308,3.9592288391842496,4.094017602599649,3.3750596858884543,3.3430239835888926,3.3849447172603737,3.685147042745242,4.173959284033832,5.072084881973919,4.9997758307886855,4.493010865020163,4.018409252323686
2025-04-20,UGRD,10 m above ground,34.25,-98.5,2.912325851865764,3.335134563480986,3.922387390660228,4.213961992922467,4.744728363815792,6.057482730170328,7.051073464488084,7.534124784138731,6.953768772222005,5.786712447058214,5.100809070312139,4.601450350261627,3.93329541162933,4.3234994908498905,4.465052380694502,4.439753241200841,3.061317384574978,3.3234085754819023,3.714664803458917,3.5956239885251637,3.554093143231404,5.095176482819715,5.263426073056064,4.546115386985647,3.4591317418020253,3.6592033244506856,3.3057455864282357,2.833482610678483,2.754045373816819,3.737374585862031,4.3828028213469,4.484811774284632,3.88582385659584,3.806324383278864,3.595321286823003,3.349654692508553,3.353213116645392,4.206268614766605,4.602277645027909,4.52785843141098,3.4364077879543733,3.5950242257701213,3.3602444360086734,3.4048245321093633,3.55626862994782,4.387359207290055,4.461865461364105,4.295031554566472,3.826553783605173,3.4069387454403217,3.426814126971194,3.5173870923849657,3.690741487727085,4.37762332546815,4.266954378897596,4.0620854177868635,3.8422815634288368
2025-04-21,UGRD,10 m above ground,34.25,-98.5,6.208801046160573,5.084952385680911,4.6216458558678735,4.150581067646144,3.4991881884128286,3.800054083271818,4.1034309951113315,4.193760543025821,3.161680285283063,3.4544089981198387,3.658692588869584,3.488010405356115,3.349601303514971,4.701448495584918,4.624362030792135,4.095709535570672,2.9409448538323923,3.2291238695844324,2.920828486813754,2.4431348515441993,2.3286990908140455,3.1591130037396105,3.910332266110879,4.4185842778424735,3.893152051171528,3.954225433790904,3.7123430253795746,3.5576854585626494,3.243692023487925,4.197353342022129,4.822259191900775,4.7130090130482625,3.574927878177788,3.259428683743147,3.514495183976312,3.6775368500692354,3.689818736779235,4.812023892638621,5.688211740715657,5.770310921379835,5.114631605044119,4.482542492681484,4.13663800091191,3.959733575181352,3.7173533773346854,4.193825356522592,3.9000628799138823,3.9727302175332415,3.9157091417229335,3.979474590654016,3.85724725452721,3.8164888569504702,3.7944650459909655,4.527078635798243,4.974509184744896,5.035536034087885,4.748400506939173
2025-04-22,UGRD,10 m above ground,34.25,-98.5,3.249282165167307,3.3539384765342795,3.3975039587054705,3.248192008936546,3.113892478813683,4.4943490467986,4.47291956357901,4.1474644881661735,3.3065745682882866,3.4910337008405294,3.273266697750123,2.989970265929218,2.7732412207424257,3.4106596416250894,3.805350579344237,4.016594557203642,3.902388585079237,3.5960387579200743,2.946821734148195,2.605868371159566,2.632973788576582,3.742165945498354,4.315593430488322,4.239649372959316,3.287552034883103,3.1731151606731633,3.0072792626734524,2.6661098079780587,2.7153312407997516,3.4259375300189427,3.756977118217408,4.1461743826486375,3.6822764069606113,3.3311399803162702,3.2638344195234996,3.502953120186503,3.5894186240543533,4.5308962753894875,4.75295158046065,4.812101832738451,4.66494823781634,4.447733426678824,4.424950236908176,4.525139990170523,4.527109942287749,5.608147677623569,6.000590732231778,6.052154420118407,5.457579646831569,5.403869340286335,5.865366802784683,5.95239561527443,6.162477847406057,8.007464072875674,8.980646474964828,8.565237337409288,7.23259459866483
2025-04-23,UGRD,10 m above ground,34.25,-98.5,3.4083753229334843,3.736046178118122,3.2512854261311954,2.8284822383313992,2.559801113394652,3.3932057922069516,3.729612868410528,3.7965641344478858,3.573635084822284,3.3903098585471003,3.080870527988879,2.7128585791056254,2.6667974741961995,3.7246442088821503,4.425592034490089,4.377819404662152,3.3871285173326715,3.209560983520583,3.0547692516917584,2.889305683073711,2.8704418047387135,3.8209145394377786,4.3995735675659375,4.528744254355299,3.967955772923606,3.64177920548504,3.4270386484114863,3.393648066137024,3.3589075806709854,4.01386895615633,3.726206855247674,3.809080524627738,3.5185780129017035,3.5217226515137448,3.3882759545411116,3.4439521986646047,3.705738033094079,4.984913265260673,5.562913408638774,5.8091521301770905,5.484463405919414,5.5247120146316995,6.032400447107829,6.203212578198102,6.252274486089181,7.755933176430729,8.769382087597222,8.774678198064905,8.216709448030052,7.681067817106887,7.325784068018162,6.930028396641098,6.662140097245823,7.724268107308435,7.3785734212107155,6.475354505175394,5.144084294294847
2025-04-24,UGRD,10 m above ground,34.25,-98.5,3.2636852766581237,2.8682059493063328,2.609429573004128,2.332221532472458,2.2719819957318297,3.2036153114790253,4.119832144990151,4.043693265302522,3.3772860950834644,3.094001932150735,3.0876731159008357,2.7582108208426748,2.9207911411355454,3.90605948487047,4.745386068993973,4.898293567493514,4.440359451027673,4.288018067192481,4.006902778668467,4.027252830786977,4.076997119763482,4.777264210699657,4.3494699094582705,4.330301105670863,3.9893696880984,3.975703054396657,3.706872874894175,3.682942225512672,3.862526801942857,4.966424022039269,5.417764149355563,5.625337654885051,5.314736984374711,5.415479219916757,5.754425246070419,5.948231968538241,5.937939666043857,7.464440449796506,8.288403739728167,8.037470187205503,7.460993248198508,7.2863750252128465,6.650556222021286,5.847046810052339,5.604247007740338,6.998102438195738,6.4859808925000255,5.6243037019218525,4.236118610062491,3.100324756262422,2.6547542260734636,2.5278627957700857,2.5103608556431047,3.1705801891963645,2.806819359703573,2.696645183014444,2.6974291057580846
2025-04-25,UGRD,10 m above ground,34.25,-98.5,2.8741316072377954,2.937642168539766,2.8942281592691725,2.745369651637101,2.8070006985831566,3.612037624928874,4.183875918542382,4.400806151626032,3.986473407706079,3.824755955150481,3.7321975815996336,3.857972675001532,3.9316034792938783,4.787084028385674,4.530068220700583,4.342298682690984,4.1030709227545685,4.203809555737003,4.113965806227771,4.056637034749241,4.187821843433964,5.083299244610469,5.4237449469073855,5.724348371685155,5.5742188909852475,5.663970400347971,5.837519815058746,5.927693426366087,5.918528694956995,7.317728318146482,7.876528561592605,7.592034107339415,6.743552148316326,6.143505816081191,6.359944659354,6.218437437063351,5.686224232752906,6.378492143243067,5.325958031826055,4.431208546544113,3.345230920926794,2.883709233979526,2.665308623878289,2.812904862885023,2.931508044842843,4.085433141383883,4.1469887725073695,4.295825864431287,3.824600645064752,4.177922586504486,3.821717401745515,3.771361159641302,4.084613183124758,5.492542013198938,6.2831530548720735,6.611019649331038,5.966742207767216
2025-04-26,UGRD,10 m above ground,34.25,-98.5,4.2019402160627735,3.986438533735366,3.9383867617216897,3.854357247075541,3.877681480810443,4.792690550625068,4.388923092471197,4.353015196962286,3.9747508540071745,3.974959835009786,4.0271991417064195,4.039970184111567,4.074292110135529,4.885720390118646,5.383811598864405,5.6804590299158395,5.464817926001289,5.519629147244798,5.78502432381841,6.061018976586437,6.136633674806562,7.518695847137312,8.095205877700437,7.688532861927718,6.486394402387877,5.8507281053799645,6.010830913869339,5.335814803334597,4.666287804664013,5.419119123184095,4.835624568554358,4.728145223534925,3.8691990029007695,2.9673770834606654,2.912318110500064,3.0648690665155423,3.3455505757239052,3.9170391000464737,3.911470570456246,3.870906486334934,3.6644307097572018,3.4765167896502436,3.226928219383771,3.118171799301682,3.28967158066605,4.909928834505086,5.605361169746336,5.8489629296733625,4.726124983346393,3.3557355440825516,2.9151036892198534,2.728467286644473,2.6598485263954044,3.678603459470827,4.121502116392278,4.061529723014597,3.181169634807594
2025-04-27,UGRD,10 m above ground,34.25,-98.5,3.747508272478692,3.749954562464283,3.7719943976985673,3.702928457961435,3.802149357494224,4.647970273512881,5.212793741018029,5.344978704747099,5.120336139389251,5.32523257539257,5.675475349279725,5.920714738318434,6.192241163817432,7.729773628907535,8.576213006638666,8.27640312846314,7.156950498899654,6.082412687697456,5.739753031047945,4.833562044827139,4.411403868385902,5.146755309735964,4.965317554747717,4.7305587541959415,4.008315710973881,3.575848280206422,3.5931325892859274,3.5458974595912807,3.873498492370864,4.784247325021008,5.352660343836908,4.739110971852751,4.162331719169142,4.116385254337838,4.0626112005747315,4.007882322964861,4.223899344276548,5.25833575925137,5.321525930523493,5.225129492874158,4.406101683366546,3.7592251352239137,3.7224002992387337,3.716444663092704,3.5278297580788283,4.415116896824619,4.409967979949478,4.414671069389904,3.4969951917867705,3.214418444591692,3.0351288604443942,2.9031274165643297,2.96309742126565,4.358197710346416,4.556762328447833,4.72945550709159,4.2735436912736
2025-04-28,UGRD,10 m above ground,34.25,-98.5,5.042701578828294,5.160295848802274,5.522434927250039,5.741910616136421,6.1507961681377505,7.843652585277295,8.589191898382877,8.237809284492187,7.250940694988837,6.312762792807615,6.048224300610773,5.787174551844282,5.257149207498467,5.334164103018766,4.7080356190924055,4.1817550667305685,3.5144853249703245,3.3170221436540475,3.1622222554400743,3.141707908293787,3.3108100674423646,4.357976180147796,4.735569693248651,4.082125241394765,3.4848917082985444,3.4636412659528526,3.0182703936768176,2.931881471346424,2.967370587669558,4.0871891925008255,4.713932730327931,4.95490362383396,3.8374562211031775,2.9658401403744774,3.021080566237048,2.9174810661587323,2.804686391311133,4.003799442627199,4.56949505103919,4.613386370099468,3.387978671235708,2.853421524637713,2.6056536097257936,2.629175813168038,2.635841048372297,3.8442714429065985,3.917189488732488,4.133603622125306,3.743694094291781,3.6991107201057174,3.623744103586292,3.43743350597581,3.423691154670139,4.7982019228216135,5.2244816498591415,5.1725071241769145,4.170632402963486
2025-04-29,UGRD,10 m above ground,34.25,-98.5,7.160330198972368,6.397630597099935,6.152993717340307,5.600773983451655,4.860352422227115,5.154538195827811,4.462669165759578,3.959959960968016,3.274541850170998,2.9694299413587295,3.137127133318766,3.240780954073434,3.636972253213334,4.485679450043728,4.8258330649230645,4.350726648034777,3.751096406393128,3.5738188373560567,3.473142042678419,3.5768629974926576,3.781308689316107,5.263715645119255,5.700082254939395,5.732156409880112,4.552061386159325,3.219696920037869,2.867733263364573,2.5026278164238036,2.608819175213734,3.9969055089926977,4.688137468665932,5.151988577162303,4.428735307823011,3.759768964282962,3.124149911371114,2.9898312535704177,2.713783554378744,3.5795214345841484,3.4439941246964754,3.30913536432117,2.8823756840417154,3.0758141001484613,3.121166039086315,3.044652693692451,3.027490117252228,4.641635428234744,5.099226123124632,5.222604362694231,4.535618810038031,4.473089523376269,4.5129392730153395,4.306637657261907,4.161673984232184,5.495151411608836,5.881709411905318,5.764379509028647,4.68136479288088
2025-04-30,UGRD,10 m above ground,34.25,-98.5,2.7108528288932505,2.5554774976134556,2.437589180430745,2.653378539827086,2.9620677108591957,4.015365581744298,4.418207531237094,4.0743347806099335,3.4305768845883695,3.429935749665467,3.2093441070033326,3.462572008477066,3.507470402292145,4.432800041298407,4.931412328376928,5.2153995787588645,3.7750124032191263,2.7550305384745695,2.943159793149224,2.789466598441096,2.8890404123402265,4.278999789733561,4.866716639150269,5.171814333010619,4.049008472831697,3.250667264916128,2.867904439127437,2.684073376939605,2.4092575303316384,3.3623507002894506,3.5961790289653215,3.4816297323561063,2.8996304682378344,3.1043060211769635,3.166761693113473,2.956516879334103,2.768776043036686,4.088586198578257,4.437814218634996,4.719132380328971,4.036006908708401,3.9847078128528737,4.0038830687815015,4.024146817803494,3.9785795751011146,5.39463215633527,5.785860132422457,5.8375290584799195,4.512160054864173,4.320745317693853,4.246012423064724,4.1619631410457565,3.902229719443199,5.259364250537013,5.428954769532195,4.9114855000474495,3.870899300684406
2025-05-01,UGRD,10 m above ground,34.25,-98.5,3.5447634253369635,3.5771481537992815,3.589513171029884,3.3590867374289783,3.711019659816244,4.816503268951437,4.940950365262827,4.8388023480093745,3.1975072274827014,2.550094772022823,2.6445018923460646,2.6483911179502497,2.4986974929532577,3.495154150016921,4.167782622426179,4.586153836015407,4.161201079917555,3.0256769594785027,2.9525056350067236,2.9892095252969324,3.164392379559639,4.228596931133289,4.4003351952935175,4.330942273829553,3.2767718587785644,3.027889429081242,2.8589829315943587,2.5941895507866963,2.514250524214112,3.688825079268404,3.9227914024795303,3.842426629488808,3.2099120509795847,3.051173576641564,2.67793857294941,2.432619232526336,2.2911895764150256,3.116731997371688,3.226332681857034,3.3008716274063783,2.5649916335250107,2.623818291629954,2.4763795696078774,2.3804170420534385,2.5221644204400953,3.4720192727364365,3.803760908573146,3.2927467933159,3.0167710333840856,3.047480782193217,2.916786058055953,2.4808430169709133,2.336953150065562,2.9318113824827607,3.2390433579630713,3.0629825546214606,2.4702579604677037
2025-05-02,UGRD,10 m above ground,34.25,-98.5,3.807179739350558,2.8454321717140747,2.750604103154895,2.840406113872998,2.822345362862378,3.712613564227537,3.750102215052329,4.294499526591066,3.8869363480616146,3.213389170166322,3.1249028482764887,3.149966649556176,3.3180830998577022,4.256787570481504,4.477159861962718,4.448417103586877,3.5316554997689193,3.075797953066574,2.8744383043560706,2.661185749259964,2.5859600827439326,3.7626654776561654,3.921017868743327,3.781332325321431,3.1926163044709197,2.8812700365946395,2.5517704481103,2.3099290947998483,2.313833082042552,3.192436650515514,3.460342752936535,3.4335305288684657,3.01936103369363,3.0896763886322267,3.020803316182843,3.1676196811966277,3.5033015382641626,4.540766108896269,4.83680615065828,4.54844662554246,4.146458138609589,4.012243890167166,3.4395241325135615,3.2220900302243556,3.1025177540212843,3.5749294942692824,3.6296193658060822,3.141267837401617,2.6486895775975645,2.600366985889964,2.4128130879741447,2.287121527873339,2.2824861128506795,2.9570509911117853,3.2218302608542855,3.179956899371361,2.4501619630453995
2025-05-03,UGRD,10 m above ground,34.25,-98.5,3.929916510923517,2.9619446359025132,2.7341645032875177,2.800351113297543,2.996662215728505,4.135280825710527,4.351774461530197,4.4608761927565395,3.558721267909106,3.007802998896715,2.8434627221306603,2.5920833868044006,2.401831671283884,3.467936030967464,3.718375955370997,3.627720635264083,3.004484558762307,2.7333553410585383,2.4178053088730693,2.2219166523181126,2.186727460858918,2.840825168908995,3.203965999300145,3.2300257357449125,2.6967656739411683,2.526790635824373,2.302862496267535,2.4611667531969417,2.7997167876153597,4.1224821299602405,4.440873408491859,4.634555675293372,4.66089352496571,4.66222218023322,4.400903905727887,4.333986497136305,4.418990901591302,4.9333641520100535,5.0696614939166,4.771265511748728,4.10338887804124,3.7755383283170807,3.6344403654061015,3.631432749259922,3.702366321889052,4.3264114599082735,4.458375230845649,4.196860686415703,3.7847474459814263,3.809348049761126,3.703267745543924,3.4714928352154635,3.474812212573534,4.364567923092247,4.359683941201109,4.097574710210243,3.3530787731052767
2025-05-04,UGRD,10 m above ground,34.25,-98.5,3.493132005004523,2.872396985246719,2.620657521637443,2.389996842224406,2.3513037167103965,3.3574473806300844,3.767952435303856,3.7577191458375143,2.952489926673094,2.7381250499269125,2.330702153225105,2.061462956588316,2.025627305656152,2.687705479433009,2.924550394772755,2.673503992040329,2.406133724303091,2.2749292822792815,2.137805817806559,2.1522843259737416,2.2666294182360636,3.0600122214775713,3.595508252987525,3.5363733565929025,3.5792329254802704,3.505003076763215,3.1757467550557736,2.897857092966913,2.656030483340778,3.2520174637430967,3.513220075117911,3.4893879930107925,3.031412509166735,2.80994717753196,2.8330840247890676,3.023969930035727,3.261436277593116,4.110421105350079,4.314374439567203,4.394484988699986,3.8982985097038014,3.5527783570318694,3.435735337273756,3.289680475758802,3.195579498083257,4.04558430854519,4.1131852799249184,3.876192257680598,3.073931832380339,2.63472208694464,2.5328404729925356,2.3884716345915376,2.3472143132109338,3.0871404745898188,3.1232256210291194,3.0380869834187805,2.6356448775786836
2025-05-05,UGRD,10 m above ground,34.25,-98.5,2.898634488079758,2.471585451056681,2.1461288699623493,1.96249955655654,1.9306526223722464,2.632260957955349,2.910739118255873,2.780056353133474,2.344713437007272,2.3089047831368132,2.1701841794954664,2.1002486153468265,2.3044012436911467,2.8926240710666375,3.2770355316797835,3.3991364017921684,3.259311910787753,2.761757870961641,2.3868409658342555,2.1417848872803225,2.2554263302643087,2.8058751273941422,2.887372798364088,2.5696708677257636,2.199850742063562,2.2206749008026883,2.195735135948546,2.3536896141267514,2.69762134815495,3.535089216325286,3.7639312698648206,4.085832325909696,3.7844102254432457,3.333069088675969,3.262333323027416,3.1106029085524876,3.020282484106263,3.873275140987,3.932316407008411,3.9380460403374022,3.0910432780128554,2.716426256567833,2.5894898645407394,2.464035120270467,2.2891246166419243,2.900423999992876,2.775393338796011,2.8768612719599904,2.6744729356780184,2.986585172728302,2.8919951619893727,2.765886064334169,2.5959200471408854,3.7518286021745784,4.12544250514865,4.3070806020887975,3.661118423466568
2025-05-06,UGRD,10 m above ground,34.25,-98.5,2.1906179379940105,2.3755509865551296,2.1788193048995863,1.9811147435874117,2.050299229371486,2.8560481960580635,3.348504747852198,3.2936609626623534,2.9883014881263392,2.839311409122588,2.3567345967795275,2.1124853701614947,2.1381105085333134,2.7600126240933074,3.1668646159099056,2.9432328203894884,2.439573850878701,2.3184340518997177,2.3227130931825597,2.540616361196649,2.857337262597483,3.750689420722912,4.04033882522492,4.505534600393782,4.314975781484101,3.887486590359804,3.7939051745590175,3.662578699709504,3.824652772660456,4.906969374435239,5.134851810131125,5.017226948750489,4.302837967543353,3.717473571085966,3.5181623965515287,3.328962525320775,3.3036475151810745,4.442236201895487,4.829745576906139,4.704549878868564,3.862541367252372,3.5785971360273474,3.39268661288411,3.096829535350092,3.0437040525342676,3.980814727646915,4.292092438613527,4.306088696809587,3.3630848202796417,2.9761717506295335,2.6147310492319544,2.3364842754256574,2.2642116359019155,2.909127998500127,3.2520087666725876,3.140822299730134,2.6160735485531847
2025-05-07,UGRD,10 m above ground,34.25,-98.5,3.155117083272387,2.883988615213873,2.525088243178269,2.274553486779434,2.474241486836033,3.1238503218896136,3.450264586515524,3.29118576374649,2.9135920598305756,2.558456514656935,2.4883035241860147,2.844380051659755,3.037405075335956,3.904111745850914,4.345272185794787,4.518266919240835,4.257469652840282,3.725882067439054,3.4483549760558256,3.3839826090101983,3.5455407396108463,4.653364759551559,5.1043156204301265,4.950436727264935,4.007659279120687,3.488411319198148,3.1900498483949304,3.0200550896597234,2.977692763805412,4.063586178630686,4.613950590772551,4.645123677746505,3.7261782299436543,3.3697870835579185,3.066160288434741,2.900351306746757,2.90213534590415,3.859468230910831,4.229725841502752,4.170429445785514,3.315833851684794,2.9469807874427953,2.4785411748358657,2.129493895612671,2.054417009747952,2.754532774472808,3.096993711395485,2.9876484244911583,2.4830193773311873,2.461884871104046,2.3940732938070166,2.391258335110372,2.3874853430157357,3.5714312044412213,4.100978991254069,4.1584735488576765,3.5572632663687087
2025-05-08,UGRD,10 m above ground,34.25,-98.5,2.867061712340883,2.5372909804685935,2.584159368816455,2.7884951682339265,3.013465815183744,4.0087567855346835,4.358132603707555,4.550264653365945,4.120579078672005,3.5412962662240526,3.314448229580337,3.1777671236140073,3.3243807047810847,4.419330838960287,4.686563531115766,4.524733597796215,3.360230598542835,2.9320161419917765,2.6188635156930067,2.4782582624894123,2.209478482053843,2.6395673957725965,3.119332253892558,3.2916638952199246,2.7623376491157052,2.824349822391626,2.668081927227911,2.4510686891944475,2.3014312319786416,3.405072272749052,4.047547721913004,4.319931855142196,3.5564625778471948,3.4243672907341636,3.296585730621102,3.1381424550686936,3.0003797285141776,4.446260964464909,5.168458366995065,5.26840916649895,4.398370082996019,4.102392167158314,3.966920284419885,3.8680539430615326,4.0786364476364145,5.692079296274841,6.4900834452363405,6.694924007485344,6.019087236216553,6.1724224913142525,6.510755313920894,6.4525305153358925,6.434561386155042,7.58053390313856,7.433846285092197,6.565301629044997,5.026152859505957
2025-05-09,UGRD,10 m above ground,34.25,-98.5,3.5765181470685987,3.007131229744952,2.801777453252191,2.748655389922106,2.869294298261252,4.208293831565508,4.745943235356844,4.550833767601541,3.4558511027447887,3.146837113322447,2.891236873468938,2.543525480059711,2.4322486935629057,3.1723845423176176,3.591431158978327,3.6036625779457943,3.0169679137856216,2.980194665779434,2.808141642642851,2.677007443703747,2.6409461384270942,3.669316330146134,4.19898796687948,4.285376618405131,3.474803274627954,3.225598626987651,2.832242994061745,2.519609071897358,2.3491121918021136,3.3035647684985374,3.6294218271119782,3.6028707228654913,2.8988938609920347,2.769778600046253,2.658694269283567,2.5475601222502045,2.6685732920833076,4.092052352170816,4.578951467568286,4.5963550306569765,3.74693814978175,3.5468165993220806,3.7404032450280633,3.767520062965592,3.849609541413019,5.305370066124323,5.865793943414203,5.7271301974511,4.106757330253804,3.945494800369128,4.007867708036422,3.9146188879386976,3.945456550067131,5.13147902847431,5.879626083409358,6.054207609366621,5.1820063436887205
2025-05-10,UGRD,10 m above ground,34.25,-98.5,3.2368503644313833,2.9306650179450866,2.8425602487568717,2.5059446237283893,2.434204146342369,3.2799249140491225,4.0935415714163135,4.2738713467979625,3.561851788425472,3.508618144748487,3.448530721022558,3.3299500272430738,3.2217758943283012,4.188532339609147,4.367716741515495,4.238567933122162,3.419398191462341,3.126342140621344,2.7740763522467766,2.54896963926857,2.5230363800399607,3.226431272828977,3.6065583224341142,3.483429632376333,2.67849496097252,2.598882278913324,2.5205188941999195,2.360199564541922,2.444228862920097,3.782499556882894,4.234805559031162,4.132090970874881,3.4181376752940347,3.257785113230992,3.3181917729221766,3.141832005706836,3.1018392747980204,4.525267219845854,5.2226640854925055,5.168659010505033,3.808323555509976,3.948128563491764,4.193574303643176,4.10781718899418,4.154482082971651,4.893213061522257,4.874185734862541,4.736793468610319,4.104807797663941,3.3415457896082073,3.2971084474274464,3.0390302257346007,2.8636644643787883,4.279669590192233,4.577170972626279,4.54621390959425,3.698403854136199
2025-05-11,UGRD,10 m above ground,34.25,-98.5,3.2827364438939703,3.107446811131938,3.0261918936158385,3.0456217867854756,3.091209378824675,4.113022152630786,4.485006217878253,4.37629045637385,3.342123430243462,3.123060802226015,2.797703175525694,2.4401356951806816,2.3186147476759493,2.951088226816617,3.2157496158838708,3.1641189893807287,2.3782576497984893,2.4391383073094595,2.318980681737271,2.2057607671022175,2.1567019479717104,3.112882877293773,3.68628148156332,3.552432123871702,3.0160390874588874,2.934018467763019,2.94979827784983,2.7778645761831795,2.752712931162445,4.221355074295115,4.889058984550673,4.972895017326104,3.841356148685742,3.958523391500729,4.35266346544479,4.559975267820257,4.478831753850985,5.968307114933378,6.11202204432562,5.287417701920539,3.774645534358105,3.3445623021301296,3.175775438787162,3.0150817947371045,2.8021102306318744,3.5273298326234888,3.3798243706186657,3.987031491475375,3.488459877369978,3.0106563356412934,2.9318169010340425,2.7758587360761284,2.6939098733349685,3.73445931520082,4.178111992779285,4.285619823316695,3.55710789724707
2025-05-12,UGRD,10 m above ground,34.25,-98.5,3.1799286023805453,2.9872629347488173,2.711058259632251,2.352690347904484,2.143310415550728,2.804974899732377,3.263392603251801,3.3039637948246954,2.5170137322481727,2.452157582704539,2.275057728773871,2.134292071055925,2.1457353854720527,3.1554211671739902,3.564540945687302,3.5481410572817342,2.981827731456226,2.9651457344072893,3.1247382508519017,3.0809429103164616,3.114622319197714,4.637402293062337,5.43960673774459,5.724755006459995,4.380747433501085,4.332339868038504,4.748361249432329,5.079753594312402,5.717599839444786,7.262536829360236,7.327408417077453,6.199000475683626,4.134092095209164,3.3869648094175364,3.3822540817648976,3.148329866200553,3.138278307040302,4.953658356920478,5.796124638934836,5.931827026566688,5.5822647908279865,4.007396115263957,3.491108341863141,2.8132100055819587,2.6345066678533025,3.6760964751149143,3.874968260624603,3.8008410645533584,2.8294598204039536,3.5069054260839505,3.560938055856042,3.3359402950499697,3.293678124785854,4.788565703112418,5.375148868623322,5.6879595291783325,4.970951591286182
2025-05-13,UGRD,10 m above ground,34.25,-98.5,2.4556564031156176,2.450517220040302,2.3748410346041338,2.2388411880701495,2.2222171375961786,3.343556717062379,3.9990572392114903,4.005653150378594,3.181467908395603,3.161817326063257,3.2931714515646737,3.286229107816283,3.376613837653827,4.931096001494837,5.749909040228147,5.851464470781245,4.541588362478068,4.2843503062639225,4.786936503437198,4.6753072836949485,4.880191386034872,6.356966500159643,6.229799983375201,5.024749973078503,3.482384780050017,3.0455593386852136,3.089194732159257,3.0849546815979223,3.486947697248001,5.660124373143814,6.5532555575938325,6.794406382419284,5.503460727632916,3.891235147043444,3.2939698718247534,3.229138050294166,3.22204092826662,4.650201849203139,4.816119337612172,4.281803892332577,3.1145823629450997,3.761530782829047,3.626398859775542,3.2191006338327206,3.1055449790546783,4.236640061138373,4.385917773834796,4.511120523745856,4.055096111768701,4.481895217329017,4.511801232530128,4.32354605222847,4.626836642637564,5.865989490044271,6.542002676960644,7.156799387948235,6.947099017239136
2025-05-14,UGRD,10 m above ground,34.25,-98.5,3.468405078365078,3.4023573269496974,3.620293328540978,3.5432502624400337,3.5044139627266313,4.864063078731594,5.646430066465031,5.768868184779835,4.543884292431981,4.643095197142966,5.020039644264653,4.767812734337223,4.820298914633505,6.074170880652375,6.059290408432429,5.951759168690654,4.660593455031968,4.014616147023299,3.940564445334542,3.7270036348636326,3.881457978609957,6.253423168625748,7.277907658253294,7.263455053272541,6.034206504541701,4.829933662079183,4.237477161842623,3.726469995303983,3.484110765240851,4.827724168477537,4.778803474733388,4.1661390857339935,3.291286273460651,3.1808552021585292,3.1215589752104274,3.315795093561302,3.382720859814014,4.579246672075962,4.824837578257988,5.038613999085704,4.8424437526696185,4.983889624418183,5.358265649127888,5.165768278489251,5.025641829155484,5.99937601034759,6.4984521604067265,6.6971990150834015,6.594396677888352,6.359414216584743,6.186746128951265,5.859436641069168,6.264727511071756,6.795418843392956,7.028227262518071,6.789166744785945,5.425174222620015
2025-05-15,UGRD,10 m above ground,34.25,-98.5,4.656453286678453,4.67190577825645,5.202281998813775,5.073292660023223,5.292308035410171,6.922337280755217,6.809842871112916,5.963925463052796,4.260200983255707,3.862778040728093,4.154064028741761,3.954559638013361,4.20645601380126,6.628010823598215,7.654242805218856,7.668026685652572,6.2729666721892805,4.89093610672263,4.510672832362214,4.336050415640736,4.041091143002013,5.138824275677893,4.819164023594646,4.208933326158108,2.997030485781946,3.209566949013122,3.3337896009278185,3.262172026640457,3.1202847119651587,4.323734667392488,4.813383111949188,5.596186040502385,5.862162243074777,6.617250984202304,6.867049029973815,6.046024307986899,5.5838105736208785,6.030054311908355,5.925210762621524,5.830041080030322,4.962700160833851,4.779461784224727,4.9690095180084235,4.746238868096464,4.541656311163057,5.6415060647556565,5.966959223736039,6.788706416172306,6.547668126364058,5.685828167013101,5.775088282192326,6.409722293319364,6.788908046485317,7.852333752237973,8.177882332576088,8.278407921152793,7.722106188471991
2025-05-16,UGRD,10 m above ground,34.25,-98.5,4.55359932876215,4.016639394539272,4.132899419832626,4.091968686248613,4.421913612127882,6.751202343473796,7.846573596436012,7.749350866161665,6.141580771153215,5.121367934545416,4.76249405557849,4.27854375786209,3.9990341561286766,5.088300761050503,4.82433905358408,4.304507212041479,3.208190853286145,3.425010355703868,3.4561211070546394,3.147526596746866,3.3426563916160084,4.598299012489505,5.245768225032577,5.849239315233467,6.104524709255477,6.5196657648380985,6.747789991079339,6.225561622193541,5.431935964544035,5.933906643438116,5.656897824671997,5.447663441098436,5.369796590559426,5.363845373779787,5.169128392057161,4.665177243342933,4.565104441310809,5.897081139254809,6.780825407561991,7.512671395361807,7.41551858697143,7.106651342979847,7.333824194066243,7.038618064999538,6.67943518131458,6.940027497201212,6.560806592487824,5.865110457153872,3.885182637869592,2.415835199692584,2.2574073331153617,2.3654705129545324,2.3427831232336933,3.4761316254757375,3.887227921744679,4.127368529851106,3.5432234684313957
2025-05-17,UGRD,10 m above ground,34.25,-98.5,6.655762469639603,5.262913974634738,4.875063551610635,4.397630124470382,4.168192531056039,5.226516628187873,5.0244359126326685,4.571241950548833,3.3395812716064137,3.0978560178753054,3.258723492895894,3.099125875944157,3.3451562020748806,4.486228056103701,5.102085806916016,5.752797027857813,5.845872775291614,6.325102397011001,6.288991428879532,6.006633956148411,5.817035196136124,6.250912269661087,6.064684768222683,6.072971062523105,5.814649391300315,5.866719079110185,5.403650983413147,4.916895746596117,5.146641453797054,6.189464632036197,6.3259815536372646,7.01283289565486,6.705374120238959,6.2606571373088755,6.02909562478952,6.032446312684823,5.816676994257003,6.3579840360478705,5.806739433291767,4.885588000719615,3.2954253048129507,2.6904174153411264,2.4444000946004087,2.023372737678512,1.8728885892844955,2.7227651822096046,3.030600813315936,3.007401496670992,2.571421821572365,2.7974122493051894,2.9185184807620166,2.837833575691993,3.033934916880182,4.166606138376098,4.685563764811586,4.7845208914504145,3.979153513853245
2025-05-18,UGRD,10 m above ground,34.25,-98.5,3.447584070589196,3.1753776482054414,3.0818227697295644,3.0782993254636937,3.319573399605826,4.353311830861617,4.977074062367086,5.573143528882937,5.921821652549378,6.394433183318034,6.433768423061619,5.879623574542288,5.620464996519758,6.454426767135152,6.407872165322869,6.526722974322762,6.3218491128211145,6.004560622658149,5.423783246440301,5.62483306116546,6.217874258338823,7.128125642165864,7.348789440963474,7.253304299006779,6.061540942312853,5.0917043987996475,4.5396136566706655,4.7301542542012776,5.126693021436347,6.525736769465795,6.362759375174305,5.649688079640339,4.2860319400085505,3.642525466870753,3.0956404703367992,2.9705988871543525,2.8581723648142043,3.8921611324735848,4.162136814549692,4.10105600304254,3.3463045851567967,2.831137059235848,2.5718252017307224,2.6511537719224942,2.374819433323541,2.9517903408144446,2.955828887329326,3.029416426745307,2.834527043276541,2.9936021993010895,3.098011239456316,3.0453249481703843,3.0124570486702957,4.244021872288897,5.001198029182528,5.152707001113454,4.917420142507204
2025-05-19,UGRD,10 m above ground,34.25,-98.5,5.38922255033218,5.738572891641567,5.626114578579706,5.383303083952169,5.692125283588686,6.521114071085996,6.817814302960411,6.715378880690961,6.29759878489634,5.79687664804952,5.638843093151692,5.521955864585492,5.873221483936886,6.902116142609062,7.072757106079815,6.967434684025516,5.302068667611644,4.370599843444506,3.929282787965361,4.027326612680531,4.098031481358705,5.289723700157498,5.387592826512906,5.040077787618211,3.937770509865057,3.393036995637026,3.381923528304631,3.5421062348601713,3.693119966860402,5.140505558157631,5.24300068963516,5.010346245791759,3.9248380279003374,3.056213457420755,2.8495649480682976,2.7286683800943607,2.415421632207531,3.2864545478084364,3.624701247895136,4.019168156508999,3.7619243497352057,4.342506373508893,5.046352411906759,5.452704753162735,5.373046455475632,6.17931519154989,6.604864728153798,6.3508898988695,6.078790410872934,5.813180194139488,5.49866062771951,5.618222542222544,5.604339406370011,6.4895879930098825,6.748258564335567,6.5482517558486375,5.901708118955362
2025-05-20,UGRD,10 m above ground,34.25,-98.5,6.060406032688804,5.511446848406331,5.511128272994043,5.348875941334457,5.481291676678751,7.0721954542350085,7.452247688260705,7.220143301292211,5.278274892541885,4.202834996235935,3.647163755361138,3.613182169262407,3.664134709205318,4.967044974511145,5.0200869366441605,4.811404356366841,3.820553450951621,3.321282581694432,3.1238065372065504,3.084547367622142,3.118026172814327,4.5394580647124005,4.776624564808626,4.642249003613098,3.564453732758261,3.0528833407573224,2.698651504687956,2.7723047328819854,2.439085662396786,3.505213658689576,4.026878234873934,4.04889585247126,3.974861936183988,4.228550655368904,4.11284057310779,4.476131388974474,4.877901656133753,5.662218075018613,5.76272512467232,5.623020329475336,5.318625566104897,5.094383341870184,4.776378331329376,4.831464252017543,4.552263746479823,4.94652940720591,5.0787844267796896,5.064455898321992,4.78317752649704,4.355390821259508,4.042524964554327,3.9533306510887622,3.9018839558468295,4.613302890288402,4.297858003763324,3.9939193072041217,3.2080346957366346
2025-05-21,UGRD,10 m above ground,34.25,-98.5,5.4863655770822355,4.147858704793278,3.748628398389541,3.8354971903134905,3.9563260219662184,5.156302492921146,5.322462087273415,5.101687814270079,3.851040935835462,3.2982047160441876,2.9715538114136706,2.964666879672357,3.1957421180089205,4.794421511671381,5.458956386685415,5.724073198598616,4.9502224518265905,3.571874179036312,3.031900439159449,2.6746661239352143,2.3081952339489673,3.304540582239153,3.690960405323068,3.5861736118813123,3.01410458655811,3.3720584800501694,3.5896234035678085,3.4563012291215225,3.926563607541501,4.929536558895986,5.313042329087133,5.415076711559323,5.095369347550383,5.354087888724731,5.489174872471207,5.304697173265259,5.298572704162746,6.114735477225042,6.317254427370191,5.933842957614527,5.772965087227904,5.87365451934213,5.035220448172385,4.60513424154273,4.345613558376495,4.834191804510912,5.464162330813181,5.637070258827656,5.568860159852864,5.1615552364535775,5.188092945798197,5.472881609516882,5.486483789697731,6.0422076148107235,6.087941339372973,5.7029943864762105,4.775137878401008
2025-05-22,UGRD,10 m above ground,34.25,-98.5,3.827817078805462,3.3182108295694617,3.0402936944042476,3.0187738132522735,2.9443539447459814,4.355946434279572,4.491377613345468,4.594039495735144,3.957962062463536,3.190021418591564,2.9915259261031064,2.8761803457701567,2.4018859914320982,3.364535977667653,3.8404395730442857,3.5641229005471353,3.1384006161623774,3.6037433161505743,3.999507074957964,3.882595763247018,3.885345232893082,4.482089608024289,4.863684897653748,4.683046418288787,4.451389409802472,4.657706103337148,4.531202349590515,4.506903794707371,4.720071184535398,5.186204057204753,5.531649856040032,5.526170117151027,5.847187030103699,5.2531982788636995,4.754281960574547,4.709161523448108,4.715975799868312,4.954313542767728,5.10677100608242,4.918822371637575,4.326261208317064,3.544495985076497,2.97612217457287,3.0436425573307297,2.996578556461851,3.3713428479758383,3.076755153827263,3.0142059190786816,3.104953808149904,2.7956673109914627,2.3212393878203628,2.3241915960987125,2.2730601723557915,2.992497429197691,3.004640696172277,3.239954946358588,3.0469666631776753
2025-05-23,UGRD,10 m above ground,34.25,-98.5,3.71536097240637,2.981578601389664,2.644647668826421,2.5505985701989804,2.411763198130447,3.371024160655155,3.574865373149599,3.30527792448351,3.1199170940027368,3.5308367862794876,3.709716631433507,3.7840870111171,3.9177684979771152,4.733978244874676,4.951081109511492,4.615690461460611,4.260375095208463,4.270463978744669,4.17403611386073,4.084543293119326,4.1954922793811935,4.486660183630876,4.822818660170488,4.72466792766401,4.865775554880885,4.8262772031514025,4.472462584063587,4.535539942262223,4.557317271402199,4.7232134751686905,4.740479387362291,4.681312648038621,4.175212505434146,3.6022942175666888,3.0275509779897902,2.9003104731344815,2.957983013630548,3.1006023714047775,2.708351908921651,2.5684490337409045,3.0056592608921626,3.0570458182792155,2.4887825038938143,2.6262673303203465,2.908531333672779,3.5492276058178964,3.450550025287352,3.159013322578996,2.890873467579808,3.017296973080644,2.7264323349116286,2.5816804926890247,2.540832953345416,3.1406204334365255,3.469072270393467,3.266894553722906,2.970717633578479
2025-05-24,UGRD,10 m above ground,34.25,-98.5,3.0510797217182875,3.327769825492977,3.3530396547723234,3.6127694922236273,3.681467807530133,4.352081161683012,4.771977715311326,4.557181191702664,4.085019065252599,4.373352177366581,4.4907638013956515,4.179501667876665,4.123717416442123,4.616324114511838,4.6728243486796295,4.828986210206049,5.08702868577926,5.106915177029967,4.776835983449841,4.851987638881024,4.915653455438624,5.198454171486033,4.921020280280782,4.657504948530629,4.465893674784129,4.054133722501913,3.3296455627596875,3.037936889310953,2.94929993096511,3.228889899826621,3.2801584510392967,3.1317330152572675,2.8455607719975893,2.610048330236503,2.4757448745843695,2.649151517415894,2.6859905930805046,3.4253254146771814,3.312924393555069,2.834532387011131,2.7427827348508447,2.610933469337888,2.277165023309975,2.3032258819395075,2.3476087651744972,2.936685741293743,2.7957369428900702,2.763896802387881,2.6815964815155553,2.542114355559109,2.174116832958261,2.2968714530817653,2.2048203061179317,2.2567108979076393,2.499434149368171,2.834807484624613,2.9248623005885857
2025-05-25,UGRD,10 m above ground,34.25,-98.5,3.662306330238356,3.957193636702947,3.931092236814524,3.7169719807840886,3.869453102708578,4.341017713971453,4.557398316488038,4.5871014535094305,4.763645823892575,4.757958608096667,4.333898419729346,4.7253014946108465,4.617644302039047,4.925187987275074,5.014217613971375,4.7735697571408515,4.364929932027746,3.9205039425984594,3.3131799844112404,2.908419972472597,2.758375202964721,2.993316041167561,3.0491884210299185,3.177446761117027,3.073444677347826,2.623829425761824,2.176419277955692,2.4966230496707364,2.7411938951247605,3.536468496247332,3.0269447506431755,2.768678819746494,2.965303401269787,2.81777355868034,2.700891818224168,2.652414160584639,2.5070775009437307,2.7734739948663294,3.0521769411718567,2.972757381511565,2.7809858735871185,2.6154217171692817,2.432205764730489,2.919437588428283,3.200095330599715,4.199294896560168,4.742233129435874,4.9665298584820885,4.356180886619689,3.5068983790872013,3.5557686242129645,3.970234036997091,4.271151878903459,5.89209065290884,6.220537974904065,6.035582285074959,4.396836764635074
2025-05-26,UGRD,10 m above ground,34.25,-98.5,4.3991412448821015,4.262528907295358,4.086873164527805,3.854251175324932,4.3688830833728005,5.281696660408733,5.420678275674931,4.879203535093428,4.299645228315538,4.089633152829235,3.3674500050154306,2.974234417156429,2.8137254267965863,3.1074481087836117,2.9473538487440685,2.7665396036719696,2.8250140081571526,2.6821110106878217,2.2826394827521694,2.1323277051230773,2.463439991356313,3.4106639103844443,3.034958523569056,2.629045956935565,2.7144021746251807,3.0793273866149637,3.0930025287857448,3.3101747923243905,3.390281555689106,4.358808590605062,4.850914699238975,4.74405299914487,4.091678240161752,3.314608359942201,3.089384904824879,2.860204458971954,2.7227851979267172,3.830034473620781,4.25655650732739,3.9515465692203895,2.9674151498300727,2.7456711941556295,2.608352384133716,2.6796656853537426,2.773505725986652,3.813935493921939,4.11419683910582,3.953965714320062,2.802719834439379,2.2607412223361307,2.0576049569526194,1.817508817548069,1.516850981124715,1.8523830098043992,2.4522127241390628,2.6669853550136,2.499977708195815
2025-05-27,UGRD,10 m above ground,34.25,-98.5,3.7145423902337056,3.534672106463134,2.9121055464847494,2.5755019276091993,2.4119082906538676,2.7163144803503956,2.452961411374265,2.1912980302481646,2.1426577735964276,2.0429910082711844,1.798162906467356,1.8254286139979936,1.8694644419743685,2.4891022305251704,2.5290230076159874,2.5694302422626465,3.160841484607576,3.080471907928883,3.104804043311509,3.4288546476567427,3.8361823711226974,4.909183930294395,4.966648762798497,4.879763420647077,4.224362205236357,3.2881482308061036,3.2467457765239036,3.4178060811289424,3.5480913144229476,4.681969797209781,4.948446768212634,4.6009027405090155,3.3518971338640013,2.822106935620963,2.8270765985370447,3.026993353289466,2.959392107212305,3.872274271414538,3.933083783943532,3.8871756049799986,3.034282654161485,2.470888208206671,2.238624520035499,2.2008973460853847,1.8387361982666168,2.0988954286697576,2.4719145423324225,2.6306377577362645,2.9178253177199314,2.9328764433105556,2.745924920113729,2.6833813123642023,2.8336532616051,4.68147826336576,5.309286784237944,5.456957817505341,4.897622861536288
2025-05-28,UGRD,10 m above ground,34.25,-98.5,2.3924756009937145,2.3260183495955133,2.134616564889704,2.168941905782648,2.0375147553730812,2.628560153868542,2.8454641857040857,2.733699718351536,2.517763865098504,2.500131111757129,2.36925268314565,2.189046895068123,2.3639295404478013,3.0669866811137263,3.3420044645918883,3.624215139789576,3.249807266967962,2.71477181662521,2.7361291003225015,2.909134208362351,2.874804924479773,3.9788010634930777,4.224091875883563,3.854469773017229,2.746107908939451,2.5489270009429252,2.777804575839763,2.862365904270056,2.7944573535651887,3.695127481096912,3.745392022542556,3.671718456060941,2.6310821146789714,2.5655822924624605,2.622840520978744,2.62229634542895,2.457421945974776,3.0745601817963704,3.368284766388549,3.696626488184619,3.5645493624254136,3.2066712117408827,3.0841666334752498,2.939970536434503,2.8861376902570957,4.002545018993761,4.825372836921749,5.064816024659546,4.629449201221656,4.569757333967677,4.976056740809616,4.931397852428073,5.414590991937977,6.580338142919095,6.896779632575883,6.426514712131425,5.336182028693461
2025-05-29,UGRD,10 m above ground,34.25,-98.5,2.2377057134981797,2.354047428444046,2.3229824801969023,2.0695165088962817,1.9407310078936777,2.4342750762773697,2.823648911086705,3.24959773443317,2.912066340701181,2.4205146264154456,2.5615483968293,2.8052162932121827,2.871352928715404,3.9907472802722137,4.113564907986248,3.8920124774016847,2.867680963561462,2.555996159592297,2.7367108740105457,2.839985021615151,2.7472887715235803,3.571709928593605,3.7662319833324545,3.673214143204372,2.53372122635207,2.400035671554265,2.449747467060112,2.496457812185784,2.2785581440221563,3.0075244310751295,3.475080873669997,3.69624783135384,3.199117695228395,3.0036416213547463,2.9645146309923356,2.870440228819391,2.8198125362334556,3.9440763032828543,4.677109814003349,4.99013250259091,4.226705703802404,3.770374425048542,3.922223463667182,3.652754244270462,3.99189026861588,5.261361242610311,5.747999553372125,6.154154016895113,6.011475755090479,5.4172190934084306,5.094086783332094,4.889357230876894,4.438350249092522,4.958433165226469,4.763186753453201,4.351820266967293,3.2225175434029785
2025-05-30,UGRD,10 m above ground,34.25,-98.5,2.839196999635904,2.532850385371451,2.776983795680872,3.0397490639888245,2.9322441775507007,4.103731066625736,4.359947788961134,4.08221385358242,2.8014811029256625,2.631890546827094,2.9292849829552856,3.0142295418872926,2.8833583226671777,3.8832892655317615,3.869957990437833,3.851900647360915,3.053807957018317,2.5116280378965214,2.167268098625871,2.0952279949680688,1.8823600962155291,2.0855777835624036,2.112835130660041,2.3408183650374257,2.4172427638005067,2.658652043175994,2.814422072000794,2.741390627081185,2.6856503240770104,4.249985540703095,5.063805548812946,5.494301342436194,4.3657966445263705,4.269357593246324,4.665576441744967,4.178103756567833,4.603324689907916,6.719676095694097,7.393322315400131,7.636498836245904,7.200018494349239,6.032042881361358,5.369614965491993,4.973351708508772,4.339889136450965,4.6948914545507305,4.287232478227226,3.659667210640788,2.6542920650200976,2.3861140781449173,2.4804026417894787,2.6340773666724093,3.172894077580554,4.595578636455019,5.086333047830367,4.906943070856458,4.586319523246239
2025-05-31,UGRD,10 m above ground,34.25,-98.5,3.0096343604209213,2.6776339418864454,2.8783625217700486,3.064025004796098,2.9737554322314095,3.952819285956738,4.163024272042999,4.023962006592169,3.097479434693609,2.776565598366129,2.448556230330263,2.265369905980924,1.923211669760942,2.0841502750963805,2.2854091268302,2.4941796574948416,2.5251015375316124,2.7979716569493,2.7925046770480746,2.763576376427197,2.660638930388374,4.495399471228227,5.479856844650051,5.945748804773806,5.0623107893757595,5.0442346442252495,5.246272254274794,5.340311051435837,5.572066316186485,7.309798501514122,7.906014615059609,7.603202030239906,6.570608338946691,5.04665281680548,4.176891418444631,3.5959244703493667,3.0220573434348035,3.3001417507805044,3.1880647411247005,3.051796050517318,2.5565050128368885,2.6623239545471904,2.343002515921761,2.2577775421678403,2.590409701464683,3.277791570680763,3.32195168589504,2.967403544129885,2.6202776083094683,2.4440997472130457,2.141179922538695,2.055992065708267,2.0808183145195676,3.042665535433165,3.523228619471198,3.3763007122208917,2.9288588064392673
2025-06-01,UGRD,10 m above ground,34.25,-98.5,2.899476579851904,3.024243564754866,2.723132602880549,2.3724379219669887,2.317443798095494,2.55401552615631,2.1945258473314,2.238192138412921,2.353178323877461,2.6130441227989394,2.631944565401525,2.479096347336564,2.4684381373268116,4.223331317380774,5.501998932315594,5.958119937491895,5.145473437341454,5.354288788526947,5.286644603161882,4.879589361939353,5.252712979835536,6.939859413495999,7.597956369551726,7.1592265105594315,5.805756622403597,4.484202957855394,3.8927682949057703,3.625739952569968,3.035586702478459,3.697833837439201,3.586674772535575,3.2257648820971383,2.508476315757748,2.2369506083655457,1.6739277194882138,1.8411110095588403,1.879556048875444,2.507621047837369,2.665684883974633,2.711527934819622,2.6593956398648917,2.456307789082712,2.327424320155042,2.493765348359166,2.541064441581579,3.536747507243974,3.718760605262844,3.357354879339817,2.493992826903935,2.495972457418009,2.839441077519188,2.466182845049998,2.6684780722328107,3.9212128271787874,4.0463815115792325,3.914348728338764,3.4213580603398572
2025-06-02,UGRD,10 m above ground,34.25,-98.5,2.3275376294238854,2.6550775019636257,2.7156366368149385,2.5850720192437024,2.5109135381866032,4.2318557837115485,5.505065014283163,5.908001919965587,5.062517279405986,5.3237701516427265,5.226182152299536,4.777172702036788,5.131560104306427,6.803308786821313,7.430915663434744,6.996123401489264,5.482193852916094,4.150740995998808,3.462229298520842,3.119087906635409,2.8130694387346975,3.4926757721703687,3.333053924385803,2.852062882101382,2.389781320426846,2.278268135287079,1.9312975940711552,1.979012508397738,2.1615433582321666,2.940438963598956,3.649173823623552,3.980058808069208,3.5947362528713596,3.729598869383258,4.123254526081215,4.483250003266605,4.144886973943424,5.36058265563127,5.590664454326238,5.178915870158648,4.061530656733863,3.2966760303221414,3.09803703430351,3.0044882994304345,2.7895906421421817,3.345333281142455,3.3829839130617207,3.393597842459268,3.313480669618575,3.224880396976334,3.0425402118042224,3.6219519585130286,3.2237046288486986,4.26911759193944,4.50662661871163,4.657769704248037,4.793702902541119
2025-06-03,UGRD,10 m above ground,34.25,-98.5,4.868652611856801,4.819018804397577,4.615769842360596,4.569048762013269,4.8693682675309455,6.3279357776395635,7.110974513773595,7.304071620275504,6.079946244256394,4.51421164472327,3.845690038175697,3.6040565263286055,3.1947500159164677,3.741555537927436,3.6351784559650566,3.0339315341708533,2.4712573064704695,2.4049518844602726,2.211455294358164,2.1332921288359987,2.2413010569965284,3.2138828511803186,3.7594158890676574,3.613540516477561,3.0351394120730797,3.079194922771919,3.2752317278775847,3.3473441445443415,2.9679939836454077,4.189976497994582,4.766886164223468,4.811337037244292,3.7684489220492554,3.1019990251217746,2.9480857998612255,2.885633882188217,2.9986870686454083,3.815784642618236,4.033985627719672,4.013059692362669,3.452758267487543,2.748983770326453,2.5902350511361054,2.2716814501044933,2.0438818275925743,2.350013085557546,2.721645815259796,3.3845451817942127,2.580954424864987,2.2927583308150927,2.6038055635459596,2.7906288674472304,2.5949687368463845,3.5649501910856403,3.925827662448736,3.749529053431737,2.5809407017291344
2025-06-04,UGRD,10 m above ground,34.25,-98.5,6.044609667053992,4.5633420051706235,3.980178302722887,3.5961774628001644,3.3050596103343413,3.857772700974806,3.7009022087461183,3.439982762277248,2.931692685210463,2.5628114825801607,2.2131521426225165,2.107679343485389,2.2222168734467855,2.7825205838092875,2.919249729984434,2.7587409130375065,2.379006316233076,2.3266626582102883,2.417823220471488,2.3777379318633725,2.2328703189533563,3.205541148570603,3.5474364581721485,3.1495645725125665,2.85903556003295,2.607769069477996,2.7033879817452258,2.869108414772411,2.72785964180607,3.439386317425364,3.552966212241802,3.279938971815324,2.3685518456842067,2.20295869011615,2.249288811090673,2.2104073213508455,2.2873873478988354,3.4802603827263936,4.180049943884699,4.0552405694848,2.958052100021529,2.253112362922237,2.0576604936369676,2.1143503706752576,2.1541154731619967,3.261850532825868,4.156249026320088,4.336665334632075,3.7293689092581217,2.927594488738383,2.8124136721410555,2.777673802866645,2.706857236612619,3.485546427524344,3.3959646677688253,3.611470780623418,3.103456849051348
2025-06-05,UGRD,10 m above ground,34.25,-98.5,3.0080454995442074,2.4388698171555387,1.970187896011602,1.8655419885311175,2.2083738609080124,2.757940658694638,2.795262841618688,2.5256671140246025,2.427335499140396,2.363178173806884,2.136045693287488,2.0360664903700245,2.14925590052724,2.9912509106482545,3.1709059851155637,2.8257247000251633,2.588861827259729,2.4327483685605404,2.333076999736907,2.152967984791683,2.3543719803551535,3.44911275711568,4.078157785095685,4.348829952526225,3.861143608269344,3.2719924601110844,3.14340749579963,3.220312181462967,3.1339571803523434,4.38284939528924,4.564232379404312,4.591612204958736,3.483197017096874,2.6925224487642923,2.771024863847619,2.7905350106592555,2.5375744804900733,3.4949636361770304,4.070275507976783,4.59361276613949,3.640550222657635,2.6608130140041553,2.6988509553245175,2.598461237806988,2.646619828243737,3.5281650874250414,3.5548714277556206,3.332339851374684,2.6677184135340206,2.6646624610677017,2.499135383861831,2.2233757166475057,2.006411614573316,3.090979930232406,3.654360327466247,3.801070139367584,3.1598591133651492
2025-06-06,UGRD,10 m above ground,34.25,-98.5,2.2835552440691855,2.170238461474995,1.9990267537137456,2.0182399517131246,1.8512258105001984,2.516250563992166,2.523805145593032,2.342216366012777,2.233491920865996,2.3375078566955185,2.6270746630033823,2.327188042395993,2.329891076844244,3.5718019738184457,4.284066210983783,4.54359789831436,3.939722573839676,3.5350796285162085,3.2864713243964063,3.2403374931733486,3.1355193977664597,4.210536397539904,4.557919563683982,4.759516508506381,3.723735415641743,3.3438637172141084,3.184193544110559,2.8081117808563034,2.6601235586369154,3.8841674766284258,4.623862422775234,4.8313808939418745,3.826263631971109,2.561043603476148,2.518576738878302,2.626186584472508,2.543455710151118,3.5616924085101127,3.4729516635378985,3.2605770685153828,2.540568546142408,2.7191910851319188,2.5644255640414295,2.379772740505298,2.1094769081572062,3.071931439482877,3.384910516903572,3.603312160052723,3.4003569563030736,3.460320428458479,3.324896686972773,3.0645303867701936,3.0548116225247357,4.467995150786557,4.639595428931489,4.2137118573366825,3.623929798120061
2025-06-07,UGRD,10 m above ground,34.25,-98.5,2.3657822804828967,2.1256707548496188,2.0736453289581123,2.028254604467876,2.0710305082559044,3.195474600870032,3.718743157466666,3.729445457221684,3.0966178924656727,2.7005663491507157,2.7348425464270583,2.7156606929821567,2.7746204646512664,3.675543214781674,4.055702935516255,4.295987863989259,3.929139228231376,3.0867004697503315,3.060888412328304,2.914719261492775,2.720991243045302,3.5923300184491165,4.246796906503292,4.212818291827476,2.936009100630218,2.128683401863941,2.069359316252465,2.1982211495913138,1.9947924591036383,2.6775351311560964,3.174186862543695,2.9869536382561863,2.279414397308648,2.4675647770342173,2.594388944889303,2.465196115124659,2.2996186478404645,3.4188060691574456,3.811315090049634,3.979633135961964,3.544935896218375,3.35256788268977,3.1237816453611185,2.942561359647265,2.939516510554861,4.0689098976383775,4.4723813427347405,4.3637747745905004,3.7451798226525153,3.228352124190356,3.192629414813896,2.879669687641353,2.764715126913387,3.640120643376076,3.8958576123609263,3.749249752857336,2.9712745395106475
2025-06-08,UGRD,10 m above ground,34.25,-98.5,2.8978210050346664,2.524267484947777,2.7162263498563366,2.7191695874052764,2.676696433292174,3.880300059336912,4.448749129387597,4.526779926808966,3.9185237266038904,3.0090206639253925,2.8903963873083973,3.1605501927535986,3.410730146539803,4.95024685113233,5.471306565847598,5.358299302126,3.4822036357182693,2.2989846675350027,2.2658759410781624,2.4491560574178206,2.3155844213628445,3.1890221333108206,3.691980819992088,3.363224346182414,2.4784376984329946,2.6820531911658243,2.9885967604776544,2.834491069742646,2.772011321824804,4.40515108190542,5.073522602163241,4.978422499694785,4.2208430458837185,3.740339405543982,3.224439964510617,3.030522683681132,3.0695598461296294,4.085792673249241,4.425251729273242,4.164434031251767,3.551564621025028,3.504047976844623,3.3652271833183143,3.111896904033581,3.2274802652256938,4.0966297832314496,4.249804875887655,4.210064525633837,3.4466668372683684,3.150221834282087,2.8514006804905563,2.699071728583105,2.5798303800928633,3.459858416063409,3.6454920702609024,3.381435523861405,2.995577707791852
2025-06-09,UGRD,10 m above ground,34.25,-98.5,3.5997342865911155,3.0351702710742927,2.906400785774961,2.927624886626469,3.2360612652130967,4.859880406884573,5.694946776033563,5.4727204986878455,3.537181058158356,2.20445162264501,2.214765208451803,2.3403756446146704,2.176582000074001,2.968460480386783,3.445383826036088,3.4052927792312637,2.462392781591664,3.0032999996958885,3.277238267774468,3.0387226213469276,2.977345998622681,4.438658957945165,4.72092599728272,4.510255962511817,3.8745058449505985,3.3321486025000064,2.642919923091976,2.5125674720702778,2.6476341992392713,3.847610316838942,4.144176697547395,3.881457035462014,3.281093838950792,3.3279725198399763,3.097172366506915,2.9608620931494185,3.107345253862756,4.162661204583631,4.598030492271949,4.465344206742053,3.554318693932222,3.138781287624844,3.1310925721876965,2.795685175713797,2.687155449232463,4.074317939447777,4.629453137547571,4.522701320236322,3.5300602392123785,3.1886738075685956,3.1221962474645464,2.9622934240948835,2.9237373289902795,3.4375389618996124,3.3483657916984075,3.1008458582147886,2.9229273276090515
2025-06-10,UGRD,10 m above ground,34.25,-98.5,3.2824771040267593,2.1050964865041397,1.9683635553843992,1.9989912599306423,1.8401030490275652,2.600051478380496,3.132297856924315,3.1308600620273213,2.438582811038635,2.8640743779227495,2.935926352828014,2.7604175211385393,2.7297411314222275,3.9322645281583863,4.2945737071676575,4.4051451843232785,3.754297587277699,3.3901499082055015,2.963534476591937,2.858177462015959,2.89597028736265,4.07289945438437,4.635230961320364,4.6510715409304595,4.002481862926121,3.5846552994064105,3.315055884008844,2.8257123171928207,2.7789559276721105,3.5895345525821996,3.759333793070194,3.494142288154935,2.8883862653785997,2.6975097651915845,2.4054080245392453,1.9557374183235816,1.8679314352252363,2.3991846990251937,2.559981713769597,2.6315443784025083,2.3440416759297498,2.3567265884387147,2.0829094237837165,1.992046240275628,1.8920867812737223,2.605274364977638,3.011859974546696,3.300016620738195,2.8869686767621605,2.9513027832342824,2.8692840037612646,2.7848274957967813,2.6447751062326463,3.5940841777466845,4.21095156824441,4.174450498261565,3.792596928035404
2025-06-11,UGRD,10 m above ground,34.25,-98.5,2.3590061152592616,2.79575055095359,2.9289534553693897,2.709678833696282,2.5773101085519308,3.5784254470767776,4.150755669249623,4.500402206115026,3.595350065418096,3.266371721101824,2.892415717165801,2.60417917119912,2.514294356822808,3.567367093989296,4.211952806261319,4.154398377424115,3.467263453930096,3.29007267808477,2.842151280913702,2.4787288670101884,2.5964127636337615,3.2086412133377533,3.4500479622531133,3.1947009560249855,2.812921896842119,2.4880643139098835,2.2016124210995205,2.055559901147345,2.092012290641052,2.69432872150651,2.7040597615580517,2.957434857865993,2.880118312316618,2.812450216568217,2.5731700145573626,2.420667404837573,2.587651281727396,3.1702819960580797,3.1379890789868945,3.2402173511810277,3.178658935861759,3.076838370291406,2.937123461826933,2.6497621450189572,2.3363593677876393,2.9782010982092455,2.9399655720158018,3.130398812653635,2.751181451371637,2.6453096479739893,2.784109859402359,2.901689301503504,2.82481178905201,3.4361514835752875,3.419239998164882,3.3807873700798714,2.8664680824250355
2025-06-12,UGRD,10 m above ground,34.25,-98.5,3.5577044802192086,3.4485806322772716,2.8999374097003416,2.4171480423532152,2.397919244631585,3.2071914326502213,3.5746662736409496,3.3900901229396343,3.009816255669403,2.9732271624321047,2.7044224196311486,2.2580798083855296,2.1541087481068963,2.9179411393584105,3.1044728557133805,3.035855936374066,2.797961091866344,2.5902888578040812,2.480538914250931,2.167964692180532,2.2046411034701587,2.9930135719022473,3.0181624806807403,3.219322522797466,3.0043909917409177,2.675953125518274,2.1748871013030993,2.085273359311244,2.007866083888306,2.4982566837853666,2.5887155108892532,2.6392527588130825,2.615406644116568,2.6008230732636046,2.472220375624268,2.074879134630317,2.010025788630804,2.956340006630974,3.5909516808692157,3.7083669589264856,3.156789819216,2.9757560701849175,3.016922449396522,3.0088249064980563,2.938381639041971,4.600503900831445,5.606225151282413,5.868154637834428,5.354128587271066,5.373506662314569,5.878066535814423,5.782983627836199,5.3752747314504274,7.02035632205723,7.575276720249553,7.08029764371949,6.274011155589777
2025-06-13,UGRD,10 m above ground,34.25,-98.5,3.0386938023978667,2.7500585511875397,2.681480215001918,2.1537783040712126,2.0577077382623497,2.8093919289999407,3.229940619077091,3.2369737692666836,3.1312347666253317,2.9970246664951192,2.809340612049391,2.6569729482652304,2.7277706424120276,3.2655541927148883,3.742809539193103,3.741918588694104,3.3518913788374087,3.197560460105687,3.015750076123521,2.681432293879229,2.5391474082927115,3.0850143983413876,3.0869285092344296,2.8565681914673657,2.672721949553902,2.6209049576889636,2.2395655902541596,1.9570900414923296,2.051328449206166,3.0011513833635775,3.40245197115694,3.742647761401503,3.614839791275494,3.788900259952398,3.665591707798531,3.7401778319020966,4.00910349582564,5.579444479778543,6.0977885387796285,6.385392808622139,6.131719672660046,5.94534972326753,6.053234906329073,6.302591904341513,5.9540450256720145,7.332781276582296,7.3763096622186115,6.649169892103134,5.954993750921233,5.328428905266349,4.195838881704624,3.673491393993179,3.653802792282344,5.010048768862819,4.824882614774987,4.321580819509677,3.5309725245838095
2025-06-14,UGRD,10 m above ground,34.25,-98.5,2.725175793747261,2.7328271627843073,2.6481056091136272,2.595191742755627,2.1390591450078102,2.720107888079403,3.2149590948384668,3.3422140656332098,3.0163331575374532,2.8292616849817778,2.639543578189801,2.3970454680130153,2.3837320484218423,3.135246060566942,3.1935504108662545,3.082338660212824,2.7369866013156994,2.57099685242921,2.3600272501024007,2.207840720276662,1.978508461564349,2.980609223628361,3.2883063923833653,3.528093661324577,3.5010415652574833,3.5869485266325123,3.712253573656647,3.373059554373771,3.5525623967331015,5.849835740507791,6.695307590976887,6.479463364215719,6.042183853320986,5.898824097474736,5.51187170475254,4.580671958260767,4.525142141115974,6.287624092607626,6.529227660249329,6.474708367074107,5.763351524655162,4.780636019018665,4.480380258646489,4.119044248150628,3.8659429584736698,4.794351154223174,4.703061335116082,4.534209140546658,3.490683595580836,3.404817714134307,3.700289195026068,3.766063524808908,3.913193595223547,5.520719711271046,6.189148576567853,6.386000382635766,5.785703736712659
2025-06-15,UGRD,10 m above ground,34.25,-98.5,2.6096175564764077,2.5568710252310187,2.3308341548742795,2.281270841407462,2.4926559853112953,2.85627829607147,2.7579270838084557,2.7468802530870895,2.671537613199015,2.8513704955252166,2.6252502367843364,2.277304784429731,2.235711697002948,2.8647248769573297,3.4012817627218785,3.493492964296199,2.953613987319648,3.0074838821813574,3.1654141848324713,3.1980964080290364,3.5392520253083912,5.005238327833384,5.765536306384579,6.208369524546012,6.509762021687934,5.989256897772494,5.421309500293757,4.766320670698828,4.409141165626688,5.3408288596016025,5.407471909090171,5.099958248904528,4.5386503835564795,3.779537243990137,3.513978708570272,3.2001171252553844,3.223531195853687,3.9545965050272702,3.837125946571061,3.6809144577415833,2.851429501964092,3.0037732813339497,3.359771946513324,3.377998363218331,3.2924513767333705,4.742468389428147,5.479886534387493,5.819861743908072,5.580979278277552,5.523323777908992,5.637502733009462,5.386542107933987,5.122575412752688,6.459207970181545,6.9610926319174595,6.748199167510811,5.9304964974639685
2025-06-16,UGRD,10 m above ground,34.25,-98.5,2.601408635707214,2.590045652635318,2.3434614735385573,2.199434657098307,2.0519158137983045,2.8703040200244776,3.3057420733099536,3.4670290756166735,2.9718617759193138,3.1405863255433037,2.7819842740835456,2.6886464761156,2.642728219193133,3.910901257924535,4.735923599048705,5.0922792895018,5.195842966693627,5.1706631500567575,4.934407445709704,4.777275007094666,4.866696475615781,6.088075224578629,6.344984471073904,6.1227121712313926,5.5652720892503105,3.904434899044138,3.3459747904135155,3.0084850566931767,2.7614117327234977,3.4554756395073105,3.40229099562364,3.345215284135376,3.050735886373113,3.3124419846053934,3.3069962649011715,3.168792170192982,3.271308099454383,4.9743579676036305,5.790968760224338,6.222186683410287,6.049614737380279,6.300541068897146,6.634921629949094,6.440834850165607,6.142310351825477,7.450117694618233,7.947244691553321,7.637373122168335,6.539712620058509,6.243546273177233,6.233496777765061,5.9074936190961616,5.6210265810254025,6.947704112978766,7.245462929057885,6.922914609834791,6.058598416299436
2025-06-17,UGRD,10 m above ground,34.25,-98.5,2.6700023667173105,2.8036340518196665,3.012210283949861,2.765638453488392,2.697145134049524,4.110297890794967,4.579405159407756,4.773611441962883,4.148003177209913,4.648246356302689,4.5838797613351305,4.484027491772706,4.707498146686374,5.553012590741112,5.935773130357034,5.465785585008851,4.453468130421719,3.1754827382477373,2.5246604479878254,2.3415270563840673,2.32512655222646,3.067119130971804,3.2915380832915924,3.3324022437751566,2.9263608616372796,3.3024838942869232,3.654940691714693,3.66741172022233,3.531426609134635,5.299943402455782,6.05741376830529,6.181417037854963,5.9044319415695625,5.856156235923528,5.94562457475581,5.688333800764532,5.5878942582733515,6.866046529089204,7.206324793505395,6.934206104446183,6.216514799352883,5.854705390981556,5.747557404204688,5.309144936040225,4.8740374664867385,6.318816659973488,6.8748931640886966,6.514804775178034,5.618833951791775,5.067758688680267,4.908727803843275,4.515244378842692,4.134485045046821,5.653245657893619,6.1228814398795635,5.870989835069263,4.9399376939091235
2025-06-18,UGRD,10 m above ground,34.25,-98.5,3.50465028332384,3.465012610739305,3.630006370646974,3.369473326459844,3.452450931342423,4.50284021492233,4.966971910218119,4.835515494259907,3.6783578936854866,2.7817520889046654,2.562108724530842,2.436688212846211,2.249990435506158,2.96486754079681,3.4068520531172175,3.730724240031421,3.197771067707598,3.693476785329832,4.213752916057096,4.418348771027541,4.583335452510318,6.036816660680659,6.5223019156424655,6.668628810371435,6.360022903136608,6.31843819363422,6.393151330741649,6.11173602273003,5.9109440092651475,7.246120009214389,7.670644400636073,7.397698400198861,6.564174153436818,6.113093429554219,5.879859986664144,5.451766397019778,5.041080814662836,6.4086084190851995,6.949094103368969,6.611483450925363,5.582981526696398,5.094419208262209,4.76627709693307,4.476723467930124,4.08775767801333,5.284311670369972,5.289883978647751,5.199517046158804,4.406938250614836,3.35475552191359,2.8008593241525643,2.430034409973013,2.064405771778171,2.8093042620123834,2.901226947584468,2.9783771702790873,3.267716734327463
2025-06-19,UGRD,10 m above ground,34.25,-98.5,3.938830514247379,2.834232088703843,2.6341897617737526,2.518555950452787,2.367304142952844,3.2546811661394432,3.5911086224409434,3.843774576145696,3.3031240788717584,3.610870439730667,4.043758884802399,4.249379881990244,4.504656596174724,6.1049380585087025,6.642626235795463,6.802388911540614,6.385500274084146,6.464023347369922,6.609019499535409,6.385648350839805,6.23101805276263,7.657736368942814,8.127137067490633,7.904939650294217,6.952573015284187,6.51401855353201,6.357876943394326,5.91015520255039,5.502283455866374,6.88833811592141,7.417838532871977,7.060233154977077,5.991810599257595,5.329776351838332,4.769967243787986,4.385900685937786,3.88229156838863,5.200948606005283,5.013891987986045,4.721278334104255,3.897773827961077,3.218264491385101,2.766911822709116,2.496457270911395,2.2511907707982637,3.2205192091675796,3.5254792615505592,3.479812824908315,3.3579424815836276,2.8129951763716505,2.4627557424516686,2.33054300815808,2.2847005483348313,3.484693202875337,4.028711797335216,4.190256453560705,3.7202747604277295
2025-06-20,UGRD,10 m above ground,34.25,-98.5,3.2454112476930557,3.457772191013457,3.9492325792746863,4.143455179853397,4.306087421596763,5.840968260564994,6.490015338427783,6.724705937033107,6.314365989946108,6.358326473229333,6.570493834904228,6.465484350184164,6.353841248038037,7.724821400848944,8.13247388362728,7.850647595025429,6.911211739020992,6.385505330869317,6.310465581084312,5.925022965917,5.463674781123738,6.832855909388095,7.44806422316576,7.21354220208727,6.260351943936626,5.6325305916152315,5.151301044799669,4.783270801542503,4.3523778013465755,5.664651543506261,5.440583792332343,5.147317839258208,4.5776667986199815,3.3090494032004347,2.9295264598516884,2.5229823918641694,2.256670699031865,3.351982080815707,3.76365595935496,3.903545337477311,3.591166138219266,3.203142238467166,3.16423459111354,3.05553211817264,2.995981408480576,4.465270166977371,4.857086761488599,4.713618332162213,4.105086427834581,3.618041857408664,3.711603924853432,3.4880775609745465,3.0606095870863963,4.264752526973455,4.56163973864639,4.606870748445488,4.220217348764411
2025-06-21,UGRD,10 m above ground,34.25,-98.5,6.362778068874155,6.347777475504845,6.711199655014763,6.6887329065515155,6.570405490032703,7.841983793575139,8.193727916332978,7.990540538166413,7.174893137077566,6.478443182483272,6.32457479523018,5.8227779617307505,5.441423705290845,6.892683325277173,7.514412793468287,7.236109200548313,6.255094699574776,5.617303687794795,5.181274392367688,4.678701989403493,4.18265379641212,5.622065566848971,5.71323314612639,5.35653415680493,4.566402837979664,3.7056985139033567,3.0964973874450052,2.799019201988699,2.590831946895878,3.612283601173232,3.900159314620479,3.7207103918776903,3.347579079194042,3.1460517102984378,3.026771323570461,3.121853331868926,3.02700816073859,4.442040404537343,4.831468001369205,4.686263963910379,4.227974412958622,3.592507875545766,3.536510977652208,3.544797089790931,3.540920557012432,5.207744470737775,5.57851232284749,5.394067240794367,4.678833833042198,4.009969104125878,4.126021741894375,3.8594561165764754,3.962801708848571,5.630616722903515,6.272192263147048,6.13734965035034,5.03243432966012
2025-06-22,UGRD,10 m above ground,34.25,-98.5,7.245448155889396,6.687190082279264,6.613617571586537,6.1425414372326,5.905840433386434,7.419187001854421,7.82933708605636,7.511092892265065,6.432558531001663,5.839280324115706,5.390081032929272,4.722872408993411,4.1476833746156,5.44660795290268,5.305499927347462,4.98187598138964,4.372627886462554,3.2540721280430827,2.85492135132805,2.543686456586496,2.451483551389998,3.478833846511342,3.7538288907323825,3.7326436003602383,3.5422555456010665,2.978948464192989,2.9277413200640683,2.917250356148963,2.8766589193387673,4.1589670976127575,4.365856839573568,4.129931898865561,3.83279119469386,3.412199411291522,3.4023436545407577,3.4171916821102206,3.4326374050754516,4.890718583558664,5.078741911806761,4.854941653533764,4.173966269810357,3.508298602886443,3.283206728221037,2.9899334785782594,2.841700581340896,4.165149511853805,4.498453969062339,4.6873745276687355,3.9424658422218055,3.6929785107892177,3.6878814925338186,3.501333634802424,3.35953508700086,4.827135507862408,5.204543757750571,5.102872332821798,4.356508281899495
2025-06-23,UGRD,10 m above ground,34.25,-98.5,6.445106876922442,5.9495045289506745,5.815136266789089,5.086970024204217,4.431064664065036,5.7052158931746275,5.508839751415315,5.072099288308946,4.424424643573362,3.5847381863513443,3.2079628324317246,2.9449844762570745,2.536721165444841,3.466807585157394,3.9266703896106336,3.902112249765584,3.3029470883695224,2.8950555997242433,2.9746435800089523,2.8653799373053355,2.703553546044718,3.972894679596481,4.4887886246284125,4.5809855350754525,4.040431025234412,3.262972914513792,3.38295594204589,3.3268092474765996,3.273311896485013,4.666677241929659,4.930812771474436,4.910010912517487,4.373844351282578,3.8369452136849778,3.489203651789689,3.0613452174477467,2.9630030803399623,4.4300355795567485,4.7328578178897605,4.799777081929276,4.068457046132992,3.517534359195566,3.575385825023267,3.45275362684425,3.211773841670592,4.640347070830069,4.888532498634024,4.737724260525525,3.869903348530547,3.5731817976398306,3.581638196216625,3.288128188687206,2.929987849739587,4.185933346086767,4.22828728717513,4.408973916733229,4.438920394097828
2025-06-24,UGRD,10 m above ground,34.25,-98.5,4.379289979972517,3.36711219837208,3.1672307438585516,2.8071798583925736,2.444737483027913,3.4628919750022003,3.674369027552837,3.5034511177764847,3.095762692701462,2.8026010973277726,2.813133689768078,2.5890097789498223,2.4664350799061037,3.801965350891196,4.428650351419021,4.4841019019211155,4.0337447171213405,3.3243657136891507,3.4737360253558727,3.4018951804972626,3.2561503658269264,4.708484929927158,4.958055813869402,4.797604236381766,4.269677873748387,3.660217874778324,3.0525587857928915,2.9286091472797606,2.8692606444130133,4.194997473318313,4.494270129157771,4.561597818490156,3.78123132972036,3.598593416695868,3.4974174868974437,3.268559716935683,3.0601339931124523,4.441368293897553,4.791879589633453,4.864032494576944,4.169662016581132,3.9171004452153744,3.8443487722846097,3.5022885441004123,3.260329728658406,4.510232558548191,4.524469924420705,4.611171495834007,3.895828302851288,3.68585683457872,3.2162072797761656,2.88193549245394,2.65689899251721,3.0571529712213303,3.2834340102226403,3.5872545432127776,3.532775670309798
2025-06-25,UGRD,10 m above ground,34.25,-98.5,3.058319448277806,2.6875932874377173,2.685119475059124,2.562953348129203,2.4918551597802283,3.95624357469637,4.717278209108838,4.760392863619002,4.127929572881468,3.569973831549389,3.347282433515971,3.2305165595573975,3.1929028538474267,4.7879259376051735,5.132014246325244,4.943960149946561,4.282105611978167,3.4870128990800255,3.0227637327826455,2.7602474473268037,2.7314290504615526,4.079332351620275,4.48948007900211,4.3566245403099835,3.753281283989871,3.1134837369452253,3.104939984513833,2.9893144128178513,2.9961913440359815,4.42331240825181,4.6123832878271465,4.349207868547252,3.664684910321357,3.5460327642744898,3.3811927455920547,3.083558652315254,2.7786938979515186,3.9132304595938305,4.064452067533756,4.224765512160486,3.665549510944025,3.3519517259442395,2.9059082928473163,2.6139488111704843,2.371301236224542,2.888397926175452,2.84124814274614,2.978464170377264,3.2565965491618125,2.773359787264057,2.105160457460705,1.9748547097810183,1.8608457205474696,2.381911910347964,2.7716776464879915,3.028790760079527,2.917196423170404
2025-06-26,UGRD,10 m above ground,34.25,-98.5,3.9764468329518783,3.4529636205618828,3.415288467327149,3.2076787667376596,3.082414611011248,4.475411778752989,4.922957446142942,4.951765916288828,4.2959560965796815,3.0538309796138376,2.701372085121378,2.612451169528681,2.577037600397225,3.611670122296608,3.9932151607989903,3.902983815533093,3.4970638097594327,2.8868888505999575,2.641152931800937,2.659800834440631,2.6896501099821517,4.037318909148498,4.441692132853719,4.417966008218294,3.6404912722321754,3.335069974760477,3.1292046979149033,3.0130566779991685,2.978258714641491,4.340801058237685,4.378349894963105,4.112278095712868,3.6564552851993737,3.305586008824455,2.8836411705083487,2.7490276203840844,2.4408303088160404,3.21383916984567,3.1313348666383556,3.2282860026946527,3.435509865245243,3.248361634511851,2.8346685440381965,2.671878272054669,2.524246745720069,3.474343556092813,3.5271689127222814,3.4444062824399344,3.0334324432228392,2.656548209432854,2.3329075226109284,2.2696776496344793,2.135564364347746,2.8585409998454563,2.9502674000861155,2.8888955698622807,2.7545685308204795
2025-06-27,UGRD,10 m above ground,34.25,-98.5,4.256319859092365,3.366314522307831,3.002874907588099,2.7812713988334723,2.63567237205967,3.5983198879428295,3.821948778413018,3.8185333487951674,3.4100482507479812,2.8891358157841913,2.564660944349157,2.37634720970221,2.3906232000956344,3.6708697872923386,4.159943628807072,4.024216683650588,3.617737576482927,3.4370668433695912,3.323513518192568,3.0974175957136296,3.0856121663659497,4.41659893602599,4.515307646202252,4.345174456067632,4.043190382248376,3.9583786522037663,3.534120369555885,3.0651576147351607,2.7904105588623445,3.837136932413423,4.043480138057717,4.005697115497979,3.6090806545961103,2.945652909429608,2.646696148999069,2.511040060974329,2.2139778893407756,2.7930736645013594,2.6741224545168825,2.733620193915904,2.4236521477223203,2.245252840155856,2.038383268223013,1.9486410755012653,1.892972387399037,2.751911863436333,3.0028783798908907,3.0225517204987873,2.526796521650871,2.8102143590742577,2.989462076174445,2.7920581598881107,2.790505136417882,3.788789002546744,3.8763840926926862,4.011506084893549,3.5854252844365835
2025-06-28,UGRD,10 m above ground,34.25,-98.5,3.2001261102116327,2.846046452879223,2.7407431752165383,2.6139860267107595,2.586393518133151,3.768284117784353,3.994002797940703,4.144144368352994,3.8809084302577577,3.5046427014854493,3.455561968599953,3.221187900967748,3.1594218278482624,4.526038495668485,4.6247720121786475,4.4603760564146135,4.275681629371791,3.774882001426515,3.5820936438180593,3.433795269064258,2.876757545437454,3.5309913335264635,3.817956819632313,3.8050509174791816,3.4587339073689103,2.7722997067211645,2.47881401673268,2.3498531318416784,2.1189988901839936,2.9668713702867073,3.0630330807233337,2.954323025006807,2.41475397695633,2.20664331735369,2.163419085851938,2.1651951462639927,2.057332231777193,2.897024019544081,3.2384607469615228,3.404116585707807,2.9425187855013326,3.1743741181266643,3.2372813461616294,3.052161229433078,2.7989710378013104,4.17604395587396,4.996985278404839,5.114990396814049,4.482782967955354,4.332781391614437,4.3767712035704065,4.045958217717931,4.008262565582465,5.844022901660306,6.610715935921187,6.461334145801349,5.362891666557805
2025-06-29,UGRD,10 m above ground,34.25,-98.5,3.539483929841151,3.346824419207546,3.2657591483390753,3.027394050624012,2.7601038125871984,3.985576679300656,3.882159892629357,3.9309649369611854,3.5851703210662,3.440842681148081,3.222808979303026,3.1067053366889503,2.7684187362091057,3.829880170730569,4.3468235765925245,4.429698513167916,4.118051574430288,3.033412186716072,2.536557723241895,2.4658636989404332,2.257550312750151,3.043399055462835,3.1041975665448067,2.9251277417856687,2.3909273664400006,2.2067578648507125,2.0705896708173475,2.133713332807419,1.9690353889958632,2.66775902737309,2.9054285099878165,3.0583431705493123,2.633841212491814,2.772145688698799,2.961584073018884,2.635026838632967,2.272852710658835,3.0007971483394273,3.610424041266758,4.088085009241432,3.465273165821751,3.111047619570797,3.1213769556503586,2.7640245119812823,2.7973789865359935,4.3658994601548295,5.184417072676544,5.194924031675423,4.480362615653608,4.0616203005756555,3.7966209555647454,3.467064895519606,3.4871725906368605,5.075805793734096,5.526985337373953,5.213667906785346,4.23687351716163
2025-06-30,UGRD,10 m above ground,34.25,-98.5,3.286948280939754,2.7491391759564614,2.5822911767947914,2.289405967305324,2.2578974441635835,3.294008217613602,3.6069534586164926,3.886290245007904,3.591394807835601,3.1616927728358277,2.741829731020463,2.6534124157701826,2.428323920752661,3.3534658075332313,3.5054810705083117,3.1212376298223488,2.3702693546387996,2.235305868565589,2.1129687309876592,2.098156024838497,1.899256631821965,2.5302826980236635,2.730656071138317,2.9968700086651254,2.6455405603016247,2.6793609053561553,2.633987778144218,2.430939146844602,2.2699068516173924,3.340161464979883,4.015212162425076,4.537195969927664,3.9026290839606697,3.6014623518580073,3.5863833344484735,3.3808248992331205,3.3746112296576847,4.876958103354426,5.73498713605459,5.421448756788506,4.716445439473578,4.158991406678583,3.8363641986891,3.544530921222485,3.361757699232609,4.565426265655059,4.661207866934057,4.402238524759918,3.5050130554201795,2.717916181701426,2.546211897360416,2.38731646017221,2.263282316894476,2.822483800381127,2.763561194707173,2.6545006038787013,2.4676156340029776
2025-07-01,UGRD,10 m above ground,34.25,-98.5,3.384881089229222,2.7966373746262714,2.4236530285104503,2.6079707584203593,2.683800160196205,3.5868893138204188,3.629733779539808,3.2568820639752993,2.430683504565889,2.305386977282629,2.225779195946233,2.129718648898887,1.971507932799899,2.451837923810757,2.9215678764522908,3.513469865316826,3.0071652432960105,2.754869632204823,2.6616807490749808,2.3868915495573035,2.1715495141976406,3.1146952467045925,3.9042359901125,4.3062994645961865,3.6626482221941954,3.192590756087275,3.2986353936815354,3.3259362154318435,3.44285453807216,5.017692655579237,5.686102330473798,5.390577124225399,4.7029092759364435,4.547157964793318,4.2178141109115845,3.767681218368395,3.662234626496653,5.090138438255185,5.237135669904019,4.920402229004919,3.962348848027483,3.384974969079086,3.385158289242341,2.9389774082813975,2.796476647053991,3.600455995204374,3.4673203326937267,3.3753976120440097,3.266920447215522,2.853207906125089,2.459852286436667,2.285636525497818,2.328781338800437,3.4084676167155252,3.539983612225885,3.5652245013500816,3.4284611458832797
2025-07-02,UGRD,10 m above ground,34.25,-98.5,2.189217102642785,2.042145658971835,2.057225171798838,2.1235107768645514,1.9301268990774592,2.4527609646272417,2.8952950960739106,3.3391663086566123,2.933396551122356,2.614857016349669,2.5985019924853305,2.38894970344081,2.1331782166418805,3.002352816037436,3.976656509806418,4.486375097051525,3.716513227476444,3.173409108685661,3.0809158536958265,3.030008658446703,3.025487107980218,4.430173816831818,5.241123266429058,5.1624958991724395,4.349469975221307,3.896126720046246,3.687727058324424,3.400687883578963,3.4513858414779017,4.760523111151281,5.220025075174659,4.97827006299304,3.983841275470059,3.481891134982892,3.2501754885030048,2.7228890351660135,2.710445749239516,3.3117206260703407,3.3726702463971345,3.2853919989383034,2.9839049958904127,2.7492759343632818,2.1389415299272057,2.272187331857168,2.4261049821279803,3.329829428221883,3.438536693006325,3.678437171683099,3.4884206360967736,3.4819372155692143,3.3848736734287783,3.047294288502745,3.130835497441245,4.159165601159961,4.2874579882897015,4.220682946039386,3.694105220511213
2025-07-03,UGRD,10 m above ground,34.25,-98.5,2.5828908637453396,2.403584924159877,2.32366300702391,2.166657037846224,1.8898743340961632,2.509343633106248,3.404569551930588,3.864263565784336,3.349198499055709,3.0055124109561584,2.8897599236848355,2.736653645035479,2.7362050430940745,4.340608581429421,5.275411812984317,5.168558060255336,4.242825640973252,3.72004847654654,3.6170490603917473,3.3105043505778977,3.1787082438496266,4.391205069517937,4.605250111890932,4.203730566935592,3.235477920868984,2.6271681314474415,2.6209837387718364,2.5328493721139953,2.3651983623112853,3.1022019156219356,3.572079735960847,3.4762784321321236,2.8935445451306556,2.636442679256498,2.2734805689931328,2.229224841098288,2.0460455799910737,2.3515668451558778,2.6466229668251415,2.8921372935681005,2.8097814567463058,2.7142153369868445,2.5860109651132355,2.2817761964104175,2.0449785724294185,2.758103405198977,3.28194081169178,3.555097677530739,3.329672085966686,2.8183560421504112,2.38560376873747,2.2332131510715993,2.188813776151931,3.1687622726129323,3.33315261982858,3.3004828054519164,3.307408103021805
2025-07-04,UGRD,10 m above ground,34.25,-98.5,3.0456619682928467,2.729277164556289,2.6778108925998145,2.524852665303972,2.588300351630908,4.177141173334046,4.9869069089888,4.83796513375786,4.005952116260659,3.4912807446617675,3.4442430767679406,3.141958224049315,3.054457861187947,4.317895832503509,4.679580157142769,4.424776467533334,3.320775159320146,2.720339961329833,2.5571507850142874,2.329976385712139,2.164883118630697,2.9600141463418455,3.2640133725060743,3.324800315214957,3.062236249775035,2.766789320633136,2.559172678308385,2.5605723785482253,2.2459319009216117,2.9923309454289493,3.442059125463462,3.500774958917575,2.906633195106859,2.606500210568209,2.4827759636277005,2.5083989368006003,2.465708035839521,3.34539968747297,3.628474026071679,3.474833761609655,2.977450796230961,3.0604036496619873,2.764846343768501,2.629877749979598,2.493022005134201,3.341067579557581,3.8402678946766096,3.663547464326574,3.2154578688479436,2.954877847916117,2.716946670807347,2.58249686687747,2.562655363850817,3.4776124963858197,3.663503682808867,4.033057836546451,3.898572204975274
2025-07-05,UGRD,10 m above ground,34.25,-98.5,4.014419521144212,3.4181110528030167,3.3220600231838233,3.1299921894496343,3.0838013425004034,4.339814366109,4.582136536169223,4.242074837627492,3.474879162694628,2.7166867356576008,2.537802119140493,2.4681020192112726,2.3044761774003817,2.908226068222491,3.2620967435277297,3.4784133650227615,3.2336404240947076,2.633103003342673,2.2290262778926273,2.2161744653966187,2.174167348371551,2.9998609252640085,3.242394337446334,2.997600812121065,2.9799824377779305,2.681476997544382,2.396378695483163,2.2282136868597067,2.120649730813686,2.736128281239342,3.155384550055791,3.2166180677483354,3.4198039785833583,3.1367564580442187,2.4253137949100534,2.177351131970353,2.301085345877129,3.280825796631282,3.8799743409813754,3.5769314447431424,3.2403127403607894,3.0144478613463965,2.971958454638221,2.8415889374721868,2.76157670114055,3.827298938758169,4.054061189875055,4.109235456898624,3.615224713935654,3.407179489380976,3.341170629813883,3.255231725841016,3.07107010933099,4.627727660639932,4.795433290751328,4.848237791875461,4.196796890466095
2025-07-06,UGRD,10 m above ground,34.25,-98.5,3.4124248580999677,2.797070182694533,2.733105462792506,2.5708703271565416,2.5229559843409444,3.436817640117554,3.798860463191013,3.708243116887768,3.2729699152645875,2.52145350656817,2.3210751063453645,2.1443121689355698,1.9770833986037717,2.6353172790706907,2.975542180565445,3.054613490754993,2.7863309639750926,2.8012047342712196,3.015492115202785,2.669801709624033,2.322113094393099,3.1782405013567727,3.666327698508552,3.6560995844527135,3.3906934448816237,2.9757720498246685,2.3101292788050376,2.2199266140452956,2.074934001848357,2.736204080652458,3.066785128472735,3.0750122686822845,2.6685120910685285,2.5932800825730156,2.4542956466815813,2.43521104909431,2.5520503152479668,3.6610481687177057,4.314136799317577,4.335983817868999,3.8816256253196944,3.9627978681458815,3.5365680024731434,3.527130956876743,3.376707272558788,4.579051882041851,4.744146741445556,4.746315144334165,3.9347479628312465,3.1648926408580755,3.2005273919902626,2.8857670657795262,2.630017039482256,3.6916893270228153,3.6148366055324,3.678260737705328,3.234411793525908
2025-07-07,UGRD,10 m above ground,34.25,-98.5,2.9841490547645533,2.220734562793255,2.04759065274174,1.9207627470882396,1.6989998021385593,2.282899464605886,2.712045376310731,2.9371235239962914,2.9983637987781013,2.926071794284714,2.761174716331974,2.459297093897972,2.141532216199358,3.3094535781711025,3.4697031002407144,3.1699543991109653,2.858841433614134,2.5080862459557673,2.215742998582986,2.1465859450571143,1.9010237460169503,2.5921737011137695,3.0335185632960826,3.2679408110734567,2.802134924872669,2.703711523730363,2.7261895056112104,2.7744151989003463,2.651115968962777,3.7233762538531785,4.4319000805528095,4.56122569783469,4.277004699114435,3.645015267278081,3.8238833937432473,3.5889000912645574,3.372228988694943,4.950510147643108,5.468014584967758,5.50972012059602,4.597860177856811,4.471867061517159,4.074651251599272,3.8863749894137545,3.691920663051667,5.007655283261615,4.569551828325347,4.00284519752976,3.1152315265056214,2.5484836812753793,2.430972331308549,2.294015773783478,2.0474342508756194,2.8464571513867782,3.214458013440818,3.418319486567136,3.1759587529364226
2025-07-08,UGRD,10 m above ground,34.25,-98.5,2.502730775752796,2.3747520953380716,2.3212857100132425,2.2488103157367982,2.0343404161199867,2.440664965532492,2.740011267602121,2.8048959562354474,2.9746600527021214,2.61155312396688,2.184580074243544,1.9407099915752797,1.7007990896416434,2.1946321628609873,2.6877542469087103,3.1012015468337024,2.8109769111899183,2.8006239858266904,2.763393027687841,2.640860543907655,2.8154462461449485,4.229683542162878,4.775645852267379,4.882067259928423,4.55082319007164,4.340898335085853,3.9777253412158458,4.069527727789989,3.9854878757280385,5.667633316614927,6.174645494112041,5.945681187131128,5.124032913045207,3.9985886344252433,3.45840177000822,3.2645153344513416,2.863089981070302,3.675374605300364,3.713250882894778,3.560444478989324,2.9739459556750605,2.6373762619425225,2.161994271603295,2.0194750056266537,2.1113688727533084,3.2564228420596475,3.832641070995917,3.964707830083822,3.369412176603203,2.96437854527689,3.1143186904390063,3.104185364456534,3.011192737770716,4.522129219971113,4.9920903584148855,5.058848163778627,4.231485354908095
2025-07-09,UGRD,10 m above ground,34.25,-98.5,2.3874000171100898,2.125460747556831,1.9923942658987663,1.796496785650747,1.5815982997517843,2.1863048809311803,2.814226864590256,3.2639362538304715,2.8492859661380585,2.8026134099369324,2.780683348894458,2.684637499525529,2.841488748569788,3.869344008891524,4.507445572487644,4.857552162669162,4.3650604544214975,4.388237664164114,4.050841898665154,3.604243067365654,3.628059654496325,5.169954125672799,5.635019121005757,5.764816994222684,5.290073233419381,3.956404622731679,3.5436530405335405,3.551181616109929,3.5118540127409625,4.730179549340702,4.425940756266677,4.190207050431803,3.5270161784851983,2.624437541856816,2.341541016532748,2.1939369457859965,1.935534710634249,2.788121317122155,3.09892409509664,3.22480238576597,2.958362237960827,2.33158092353143,2.0274929045844035,2.010837433292239,2.126013420531759,3.0254677479472343,3.506963710514772,3.465154210269396,2.940949200911769,2.8730761360844426,2.857719890262083,2.992220025993015,3.036638169826072,4.3108726636615575,4.777816784559611,4.681288404319345,4.159649993388704
2025-07-10,UGRD,10 m above ground,34.25,-98.5,2.711888187914709,2.6114100056544576,2.632738959999642,2.550556973090804,2.6180876865483462,3.939610734648907,4.492610776510601,4.468171187150334,4.004734402450191,3.935834933684233,3.7365150358742687,3.636700728633905,3.685312274874364,5.023441169773196,5.294312137858864,5.399500789654395,5.101937222587507,3.99653866698935,3.589257830664455,3.623009500952541,3.4892189203249617,4.936057105832678,4.983022444996066,4.800794436742967,3.443424923654513,2.738937450370205,2.402089846214411,2.2446478454724828,2.1714007103667092,3.1580009555814037,3.741116471371666,3.878409108891512,3.048164369767094,2.7254594608473033,2.5888823360585933,2.424501208095566,2.3903602896624068,3.6744476108291257,4.039949216747262,3.8190050440775942,3.1656468457779843,2.8850798215918076,2.788922344714826,2.5454093971472895,2.449610212407485,3.734185405681704,4.680917462514138,4.742832733578885,4.098892530043436,3.606649860487078,3.552027131082286,3.6215875762006,3.5878548469865645,4.875093257208908,5.040719548588312,4.61813719501625,4.236098464851008
2025-07-11,UGRD,10 m above ground,34.25,-98.5,4.09819249128256,3.874865164715981,3.877689134710838,4.0120736150465985,3.551794520240323,5.169710319221079,5.655382307430894,5.577827818814852,4.866413894077997,4.117362092197535,3.7909498015786824,3.619863648498716,3.5022998715595905,4.373315243627328,3.997573060506742,3.669018055470644,3.1029444889224074,2.4230027283655304,2.0730832852728063,1.919028237243684,1.842370633754142,2.6840044730464667,3.1494340651676875,3.11609133642391,2.4727486747660334,2.483203764968584,2.4338572119509827,2.0676218597906093,1.9143992809722976,2.8717894077794854,3.4897294780124617,3.485174363446884,3.2034187485846113,3.1694389405285825,2.7461420399644907,2.537312279023917,2.775133970790815,3.881276522197574,4.230080887532022,3.9559408330454895,3.742413137250564,3.0832317087589276,3.011654269691914,2.544149458964049,2.4544756325069264,3.0877718471740883,3.091251894870652,3.159347432078743,3.310486190452673,3.058164015823561,2.609240983564055,2.369906589150114,2.637530854373442,3.6146541380625528,4.202115893853785,4.3684942022957305,3.973436990598847
2025-07-12,UGRD,10 m above ground,34.25,-98.5,5.0224505299268625,3.79323720000097,3.213369671626577,3.423598249922698,3.5037042339660545,4.338288974645211,3.697840207072419,3.4571120093609227,2.9212931872803747,2.3137566719100904,2.078437679723435,1.9714005149548577,1.910259808435152,2.58156197278867,3.0067861358430017,3.0722578467661985,2.617419309088387,2.4230061962153044,2.2097437942124163,1.9361139388394568,1.8592420371124232,2.5602519265724792,3.056924522003871,3.2242122334729206,3.005022865390233,3.05578751425796,2.6486733831959497,2.563047086232479,2.6790244112595105,4.001800806678505,4.376202530981072,3.88199758841398,3.4228328310271623,3.074616439521709,2.8645188904358694,2.61006410493785,2.602619964513247,3.42664174900777,3.718698814911863,4.192912235956458,3.901788591358072,3.6530371747072703,3.505267135352312,3.6720034601706586,3.410884106264973,4.848531642729282,5.019486064318117,4.79020815792631,4.320966729235842,3.809255154035542,3.46730278429049,3.022697849833741,2.59437951990871,3.678042230410659,3.9165629602684735,4.1104785321242225,3.645106658170631
2025-07-13,UGRD,10 m above ground,34.25,-98.5,2.7930715272914544,2.1439162639175517,2.079827906129613,2.0452906954436094,1.983941204544118,2.6423126911940287,2.965939205820898,2.7885611671099184,2.2940756700936005,2.423373762795197,2.1593418143792373,1.764382394916129,1.7167228963160628,2.2895312606246643,2.6320140482901966,2.795032190869564,2.7786385579531143,2.919241337032624,2.6340281437650304,2.521492417563972,2.5044848823146246,3.914868653991977,4.634886707013095,4.359058869334319,3.655405637394888,3.875566499802305,3.8877484029423823,3.7230579158384423,3.4647091423427536,4.542278286518444,4.880189738398721,5.022315997258247,4.563734078475798,3.9176208380146056,3.499764855754557,3.3307188673606603,2.9654091366615942,3.462734496270759,3.0602381549261075,2.918770329823329,3.1469425537907423,2.8620811904824093,2.5668739803225487,2.299368862769378,2.1943516790578568,2.816264236275977,2.8211408240379967,2.761089255962955,2.8855838735148143,3.0495113354793295,2.909951826391558,2.580179605296534,2.3635974387576533,3.191022630744177,3.226954368819994,3.164257116227523,3.4671152033723693
2025-07-14,UGRD,10 m above ground,34.25,-98.5,2.0295880485774296,1.9891817019685565,1.8351424267034435,1.5915634331121709,1.3691880839121189,1.959031635824117,2.425259463774174,2.6964202034379454,2.586821506706632,2.7478301140887504,2.4734037814878684,2.2943585776030906,2.3430643207516972,3.470789972408255,4.037149518610732,3.908302589904262,3.3200339317431475,3.493349572986814,3.515158605468157,3.053941012940999,2.8247045184840935,4.266217006290343,4.932702134760479,4.85063569522606,4.1307285667772735,3.8937974225527134,3.627852227842891,3.4753853890067963,2.9470668235841373,3.9466526418556542,4.151314240292302,3.7334428245253775,3.665740422432205,2.869257610953274,2.6832802185348044,2.409064856749053,2.1877824081424504,2.9679616038324563,3.12361800550449,3.2249908394174893,3.3546388734607073,3.305853737580815,3.1220959437447613,3.0318739152059795,2.9591977391860733,4.06582805472318,4.177784130261954,4.181876566911621,3.842873429105003,3.695686438203017,3.470489954377061,3.1090678027222345,3.01607761521177,4.258578416013435,4.657040321702129,4.778410893342135,4.447652459577873
2025-07-15,UGRD,10 m above ground,34.25,-98.5,2.686597673234132,2.517297199744748,2.2704816145003575,2.160559227108948,2.2555314933910786,3.57760157184779,4.056666933486709,3.880500783025611,3.3042726698513913,3.594458699388687,3.622714964487278,3.0308713683646147,2.9227661742354254,4.343075265667607,5.0006167246050985,4.935491674502276,4.376865288032957,3.770692390696491,3.525329196986855,2.98818516060694,3.0337307422093613,3.741709465981791,3.641141798124143,3.4661918215432337,3.2583777407987204,3.0650830999015435,2.704331430389474,2.359737966414047,2.2295368618985387,2.9074672556155243,3.201609481790262,3.2317333545480262,2.9774857655393667,3.073097591601206,3.165514110774274,3.159639925244028,3.087616221751235,4.608581942280585,4.9541562966831725,4.864151540336385,4.430720575408599,4.3461918330599865,4.153018313340294,3.525579745641328,3.343848748868899,4.557329284037066,4.678259149349777,4.443447538011397,4.183510962557284,4.085044469362341,3.88788702918855,3.522491226625271,3.307251452419881,4.386647938407961,4.418179574500048,4.3677091698986406,3.943002346467283
2025-07-16,UGRD,10 m above ground,34.25,-98.5,3.3695418483398716,3.5127238967421412,3.587553608226376,3.047945016202359,2.940328316983002,4.161031541210976,4.849900838499664,4.858692658353274,4.115249615699732,3.690030639446668,3.2211754436501097,3.126198760045057,2.938284833879031,3.443298130357653,3.3458822281345872,3.0720972316699786,2.949600047083685,2.8510415354924237,2.594996714596731,2.3160168226736353,2.353747174711791,3.206683053352813,3.5937157220210816,3.73363413097112,3.187137542022743,3.2781116586084855,3.493462327196826,3.3856668670814756,3.459692801995903,4.841390239097598,5.1004036492698885,4.997697888500028,4.458766737232782,4.413818691401955,4.1905049750596195,3.661380603425707,3.4529282605175524,4.840545841549604,5.127817913861916,4.979172427788495,4.254044217488703,4.308268197754668,4.032875166542306,3.577207957901056,3.6519898900738625,5.274254602108743,5.469516287108334,5.277288520574675,4.315203944799057,4.266963890966078,4.318048606663601,4.1091708545456065,3.890795159004086,5.432794779246269,5.8677812686937205,5.840356543042251,4.578827508587559
2025-07-17,UGRD,10 m above ground,34.25,-98.5,3.854774917097515,3.19846333945621,3.075272525131579,2.820905385882176,2.839947299947865,3.345713891804863,3.026388161752309,2.88113842279058,2.957346946128368,2.9440101891153545,2.6902981586710695,2.3474685475325834,2.3324075200767855,3.2818092353967696,3.6253179281864063,3.7702030316846713,3.3451847562323427,3.3644165225976974,3.2716531235344446,3.0614909301591204,3.086333640211482,4.466097476208031,4.945918190815632,5.168025233957411,4.496006165160948,4.403812351372265,4.111533947014501,3.685833997830265,3.4900565991506527,4.738168603417878,4.808660228540278,4.744983817061203,4.19347427391316,4.194748271571096,4.023675393741113,3.5890102873900016,3.540342552803679,5.098717446863851,5.453643757617452,5.508482093876539,4.730303490852181,4.718695951044797,4.212984779563886,4.059811802558615,4.097199113428127,5.4103161912927575,5.668370492490468,5.544902762899032,4.693235684031863,4.510643859594015,4.1180838730858165,3.638265122369901,3.4729000736962248,4.799846559016149,5.143988918555198,5.044164961982523,4.309491923535208
2025-07-18,UGRD,10 m above ground,34.25,-98.5,2.452332699269665,2.542939565938871,2.395889792496918,2.29696998677138,2.339675004690266,3.2495655990510475,3.4652226876613996,3.5108609386735834,3.109251967474279,3.3538830928538967,3.411434696167137,3.1815271580096196,3.097254824915945,4.40906195317987,4.867874696094674,5.049061182095654,4.284246796450151,4.341132077154676,3.9676953493064975,3.407757060731213,3.497545996691719,4.647322211104615,4.721984171870237,4.523982338231306,4.015120476713998,4.072780149665249,3.7868016212079736,3.4006810797628058,3.2814875911451034,4.607359301272256,5.023931285827507,5.102393064934779,4.296485801760548,4.245665980542816,4.1658847396345084,3.7767518939006752,3.681796215987741,5.0594684230237545,5.607999040049183,5.516065444607428,4.4680126099174995,4.495508561648158,3.944128307715966,3.411188855416584,3.119342521669289,4.310342063089631,4.3767499553823255,4.020631002346177,3.384762652792133,3.13942819101479,2.746947742415034,2.3289137493092227,2.0315719072121405,2.889015808934152,3.476713393915804,3.810646789386915,3.417901986626716
2025-07-19,UGRD,10 m above ground,34.25,-98.5,3.118014080420301,3.1678986757007586,3.278044646881765,3.139327479954236,3.0513783506134047,4.592523821640425,5.252071308134006,5.312366469027791,4.316599816726277,4.359596664459291,4.306627648393932,3.626044478913568,3.6537013923317674,5.079990366602429,5.060643030923938,4.705497982710048,3.903165137471339,3.707321462671941,3.6372329824506826,3.335982775342261,3.2867907993774064,4.475380727480973,4.533401967384728,4.682093772535273,4.036000211105978,3.9761245230682665,3.726369393674524,3.399266953318765,3.465112963729087,4.66545352407525,5.027485420881421,5.008836438588915,4.244203805902872,4.197047911528223,3.9971721853899007,3.4711064930428055,3.021756483726942,4.053746103924274,4.189970922554326,4.227174360373014,3.6354650478479584,3.19458169648715,2.9298801511363948,2.5181691854519954,2.264564677729034,2.649222850576977,2.8136969651784716,3.3314554984294995,3.351100615404238,3.285193107981175,2.8691573365914667,2.3577086736080446,2.131434107707978,2.8749046122851496,3.341828705601116,3.700102414019551,3.7449591357262126
2025-07-20,UGRD,10 m above ground,34.25,-98.5,4.099931938249682,4.079447645651806,4.035784266792664,3.628191926775461,3.469250350689166,4.7995815525620955,4.79185152053365,4.760356711932714,3.964622588875491,3.923668117739019,3.73520778601174,3.4694220944858563,3.2519970358638517,4.367397840974511,4.71443576177138,4.886444120431314,4.102437522713398,3.743372117624664,3.4895824834776934,3.229567140667966,3.221934497839917,4.413334266364064,4.782541815701034,5.024832954413766,4.1942466856722,4.050590109082368,3.9914619379513248,3.5053055752876663,3.184844149333657,4.477230337761736,5.106403352777007,4.990386906606767,4.035420206493111,3.829122103301046,3.5091283440175656,3.2475316467771824,3.102926826050468,4.682584750631698,5.023204368818188,4.790913298357254,4.051661498083023,3.928583376003046,3.458742863005959,3.0661399675592325,2.676712873795136,3.5925099481736193,3.3416955167118703,3.5144784793266,3.610870017715634,3.830082993422722,3.406958111373353,2.850076321349134,2.605821458803304,3.7799160521238857,4.150624887297865,4.399195644232332,4.19122070516498
2025-07-21,UGRD,10 m above ground,34.25,-98.5,3.910414799830391,3.771544253014607,3.616010580860887,3.275800486542187,3.196692547059164,4.450616550078292,4.448803430255822,4.719142425610853,4.2053478745331265,3.531584650370746,3.4063297912107355,3.124975456294368,3.1259462479610463,4.520165876293949,4.8463905857823475,5.0067289507074495,4.281113696060391,4.047631086615684,3.9726260529740474,3.5840695671926803,3.3203363361716756,4.56883537913788,5.086242039744839,5.141405317314727,4.493624046947222,4.2033435291676495,3.3308077944891847,2.9479106910736235,2.711280199414418,3.731077768381,3.9968555636620087,4.050348398500571,3.68874228651885,3.339124599193425,2.891749530686843,2.567602093268802,2.2171266152481026,2.9141618168139107,3.1353092723320106,3.4867361906264183,3.2637841023800873,3.3659156070582377,3.0540344210699377,2.911197376436754,2.7088884859628863,3.761828014303286,4.019662374989161,4.103660034271247,3.7711222518854752,3.824145931755332,3.731561837993176,3.2442861562362713,2.9279734718740333,4.025063077846072,4.354709849232805,4.875948406420793,4.55313999137857
2025-07-22,UGRD,10 m above ground,34.25,-98.5,3.672825293448138,3.1665900806159004,2.915929785623546,3.112122253672437,2.971230744604901,4.210790329934047,4.5605319150248,4.952471788546258,4.345370026967059,3.9985326034599113,3.9065906079182335,3.475203745360183,3.3569082876829337,4.5831092238757245,5.0401831316500125,5.079002524678582,4.290815364870699,3.977726643900779,3.331104894152114,2.873939415269834,2.7179065901008355,3.746347824762085,4.041115807114264,3.958241340811222,3.480856261210813,3.3218349381421053,3.2576499090925357,3.051054303231048,2.6782826778552424,3.5931686439475925,4.0086623454146695,4.19637499005403,3.747114740168886,3.694915916180941,3.734093180872893,3.4839322168099707,3.2464212498922462,4.648088735009398,4.722053138710066,4.644852423326637,4.205460548811449,3.847700365531197,3.7532344733013097,3.2555349211152675,2.795371956162029,4.008873543197995,4.109557486042938,4.404417906022644,3.876229117311075,3.7714003024076543,3.435872154736078,3.111620659532991,2.717308418267968,3.6312541453482705,3.723326919138795,3.657261957757176,3.3772609667825697
2025-07-23,UGRD,10 m above ground,34.25,-98.5,3.97063176853514,3.7136478924449055,3.669520019542908,3.3066193161696606,3.209983908548031,4.476375732276784,4.895553301955246,4.999555886135036,4.377834504612899,3.791236006218923,3.250534422288327,2.885172749641509,2.808510410219197,4.033470818901427,4.345918768474779,4.08383107210259,3.4103547032003165,3.1641824829608645,3.007425463109203,2.668712118432542,2.433163438512189,3.0620676602577293,3.2500372992067117,3.507604710611375,3.088229905982915,3.0771288263700773,3.056950701121356,2.9302503270652256,2.817284752108641,4.306168789665714,4.374209781339891,4.435926661475036,3.994044345093532,3.974505362053691,4.022024992157567,3.5308620189912423,3.213072386187984,4.656019196033606,4.899920326917952,4.938776240616069,4.028779874756978,3.9889271261030017,3.769658239137203,3.29171381021302,3.1426495968955583,4.3947884967727475,4.565801061702212,4.51175276582064,3.50717206047189,3.443279797598216,3.4245214384914675,3.0009138868726195,2.728838219537527,3.934824475088618,4.149061358228888,4.008616898227428,3.6476003330071247
2025-07-24,UGRD,10 m above ground,34.25,-98.5,4.357121891171605,3.886931644000792,3.381728902861255,2.78959105496223,2.5722930217377615,3.714834335083201,3.800642094354584,3.76513142296179,3.2826753816290974,3.114288568820533,2.8678353341786735,2.544104472399951,2.4673513301182393,3.5612763501181974,4.079254708854217,4.250622687112241,3.744888774064708,4.024116389555578,3.833222656787611,3.681048530191352,3.607632810623646,5.343039990286367,5.442583765592897,5.234254437858338,4.2815400177264085,4.176108856684559,3.983895805869161,3.418813974945682,3.2901122902846685,4.833155791932892,5.152707901913889,5.249116442084125,4.183403308731483,3.751865451887479,3.663992112665018,3.4216834057327734,3.2143748779830608,4.4562608602120495,4.681245083743544,4.511544015548738,3.3856967855308446,3.142212385049091,3.394023875069786,2.931379286732181,2.573866667876863,3.388844690224928,3.5315454439943053,3.646749541344574,3.237065703651753,3.11586641947939,2.7876316766573424,2.5445149820215964,2.336828914670297,2.820851499860775,3.0992731906859747,3.581822335749406,4.268962699219954
2025-07-25,UGRD,10 m above ground,34.25,-98.5,2.899427919183381,2.755148180842389,2.544499493024093,2.1372889986158192,2.026943096274978,2.9115770205482674,3.3654636492456813,3.522454874407061,3.0810326844114337,3.2742843774464117,3.0085659942279923,2.789041174877677,2.6406882736351145,4.000259864552319,4.527958421655855,4.6376485991506735,3.6952591430512376,3.5304046732927343,3.691125113405957,3.485004252912468,3.1167470856749273,4.627858040440817,5.020119706478079,5.224105621048646,4.1479915327567864,3.786454377318798,3.661633993717408,3.3421081384351825,3.121057058842954,4.314841053828432,4.380260599569481,4.381416505943088,3.3823910759045317,3.0068703355501514,2.970624309735677,2.9773581447658106,2.68264727649047,3.3305571648402053,3.368340350532238,3.712067537621324,3.1484737010167194,2.766389291989064,2.6966862366167095,2.538166258481682,2.5684601572582437,2.955039841228158,3.124533200874441,3.998631782702816,4.614487359485812,4.391631328358775,3.703571409994286,3.5251423315005477,3.4010307338551016,3.894525523538441,3.824402375402768,3.816651854458793,3.7501004174800863
2025-07-26,UGRD,10 m above ground,34.25,-98.5,2.6348646630558177,2.7297822677621006,2.736109152473248,2.526472814482143,2.2983766471819225,3.484483236180932,4.019578433868112,3.986831890040658,3.194676014741012,3.3006019213800366,3.4132532683553327,3.1432530539940986,2.920502634235703,4.0552037966773575,4.312691060466278,4.558480106717328,3.91786216219798,3.6479203244885543,3.4583236553764483,3.1234884491860555,2.796155791937261,3.784664056920595,3.94119888334629,3.946995081674353,3.039690412673686,2.7237228690555675,2.790048609388523,2.582559441669428,2.314257632558314,2.954801111789167,3.1727465108801676,3.553076522375595,3.354600132092126,2.697279690657854,2.442580847065722,2.294573895966441,2.193786316037296,2.533637708243066,2.494890522576661,2.93259255747772,3.549717637831915,3.9636898352224272,3.3215039432280946,3.1387716805858705,3.2128978682776306,4.073526581908433,4.220383811875621,4.4520768247876354,4.649408568019791,4.642187869011252,4.226887297404536,4.0299525212693545,3.924405789977364,4.351716945543247,4.440351575714232,4.557575158520066,4.553136226894328
2025-07-27,UGRD,10 m above ground,34.25,-98.5,3.3939265134532532,3.274224745227004,3.2010377259229825,3.052710395385364,2.8549038467544468,4.0698780249385775,4.25627143300129,4.331352525628072,3.349358983772595,3.3993832900513574,3.432384073961795,3.069911448811463,2.773108613772494,3.91398818638676,4.1696737200310245,4.152261041118601,3.1945150691253787,3.1407512809080576,2.9197052855183157,2.7533017030787423,2.313751590635893,3.067169613169083,3.2317353310946357,3.4160964883913794,3.0104322664351306,2.892233849683766,2.613993937903794,2.3353804273826855,2.4878832117018823,2.9628334379878414,2.677298992261585,2.931327719727517,3.7122026517878255,3.960008088415939,3.6351566313543096,3.568856526658186,3.836409253466617,4.74935906565582,4.63861122669299,4.474901245051054,4.706624189014629,4.377786151882675,3.9873149031789614,3.568661763899253,3.5778483940198327,4.232487253962141,4.405991895171676,4.32429462979786,4.226032488289879,4.217564989220946,3.494799498410104,3.366608330070575,3.164898646138882,3.919564307509633,3.922376329507872,3.5751887882312636,3.352042370147389
2025-07-28,UGRD,10 m above ground,34.25,-98.5,3.5418196060828113,3.3421084820655755,3.4829808903576422,3.219088323618304,2.88888597263971,3.9094160942994103,3.9185452420161537,3.772681292980403,2.9679107036048817,2.825819323129606,2.69948334267327,2.4379573526565417,2.2541763855763097,2.6774677174747996,2.940029953693162,3.2905637384480033,2.9134438652368737,2.9815879956548956,2.549650975451362,2.591064296930951,2.4854496213411297,2.8284240639636145,2.7860764251706316,3.2404092551691077,3.761608699512273,3.806818213352223,3.421829408784639,3.2644155340236756,3.5120983437901394,4.327477026769408,4.397817991792737,4.542819680099383,4.6925422195472795,4.591718704432929,4.065820367435771,3.7973246524682014,3.6863356245079792,4.593288119505004,4.727266204780836,4.7522537586629685,4.345800464905787,3.7982204004965863,3.2605100896590677,3.190918841746388,3.1105676663047475,3.798994887874516,3.9011122879688136,4.0245018409956606,3.68658633523862,3.2356927008728347,2.898209697167389,2.598692670506233,2.3474077140306484,3.266274220667323,3.4648604044873106,3.527400359648597,3.1311174187184436
2025-07-29,UGRD,10 m above ground,34.25,-98.5,2.8724657627740964,2.567153568505577,2.411840068778865,2.43287928809943,2.220935995435991,2.828667687225624,2.5917964247739995,3.09642517012801,3.320812561299688,3.1129633507929677,2.758862717808398,2.661214904161249,2.392847227053921,2.8036821393942484,2.4546778635946858,2.9457869684540183,3.6136936628416145,3.8498104557984414,3.683338405478964,3.4682418045202863,3.655934850522262,4.31511982014751,4.527255499955882,4.625692774528628,4.790052959418247,4.473568413739288,3.801644792261821,3.6016973963807546,3.6816414858977846,4.707992842603703,4.7897372064148005,4.621511037480832,4.377606800769172,4.014892732095846,3.49976568263149,3.4082342357820608,3.1527393673730097,4.136763005569003,4.0357127401992985,4.036130139073419,3.617358316944596,3.5716203752966607,3.1745366781084425,2.8446247372330156,2.701849138291829,3.491566948978016,3.48053901292408,3.4504624404384714,3.363507080354895,3.663408849197842,3.2640608581997337,2.984998375468578,2.8175743138145095,3.3911093089749835,3.453970063514409,2.836984972135217,2.736661005493722
2025-07-30,UGRD,10 m above ground,34.25,-98.5,2.800384729357153,2.7820564913125105,2.3364391980587165,2.268714415535531,2.1231236637096265,2.540418031616457,2.3755946096092933,2.7188006251169368,3.6275256947656023,3.3294246079652132,2.912051401228151,3.0034802199849944,3.3124160558689177,4.2000333358853945,4.3960207938925056,4.491650217452694,4.751803473531332,4.417422107250598,3.716823454728206,3.5476364877309563,3.5410205915854895,4.452568185823073,4.161083981401012,4.141467189230349,3.982079943019955,3.4900754863831676,3.2166938987209432,2.9537425229692538,2.886603421303243,4.083444835186711,4.083977278295761,4.089492826000334,3.7448295686022086,3.7752429676728823,3.5609270877878796,3.3090499706049807,2.959605077471197,3.7762524597662273,4.064882354934201,3.875784413299351,3.509294860388053,4.057697986726989,3.823814485625949,3.0518135589285196,2.6904760075101444,3.060451807087393,2.8267441778930995,2.60867497586513,2.4624679492930777,2.644950181152617,2.463601301167014,2.033559226716271,1.8094630234975608,2.405579708159388,2.7182798937413946,3.02899264857548,3.220467974705463
2025-07-31,UGRD,10 m above ground,34.25,-98.5,3.4885085283363075,3.4048066705894287,2.9527357576494415,3.1069393755520744,3.375665222445666,4.476019566910767,4.414841105799871,4.555240249831438,4.815417849418898,4.2156573857259465,3.621112185012211,3.6449632495607824,3.5631237228810138,4.636851909079304,4.361404398422825,4.161110187069947,4.043585823069888,3.683398854567549,3.238172608451409,2.9928953384020622,2.716151197996979,3.783383675730918,4.050817981286015,4.141465480897509,3.713217112702521,3.846129387506508,3.608962413728562,3.144074989198497,3.005809971239093,3.7232278873060154,3.470541654820918,3.3632505821360885,3.3358171899132065,3.262649043856172,2.926510085008706,2.2947487880624156,2.0374740335961548,2.5213213279087636,2.5986943303262846,2.4608027084735578,2.481994108044777,2.639463169429918,2.50070835947166,2.159246893970538,1.885048758292078,2.6083246932493274,2.9821688703730036,3.1776403216641897,3.056646267607798,3.498282126431805,3.466726645190012,3.198123794100618,3.2526505703403146,4.441679092544183,4.449915207846695,4.403724477887435,3.5095003715439708
2025-08-01,UGRD,10 m above ground,34.25,-98.5,4.49250227681751,3.843178490547136,3.4828210033510736,3.350285420984666,3.281178435529622,4.422018854305641,4.404353952810182,4.33740886826655,4.071960037247397,3.5349577890210764,3.069858188603365,3.0722625154942076,2.8115033706403,3.808639998953795,3.869492248870057,4.010939418088334,3.656246488795995,3.552077092055317,3.3424437598986616,2.94438995581054,2.846655718170691,3.625348271059348,3.4467424334056083,3.363918392503475,3.1508168441442868,3.4364544932859413,2.8148313832498415,2.422945811350794,2.152466976260576,2.6724500714441124,3.0011282483274107,3.1335059054438843,3.0191012207473475,3.037768477371061,2.753606559788524,2.4801760707333473,2.361929880811772,3.2849642753077983,3.571910515698328,3.4668042398916823,3.2755065028291295,3.4865539806099575,3.499259153097969,3.1806792133607154,2.855987107791383,3.997865852621447,4.310983186132494,4.390963523924033,4.081779122249342,4.179612258459257,4.163914861750851,3.8828034201853816,3.828656165903809,5.30773726771899,5.466681021830514,5.378021784370543,4.763948061256354
2025-08-02,UGRD,10 m above ground,34.25,-98.5,3.928197671978172,3.4401239799824084,2.9287342795515947,2.91662933026588,2.765910708354813,3.645451579905974,3.848831032858172,3.883753758261879,3.587960981987476,3.4540266719907535,3.0894083207044707,2.9208683762403105,2.702158937730248,3.516103820348776,3.3677759346918057,3.327924205420522,3.0577078772092743,3.270441036423426,2.8347478131868407,2.4012947584178006,2.1529392156671725,2.6129011236416577,2.666780439601779,2.7882365326321947,2.935567171106403,3.013925576800945,2.777263433941198,2.502416120944384,2.4544296946570467,3.490996620510088,3.80194636454578,3.616946466747042,3.627278891940727,3.909750328434694,3.8735402585828265,3.524094826008736,3.2481397912215795,4.607605109041213,4.78662487331444,4.649924824018923,4.273373040126208,4.28742387201308,4.192987697340684,3.876211622667739,3.7252028898019542,5.147597167617322,5.493916379440124,5.4699076775534365,4.74562551434555,5.005870388955194,5.108797071338744,4.752295419451764,4.453145025739444,5.84217237570802,6.027123044242076,5.70809232976425,5.146377029499998
2025-08-03,UGRD,10 m above ground,34.25,-98.5,3.505049440310138,3.2242585782781195,2.9470344657382253,2.7275209911168723,2.6319054236203554,3.602688823095148,3.604428897946125,3.2263733833366013,2.9929651309120957,3.1989189880914344,2.7410033187797165,2.397611689263269,2.1901515814077683,2.753167251436879,2.76770681690731,2.809760372370177,2.873167065841342,3.102934778685345,2.8770751235263345,2.587437332368967,2.51850106623938,3.5030005909796307,3.6013196702380004,3.5550145629438292,3.7344723549247,4.2176954198327135,4.245192039349013,3.8571859094549463,3.6204100024934247,4.83802880102526,4.967049043589363,4.854575677548515,4.336809102313606,4.227499207203153,4.37569028486355,4.072803265358878,3.890973500887409,4.9831593530762746,4.891878737833671,4.872245083263945,4.4285477790405245,4.554314294783383,4.663863840608544,4.388852147253794,4.100009366247177,5.423426843696449,5.416119197444123,5.2180959494106975,4.497740535056663,4.327930440549679,4.282668651732178,4.052532329282037,3.6993472731005297,4.613058896005461,4.497906105592129,4.670824649979254,4.5601554888501905
2025-08-04,UGRD,10 m above ground,34.25,-98.5,2.947935301919804,2.870156572124969,2.5407187857882607,2.3214315337532363,2.122166046795387,2.446066656126504,2.409357151530365,2.4299834235555005,2.716812017801959,2.932420783112778,2.683005964327087,2.390839478327953,2.326532537615954,3.0608216990411963,3.228480162994924,3.497850952681002,3.4627174329791135,3.734573365439616,3.582299088883249,3.3147756344925012,3.287947430507114,4.637010712188429,4.869764846470048,4.742074761224391,4.3102331889744425,4.436764861620494,4.499168923334883,4.070752805651874,3.827721653647678,5.147362070069161,5.1821998439163615,5.0656824000892104,4.479798589071112,4.617863734998941,4.700609957980259,4.389841388619851,4.186143694039998,5.6213149770164765,5.826993685398564,5.658891360790342,4.773765808859949,5.059823220466941,5.373377390129031,4.642707895406551,4.086254345428375,5.105805846461955,4.397863624367605,4.300986363153097,4.368305492597269,3.90179132187195,3.3650401640483176,3.116674868255399,2.8529571525829,3.6674550845829943,3.758736549241952,3.8026863332785505,3.389713340600294
2025-08-05,UGRD,10 m above ground,34.25,-98.5,2.6447707778967824,2.7031242456659927,2.428678279158435,2.1769273486917937,2.0808421305694687,2.7839289203951707,3.134000955543479,3.550115420271871,3.374847886038032,3.5536256174715453,3.476313799754779,3.221789930274785,3.2041800620412366,4.468399922129609,4.638209137779782,4.69706519175053,4.146429419820459,4.243369089732653,4.2009066795031345,3.934346288153449,3.8390311353286535,5.027791821711447,5.16796606506967,5.0400748576632814,4.3030573662846034,4.510792447319634,4.675515042626941,4.552512540073982,4.52310157067022,5.744050776354957,5.948897466789567,5.8491905416383,5.004387045864167,5.281691433130737,5.481304357432763,5.10163982833793,4.748562183096968,6.104287553345998,5.927715263121102,5.438327745635104,4.5451372814587865,4.768843130567131,4.832433271922342,4.2186246334361615,3.8699098188397736,5.087534327012824,5.102818759661453,5.187601161849505,4.68532950278734,4.413849223459894,3.849152279687331,3.125435166052362,2.6123621458586617,2.9623939308269764,2.9677092396283533,3.144166841713395,3.2310004097263683
2025-08-06,UGRD,10 m above ground,34.25,-98.5,3.4098429200079083,3.3886429680589867,3.2585476608540667,2.9550967653674913,2.830002123975671,3.997234226356451,4.37383538757892,4.546211078624101,3.9476168653890897,3.989180061923277,3.9540025751912022,3.6370889394615378,3.6269565722694415,4.766398877521598,5.167717081461197,5.3057656738576755,4.451631476309258,4.59062574414146,4.969727044601523,4.611190625650094,4.552073422867796,5.965522092845766,6.303125592447799,6.104058815191139,5.099681720478589,5.438137658293847,5.452915173704882,5.13903743279504,4.792283138129916,5.874590278243016,5.882232519967861,5.442797263891965,4.656127478009127,4.856344142402666,4.946441069330414,4.464515549182762,4.340673537194818,5.306444871633067,4.892354956112881,4.913397988305999,4.196635298520951,3.870982714356955,3.23983020663685,2.786721523997247,2.3615025855842884,3.018221573659027,3.052495641905698,3.245010605823349,3.0063670123980835,2.7324075345318937,2.429846530958997,2.367709117471174,2.2423567979932972,2.5319635592143044,2.537251890529584,3.0198029583664714,3.160600849941855
2025-08-07,UGRD,10 m above ground,34.25,-98.5,3.6684460445169087,3.355600537626917,3.3853843018891796,3.174549537647821,3.110691853100546,4.421501138746672,4.761448873508174,4.939677839514157,4.209266273238139,4.42901750847436,4.848323689039752,4.649147694396345,4.623679091246046,6.17538283091328,6.450855237922713,6.273031855158159,5.309130670143534,5.6413889463396,5.8055786504933415,5.670837235676983,5.0842624204601226,5.856200497344824,5.565549045541605,5.079799332454718,4.227945824616857,4.454690655091259,4.294195049897533,4.08452834278625,3.8247285637920942,4.712479120242273,4.697381563006253,4.6102445248683654,4.098177114743985,3.730055306489022,3.4786769575283585,2.894708802313101,2.276621061981664,2.754368092628825,3.4168795617547296,3.7798510097990663,3.4415397236303145,2.9541291818478186,2.67198081990317,2.495431920778394,2.510187964517973,3.926885735156505,4.734213161026368,4.732866588074098,4.259153342674553,3.990980033458897,3.9615537270969146,3.764352217981991,3.6617359956479887,5.4249307558460425,5.85567201697281,5.616976156393811,4.790445824905112
2025-08-08,UGRD,10 m above ground,34.25,-98.5,4.196536030052526,4.077335401040081,4.344072419843897,4.287675662838703,4.3428799995424505,6.020756197100951,6.469263426604702,6.410603868051951,5.495076947027181,5.651649999698192,5.344954084653257,5.099306785892701,4.8129363442404625,6.113255247353483,5.960944055718931,5.6531179155457565,4.983630808040282,5.3519864882209465,5.500928563446159,5.05620172542883,4.4549351372643375,5.611664927494884,5.11070152528441,4.968572039397236,4.965197199572008,4.259750808901941,3.289543658620664,2.6913495114798724,2.34471065319619,3.1554599761785393,3.466722694750996,3.4105099334708986,3.2809910118739336,2.8367270935058677,2.2512221195966906,2.0565644824220506,1.8620105753663776,2.4076803377752523,2.752985823328898,2.681716801596279,2.7951442705996703,2.603467353138712,2.548909746079472,2.2927205647264373,2.0002128949481186,2.6012341931619556,2.850295444665789,2.9671804756033753,2.983918186533189,2.9797209001188794,2.6250069374947658,2.205574982680877,1.9997861754037776,2.887725586361327,3.4145767844604187,3.4101754589020983,3.223766528449321
2025-08-09,UGRD,10 m above ground,34.25,-98.5,5.281548687582303,5.294863789418682,5.303278067941779,4.8382190874025826,4.549842833478309,5.900476017863538,5.749974574373956,5.355385849432862,4.706626424416198,4.889938971341999,5.220186684283345,4.496646913167073,3.6751589741079567,4.759594398045417,4.5205198593520155,4.410524356839872,3.981893678393006,3.954680740134415,3.5065567516434264,2.9229336878975065,2.274822680216034,2.735161972004448,3.1591365501017155,3.2175885891109286,2.7569497360851276,2.3343277609172626,2.106738960826209,1.9789916808077592,1.9009171421660975,2.48889053863778,2.692204767683452,2.726243675518938,2.6245480479323016,2.3577593146065965,2.2973245793570425,2.1639156694796515,1.985385293242774,2.7518274957515976,3.228215127202021,3.3870416226715943,3.1012035912233564,3.29446976847247,3.222082079301015,3.0564297750045943,2.997179993721155,4.552940126382184,4.914211919198472,4.9525823612417845,4.429300021753948,4.401770303964284,4.100515379256791,3.8849147640442823,4.02880539717362,5.6884012944706965,5.8863227796292374,5.7889129800746675,5.020542229918399
2025-08-10,UGRD,10 m above ground,34.25,-98.5,4.338334420605733,4.271050435893937,4.377637971839315,4.052414674391421,3.4662500876295184,4.417074497530658,4.328594512671058,4.242662091176672,3.9932375888412506,3.957164855414981,3.3716959541481595,2.7073428755989095,2.2855892072533326,3.282217117049405,3.7598605028353393,3.4647914682192456,2.677245309655087,2.7476525648284382,2.5353131985760613,2.503671366149096,2.1905371496091903,2.6176962486755215,2.807560008514111,2.882272040404869,2.570617373829559,2.367621786353567,2.052588198420409,1.7590945284140416,1.605867301382256,1.8924395800574143,2.229911709238217,2.5986819641370897,2.817627604497927,2.7928803474681745,2.537878764227109,2.171025406172109,2.169391232182015,3.118673948203962,3.4056245621024814,3.53486403270858,3.2973072214621992,3.3604267111962427,3.044130472780207,2.6751155345260997,2.6296439293930387,4.0151595067357215,4.502969549681046,4.506824389437992,3.922638800336257,3.696224374463033,3.5270963421064643,2.958537045140117,2.768344933643941,3.8414227610025913,4.24648279998925,3.996500468169988,3.3173190765040363
2025-08-11,UGRD,10 m above ground,34.25,-98.5,3.3886849408474884,2.920957324709242,2.719856207958661,2.6938297637241924,2.403108527333841,3.0768163334493877,3.29944860130899,3.201875734736643,2.928499199981798,2.9981269463727367,2.540849576766493,2.2120772245132834,2.060085664883627,2.4505550556492697,2.6730141070058417,2.7599655404060695,2.6219259969581112,2.3485819035662967,2.138755071891719,1.818316314043945,1.505415259456948,1.8466823052633812,2.2374088701269756,2.729182364661897,3.12646791406811,3.1190029699224393,2.869432441730833,2.4521723314288595,2.32581881489039,3.511311316578234,4.055471346873061,4.19906794706108,3.8315229289747936,4.036903462797031,3.8401179271517063,3.3260511812973252,3.22650764316809,4.878244967107415,5.272474906103014,5.105090523141004,4.22041099450257,4.417032218673494,4.081026834925471,3.5484587531935863,3.4267188109278006,4.843003549274686,4.875877705697757,4.679372448632834,4.099441124872479,3.6598893093032623,3.1936262707779592,2.6947389020576593,2.5135962827998974,3.3225197626838323,3.605333771330694,4.14424419529175,4.151474758743733
2025-08-12,UGRD,10 m above ground,34.25,-98.5,2.666010634609873,2.437640480659815,1.995618178056825,2.0273004393882412,1.8848807481509244,2.394452926128344,2.5052462711632297,2.7864138537453575,2.6907136761981834,2.301027566442114,1.9985773752757288,1.8416538185485656,1.7316948957633729,2.3052625378553877,2.773354824768035,3.1108568680849444,3.3229189384563016,3.2889253057004133,2.9785990062425975,2.5779598892826687,2.440362087267627,3.416381534436604,3.6746397744693486,3.629331971773977,3.428797362717399,3.638079037591167,3.5982105783312144,3.1642812175117014,3.0327285524994396,4.368500986057845,4.708325961013935,4.8285699992448485,4.124356618452751,3.963081975731287,3.8692917487632816,3.542155489188232,3.407211673320697,4.903974772951663,4.9205970267685775,4.929332700583496,4.408920968870531,3.873367840862732,3.5075100854009476,3.250385682949134,2.9017305475008177,3.939431669468812,4.08521073347667,4.288369369816066,4.217054328415758,3.474669903495004,2.510945772211459,2.1418696975521376,2.037926631808134,2.476833008348968,2.7297620864732535,3.210701519050927,3.4404226076686655
2025-08-13,UGRD,10 m above ground,34.25,-98.5,2.4222832219898773,1.997768585328536,1.740545136254505,1.651964508186339,1.6774962405220872,2.168386313623023,2.466499990670165,2.751675576863288,2.8701885420649846,2.8590649787605313,2.6691278003739276,2.33639763441583,2.358905487887525,3.107580591114623,3.412440567890744,3.486270802492661,3.2678737834425937,3.498102927814712,3.446680569935383,3.034676276465537,2.8182443679741356,4.103652135573277,4.571584290454348,4.670603683680016,3.969819242436908,3.9121538064332704,3.791499399510813,3.3075549071218737,3.096821915279704,4.406372260125381,4.6346200748305355,4.719551498301273,4.0193891072097525,3.791389496115186,3.653395484527501,3.2669904033481183,3.09705238934018,4.154368966891141,4.334037670504157,4.363359057581093,4.019971189260625,3.760156410109749,3.5931092795265305,2.9936419274686465,2.544876735883096,3.325414031666509,3.3482995175712538,3.412163759379399,3.631644084664973,2.810966375326566,2.463467454609503,2.1113229635584507,1.884253049574239,2.083808125356823,2.057906914248478,2.616889766691637,3.5519655456853663
2025-08-14,UGRD,10 m above ground,34.25,-98.5,2.8236184848963166,2.6359334738809155,2.4571943016536872,2.237309518443191,2.3010105316506406,2.924765651536521,3.068923333336781,3.4872792977918836,3.233699558995059,3.3681670015693848,3.3619619219351193,3.004691108741442,2.734375714336114,3.961490445976394,4.39604075803608,4.629285115589488,3.873778837735133,3.7430628311326166,3.730148747613819,3.4294026680888727,3.306782701461313,4.692865530847553,4.915944496549471,4.801780859186673,3.999306630917549,3.77847059794303,3.640383152938462,3.1425368953063386,2.8166382978442432,3.990479473779666,4.293081700443308,4.299182044364462,4.000071115718847,3.5584168992374576,3.3228631548412704,2.9315985030442313,2.565539079162839,3.396971888508184,3.593087895264697,3.7920914317138106,3.573689358397124,2.8887026169894106,2.5673646403355317,2.3591852598669365,2.220181727609974,2.6424955948109714,2.7624994111152814,2.9820622489256152,3.4361672975068367,3.105637979424887,2.3734992493651568,2.011427607846988,1.994236239227103,2.7883255655858186,3.0404360341358783,3.4057211259842353,4.04896184280068
2025-08-15,UGRD,10 m above ground,34.25,-98.5,3.2449885575601916,3.304237723081405,3.2624080678548717,2.9049732234253094,2.6688908444679975,3.8474107266787785,4.275647098600691,4.480696215892408,3.772214964082021,3.737184927233125,3.6460759836538097,3.298519108816494,3.1794540775744755,4.631825741545189,4.675653878643969,4.554543223054261,3.9757619331377434,3.798173868832044,3.5413191435751745,3.2069385132062473,2.7810679117229737,3.871339410066122,4.327031945297274,4.618264874222433,3.9967815678989744,3.6428368644149502,3.308237215536974,3.0253281477371496,2.820989146081517,3.9211556901783298,3.9137883597085974,3.868135497893147,3.4046140015234148,3.0708906977810484,2.6026319586777142,2.3700870749312823,2.280388627311826,2.8301551540055647,2.980771740380181,3.332685386604825,3.768238655708149,3.359281895827809,2.761788112537429,2.658081311562123,2.598258695925141,3.4376496163577066,3.742174402456876,4.1894327889271334,3.9767523916183336,2.946971034339353,2.6487446454113437,2.505214784513846,2.427213954517013,3.257791453253975,3.4460168526439396,3.618885832488483,3.330747949737608
2025-08-16,UGRD,10 m above ground,34.25,-98.5,3.750571063989087,3.2157857580414317,3.198667416670566,2.99029801679382,2.861035382357965,4.148249962976544,4.553254500790591,4.60435103704046,3.781870486575128,3.583340545628435,3.4316426962420272,3.0909445745857616,2.7486737331516293,3.74864284477385,3.962259975700436,4.254370903704999,4.278536552349456,3.7579147011754985,3.340873414987986,2.859813470154525,2.559216487930348,3.3869001697248393,3.604355091119619,3.6642243546923425,3.899190463834192,3.309222594870791,2.5857251685864724,2.144824862224911,1.8320835434794105,2.1028813709600693,2.4248130382049484,2.981788116352021,3.5392301096766907,3.0834529694726855,2.755417915528643,2.4514996290134445,2.418909170679383,3.240302577706375,3.607448388862306,4.155997710825702,4.356010843848135,3.637742152576306,3.105352036838055,2.720440002638485,2.657113699163637,3.3700683375529175,3.3436707233920604,3.549255465308116,3.3412584811966863,2.9407187651857147,2.682385375975661,2.3523187922023663,1.9622989962387811,2.3521362461695783,2.167153084460623,2.157181676484707,2.403474604337131
2025-08-17,UGRD,10 m above ground,34.25,-98.5,3.416449556140798,3.0742139088290563,2.9891998701246933,2.548450082723167,2.2162224022531225,3.011553349703101,3.4131528003647293,3.934132420216544,3.8418700983022704,3.4789939780565886,2.952395027415559,2.5384505274793634,2.441532900646932,3.3002274187439817,3.4977796208539704,3.623316448499855,3.597657559629313,3.1388908743354875,2.4744267922632854,1.9955756315190496,2.0759486621682246,2.25034681519664,2.2591132079051737,2.700449978234407,3.7284252966168663,3.1011401261355114,2.579226199532372,2.376318662636866,2.3755659340446424,3.175626476958634,3.73538032846323,4.363797631959341,4.213225160806164,3.4744170553331672,2.969790550921182,2.61065281909078,2.485987118924573,3.353774171249345,3.540376945069739,3.659304756004731,3.2698954921452583,3.1030981894476373,2.834408869918556,2.353358528972928,1.908488942468896,2.092674920210398,2.1673648293533887,2.5641559632274107,2.840459154198125,2.5334925014225123,2.164525193039574,2.1425721951383805,2.3264370118021427,3.417024439160068,4.200502361419311,4.5403982868506665,4.12740357594434
2025-08-18,UGRD,10 m above ground,34.25,-98.5,3.533039850959504,3.0466703914888464,2.739274217699443,2.427847012497416,2.383433159597517,3.2887888052222545,3.4389118609864,3.360296712186047,3.4627725873878443,3.246784841415965,2.626982907852061,2.1345272542433045,1.873734444764908,2.0668182987344723,2.1580835258078803,2.700290593272979,3.892866352072705,3.091560201544616,2.5763671331537754,2.3865296089451715,2.3103757576447923,3.190330128104755,3.5818201687086098,4.053278498719425,4.119662804181811,3.410863568848429,2.840643607059115,2.47951450781983,2.3753065597908685,3.0958333193577516,3.264554065924922,3.3488530129164973,3.1062004388560673,2.7460289778257736,2.365278210158482,2.1514378992739553,1.7700380246850278,2.125174141995636,2.5141649286649894,2.9115414007344382,3.0753834320127926,2.6192400531195967,2.2884865525294975,2.41215570281301,2.5632922893360446,3.644455653552406,4.029017197300144,4.044489382825022,3.463954836474745,3.145439953672625,2.995480227686879,2.832226533202879,2.7121217869762324,3.1994176725917867,3.481409433055621,3.9844652293375633,3.970171623965441
2025-08-19,UGRD,10 m above ground,34.25,-98.5,3.037374881666369,2.720492865248227,2.2514777752279356,1.877861224215125,1.7676638378343266,2.216237335508306,2.283981589029132,2.8039219450150927,4.002476258346446,3.2247720009867056,2.4274773262652243,2.1984349446574347,2.191933044194706,3.1556267265389746,3.7053128364875594,4.11876468864893,3.893423143455659,3.4189109475694917,3.0720938839609966,2.719650961179587,2.5217867810137657,3.3742001707080416,3.731771511416587,4.16847646665564,3.762864628738637,3.4017170690264793,2.9089045183958007,2.502032215259833,2.1123698648802876,2.4837837207261417,2.7561761601105923,3.087508227534806,3.448161352475242,2.704492077873081,2.0958523647212024,2.21921773094814,2.5064678045214084,3.7362077606809314,4.320247635652025,4.5957531827960105,3.7389502267892265,3.123181345406704,2.910152386206208,2.759680009195807,2.682510499475735,3.7118864591658545,4.197195433235292,4.832790200020262,4.346227861441554,3.505052686907921,3.2141613188619766,3.081857201957596,2.8796899166974135,3.38352248789505,3.617514274181085,3.671794001057071,2.8840843937514524
2025-08-20,UGRD,10 m above ground,34.25,-98.5,3.6345859121276303,2.593965059495753,2.195572299445531,2.0317396935008984,2.101676724024369,3.0608431336878983,3.5104609332461187,4.065857548459931,4.069290288536102,3.344778191138749,2.8539031094681553,2.4633297815794566,2.263946307019597,3.0430555824302887,3.340242056215466,3.749396951614526,3.526869995417118,3.2991747769471487,2.950900047484993,2.568180195792246,2.059912583798966,2.258098949960198,2.7248319037771043,2.9818888887752606,3.1185821797183504,2.966984671308519,2.4483151210879943,2.0443819882825727,1.8602855323617296,2.370001060160618,2.831600302717782,3.566802646650997,3.4943927240547015,3.047288420535229,2.8477371851618862,2.755525847235768,2.81768579925131,3.9534666747535514,4.472526604789671,5.068070784031715,4.294803570325287,3.873112021181069,3.9054013467245703,3.845763927332402,3.6769485599416902,4.629349397373332,4.589216857194865,4.225793712248728,3.0228350169028957,2.6537507241639595,2.464070555119924,2.28873919036716,2.119841833846418,2.596289040890737,2.9991677336420977,3.3230437219209077,2.967083569681917
2025-08-21,UGRD,10 m above ground,34.25,-98.5,3.6768081673940287,3.0443061921544796,2.8052995520281128,2.489276616958646,2.301215799689036,3.118856100896919,3.460467034152671,3.745338573651297,3.393977887793513,3.1861458839356676,2.880658893051274,2.447596639869602,2.1622015867719915,2.4408055516499214,2.4237285535642625,2.6471280450601338,3.017378113033011,2.665579756012894,2.1137536071148917,1.9080798350012187,1.9214658184702336,2.739144730550586,3.7024503398461945,4.267534423347645,3.7881781011651503,3.12512720014511,2.811919029170957,2.6456807643327664,2.548478894142238,3.271847342802378,3.1286626297282627,3.2168608985691405,3.054605148111624,3.003187747195949,2.969807696674115,2.9852551519766597,2.925451423106484,3.4978033214567334,3.7965604552902046,4.315141320450119,3.9371143014412144,3.267366628812016,3.1276336189839813,2.9952233918068583,2.84620452203861,3.356513255578338,3.5143017483459595,3.544630680693424,3.131258748484112,2.834195492305195,2.6674838477660368,2.324875728584879,2.12384250088016,2.624584389737739,2.9456950712924375,2.9861486034150366,2.763227552279722
2025-08-22,UGRD,10 m above ground,34.25,-98.5,3.3706550450224584,2.979913188526986,2.666932292092848,2.245579136452255,2.075463193843114,2.4168214325016004,2.2621249094491613,2.50415818727667,2.66671656970334,2.6605104273964546,2.282863521903185,1.9710636138749087,2.0015735696086008,2.8880860504823795,3.861112523403414,4.532221262723191,4.008580371218898,3.304961906525873,2.946161783939151,2.837238378931046,2.68068409575482,3.428134359615629,3.520620226677321,4.085098686123125,3.476332682182263,3.2150537140812725,3.047151350477866,2.821905239310686,2.635578524160487,3.2665885396044403,3.635593278240526,3.938169808388488,3.4262457241869333,2.859364408169574,2.38269226051335,2.304926731878216,2.268203584516847,2.8202423218656048,2.9389992483002794,3.090769935991616,2.916220310339473,2.7158814810317766,2.5534878075481706,2.4788638750784404,2.4582030847462564,3.3623383300783587,3.510458763978218,3.4543534148956905,3.405892503639591,3.1153058417873867,2.7732509322306846,2.567764481716745,2.7473285175389837,3.3834133053093884,3.941426332048521,4.116693025848172,3.766537219775616
2025-08-23,UGRD,10 m above ground,34.25,-98.5,2.5591728861400336,2.238524368068414,1.8990013460015769,1.8377826619892317,2.221423815400315,3.377777007161482,4.100325679162852,4.649082302887647,3.914874129238468,3.019183759183872,2.7254962132337157,2.640713209288476,2.491209811064782,3.305674529436189,3.777452819577915,4.296874628339273,3.3633400656336767,3.081684027528051,2.9527145768017133,2.757740968550227,2.740149336840794,3.319693306108161,3.700702401863234,3.926513893247487,3.5084914064413386,3.0407780832130076,2.653083731798856,2.5113563020529392,2.4761169820327247,2.93120881883819,3.202736326999784,3.1252105359614992,2.725211997590085,2.5114183488220125,2.431133257802077,2.3203684659013857,2.27189627271696,3.2832342237159047,3.63788009295849,3.6052804041915905,3.1921953537811225,3.0597977937641274,3.0541568683031906,2.9075636902555693,2.887283552808631,3.695537584316398,4.102141092827745,4.117512554516334,4.166952916215742,4.042624664391747,3.844836540756417,3.7192302510160498,3.89661730479597,4.224951355786117,4.4100506248662,4.367927815583105,3.77580400884251
2025-08-24,UGRD,10 m above ground,34.25,-98.5,3.9420672362476257,2.901042174978038,2.6908120554357,2.7498968664951784,2.758691609730884,3.838025479032593,4.283192476327246,4.577517077043014,3.6618669240293023,3.1463338817508446,2.9667327259917746,2.754294179013529,2.6624877802890943,3.2675385646732087,3.628944159348126,3.997650333810528,3.5503078953564007,3.1299812630460813,2.4783020677344405,2.2707230024693534,2.2409181564040077,2.6806045509930225,3.014641883036504,3.332189071707879,2.9835383966021807,2.719683819650754,2.5659986382400644,2.422456209572278,2.3892021255568885,3.4367725368635886,3.885618673359755,3.692903755443939,3.6773855017282937,3.642191861790076,3.281767878529702,2.885687571911542,2.8715219016094515,3.548762944201675,3.868473001773274,4.023415678874512,3.7080469555318456,3.2402973373788164,2.936566105086698,2.7848569303078987,2.9204970979242164,3.7904781139780384,4.301740812582214,4.384170651088493,4.003773485267978,3.396900642965266,3.0595387595728836,3.045724583996365,3.1872940043833053,3.990031452178223,4.29831365931852,4.530152991134924,4.015827643015218
2025-08-25,UGRD,10 m above ground,34.25,-98.5,3.767923685087812,3.064638141474748,2.841810543985254,2.647452239034265,2.6438232855513792,3.321381238624776,3.375609546957686,3.4039951674989757,2.8257754858137476,2.370491019285537,2.12783610690708,1.9934229329945692,1.9289638129397304,2.364198800707937,2.961332680645821,3.237288168526727,2.8459054258515746,2.667245101383754,2.5997489004894065,2.565599017348677,2.6347776098151416,3.879607900001978,4.373141954204554,4.301548327705417,3.9758933388453617,3.925936833668332,3.498910999081272,2.9483786080176357,2.8343497817199768,3.126444608600842,3.0917557563050218,3.200650186135575,3.3748525215254253,3.048096627172901,2.5079470369880825,2.1755885865845044,2.317110469776872,3.03900225472598,3.320904676446471,3.4130742892555,3.1788873707009886,2.900574341719937,2.3888525108225216,2.086320357264018,2.0581459751231916,2.8054400168616924,3.357114661567996,3.4444263910968367,3.677842701545834,3.307671349556185,2.8237045293879253,2.6176725796976807,2.587364899431349,3.3433030972700397,3.4395543269326643,3.266460675953182,3.008404924579486
2025-08-26,UGRD,10 m above ground,34.25,-98.5,2.8312800462638976,2.371842844147646,2.28899112155198,2.1638397172887993,1.995838405576692,2.4418331775179576,2.741187597025698,2.815474363075994,2.6531602351510295,2.515863358596118,2.4545712299403837,2.358903758568786,2.4002757964286814,3.503740003713908,4.0341746455073935,3.9299305085173497,3.7256735504230503,3.66629749178275,3.303565833498025,2.86727312045525,2.6295792862834553,3.0058287630583553,3.089381684826277,3.0528530105515355,3.3227397524826707,3.098845593112239,2.54177521366325,2.2068178697900867,2.1849683349551414,2.793090523337008,3.1526875014574465,3.21841462197656,3.0499374258008265,2.868383202827605,2.400275706612427,2.054266051857965,2.155912286772603,2.9866114665133976,3.64654623075128,3.761959766081185,3.4792677306430044,3.341940196885046,2.6888241814445832,2.411892313263053,2.284515961277349,2.781942417341468,3.263771458088931,3.3447673068619683,3.013784232137274,2.788364657766169,2.595313864277814,2.4182394459374708,2.223928416627596,2.8004454036463664,3.18775800016151,3.0908502353484,3.006766564057162
2025-08-27,UGRD,10 m above ground,34.25,-98.5,2.450781404039331,2.255526085392861,2.21078088734715,2.2528304720415786,2.317913498752579,3.2494139163249907,3.5232968565846465,3.541597720980054,3.416938772278275,3.3633632279225143,3.0526577475073284,2.8775663675195604,2.7275866751063775,3.116598527205697,3.1343262718979057,3.2512122847576874,3.369763094058161,2.967746395624374,2.519809716970814,2.255555947606104,2.251757377703699,2.7026897881914755,2.9964675184046587,3.107593827343077,3.2127481128732582,2.9593876594858557,2.5481289756878347,2.1748645513161833,2.238733205921257,2.995449318657511,3.4781041404278934,3.397561328169047,3.095607895426393,2.9268376908654217,2.578664137120258,2.3338620664012852,2.399091922342492,3.0734719719096075,3.3647066966672723,3.5680187838479096,3.2728539800118837,2.832040678375439,2.5184710167942033,2.2119813684329346,2.0578696512977124,2.4106052692639546,2.661440003338787,2.9950673464463633,3.1297546384754353,3.023530552042031,2.716439323393314,2.141455639753029,1.898063641916119,2.635385210827292,2.9755056829188917,2.845636984973715,2.8152420532258686
2025-08-28,UGRD,10 m above ground,34.25,-98.5,3.1853703804281785,3.0349340510843485,2.8582012223547606,2.654259107299678,2.525526203666995,2.8656333811296912,2.9284386977785286,2.9854407392302016,2.9285459303434846,2.646940780615458,2.3609524303406024,2.072417458582253,2.028124057098023,2.4128435585835906,2.728352242820579,2.881496655008106,2.9241866937272225,2.533133776935615,2.207115305425144,2.0946525500133326,2.143007980947062,2.9837662943359624,3.5143568313730915,3.4879175607112547,3.254952218199755,3.1138811476891393,2.672767101376994,2.5178094849438186,2.49963950197352,3.0445822021699858,3.154954076506482,3.4035548493354755,3.640791433866049,3.320921609844131,2.73619736734954,2.3609484796032465,2.3916671480357508,2.883574127067832,3.013320788188313,3.2657896107980937,3.274982296387616,2.807344316717287,2.4732811603419793,2.4787989231050456,2.598653266685141,3.2673762415249716,3.6521109635251223,3.768325332344908,3.236353953273148,2.587070517097497,2.2516773079718337,2.4348594180442733,2.6212400423331346,3.738343113032585,4.471112750557703,5.0214480097272975,4.508852190164486
2025-08-29,UGRD,10 m above ground,34.25,-98.5,2.6676664076920744,2.276734683193931,2.0160134573822885,1.9478474518371776,2.0154351990729538,2.472275628543259,2.5951818911973437,2.507138840967997,2.636654569620415,2.508674431282064,2.3224312514285415,2.1319175743450094,2.128052489448965,2.7238549859104233,3.236296086900861,3.382973665957894,2.8563974321992744,2.775301068913248,2.585415571841237,2.4524544552010816,2.408319653901514,2.9406815337426773,3.1815894672455225,3.2964436603461476,3.024293617536998,2.8832792114677037,2.6804290422710357,2.3968383814316203,2.248246823189892,2.5812119350083043,2.8879708910234827,3.1531931479294344,3.528667854134922,2.9064727448735876,2.4017450016361064,2.2321855393671597,2.222354478996132,2.539722282695937,2.816580634101052,3.006377556015801,2.7471218917948166,2.1507433770617124,1.8314190828698025,2.057629078840299,2.3621935432527277,3.503872486946381,4.119008797827755,4.477385335828029,3.875742718935017,3.387793312439757,3.012670887488541,2.759846432538827,2.6179977804122636,3.4992681420623053,3.7843947526473736,3.895305347942452,2.6049819175313065
2025-08-30,UGRD,10 m above ground,34.25,-98.5,2.322806093444262,2.275990862553051,2.0764826912555088,1.988350813431497,2.1730125913390603,2.894815527833889,3.1459653894669675,3.191316960210636,2.8998857049877538,2.9567150248168352,2.8194578458171207,2.6124984976252397,2.489173913489634,2.939363107616094,3.1965119820778063,3.229558198183335,2.8698541905107655,2.870406691859366,2.66249107702549,2.521425711111716,2.283454428620842,2.560415049497327,2.727523476925778,2.930993936052374,3.1533904526073897,2.8096723794758285,2.39983800249469,2.1442206915831,2.355360584615486,3.000369990198384,3.336808999674355,3.4135443989096945,3.0867981862777834,2.4750664823236783,2.209737569346723,2.216648756480754,2.4438016050820592,3.542782803432352,4.27458037107976,4.730954836428674,4.229744849662147,3.6844750197988594,3.268313550343239,3.1320438986593087,2.9347649803558093,3.5990103115306527,3.939651011234675,4.104062453566758,2.876532759165405,2.1412545833576377,2.1101156320886325,2.296549292915027,2.30697854100182,3.167077609333214,3.9175386333716897,4.76528609399103,3.5342656044770893
2025-08-31,UGRD,10 m above ground,34.25,-98.5,2.6996662288889004,2.7571482805671357,2.660311361101033,2.4985721433843406,2.4611916614465392,2.9532179867021444,3.052244450740232,3.1200557187611433,2.8762861574476384,2.931618552003327,2.7421336232710294,2.3291858308015474,2.213350443060191,2.5560216347662172,2.6428516195838085,2.831427355299665,2.8558055662794803,2.641822216777265,2.2811196566750604,2.0381353106771947,1.989087300997435,2.4721692713166497,2.793560500272348,3.0490704269835636,2.714777386811641,2.398175176935884,2.1784407428757886,2.137658074182189,2.325209237477219,3.318482606198557,3.8472869165674055,4.246148293002595,3.5527410736495573,3.1815816259530134,2.850889222839774,2.6935002443709424,2.5772466872770075,3.1209197141987524,3.5171277634354325,3.9304362992569706,2.4816278700335896,2.603469176460353,3.1388955309117494,3.4559712984136413,3.493526199266379,5.530680692801635,6.573768202176308,6.6422348048485915,4.69756888792705,3.049561427749077,2.8646385008405995,2.567351921477179,2.4765606586556563,3.556849455970249,4.062756468408823,4.222496326574774,3.105188329236479
2025-09-01,UGRD,10 m above ground,34.25,-98.5,2.907177548179791,2.952659180893641,2.743265355093926,2.4389673292195164,2.3328908448525807,2.5735310430082254,2.6511096860700714,2.823135905325506,2.8546792242710963,2.6731909471376785,2.1986910337822567,1.9370377899912936,1.9209624771122793,2.1628459566636433,2.1830500703205926,2.5986308364325796,2.5506350354556746,2.3292477556063806,2.2053271151896556,2.1304412093585223,2.107764664036356,2.9136795459754774,3.597714721605455,4.251357237746847,4.0842083002742315,4.049134594985133,3.4041346847895992,3.1390184531365524,3.0913629380377055,4.171526084258276,4.201013486514174,3.941984000305068,2.568008858028127,2.8975796373398386,3.813894890867256,4.159622937590685,4.292445051734467,6.12803745329064,6.268075383808265,5.759492798969092,3.9363765394768313,3.217294552231801,2.738778155824983,2.4946456703472135,2.426067185258609,3.0821511089474143,3.402863090776099,3.581062360288578,2.8312911729075445,2.7876744202460473,2.9150836522278665,2.868417701916868,2.942051711829696,3.952822271633072,3.9950341455848983,3.6661205878741066,3.1766106372051564
2025-09-02,UGRD,10 m above ground,34.25,-98.5,2.4682031323185716,2.472422423055147,2.194619399187858,1.875654610846088,1.8173415888479592,2.0939376722244463,2.272807873086983,2.6021339753122517,2.3325742644833105,2.0563118806314424,2.044367390795995,2.1459788993005957,2.1930300020084834,2.988030337562064,3.7340952110414056,4.037528020261151,3.769978968452127,3.3451044182465592,2.8070938211094107,2.3591424968144525,2.148108737853287,2.6206676434392406,2.904743821108546,3.5785130549683446,2.691514883963541,3.499940689283797,4.418334901617184,5.1874582543956524,4.916599319934167,5.857051292875238,5.1548212651840295,4.987364037831711,3.828403344433235,2.8153604657285074,2.4269491080048877,2.3264797817732825,2.1927340633197394,2.7448133826824472,3.1693150815653817,3.2718943141941557,2.790067747412943,2.748967968545235,2.8306661506817785,2.891350467185613,2.9773132725642135,4.006079803467851,4.274237059617107,4.3541800779920505,4.048996309637268,4.07455948096012,4.1287424769996885,4.102033699770295,4.2442045971086095,4.540433556633808,4.480629505378331,4.162072171763381,3.6938972287987064
2025-09-03,UGRD,10 m above ground,34.25,-98.5,2.3834221061647174,2.107129214164444,2.03633506702651,2.158163617743363,2.1978619805363815,2.767830021661281,3.3313268496359107,3.9839125135572377,3.797671791665571,3.357360197717658,2.803584660667857,2.3943190071952216,2.141768111053064,2.6036381740179277,2.94985310076825,3.5665460242686216,2.6122721042184933,3.4751138613725407,4.144506652855936,4.370409260588231,4.525585832231394,5.441400555908039,5.007825749251161,4.700527710540285,3.517524804295161,2.9255083363301946,2.61912140664072,2.5141285822483903,2.5760469016624548,2.9435987104352845,3.180404192050344,3.3078539721390743,2.864756751942654,2.6651635244948424,2.586072393221877,2.47197038469632,2.55560135021315,3.33815353511139,3.3200418594331085,3.122186334623491,2.632414486313927,2.8583713136380036,2.8298331744375833,2.800236724528821,2.96943684534733,4.380870435897604,4.800852432680179,4.454868803485702,3.499347522730193,3.6214759703122823,3.4158341651283948,3.054944772783668,2.864943028773415,3.769962993337712,3.807361456430944,3.4899426505748874,2.8533552681663465
2025-09-04,UGRD,10 m above ground,34.25,-98.5,3.762597261619807,3.541077823409808,3.0432327336403517,2.6891887404841923,2.456302223788106,2.863891141648889,3.068167861777252,3.8834166051167496,2.906449810619273,3.4301720926229096,3.947045013184638,4.3187862614744805,4.25738272642364,5.3118824459543275,5.109797281397917,5.2073149301320765,4.209330866640269,3.517073879991548,2.8659447499747417,2.694114097092435,2.334858223859288,2.8440446766617224,3.136752471801312,3.395651180031977,2.8360054295648336,2.495655747512825,2.203930688427251,2.050420328245156,2.206356724502446,3.136817612969301,3.550660328888275,3.3207800442648727,2.7219605689127633,2.8716275918604364,2.9487134140326536,2.9742806084989164,3.021894309104762,4.188503656138234,4.430658933587417,4.356156528086311,3.768176449926529,3.9655931368128634,4.06286235667534,3.8975380745854658,3.809392559488491,5.209360472679471,5.448216047560143,5.013575403882803,3.728374889845335,3.636365376850041,3.3477770155339313,2.966101135574325,2.742100598848616,3.634152229334686,3.597666124036734,3.36128776723968,2.9318901510481385
2025-09-05,UGRD,10 m above ground,34.25,-98.5,2.7541736329346564,2.9464032139525633,3.1127314699479243,3.2974932150259897,3.5298836056617207,4.94565073575788,4.9439338223197895,4.886809413998635,4.236007101892147,3.427824441049853,2.7585973550038148,2.4913588834385942,2.101456304087115,2.6423411184602923,3.2000847893470605,3.5761058653754048,2.669209024350211,2.427072669818199,2.1603441911499166,2.0782678946960105,2.1552093150001306,2.8669834173398128,3.14277138134942,3.093558172608137,2.8620909868281705,3.072770348190709,3.097494404235381,3.1154090799446603,3.2772421832627248,4.71664088931336,5.2786811577596815,5.181138476516533,4.37036565226349,4.2605844511492394,4.2914105259640545,3.809732746869098,3.5853671074482616,4.651006646468318,4.989025061071283,4.799663376915612,3.7672523245410567,3.591794831064938,3.243235851213571,2.987132302763551,2.8200078435212452,3.716926226093811,3.8588236980796538,3.80881805331613,3.644228268009973,3.946521514060017,3.7070286227036378,3.5588345421604837,3.477875234314918,4.010797831571063,4.194504016924384,4.3128884754950665,4.06151317898823
2025-09-06,UGRD,10 m above ground,34.25,-98.5,4.042703316320129,3.2260790015527667,2.871799937632106,2.6220991342202735,2.2742697437550587,2.7168762942687597,3.3386544857024685,3.543871618690777,2.7512192295598643,2.425732569031333,2.140524430636704,2.101641480729993,2.1792485697961967,2.9764549635025475,3.3736074392697386,3.2681530392137925,2.8198717578237593,3.05728384137554,3.1993673377518643,3.2187445336340645,3.297334120420608,4.57939173863506,4.8479522024862645,4.7204033850354525,3.8588085524950384,3.9499584283026983,3.854818661073967,3.4955003132322817,3.3655978662036943,4.39730416290123,4.44963563495922,4.2957167713814055,3.4599915297477315,3.4437865375660786,3.251650999677995,2.9093284472765815,2.670277083778337,3.4502693043286534,3.6238589363963625,3.5473495820038567,2.981857774294036,2.917991933004434,2.6568753899005744,2.294631459475881,2.0905960957487215,2.8746976511590185,3.5604543060873337,3.780517492685335,3.2300636688206046,3.2266686401167037,2.917364429160391,2.526168033666604,2.424498410623214,3.1455855725959516,3.638090755188387,4.074256507248192,3.3491037571404867
2025-09-07,UGRD,10 m above ground,34.25,-98.5,2.6386742570816937,2.2241336412109343,2.069438798732929,2.062182795739256,2.1362708712272416,2.903124155400413,3.347819767839806,3.3461670208812326,2.770625797742339,3.076650693104088,3.190501027574093,3.199757571347222,3.2315308750567473,4.745794324765206,5.170060527295681,4.975523610063226,3.997936971836875,3.91960703304068,3.689111053284906,3.4456663194701074,3.2958844067021937,4.395857265293053,4.489571666737484,4.277844012492566,3.2066639288353205,3.2311935071298743,3.052489493221272,2.7961294499793476,2.567909789024739,3.2975530817701815,3.662716778352888,3.5030457397436376,3.1215372099617733,3.0560391522051615,2.623752424185839,2.359702382500364,2.2169449835966883,2.9179059794580713,3.589046535752928,3.6008333313022667,2.9083368931679443,2.924218821171717,2.861418427083177,2.7153602141821027,2.646378612871012,3.521076244016698,4.24597298162209,4.393085882504964,3.440160069861189,3.3584302969994937,3.272144044641106,3.0543717148337945,2.8975906976396346,3.7127371438015553,4.291694113286153,4.506501656843372,3.538322370186506
2025-09-08,UGRD,10 m above ground,34.25,-98.5,2.783181717366491,2.9851479245787775,3.1661208609658953,3.157248827941189,3.254552391765297,4.793776097077709,4.9555002945234,4.679457923504791,3.841012890424904,3.870267076997456,3.666702170985437,3.378746978294431,3.2408382314293913,4.409698882731611,4.366203485194746,4.090587839924881,3.0219598984979053,3.152342459898371,2.9547918044757897,2.7247475999672988,2.528718273116719,3.178336635974635,3.4381454343003366,3.4599199477693365,3.146855561358773,3.068076410684988,2.758710916934348,2.440013294767229,2.390180541184826,3.1467160106516125,3.754830646294975,3.8731045266909536,3.1556602548763526,3.2568583043638526,3.1335534203041973,2.866980630612656,2.7578984382315364,3.639565128233395,4.141396576110942,4.309943338735718,3.4989808840711776,3.607165657243286,3.569498875494741,3.2238176687736866,3.0190716321260793,3.982587921128808,4.398270215072951,4.656943325985055,3.702375859141699,3.5811697493073567,3.111549514052597,2.822313588925375,2.550735795012158,3.298187997963266,3.823932965302358,4.152642288768783,3.0799322639631823
2025-09-09,UGRD,10 m above ground,34.25,-98.5,3.656289421377922,3.4585855445708376,3.3259216404366416,3.0753111378078506,3.007712423580011,3.940460780659332,3.89557773929102,3.609290715551731,2.8767833204811195,3.103961805770065,2.8729151055671154,2.5295458858402733,2.1907891292324484,2.707278312083173,3.1294044337329763,3.1746273721911944,2.9899996656712116,2.9222534530208053,2.600715722762758,2.3800926800427624,2.2909242706004855,2.9614561594958984,3.571781078069915,3.837211916688722,3.320568117303022,3.4167181764651584,3.277096656249219,3.073751689866124,3.0065088077347415,4.10838905305252,4.565859617272377,4.716505340494952,3.809576257043375,3.884188743440096,3.7388498579452634,3.3390109526910967,3.0390191708539875,4.017619181367941,4.1172421577075715,4.300156109831902,3.611981936408022,3.446103894513985,3.226304479041011,2.8193700161163093,2.6041688015191777,3.267949838542088,3.7572221965159054,4.323972311080139,3.4717144689628756,3.15986416492233,2.9876642599862384,2.4585041338374216,2.240771784736997,2.8601192331078895,3.535889148750811,4.217167122828005,3.329803682956849
2025-09-10,UGRD,10 m above ground,34.25,-98.5,2.7194193288753787,2.773638531004294,2.557297365557539,2.1769642194039784,2.012838639132076,2.6773520685588488,3.0505533539251,3.056487710305565,2.800866746696878,2.854854613484852,2.698422462736742,2.4968547771732266,2.339400665667235,3.106804688829272,3.707661837591969,3.820181410068999,3.2599790371117505,3.415499242494782,3.3048545457838507,3.0811394495835125,2.953043316480837,4.091440505601887,4.515123439805501,4.7174562080582065,3.814970471179472,3.8908152999406487,3.8652504793520577,3.5200743861570185,3.2471617854474353,4.459831369173169,4.743821035243248,4.91841083221735,3.992976704263328,3.5200923334594787,3.1882036120099526,2.658842360556781,2.3948030713886377,2.9899931208167185,3.3967803856373364,4.146757459880282,3.6764726723487033,3.1039608130695178,2.5787611176464296,2.2974417833862475,2.178921975740101,2.6153592328075916,3.157322230636397,3.738501626211784,3.67276650461226,3.1259875952395255,2.739096824887344,2.619838776203776,2.4934343692479835,3.0054831145806555,3.4168233235138956,3.6493466682582065,3.4540967508262823
2025-09-11,UGRD,10 m above ground,34.25,-98.5,2.551839804087419,2.4188590949312827,2.1855246398407044,1.947115550039572,2.010217445885673,2.6907322031056413,3.1679975482905034,3.4490504654324172,3.0842101492961973,3.262667227841575,3.1077929674110827,2.9613517679344232,2.9769577706291237,4.0929293085425495,4.498408544033733,4.514912152612929,3.701900642086464,3.946255395323082,3.853976891584624,3.593271591088096,3.30122680969523,4.504543062048242,4.603869759128888,4.58715784227355,3.6289224031303338,3.4635126963289813,3.270167989936521,3.049485536872239,2.6535151036872184,3.385396106217013,3.945180378033908,4.152453015604872,3.704613262785595,3.153460438567921,2.8134709578824673,2.477873511252544,2.2974767552845603,2.982622217547558,3.4925245511290406,3.819800941392467,3.3022693581170013,3.030899054790189,2.7229867481005297,2.378783644013672,2.182445777757692,2.80516571282321,3.342149389216851,3.704145080280947,3.4530627752708623,3.0160299944830395,2.81290860294778,2.5153291608678403,2.4182805849166695,3.1400649517236503,3.7548232661318135,4.035612807166551,3.732406817827804
2025-09-12,UGRD,10 m above ground,34.25,-98.5,3.1347461616722656,3.252582078864371,3.1405854711042145,2.9862487925177823,2.9241466338373017,3.907211088667383,4.247372657960524,4.342649767907039,3.6355777670659095,3.8151285231576777,3.691558092014432,3.36357588966233,3.104297542880386,4.306864836515832,4.455680498803675,4.324549808225075,3.5110051509721716,3.377050768551544,3.1342967787138845,2.8545188097782273,2.5279080149280624,3.2888444009747793,3.8138698259098,4.215140179352768,3.7895994311659,3.4988661766948743,2.7822619666830692,2.3667752513332276,2.156245027608331,2.6772136833941333,3.1742909237584325,3.5512537443420618,3.124951097416492,2.7911184368856112,2.545813764915515,2.2875952552624668,2.1173257300069013,2.616859239439781,3.2024314729314014,3.795861439089778,3.5267139771917213,3.082104732290071,2.743112590085103,2.4541888040252413,2.282514559760703,2.693715205626555,3.1534140504878874,3.4580310107643584,3.210148246474622,2.652406025901992,2.328933854075175,2.148923823166367,2.0898405706576133,2.4675392815810433,2.9008549648412494,3.1149105483142474,3.1151362362708497
2025-09-13,UGRD,10 m above ground,34.25,-98.5,3.548709708051616,3.580178610081469,3.5087977722852735,3.247280875742364,2.982995987047887,4.183943349449414,4.148031325424015,4.151553400057427,3.338854506210046,3.383771982272674,3.2597132953571473,2.9045779479660663,2.572692196666668,3.311990466717785,3.794873289019333,4.3003702664999315,4.012083779717801,3.2157352314272067,2.486871969845889,2.3265880166455037,2.222624921844109,2.8984573521738772,3.3344435156995664,3.604836064720093,3.2210775699461895,2.849998462509862,2.6130631230013615,2.346862740370173,2.172703799041635,2.806059508962712,3.323883498401452,3.742736425299202,3.5189175890804005,3.06335958643852,2.85786235325211,2.5124868968707976,2.315391068032163,3.0041826681549937,3.6838059667781975,3.8684396147903177,3.5815549918971814,2.7212198760556743,2.423385625098597,2.2522219258655705,2.2975103070544813,3.152507201238786,4.220889841538671,4.757969472382424,3.734361628971584,3.7771779715807945,2.876063083161094,2.334181077524363,2.5184092104290663,3.6626181863596625,4.017385329161146,3.855507993342099,2.876872921294015
2025-09-14,UGRD,10 m above ground,34.25,-98.5,3.2008323127323877,3.1631342710903523,2.929566243560228,2.6302776543715503,2.564965495578601,3.536555070128686,4.0942349714045,4.418624458548182,3.9666934042911057,3.168322188914508,2.515763407917224,2.284036937112549,2.2208404191385416,2.9412854989719204,3.308172442709999,3.3868740727350763,3.171989970630637,2.9061515242025715,2.58419847960845,2.180950656302186,2.009845431514381,2.4101247794942107,2.5717254510320187,2.8079137544016213,3.2436334702092893,3.1371192698858716,2.65139938130333,2.130264584267679,1.9123846987564237,2.4919593760893495,2.9532797473332293,2.965842238550461,3.455092073031426,2.7377740615226243,2.5422090214914768,2.407079375850203,2.0626966797442345,2.638147817738634,3.4090162751848516,3.754876708818072,3.078793496915223,2.8097443383581964,2.641142942679024,2.618132890576539,2.1743987118935575,2.8544081509304764,3.519401714366903,3.782860499494401,3.395572910388375,3.0796944360483796,2.797608752211727,2.4703306134891525,2.150231847539406,3.121115940013183,3.9529470434609912,4.090311516626641,2.942486365823306
2025-09-15,UGRD,10 m above ground,34.25,-98.5,3.326440425315041,3.048423753680839,2.5854525286087653,2.3653788929777946,2.159234514518671,2.7727219079529624,3.1605473333707645,3.3556194769522083,3.1766336185929163,2.881917309747015,2.5807042182541107,2.147586281547675,1.955002095573802,2.2807088652146024,2.6534789149301625,2.825930959759832,2.929758999465327,2.9291073716159715,2.686495339431844,2.228598804068783,2.08119119842706,2.5526793885682193,2.853970132160361,3.1263819525350622,3.780427215305048,3.276161907423158,2.6245457283539624,2.286715146352919,2.2267212549909767,2.724548615135018,3.319431588156224,3.5099166861338778,3.1952532125873954,3.1647811570321025,2.694410416106799,2.4235246101002037,2.1909513497944744,2.452853365138017,2.574925142682277,2.7933709426585853,2.602791788512172,2.4255358951138146,2.356835792318655,2.44789991220705,2.4929192679875243,3.1236870183284924,3.707566116495628,3.630876988938261,2.9429539551058967,3.2484181922120774,3.0405583064927884,2.7714489615698,2.4363229167193774,3.096134819484292,3.456903366074313,3.4502703099384338,2.4718543176393784
2025-09-16,UGRD,10 m above ground,34.25,-98.5,3.257899707698945,2.898565034671896,2.4248460501158196,2.1388048521584166,1.852944307591788,2.094636460112436,2.6022659798180197,3.001955473213917,3.1829947269140395,2.8814354687459103,2.464712999641131,2.0847182776897553,1.96503333726615,2.3978541611089956,2.6863682827974813,2.9483155805949064,3.2184193183629852,3.1119515017851027,2.6035149464238634,2.3420774714273285,2.192701542873893,2.6814168195848262,3.2751252216511952,3.3794532373281223,3.2680262846149937,3.0664609419054,2.8126548428492204,2.5664520100916883,2.339862106614783,2.778654914169509,3.412632162682841,3.670977534116455,2.9524048448864613,3.059008706416322,3.0160469056823316,2.864519951040565,3.0199409166722218,4.370334733515659,5.256544446342133,5.321976195384997,4.095099536766735,4.589692126655508,4.911675864415,4.6519843468862625,4.589868035739309,6.37308128188632,7.161338669420615,6.6983038259871766,5.244541152835735,5.289128395690927,5.00578383723164,4.5127366595744185,3.967002936348061,4.578275888123125,4.438131929756638,3.8894567103878033,2.701439695195397
2025-09-17,UGRD,10 m above ground,34.25,-98.5,3.034681934175257,2.597217463118773,2.2938923622334046,2.136502750531498,1.96350346408008,2.254220637603682,2.5087961823207188,2.6871754151502008,2.8703446662986685,2.831980724337331,2.411006250381373,2.1175157783444054,2.100467095324226,2.34612179231367,2.852510576900622,3.218307697880644,3.094041447944834,2.9392755919039866,2.75598551270312,2.211449800100445,2.0368465345002296,2.141669060900671,2.438027529718644,2.8348597859400773,2.385807841989673,2.3852787383884024,2.265921369271102,2.056357511000246,1.9196501338785072,2.512805525282481,3.0898861310520593,3.148912969193374,2.968362653514335,3.053180943894015,2.908463155260434,2.837706531368167,2.971232586639156,3.982838028686513,4.692686995309831,4.721016780374362,3.598864689208612,3.4805405160351786,3.4419616334518346,3.0972315502464784,2.9373405513333832,4.117915353569289,4.927141844193288,5.005835585550618,4.010135034542245,3.3192056147935207,2.7346229890796545,2.3745905337318343,2.271203657497252,2.575152100062085,2.74414594183021,3.0961142109696835,2.396146373987328
2025-09-18,UGRD,10 m above ground,34.25,-98.5,2.3895889589792008,2.2031559076337928,1.97062202573166,1.7471927541364838,1.585563272186708,1.9408867492432136,2.582454653568483,2.8878264937402314,2.8996037139818993,2.879220243908434,2.622249220332146,2.193046729470326,1.9937853853813436,2.312014283488832,2.5160014226844645,2.6748454398664294,2.3410605540041467,2.2984469605058218,2.2820696457758824,2.162069340135244,2.284580236537145,3.111080998418462,3.8538765538460136,4.005064617869689,3.4757446331942368,3.878520482577536,3.603032865567373,3.513532088559309,3.279998555946343,4.618153416101446,5.6199498850444005,5.601435380040952,3.567307821783968,3.9905282145511665,4.146176812794906,4.0797617184230095,4.1153321579707045,5.3581477349963915,5.786378026177683,5.3056387773300795,4.0234639026922725,4.512472625825151,4.120599880333648,3.7015361427775826,3.3788061642091427,4.10236452559824,4.754076561498876,4.391977912213152,3.0374662289098455,2.7304875904286754,2.671356835880827,2.6083410669798868,2.4518062006103993,3.077245430509607,3.6836223346743058,4.167995658748962,2.8908690185967076
2025-09-19,UGRD,10 m above ground,34.25,-98.5,2.662559156238065,2.4197469748825156,2.1308455805436495,2.00001574298048,1.845770957248658,2.1270992321387263,2.8106875189019274,3.006473728201458,2.5216780826249225,2.413496676093179,2.4611836196201344,2.518771271471774,2.413466968302287,3.1650935107841276,3.669540868265616,3.778561995765749,3.099813984325947,2.869682226304935,2.7520222255347626,2.5287952350398593,2.483551372927856,3.4692656118586536,4.4706793517999,4.764783514058554,3.824941124472625,3.807759724349612,3.4471827016952856,3.1267949812975617,3.039526622293197,4.224211829601218,4.3451374040062785,4.049120957778818,2.9053367249510567,3.2031737701534544,3.0477338579556625,3.0241839993486552,2.8889856383562424,3.628924267084971,3.783120551765335,3.4853043638285084,2.9517829519976577,2.7622764986233994,2.3244828242269024,2.246953228209893,2.3894060455153365,3.1616400171083505,3.4147995494931753,3.3878951309870713,3.1439356785302137,3.063729204511803,2.9725275195116954,3.055126894358247,3.1205185424789663,3.972330478922763,3.969392467747387,3.67199538370563,2.8445581327831064
2025-09-20,UGRD,10 m above ground,34.25,-98.5,2.249700510407365,2.2335862219067386,2.133968010823156,2.116920096551822,2.158510331421013,2.928505686508946,3.4709714182338196,3.397161053887213,2.8373896777993695,2.6795063227873,2.4291294719504464,2.374015127912665,2.37870177325785,3.4057380530088537,4.399288627576034,4.586969796952236,3.7017033258954672,3.716532525398054,3.4491912955973594,3.208488490837951,3.074426448711229,4.229277974198215,4.664723726937321,4.403569358550712,3.3069539405182997,3.7240994158318,3.602784417850853,3.4688238966029763,3.1583989923081623,3.7989142907262488,3.8192187221630984,3.755277027820964,3.481671000056704,3.5291597585857204,3.477410275064072,3.839980957101938,4.2265721899065145,5.22427709950983,5.629839694580928,5.706440793688876,4.3241048661823855,3.523780607563549,3.1537881110852433,3.108179089666714,2.9188366067906832,3.387560359841844,3.6099397574424774,3.646972431563336,2.3838924010873495,2.3349018336017027,2.264541515865933,2.257834556208997,2.237100345758569,2.998504334703778,3.60806009804316,3.6787620345471574,2.637374324134196
2025-09-21,UGRD,10 m above ground,34.25,-98.5,2.4360194329798217,2.414092078818274,2.2690582207106225,2.190593057531411,2.211763580920816,3.203136544878285,4.327714839123547,4.654540988410492,3.7165177719759823,3.4139471089646696,3.2873505592478836,3.2042261249663593,3.0254393621622926,4.15063141324104,4.3478269268932745,4.039173054173944,3.0390590904131525,3.2574434842925304,3.2428674961480883,3.337975250619185,3.139142905413489,3.8261422326107946,3.887819239119271,3.785236957610094,3.5055725820767383,3.257500122303751,2.719802298981562,2.569535835242857,2.627622847553479,3.391022855789947,3.6115047227994177,3.7872579118029943,3.4236256880134976,3.0984109223140632,3.0057871390333304,3.1792307987230615,3.282397778585854,4.377933777170275,4.89739726938272,4.689570068306745,3.3822208749751494,2.8995419932039477,2.825209625999119,2.8534446516485383,2.934432595150855,3.827360156937636,4.212019650416352,4.153497146317834,2.9728023613245775,2.777637989481949,2.573001724994806,2.39895311267311,2.44775329302329,3.1874977911309452,3.804568325893354,4.112102897962375,2.8610878931460677
2025-09-22,UGRD,10 m above ground,34.25,-98.5,3.191813317450638,3.062892466628909,2.840051009977158,2.6350413026864343,2.545952175685329,3.4315800233626597,3.9189416299044457,3.794979135756424,2.928013127399921,3.064556258904826,3.1885435586583974,3.049644364303054,3.091885594630685,3.54468259206335,3.8857221883141095,3.8886827661892873,3.681260069295312,3.1721547853420766,2.8166559596023637,2.8925568283437695,3.145819861268185,4.107931593747761,4.533998386793032,4.659018662469101,3.508181583962723,2.837635249839055,2.515767744686369,2.5609393242239893,2.509249638917553,2.93449622117821,3.1319642165825328,3.2303073547208485,2.15729776288577,1.923813808958017,1.841544233228415,1.8302519520958929,1.8062015572661645,2.1898932655619214,2.52245033537253,2.496632550816998,2.2990768564589352,2.363161537024937,2.361363131781151,2.3422327513602195,2.278348521314596,2.6298618613004816,2.636357843480821,2.3280302561762207,2.0508128174250206,2.128055872775099,1.9944136989921228,1.9478744606991,2.1426176724706494,2.922006033563669,3.5054141652359077,3.702301934070624,3.030322395784838
2025-09-23,UGRD,10 m above ground,34.25,-98.5,2.815988639857012,2.90634078811362,2.8605648148365947,2.889546741571646,2.7527172013351486,3.3030028293549787,3.5307370728916285,3.5068551740813225,3.345661208780575,2.8890203474088736,2.7458599867601774,2.8394173085888648,3.048772553445364,3.682764086165238,4.125076880497321,4.327740164868057,3.3774006915137837,2.9718498371055873,2.738748554915342,2.710355486673383,2.653320605605011,3.198996180843313,3.4293941417116187,3.30084029531581,1.981809000096136,2.0335575512638244,2.1921323447851697,2.330192903876947,2.3111736852794755,2.8082755090356515,3.4135510505672957,3.498461995651466,2.802754541639771,3.075642726766387,3.0691868220565253,2.907955678771131,2.6983880065252337,3.6164428381839384,3.7329278901992886,3.3130851395959215,2.5871421708408437,2.692081694390893,2.5388658748992707,2.3177261800087745,2.2985281088566833,3.0426008947877587,3.611137830605441,3.533573712881245,2.8601311175338155,2.924520438766221,2.8854982152821176,2.78817826442606,2.7235689202215694,3.4158725039371407,3.8151172677956127,3.630577760885603,2.745009009930727
2025-09-24,UGRD,10 m above ground,34.25,-98.5,3.134933034851117,2.741831222940027,2.5003280979120417,2.649672204346917,2.91086535927023,3.7398639001761302,3.89231909051038,4.203073185072449,3.2956490847901923,2.7696426303834505,2.397745070863931,2.420858980259063,2.398506806483733,2.8980248306153156,3.1908448686635404,3.299938372060281,1.989089563868473,1.8775413820528777,2.013769266459843,2.0733687661649096,1.9636645686545344,2.2839059655955616,2.6959276963907675,2.80112326587054,2.502563230544749,2.7402781797710576,2.6971543968421647,2.555837513527542,2.4083132912188865,3.1374663098823232,3.3310253010648903,2.9001660525981654,2.1985555303552333,2.2860998998169695,2.145233568031724,2.019064342344715,1.962689674852688,2.5336655781484545,3.1552113010005653,3.186212811489571,2.7039548128362343,2.8914664379079995,2.7512241056150595,2.582532965452474,2.49071674442979,3.163106624438325,3.6531765642241583,3.3463765053920413,2.606106187534283,2.3553944049481546,2.0809717970810584,2.0037885076212825,2.0726145076783764,2.6814793453862062,3.4493138135731303,3.6401736562161218,2.845239040607339
2025-09-25,UGRD,10 m above ground,34.25,-98.5,3.0882984315373525,2.6172553499170306,2.349781735335345,2.2789554709171864,2.183866861951468,2.657496726304485,3.028899255184539,3.3220118929931997,2.0345573285557066,1.7651170964964833,1.8574253776267935,1.8879926432729883,1.841504773093712,2.1094801471600775,2.5587885758042885,2.6520481080042897,2.3811207834887407,2.57784034928697,2.5639931537028415,2.37187603286829,2.236261533083337,2.8963635946406328,3.0117683927760828,2.7625045066013536,2.236281141183535,2.3715311127768297,2.2152601844680957,2.046427675228492,1.952511921177127,2.2708063705549164,2.7057600770063424,2.8243849697828742,2.4470356077113022,2.5745243012975982,2.4069944377613997,2.172508668434564,2.0502050566993875,2.4795897193037995,2.9561709745312705,3.1511739450651146,2.607444557756122,2.469525994717318,2.2850744883410643,2.05391665083238,1.958216589546177,2.5475941151572625,3.2259779945784417,3.3394575170618763,2.63923535558449,2.616075378332889,2.4959090226796694,2.436244222648348,2.5047297800306194,3.490114530668241,4.180303681152194,4.4090415499630655,3.4595346865218826
2025-09-26,UGRD,10 m above ground,34.25,-98.5,2.0359103142385884,1.665446274994863,1.8072162049495977,1.9207641478329116,1.9321616608399697,2.117332008567601,2.456606897429374,2.5044661214449855,2.3220609390276628,2.4938651268023913,2.4602877913781125,2.3394521505346217,2.2158292869213825,2.7672520884638265,2.9544474527744873,2.665892806315555,2.164268267595508,2.2808080920051994,2.192540279025956,2.041195728196553,1.984363920917229,2.332205358741934,2.895725476195244,2.970881753213968,2.637535354192811,2.7670307983947904,2.6375728153581477,2.370503072673218,2.2441928001380496,2.817527578762763,3.3993403207364636,3.296689560422277,2.4632514160494914,2.373816796024416,2.2877803941383776,2.1662434813322644,2.1330672145533276,2.826119365283832,3.4161096497194627,3.490151774820598,2.9642761482070785,2.9287751326034233,2.7591109045815054,2.701227327968842,2.701256348645512,3.56663339030176,4.275363138797798,4.434347266316586,3.5453099251256184,3.688828005795531,3.5240697139941197,3.478348187826769,3.4476011468439935,4.618409850382752,4.777859635578371,4.847941341049685,3.806931885783665
2025-09-27,UGRD,10 m above ground,34.25,-98.5,2.4077231962238517,2.562346563496477,2.5434477416695573,2.390363050475515,2.205801898269758,2.6456364636057854,2.8009336669705776,2.6128910111074584,2.1784919646073133,2.223068918148316,2.095870588953634,2.024929323742758,1.900998597088159,2.4077563661888965,3.1253473128249825,3.194491829824093,2.6463325824224846,2.8631686663773404,2.7933410325964525,2.5345991805980717,2.4060824957872655,3.031847991866872,3.4837607042358014,3.2912398640607026,2.5403632510167213,2.454092020174104,2.3105953023400794,2.1270410373634014,2.1476282455490843,2.7502111026981204,3.2314222433732978,3.277774425434182,2.6393355362022035,2.5887386234293337,2.4316887066796156,2.3130774895010524,2.2963617747281844,2.9933572712471763,3.478701221182847,3.681172523735395,2.885717569647423,2.7899809048938016,2.4585520473170694,2.217870585576879,2.219890863756967,2.7536076516421817,3.148460313368288,3.1765366285510717,2.845451530100494,2.9425083714111286,2.816227320302233,2.554381991663188,2.4324722397202425,3.4558281798866033,4.119085602417739,4.42822462022861,3.581089602130107
2025-09-28,UGRD,10 m above ground,34.25,-98.5,2.155321815261518,2.2291787378726213,2.105921096621898,1.9717086670692996,1.802854520681452,2.2180948028335266,2.9120327069197685,3.0103093702468,2.5114763945569347,2.725998392596704,2.65236330729658,2.3759346247274387,2.3194411856436306,2.888525164398862,3.3674721372513408,3.338796576562293,2.581485579387734,2.518897160589878,2.3528657923280187,2.1579371957713143,2.2341489908622556,2.8936621547855284,3.453517063496803,3.482907711417198,2.640791711213713,2.597263389686423,2.4039689490150846,2.225600517713687,2.121185326769852,2.743555866127303,3.1686594479459167,3.083764440363444,2.688161985005313,2.714609833276952,2.4799419297422407,2.1808481581982493,2.065540491509153,2.6786138273303224,3.0866236408631234,3.206635776492806,2.742782764434919,2.8491830892713637,2.760693768058088,2.533628510165437,2.394863272555346,3.1478798054362245,3.3663189488530896,3.5231344290049456,3.0380727887369696,3.2909722892461915,3.243725851746272,2.9625748931069253,2.7831266977992666,3.847057699936125,4.4503578353054944,4.504874762968452,3.3556739381439256
2025-09-29,UGRD,10 m above ground,34.25,-98.5,2.5071743532911217,2.624334990322721,2.511162394394452,2.2673349655425072,2.1746421126908904,2.6444646359856803,3.18841123429723,3.247267922959287,2.5243987957112015,2.448660873382584,2.2822135125563565,2.152455449481314,2.1895242496653538,2.786221470675475,3.3535067112301338,3.391643634745656,2.6404904224865233,2.6687973874332003,2.579008371075809,2.4362729495452102,2.4018879503498898,3.0921397030776134,3.591531427753315,3.610324369976868,2.92179133179222,3.0432043808118516,2.964068034406628,2.6912341147827137,2.605444960275446,3.5284187759554784,4.014583383540537,4.02632455026599,3.229318767300726,3.488931485660435,3.4904434286335677,3.379168036073801,3.325127479630466,4.8941969059195465,5.297496914986018,5.30194167431012,4.153666404393842,4.687197018241179,4.910948327837257,4.73806399379894,4.5657678874164915,6.131346642760377,6.774687801790297,6.8205201222158,5.529515744317415,6.111939527369032,5.649261673209875,5.076139527853341,4.634665089251137,6.0764948540792645,5.9871076025812044,5.542033693823724,3.857799423608165
2025-09-30,UGRD,10 m above ground,34.25,-98.5,2.478181194563578,2.399128408186669,2.226436019327024,2.0910247766362295,2.1796874747561574,2.754308524161422,3.285177453922003,3.2503600785801146,2.572007393479999,2.6609381613097183,2.5501321189082597,2.4048995167725264,2.383901731980756,3.112836266624649,3.5736561185537976,3.571832813935957,3.0211961614719365,3.188520614284224,3.0365871641499567,2.805614611649488,2.7308825906798875,3.824350699837475,4.289631549242195,4.276585785515323,3.1838390504939067,3.4425452798854677,3.4524722867361017,3.34367358944293,3.2754510641866497,4.918029355819918,5.167806949372606,5.243719930029834,4.000391982528789,4.437835616605606,4.618168437691105,4.32263888502936,4.022365062751099,5.636190990682474,6.4419013542361165,6.546348974848643,4.996587872215333,5.613797748884752,5.3340165944679105,4.872272552866144,4.457193602452286,5.921468160704107,5.7771665142704975,5.2498390981887155,3.899173329514536,4.336805505860086,4.004788128725691,3.2887498904148,2.748970837157133,3.3028400295945968,2.944479836334802,2.8834276692753296,2.891445052519322
2025-10-01,UGRD,10 m above ground,34.25,-98.5,2.4886145791960415,2.5199336883879826,2.4034349927005048,2.289164564126446,2.297146873633608,2.9520800593500653,3.465971804534653,3.4415204964773354,2.9409956484993662,3.096499952496022,2.965830202506917,2.7038567229382933,2.604633966096882,3.58603933221129,4.053548834327564,3.876140708071934,3.0134017719911332,3.261658326363225,3.230754471785277,3.089618662736678,3.0274432451942315,4.583671861235878,4.894978621937434,4.987435648558543,3.8727721149805103,4.492513534945481,4.798341497582207,4.510071580175023,4.190018019263967,5.885225287701852,6.604319372092389,6.7951209954260445,5.166363100161065,5.878284119350402,5.6603860360338025,4.9675801468319865,4.464733344525873,5.9645685537288395,5.497351269679211,4.5709715029119025,3.2462086804291914,3.58683123079204,3.4488011542705257,3.069603127178483,2.8508756631620766,3.4063823053452476,3.2698088389415547,3.1505788525334095,2.8278268117797225,2.777511735277369,2.616740223949644,2.3880006437589394,2.1913667727463237,2.7705346012200716,2.9583934196921,2.7762306620790067,2.8341701061182025
2025-10-02,UGRD,10 m above ground,34.25,-98.5,2.876797596594679,2.958934806624412,2.7885098260526875,2.5329665195011746,2.4224082757740693,3.342676643216559,3.840400564714859,3.6712145066549975,2.8597480355142952,3.086005353862799,3.0832800769232205,2.954008066760121,2.9328613428796655,4.345087152601665,4.710728018178912,4.791778063534865,3.715403458166992,4.282845024320868,4.560605883781951,4.293306022934787,4.034164491902184,5.66086115060254,6.149378354300691,6.31871181340164,4.833771135403033,5.435414841766002,5.450692876149113,4.886424864596993,4.606040380663117,6.132069952583979,5.902403585434454,5.197605177836138,3.4766214802335433,3.9173435014381104,3.5846907618379973,3.177146182463835,2.7596839283252677,2.873240810940012,2.8211864074565893,3.0924862987000936,3.084930148964005,2.8560386621947487,2.410998638399166,2.074716432677955,1.8751824780830864,2.248353366743344,2.5897579218585127,2.780713063081268,2.9809712621557116,3.3390422192267204,3.5490458353109213,3.783262677294697,4.240022475591196,5.327441292450998,5.456232104366544,5.329887637324417,4.034702222213821
2025-10-03,UGRD,10 m above ground,34.25,-98.5,2.6860265529558083,2.88200529284876,2.834597733754072,2.7190569313178026,2.6695275133770044,3.812541689049329,4.264807373130397,4.372387723398227,3.518369904433507,4.036300240018845,4.23125696163756,4.052955897881881,3.905954061034607,5.508049295689476,6.1094935160576345,6.206917401330284,4.73343625110188,5.258217598016875,5.295698169130762,4.870591613276183,4.806691355620733,6.453666068061426,6.455745037326501,5.922295412572496,4.057083756809636,4.600349131491186,3.8362275152334098,3.1504123977782905,2.815370427849455,3.294037469881553,3.0447874497416585,3.1966464122688905,3.153832811508039,2.7381583893656583,2.28828957574023,1.8578313874495616,1.913368567903644,2.493557692241286,2.7080625029784953,2.9581031759226315,2.738247748352847,2.8215472338239937,2.688524773326274,2.7182448809033293,2.7959871307894084,3.844739796478336,4.350338935173074,4.652338146811067,3.966044514449465,4.316525494818579,4.409837276302381,4.357591446182851,4.335523867831362,5.452783302275511,5.305981463625207,4.910484606726585,3.693139531049469
2025-10-04,UGRD,10 m above ground,34.25,-98.5,3.519558986837038,4.040236534913149,4.09790833414924,3.896022944118112,3.8091389436150873,5.530004022472667,6.189340678088608,6.287500631511507,4.7055206231010605,5.1690909013546715,5.1716339497363775,4.90944223393409,4.873331339412022,6.5485534561368235,6.5805823799908545,5.927838244377044,4.060107148998229,4.374388286688051,3.7334377234182186,3.050474248247557,2.644516597296516,3.1180883802340125,3.016625478716385,3.3811481408474844,3.261383605539292,2.984611358090866,2.422677284002442,2.112818340172572,1.987605940328824,2.4710221262818015,2.952791453322771,3.2021566207226515,2.9527427843115195,3.1630569200132372,3.1368997176136233,3.0711455706368023,3.164322767710268,4.250963215342107,4.162724621019053,4.081756775824814,3.2182808013974964,3.359892479109948,3.218733491050277,3.0951599559011354,3.032735819540424,4.035221940367953,3.568500928070285,3.03698226890411,2.925488493793567,2.6642949695854834,2.3096737471492457,2.0578308134913463,2.039957625645885,2.4992303481023144,2.7742528502157366,2.8610345274011717,2.299200315792817
2025-10-05,UGRD,10 m above ground,34.25,-98.5,4.773160271146271,5.124807523916792,5.0680058836022575,4.795982296797333,4.663757295490944,6.358781582104224,6.417419098510036,5.977258579293551,3.929653530243384,4.400455706761432,3.811643430069671,3.104135171554125,2.643563821994828,3.1609525244249346,3.2293310334624614,3.403770785182672,3.4270255066461477,3.26231255126401,2.759968475934143,2.599007991512334,2.609545513593802,3.017107483297221,3.0677037365041775,3.183276672050823,2.8434665068216463,2.8582054009605384,2.799508828925907,2.873768083699068,2.9730607489178373,4.065051188353561,4.0437210067385365,3.887596720533356,3.144148876244694,3.3421462774140034,3.303713181625327,3.1988349600048243,3.0797423019308634,4.165396096347475,4.130238976640326,3.7113589586427,2.972847730495384,3.179812395690492,3.1065649155954516,2.6657628575545687,2.4963738301399414,3.140924381733007,2.9036241094090425,2.805068008346095,2.4925807479280326,2.305143255703121,1.951834212583332,1.7598678449772305,1.7422680126642576,2.1401974093913823,2.3564767088914245,2.3345953121239136,2.552605267317612
2025-10-06,UGRD,10 m above ground,34.25,-98.5,3.989994128793296,4.390005101868729,3.792786462687612,2.98964807922156,2.6232452984953607,3.007168124492895,3.214257874900073,3.3149432653604336,3.399971412501832,3.506147934792912,3.0552996249820885,2.871438272555073,2.9449620844848634,3.5133035777527093,3.554473233920306,3.689090297115177,3.109407585388606,3.034223501801735,2.8769339496613133,2.933156791709159,3.024456923670566,4.167450737712999,4.2394373900078435,4.091117581519457,3.281135893547084,3.4723204863999744,3.531794225691513,3.458495844279499,3.398706809300122,4.674591189297204,4.76698671347199,4.536018395249436,3.427402000223961,3.6398206219961393,3.3493437057319966,2.9568171428266634,2.7975805377198104,3.605564496895469,3.478812079282945,3.0119807169786235,2.7058770563615644,3.13674351660749,3.172623291693496,3.005438838321673,2.8775556061171357,3.979480905365949,4.587339578528045,4.491536575815584,4.031122425591237,4.799812882405492,5.17287514463055,5.240535786311042,5.381078388553481,6.540838579389562,7.321872957804643,6.9576481396843715,5.5053477086413585
2025-10-07,UGRD,10 m above ground,34.25,-98.5,3.1390757571191337,3.247449018957736,3.091378004342813,3.078915150360497,3.256243184635608,4.031640979411228,4.092602950457636,4.049360107626717,3.2136363970709474,3.083624615770902,2.9971652101939013,3.089935608657963,3.1996845926074053,4.370348838263373,4.2761183692611215,4.096503815227157,3.322292450892556,3.5832199727385845,3.611687292528464,3.502304494315511,3.449428283810183,4.778041955531439,4.7865743916865,4.62026721520057,3.6137486918217823,3.790624752938275,3.557811268650019,3.204837391544618,2.936079779592827,3.5866519735932547,3.6016328098650376,3.213605727751539,2.676842444832594,2.9607939831691947,3.0388324060210423,2.9476911013962597,2.90856027684468,4.0613298964398705,4.725280287692213,4.9779691261062435,4.049094114811213,4.724565804687323,5.089341734744668,5.118238100107111,5.047410873866969,6.312516438341222,6.625080109373703,5.885193827955801,4.1244730228341435,4.462449665616866,3.925844141691,3.49715529244259,3.468898787295882,4.289280635125967,4.472229274111088,4.029609797948098,3.2703740618918413
2025-10-08,UGRD,10 m above ground,34.25,-98.5,3.174215993264698,2.9262800593063805,2.8118626404536537,2.8705525062768196,2.984493469105871,4.060540232622262,4.009014298051156,3.760986610409739,3.12235517723581,3.3205120184370034,3.2802135580631204,3.246319126164039,3.287114512989586,4.605139190879864,4.740396339403926,4.492927650805803,3.570937948595357,3.8572778065003015,3.729799713603021,3.4098479139525297,3.1024863301619057,3.907452574156133,3.8795981644348223,3.464942485583306,2.671273371641018,3.017064939248406,3.048048996775294,3.0289243898010976,3.028098535255472,3.694587272399353,3.897235794532953,4.087868418034512,3.4263117257805127,3.87664248600013,4.2288476613662525,4.428233807697014,4.622954625256254,6.011559743261792,6.8086476540998895,6.59985658397835,5.0564864120096225,5.618603389996287,5.3897823921427985,4.734957616403338,4.186948879083369,5.092819197615864,4.717862925995288,4.019819684382477,2.9684976137535166,2.866478239198486,2.7812694112658307,2.81909093703393,2.931665066034377,4.418209600106576,5.580998324372048,6.185942551332747,5.049540565962887
2025-10-09,UGRD,10 m above ground,34.25,-98.5,3.012049939581026,3.1783718298644468,3.104202195487523,3.071019170050031,3.090137094182264,4.28651483114608,4.462047346182012,4.263181199731787,3.406009777197248,3.6752410140520673,3.514880774414601,3.257257551332944,3.0111442487537623,3.9289189191914686,3.833698609961376,3.404825891716114,2.5369376382919837,2.9766120502163687,3.041663429770141,2.837028677828924,2.6629783032807923,3.515006805187866,3.746381516534486,3.753623155881657,3.3080353628511827,3.962022545508939,4.187224325865431,4.290287905384402,4.314854199339857,5.4765424843512704,6.366107754063448,6.2880571551088424,5.0089267679500775,5.4064032504248445,5.347480483352943,4.980252945936372,4.640588831078602,5.315850682245424,5.0504494928488946,4.331179664226755,3.034987863288704,3.025775967391459,2.869254894254782,2.90776188376104,2.975033490138544,3.5283041483692883,3.4893140494727604,3.57012365263541,3.3257198809650053,3.4101643834540667,3.4596982935838816,3.465546084361524,3.6110124583717655,4.861779423177293,5.906298769112237,5.93798776196329,4.391797394344979
2025-10-10,UGRD,10 m above ground,34.25,-98.5,3.351517425552702,3.499343725975972,3.3651636296880088,3.0148758985015705,2.7508406820669835,3.530506583232236,3.458403338706366,3.077196066685829,2.441786709607209,2.742077230970096,2.7455019237103953,2.5611789665927356,2.481033868355965,3.220138155946934,3.392424110615694,3.4530137031553068,3.2771270784512003,3.786400724142653,3.954325595291781,3.953504209302509,3.890151995929153,5.217937066794921,5.87842014373126,5.4778469065856745,4.390212933349402,4.780575535077203,4.547846518667285,4.110861633364386,3.896150405143015,3.720578354982674,3.471911069061566,3.3152216926969795,2.9521433191293616,2.8479434165212743,2.706460695264939,2.7993339378341107,2.8679190795035283,3.2414447133094964,3.0044530064181387,2.920107080664911,2.8237600283418764,2.7736888188188265,2.4631233307977585,2.3456681377673174,2.408822310894642,2.8744240677013906,2.8907605103581053,2.654112824217341,2.7724315023695745,3.0968521878134343,2.977241619620645,2.8225879927889874,2.873532181743382,3.683450190387994,3.797189879419185,3.665608787909995,3.0257504500644155
2025-10-11,UGRD,10 m above ground,34.25,-98.5,2.261202382553284,2.4016938420891045,2.287128965997574,2.203417224824268,2.3569660216697508,3.27323765967117,3.43547135850924,3.523561384270283,3.481013354482618,3.997969918972651,4.204585988828059,4.242971749397931,4.264483750477909,5.475976227948506,5.973538072150974,5.596748888956405,4.352563251786198,4.667022293461609,4.212026888706557,3.502019803697209,3.175001294331701,3.464680004285563,3.1569389135309542,2.9520708213024323,2.6597518855303317,2.755148819126557,2.857371872621292,2.923787812323401,3.087463283530157,3.590259962307448,3.688388417643584,3.4059784606337304,3.0857241432375773,3.2510167660242297,3.234065912763194,3.2064855668846093,3.2039497155557823,3.8882140343581297,4.171383695162378,4.433408692991188,3.8507281733017193,4.299691798525808,4.347943529276404,4.2850754742732935,4.344474763706188,5.727338824503191,5.854040654593218,5.452206294772267,4.288905113695039,5.1053868920154475,5.1185037360100365,4.601566838337684,4.138301989952796,4.676993708166245,4.259734422855315,3.94932520467098,3.5258699196288625
2025-10-12,UGRD,10 m above ground,34.25,-98.5,3.418105921120607,3.890458464520132,4.065008293941901,4.028980215225255,3.9941513418759462,5.212612972242161,5.652071586413921,5.288177170090938,4.002216363128758,4.309218950961874,4.051909208606794,3.4954121877789293,3.261720597975809,3.561233294800428,3.0591642239237213,2.96356060875579,2.824951191646758,2.9196143390194207,2.765078852284824,2.6701684862598203,2.6628340543095375,3.098555938261749,3.2566650290605814,3.273895107219184,2.8076471766831776,2.8808651396618203,2.8013165755086495,2.7282900755614525,2.742495096122985,3.5619056567890466,4.014354381048875,4.344324225213928,3.646954305933366,4.01271973802708,4.055841761535944,3.917122329129968,3.841332595109512,5.31627777104765,5.584973922313237,5.424333147427925,3.638398794966664,4.28717460499311,4.450837293222512,4.111601726641177,3.67069397023824,4.713090615089806,5.135757442313174,5.215760513677951,3.680786890652537,3.747970332292675,3.479534927263425,3.455077084391648,3.455154590560896,4.580013483072791,5.224986392646301,5.608199001196157,4.306641322037664
2025-10-13,UGRD,10 m above ground,34.25,-98.5,4.335225807158466,4.257234734428278,3.799072500026268,3.4850326440549892,3.1660897325439405,3.3005147741066656,2.8403372912977964,2.8924883763329063,2.7302955175958115,2.730521161214845,2.6268900701389306,2.5623756705647356,2.5464946837832274,3.0990859977823693,3.4849995181436917,3.407716385303928,2.7601523742193215,2.945930910964573,2.8672927966363053,2.773349465512491,2.8742957107607108,3.759792495661486,4.044037874425375,4.253029201043364,3.5442110925323176,3.818025485471212,3.817959882594192,3.695064418652907,3.653209633235297,5.11158644202944,5.60440836847613,5.604560934505387,3.788259548790864,4.204062109785926,4.17101845498825,3.7643444046152466,3.5846090987274475,4.962864891506884,5.8574571645457745,5.866725074977253,4.007466260272624,4.2693468463331214,3.959492462850779,3.8160822529733984,3.6965830280188774,4.732052938298765,4.786318654084006,4.963720630513886,3.5465649527064236,3.5020317692243728,2.9883140637499803,2.83221677906244,2.7615811328572004,3.4841278774890903,3.885029766533279,3.9288271721450463,2.384881533398314
2025-10-14,UGRD,10 m above ground,34.25,-98.5,2.551233116830727,2.6680092997606426,2.5614363507912605,2.3888028448374348,2.4306849931565457,3.069205783274013,3.452856294630678,3.3914341263846968,2.736194130189957,2.810859670434349,2.6849819430520876,2.645175810254939,2.6457385119336347,3.3295463906563185,3.7103184707398658,4.186642824191861,3.6207056835400113,3.874901265747091,3.8268654969398663,3.6358023999341937,3.60893975558506,5.174230521213576,5.763942841989574,5.8721676226950485,4.004024431788522,4.788091619940008,4.8787205116351835,4.600921903596202,4.2279957423099415,5.495985988810881,6.36870207198836,6.300100925700858,3.8060029143651226,4.064147042121253,3.75662114757732,3.5469096295063416,3.4942436718922143,4.34838687261521,4.266498669290893,3.914737334821019,2.9290619490782843,2.722970105478839,2.579987127289232,2.503925121751953,2.5670766334882913,3.631115664829528,4.552054696540207,5.032233243571132,2.8728794190934783,2.662161957927071,2.491361823307569,2.365306628089934,2.387044572303749,3.227866005677443,3.695498772508702,3.683408275993219,2.841389839831855
2025-10-15,UGRD,10 m above ground,34.25,-98.5,2.7676563828361425,2.781788173554129,2.5981106231689157,2.432617119978057,2.407090806826833,3.0587857102996217,3.3705605709476076,3.838768587104303,3.4014303501870087,3.682814054533005,3.601658509854867,3.4990179237057406,3.510770520865235,5.076796901678721,5.614733780976163,5.806366051642572,4.002448659495673,4.61931599468015,4.626400743349518,4.218029116376338,3.9465286022383834,5.2285040193441255,5.7296903425635115,5.829364176604384,3.844236207337616,4.188892983393733,4.059591759087228,3.780043731265355,3.702053128730922,4.443575679978965,4.712163801665929,5.388426987609366,5.1484812675001645,5.78923987603225,6.4410608357682095,6.582904027127903,6.194937433345072,6.98280009213555,6.676890705014419,5.594862378202405,2.868731022303243,2.8292802666939347,3.0410863426477865,3.1302024019588535,3.218348288728339,4.64558597353028,5.808538654116291,5.858499472921808,4.241126466069447,5.08449187762573,5.295430724986719,5.321668041207257,5.511353077095232,7.112938550891204,7.891517701921289,6.904900674033508,4.526352189472344
2025-10-16,UGRD,10 m above ground,34.25,-98.5,3.2630735390318923,3.370232016910342,3.2661289607968644,3.2290478761271406,3.29936115269308,4.895296958103996,5.5471950799370955,5.777264346674153,4.032538220350888,4.5352933140590235,4.507406079747342,4.197297213855958,4.0094157243684,5.389499826094712,5.966438118239764,6.049619472145098,3.911500339344372,4.409529384839279,4.459897864897155,4.499702965936857,4.755179820844764,6.198756584633286,7.215188795536653,7.325913840715874,6.604366300918643,7.2951274849133405,7.729800277546248,7.59016082569091,6.83149595308409,7.226784327452565,6.233354579544759,5.058139609430954,2.7146310124348014,2.8075483962158336,3.239738497239351,3.761194569058833,4.3861878807560295,6.518472209265465,7.880841386414459,7.80949780609043,6.713861692368166,7.721460847832412,7.577739809855314,6.469561856431238,5.459126976611351,7.078566388580272,8.172475471105349,7.664117336367169,4.342240209521536,3.5133796100071524,3.2571481423824467,3.1237403143183404,2.894074592401079,3.895338742881687,5.161462895927615,5.825770098253745,4.211156111845076
2025-10-17,UGRD,10 m above ground,34.25,-98.5,3.9684147106170986,4.283469600560352,4.337472419314187,4.049603789063768,3.850157316723511,5.377108677058228,5.918614372213941,5.963045673411175,3.761183395042285,4.151293105021232,4.191352580139451,4.025686815436486,4.086725366364253,5.373673253877745,5.983842101567205,6.1403614887108695,5.801365887115533,6.37597386147679,6.944318135409064,7.01913322220189,6.248071636525097,6.569909325826886,6.139060241565728,5.3281128873373635,2.9564402730732597,3.396536587507554,4.134109673586007,4.989798354678787,5.517541158024747,7.256189004308756,8.6252736522028,8.023725738042284,5.728889920933995,5.296270403493895,5.309399301461636,5.295765553022878,5.0098994662996965,6.75740778131327,6.8810286101770215,6.15684884591648,2.9774342596335153,2.5452973370945995,2.5852987530484755,2.6779222873287365,2.912290295993043,4.167288844790305,5.3236617637480865,5.287225134753057,3.6343133206025806,4.065909698404587,4.043321867121963,3.7837058027045583,3.5025385258941135,4.45294800394238,4.327674607899139,3.8739175867578446,2.695310005286467
2025-10-18,UGRD,10 m above ground,34.25,-98.5,3.495872202412202,3.9212042763821295,3.79925106891014,3.6263025126146857,3.526789123863129,4.6966628000688075,5.1683969244737815,5.540944698986687,5.506867529247304,6.00588022163759,6.508827201934845,6.1854621026876835,5.445091737728056,5.98584840665403,5.870251503440364,5.231562393452013,2.9377125993911672,3.420536030317693,4.180294969572718,4.976534461658632,5.667914466272686,7.511945097881952,8.860753824931471,8.069884363416831,6.070964807389313,5.374353089227462,4.416529377013225,4.5048336802807665,4.66128232030456,6.3739516954525754,7.450224059272775,7.2064466334696515,4.0536037985712445,3.129925152471772,2.9535059539736532,2.917766141196831,2.7364843135584644,3.491163593054273,4.267794709813813,4.2449041129372596,2.4181705652427974,2.607572094302504,2.6599987155321454,2.626086312196935,2.8784388645582353,3.8046677638755746,4.6299496330780325,4.386346546070282,4.204352931069316,4.619629909187777,4.617657129797061,4.580523675011431,4.666785948620701,5.172495827923979,5.3828907923009925,5.0567506700754805,3.9029728963204815
2025-10-19,UGRD,10 m above ground,34.25,-98.5,5.34566031346375,5.748187922665034,6.183840822319117,6.065123829431182,5.373500030099072,5.877779725176463,5.760427326614036,5.238568644761459,2.9988963597104092,3.5158687589475695,4.438924949158448,5.235631387581269,5.759281761292724,7.7104247784361775,8.876198089650309,7.997214983515144,5.551655967601434,4.981451727094322,4.111776371194624,4.18097650010994,4.42130617689752,6.412008061919412,7.656038502015051,7.288461188566751,3.917414012427813,2.93576053999499,2.617223679930883,2.6408171222861636,2.631922329904096,3.5067382888070107,4.608746827690635,4.822793206945401,2.7247249047154107,2.7339375161170567,2.668995080763624,2.634251412895065,2.6202782691644377,3.5281683676342763,4.046603178410864,3.9347147521501737,3.8055911554900743,4.302216376691093,4.543692808290582,4.476368154283456,4.6231446017282725,5.140120863621849,5.328625416609484,5.13643863067392,4.995600852722555,4.929290447444643,4.473380346673544,4.173809856864448,3.974520577427025,4.128717047875277,3.753663367451889,3.332474100571038,2.759556933638678
2025-10-20,UGRD,10 m above ground,34.25,-98.5,3.004287188593117,3.4497671628468196,4.034674243461138,4.764941467859047,5.3192116547633495,7.374213163868001,8.704961372229446,8.013747333799309,5.895670394151271,5.107698990087947,3.952047255103877,3.740684682474159,4.156834011193445,6.0368920384572,7.570208320474478,7.075620732981232,3.936136742879734,3.122624098689129,2.895631308951408,2.8400562037328845,2.616642659264383,3.347905879719587,4.125371922014791,4.1038105469013475,2.204056116654359,2.238664705611763,2.1573294158585195,2.080916493470425,2.2024448306645183,3.078310646552018,3.830718045303011,3.865064139253146,3.305189931035051,3.7547269984677,3.796266644136667,3.822890153380635,3.8560537602041087,4.45869174404864,4.75843999626,4.535357436077834,4.10080165566135,3.821047637674271,3.7260146526304743,3.684214024777036,3.5801779810710936,3.972371228806036,4.108638648976889,3.944170923814597,3.5345496560642333,3.238576377443325,2.7667730392922905,2.525324168262489,2.330831936151351,2.8088921183187425,3.2580800528738987,3.235806981636445,2.621804890400157
2025-10-21,UGRD,10 m above ground,34.25,-98.5,5.516889934496984,5.068930140639017,4.360220423227096,3.9817784698892913,4.400954761109768,6.352804802972917,7.858957972737197,7.244703788664867,4.075153033764588,3.2387575760651948,3.0731101375625087,3.05696690529242,2.7252544271262886,3.4192078859043225,4.220194493518999,4.382445259801549,2.428126956626228,2.487777634233865,2.351632928543582,2.3361334210667684,2.3955086606374434,3.00028151392704,3.435302872428527,3.593840678875343,2.952345281643316,3.4554273289348565,3.710974161460138,3.658565153486353,3.6140930014644086,4.263900036009161,4.458062344142882,4.260398171552565,3.979701844592056,3.9031197718120447,3.628603150372806,3.478772412057444,3.2665307156914336,3.396609802223412,3.4520258874902563,3.367770428466198,3.203892421811791,3.3787762109532147,3.4376463928845604,3.4056678873592783,3.5115385632771705,4.194512671902196,4.88125827783074,4.918651087050132,4.567168331309171,5.1528873031157305,5.2889144324072035,5.692807062334598,6.442151638860143,7.167891810703895,8.165908576590011,8.412276543618638,7.933459626368873
2025-10-22,UGRD,10 m above ground,34.25,-98.5,4.209113523848555,3.3539898679027407,3.2872952067843997,3.180252202735386,2.9191424287906536,3.703267461284203,4.521083382367593,4.734502945121905,2.584475359545406,2.594921953256723,2.533678065584885,2.5051009922472556,2.51837497045418,3.1697687075468277,3.5430204221090813,3.7523348120490585,3.080265406166874,3.5425933453030045,3.634042676564344,3.6292540039532417,3.847948646306869,4.621121833546002,4.71276834121076,4.525925954596248,4.274819565539573,4.182409627600001,4.131654181158971,3.8440340649471127,3.739137722388449,4.276182182866305,4.6033068342847185,4.830458007374653,4.515840879729383,4.638379074723478,4.455910562814664,4.3447320990163485,4.203917893174921,4.708489575508633,5.344895200428491,5.117440812421899,4.4538221378113,4.921324862656609,5.2290577958389655,5.564771590050572,5.879751878289543,6.716281543499669,7.641928963629857,7.290087966370713,5.52393740933317,4.815600194543261,4.147121759758793,3.454912731895548,3.2252455747654514,3.880194398774216,4.597336696168977,5.011126136269564,3.163224645610453
2025-10-23,UGRD,10 m above ground,34.25,-98.5,2.6302903810406426,2.5976874192734076,2.5993156590694464,2.4917186794629256,2.410695009295556,2.9978624699411007,3.487873399000084,3.5778315735359287,2.8710727046685194,3.365423737243458,3.4293612931638697,3.483356077711702,3.7205365788003704,4.45242451653022,4.544192482602218,4.168114411136138,4.107872941091854,4.101367323767002,4.168230661528267,4.1255163243582045,4.143676689333273,4.715740621590944,5.125253677373495,5.01771721828432,4.58214386614098,4.476186359573799,4.345352897938627,4.260664252676319,4.228821751804364,4.37346117144256,4.2006790403396925,3.782694311368832,3.562333790696868,3.4207581307185952,3.0501349145276464,2.9390962045991538,2.947244147206484,3.3715250120841116,3.653464002917388,3.682670173960862,3.3158708968440767,3.3575532112944764,3.03816262673854,2.6720890621845386,2.4495050316411024,2.854045663129085,2.95612533190811,3.5257807531431693,2.987785958571234,3.273466640716952,4.20660393806847,5.3281231891913645,6.340346692487074,7.838490207279527,8.956366121500652,8.168191973836471,6.097109543798379
2025-10-24,UGRD,10 m above ground,34.25,-98.5,2.985164615775203,3.342343389320225,3.160333715362748,3.1501988914612316,3.42627745293604,4.160139538864616,4.32326454625864,4.073223850821298,3.945540597949339,4.11830214139407,3.9882668541631463,3.865069407891151,3.9673449237587257,4.48654316770487,4.609862136554464,4.221571144157322,4.034860184543617,4.22908014078476,4.153746343997536,4.111314279508236,4.263762258691025,4.613359911081072,4.62842416662373,4.415408219502687,3.9574176425306136,3.715281221493884,3.4096823121210575,3.223461160034169,3.178014614322232,3.429510776622341,3.285246493648004,3.4059395175268414,2.9132060715682595,2.7177655103605898,2.4769336987874975,2.455120296014969,2.4100259862769517,2.94915330585159,3.3187425588083217,3.79912795829356,2.9475865769666623,3.057932613265662,3.51918177997128,4.122583863346772,4.553026875902397,5.938529240803372,6.269339519549682,5.604928289384816,3.366429274025948,2.6145260516164197,2.6161248612658294,2.744949476497989,2.861943798548274,3.533608504476838,4.338215941468292,4.354152509325015,2.6157783454280055
2025-10-25,UGRD,10 m above ground,34.25,-98.5,3.6517920171915184,3.7080712076414537,3.8152902672776143,3.735417957351908,3.710643405613256,4.369738621416083,4.48318567303716,4.225914814930574,4.2771175690675785,4.440121949970481,4.340001673521829,4.290805500281058,4.580797042529176,5.027697813984734,5.030958068145079,4.81783168436843,4.196488571449016,4.219469919598889,3.8598857441567977,3.638775121352565,3.528423289643608,4.045425923133218,4.0439374188744255,3.426419317505159,3.037902166972731,3.1560740945585133,3.1988969533039016,3.7129058832395976,4.389884054065286,5.741471925977733,6.648490852283182,6.567225204399616,5.334005296994864,5.372313665135883,5.605984534212212,5.838439158116362,5.951524970566314,6.199596857367157,6.342727412214052,5.753478419149104,4.1656263973804855,3.617319070072997,2.9730566359425827,2.6131913102009507,2.419170920321622,3.11195699051636,3.7242962068699046,3.9662804968359193,2.665691123720785,2.853896423451281,2.987544071829232,3.194338955285682,3.1005297267133165,4.132215850037482,4.55201082135774,4.21928849941418,2.521077918129076
2025-10-26,UGRD,10 m above ground,34.25,-98.5,4.234132337826329,4.499840603863949,4.229197172218658,4.03281535223508,4.124964805355761,4.5846671906806575,4.588664108368224,4.436562874997782,4.178305655615054,3.940131778452795,3.4664370117976615,3.297747572193104,3.3242711736918724,4.006853272743665,4.060838324152208,3.9098355701038914,3.2620958348717584,3.34790820146988,3.0663775809052174,3.0580178846390496,3.395359634304679,4.445610149198977,5.257087406660261,5.612119793857927,5.917950525879589,6.351740077224195,6.916088276894078,7.707079056068136,8.40278981947592,8.916164867091547,8.819782907296212,7.938975304980164,6.532894581176411,5.431584602416988,4.617436555083366,4.226115669915751,4.016287452071026,4.928017448521199,4.816472971973379,4.321544524255213,2.6487391276592867,2.4254620302676746,2.195865806492916,2.252960179360268,2.21783815550188,2.2899040690440193,2.5983899477294403,2.6587718162545677,1.7691313367209451,1.88155807936596,2.0465631472404215,2.202935270301894,2.3522644056436333,3.2840610976629216,4.648981854684434,4.999689589076144,3.7409834652229375
2025-10-27,UGRD,10 m above ground,34.25,-98.5,4.024945040044249,3.9749219479652007,3.349216465080992,3.022442936104836,2.875392613202352,3.31365442794882,3.464721694367336,3.289791086012156,2.885631899592253,2.9260455686311864,2.7979192355260265,2.725494660119774,2.8505124326468376,3.8036167579328217,4.9391639453897085,5.332934614445085,5.367513125019888,6.192816404396945,7.475670588159056,8.488673438204998,8.86697272930197,9.018385153938585,8.619816549280214,7.553077450826005,6.063437313692021,4.931181205925151,4.281781957198438,4.100052941820989,3.783622700535341,4.140288749262179,4.141531594442554,4.12359913722766,2.5390320053228734,2.528990341801495,2.645398044146189,2.6735566570149176,2.6078872049190713,3.3491873156418164,4.11804220956639,3.993079558377046,2.6059924188163635,2.4876498866319205,2.390361678048343,2.44227567732111,2.4219205866112397,3.3142381373937986,3.586499658643418,3.71831038644457,2.610105410391876,2.2551647915918167,2.094202415393114,2.4639935887587585,2.7639794420722748,3.842167767660011,4.785329614810191,4.659810389320221,2.7769715074214374
2025-10-28,UGRD,10 m above ground,34.25,-98.5,2.7563505586337267,2.748397984196683,2.44877721735771,2.2680478382913645,2.4470472879280525,3.333317855262409,4.533002083556044,5.380562964004254,5.773656436499279,6.669157292710501,8.08064248109887,9.059854101010105,9.130044436857151,8.755823253623682,8.216961536558825,7.270250583366505,5.344372153644088,4.179469054428133,3.405083049026182,3.1528717371469086,2.874479405868676,3.165707218617504,3.426451948143576,3.649575747416846,2.3770713268683537,2.420073727309176,2.614757903652766,2.6044558050874027,2.5778494859161936,3.2731859591740573,4.0656569249933465,4.166653593530901,2.722595616361712,2.7095591922842273,2.645188728340054,2.755886831529316,2.886208236180255,3.8255554442700737,3.602218896284037,3.657074986091813,2.7959207008096065,2.7648010563941714,2.664294185534338,2.526238193422574,2.6344516715440367,3.589728499383942,3.7755838441254137,3.667263652279354,2.690677912566275,2.9499045067924907,3.0524559120413315,3.0905382140949356,3.244693766405136,4.045242066004597,4.5269538842753105,4.305401049196844,3.3003601195539893
2025-10-29,UGRD,10 m above ground,34.25,-98.5,5.4348286661875225,6.16381655536543,7.564153354050534,8.721519726031508,8.978870625580054,8.777356438577893,8.445730206934966,7.439025046704648,5.155747306390312,4.020926773012332,3.360971566080886,3.0556028035142813,2.724195119311143,3.118030237225363,3.554452887217161,3.891609779077366,2.4947498821022496,2.5449737147035387,2.664296197543604,2.6427425412871353,2.472037333603906,3.009698025091581,3.743172280218846,3.763609900529685,2.4042856240701127,2.270882095796325,2.043285131912518,1.9760796456236605,2.0372267035306333,2.5312048846061908,2.728360423833503,2.650280851325504,2.576222447081192,2.6222879358711397,2.5512212804381695,2.4074962562703957,2.515638470347876,3.286225926517349,3.682550133272451,3.8071816804331746,2.767706618877387,2.7132297692618317,2.7706009757950225,2.760404360173318,2.801819452652656,3.5479624793935667,4.007990561345574,4.252204807231796,2.9825984854528795,2.8805713128193733,2.8498200209247835,2.723677465523976,2.460226475293143,2.78710487868399,3.280998368974654,3.4298996039655076,2.6100170010123023
2025-10-30,UGRD,10 m above ground,34.25,-98.5,5.358088514235773,4.1268336525993,3.4551612713182176,3.129835664036889,2.844347673154936,3.2996625263062813,3.8022839838514586,4.322483202144844,2.6535542103529792,2.711117592515791,2.805850894890967,2.842997842277867,2.5370693121112,3.0238350701736585,3.762691868357127,3.93487125154283,2.444645025858698,2.3708251368680604,2.336119255700478,2.3842573170974037,2.608598953785836,3.3563896456474716,3.3055695628158723,3.3780566895948523,2.632805789996711,2.3792063132638357,2.135264781662811,2.1509261656606347,2.3584421010843606,3.1704166536737795,3.821696731644862,3.909559744335136,3.1135178864642667,3.413499548084539,3.385386169348201,3.3367125614326554,3.096869631162379,3.779224332937028,3.807642922133715,3.6063244482464567,2.757724349500456,2.778704763919172,2.689475075970699,2.6678255863644256,2.7760378319714,3.974916001440514,4.429194424410364,4.183292370287078,3.1337229631070116,3.4773025606868373,3.406445570626273,3.2638742010391693,3.221450228066533,4.24753291412379,4.883610086835628,4.536366437900915,3.012668600975183
2025-10-31,UGRD,10 m above ground,34.25,-98.5,2.698396251388302,2.6806882646673262,2.7566122940702273,2.723532990922206,2.486170904296171,3.003458995974168,3.947844663815869,4.20795229585056,2.5371936922349443,2.6127603034278417,2.601538880599417,2.6513582240977143,2.7232792952263294,3.4581964406428405,3.7616858000876094,3.8597828430069745,2.601763470756072,2.5123747122763147,2.308293084509846,2.2117395450635486,2.315697558819899,3.301197555427252,3.901813381694996,4.050448968865966,3.3745533013776745,3.898121032074066,3.9259807123987542,3.589097124534171,3.3180495129878635,4.31728567829162,4.382073698330314,3.5761013023733454,2.498442602824378,2.5180866832347593,2.577175313685052,2.798930988255225,3.258651355120808,4.754505282128058,5.896354995040697,5.504388958584004,3.6465359508456703,4.092824671142563,3.976969044611114,4.030444383941312,4.325494151168649,5.741174572874811,6.133707731973803,5.358903896559712,3.3049088087582223,3.303939379125078,3.018911642034026,2.832577375653325,2.9872661095782167,5.098996954255694,6.597390803447395,6.7126076166322495,5.937399295667469
2025-11-01,UGRD,10 m above ground,34.25,-98.5,2.8619257521803716,2.8930235364176102,2.962249110165614,2.9344840677519035,2.9178292158945514,3.851201706068836,4.095000472898684,4.052638746732139,2.5971509899744776,2.213635749032756,2.02747619570716,1.9795221911496088,2.2124465956108796,3.3009497985836065,4.05753745970627,4.3699673391526925,3.4276632354559564,3.812069327438608,3.858075583544909,3.547951586337459,3.2763624116935466,4.068516976421957,3.96481374935522,3.45089976853177,2.5040743286663325,2.8462132619233653,3.2089878836220063,3.5127609605162524,3.6762019128840864,4.834627280585291,5.887312748351768,5.238763440248391,3.331524932964129,3.5625055172290043,3.4437648341957052,3.388447222566171,3.314132114901547,4.254663725374565,4.127092183240243,3.527694351424099,2.724983780608735,2.882433525903087,2.9931981306890645,3.1066057029106293,3.4354334946566185,5.327354709537518,7.083817750309371,7.004486867133648,5.869384328911201,6.716180586991118,6.895292704310543,6.483304494629909,6.272795366352108,6.861925660103335,6.682186856882807,5.419223245048174,2.849771579464437
2025-11-02,UGRD,10 m above ground,34.25,-98.5,2.6622239025238508,2.1228415716898645,2.0527713321481356,2.0625123567576464,2.2704857411676964,3.4345917697457375,4.412548835818116,4.658028199643245,3.369008534396671,3.6882479222164464,3.757457714845099,3.5503565967140434,3.069461665142232,3.594845524547259,3.6031052895356064,3.3669067519353844,2.443764395678321,2.847255283801414,3.308523102193894,3.7225091491937943,4.161942391162258,5.63580181691801,6.995616461448437,6.317897032727144,4.595723623143804,4.893502911624731,4.626232304400331,4.113774956164552,3.718817560804263,4.735582761567047,5.114498746310917,4.758849131306116,3.0562211323756827,3.061398023599053,2.840035695633639,2.764069548555849,2.8183168288683467,4.165909456992688,5.180755823262301,5.270713037992559,3.5193619279831805,4.160144644330879,4.3518054940608,4.334890246354847,4.593693787867693,6.080915605906405,6.6069547429352085,6.2732911686014035,4.519202317504842,3.9738384738370542,3.224752261593027,2.945832429759459,2.7931910268093816,3.577541314370711,4.010518390141197,4.103215027697745,3.3625159330476593
2025-11-03,UGRD,10 m above ground,34.25,-98.5,3.7699665502826383,3.8626728903990752,3.7439475815064096,3.5761548295720087,3.092147250019511,3.7037982559916314,3.778224396839046,3.30093805403265,2.338176263861422,2.6961298844198605,3.0091060238606913,3.484732296996035,4.000649593102589,5.650115795103478,7.1402302701879545,6.569657101555146,5.01463641215094,5.474082355826766,5.166654141934841,4.7176873030464845,4.526740160678043,5.697091983936842,5.745713388650158,4.778444437040523,3.0424799436081367,2.930442443647832,2.8719434409336873,2.889004783895034,3.08924250521195,4.569833589099184,5.436213071872978,5.478061343252657,3.6809504892078304,4.016622782701804,4.070547066225509,3.9813064407191296,3.849254383863508,5.242252093372157,5.836478519422897,4.963719359107298,2.924390884375355,2.609393380745097,2.518789910670215,2.6554259969040332,3.0024544632934296,4.174344207490043,5.755499738138158,6.468603283746273,5.784184007971408,6.3243258792713375,7.47652909099096,8.045621600036181,7.781577649961823,8.047942470063548,7.430006251397755,6.941164863236098,4.258428230640116
2025-11-04,UGRD,10 m above ground,34.25,-98.5,2.4711447608823436,2.6444425733536656,2.900962158713743,3.1313066753618486,3.575859231821666,5.095335043357608,6.602497519844945,6.270346346620169,4.700477084062628,5.386174860744418,5.173858858311711,4.876808052423271,4.787194314231175,5.9925090534056515,5.9602135138655665,4.871165763116525,2.957503148599164,2.9597636218284835,2.8633583102488243,3.0598709296797337,3.3105830672983383,4.78693343166412,5.760494748018301,5.691399070952856,4.038110346770804,4.43306286702298,4.567388073319405,4.492267450302552,4.129573600485137,5.126677981633998,6.050344109187316,5.706927926328573,3.3297727537196393,2.9762783033845475,2.4967774094983772,2.10871970791134,2.041463858737446,2.703593158124322,3.931030145309925,4.713402471326677,5.070550974105056,6.048330932063546,6.98595506369736,7.984606026598348,8.086780084955715,8.248399386527364,7.717194822067874,6.857011640144048,4.229379148520538,3.3663457247364708,2.649964121923823,2.297065426334235,2.229844098932761,2.7938916783190915,3.1560414288226446,3.079370588487711,2.1701749322423
2025-11-05,UGRD,10 m above ground,34.25,-98.5,4.673062159375052,5.231157972441332,5.030815226784409,4.689717585244855,4.567640511913021,5.67472750852526,5.574764870235136,4.53541185888042,2.7954160284459655,2.774549718248679,2.7006751331692924,2.806331724231503,3.1547796184215056,4.812820644446296,5.9758635060682375,5.876752539627001,4.136106909970481,4.66403878259425,4.746592947254651,4.542459077193788,4.181497709066165,5.0319531650537614,5.927506369642084,5.822339545674161,3.49363856378183,3.1972986485485695,2.803120554042734,2.393698413688216,2.2192667032318982,2.924414199823573,4.44306042882398,5.498143138624949,5.925162094805561,7.373670239909141,8.193836952235026,7.9389764632590065,6.905110504901655,7.232277685081739,6.6365581522440165,6.101230274729825,3.3922822593262314,2.793974441068235,2.4177674995940324,2.215597706471586,2.1709586524264104,2.8704828652622085,3.7052526047647727,3.79343748928926,2.4026550552635606,2.778908714351161,3.3041391265215996,3.825954133064332,4.461280036574468,6.193453134063207,7.784202647561195,7.19058309982816,5.476536410269411
2025-11-06,UGRD,10 m above ground,34.25,-98.5,2.787683462831928,2.761263469219245,2.6904075188709786,2.6446285652883743,2.9923027206300685,4.691700953250171,6.042162537175672,6.019715852756115,3.9990020773237456,4.284864942791035,4.315119535454704,4.176125741621394,3.7482139338488807,4.531149498481975,5.384780866932302,5.170569414827637,3.0696013696461333,2.694202572499994,2.46730630085585,2.2285699432342394,2.148588936850709,2.8790588684516596,3.907453326847048,4.737527678352116,4.724843724560733,5.479891147601838,6.504222526651779,7.169707340363054,7.213917420953408,7.821591868143135,7.620419725203982,7.360572726572454,4.950521734522788,4.206807488545831,3.6145371546565945,3.1972788968483794,2.7879229081196515,3.4416407526663075,3.863703025774571,4.073841669336465,2.7495858612284,3.3439847457120795,3.962885857674919,4.521555114096055,5.1868903400963315,6.9004095327014126,8.181531431711473,7.288463642309329,5.761370870666962,5.503535348505526,4.771864296299761,4.23133177044144,3.822367883035909,4.463772933414794,4.803479105316876,3.9292881628695326,2.4752043543054203
2025-11-07,UGRD,10 m above ground,34.25,-98.5,4.053821004366725,4.3836920218315445,4.441499044024958,4.14827005126765,3.934220391904171,4.692934706873784,5.347327965619552,4.987751976744366,2.750624017818422,2.497199576019685,2.3751462954112457,2.3243957669987236,2.400109031897018,3.453043666560234,5.142585135262216,5.814873353939957,5.125873554090958,6.081920889626704,6.809989576190029,7.1454500968278,7.16570928183069,7.998106397486608,7.682116299658363,7.348006220200591,4.931894124465691,4.017077601821749,3.337303924794867,3.0196238693866295,2.7004167239483214,3.446780816888112,3.9200763141920354,4.177458360776807,2.8008039905812203,3.526427120403969,4.434799228361151,5.2409644083548645,6.106999500039844,7.415591672880605,8.38757937029946,7.158527158199872,5.05770071773884,4.67703829035493,3.999989496461496,3.711694263598357,3.460597925923663,4.071102733039401,4.537469271792054,4.004932468210837,2.4320748428861503,2.272442327216469,2.1854798994829814,2.1731893003294087,2.2313026694698737,2.533140241266975,3.0608081361526476,2.9231120955945995,2.43363865048293
2025-11-08,UGRD,10 m above ground,34.25,-98.5,3.0594359549039876,2.7306870262384164,2.4640268992768015,2.227460964490488,2.18041206636311,2.8188800952463957,4.478115366009197,5.5011427893383535,5.012834689563359,5.7352639486219505,6.463172466150267,6.700432978702398,6.683098505469591,7.499205112887737,7.387573692766812,7.339610997047517,5.03811625791047,4.444883740230967,4.025830372432585,3.801483037831142,3.57999325526958,4.305106797911075,4.169975367902444,4.213099342968376,2.826213394361588,3.5260981866631957,4.451990152078296,5.248559405900865,6.065236809598828,7.333927867602091,8.353272461845158,7.148803653834564,4.876683215744649,4.4703872890152665,4.047464602399274,3.999947398951917,3.99061052508311,5.159653056260222,5.897523003735664,5.124581439744498,2.902286641699101,2.673481162477614,2.6108200299883215,2.560154557462874,2.445371985888882,2.9695755569337705,3.966565492659547,3.994975888059041,2.6196154113589953,2.700890317075504,2.535837145267452,2.227886782170253,2.2270281967762986,2.7970845982727313,3.542817034271967,3.7869930690940254,3.2003118595398883
2025-11-09,UGRD,10 m above ground,34.25,-98.5,4.901810551116849,5.7705234497342035,6.838131125911629,7.292509429428665,7.243789255540148,8.044087180555719,7.911751415820593,7.729431901747118,5.4796473478545575,4.620372768986087,4.352867787953228,4.362245450621056,4.161330794166252,4.766400569628286,4.414364823820032,4.374609944954406,2.8738035150578667,3.5480085827325434,4.347520743986099,5.167678567929441,5.907223663089415,7.147413260322832,8.01067103895356,6.965173257830688,4.816109307444944,4.597840617743949,4.121487029657711,3.5929973521057503,3.1787791427471843,3.6121320405725967,3.8431984206626897,3.36601524198895,2.2797273963705584,2.336632026697542,2.4407536122722844,2.6540994169914596,2.95743123028233,4.181875838692079,5.501694820086099,5.361041239275747,4.073666272543344,4.714997743135455,5.089731525034148,5.280068063045522,5.409333863055879,6.609659504700745,7.899309783813254,7.348804839815937,6.575789001124547,7.464891018819933,7.430730051525264,6.8870603454285035,6.531541075326704,7.038201558715883,7.559290876359621,6.750446387804502,6.471183396523816
2025-11-10,UGRD,10 m above ground,34.25,-98.5,5.388683342054421,4.635103875216193,4.619437662511118,4.5592206731582925,4.286560951353863,4.964888945319285,4.4186924430395695,4.337904093532867,2.705486778918573,3.3644443431675706,4.116743749739673,4.910634360397969,5.554835806719829,6.81612874817507,7.774688210010237,6.768458540433785,4.540901484752134,4.350155859520678,3.851862487834981,3.432523457413244,3.1055633176878263,3.6746997607078975,3.908862707300104,3.3682566696169474,2.259217383055386,2.299628209698602,2.3596575076251627,2.4385227059927828,2.6498719877702577,3.5174793898940147,4.681531168014361,4.597412950069754,3.460289626470984,3.7488177644131664,3.809053464681892,3.809988633809383,3.855310752618845,4.891545146796185,6.2077853725959065,6.0627909871794206,4.7932897732488575,5.608166549457207,6.039481045368649,6.058931255453926,6.042636920773336,7.058142864243836,7.786373957159709,6.307159395877766,4.8475720416351145,4.958895557537753,4.76412352743712,4.723393558186137,4.981996801922268,5.6747526941307544,6.25028387987888,6.471587408403391,5.627936214900893
2025-11-11,UGRD,10 m above ground,34.25,-98.5,2.635265612958219,3.248406161002814,3.948684309602636,4.73649742938458,5.400405743233635,6.796163091673874,7.7099751057869295,6.573325712269698,4.357679589465466,4.233110667704048,3.720432051761701,3.3478862298510776,2.9979915776379875,3.4221196219657752,3.665496568419004,3.119512215466533,2.2410244620229647,2.3219001380753737,2.338155374855135,2.2957540422401648,2.3966587256591456,3.238419897902845,4.461828827901616,4.356196122082978,3.0238252359338924,3.121397757517625,3.0004302609725424,2.7978347534327335,2.791450974140377,3.550100120042302,4.582060115464126,4.818033197138491,3.528963856399023,4.056934612379267,4.296828654956844,4.571344456646468,4.979717610230752,6.308227180654033,7.801042492956889,7.075542869224245,5.848205295629645,5.837230556358708,5.392740872992453,4.718759164011756,4.165527143932089,5.115950510276566,4.977411314988107,4.372018951809845,3.244129399053771,3.5414480197523597,3.623710506833243,3.7631914348762336,3.990785947832193,4.52711652396261,4.9119968280805635,4.8167079592433275,4.254249424547805
2025-11-12,UGRD,10 m above ground,34.25,-98.5,3.974353002289,3.8949335679933785,3.4989122333679417,3.206111473629269,2.9134723862032503,3.0611912260365526,3.3542717588714335,3.0025502978909517,2.132100531131385,2.218308779113217,2.2341471615850037,2.197202941725792,2.3183169481613173,3.252839727116137,4.615667604595086,4.515801909555586,3.22552576086861,3.334277033676666,3.3254972433015872,3.156889386449138,3.000274706316822,3.8266844878840978,4.6558386558277,4.856400828335383,3.3860881448224323,3.7974076666913312,3.9962596477410655,4.168138012691595,4.367706131624877,5.6762403932177445,6.783643330537053,6.024252156054128,4.025371274747509,3.8590990550848145,3.579069468696131,3.309299168175767,3.0606148811251175,3.954265403161187,3.9138160847959185,3.8185016019296234,3.096940597307104,3.2006121915536725,3.2694357190833205,3.3849629417994027,3.662537824547625,4.587729859160598,4.636967235607419,4.6392845442173885,4.354457919628809,4.610200054222852,4.395007491782822,4.043323477248061,3.6966492177926153,4.055339929464408,3.7961445823389384,3.792216122167608,3.0273475946291737
2025-11-13,UGRD,10 m above ground,34.25,-98.5,2.2324452625062037,2.262710881736213,2.297348735847352,2.27849474014778,2.3624821865339376,3.154309198446235,4.46783699430359,4.513410336525615,3.31731638555661,3.487137847677661,3.5032356990627034,3.40062909851462,3.3526936051777314,4.396219828022263,5.388057583185364,5.45865122544801,3.7561363830466634,4.281203835419057,4.567870354654821,4.6802425420704985,4.814764057054166,5.745743312690957,6.781720100061499,6.17338952760585,4.404840816853952,4.4147443732037255,4.031598248566079,3.644383383987888,3.4158162598628374,4.406652515775038,4.019834644601437,3.8841318108576193,3.1422865618425555,3.2613800730930524,3.210613691323056,3.3266206212075717,3.7077773401158503,4.638053217334871,4.819442465755927,4.540117994089233,4.039891277781722,4.223427399744612,4.092447094229193,3.7120693497131687,3.2426518075365083,3.5155144066379145,3.0874910813637655,2.8615717783379835,2.704385398690749,2.744890614242772,2.586468442677582,2.614522038723292,2.836904160358144,3.605363301536075,4.299878121665739,4.297243900797108,4.430839223304156
2025-11-14,UGRD,10 m above ground,34.25,-98.5,3.326231391094434,3.6110907869429143,3.6401712374172552,3.4587109333083013,3.3436433158858363,4.3983670319494,5.421238502004542,5.394688482274299,3.7431948211523567,4.494387751068623,4.824890094449103,4.948719255326004,4.912063009487573,5.653181195314118,6.51876076142052,5.7074708374772145,3.991834576591444,4.133134362953234,3.8236205649846977,3.607713375028368,3.4848928234136873,4.7072462793642575,4.5947702075328944,4.398545501246529,3.30110231164013,3.453495619755609,3.4146291904828283,3.5985974418576188,3.977355275168741,4.920928829597025,5.222964784931018,5.003012194596524,4.251504476367586,4.121172661008097,3.901756951566031,3.779854525310435,3.521685083863745,3.98992938598533,3.6670555397753137,3.813929794034598,3.322637553503792,3.42076779013037,3.1506281015477056,3.016975485100464,3.1546524465592496,4.079012831262647,4.43060118434912,4.36041315296128,3.687615006083961,4.06870711283455,3.992245076811737,3.899745471557704,3.980704501207592,4.128740846675662,4.491329263972361,4.023884355506461,3.43508348461739
2025-11-15,UGRD,10 m above ground,34.25,-98.5,3.8663678824016503,4.785031096606282,4.994867320694878,4.881200968525338,4.827078872636876,5.608348557910507,6.394812052515601,5.543550292673083,3.638897158802484,3.7173669032235304,3.60675359855231,3.503565396345937,3.4003207235900943,4.626415165124956,4.416142034360435,4.3481252851214025,3.209691493729837,3.33508705329717,3.3863669204344222,3.4874269004665797,3.8842527123395554,5.226818560950434,5.952462592145112,5.9031691171287255,4.966117193112499,5.144401974978928,4.773721020606876,4.2801998130386085,4.040036455285511,4.353937976429194,4.4412320650632635,3.705761322983824,2.781139263420939,2.807748409905362,2.7183504671884835,2.6630520373296704,2.759289204111597,3.4481263888145843,3.814018093938008,3.927129468476392,3.21031053067156,3.325600028056079,3.0900244390225744,3.2240769107222462,3.5474750242913,3.6020833002439447,4.27871862967493,4.435581940157437,4.434220481964328,4.8481230257006,5.276613295394727,5.408674683292489,5.277235426081629,5.582147054885979,6.592710999316655,6.543275778900443,5.687385379339968
2025-11-16,UGRD,10 m above ground,34.25,-98.5,3.828480846058837,3.869382747499594,3.660876650505405,3.4728786016424382,3.3595609050594852,4.46360887804093,4.2453454470326175,4.142099487324991,3.129215112414239,3.2034465456704444,3.3727984550521986,3.5706234581214624,4.036893854826224,5.364159471018061,6.15532147360934,6.0678689403096095,4.865473614668937,4.8948184781058295,4.373100109430429,4.202984952384778,4.042742664177816,4.389314686665676,4.601440080222975,3.964504229694836,2.8818828900630846,2.6684984917798005,2.463262281803572,2.430979898445526,2.4236371459935557,2.6908581840263355,2.969968946004186,2.8713264659554856,2.71305101141746,2.7771054327165414,2.71926372873106,2.848401331528647,3.3560288871338333,4.194568540081015,4.953883680840189,4.838158032579151,4.758757681235695,5.409480574952962,5.734790222564585,5.920724578997447,5.739126283601809,5.921546239731847,6.764134238199684,6.012926021662002,4.233486948342454,4.261248235322248,4.211258231675456,4.111983867642934,3.889860817850745,4.393615920776525,4.277360011187996,3.8440093554507304,2.535603269663055
2025-11-17,UGRD,10 m above ground,34.25,-98.5,3.0748517467169134,3.0751299373443395,3.124385732681756,3.3715031788051184,3.929668334343397,5.298045751178304,6.0639150284660746,6.003195630760909,5.078505664614312,5.014021575322169,4.517136093994461,4.2657949294582345,4.163750300688587,4.615484444176362,4.811013915389303,4.293069598146587,3.037994580474656,2.645355425510438,2.3043401151783236,2.1236120619638568,2.0475990952315497,2.142152102231335,2.4853162006805833,2.5936637857745013,2.288799290533064,2.5301889940649516,2.5037525306103894,2.539167930165834,2.513410697419433,2.8589721830607315,3.547718164737823,3.1495850223174173,2.767045687585974,3.4817721483635458,3.9732163007994625,4.4992797563936495,4.587045973413483,5.186687668463819,5.524661999023231,5.228902037319717,4.47102509895405,4.47799049147066,4.010989465391653,3.49435853035895,3.1918901310895693,3.415974859777834,3.428156795514275,3.187959871563286,2.2816581588265947,2.4739057713166934,2.50349212960138,2.527698756891289,2.396101751455245,2.4424930507398654,2.89659687026717,2.7125579512243765,2.0460591349296253
2025-11-18,UGRD,10 m above ground,34.25,-98.5,5.102635500983496,5.104268816873651,4.72231398047776,4.423244359092262,4.292182404354422,4.83831853631534,5.011807517274324,4.3639234131472175,3.0830284289119887,2.7072993283993703,2.443595391366247,2.244456627674441,2.038668030196896,2.193304446176594,2.5241573477403803,2.5444975530088625,2.2134547531770075,2.4985143667367087,2.4247643886580024,2.32047368870588,2.6766780931188365,2.9461073667081017,3.3924329682066636,2.9797252393125793,2.4548365821043356,2.5203200981008353,2.826828833891731,3.1196955545802285,3.5705991899714524,4.29225310194959,4.737901409644918,4.332222260109541,3.1509943392885464,3.0657439930540065,2.887508645392994,2.870551570560241,2.7571065530593626,3.2086283371999484,3.3772066357958894,3.257408320296427,2.389979789993829,2.4430734403682974,2.4392098143895593,2.3855577207158776,2.2716658319314385,2.378450433471665,2.6436747230605846,2.514354098349074,2.292973033240486,2.4903793203131963,2.683965803621609,3.0746315008480543,3.630094611140513,4.178895194745757,4.452489827202792,4.004158039642943,4.057817539132552
2025-11-19,UGRD,10 m above ground,34.25,-98.5,3.2897479063116206,2.9439039954494364,2.624530841985286,2.2814746362999343,2.0281900367636467,2.1385599947979923,2.280526614527192,2.2497944984835545,2.234399936903704,2.5223419461462395,2.399251101045948,2.172285683249913,2.369726222255731,2.9048398765573475,3.3120337496621497,2.8422212582104436,2.532306024692492,2.872374682762527,3.3776957720544725,3.970381598370774,4.370342779700141,5.028976354050781,5.546207359605353,5.233072402645536,4.022615224723442,3.922823161549726,3.5372509868245325,2.9404938946165062,2.5291242271721277,2.705096736006648,2.6771533383590436,2.7045990827423028,2.4300695347965733,2.6493018542409503,2.582808812937083,2.4397154473981564,2.351347536927216,2.793024091380799,3.419364261496738,2.8938221564905326,2.3420367720355935,2.4628191460113937,2.5395862917605725,2.785463098389206,2.9581215268335175,3.3574984197380786,3.456079037433144,3.4913437039933513,3.2546436305919553,3.053344771999565,3.054413058631946,3.042129171529006,2.9588550575824306,3.0565936705019414,3.3848178729565728,3.797529064529243,3.504094260895812
2025-11-20,UGRD,10 m above ground,34.25,-98.5,2.265635474467425,2.520228359266127,2.3241664196653224,2.2238058853621623,2.340957144577818,2.7123725916694323,3.2042713821301136,2.9944827004295704,2.608439518335236,2.685900252011829,2.924436381480131,3.4943150518067907,3.8151480363646217,4.575305849224907,4.915659505190404,4.5116783540272545,3.5015095586407687,3.42131102126487,3.1599136756822315,2.9648063910648466,2.659785292149849,2.8812953234956966,3.122461575571144,3.1064972438281706,2.414755439807676,2.478444671487298,2.43604692509846,2.326732852007874,2.3227654623854455,2.8472226370852898,3.603083609070355,3.263568890358795,2.7799240505162466,3.1099991987189473,3.3436427764965755,3.7292092360027183,3.85667496669721,4.207306586757431,4.624654191654062,4.369750595759674,3.5532320221401337,3.323003417504874,3.1429347241618073,3.0214362481115877,2.8035170721844995,3.3022517578480257,4.366124535701312,4.518488288046331,3.4386206501444563,3.5423717341989525,3.9625928109363646,4.301535259598262,5.00877907696481,6.176515343711867,7.521830793075103,6.9566103630221345,4.706689105127875
2025-11-21,UGRD,10 m above ground,34.25,-98.5,2.6390746432948564,3.0000120279976046,3.4439706709520417,3.8108299381295354,3.9797557477725167,4.384835164694567,4.76480279820361,4.367886636520275,3.692229944991768,3.6874024678223343,3.380256289635206,3.110500012623304,2.828162838426729,3.0873325739146393,3.54142117364753,3.607321868499133,2.5732342315597725,2.569116166534861,2.4423022378225547,2.180788549823703,1.8725912665999032,1.923976551067414,2.5852981447474694,2.7157829275116185,2.477515825902313,2.944392122512445,3.348110338998305,3.7722115553935702,4.296442022899479,5.049133726353974,5.649270875316951,5.330584675722143,4.675413017432499,4.4555444859711395,4.346828570691711,4.168033487773737,3.685034383792846,3.803109979453345,3.828757827372645,3.382700725601828,2.6804817566811687,2.9814397497830027,3.3287139334769336,3.6743505138112056,4.376285678926962,5.6706735829907995,7.292933818901079,6.760311709363791,4.380516473173938,3.869240149398062,3.5559080554883944,3.3677810447708945,3.234681657912475,3.9690294533472104,4.757767602970997,4.4571271416095986,2.9179934589440055
2025-11-22,UGRD,10 m above ground,34.25,-98.5,3.498273056278081,3.4734311958882556,3.0832110550774834,2.8555236277767566,2.674566921466552,2.8958863922066005,3.3616593087891555,3.552771719093522,2.6166215315585557,2.608466447090162,2.4313425009548144,2.0631617430631213,1.7530403930370002,1.939707618037562,2.6059216349815393,2.9552865817555793,2.7879711835512095,3.180755159625642,3.5211112016725044,3.9095184890086374,4.22354651916339,4.920802881551208,5.446816643232661,5.12421848361253,4.649695592497707,4.534773781868054,4.326906416755323,3.888649536929705,3.89485074821689,4.824002382744181,6.15948339754843,6.023673716910322,5.242644392269734,5.611955312792667,5.904296764352978,6.276268831182993,6.330452008997179,7.129946638118739,7.621155434184242,6.718945387549248,5.045166927321444,4.574390136903212,4.127039917487106,3.713633612233521,3.3490663516602432,4.025441914868434,4.747428491070918,4.387575515559224,2.87611389480084,2.9416497266281985,2.9961347189411223,3.023455272331894,3.097228625300871,4.111491858425792,4.448986369822441,4.302424079061674,3.130541294104626
2025-11-23,UGRD,10 m above ground,34.25,-98.5,2.7004356772057685,2.630479502453831,2.4151046327509333,1.9873206807141448,1.8038216518396648,2.0154104666730235,2.8242949380666396,3.2768765274738896,2.7917181222975493,3.207284321318288,3.4359860862484335,3.413272767612513,3.506994365286693,3.999849700728266,4.16589389568448,3.689109372267173,3.3960687928245683,3.3217452230344473,3.090508807839329,2.8538352333824295,2.830315550033921,3.4904570495127913,4.9533626087123555,5.120652181755364,4.875343125088232,5.563993494611365,5.87220160822683,6.194133901713473,5.868876472588927,6.427412144012443,6.058697422528572,4.866223839531273,2.8901728510971063,2.555028267542873,2.4521370620274174,2.4403645552780624,2.2912992512322514,2.8299943567325565,3.382423311446809,3.4152591587500547,2.7078746143931283,3.0302418663654493,3.3539635459741963,3.837430331703845,4.424734000270401,5.469908369767699,6.325148222155548,6.3934584756745485,6.311591219706392,6.260567447652701,5.8165494111443685,5.39329651732119,5.208388918428661,5.251580134811416,5.42975717156775,5.154651396337354,4.197597015807248
2025-11-24,UGRD,10 m above ground,34.25,-98.5,2.6428610596623003,2.9697309288011606,3.0914460739257716,3.196977329797462,3.2957170134265152,3.775000972335982,4.011510877066861,3.287430172205437,2.9858755751762756,2.9553319276150045,2.609110686379404,2.518174458772004,2.7947972406914263,3.829338336746396,5.696810962405436,6.116066052021887,5.84611905021063,6.627575689653883,6.986623541934067,6.68743880059622,6.072562903173241,6.298104907472992,6.018007336746294,5.09169130144522,3.86460169953396,3.7484427880567086,3.5734896516628796,3.4069794906969975,3.2372140250939836,4.104112195171453,4.562909772921737,4.3479270573494295,2.7564099271086677,2.754879952568027,2.6324471643719924,2.5394735793001706,2.7214605151538347,3.529304682531878,4.044663868211626,4.096868588243135,4.120912478379083,4.41577666052415,4.3783623056924155,4.340867819045563,4.337523054965061,4.621709089177189,4.640506290190711,4.475049285547655,4.561839732316472,4.718036313843049,4.8996100040512935,4.96362657453938,5.25547682376596,5.905077887150235,6.3823083945505035,6.312897463211536,6.563861384091946
2025-11-25,UGRD,10 m above ground,34.25,-98.5,2.723014297380447,2.8086686299832477,2.6779002809444283,2.6562118244383015,2.798286057289859,3.890031685183133,5.984682980932188,6.497103506666397,6.308680379564533,7.092793796177759,7.244669308594293,6.930422610075448,6.308611265438918,6.60563715325152,6.304614882832525,5.101811346221687,3.3118617202589107,3.266960227173615,3.1866271241063906,2.9849227181146736,2.8116383325245295,3.58180500181235,3.9966410990969488,4.114456119363139,2.907209272560408,2.82196462037775,2.7105877374749925,2.634733925319797,2.7614569057227607,3.571211097692818,4.145904815717281,4.34427724670981,4.548431346713388,4.9509860167487325,4.854220307813316,4.5776037760468,4.295262675197565,4.281242134183675,4.425159891114362,4.25015321730722,3.7864058310944815,3.5456924885297054,3.2825178856556656,3.3706204202285512,3.471995777651591,3.875994663788431,3.8749773383538257,3.9334013150629903,3.99348786613109,4.0518904902954365,4.493306694367639,5.038600114773443,5.400142764883353,5.486379883570428,5.7660261634984655,5.978730362535226,6.001646265429477
2025-11-26,UGRD,10 m above ground,34.25,-98.5,6.227793002411548,7.1496097380297305,7.269792615978717,6.95358295846081,6.341011555522465,6.714036123152112,6.729475456723437,5.556955895699329,3.596587129625004,3.2806054895263803,3.3033722679388617,3.201127014529832,3.0183619929603687,3.749781006179308,4.138135221737937,4.252156011006807,2.7276719186463345,2.656773162188438,2.642845868042623,2.5353081033569698,2.623595165477206,3.3980515336709525,4.114933745062915,4.439134844870571,4.816616754731664,5.528898984220062,5.676517150129458,5.582281945363834,5.6034626685523365,6.116061066196844,6.842091654753939,7.3315742304529135,7.389325418222159,7.153418974362234,6.703960437033434,6.165104179025175,5.343793375075368,5.362239281775164,5.117032539272695,4.659741780108219,3.4385300016825058,3.3906025815964647,3.2254538705766245,3.1315675932114675,3.0942213661698847,3.42856095107874,3.5554184129743187,3.386347759253291,2.9897099131116587,2.828339409486848,2.578693167784987,2.6832143707082285,2.729923125740049,3.0977036867141514,3.573613797616936,3.2824872518039125,2.245244610985217
2025-11-27,UGRD,10 m above ground,34.25,-98.5,3.5342882451062065,3.248608699831298,3.20960109003408,2.9400323265919104,2.7099761456732696,3.375493375538078,3.783839694969015,3.9813665757594583,2.707473035583996,2.780331645317249,2.716853544532264,2.6275640761848993,2.667529422794095,3.4773129355449006,4.252809861199918,4.401861367295058,4.714473653527254,5.403439721510916,5.438678141248902,5.434286039579984,5.594637244509052,5.969271923115359,6.685054405322603,6.763522672597302,6.458697748807465,6.303041913641046,5.833217669249848,5.45897314128341,4.865101874160684,4.983431455357858,4.49595749387447,4.061266202742178,3.1960557556271043,3.3457640902882644,3.253260163869512,3.3108574299551856,3.41531300069942,3.5981540911614025,3.187195647845342,3.1657215943532,3.20704344704168,3.0398598154915515,3.0648378210387737,3.3118005484244906,3.2077047715636064,3.35543786819217,3.642379757006826,3.284536131055355,2.6536149520935672,2.9432755145727434,3.138365465801917,3.542281676876682,3.832669181338224,4.524844004757784,4.864941717989996,3.995943299868849,3.1315767834312593
2025-11-28,UGRD,10 m above ground,34.25,-98.5,2.6310677155765907,2.712952632976449,2.554982396487352,2.452446707775536,2.569127628934451,3.3026301980143,3.8230961892175617,4.061538639689297,4.4504554876207205,5.2436153777498715,5.5117846823937535,5.762764139252127,6.329250526231169,6.806020727363469,7.565999279055806,7.744906604809907,7.511381432523551,7.119103464824089,6.706039431033664,5.943882059637279,5.044124019133132,4.853457268446917,4.270161559246086,3.791883356342346,2.9860748972970144,3.289158646301278,3.338485189111992,3.3671266895546426,3.4447847371895417,3.3942286402838167,2.5251102528106064,2.165558775161618,2.1278241909146645,2.3490666814603993,2.722831047984041,2.7782508718931096,2.485167249476217,2.7405787366762677,3.271944494426421,3.34491370854581,3.130086653306552,3.778664266280403,3.923856066120965,3.831142349610622,3.7576200683170393,4.301088280496044,4.79784307662417,4.436548064418463,4.02839173509298,4.152621593264767,4.149964339157952,4.198483880481103,3.826610892334392,3.904848894476371,3.5771912656345832,3.2235943558083555,2.4417639533955273
2025-11-29,UGRD,10 m above ground,34.25,-98.5,4.733383063785013,5.569673368919171,5.910116625878105,6.227285726513595,6.558022112626253,7.212087320758881,7.786673559114367,7.741468141453323,7.542552969380591,7.275702420310997,6.711935316924819,5.982673565711995,5.21585010913469,5.276610806742995,4.7648254679331625,4.121877883100586,3.095931393010144,3.2244792971821203,3.1544124024880618,3.2341467871672913,3.375766315754581,3.682206652717373,3.1184624483612735,2.1621266811713875,1.7876849980110827,1.8627016014945477,2.58338208082494,2.7830689888958062,2.5662224082125933,2.738392185497986,3.0947729712873,3.1028678581504323,2.7947828255696967,3.351358377648326,3.6939487246555407,3.844559335885129,3.9515617754029906,4.62491524337784,5.28844706283164,4.827360578238373,4.477559345925528,4.70170323615749,4.520722000229548,4.317893538066725,4.050677813001517,4.1993418275898255,3.8901698214846863,3.5568859220254097,2.85454554510728,2.6154156279658967,2.5816126676234403,2.5090653183476976,2.3630306091721796,2.813192531755127,2.8933398972291657,2.8643912403066203,2.636957637674633
2025-11-30,UGRD,10 m above ground,34.25,-98.5,7.370593633121952,7.313411950859903,7.122485292909261,6.4315344082191235,5.5491367446110855,5.6426594334727085,5.09220820371403,4.4006813681490495,3.1934318601542926,3.1597998406702263,2.9522632621415763,2.7772012098361287,2.699685899673793,2.8434620715328327,2.2767615500849416,1.768199073019146,1.7766312549389096,2.035402161612735,2.4817410397961988,2.479284185308808,2.220471634555095,2.5237318621938254,3.1705544902612397,3.3282089400473263,3.1024111553227818,3.670369818768121,3.766651980072102,3.537319566871104,3.39750154314432,3.7267604635785694,4.191401684614908,3.9095479542878246,3.8648594245070136,4.2222903651978765,4.297400486266103,4.202188566960388,3.9817824453474664,4.204163130069752,3.902069392887199,3.393468369896918,3.05569100187574,3.0034891331822378,2.847108413256403,2.661470302288748,2.6585532585033853,2.97738279465559,3.4073208452731527,2.9780991332352365,2.314882738109078,2.721981932068994,2.8835585493579736,3.145505732206323,3.5313170773741165,4.029576620016793,4.413194828921993,4.570108823487553,4.896033187703221
2025-12-01,UGRD,10 m above ground,34.25,-98.5,3.178970655865801,3.07343389655988,2.878819969051529,2.70756755957112,2.489562711184255,2.624128859859166,2.091421160491015,2.0114819964664923,1.776739237231208,2.0402675079252877,2.4412185236282866,2.4890813098536055,2.2744072671561373,2.6261195577162924,3.3656385965493643,3.5216451467113217,3.3228414571940217,3.927021991885948,3.9109394154927823,3.5756157696193793,3.5119191218306787,4.26688499188049,5.056740237747043,4.95621604899863,4.611669383714837,4.517909156436128,4.394570681817385,4.1080453849501675,3.5313088905948575,3.521686041854245,3.09241888881373,2.919729472183123,2.7045314755476837,2.867519636997738,2.8217578356772224,2.783119624991921,2.745318252243675,3.103168896004785,3.7258578603476806,3.2083216137488737,2.502767345084516,2.617916018274215,2.586012450656665,2.7953844226702045,3.352818552449996,4.611072808647416,5.705807294392995,5.374716244795508,5.251277630279861,6.214473228094398,6.60759426179949,6.534013732855579,6.244222299927824,6.196477704723144,5.5801932964237935,4.864122296523854,3.679531337533074
2025-12-02,UGRD,10 m above ground,34.25,-98.5,1.9423046808793512,2.078038379263017,2.55055883421962,2.5510068344097343,2.3261752332923717,2.6957251426737483,3.3480753861644263,3.3651014245843163,2.88682807034718,3.310186914534131,3.3370054408540524,3.1359618853075304,3.051789478254105,3.5489399991336,4.040308309564237,4.230586144097704,4.000992630173429,4.079930475352574,4.114526260856332,3.8978082307539696,3.444076100330459,3.3863695689270044,2.9187895294617534,2.6603068211839074,2.6054898501121557,2.6321694304981302,2.567696877758186,2.3837201535255517,2.258282107225337,2.37850179954336,2.846290814874849,2.637147583501971,2.0569881702562887,2.3306533762983053,2.268656857096481,2.1047214433885117,2.123901170007611,2.826455689370275,4.186492926605685,4.299121167611204,4.010082052293055,4.856174428884536,5.623791860597723,5.56487965881113,5.132422395958049,4.977475644342098,4.458702549357,3.872948026564073,3.0505120457041643,2.721666707670737,2.311306864570106,1.9717867231807933,1.9815169650196447,2.4862566782865914,3.309191638030541,3.489651690566409,3.175259848102689
2025-12-03,UGRD,10 m above ground,34.25,-98.5,3.0964826245856303,3.62015963854437,3.5517616514573365,3.338141762847585,3.1641189389222264,3.608375803806876,4.099386497152252,4.143396671601159,3.951851301087446,4.074328130313649,4.067048319135676,4.059879061671133,3.5933520168770112,3.691848708296232,3.3306864463352257,3.0307031763809578,2.7575610758284177,2.7918794639951794,2.730010654434414,2.542976614793014,2.5294667204950287,2.759392185038471,3.3096571369958725,2.9575143635012884,2.262290691782894,2.358223287103248,2.324337318010127,2.129450791259862,2.0826436476186405,2.54101846610157,3.2634309981666174,3.682494040985542,3.8881503093573304,4.130355834684984,4.391105074101311,4.804601870220063,5.103911236341579,5.392942675540545,5.85247406869841,5.910341426641619,5.214296990587423,4.514343927403248,3.792050164595421,3.2160031758643477,2.789086040840129,3.16917384292168,3.820060519981598,3.96407597791057,3.4013874669814657,3.8079891232846945,4.093340917719826,4.036708719491006,3.711898462782158,3.74427565305466,4.103898410861953,3.9161363634635458,3.2326041972000277
2025-12-04,UGRD,10 m above ground,34.25,-98.5,3.8533762120256623,3.887447020812096,3.987206004327524,3.947207832463211,3.5685233360904576,3.675869801935992,3.3764785013646654,3.0081239471447914,2.663446059700618,2.756641907447362,2.8178125188913894,2.8531326144729983,2.8656712790715373,3.5032695126834072,4.201231983971052,3.933695213725764,2.9380796857805995,2.8890608587057858,2.6694868545951995,2.240761591045757,1.952636011150391,2.205412373015225,2.8032489868866737,2.9418141534365407,2.9268669038879143,3.017349733916113,2.990393711150068,3.409109594397745,3.9973093925457386,4.584968941123197,5.231899530398719,5.160533967001916,4.273705013639974,3.8087218832730554,3.3293593966471793,2.844972669811458,2.6401136390537245,3.2143056677640236,3.884711380672482,3.946793738483625,3.1778136026921153,3.39904569581972,3.485423965626696,3.560552124979498,3.5297083041566784,4.066820036783311,5.386182753623835,5.652870880879847,5.204271631406195,6.142064302420966,6.376718520147115,6.254391474584541,5.83479609597228,5.635598606004738,5.793347227902079,4.485406610796772,3.3575432647523513
2025-12-05,UGRD,10 m above ground,34.25,-98.5,2.6482882981613787,2.8062704115769685,2.9374795278802894,2.945671814280531,2.9802457374393865,3.539063832904612,4.272919265189578,3.82768700054283,2.8075854855548656,2.876850134272622,2.5668745734412863,2.2308346784384545,1.948150315079059,2.4413935269030373,3.5259599868348683,3.78247557520105,3.2765799488605776,3.5608765257142236,3.7265021743297817,4.346994582026322,5.028521435936611,5.543269957312486,6.130406462670487,5.969838958295053,5.047938226843793,4.502341625466276,3.811781233487147,3.113909365831299,2.717127676177265,3.0120530313763263,3.0185794182667665,2.826084369130508,2.3837555341725807,2.798574836878311,3.1004474345034856,3.489625249750082,4.082363918750753,5.408928852865779,7.0956414676521335,7.1294406902486624,6.693133765536484,7.527498315916398,7.68562910034323,7.1337926128752756,6.243868360765141,5.457442936778879,5.532765649993525,4.479557726653119,3.5394587714266903,4.076934385179026,4.373708476424021,4.406700095773591,4.552828327360969,5.232404020988916,7.5949352348567665,8.556366807329754,8.381581359417744
2025-12-06,UGRD,10 m above ground,34.25,-98.5,2.955229966400922,2.918666775643435,2.530279483064259,2.1653164795955044,2.071745061626485,2.3875208736976066,3.7007758135957634,4.038901943211746,3.3225299423782126,3.503914866672079,3.704610351567239,4.0905958279735,4.50196641943446,4.938460788433943,5.218489341899711,5.0028665542307,4.147355703228816,3.8146718646527864,3.2720011717460933,2.890712086862695,2.6472653931702586,2.8192965520277298,3.0748220590995716,3.0825484663016347,2.811556355350395,3.5006884012859496,3.8935259765227057,4.106732964575348,4.099278408357083,4.753838079925688,6.669497767868642,6.7489558279094535,6.370106370084587,7.016057459760221,6.650229317560973,6.635820679060897,6.204320152376781,5.563101414567734,5.557832525727934,4.263647739844862,2.901374860520193,2.816577174622288,3.033337875303432,3.19136710866053,3.93736911869551,5.65757521885931,7.825844104609374,8.024036040907475,7.155997542443661,6.5814165034083,5.880593610142885,5.6940059808963035,5.77355181056329,6.535252458371246,6.80101710563935,6.825554078225995,5.499709938913645
2025-12-07,UGRD,10 m above ground,34.25,-98.5,3.359614329709509,3.427071884234546,3.2519946451252237,3.50543459307024,3.942897673203349,4.629449166845582,4.974372894317302,4.718151334525046,4.025949080007631,3.676650374817622,3.188176590311734,2.8448202070628392,2.6924273305179,2.935543590029085,3.298803895166162,3.467772229733889,3.0420766140626783,3.716433530654686,4.122901096444288,4.196564527516774,3.863365544530792,4.255922775533352,5.948857094238368,6.0992464172501855,5.650372512584088,6.735852678525195,6.730591838112934,6.31154504412532,5.88993747356732,5.93839583445867,6.947818553872669,5.417585399101015,3.204639096649096,2.532403464793552,2.598464177375728,2.999386149058968,3.325297644400123,4.128512485363393,6.026443331576648,6.582124920641361,6.270518114380726,6.6100713246321465,6.326565895558934,5.908631855071619,5.823661140360191,6.671988370588375,6.996269424064524,7.089798460187799,6.0365050397502475,6.178790485596471,6.413592093724983,6.3454230831188125,5.732252601379784,5.369602014675478,4.276773866486606,3.5829467620665936,2.471534795712534
2025-12-08,UGRD,10 m above ground,34.25,-98.5,3.956095814458145,3.5995021257916475,3.0759445529330773,2.766287053311924,2.6562684295453813,2.8503503068881786,3.307390723985658,3.458376591444735,3.208604897554774,3.735739955781837,4.146570963196385,4.236165976811066,4.06650488861194,4.140153533301724,5.730279588723809,5.651284178183836,5.197043469433308,6.592981193614694,7.599238112152261,8.376937502624973,8.9933313493696,8.784094087530057,8.68633291380316,6.047865684204027,3.2500052103899923,2.571563389191004,2.5704189176257755,2.707374581495417,3.0773521004227997,3.888524080399832,5.007989915099617,4.416739273338615,3.3784671859119317,3.319530734665415,2.9722079854672847,3.2074297294304093,4.018201725017031,5.341556321049335,6.255008010992233,6.303268794688509,5.29716028813492,4.673036812400609,3.997894720604677,3.727645674335085,3.5973840896509364,3.629460810675635,3.303648708296022,3.243536678877036,3.419669877531926,3.365344632363102,3.0521051818133964,2.9108698974366707,2.975546671389464,3.477366609640658,3.460514177597334,3.671783629253913,3.394229898751519
2025-12-09,UGRD,10 m above ground,34.25,-98.5,3.099595585373488,3.551874399609609,3.844227098531429,4.110565007545833,4.064129142706379,4.85383586632244,6.520121306426668,6.54539545626633,6.198214670140853,7.250354176601464,7.919078553855941,8.578129965213833,9.01062589359319,8.095274615919944,7.630291696392114,6.034833792853389,3.5839181780596427,3.122748381576536,2.8556335066828535,2.83672863579327,2.5602539343745336,2.8113942277464816,3.617471243164452,3.61153444138478,3.0801138316971057,3.460189855310124,3.407692182377561,3.0822398654303296,3.173224703995294,3.7133420842036737,4.7668977559405405,4.773020829861422,3.7371542918704064,3.5773153765757746,3.0133048665997553,2.907019046282336,3.0185189835058064,3.185610748011968,3.7222098541163127,4.949727264106202,5.0924317637385865,5.037516491957203,4.548693747099675,4.330248564389519,4.013654892856172,4.446319649341738,4.1609953838484515,3.8933297202903296,3.16810941969679,3.319980335860232,3.3539621465700167,3.295627858820844,3.3321368151490054,3.813261199481347,4.029216155452408,3.203682599016898,2.744755620709105
2025-12-10,UGRD,10 m above ground,34.25,-98.5,5.9638432909248245,6.877257508759992,7.130011944539336,7.572589848202753,8.278082081181648,8.168830749060191,8.37672946157847,6.5431187877859465,3.734107928356849,3.073075596339878,3.064189751493628,3.0221501686004464,2.806595780050668,3.0404307821372476,3.848301834310823,3.935017576517575,3.442657417974016,3.984808612746137,4.183271853273797,3.963833930015245,4.0159255968089855,4.830583142087341,5.637958272826537,5.722562566579985,4.618925967646267,4.442524166064725,3.9430393671033466,3.559640364660257,3.2647169445862496,3.4867238867650787,2.991934687097679,2.603379057897774,3.140272048947227,3.72426573638628,4.072366416790686,4.475206831955948,4.652707402016698,4.883766981573341,4.387830711349946,4.016726674830491,3.286050139634673,3.4390187756433193,3.4143355095378274,3.597220842960912,3.840439167743867,4.6064064564462015,5.307038862962017,4.631621783656426,3.630817564012115,3.811326574764266,3.6623594644484,3.473678184343524,3.53842842211746,3.927000034724101,4.67468806406945,4.590565604384628,4.448633577979097
2025-12-11,UGRD,10 m above ground,34.25,-98.5,3.4055369249838536,2.894105487970668,2.584497773524233,2.4745245858177953,2.509799859617168,3.1182297120157068,4.608556962457678,4.561612191463123,3.974634942197286,4.318304590280258,4.140038025154034,3.9252763999049898,3.96941481356465,4.565942198484445,4.834163543606341,4.7898531183114805,3.70215028359427,3.6937110844479375,3.536819648975758,3.487742171786681,3.4253087569177914,3.8811358537582743,3.6281804753967224,4.470726896717639,5.117384288099094,5.404248678315398,5.174982273016678,4.940985076833114,4.45471727170361,4.518579249757877,4.096885296339472,3.8066240180798543,3.0320856102646956,3.270446608704665,3.584010803562066,3.923191604833616,4.14987031029492,4.752294981898359,5.508473812034474,4.455829402896606,2.827006666276137,2.8399467630293627,2.6450246723040305,2.6825551378453065,2.980375740350257,3.7812340814855703,5.292306751629997,5.050570799152778,4.274852722497823,4.773490868762399,4.836979825209658,4.698034912270446,4.676948487904826,5.14893601355516,6.536563301290084,6.590807888214642,6.2287928338568594
2025-12-12,UGRD,10 m above ground,34.25,-98.5,3.6246830423075806,3.5653055329021504,3.47312242717837,3.304606744799378,3.2846189942722317,3.945704961648779,4.211686895169052,4.322876259493655,3.4752318767074564,3.306878086739822,3.043376802773648,3.0218984673685956,2.982431780893858,3.286338396899743,3.2479344284503644,4.28337436213365,5.013067251198858,5.3847641101819095,5.310487178744074,5.063667068125935,4.559192142799011,4.580637439494925,4.084936598181824,3.7400297158243583,3.06840952985323,3.371275522763705,3.787993359846061,4.087926598453816,4.371973236744518,5.0029465331624765,5.855561840897983,4.802084231063553,3.239431992692168,3.2469406663215468,2.920157942129844,2.804152116217677,2.9405562867821233,3.5023182103892756,4.9318706730734565,4.913311733310134,4.1373726144853205,4.529695182371026,4.718040870280028,4.752492515551697,4.92984189400944,5.7332457121400155,6.934510106264482,6.767406123846197,6.096442747974065,6.236147727779869,5.590391168181787,4.923498615079579,4.14373577190811,3.8817749079279817,4.180111755918941,3.696183051268424,3.5566096076972573
2025-12-13,UGRD,10 m above ground,34.25,-98.5,3.4546228157837424,3.5457617282348073,3.2724654322732807,3.079321878157773,2.9745062733776124,3.1728095603067574,3.092023177263587,4.515375870174192,5.153270799109709,5.459875848987667,5.396233360365054,5.057753884360818,4.527111381679948,4.626657657314616,3.981920823532822,3.6447501627490775,3.1029426730251397,3.4725548900529906,3.813031118392141,4.236329102937041,4.392412754831181,4.948748126276311,5.639828135950831,4.52328964427805,2.904226607859048,2.944439038813063,2.8095295945152188,2.826296677539426,3.1085277030076335,3.878948675412782,5.526054543579655,5.113562291495901,4.342177250508322,4.510617220060966,4.0695958205291065,3.518470623117285,2.916294231602815,3.282321834218176,4.4373009998231705,4.7402072136239415,5.324151476573073,6.705807832663059,7.247002598939913,6.716363359477304,5.706286121126853,5.221768683416142,5.844565864403243,5.659750519756726,3.8326466542170134,3.645157407266269,3.4835828666121764,3.29437650525436,3.4589418490489505,4.335838743985538,5.802652610526565,5.847937776515847,5.444088911728715
2025-12-14,UGRD,10 m above ground,34.25,-98.5,5.5784488243682775,5.697410973260818,5.460969696895635,5.101502246265807,4.394820657251445,4.314900382356139,3.801968174192283,3.6549895250494857,3.0571205616228685,3.649514236562511,4.154244987004678,4.605095719370752,4.63808792505753,5.128876732137998,5.810361908291485,4.623278379174483,2.9926305750330133,3.009472912394392,2.9990480262129284,3.1682374029444977,3.42270231225279,4.30840838947755,5.803500717179903,5.292288524142134,4.201986803419674,4.572881456443463,4.099720520852241,3.5403715697602784,2.697127034283449,2.30585649846551,3.052701617864626,3.8156511365098726,4.509281766612854,6.1749107316186,7.00642515123201,7.940798723963779,8.30982845187236,8.257547414084687,9.460991878958122,9.694880621741335,8.50790123674209,7.211151584985009,5.239303178970894,3.679683307719797,3.112223260973506,3.8815934374944,5.055289254748832,5.495282484417099,5.439473976857321,6.312144778602337,6.588985360570044,6.45042259306614,6.295500486561654,6.555032232172447,7.292349526447581,6.455305109223471,6.536634506714181
2025-12-15,UGRD,10 m above ground,34.25,-98.5,3.008757449555557,3.501380191349071,3.934407473435808,4.408867663267467,4.575515046847833,5.1452956049206335,5.959433798020975,5.031643333113496,3.2890966788521196,3.3066041336985235,3.2767516203740668,3.4311674669177528,3.702414632467961,4.572096965406305,5.905150705378185,5.334608318883779,4.399263892720114,4.379753430223193,3.837403719034309,3.21517497746048,2.517043394449322,2.207309452176932,2.9318129773793347,3.9491824206656143,4.141547479976426,5.413490963232673,6.422194264611078,6.776241006649025,6.754502460805438,7.633021194662071,9.364202739624078,9.34762110618187,7.77873425985776,6.5003728957154525,4.96783043771125,3.70448819693958,3.0404066840299744,3.5752387449345884,4.733825968546185,5.57490676315974,5.351178411568107,6.1590760090912635,6.0189491653786344,5.65604432322057,5.379149490966512,5.694226508015806,6.309728117884333,5.372730294261922,3.960867434376836,4.089849986640605,3.98817815625476,3.445830526017523,3.042010509644548,3.158432218976897,3.323144190683492,3.3047363707255473,3.0804776126283375
2025-12-16,UGRD,10 m above ground,34.25,-98.5,3.159599825644119,3.08524887767228,3.060047651065384,3.1962923140403943,3.475322123796409,4.1584661252570045,5.489937351159126,4.988613735888176,4.21988521763238,4.141864098867305,3.680468356455802,3.0647131555390064,2.283835950655788,2.215098733598156,3.473445413434626,4.533571743449311,4.863641872899473,6.2487856381159395,7.17425780378446,7.425920263405428,6.851842889008907,7.07730874296216,8.495287799180005,8.481046134593004,7.880482497729455,7.931624250418455,6.940226960642722,5.169215546410827,3.7091256953984817,3.734795214141434,4.964632603222865,5.796107971090515,5.173924926472882,5.979560577112833,5.95230661193348,5.39749787720924,4.883196187616245,4.781842410754849,5.816784530678303,5.047984886120648,3.427424559132923,3.4326386259836084,3.462835216123591,3.378958086618489,3.1060118055896666,3.4182317034701923,4.237507762004171,4.249023329906004,3.4615971652633326,3.956870592884613,4.135176050857175,4.133201888464385,4.21525560117722,4.811701928171616,5.632076899799703,5.198640548546083,4.363168273116646
2025-12-17,UGRD,10 m above ground,34.25,-98.5,4.128142302877959,4.019432491464593,3.432776503155999,2.720152560710133,2.1592780626421333,2.248218029598376,3.704573167375352,4.599503299807458,4.78885208623672,6.503257044746139,7.698595873905848,7.985408848289854,7.39964816366365,7.302058664593048,8.603023346034012,8.489070619448608,7.883313902030317,8.158136302682532,7.249353997791316,5.596749357961322,4.095011315176168,3.982207697365843,4.539808466209961,4.849378015793949,4.102951620997359,5.06613738236241,5.57511506160237,5.731892105607956,5.664658230757756,5.830248650680862,6.600396899197419,5.392968125247184,3.3976314316228997,3.527018889171237,3.4907594273406484,3.2188704424658923,3.068148364888992,3.2302730463111295,3.669584573627924,3.5780518121091496,3.29693397602826,3.5603152755106025,3.6249029220513327,3.659299149336404,3.738166082462483,3.9710753398230927,4.452202489500209,3.9963695435038544,3.366390024879491,3.12950540445894,2.827708615271522,2.5442036956860834,2.4036471030743236,2.5354420535046103,3.6177254419706193,3.7023614879807143,2.9727502901470952
2025-12-18,UGRD,10 m above ground,34.25,-98.5,4.70079129919975,6.515471704520779,7.61182775935658,7.952639023760492,7.918467142881259,8.208283749698275,9.330229477279037,9.029100208648256,8.337667438079748,7.584933165187616,6.350332215822792,4.669823049487897,3.6669922197757376,4.178883591895274,5.435062278991785,5.671772486403027,5.125121429380695,5.959896838538492,6.078676006901934,5.75404510083464,5.531021601659373,5.83365583092916,6.8801603450227145,5.76084193954062,3.6489396607785296,3.762429678636875,4.1683109096274436,3.719377453697659,3.272864620574344,3.675412302560391,4.638578758864597,4.655280357621242,3.9785657119275166,4.857187466724443,5.120397318643619,5.168491038912815,5.154842570251592,5.3538638470998805,5.853358834990795,5.331755423584875,3.9683008576136984,4.207220841026819,4.277282173768338,4.323304610555726,4.222469903315243,4.255662310527287,4.778156254878343,4.204092755770581,3.5357438951935523,3.805297693588136,4.012857426390284,4.092568761680831,4.2347881879228355,4.767615189659789,6.132585066825806,5.798530909845493,4.727359821010779
2025-12-19,UGRD,10 m above ground,34.25,-98.5,8.213018893019782,7.442193583797054,6.147759610879005,4.413437497909612,3.5782801893966933,4.304681939954872,5.553622126198434,5.69482184985751,5.288929736429555,6.118165588749623,6.366843751004605,6.298675280587393,6.127380920057821,6.386065915787726,6.89459529466728,5.472470572508508,3.3857072674013464,3.5324645982248857,3.7583330720743633,3.655888255990094,3.5760132425392324,3.967529609184992,4.841511516940524,4.766940080120785,4.179278438177345,4.924173552141821,4.951863854444019,4.794477662472912,4.498495338129682,4.510484883050001,5.097273608294158,4.954906896599821,3.7354777741244702,3.987838231456028,3.931950200990538,3.9474529047975295,3.967365842700208,3.775950926037345,3.981643313965752,3.577809240985645,3.0398449415094717,3.12848175817583,3.129315499224229,3.069713825028743,3.141458283572246,3.550761778749173,4.988462570577813,4.974273255377832,4.175944636306168,4.8623737601725585,5.39380795568582,6.0333429428362475,6.865208336551089,8.10217012108868,9.237646597184304,8.313023776890246,6.06739805569943
2025-12-20,UGRD,10 m above ground,34.25,-98.5,5.006924968990071,5.872530905255349,6.128529993166559,5.973249921405049,5.396187923219982,5.385088109075794,6.084210452356354,4.810780076555226,3.238986547742952,3.668433777094559,3.810114558953006,3.6956757186993623,3.4777534327425523,3.985236755462569,4.585909534485978,4.316065407791651,3.684091158552391,4.365199505081872,4.60946846302107,4.775928608894709,4.83809579171573,5.095881066854068,6.0945955171655255,5.505465999753712,4.166607929058104,4.377240544338113,4.2815702603138615,4.1155757698439785,3.7773703983903744,3.614739886557128,4.188200344166133,3.671251244190775,2.8717352697938425,3.1067786409561187,3.269308784090684,3.46632261135965,3.6278310711728943,4.267002923645597,5.869403687375296,5.5771891241924925,4.669508306565135,5.0241424573462945,5.025996461233927,4.927662655538192,4.99900176520338,5.915615039060603,7.785310556336063,7.617256477794596,7.092818515161389,7.390949338307966,7.367980852313776,7.084488750155315,6.327390630045073,5.873617950439159,5.198331050628024,4.182050193777435,3.077531442533407
2025-12-21,UGRD,10 m above ground,34.25,-98.5,3.413621147101491,3.73419903293152,3.889623864356522,3.6484702559292073,3.383785794907831,3.805338647128129,4.481634937933311,4.065978307215823,3.52236009723105,4.031069582290473,4.118986802712752,4.265196707077403,4.28880634918848,4.665755692614017,5.750631736693187,5.068895535430816,3.698584497159522,3.8409634823848577,3.7205234963212233,3.447176788831672,3.297249052485663,3.2609724938693097,4.098034914026365,3.7538368223436103,3.0627104207126146,3.342437842210799,3.5609688106357433,3.7036988409976135,3.9989491793175542,4.815986150478639,6.354806126735173,5.882096039156543,4.711873447126109,5.097235243696657,5.113980470894299,4.916979424495668,4.924797281599362,5.670520542928031,7.084442962320182,6.877498648234425,6.30122543171823,6.672368012195684,6.434268033718857,5.786641155854957,5.075054415952099,5.1414752301475275,4.444648361469424,3.876883133457039,3.261288069740456,3.3260818149795153,3.047715429444586,2.713306347775972,2.6964186995572437,3.0248622595461354,3.605363362393749,3.128604906173593,2.1986832495207675
2025-12-22,UGRD,10 m above ground,34.25,-98.5,3.58913152330313,4.144243724089645,4.164655470790183,4.068135210590856,4.048738875923472,4.568896712959276,5.7993494237002245,5.369882988174066,4.021179818350566,4.311876243906771,4.175696359940846,3.801772095279391,3.601443280609632,3.580179872601609,4.476264088596103,4.159431907115514,3.058332150667869,3.156212400811491,3.193111824459079,3.1932658151626354,3.365813885776884,3.865289560487593,5.169169564971898,4.821051590984224,3.699295027308705,3.916079262617955,3.761753599746388,3.5601699881450064,3.452478540266796,4.110973899978678,5.745490765332491,5.452736178625692,5.166834525686314,5.556047593004115,5.443854059762401,5.214802991852526,4.410902682823132,3.7367116480734257,3.762635055322733,3.1554908840686657,2.294806366028208,2.4949371088936285,2.7080460018156853,2.901594259163465,3.0336151001575,3.438736971992239,4.834133158752079,4.418850349306503,3.6447527429709554,4.570868356319711,5.465056490190804,5.88802706689896,5.837988932008266,5.882227126225591,5.622114188122078,4.927717798883517,3.551898158573907
2025-12-23,UGRD,10 m above ground,34.25,-98.5,3.9404316173648537,4.174073211734281,3.990055444661407,3.6107771020287953,3.458673200607151,3.3955027703804364,4.180241617899188,3.783273394660511,3.034225425566336,3.141738764578275,3.1953287925987937,3.153564154723117,3.348444596875943,3.972198153618287,5.460058553758966,4.945450339662251,3.647454393102356,3.964161423737562,3.857434172162187,3.3937080131160404,3.240123618244863,3.7706106742699057,5.002802642945183,5.097336652499675,4.186841810289119,4.630124802418401,4.732589250221622,4.516825938602275,4.13519137806964,3.904289381038953,4.277725657574695,3.6815840162516977,2.6919115561724247,3.059323220178352,3.354583248243462,3.5897043052330115,3.908506582327446,4.717057778574977,6.491940366290745,6.014504312866981,4.906333262462718,5.564102179259653,5.711694297333177,5.750773862974167,5.859772239279821,6.443315702743151,7.372901732140254,7.281673071157089,6.56982014511245,6.146408706576198,5.907105782532338,5.619298687035921,5.306875978499937,5.642997993790077,5.736794018515336,5.367015053982255,3.491361029813583
2025-12-24,UGRD,10 m above ground,34.25,-98.5,2.761321950982977,2.8166596252554745,2.851952649157094,2.885951660380865,3.0284611493668807,3.547773448890009,5.006551296695253,4.582920746001196,3.3475449645245665,3.569017921665135,3.513718531472508,3.231603315833362,3.21608535426189,3.867332148386126,5.304584238043629,5.091824863578205,4.299566782757694,4.867128879803881,4.990061255612661,4.850668811993257,4.25676261092338,4.045477061232098,4.650965040224246,3.641681318275259,2.31143653044341,2.323088724822165,2.3509450932520526,2.716232215720936,3.1002964175635865,3.898310370287576,5.568483656757312,5.232429403827091,4.055166842956684,4.522226147594246,4.848501913596275,5.3092056434164565,5.9667543797799745,7.088288821090989,8.929259145550663,8.883323856063567,7.932460860878869,7.393623316662446,6.737006519014765,6.030376486362203,5.383254379813424,5.639117137151589,5.526729721057925,4.993560074721887,3.2829964439844233,3.055905782364686,2.8333590430127256,2.7281771717419145,2.7177179001327976,3.2218569418913807,4.47574568031063,4.376287351626401,3.208177934963236
2025-12-25,UGRD,10 m above ground,34.25,-98.5,3.158515070491267,3.293298012220253,3.3283413237679382,3.0918237914442224,3.0450122773511596,3.61306294195678,5.040156468392237,5.082419274388524,4.3058990038037335,4.953684331077948,5.096980768608953,4.851461138327611,4.245397974800975,4.021667084762646,4.458685595129584,3.359721573602624,2.153384138771335,2.2686278685989647,2.5740680353295406,2.7977276286332247,3.124061026290991,3.678777182905564,5.128112004447901,4.7770574968387765,3.772067900711096,4.335273361005094,4.584196846074542,4.811250429391633,5.215757431876501,6.066286973720357,7.449196381665724,7.900132145192124,7.814399928700679,8.265696533461313,8.356855255411238,7.943775429594231,7.30147578671258,7.251695104277637,6.9209530554198375,6.23116769996513,4.119520731879449,3.460933410016399,2.9822028179602964,2.7944923659939755,2.75675570550073,3.20309210218187,4.1550394630903025,4.192656157613127,2.964120721029092,3.040097842258393,2.9373148930486463,2.716323672560338,2.4855991530694563,2.4799443595445236,3.896323385813508,4.287182732175376,3.5590756254559164
2025-12-26,UGRD,10 m above ground,34.25,-98.5,4.4221299127287335,5.017374076816344,4.977009258776995,4.659418542243888,4.058882498818048,3.814267029820817,3.927447596425336,2.8948600910039506,1.9943047873794848,2.1004730710520656,2.539427849578275,2.870729736911538,3.1414542367053615,3.7636650250557775,5.258280439001928,4.796159285111543,3.9041963030065774,4.609863703329403,4.862578896999802,5.001671739075283,5.485890025608994,6.489525043935564,7.939475355329222,8.264449247485919,8.369226421954016,8.688853980802456,8.829976530029038,8.447969711409687,8.043948204064602,8.035018900552483,8.295992894040754,7.336964591642408,5.275689186912741,4.399124672855767,3.65709473203688,3.2000483985210995,2.8325367915845603,3.308356934788083,4.335684450053521,4.582407709771397,3.334218567183499,3.542029382420562,3.504640842703955,3.39238454080046,3.2304224212681216,3.461146124762808,3.765876653481318,3.546634216522017,2.5310880810983547,2.624000582012419,2.4904385717378945,2.719146899818316,2.8503304908598155,3.180381098428853,2.9287311921756487,2.5139299873315997,2.6251087945117835
2025-12-27,UGRD,10 m above ground,34.25,-98.5,1.8985737842360957,2.193569393852184,2.632627527629664,2.854799079934624,3.1310519472210396,3.6699783910424735,5.157893791537789,4.710754373257625,3.6996430714205752,4.36408182061418,4.718204192772875,5.043132442366775,5.9357603285092555,7.3979433976119475,9.019652266258213,9.760965603503394,9.530584030756696,8.993853191625465,8.598211937536469,8.546242288461503,7.940552696867139,7.827796993781196,8.138337326438986,7.221801473806576,5.277127823842648,4.614817433143415,3.837812369472075,3.2544087475164503,2.8716749265667896,3.084456501454403,3.7992503904710575,4.095906594647441,3.0284146992629344,3.2964800330800887,3.2558467131126227,2.9881039509827736,2.4988929582089567,2.3739146811407794,3.1860441481285524,3.364281788397447,2.497519809092389,3.2240821401805544,3.679919488349344,4.211149434769731,4.682350614458735,5.437573150679745,5.623598468772368,5.90222610447095,4.9265088935153685,4.660266861582238,4.0804440277683245,3.632546387247318,3.3931467048408877,3.5082361486391083,3.4841671013226105,3.313601629301642,2.759087949607353
2025-12-28,UGRD,10 m above ground,34.25,-98.5,4.036371724391318,4.684398948394929,5.049915755858484,5.530091075235291,6.43286026337502,7.773073759863301,9.22286299271613,9.828140074344494,9.160041323069242,8.498910812185022,8.467816579387502,8.650371890859432,7.954245851701981,7.404801168835422,7.232120782888594,6.536289985573495,4.447193974760442,3.716606117806416,3.1438247729677222,2.8268087678521185,2.6821029116800323,3.1938131103044385,4.302510875082296,4.666787424533587,3.5246581188358856,3.918980904106869,3.764210087687421,3.4016600441026767,3.134911243513293,3.081057404387567,3.532223641718531,3.464747703385836,2.467482517569193,2.7193393384496747,2.7907649065861153,2.6346146691179144,2.5646936408049585,2.405585184740124,2.076177172366563,2.2064736444931277,2.210859706918883,2.297722927072148,2.4377344791753432,2.6412851797869834,2.902427260437828,3.6527590969404184,4.013058455272984,4.0844419075272045,3.2991544310694834,2.9780112171720576,2.6180228851037577,2.462729361593926,2.3455252859052935,2.519238838875305,2.8182544369041627,2.750545066860029,2.5217788412781146
2025-12-29,UGRD,10 m above ground,34.25,-98.5,9.192702464027022,8.418483703229889,8.377660157743623,8.571710869966847,8.070040771023104,7.546698240392821,7.230705799523458,6.513199625487797,4.404593846733079,3.824212690733596,3.3296593710364077,2.854388414195736,2.5879475500766427,3.192014867957241,4.40163907330469,4.757687677533079,3.547847387160025,3.821404966121053,3.678809974463059,3.2877256042295375,2.973020580239936,2.867351833584032,3.6676346049836326,4.089802332951922,2.746162246264835,2.9599778285399436,2.9773274573709827,2.721367441496315,2.5542793644935884,2.366057695371984,2.459678311931091,2.3401594761102995,2.3633792237995275,2.4879786052849977,2.4524102820851184,2.644849014336473,2.8641025760016174,3.450006869601545,3.5345496938691294,3.451532474558602,3.2030440385655665,3.145124983441846,2.934721290814272,2.821492287296778,2.7299688848267785,2.871180617364832,2.897034255893054,2.642109301596314,2.6532762861827295,2.900357385513285,3.146631713839316,3.334071368943504,3.381083378485279,3.889007712364952,5.057724980166489,4.446355368071645,3.4286595825720636
2025-12-30,UGRD,10 m above ground,34.25,-98.5,4.251561673027805,3.823963294313344,3.4692130525610194,3.1741485038599944,2.6978278674770815,3.10463870258741,4.205060857167122,4.748220685019218,3.4683079011412454,3.938437554432569,3.8597778914140872,3.43390467531375,2.8735105533664997,2.8740689816275617,4.1816342347374995,4.444878976136537,3.1604991114314895,3.609178130735295,3.4851120536784177,3.165396800298879,2.7320023228478973,2.660833437499723,2.64267705061712,2.53912763005896,2.321013459663195,2.215119481865901,2.2503426324928117,2.565804242059344,3.054722679078121,3.857864453409224,4.159347935286341,4.461891285628051,3.705602933659537,3.579487539713164,3.2009915611620037,2.9244875267520216,2.7809836193763178,2.9976807965255223,2.7806151356473814,2.489749548022794,2.3895444902867973,2.6249574977740195,2.6469159099869226,2.746529059049176,2.873191392293026,3.310299870974011,4.179851564318771,3.776613889207967,2.7228070325314775,2.88168529497585,2.7330896197042605,2.5307951664661124,2.3719324411895633,2.0877132578264437,2.480700833754077,2.2461536334667382,2.346290219006111
2025-12-31,UGRD,10 m above ground,34.25,-98.5,3.2475717188627,3.566724718992186,3.503359804171017,3.2332238223593244,2.8325577891397824,2.9004721957550044,4.265343693304099,4.491319378065905,3.112389755344891,3.496069045768176,3.438129834037711,3.107534830501388,2.554777845364145,2.367058799151807,2.5550277647927375,2.5287092808394704,2.2946592892698474,2.347334234332993,2.3449953655983,2.6154792646800904,2.8033183107155324,3.235371917036985,3.2841509545157668,3.301585355354003,3.0642047524786067,3.033037029115496,2.752682314118697,2.4898661168663816,2.2589509212491294,2.154081230167203,2.4189937717711345,2.602794943335135,1.8600129340379263,1.9205199460159168,1.9023728567351008,2.0775088682671106,2.2807455549989823,2.676362306037846,3.49175520369089,3.7053015322789578,3.4978412996028267,3.721658235005571,3.579028750111788,3.5049050258931165,3.294060945971629,3.350707708939994,4.4164225141007725,4.362959739808804,3.74940289215155,4.352795655223607,4.532778320909195,4.591405969323247,4.746983265095545,5.259299188042794,6.705882772141116,5.8578903032487455,3.5096425765988117
2026-01-01,UGRD,10 m above ground,34.25,-98.5,3.1289215128158547,3.5447075325487445,3.4701497694314636,3.0609542660995688,2.4846483393337113,2.1926823330625083,2.4361158674104915,2.7596426024731135,2.101196066279383,2.278543636668138,2.44785794865145,2.649141970875035,2.7964839332595464,3.323149093604634,3.43394771385398,3.612590734339621,3.514648383934069,3.603173935473488,3.3324553457726696,3.100968977681899,2.865882435451617,2.720010401667965,2.902614393685532,2.997528827564468,2.012352041941488,1.9448727672039683,1.858232264981425,1.9718895324399135,2.1883478284973865,2.691534795486999,3.715503683834568,4.001680146403411,3.865414167573528,4.226521882268086,4.091771954009284,3.9163019611274175,3.66123871060002,3.858305938796284,5.126274226908583,4.733733213408476,3.778899102908208,4.186817532294019,4.095766204018592,3.913727188111947,3.698372936247792,3.5201884250403603,4.025116591435102,3.2436488768936576,2.1188121097986405,2.1766220016761815,2.29534550728555,2.318121999952798,2.5353928607262555,2.8269021032767356,3.842554951712032,3.411559505898164,2.442503652414783
2026-01-02,UGRD,10 m above ground,34.25,-98.5,1.7839166039630054,2.1217350634052017,2.3640382502456663,2.5186943391693,2.7299413797827974,3.1394828483146133,3.1205028127481116,3.1961031450865653,3.144270342045716,3.1850337641634483,2.8524424815842213,2.673779026217288,2.5910224393125145,2.8297319303543493,3.2860936771445477,3.4512072998328955,2.6067929874815214,2.4679913780849483,2.347923655314017,2.451145790755217,2.6783606707018306,3.6382164721695527,4.727138949830005,4.923414486358184,4.371606913546627,4.685800681869062,4.583319884419279,4.192750990771588,3.8187571249105066,3.995886341492747,5.1243712591631585,4.360038783170305,3.28411201228542,3.409329455498575,3.2232652233251935,2.874242760625392,2.650263277736544,2.8217001697464763,3.786223811956604,3.644281052606561,2.653332079868283,2.647354708569044,2.598637649855581,2.348152098427087,2.196083808158005,2.304343568641154,3.3754991864473483,3.4731929254642324,3.199578316992591,3.6315948269300273,3.894226676087019,4.502020834004288,4.533718720527836,4.346619502738072,5.140154565890516,5.051045716834649,3.726761050430166
2026-01-03,UGRD,10 m above ground,34.25,-98.5,3.342755781298194,3.3673020607871527,3.031201501752108,2.8436767656545037,2.532461114861417,2.597494787314389,2.926807379553287,2.806609384582929,2.1693244117807575,2.206099043198437,2.231989933574841,2.4006109450491406,2.851496142688534,3.849290076938949,5.1555277586027755,5.157943758592706,4.354125901226372,4.568660317218258,4.2854718684403785,3.646673894154303,3.248438583257893,3.3531031852369177,4.494660485261781,4.15520219858346,3.3664175593725014,3.5805643653420556,3.6405872852943273,3.496407066437573,3.5085899076817464,3.7279676617437434,5.17526641792834,4.814246143315608,3.1599235832798342,2.9846411284463157,2.7303197623489517,2.598820092083725,2.5358826813376827,2.4933524082899594,3.940457149014662,3.935799667146768,3.043411740921279,3.3635480107977083,3.5951907664863048,3.9766204484701855,4.183330633983124,4.644082530531151,5.731772379785193,5.282171833729587,4.313395768342957,4.861955089158735,5.066628578363645,5.195597110296317,5.41563428848936,6.099408574472692,7.172428057798532,7.140734349095377,5.837520998506552
2026-01-04,UGRD,10 m above ground,34.25,-98.5,2.0106292554713083,2.014327424829106,2.1967337428098137,2.287363917586358,2.657710354107153,3.647878431509861,5.001430017587527,5.09956524302474,4.455062949992241,4.50941172017705,4.152288051638461,3.643703679815155,3.35050103788692,3.5363637424483083,5.010325988358169,5.001669907161069,4.179066127244903,4.875505863607305,4.913714479707746,4.846203763576272,4.854433441372544,5.144972845786198,6.445747829534772,5.59672847192516,3.3219014623938685,3.129005291129926,2.7950036802529965,2.6278164278883676,2.4893845245613964,2.700328012993336,4.35334667052936,4.22051261736381,3.071584352746145,3.0875965261364726,3.1074273284831353,3.435467389658851,3.776818780367786,3.7101006933732785,4.28851622980519,3.319839068086654,2.4582577720427627,2.4865664408267723,2.6290622274565063,3.094781621579833,3.552523994222266,4.062559706049503,5.5104392551613115,6.082589860050053,4.815009609036981,4.427879399801762,4.147450824509459,4.09155862519059,3.9136156231217094,4.26832869011695,6.154063008138751,6.4142753281947265,4.309281516507147
2026-01-05,UGRD,10 m above ground,34.25,-98.5,4.493760469181045,4.544505988367129,4.1273837165734735,3.675704764089794,3.440458630312314,3.750375215004533,5.265475704915309,5.070349230966461,4.131263478464079,4.6351488602489335,4.444584338085574,4.158577774520296,4.044147661335632,4.149120046542818,5.196025788621783,4.67750248908067,2.784791609362608,2.6989843005258782,2.632115108512471,2.6859809695851578,2.629858452419609,2.7629414110195816,4.3505504296870185,4.041828038479101,3.134720904081772,3.1352653885023356,2.959746606114553,2.9071432162317876,2.954115927089748,3.477100475857484,4.490695644032664,4.796511497143678,5.1220892010190955,5.883900282866944,5.578169851715478,5.349731427371114,5.158738090959783,4.923566542548627,5.306876016086756,5.443070503962192,4.999449789330905,5.465863545575459,5.26363511324687,5.4032751324261685,5.736735301485288,6.188283176458835,7.039628828133943,6.912981185257489,5.16774218120789,4.84623014317267,4.770755791355775,4.572787119563082,4.265256535692219,4.618004448503539,4.343927258665667,4.083662171941843,2.497643999201385
2026-01-06,UGRD,10 m above ground,34.25,-98.5,4.013105283488767,4.466117089943312,4.254466568562528,3.894521529255987,3.714797557852311,3.7193840265033353,4.822956931397682,4.518824520273519,2.873833100473467,2.684944064711446,2.5227935279480023,2.6240893028661745,2.729679561420779,2.8632794186082444,4.572058515474039,4.369587321618047,3.3929279610860648,3.487514582043109,3.4244417327157257,3.3537652672521285,3.506109445732663,4.176000118350309,5.663178938255539,7.203393850661779,7.34600420766375,6.990306099685737,5.988062449042344,5.07438737163553,4.2818403977217265,3.828093007008347,3.4987891687749486,3.3714504388860385,3.6098781150645336,4.060127182478375,4.358062305397995,4.747514853776713,5.081121051327618,5.813925158443995,6.644456628391655,6.70373015970609,5.434641589787506,5.302564730495569,5.542991210373259,5.504358276239643,5.112270508103617,5.389107418565975,5.198520895791052,4.789633081145961,2.847755020582915,2.817899128888823,3.101421950499433,3.390986777595574,3.694642848028334,4.564571926787188,6.0104264088778345,5.739488652459516,4.119104967816576
2026-01-07,UGRD,10 m above ground,34.25,-98.5,3.0034943934378653,2.7181909227637857,2.4065529374891925,2.3986786933615263,2.4857560714604245,2.6420001409060054,4.496668711098203,4.446786439703805,3.501270994916595,3.942911818360745,4.020934519182329,4.125672491577996,4.484717427642288,5.36612945435413,7.051167187942768,8.386260942316692,7.676578595459675,7.073672969782153,6.390280718567775,5.514016110388729,4.656371187610491,4.295099245926699,3.972735104569201,3.6152624165229215,3.5719006517009113,3.884126276957177,3.881343149370344,4.253933662799671,4.882351953251957,5.697493785310664,7.231451698044758,7.396756322370809,5.4754906938328665,5.092856516144261,5.2633142785279965,5.3918246465077075,5.397019908365751,5.767334981494863,5.310519443104528,4.1923910824208095,2.668618797582267,2.738066495123788,2.9614075716001738,3.3884302613808037,4.021250195415298,5.13681035640958,6.527178989630431,5.817095732948596,3.7417448206192665,3.6768214585809895,3.625394528624809,3.629836721722885,3.682351804073397,4.002470018708802,5.3408647405134,4.975621727489612,3.1782334850887204
2026-01-08,UGRD,10 m above ground,34.25,-98.5,3.701566262411008,4.195159414146657,4.2107056467833495,4.220141138111055,4.591053755566119,5.809097196957454,7.621750564661491,8.736290333409533,8.022876553851832,7.376613582427948,6.406133277680295,5.155984961936657,4.19690290775235,3.6345942187830897,3.1153161259520754,3.0618882808814027,3.0652300068726777,3.3543391749975413,3.436786480782264,3.794319273704858,4.37297331809044,5.3685726600426715,6.979615822430269,7.015732492242436,5.038757557208802,4.804528138519193,4.910851888974191,5.366024073114586,5.447609566079613,5.553477768812485,4.93709385052901,4.36599215475141,2.892630274806947,2.879116292724626,3.1128859302582903,3.570851176364987,4.079806193599483,4.671112801349186,5.690898008619032,5.113079957151929,3.5331299164302563,3.801240532745032,4.193359462430884,4.3996022475581915,4.618140914005175,5.300818879831858,6.6636291311371565,6.326202502293019,4.744525970318748,4.167496419341746,3.4612823243181117,2.9545835239950273,2.6729423733006437,3.63689891845178,6.0015157056808555,6.962881349011483,6.9528278440018045
2026-01-09,UGRD,10 m above ground,34.25,-98.5,8.344800889186475,7.930697156213093,6.740726683178751,5.496454756395563,4.39231209155216,3.7643886359631473,3.274868965597693,3.0152065791009615,2.9533057613955984,3.1937136532833956,3.132525438188276,3.6047278151146145,4.188509060133473,5.048376103001322,6.315359284661056,6.379354976421942,4.426577309052782,4.253100950666694,4.173560481666573,4.200628980161245,3.796001223146037,3.856166589181792,3.5178927996990037,3.712260785880044,2.6589331594781136,2.906362401907507,3.499850491211256,3.905745379953471,4.063759496944808,4.112669019596032,4.611246690532004,3.966346219085893,2.8637244279994705,3.1137168697123885,3.466807152709406,3.8475873328279224,4.311497857163237,5.084182161097196,6.267963108613409,5.927395768463326,4.85223007072601,4.86549736590132,5.061266163897326,5.823742135683175,6.69841505594841,7.354107823475768,8.80041513681197,8.444227064140286,6.638895217827492,5.528453439268514,4.431660838494324,3.5653117701399877,3.0239599038147973,3.372412993874552,3.81881443595615,4.307209242091345,3.6231652075517062
2026-01-10,UGRD,10 m above ground,34.25,-98.5,3.00642037637448,3.5682297230082343,3.660074059173633,4.0871265274395,4.3919114308225335,5.1073284993766785,6.3811923325483875,6.484845031232133,4.726770021366102,4.958274402548325,4.883455356492057,4.821354273436072,4.2457065985505995,4.127254859115513,3.7123962700532105,3.9607835882950297,2.796879277016398,3.0608872734415695,3.493640945556784,3.7126465661391657,3.648800840226481,3.6814391173616094,4.444856918357064,4.265381068306617,3.3025371974386037,3.599878420088091,3.9707706397606577,4.255546711871365,4.741630230998323,5.26068808857265,6.430202004292269,5.906232081864243,4.356130608809006,4.0524575346767655,4.048950063460065,4.672034728962261,6.249712552810919,8.264937546973005,10.104603352910187,9.78317185334103,8.244112920488291,6.771829387877984,5.338495652614682,4.231921013377324,3.528571813918125,3.855338122672774,4.409569206519661,4.586941155539183,3.1554906407155334,3.427821820611064,3.4818071985090664,3.5572416082560294,3.818490047245631,4.2024509355982715,5.265909728019524,4.904089704407456,2.9653189728576423
2026-01-11,UGRD,10 m above ground,34.25,-98.5,4.904162713324209,5.22960405665941,5.164911614495058,4.9786888946277035,4.247421491153947,3.887323182514996,3.621009374828285,3.8840691149524154,2.85404660399419,3.3377686990722277,3.796973216268426,3.833245167829601,3.682745305012727,3.824220059388815,4.7310183115287945,4.4283674213817745,3.420285445130688,3.7388778373785287,3.8585637637812233,3.9764906170880656,4.173497552369868,4.82913301764462,6.24988689274862,6.096296426642361,4.948320615603603,5.095518113300916,5.1147347651652835,5.550785295913254,6.3503707201541335,7.445573925783518,9.346678485131864,9.15777313875546,7.958508829253774,6.757783375488101,5.401784758084361,4.337767240450199,3.5652295936290073,3.9070506592806087,4.193267366184244,3.981741922382451,2.497645337226996,2.6219476538145505,2.8243859247015504,2.9625040529753,3.1083289946398547,3.630185271028732,4.7592391075487415,4.472476228370529,3.051035656065817,3.19407703333529,3.301129203445766,3.6721380600897007,4.059678234140124,4.905492787946072,5.437341457631455,5.321270777061282,3.3574899342194104
2026-01-12,UGRD,10 m above ground,34.25,-98.5,2.7083420668912597,3.0584797156156007,3.412124075805586,3.4459215273375916,3.399479012255532,3.6439737326335857,4.738670003365466,4.480654047097813,3.5313734522704827,3.9411568090285423,4.251519689378025,4.567107990047971,4.714671484305042,4.894977191717561,5.84858609654363,5.505472166201695,4.327349428631646,4.557921685682633,4.878855479391341,5.64954669608354,6.667293442883246,7.22889328353215,8.623496525580276,8.361920785182624,6.957377570294843,5.93136490431116,4.6808837065865125,3.883116518115422,3.346108719809979,3.5298017815689136,3.7961389396977663,4.075887549884773,2.7748228081884827,3.193362413066046,3.585458644442218,3.79189533867152,3.962425319221343,4.669171380460632,6.328124853183235,6.403942669644411,5.192809510600734,5.4323124826532,5.892876020431285,6.22875602993841,6.386233835618736,6.925811872101866,8.124280142328683,7.868737787689627,5.109377164610422,3.583248267581912,3.1870123541581505,3.16374473519274,3.075089878750373,3.9214218109396697,5.229275987941149,5.289400598149488,3.3270026927698453
2026-01-13,UGRD,10 m above ground,34.25,-98.5,3.425279372482717,3.767714211861931,4.0173562746470655,4.348041832310466,4.717849211335479,5.027180915933269,6.07452230957431,5.860097334804277,4.485012948022206,4.342425544701641,4.858939805317086,5.835675734022805,6.845304461439175,7.240848214118346,7.953357788170987,7.410181813757802,5.235129003096022,4.00010749154365,2.90839056815862,2.3830545087581525,2.236376550424697,2.8537953951027486,4.080140557773399,4.697189218436822,4.065197080142479,5.370440933250821,5.671043609967194,5.618843344531568,5.510914808745844,6.057788557817153,8.317980314890589,8.040587722680797,6.167992799348864,6.154962845061037,6.199216192314017,6.338066437329257,6.413414424692428,7.080554282321285,8.7571728905256,8.380710361222487,6.074674324777537,4.768966802505499,3.752800259407877,3.2247543678443007,2.996133410945143,3.844121519663221,5.069382952610168,5.497257768827133,3.4682391104796744,3.8554649121373465,3.8840489625304193,3.993811588771328,4.30856463771916,5.550952196466955,7.522325571922582,7.463410828299463,6.446367103233703
2026-01-14,UGRD,10 m above ground,34.25,-98.5,4.654257500638187,4.774006853487261,5.005233890043627,5.873514191983185,6.7835026002310155,7.586342301613339,8.689271789978841,8.19007505925241,6.050873439706153,4.6226797403105016,3.291729802762451,2.8199388703792594,2.660594944742414,3.290971389653314,4.531745734149736,4.973748297520449,3.8625723540761983,4.6548893635153075,4.863548040431349,5.365206329314962,5.672947860713613,6.221679408431053,8.040147176620785,7.976975949975294,6.278022550000237,6.10651298324903,5.872000251302477,5.764325733998876,5.532955275853647,5.87564693213819,7.261487446171736,7.472241605559267,5.389507466916967,4.445560855308699,3.73897843582009,3.3280148143441055,3.0632905974057336,3.513716392251202,4.284578425391266,5.011535442651587,3.571798446783994,4.227947238639572,4.5136826897115085,4.84576124286742,5.168513766558949,5.736959441542186,6.257122744137202,6.153542763404996,4.4324591112687415,3.5435668051190845,2.8392142405376197,2.7467244169411087,2.8803565824541564,3.5019808641354873,4.300119561728565,4.744238041364417,3.142673241187606
2026-01-15,UGRD,10 m above ground,34.25,-98.5,6.213243351076255,5.1004015429262655,3.792776270906496,3.111207693697354,2.619086240661902,3.265698395289525,4.550996292030298,5.085450712786362,3.919296792052585,4.634091709365739,4.855729612786145,5.403628243941831,5.627778609018442,6.030136730534056,7.704554502381752,7.694052518820644,6.037264250822269,5.762916042426751,5.678832871070287,5.503701271554508,4.999231001460182,5.749032768431585,6.727743884970331,6.876489316543467,4.792817665650575,3.376614037922794,2.555799183289065,2.7983893568751945,3.0704158553917913,4.319563121247112,5.707823772839773,6.109336230258385,4.29807724549985,4.757611263161692,5.15566931480919,5.186438758651595,5.379912433519295,6.136831236505898,5.735009900785975,5.118716911789457,2.7388792002571227,2.565158265204107,2.9067280972891414,3.1280303176340967,3.1523254754371397,3.4448926889898948,3.8001279972717033,3.776782970888945,2.754345361143555,3.46679359646081,3.880682546712853,4.001550574009367,3.960087303691484,4.413591133855,5.5132756387965935,4.646841214753606,3.285999556677122
2026-01-16,UGRD,10 m above ground,34.25,-98.5,3.808880923677253,4.370902628654367,4.785759581340314,5.46426201843585,5.927311248063139,6.194559603201064,7.609387408424325,7.343888200051954,5.846215207808537,5.702058971820315,5.953174577295225,5.913153439415531,5.300355215062388,6.091078530691442,7.568193684061486,7.678719094340416,5.165498374482164,3.5280783072549173,2.630438824530777,3.215842822485191,3.749653629082233,5.146315071433337,6.818896381655805,7.168250083412862,5.220074319140963,5.404312995556747,5.435908837248266,5.366589066274102,5.182403789960873,5.5136095274613925,4.902302228634625,4.674547589700553,3.0129111911136586,2.5389318605496136,2.408917969534454,2.5221502032728353,2.4841033721298795,2.910301830504012,4.285967846040288,4.837479656732372,3.9362789784750594,5.482102502966537,6.353813746477074,6.502353751457303,5.988256792431962,5.311875266932373,5.477614741401693,4.829853415487011,3.1434343928780453,2.9483773426733206,2.9272330163577327,3.0588632274469845,3.10482271050162,3.801758918593228,3.739650894954922,3.5010829052542265,2.7480089015327573
2026-01-17,UGRD,10 m above ground,34.25,-98.5,2.703064783687311,3.36711219837208,3.3220600231838233,3.174549537647821,3.1724680616067915,4.014670735403136,4.448803430255822,4.446786439703805,3.52236009723105,3.4789939780565886,3.3908738174470816,3.255511497596238,3.261720597975809,4.127254859115513,4.531745734149736,4.514912152612929,3.671056463333009,3.5350796285162085,3.462229298520842,3.337975250619185,3.3108100674423646,4.228596931133289,4.603869759128888,4.58715784227355,3.7284252966168663,3.6095216837964967,3.497327342388284,3.409109594397745,3.3542702732993614,4.231208925048089,4.608746827690635,4.551634187118204,3.6809504892078304,3.5773153765757746,3.480716856805146,3.388447222566171,3.363376033151229,4.268046362487211,4.722502911937654,4.613386370099468,3.6764726723487033,3.591794831064938,3.491108341863141,3.406512449298131,3.3420200977784633,4.189714257887076,4.626510125635159,4.586941155539183,3.7417448206192665,3.645157407266269,3.4823151328757724,3.378659884263498,3.35953508700086,4.2000157657583355,4.49186984982865,4.466291663200696,3.6747963040430607
2026-01-18,UGRD,10 m above ground,34.25,-98.5,2.703064783687311,3.36711219837208,3.3220600231838233,3.174549537647821,3.1724680616067915,4.014670735403136,4.448803430255822,4.446786439703805,3.52236009723105,3.4789939780565886,3.3908738174470816,3.255511497596238,3.261720597975809,4.127254859115513,4.531745734149736,4.514912152612929,3.671056463333009,3.5350796285162085,3.462229298520842,3.337975250619185,3.3108100674423646,4.228596931133289,4.603869759128888,4.58715784227355,3.7284252966168663,3.6095216837964967,3.497327342388284,3.409109594397745,3.3542702732993614,4.231208925048089,4.608746827690635,4.551634187118204,3.6809504892078304,3.5773153765757746,3.480716856805146,3.388447222566171,3.363376033151229,4.268046362487211,4.722502911937654,4.613386370099468,3.6764726723487033,3.591794831064938,3.491108341863141,3.406512449298131,3.3420200977784633,4.189714257887076,4.626510125635159,4.586941155539183,3.7417448206192665,3.645157407266269,3.4823151328757724,3.378659884263498,3.35953508700086,4.2000157657583355,4.49186984982865,4.466291663200696,3.6747963040430607
2026-01-19,UGRD,10 m above ground,34.25,-98.5,2.703064783687311,3.36711219837208,3.3220600231838233,3.174549537647821,3.1724680616067915,4.014670735403136,4.448803430255822,4.446786439703805,3.52236009723105,3.4789939780565886,3.3908738174470816,3.255511497596238,3.261720597975809,4.127254859115513,4.531745734149736,4.514912152612929,3.671056463333009,3.5350796285162085,3.462229298520842,3.337975250619185,3.3108100674423646,4.228596931133289,4.603869759128888,4.58715784227355,3.7284252966168663,3.6095216837964967,3.497327342388284,3.409109594397745,3.3542702732993614,4.231208925048089,4.608746827690635,4.551634187118204,3.6809504892078304,3.5773153765757746,3.480716856805146,3.388447222566171,3.363376033151229,4.268046362487211,4.722502911937654,4.613386370099468,3.6764726723487033,3.591794831064938,3.491108341863141,3.406512449298131,3.3420200977784633,4.189714257887076,4.626510125635159,4.586941155539183,3.7417448206192665,3.645157407266269,3.4823151328757724,3.378659884263498,3.35953508700086,4.2000157657583355,4.49186984982865,4.466291663200696,3.6747963040430607
2026-01-20,UGRD,10 m above ground,34.25,-98.5,2.703064783687311,3.36711219837208,3.3220600231838233,3.174549537647821,3.1724680616067915,4.014670735403136,4.448803430255822,4.446786439703805,3.52236009723105,3.4789939780565886,3.3908738174470816,3.255511497596238,3.261720597975809,4.127254859115513,4.531745734149736,4.514912152612929,3.671056463333009,3.5350796285162085,3.462229298520842,3.337975250619185,3.3108100674423646,4.228596931133289,4.603869759128888,4.58715784227355,3.7284252966168663,3.6095216837964967,3.497327342388284,3.409109594397745,3.3542702732993614,4.231208925048089,4.608746827690635,4.551634187118204,3.6809504892078304,3.5773153765757746,3.480716856805146,3.388447222566171,3.363376033151229,4.268046362487211,4.722502911937654,4.613386370099468,3.6764726723487033,3.591794831064938,3.491108341863141,3.406512449298131,3.3420200977784633,4.189714257887076,4.626510125635159,4.586941155539183,3.7417448206192665,3.645157407266269,3.4823151328757724,3.378659884263498,3.35953508700086,4.2000157657583355,4.49186984982865,4.466291663200696,3.6747963040430607
2026-01-21,UGRD,10 m above ground,34.25,-98.5,2.703064783687311,3.36711219837208,3.3220600231838233,3.174549537647821,3.1724680616067915,4.014670735403136,4.448803430255822,4.446786439703805,3.52236009723105,3.4789939780565886,3.3908738174470816,3.255511497596238,3.261720597975809,4.127254859115513,4.531745734149736,4.514912152612929,3.671056463333009,3.5350796285162085,3.462229298520842,3.337975250619185,3.3108100674423646,4.228596931133289,4.603869759128888,4.58715784227355,3.7284252966168663,3.6095216837964967,3.497327342388284,3.409109594397745,3.3542702732993614,4.231208925048089,4.608746827690635,4.551634187118204,3.6809504892078304,3.5773153765757746,3.480716856805146,3.388447222566171,3.363376033151229,4.268046362487211,4.722502911937654,4.613386370099468,3.6764726723487033,3.591794831064938,3.491108341863141,3.406512449298131,3.3420200977784633,4.189714257887076,4.626510125635159,4.586941155539183,3.7417448206192665,3.645157407266269,3.4823151328757724,3.378659884263498,3.35953508700086,4.2000157657583355,4.49186984982865,4.466291663200696,3.6747963040430607
2026-01-22,UGRD,10 m above ground,34.25,-98.5,4.461032154683178,4.259769856453611,3.4553819553296217,3.0425391580856025,2.95116886377167,3.274880428325547,4.011752483640974,3.884813031914531,3.4619922002011707,4.305729300785,5.107098141649475,6.031877260354176,6.907583998198036,7.2579838291916845,6.898872952770446,6.465082050902405,6.024332538305071,5.739186603832889,5.286288024488606,5.018874817540345,4.756797803888108,4.526653764097955,4.171302438071898,4.079052861518809,3.708110674578768,3.694537789323829,3.485701599307856,3.6454074864602015,3.696575565449435,3.9192502489431775,4.400052163235712,5.067426768695367,3.9896263642473992,3.551810039676379,3.0345977751859268,2.859098440840591,2.6384567766667395,3.1498626179158196,4.240060893286397,4.69585566422096,3.8708093779471424,4.470860404942636,4.539576177754749,4.272867006889348,3.8957256590768425,4.083808490680314,4.437770662158715,3.830470638867012,2.593793869769718,2.3996051905790887,2.111552063763317,2.0447035598032643,2.2205344125713324,2.82428430718491,3.4484160409158737,3.996847770433958,3.349110350129131
2026-01-23,UGRD,10 m above ground,34.25,-98.5,3.4671974264667846,4.3619570338382125,5.105919040870722,6.108744204061518,7.061558982395646,7.536572840504501,7.217676091385228,6.807465940316357,6.370791855715017,6.050836870213395,5.509288465447373,5.142115475588957,4.898036087705397,4.612554347245732,4.2189189681755845,4.054745192958933,3.829753343522754,3.687913238955704,3.4425324656638336,3.5941899188227597,3.679025739828045,3.9253300523872143,4.260263343998721,4.781130266536196,3.852790748665685,3.936921910638156,3.7395203272052897,3.461585377736435,3.2260373112212406,3.61576881934521,4.193806345813478,4.575193270153575,3.6264280756729974,4.602227931833422,4.855636214098439,4.828587098586092,4.3937049648059805,4.545373313641487,5.080093740543281,4.449339972398382,2.368144987673987,2.1351285571395366,1.8711566668537487,1.744939940737685,1.747148966262868,2.1762007153251925,2.721794083629945,2.898459157523874,1.8561195311816856,1.8987567165299817,1.9453909301257288,1.9786230962520457,2.204733314893409,3.174151309696976,4.255126223729665,4.203940201698965,3.53942722124279
2026-01-24,UGRD,10 m above ground,34.25,-98.5,6.175930179743332,5.802442086541749,5.337297816250718,4.962105385366403,4.6843301217915645,4.462737835142951,3.936924285389334,3.8935096656658574,3.6471634588285022,3.6394577834775457,3.55378041522423,3.907333420462572,4.191768912774186,4.5738377932319665,4.898553755850482,5.234243257361787,4.421657565524185,4.2048900479519835,3.9475627255643384,3.6214678831716487,3.1822293498532237,3.6667605698123302,4.573470136494322,5.06368087013497,3.7793105789632566,4.876454756274692,5.131916025236203,4.974272155269168,4.583269331677392,4.551081391763008,4.815577293155213,4.118163947703306,2.215456935244031,2.163686208376749,2.1008127463502957,2.0271436801416085,2.0166315443965304,2.290956377690102,2.5858772542594863,3.2632597039349243,2.393259321857726,2.3852434580898745,2.483976557857537,2.7710898232023364,2.840516168231404,3.5205531704675987,3.290749135617812,2.824404627731582,2.251538903583913,2.3841900519426726,2.4482800818683303,2.3976667373331706,2.5762940994157892,3.1685083582961693,3.5023761910171065,3.16028398137601,2.36245882449343
2026-01-25,UGRD,10 m above ground,34.25,-98.5,4.086167631013618,4.034443404913727,4.039956531461073,4.333175401411321,4.474672792076099,4.799055460660958,5.390118052847033,5.5577745026469145,3.9190001433334207,3.723971413898661,3.4752822403224473,3.2962534559130336,2.960934105019658,3.498433725523579,4.650472364752674,5.182823814035807,4.438428097676491,5.268656865069049,5.21343928290092,4.848739281605922,4.359328235375244,4.286605219596855,4.916097058018434,4.260977177089679,2.0376843856283773,1.8641563975734023,1.8373987441413409,2.001010259293203,2.092395369680595,2.3994424024639525,3.15605166315329,3.2212988183952893,1.9055992563690816,1.878717498175344,1.756627600923451,1.7249354172255984,1.7314692981345736,1.959923132762368,2.19212796645024,1.9956634075251043,1.7799327705722592,1.8900367534629168,2.2368563952410696,3.085076139987075,4.177785646828509,5.430288052223009,6.184140047842517,5.644520720923554,3.742118094226248,3.072980541407345,2.609400126579966,2.3877342386346467,2.175837178131491,2.7197229202920377,3.3544293452364418,3.5024950960137153,2.8655547406440967
2026-01-26,UGRD,10 m above ground,34.25,-98.5,4.081251089565999,3.793520499868573,3.6114840567050366,3.5143540734967234,3.2345512098059173,3.776601138731325,4.806590269997329,5.334981511169589,4.369852722273838,5.265584564120252,5.178230037338677,4.688798538336403,4.250230050079388,4.234063228348085,4.654558644308156,3.8350706231247345,1.7754973377646524,1.529132356170825,1.496817435891082,1.7275357442668215,1.746148355809395,2.0046975639291915,2.9296017101309,3.080073315393709,1.9463583406337184,1.9430315134471765,2.104580805308343,2.2933221185391126,2.409390606058555,2.878558214022513,3.2232910216444752,3.30776682413822,3.172433714718764,3.343532031288436,3.344413812530866,3.825415685212212,4.296040887360176,5.670620342148857,6.123595412852573,6.712845558317829,5.649649865210023,5.418521361721485,4.857521298739728,4.521823269462649,4.232713604749266,4.645550179608488,4.394394469249648,4.165062075245714,2.532380808999124,2.487727653231019,2.475770134671614,2.7782354678304872,3.113520516812089,3.924255256782755,5.240814823992103,5.451520852444989,4.287428529072267
2026-01-27,UGRD,10 m above ground,34.25,-98.5,4.637776887056227,5.351308595409291,5.073203475027859,4.616078336892503,4.26686364672322,4.241892600263878,4.642528834195228,3.799695349027061,1.817648831685504,1.529392593196887,1.5982495667383398,1.7450068464455335,1.8325600077545692,2.2358614879424805,3.1533359382479462,3.306994985777428,2.0485405114731927,2.146070615566671,2.3137424694341258,2.706260869882936,3.078640359211244,3.729638009729582,4.019786911666294,4.09219201545659,3.5591690492841437,3.6095216837964967,3.270154870146052,3.3085010366611836,3.5266529409317533,4.339031270010316,4.296905952816158,4.6956405080736126,4.237686909681227,4.7430961919004435,4.91001858409089,5.320470698520602,5.442310101892423,5.974470074833955,5.564060809686746,5.310308679190161,3.529643647272638,3.3182191370976906,2.991747590064687,2.805507366571358,2.5827969557621753,3.045402770228921,3.3700781692030715,3.3743414371645866,2.3291074120327906,2.5775082885415648,2.7005477080225866,2.889498495622128,3.0234314982369344,4.060820025850306,5.596480452281918,5.521347302434774,3.5174275058316744
2026-01-28,UGRD,10 m above ground,34.25,-98.5,1.933705672562248,1.780823763880586,1.82438592877994,1.954374448973608,2.026455381973726,2.4133331931330324,3.257280607358679,3.2624227998501203,2.1012707663956935,2.3109617907931996,2.593411454221145,3.1281196959894615,3.4891892859490543,3.9783675574709862,4.398002445055074,4.342331773184149,3.5966923523619667,3.494086946507906,3.1720723425547988,3.274633488263026,3.586817533977668,4.508996208513317,4.82364045901403,5.514471159368334,5.373388103521043,5.990436794546554,6.169714382014248,6.193626035167283,5.842166561564188,5.932427132967753,5.671510980989904,5.304134046719071,3.7252163487421983,3.476797534052068,3.1038258465726987,2.7126523437834384,2.694201468731423,3.1298430387260745,3.762896961098816,3.9792492228306857,2.434037906675268,2.5949047033618227,2.65446838620659,2.644432606034607,2.6491455877446493,3.312924539686827,4.263586169190435,4.145285426711437,2.8193753743566523,2.990149570711984,3.0139808934360586,2.9096872005971957,2.8992964023977077,3.438886555819767,4.744052409281377,4.630069761150575,4.060645018781933
2026-01-29,UGRD,10 m above ground,34.25,-98.5,2.0981207082851645,2.300630095917688,2.5575045572992776,2.991880619387489,3.172560828173895,3.629372466352373,3.9236790691517953,3.800885743427862,3.163459886064408,3.03272106102629,2.619476654969478,2.7970746788554783,3.135192492619211,4.171130307105411,4.79646771315373,5.805603287848516,5.5625411650019565,5.8415513658983365,5.518312374683111,5.231084690815935,4.6596463034349185,4.661736740289565,4.332094231675153,4.2995798482166965,2.8359563845186004,2.840197634067183,2.8283320826284495,3.085290002332208,3.0913256520933574,3.847645966535832,4.926709161698531,4.939384347077055,3.500689127190607,3.9539706353185817,3.893490651061305,3.657506987280684,3.318803698232374,3.796377630456715,4.3320845196155835,4.051685230093161,2.845584955742405,2.845725356115916,2.650549056543175,2.5105582700752054,2.503998572119011,3.0180140022139375,3.302702158785795,3.857863903070644,3.493682263853865,3.5157360620450655,3.535970775905424,3.5054590952494533,3.51880930955904,3.859954063556872,3.643098533936721,3.796828459794579,2.4559450962384286
2026-01-30,UGRD,10 m above ground,34.25,-98.5,3.196672178176863,3.0517162671332128,2.747851180721286,2.745531705191952,2.8617497159374636,3.8972793924824223,4.526233636275496,5.578829085105027,5.161929752168508,5.475330337652874,5.096424523835293,4.69874416910789,4.2082826548042735,4.171721882491683,3.907721395234488,3.939361527905509,2.7656555492207593,2.800688083551473,2.9046632880787797,3.159614951417672,3.234296318765319,3.895941793333252,4.646190954270178,4.476082932635009,2.739952273685968,2.895009340986384,2.7001522846667054,2.443515529294043,2.2345708212298705,2.558980418515773,3.1737308309085672,3.2475869119577263,2.576536614426754,2.746101355718265,2.855013272970792,2.847910325121579,3.0066693617435916,3.1528401477785843,3.7359213998661818,3.948548231546899,3.575021911324809,3.553809710606954,3.5175982143357363,3.8031445463103255,4.154286852821658,5.191069167988921,6.383579556032064,6.589459221800445,5.197109946557796,4.2693066781655125,3.4223470746657796,3.003204470337313,2.680082401409318,3.084311506422204,4.261800111918349,5.056114795114332,4.386609162431901
2026-01-31,UGRD,10 m above ground,34.25,-98.5,5.237722195504564,5.5134930329618115,5.214307004883024,4.744170317907673,4.106429639589951,4.085531429579964,3.993888624762147,3.9936965669493025,2.704665187372357,2.8045026561044057,2.886290592040982,3.108384680179604,3.185514581466384,4.016880726684542,4.9725723354680245,4.64088444676848,2.823099785644385,2.942495611108842,2.7183214670232703,2.442590719055269,2.252308448872898,2.570197617538966,3.515486207979009,3.6270807146650625,2.8826951549939372,3.047893959064483,3.0915574878236964,3.0998305220893294,3.202331448461436,3.99190516849783,4.283726534078408,4.518157520444189,3.8156401314305337,3.7702237817958566,3.520387220151932,3.4469781265534385,3.458561886772351,4.293424154440382,4.233021280780505,4.2851466014248905,2.617955970861212,2.18671768353424,2.330286613296228,2.455153997685803,2.6083902065997924,3.326808425247354,4.583961472673604,4.905092492396585,3.100613983152164,3.311063049567272,3.3540578777735996,3.404298598830396,3.5427068786097813,4.556201737482627,6.283021413822457,6.436811703016367,4.636539414838707
2026-02-01,UGRD,10 m above ground,34.25,-98.5,2.681336172666738,2.736355194545575,2.732326298933162,2.932148212017103,3.0516392488568385,3.886818023556693,4.850131997598888,4.68896082166596,2.851779006633043,2.8829710133703426,2.6881285194748106,2.41752873517244,2.166186876674259,2.4200639619911746,3.2102327436540903,3.1712606799677676,2.4253406669035535,2.5744724674581496,2.7406879655336267,2.8556167643303683,3.0147661811334965,3.547623155539835,3.826222887996777,4.176499269955522,3.225351503066211,3.072679709238616,2.7532389831373205,2.760190394680683,2.9255457767258832,4.02779127478299,4.451165185092438,4.47558224827586,2.791504084190784,2.0478306140862905,2.0318604599386383,2.1659504683798856,2.3972328030387944,3.0838453947938307,4.2525663548584225,4.403199373397542,2.992549949881446,3.195000194182578,3.391131133382032,3.771217659769509,4.8318154445769315,6.730537395351437,8.31552849508991,7.956182358276484,6.015879646768299,5.318945014623013,4.625593641603604,3.959825570768142,3.463607011807457,3.7562579834859857,3.465523772081921,3.410994694342795,2.9364220937093206
2026-02-02,UGRD,10 m above ground,34.25,-98.5,2.9757821233935413,2.90848500017173,2.610155435586124,2.397034965950372,2.1301120130102107,2.4976039397382133,3.490365336828989,3.414959960436849,2.6119904853901232,2.774107784001719,2.980531098621718,3.08666668166634,3.287155661766347,3.858297594804261,4.183579278966006,4.40450366608564,3.2552277245500147,3.1192078375827483,2.6994780157732707,2.5419366925317153,2.716002069035553,3.695298448923506,4.5797539941734176,5.046385044847078,2.996767851231577,2.1824778590459357,2.1123529256706974,2.3996803983065247,2.6272785182456495,3.3827415602221955,4.512279764202653,4.566270091141,2.952074894702214,3.26301213913806,3.5635523941567144,4.07292603470235,4.8505124110084985,5.61291551091564,6.860818502283445,6.792951428174745,5.038100278261752,4.827683549489936,4.323707289806195,3.81593378940563,3.483610285778858,4.1586447195917895,3.9519054537170217,3.88841152168923,3.232162725402108,3.8384583354381783,3.983637553937952,3.9533691420328174,3.79118381565157,4.283230324772577,3.977895204657208,3.3551948622776244,2.9759675217531134
2026-02-03,UGRD,10 m above ground,34.25,-98.5,2.6445242477915363,2.7357951103283864,2.949358253777288,3.034731577312334,3.170482852372418,3.756893301519489,3.983626512984712,4.270242607453631,3.248076744943458,2.917443850482083,2.509705096260934,2.333052061905295,2.571752387450566,3.2941299010789034,4.165139175979972,4.821104485923787,3.0153295222066836,2.1330009220653325,1.836268665421308,2.297204239253924,2.614563447173282,3.504444200627045,5.118551389381048,5.26564767182161,3.2191135789346985,3.311724541476954,3.3802415481490566,3.6212409252707194,4.066760629201857,4.782699764680106,5.614343623787473,5.166789920349983,3.3525086850039534,3.2718804486947946,2.991804895114422,2.767918984068279,2.648983363282587,3.59945540477418,4.049881197984318,4.155386164316225,3.2218006804693715,3.544617959210255,3.4294059785251574,3.532818414372974,4.0297684544994175,5.036249898389446,5.837032189839045,5.514174616027862,3.937666694586888,3.7054724804550783,3.7792007174967495,3.5132187381361017,3.261473142241087,4.1287877835149995,4.901243830372746,4.901892148633626,4.290062005157215
2026-02-04,UGRD,10 m above ground,34.25,-98.5,3.387099071026764,3.1121830149307583,2.7731827402053635,2.5257515610276084,2.616753673334113,3.334821282726548,3.97947307573382,4.301955360385283,2.6248298291804177,1.9408710103193072,1.8665557752528612,2.569691584201406,3.090952592466527,4.111453030282169,5.761925597967633,5.765175131629036,3.233456345884841,3.0977144648808608,2.9437404111344776,2.875703746083924,3.013123737709481,3.5972665625823126,5.2894235854237674,5.588611767234369,3.950638530821144,4.016569122405841,3.71394656456702,3.4508247427674297,3.343786310889044,4.30889213381228,4.655942764682504,5.158782845452121,4.098563313930899,4.634046699504687,4.656864511530047,4.3750714709623235,4.049708487147543,4.3970621288650555,5.207188473987015,4.5555834236411625,2.455085765332191,2.1337500263425215,2.132237016005438,2.3172432033314925,2.427954096940048,2.8608765025441127,4.791983848227747,5.119467983648838,4.2433679323036095,5.069919863557039,5.280965622228416,5.493784529018046,5.650863011841792,5.976795299843548,6.756807406408058,6.206738699701448,4.6050059620118144
2026-02-05,UGRD,10 m above ground,34.25,-98.5,2.663669503745725,1.876127182785709,1.7938806603065616,2.4146648304672738,2.980256320654171,3.97531154261053,5.493918394421425,5.461453965408367,3.43453326596838,3.514051152363237,3.3675977641606276,3.4707291202362125,4.307502139960597,5.7237832329562774,7.2271956588524064,6.686080214799693,4.711009048207956,4.273007283446499,3.8202310369539143,3.467438697598507,3.1551712783610792,3.9187867599196617,4.208842076637702,4.785009896949211,3.937021069803969,4.5698061298676,4.650398738417623,4.381727548151543,4.044703837735556,4.342193476481904,4.492039922179039,3.89692941418696,2.2627483038088245,2.079099207338732,2.158396193467435,2.3100026094415287,2.3447323946194283,2.272461010410036,3.5830054918322425,4.38037145280804,3.6380965118570368,4.160650077390164,4.371875046759032,4.285524616699916,4.419145221474027,5.135154706839394,6.305988066258115,5.904472075062609,5.329910292492421,5.203219798431877,5.222391344262636,5.054589426544406,4.689008761576427,4.908597829509921,4.612228175491118,4.447852779114747,3.4171864567928485
2026-02-06,UGRD,10 m above ground,34.25,-98.5,3.3932375520075473,3.3503542311671013,3.3773895540451915,3.888417109196428,5.125724728114617,6.157962190539348,6.937884637957979,6.283228700916905,4.198525534129228,3.766853215750788,3.35073198642613,3.0186794398738357,2.864805880336478,3.9446688346794616,4.627357582134549,5.032506283933859,4.0516483420285425,4.613506216250683,4.556715478778166,4.249269104016038,3.891651205552657,3.847415991135444,4.177589842368093,3.717753125513206,2.2826231001358748,2.120161943355984,2.2494093295911224,2.4752100323325164,2.438942171107364,2.484664478363811,3.736016677969825,4.475291977284933,3.451962198910125,3.8581092048300056,3.969917833106221,3.949627939437123,4.464761443999122,5.316670389040415,6.25047766354875,6.055675946865482,5.295212363764565,4.72103863946424,4.422254759262111,4.260236412406087,3.75954237286711,4.1804477174296535,3.785027540011713,3.684745811233541,2.686818709223987,2.7224355886049327,2.6083880632718937,2.537822224455966,2.569256220311403,3.14212254874826,3.2300414533075648,2.992519629313911,2.4986774821646445
2026-02-07,UGRD,10 m above ground,34.25,-98.5,4.149252177645177,3.603597160278437,3.12026712618421,2.7867411712283108,2.6654097765163005,3.520952308525906,4.271897767589941,4.516925972977096,3.801721035014528,4.36125386957732,4.467220337072389,4.174462062081082,3.890091636986749,4.019853607899451,4.224291372084007,3.6710218357337143,2.4244358006675446,2.43001642735416,2.5397743087531532,2.4595757233601745,2.424183099757529,2.7165091194443702,4.463656982334359,5.165107266428528,3.863648315935378,4.541585727575123,4.8643459139800225,4.933884972649404,4.990447872449858,5.274992315379765,5.442207880391786,4.891518358567625,3.686837160201893,3.47502858845783,3.2760091376674834,3.1148817272765,2.9276111898835797,3.3276122715641128,3.1180200918943477,2.9145688219217183,2.3889338568658047,2.500943919016029,2.368568925503128,2.453214408943856,2.8183270275022405,3.5856783773227505,3.846916627033136,4.325624616130764,4.1951466966113165,4.0000346130505,3.732180708361855,3.612020907252689,3.4614783718250495,3.8114106835226345,3.7882794981139183,3.6145271353165582,2.962141032626565
2026-02-08,UGRD,10 m above ground,34.25,-98.5,3.667385761006769,4.07547083064526,4.076982274974924,3.8621596357308534,3.574688638475388,3.5948419419864153,3.816015604587879,3.278729912485924,2.312505956643088,2.263288174931647,2.1664405751980893,2.0842117132053803,2.2807959595113063,2.755912287395602,4.433256373618519,5.108990064989348,3.7559403981285135,4.1591504792848655,4.367031969516258,4.478775053942112,4.558273460900389,5.115091399997654,5.953827337409788,5.835039305575524,4.096292681364695,3.9714635751613128,3.887840164394219,3.5958836306340944,3.3499343891857345,3.8573469517668704,3.9182900641676057,3.7237789740172857,2.782002835608339,2.8760683268488227,2.993907219139497,3.119644058175282,3.4799172940631213,4.626899061831335,5.5372518675601,5.452249156168564,4.6725904896972,5.105146845950442,4.723607875835767,4.345296899880268,4.1657804213250795,4.2215217212418334,4.287943187317353,4.002943731640373,3.9578631011320944,3.68683051337837,3.474057245003819,3.269541489628817,3.3078338499022504,3.555478939863012,3.7743424623428727,4.128519643289018,2.7813180470153744
2026-02-09,UGRD,10 m above ground,34.25,-98.5,2.3651510670024716,2.288811103138765,2.140927131865274,2.0139800401997277,2.0020302489440445,2.3719458470906742,3.8707354836949297,4.696340492503862,3.7089440232064246,4.3986606369240615,4.773501384112837,5.091225297223751,5.266165548357899,5.774576982796377,6.436129414777287,5.945161344229955,3.9175725756240034,3.7049565055675338,3.379488165592245,3.0374285653061213,2.8847903038313154,3.367666033269052,3.4993731881704564,3.4049204771288837,2.6578337208988847,2.7415254588652167,2.897773642390763,3.0898601859464243,3.3061809377361646,4.202271525239144,4.929219154019684,4.49953211286393,3.595146467062309,3.829857412901697,3.706826179921137,3.594414048333956,3.5884341907571597,3.9371854734858864,3.651670790632256,3.2916184573355833,3.0357584122569263,2.94467985948439,2.6035078740973177,2.395688467559144,2.461653821043195,2.8125916785965615,2.619913583904895,2.7312411988199106,2.3952601399510876,2.5101527446226375,2.297589295269593,2.2791862118928505,2.369874917748689,2.892927036797426,4.083719600418057,4.7352980127645825,4.264113311808355
2026-02-10,UGRD,10 m above ground,34.25,-98.5,3.7157267706893857,4.398014494364846,4.68453048386275,4.894679161955338,5.208409379519448,5.84384697576264,6.775107517703287,6.1474082018548675,4.444124549267369,4.005428215844465,3.5853509532553938,3.2339577813802203,3.068358444340899,3.418328453184152,3.39913038972443,3.234590609042097,2.5796724761370875,2.6854558916174525,2.6607641895150316,2.8564435714243626,3.0912911979180455,3.7811746437202816,4.069816216552408,3.7365179540411297,3.18894097858058,3.4840676455389383,3.200330489577901,2.970863428825485,2.993877863503518,3.3718084750645536,3.373744734161052,3.012367865388093,2.8864611300740517,3.06310735651901,2.7867926304399218,2.7234088186295384,3.1587933134818553,3.850198279622056,4.4528889820585,4.716987896069309,4.89937879816153,5.09074463205443,4.787771711193901,4.418578030932636,4.095987118897158,3.9487290315205104,4.246182919624211,4.23577249713258,3.3755518470477837,3.3142558299566383,3.237933088718534,3.2246114162470603,3.2864885777464123,4.116290807550472,5.118513069216537,5.2991404899321495,4.1711528452630935
2026-02-11,UGRD,10 m above ground,34.25,-98.5,4.874045539301331,4.31213946180025,3.77709280358789,3.461497714165401,3.2434282588484287,3.550420806890257,3.4052254035764404,3.2313129726938716,2.5297591714762495,2.6469723744021065,2.605443238085664,2.6957681897692387,2.8266290628717767,3.2950564410980236,3.5405842297127212,3.045096131798121,2.579638050706592,2.773696891760723,2.474178193768345,2.3577244665739308,2.3525947388555823,2.641149399258467,2.8928609610102436,2.7752208505157347,2.5751138038721813,2.8869850835455453,2.910058533878006,2.870157896953525,2.8526162139498528,3.3383067752802975,4.069925196771061,4.219108513374586,4.299905452737261,4.522993188635788,4.482173061779908,4.3764926027343,4.432542982928545,4.664808327710146,4.867476347164898,4.430904229210369,3.537935373430133,3.26908091945659,3.06401392613859,3.0022376420366896,3.107809958616671,3.902824317176453,4.665849429273966,4.621540315470318,3.6411056078531927,3.921188053283328,4.103570146877683,4.258237663462601,4.627579095354463,5.740863054660628,7.463390066153915,7.278185857140047,5.94605683498184
2026-02-12,UGRD,10 m above ground,34.25,-98.5,2.48866467311254,2.510110097398677,2.488412855468777,2.588140130408493,2.6961414514134723,3.2729006931371316,3.806126240730912,3.3114434166277285,2.5518857009764573,2.7364527541496133,2.5166441066535006,2.3656286037158516,2.2949057350531774,2.514241090308852,2.8582673405428016,2.8775255042204297,2.388067092909309,2.624685593863022,2.5812074952012276,2.6034866681676037,2.71235571703835,3.020804560221374,3.5577020118806537,3.32733861477883,3.1616155292180705,3.2425113991790155,3.3201509354587975,3.717670619236309,4.159064086640232,4.396088158529562,4.565760871445621,4.3802325561626105,3.0527245580601043,2.956041531933975,2.949317019785884,3.0646255644448246,3.095633611627257,3.7819858123855097,4.886029117197293,4.824293767810617,3.67503761114076,4.172463491233652,4.482180735527679,4.739238583778971,4.9637575153752405,6.131687056490347,7.792184891068304,7.820782463085909,7.161677583860344,7.72053741989602,7.336557763162131,6.31179255614669,5.087639770638181,4.542475175319362,4.6999808972349495,4.530276579603912,3.1210222273880106
2026-02-13,UGRD,10 m above ground,34.25,-98.5,2.600811093629642,2.774521642553134,2.5861069813693836,2.4168497266842097,2.4623985536220387,2.875578642471976,3.411631787406132,3.3837898720684376,2.62298139760773,2.912649770957293,2.9505318462796573,2.9868509628279147,3.14470794071267,3.567177813942015,4.125455407299322,3.906402141416889,3.70462406234313,3.825349706321849,3.829875290287905,4.050494291097316,4.291251402290049,4.331574059149569,4.538943141735925,4.397616312576996,3.1401726536186656,2.8983335035813083,2.9985964527664857,3.1006609813903427,3.203688391564433,3.951400648689781,4.720706857006219,4.467737558851272,3.159520502512549,3.539708154018496,3.704560093200816,3.9436583604051143,4.333855362156919,5.699425396286896,7.282368694694918,7.524150042529329,7.378427378040845,7.91501371660878,7.124698997472857,6.32986344834357,5.159949200052248,5.350699942138357,6.135423302304102,5.842887380826925,3.690070365219679,3.323439092555618,3.0420440840603096,3.0711605530906483,3.6511407390608577,5.133902963659439,7.344556862513088,7.88940337767752,8.31323594392741
2026-02-14,UGRD,10 m above ground,34.25,-98.5,2.7863766704262174,3.0003034357498732,3.0700379899883328,3.247038167904174,3.222388663397261,3.753449466045123,4.339024970036729,4.128048299670011,4.060988614952043,4.272931690467138,4.4274121912780595,4.455542947329311,4.415666676506008,4.4536070252985,4.720633769831902,4.452202311411519,2.7354412648155773,2.894631856547505,3.368101538261656,3.7315422923274415,3.979639757936924,4.918055836561733,6.050772143998804,5.431477812601569,3.5634108691451005,3.9384433456008625,4.183869133500381,4.361595956150955,4.664801506280752,5.803920776600567,7.540397347657904,7.77632506744591,7.748132668741912,8.5160286429115,7.521425762776334,6.591509217136299,5.279583659953142,4.946810613762548,5.545802695016304,5.781825495026554,3.638177039038891,3.815706521032019,3.989488929873213,4.253858882041552,4.799184408496512,6.121805416859628,7.359665175624521,7.271216204242645,5.708295570681001,5.188387948329893,4.37630896807711,3.3430317136050633,2.80569611095179,3.4589982474360816,3.8206016412005575,4.019903297408632,2.666126322908082
2026-02-15,UGRD,10 m above ground,34.25,-98.5,3.358323813460286,3.767672149624947,3.880558600680501,4.193687480601115,4.414645144578139,4.449588192197366,4.448868850547884,4.161567693778212,2.746044087306331,3.0111550676886387,3.5338448178388453,3.856929662607022,4.00602993493451,4.68368614569151,5.682007934950813,5.14152978195299,3.385252839181393,3.806313617960436,3.935276136337949,4.237106474321915,4.663331817032866,5.894662395637745,7.533087693453522,7.874824231643657,7.878018718255511,8.631117274051174,8.139575976043048,7.499719630711176,6.116426941814797,5.251474707807745,5.189159263968177,5.519924160822223,3.299608040576518,3.4194441737118124,3.724771959291171,4.135258999145793,4.602573200171959,5.9421468498654075,7.429991310044879,7.375414835735508,6.416889647516138,6.360588934228008,5.826360494007448,4.774698375260778,4.113080592468266,4.6071268293587195,4.3379399864553365,4.045139324707993,3.085986280093781,3.0740023286947675,3.0872356244361416,2.969726446844626,2.6936763797638203,3.110699569057105,2.963900583752368,3.405512474893925,3.1848400439644355
2026-02-16,UGRD,10 m above ground,34.25,-98.5,2.7492887045267187,2.9024314062255705,3.376420372122601,3.6792978267082255,3.877255240491491,4.73713783512709,5.948221150981389,5.361535256716825,3.617076573499423,3.965603708561627,4.203278010241852,4.5031434763066756,4.9425243402111985,6.168971315736687,7.819671741583956,8.147196363456532,8.20730060093139,8.52862445374533,7.897895071168201,6.725456983141104,5.392230688965927,4.746074666372243,5.1093404322965466,5.625073691575576,3.340527650285426,3.4701720919090526,3.7360938126538703,4.084895747400926,4.4886579935199435,5.8840627618281385,7.426253043323974,7.602227970888926,6.598584506102817,6.567288042414282,6.273848443466676,5.410783540047795,4.464547316135906,5.014467986823815,4.722502911937654,4.266203350950725,3.3980697785247576,3.320710385744139,3.6589190800983937,3.8274680606460136,3.9750451516792977,4.473894393927075,4.751641769687032,5.155771732592958,3.646933013639066,3.4791455508198657,3.831110407741517,4.6310422123248935,5.370244384075393,7.578174353802713,8.075952537223124,7.91721747325634,5.91015242561708
2026-02-17,UGRD,10 m above ground,34.25,-98.5,3.564668490508522,3.9360976939056727,4.0944684298290435,4.340711011479556,4.758155584350121,6.1043259605738704,7.759357490979968,8.219691010299783,8.44523580014501,8.350580032405523,7.400875872595179,6.449563020366293,5.123983831008497,4.785944814916893,5.573912940275497,5.968283060175702,3.413349271392814,3.698407945761078,3.8915743029909873,4.1848771959335,4.62417116102872,5.9691889373400935,7.296566238996354,7.245134197577352,6.382301815987001,6.612237875894028,6.419697252407964,5.396321132127196,4.71791341457865,5.609734533985016,5.374535261517861,4.792673104073834,3.320188336092131,3.37072430961209,3.771825679985273,3.840083617754373,4.138385983172352,4.858052428157411,5.324044607354978,5.96524243406243,4.914864726722718,4.70213981198169,4.754320233864295,4.771045039701434,5.1048922031311275,7.018438146313325,7.643710674376219,7.909864951114973,6.07194110030113,5.324070444801048,5.027725397646065,4.776153370143825,4.001125731271939,4.112243120038395,3.384746936332101,3.2782568275708934,2.2713901503763463
2026-02-18,UGRD,10 m above ground,34.25,-98.5,8.616767236379186,8.525815214456255,7.6291241589654355,6.401317658873893,5.065831801496238,4.518879614169996,4.9349041719644235,5.772448594484973,3.2079952651731265,3.294106139771502,3.595923638207661,3.919071930571688,4.563171287855834,5.858823655670458,7.123571538151714,7.346413588089266,6.354124199325082,6.594706631854441,6.236603063205401,5.646231231987851,5.170703369113487,5.657701550032756,5.040842543229083,4.405492581564812,3.4845148669598047,3.64301026847455,3.8626072599540944,3.8552047488728225,3.7233545709855216,4.628948104808092,4.905839722194942,5.771133477088229,4.376744528227118,3.921329328410028,3.7790473418028014,3.653405668423355,3.736531382173156,5.316689070260676,6.495813800854107,6.903533861158093,5.086479996002765,4.368730522530129,3.9755275646572152,3.5895752037099555,3.1058849249114013,3.769886205948466,3.568823177988186,3.52361656253134,2.597057604020574,3.1458839118875277,3.979093630933568,4.717042990970453,5.304189251331799,6.65768288174744,8.02229919464723,7.828597818285308,6.482059295696722
2026-02-19,UGRD,10 m above ground,34.25,-98.5,3.0234252503821826,3.2817288720330744,3.779452681576619,4.252364650616936,4.974484027425894,6.359001620641867,7.426875520740525,7.623495469846699,6.902069190368829,6.912944507270966,6.5084104795904505,5.644545029018921,4.699877964300746,5.049376767938993,4.533676963918963,3.9461136773192593,2.942687416973902,3.248324828347013,3.4075083577648,3.456973258701791,3.633544926975689,4.238431970662221,4.587569659260325,5.286004804325977,4.189522031966575,3.7195558312460593,3.854466970145128,4.453344678887482,5.124144821216932,7.039498509871111,7.070765102982623,6.79936367736686,4.745987696915318,4.126271217451215,3.903253479774764,3.6127647453155185,3.35548555895031,3.976253452507355,3.912599198901069,4.057363602830373,2.5118750817250257,2.7892421678105106,3.4051910253620883,4.0843798640462285,4.768868884739786,6.130320953086454,7.657979460588216,7.626670845521234,6.630263155999259,6.773494403637821,6.612143925257498,5.616684315384203,4.907297460799104,5.167214535984459,4.676611353331952,3.961627114883575,2.6306714308617716
2026-02-20,UGRD,10 m above ground,34.25,-98.5,6.955477749866558,7.198146638553839,7.213258358026677,6.431638089451479,5.453311598860172,5.556451551025122,4.9973861222560405,4.382131863963853,2.9771395760628425,3.182460699261868,3.271297890517919,3.325122199188179,3.600138454569838,4.426570690949634,4.840074679614314,5.585070222290705,4.437032766083144,4.027305429743867,3.8177706250592705,3.836972682562713,4.073501839638489,5.754143940225228,6.877495157670875,7.167100454006977,5.427752414584164,4.883913676165594,4.62247913964807,4.419274331063787,4.238208205808572,4.93771548621033,4.216010171204967,4.011743525874975,2.4320059099026974,2.4611628536265173,2.9289598720017747,3.74950516762454,4.527294552593014,6.037440946826993,7.030265787896665,6.256698630106145,4.334710307734382,4.031519510870916,3.9083972760367858,3.965711790708101,4.003661139219265,4.612720526699542,5.413742954962206,5.037735152880065,4.121239495750692,4.2339472731107435,4.242424971568148,4.794567099824484,5.628122667371379,6.597852230675448,7.390810901438755,7.23877721085015,5.091845255879024
2026-02-21,UGRD,10 m above ground,34.25,-98.5,3.0714571122943317,3.1585443567672753,3.2944180514088783,3.4487506574640268,3.750310820010778,4.45337507102673,5.066427562829137,5.886093653813791,4.815760498172073,4.4872972282280905,4.663502937570328,5.211518684580204,5.674759870125616,7.344806058439602,7.513922029723286,7.326061419015215,5.43646994494748,4.894323285447685,4.569883982531138,4.290606212941647,4.002762574867201,4.591208924025954,4.009216872995299,3.7466716686659858,2.332867249725272,2.6090212148487355,3.3321159524205894,4.088423207331754,4.748862017791293,6.4529477859598945,7.998464500022276,7.895076440128854,6.558718011548446,6.558957666371697,6.367826219449714,5.558345797356882,4.94452998244113,5.464735105593488,4.806525653910221,3.9378473113992545,2.863837703892835,2.82552296385486,3.221289167561898,3.827005706608958,4.288128231363992,5.112692188284401,5.879982772131989,5.7541151459957325,4.11885781403649,3.2510324336470116,3.120005596568059,2.8335480492485203,2.6769737840035495,3.601526310747187,4.671387693098403,5.178957196896617,3.783769790449958
2026-02-22,UGRD,10 m above ground,34.25,-98.5,4.697988832971083,4.460531228504424,4.827207915117467,5.385760865805532,5.798287095710619,7.429959945246043,7.491249658559129,7.3506673690462225,5.545224357363926,4.948268708299465,4.632457032569922,4.278642529560069,3.8387207301502584,4.228570170192608,3.765889665661859,3.676511868620728,2.421283779163966,2.860049959643079,3.648545771674296,4.30316437623991,4.738267787830679,6.103508600747395,7.287399143553406,6.908660168248035,5.478934860352914,5.189103871126152,4.568943137271182,3.7945270903463295,3.2690795051833765,3.5827914193730237,3.823555122987196,4.114821471778291,3.8041578102632063,4.613449234423833,5.832431580135575,7.153362151565322,7.59218802992244,8.002822361846327,7.671135656335869,6.64072658537972,3.7196960236552945,2.7810529037228924,2.672897846042823,2.6529027104422465,2.621023992033776,3.552875145170687,4.731055843037538,5.379544528019378,3.9057460990512354,4.596192450056962,5.12100375429962,4.9670157007843745,4.737702094210418,5.738151181845362,6.474216090290702,6.094619135397063,3.65250325349993
2026-02-23,UGRD,10 m above ground,34.25,-98.5,5.1572063997465305,4.6706296027689875,4.6309273844744006,4.373872997349749,4.009853289535116,4.397638830771706,3.754992785908324,3.562597691910945,2.441434748126836,3.0317377696156607,3.973194669116835,4.8675547146185565,5.547256647543204,6.957625409854763,7.934141432683872,7.174734556754799,5.264347091425952,4.5905963410447495,3.989675515459454,3.7322238630363502,3.3920844702917856,4.16471966545615,3.671176945677128,3.1746353513118915,2.854559490811628,3.3636445909220547,3.4884288245186132,3.7863159930129098,4.349492315859854,5.387138262802657,5.861756912735405,5.618095035591956,3.265848113146392,2.6562878049855687,2.5312104634680974,2.7031214038744213,3.025243028677778,4.284594607712602,5.304958563929576,5.249771353533612,3.383471947222315,3.483973832803084,3.522100494988889,3.2768190324753608,3.3758751869838823,4.529804129906546,4.931693963761462,4.694954494874173,4.256451220670272,4.748166667432507,4.805965007897713,4.926072116107248,5.05884948593853,5.6525263312055145,5.143954256635922,4.79961452634025,4.1967805849457624
2026-02-24,UGRD,10 m above ground,34.25,-98.5,2.383330621599046,2.941853130910798,3.75258561890912,4.6212085059769485,5.347035533331718,6.919590516251373,8.210223446151849,7.448196647827625,5.435485522321844,4.819968649008008,4.053071352156438,3.5195718749773155,3.04243151842798,3.592009505192699,3.425506165190768,2.918082779198143,2.516549509968998,2.9343492673274816,3.07296176143352,3.436226969862705,3.5453880153971205,3.8887928763443607,3.687632265783327,3.846029453826028,2.81275356272999,2.807457780283642,2.9066866766153328,3.0077248648905597,3.155467430180958,4.144054275926053,5.179018731907632,5.2380324216197165,3.545062310436029,3.73967361390645,3.5082489265208077,3.147525371516256,2.9938794362255754,3.9484850735305264,4.341731433037415,4.433661392469864,4.42835978820921,5.261327528499704,5.367747425537177,5.465742739539756,5.552652540178643,6.336734782258351,5.8562000357871,5.51825491065784,5.177676838381158,5.047014253423182,4.872407699969428,4.585424748988819,4.256044161089589,4.2956216628104205,4.146278409665799,3.685360191003709,3.183027141303084
2026-02-25,UGRD,10 m above ground,34.25,-98.5,5.1109128166567395,4.21596899373043,3.711322051139065,3.3048073740372192,2.83801849694561,3.2857510824936047,3.319998231862738,3.060374302362667,2.529500116258455,2.7738703182807365,2.824357967282379,2.7785004341508177,2.5743556446337648,2.7987355136897887,2.8942935856063743,3.291865715247035,2.456803880932999,2.4229790492072416,2.4243258148897127,2.573564794549969,2.765394310841701,3.682577142048185,4.947367839831166,5.192983970265953,3.332528532921865,3.4377873060829964,3.49516689099175,3.3924347371380463,3.6281926020923754,4.728960541203793,4.909137269162866,4.551634187118204,4.380109853685155,5.120080854861527,5.116102789757361,5.083977501256973,5.332316853297694,5.764911022589871,5.906597949202828,6.1950770873266485,5.419921378395195,5.395980918917616,5.355468772974415,5.3475385578476775,5.2977553065216885,5.597548196432544,5.446755081170533,5.177518052895183,4.872668852889926,4.45077388022666,3.3497477033001406,2.376592278078385,1.994887194225724,2.5895925047222277,3.5301254450742947,3.5971583890286176,2.78830731859703
2026-02-26,UGRD,10 m above ground,34.25,-98.5,2.5403972944164543,2.714419234976073,2.3938193071431395,2.6438923067781643,2.6277679180001376,2.736227216959177,3.007306741194686,3.6889088079273105,2.508176950788469,2.3223664877731114,2.435601153012964,2.735712414224371,2.990090600699644,4.0732273922814315,5.3198637430309255,5.167200616232705,3.288453954511999,3.5070638339812152,3.662388316491017,3.485748767627964,3.790839944832553,4.646958290654794,4.847084886722577,4.871928791182623,4.750280523125661,5.431045874975943,5.463684618851264,5.542562243134922,5.703568267851795,6.20318028124201,5.996962923383933,5.977158266617838,5.810769308308599,5.796953688794286,5.530860564181639,5.500921013701177,5.447887190332627,5.78857532185658,5.715461335209058,5.2858997733832105,4.234216609441802,3.891922874678679,3.335757292766721,2.755434381198808,2.224866136910264,2.2129174535959537,2.420129348516806,2.4844984006767157,1.9914156518611763,2.186493675584189,2.1744683967577525,2.573816034922077,3.404636083294212,4.4229066864462165,5.2972349133526535,5.672634663092995,5.836290083846038
2026-02-27,UGRD,10 m above ground,34.25,-98.5,2.4364362643210526,2.1590500655751614,2.2486503491943632,2.5724355402000487,2.874240171225349,3.775907079326593,4.876963186206319,5.052684970141574,3.044885774865321,3.11149316888275,3.3487851916763747,3.4468634162544127,3.497563407472771,4.276023589472692,4.769465897456625,4.73451910693405,4.1494708891765,4.867559867114792,4.848065371518973,4.975485169168731,5.1144071290880095,5.858053441052664,5.65599201829789,5.533485026654128,5.313922585923451,5.437193580773998,4.947609249985236,4.514214131066625,4.375278866703614,4.479969195299917,4.305942102399073,4.095467042391656,3.716910073398096,3.3925306494329166,2.938088652928875,2.7346031983043764,2.805558503903724,3.549816300494673,4.566208140573811,4.596429326245077,4.388424172624413,5.051696369142388,5.705442145416502,6.063175554845374,6.419437770505356,6.339162499482368,6.305487302079831,5.944875944282361,5.037831633460476,4.207323528765287,3.679382597954968,3.170406631862726,2.5792683360573534,2.699493807352318,3.298792785708774,3.7609041022172383,3.266515155432258
2026-02-28,UGRD,10 m above ground,34.25,-98.5,3.1516731087313143,3.4175839805149884,3.4996158607889822,3.2831656433400456,3.1034514319157696,3.999426485284851,4.52999788454796,4.343092688189113,3.636685913577723,4.336664964813603,4.345898659206021,4.495387302286245,4.73956676991323,5.6381656441044825,5.586264747459108,5.52202886257564,5.005609927140136,5.154554948510208,4.8110998677581875,4.499814684702614,4.177146734916688,4.293653976740768,4.10822332608109,3.965114225536541,3.593662072557968,3.3035303555915987,3.0470453395030006,3.083812380907499,3.5811255754493043,4.707700273926226,5.706989970927191,5.5097841248150665,4.889429484341079,5.194015874595809,5.679826377129099,5.7259682192231,5.690475254041589,5.691249622642818,5.515850911281351,4.9986769828472255,3.4752162819371035,3.105687568622687,2.9505073907116532,2.5521464334123865,2.632930834628564,3.6299919244426593,5.0456764948931365,5.578879093423657,5.075998382364962,5.87227028223392,6.6276715543577485,6.646980538790615,6.502043870457662,6.753176310270364,6.5714776529504375,5.3433309555990895,3.4892691752815166
2026-03-01,UGRD,10 m above ground,34.25,-98.5,4.238843134024539,4.818661688050523,4.636726641987039,4.613147792918877,4.720167848133663,5.499533185582328,5.330902619353734,5.146568366010506,4.73796908285439,4.750229035169708,4.302772486516577,4.037672615872404,3.824156719110414,3.828043305817926,3.592150262906508,3.588293704596263,3.416236255628675,3.348084074719563,3.201678834978785,3.4728152120624833,3.8673845997418494,5.140042821106914,6.298140740824866,5.982036209666984,5.095078203281872,5.154141005579913,5.478451415214487,5.709100994929282,5.960804544471356,6.111312912342571,6.13792055621807,5.805355902117229,4.145886172212702,3.42608253530358,3.0965978933661313,2.865884659188786,2.8025077711140867,3.777481481426621,5.221710226949391,5.91866538422601,5.28831189020581,5.875022392644227,6.249307559024936,6.800703194053691,6.5464918302378905,7.00281102634142,7.207225633535337,6.173040257684317,4.475765530791339,4.049083897715992,4.389215957073267,4.216541498233023,4.07880088509427,4.608070970966382,4.455148898281603,3.9097570402516952,3.1782486468550726
2026-03-02,UGRD,10 m above ground,34.25,-98.5,4.932589426351623,4.738822714887021,4.332541856977827,3.98638707287843,3.673544364615752,3.641844148114746,3.452769362433531,3.388733280077135,3.279288216467941,3.2596619820634523,2.9925082906423066,3.1127026233269355,3.3737367804409306,4.4630216553440185,5.335590920023529,5.12065172074153,4.205769295087233,4.248318333140297,4.213999881968052,4.074401043919956,3.9677168617909713,4.421821891284381,4.421780074061149,3.8904455417265424,3.280079197980641,3.204142599338141,3.2914432779228835,3.371829348957781,3.2477761360575625,4.11681202588179,5.157542621133832,5.308783948474312,3.940915470539303,4.234279998145391,4.675445179534449,5.0538315522871535,5.341956745461475,6.525471472810793,7.505655399712959,7.278662654205407,6.393889451821968,6.656407150079701,6.911206778237081,6.5050931406133525,6.017573061664005,6.476652178782585,6.463696472297323,5.809787216123116,4.148574497053696,3.7878257195764182,3.654753087482156,3.273384204385549,2.772081005293125,2.785672433267224,2.7624373432762432,2.617975793988361,2.155178123174756
2026-03-03,UGRD,10 m above ground,34.25,-98.5,3.1370791718754303,3.0785791024176943,2.791274135280009,2.7542707930244026,2.969975786394981,3.9979384757034704,4.808872058008234,4.74329010567577,4.060301121112783,3.8472530077323057,3.2657133532565816,3.162985834721187,3.1112279855991183,3.5844638119939556,3.5627522728725514,3.022018493990924,2.45453311463,2.6864671440906376,2.788866313979407,2.7691901232149605,2.710842058464388,3.37156607570084,4.582695026611443,5.027190378701858,4.409775429555731,4.90036065470246,5.3839212583891545,5.877957211492202,6.52392715805121,7.537924756884703,8.649358404352334,8.36301452043342,7.165956328595616,6.883529815399784,6.501654537817644,5.842687144217205,5.346048165335802,6.198156424118439,5.634678958701681,4.6859538732358335,2.884250940131482,2.218408951908577,2.131320748359136,2.297543027341379,2.616524939568433,3.810606791814247,5.47009039170057,5.73268154343673,3.563937108937977,3.2401289163722176,2.803695196476954,2.285483530525162,2.243370898899174,3.2226010693394707,5.241642135144664,6.649625823312622,5.343114099092304
2026-03-04,UGRD,10 m above ground,34.25,-98.5,3.83633858018893,3.5570002307411803,3.010373827298883,2.9285899239172073,2.805459848362398,3.2151621190426996,3.184690778867743,2.6983956628769215,2.3364090506291526,2.556670629725028,2.730064268548051,2.83725451565779,2.903875176619473,3.7244658314416217,4.912414797254161,5.346197053306085,4.5727186955580175,5.115335498962507,5.739443320731247,6.382785872827038,6.694576259817558,7.801289566388911,8.91145459966031,8.62593430730273,7.705207336488062,7.309427556721831,7.1218694133775085,6.60601878458422,6.093410585710215,6.275159610862266,5.54576687078493,4.611551369916345,3.021515726245789,2.6943547205069924,2.5010594831526944,2.371157870370423,2.4122506172001223,2.8326757286446353,3.5524668552011396,4.211471572350293,3.2702088887220926,3.942066825964481,4.471822679773256,4.790532646237366,5.068660282113449,6.132298962571182,7.237207480172494,6.597339409134644,4.912080158416195,5.197619472448519,5.233757268287813,5.390917846730266,5.734954393838846,6.777136133911785,6.995959419661437,6.261520226893806,5.613148799285028
2026-03-05,UGRD,10 m above ground,34.25,-98.5,2.703064783687311,3.36711219837208,3.3220600231838233,3.174549537647821,3.1724680616067915,4.014670735403136,4.448803430255822,4.446786439703805,3.52236009723105,3.4789939780565886,3.3908738174470816,3.255511497596238,3.261720597975809,4.127254859115513,4.531745734149736,4.514912152612929,3.671056463333009,3.5350796285162085,3.462229298520842,3.337975250619185,3.3108100674423646,4.228596931133289,4.603869759128888,4.58715784227355,3.7284252966168663,3.6095216837964967,3.497327342388284,3.409109594397745,3.3542702732993614,4.231208925048089,4.608746827690635,4.551634187118204,3.6809504892078304,3.5773153765757746,3.480716856805146,3.388447222566171,3.363376033151229,4.268046362487211,4.722502911937654,4.613386370099468,3.6764726723487033,3.591794831064938,3.491108341863141,3.406512449298131,3.3420200977784633,4.189714257887076,4.626510125635159,4.586941155539183,3.7417448206192665,3.645157407266269,3.4823151328757724,3.378659884263498,3.35953508700086,4.2000157657583355,4.49186984982865,4.466291663200696,3.6747963040430607
2026-03-06,UGRD,10 m above ground,34.25,-98.5,3.85299778077832,4.400944277897177,5.122456930241217,5.526337067281838,5.777693444207202,7.038241553383907,8.132460922821345,7.831641844507384,6.91577883912563,6.8999923524468905,6.82574415334569,6.634290131642743,6.118913866647462,6.724740649018749,6.41446141031065,5.5762434070308835,3.470882795333417,2.731889504360775,2.7118243495784338,2.916674376287485,2.931876476661546,3.656643776473622,4.421640990247791,4.9551165205461745,4.097433437091809,4.830227702988928,5.164316026860001,5.118733989790642,4.7833418006140604,5.853797434451073,6.363358150727487,5.813795484574291,3.696124853835125,4.01700089184191,4.258651120505117,4.217447483298313,4.331379006243337,5.424296418113526,5.7836797671624485,5.449405337006613,5.207530007176249,5.082690707076679,4.874741326187625,4.581028617746501,4.273661733714498,5.040504500593919,5.465032741756259,5.626906348472513,4.9623587126241375,4.699560189053885,4.524661011526947,4.517525938377817,4.589154996213072,5.7737617394468295,5.92974894086517,5.338800516733812,4.0621883143401245
2026-03-07,UGRD,10 m above ground,34.25,-98.5,6.095478767357882,6.334674310251366,6.743988798344827,6.308611080905417,5.767009965300615,6.285396674443991,5.74023504127426,5.043916867718289,3.381234826771847,2.9906889025727414,3.0169491257804486,3.191358244606606,3.363825610187408,3.996604630742665,4.789370386040829,5.324210076072045,4.068408594179033,4.76853834730886,5.146253214837994,4.966025620134061,4.614794752320598,5.786258354762598,6.450514475243471,6.184853104584038,4.011986571164599,4.197715140403709,4.519747494961476,4.683726461732301,4.893564511951705,6.0405442978724,6.929953507151666,6.965269566340936,6.792403422613216,6.677325127251493,6.660637303550159,6.78634490418148,7.013353392793213,8.162323065738853,9.050938523856257,9.29068716867141,8.198695684522132,6.907821800617906,6.055691218540222,5.427220257724899,4.461254518443258,4.97769474752493,5.58848522222428,6.344827734310046,5.191187203768875,6.46642148179146,7.817889686364624,8.144187492295131,7.611107851317079,7.584245949810975,7.544588115148509,6.664121958519489,4.538338791782746
2026-03-08,UGRD,10 m above ground,34.25,-98.5,3.1315378533491876,2.6733149030519474,2.89344390905231,3.2806664568350135,3.3836564001384404,4.043144859738412,4.798021744843965,5.438908556326528,4.035673557022026,4.544844482266885,4.8405993984657565,4.63194360073296,4.383813936500328,5.6510345456095745,6.579224331225377,6.594905854705123,4.472390578433636,4.762975539557182,4.990745924880809,4.900451333880509,4.882329855664562,6.078373068420584,6.6470391929806185,6.246602813002382,5.683771243665998,5.874457610675118,5.93952762027015,6.356438887120238,7.167496175777782,8.569113878279888,9.487935886494672,9.506159862898151,7.807752643172627,5.754073055387703,4.549960701510035,3.742909159619843,3.3816688499084955,5.088566283123244,6.5841604173685635,7.337511287775349,6.327387173717724,7.239484952317159,7.653016224709228,6.699714947678759,5.4845107529214765,6.29323178718175,6.659015793125955,6.157332173848976,4.3772322146209595,4.3553624962185005,4.553736548468976,4.5203425765451755,4.652093077528924,5.803402083645267,5.691075125340348,5.405532837730394,4.6614552713962665
2026-03-09,UGRD,10 m above ground,34.25,-98.5,4.437503373828654,5.0078377814576,5.278882731200368,5.084726667402085,4.709433279538857,5.767624590389992,6.086621304343767,6.016919069397288,4.348568400832459,4.541233505489286,4.620677018011164,4.776017999773069,4.820661591001748,5.889735222909653,6.798440175931434,6.6306301314436,6.1103136490246825,6.57165120641376,6.277911992501252,6.488213538830177,6.50077018076194,7.543064859444399,8.320547661525211,8.772675016713952,7.276932036023826,5.053308051757243,3.639041304697317,3.421985359796291,2.9877796172926647,3.928984783638178,5.256375041263085,6.220208223208669,5.710477017965616,7.143398031288733,8.006367916492586,7.297918676222731,5.733087870310726,5.515171944008113,4.645373100412716,3.837763826262164,2.509165148127502,3.1831887854879946,3.7387721029557266,4.233343844114047,4.413758635729035,5.922858674376599,6.538458265680836,6.401350025577286,4.989973699500206,5.693163118796721,6.265903276076403,6.534517869842593,6.653616618855831,7.720086900083528,7.953071097232162,7.726714050095968,7.090315517196311
2026-03-10,UGRD,10 m above ground,34.25,-98.5,2.703064783687311,3.36711219837208,3.3220600231838233,3.174549537647821,3.1724680616067915,4.014670735403136,4.448803430255822,4.446786439703805,3.52236009723105,3.4789939780565886,3.3908738174470816,3.255511497596238,3.261720597975809,4.127254859115513,4.531745734149736,4.514912152612929,3.671056463333009,3.5350796285162085,3.462229298520842,3.337975250619185,3.3108100674423646,4.228596931133289,4.603869759128888,4.58715784227355,3.7284252966168663,3.6095216837964967,3.497327342388284,3.409109594397745,3.3542702732993614,4.231208925048089,4.608746827690635,4.551634187118204,3.6809504892078304,3.5773153765757746,3.480716856805146,3.388447222566171,3.363376033151229,4.268046362487211,4.722502911937654,4.613386370099468,3.6764726723487033,3.591794831064938,3.491108341863141,3.406512449298131,3.3420200977784633,4.189714257887076,4.626510125635159,4.586941155539183,3.7417448206192665,3.645157407266269,3.4823151328757724,3.378659884263498,3.35953508700086,4.2000157657583355,4.49186984982865,4.466291663200696,3.6747963040430607
2026-03-11,UGRD,10 m above ground,34.25,-98.5,6.206944478913045,6.129773789740711,6.350613550309921,6.569533622449479,6.405688292190796,7.49695204853561,8.372027834860752,8.50926046917958,7.279252791588015,5.135572507308582,3.7850100111122504,3.45394485651128,3.269007601718561,4.621554280968347,5.991456489371773,6.86897127041269,6.815181109625495,8.285858855887032,8.931923252906701,8.11885974302235,6.61379756195498,6.702272857650028,6.013700419302775,4.9311838682120825,3.2085506793465957,3.1216645162770007,3.2434694373990816,3.462720570525538,3.7448520155563623,5.068929537859024,5.770124083438862,6.1317030711354175,4.824762183200485,5.525861739704082,6.0961103340531535,6.197347063625982,6.476840422635064,8.093308908066419,9.39478879223858,9.6560715545002,8.711552987200442,7.50679647612542,5.952718077891296,4.7090587111984465,3.7068845913352217,3.9406883733781,3.72037738933485,3.819013820972053,2.673874250244436,3.0014496204833003,3.264175885512101,3.3405982913430483,3.796715063610892,5.493098112435344,6.272956770441014,6.341400356063701,5.373758286722321
2026-03-12,UGRD,10 m above ground,34.25,-98.5,6.8509751909540055,5.070849442541768,4.1783695479972005,3.5550384905489465,3.2684768023336255,4.45432316364162,5.930440205382249,6.996365436683284,7.024382984924138,8.320021714999639,8.591321419528372,7.682139724692155,6.249156609597641,6.299385998604135,5.390734345504733,4.1802611212315455,2.7430646506328715,2.926360825803653,3.163925540772188,3.346035643810627,3.447536200187042,4.775987479141441,5.347250132047453,5.821294536324137,4.871416394936477,6.013012442928133,6.781509821245381,7.150902196334329,7.400276829480735,9.019339338643714,10.671469678251448,11.34103830923647,11.753641773523256,11.445969977114846,10.559310821593913,9.518426148471722,8.090041365920982,8.273818132883484,7.845210277520343,7.549094682694827,5.354974740633012,4.058946456388053,3.2770017968057283,2.89431973008769,2.920202924543491,3.911305355559488,4.626510125635159,4.755261140951079,4.12319167543123,4.845115491108168,5.325430104709916,5.227602935069746,4.782543948915176,5.142655680901363,4.498190920170962,3.859248064457582,2.992944258099287
2026-03-13,UGRD,10 m above ground,34.25,-98.5,6.709229710065886,7.542302794971647,7.701987115603675,6.977591591852306,5.886725439592362,5.936450853996133,5.350144874613838,4.310041379582383,3.072602764585535,3.2418901686644546,3.4183170717701943,3.501345813515436,3.67970353626558,5.057453751662588,5.738407271096951,6.3621990719586545,5.446149374551199,6.708265552563927,7.577677248760029,7.849458583784045,8.04968791046376,9.722011034351496,11.077574223190773,11.492740241803478,11.865103507141528,11.577174549130982,10.710973043296468,9.80253747400467,8.759263297722098,9.022865677650444,8.758172446817955,8.308958531507894,6.180212746968428,4.574840267679473,3.748319774393571,3.2082302135347005,2.993994726102822,3.774219166245056,4.271651809431744,4.8093451632085475,3.944278060070229,5.284090141965172,6.2371824851471125,6.162532586980163,5.623528531717771,6.007385073620963,5.872052775751009,5.12351547366863,3.038066924298426,2.7820991891180675,2.679141479440763,2.236565585812869,2.042843998790472,2.590292153335703,3.5477031357794573,4.192672906201945,2.8958399530790535
2026-03-14,UGRD,10 m above ground,34.25,-98.5,3.0319647495004647,3.1011719799757675,3.1169827688242115,3.178516373326737,3.471899337212438,4.713913319007535,5.4552483704832895,6.387137390618684,5.429584588208693,6.7395026211869755,7.646284901813797,7.9468869537111235,8.744021198667621,10.337454103957516,11.48398191272116,11.66669450675658,11.476167458812387,10.686464649584554,9.511147261458788,8.763958263525723,7.926934271966514,8.697361017673845,8.473356600317866,8.238866250745655,5.9547322589006875,4.213147613459753,3.3826186686880884,2.872985810589622,2.866795816083215,4.19006490530149,5.146697304403777,6.047824432666005,5.126783095774952,6.457225671655652,7.050219369973727,6.5453377804486355,5.579867665653618,5.665663940242187,5.348436259185915,4.424018876228507,2.7587225231257166,2.77545026873114,2.56367367780068,2.232327304595453,2.06282207663857,2.491940263402044,3.0798233957808994,3.2941066924078144,2.5291892677452683,2.8961960122050323,2.965413303011986,2.803460602655317,2.574475360288535,2.914194392958435,2.8706793152808645,3.048180841631215,2.1173434385958965
2026-03-15,UGRD,10 m above ground,34.25,-98.5,5.338327380914373,6.440923138936574,7.265691656023284,7.349870165493496,8.140459795596913,10.115374737115346,11.24678486596308,11.309814384431386,11.325533385363151,10.65392726652032,9.734869261456652,9.053929603957062,8.29501920631858,8.981996563769506,8.48594154526015,7.9303981877087395,5.595268285763989,3.953412190992062,3.5286056591133153,3.04095102388363,2.861257816602692,3.992738804238859,4.8405322443102055,5.5592828859031345,4.536278339475748,5.785457457554652,6.501690672241628,5.878564569068464,4.926607761309157,5.120897242458396,4.506413011493401,3.9637594686736626,2.176784716711763,2.4814915817171403,2.6419277513407406,2.594532807334472,2.4983815902627375,3.185943428409363,3.5154183558101586,3.401176972161853,2.4266618826235855,2.5156635082155865,2.5518992293186615,2.7196375247702833,2.921439371089641,3.747668231438492,4.1736892552689255,4.17686420734663,2.787665605231048,2.8613530532220937,2.5962060127802866,2.483133398974904,2.3152728794788597,2.850667306359418,3.747925821769864,4.2360483025116515,3.32250970870599
2026-03-16,UGRD,10 m above ground,34.25,-98.5,10.691538941730782,10.465095394349088,9.8128078903015,9.251591281389189,8.54746223595291,8.941105685929124,8.423815868209605,7.950489800869247,5.767683780041329,3.8522366065555897,3.3908738174470816,3.121189764238095,2.9791629300638016,4.1264530935483235,5.153019496594751,5.416645321120393,4.6226633325167965,5.458248785537904,5.743512838650918,5.132961800456396,4.143221557050747,4.384542877537601,3.934066688717584,3.745372380147925,2.369674067673386,2.8612995572915305,3.116631221965039,3.1167439657497544,2.894550505993,3.5957910641155584,3.58451933025945,3.3766190885670384,2.3215436659232855,2.6376794454783097,2.7556947259546902,2.984431670813832,3.00274332305799,3.884349812708933,4.308230049256947,4.408397523203917,2.9599359262169687,3.072620662823613,2.759288965905514,2.6692945859779553,2.6664805928492505,3.5363999519615263,4.51402854275524,5.070224652784374,3.868500352681457,4.624172899049197,5.2245459946990795,5.82187778675076,6.317413706958441,7.666588626537596,8.008706758757453,7.855466821079856,6.838150412193707
2026-03-17,UGRD,10 m above ground,34.25,-98.5,5.78749700526476,3.8349395475016177,3.3740358325990005,3.1069332108716567,2.865137427233331,3.933459233036015,4.941602378083997,5.178139594777787,4.453183477350702,5.519390620582709,5.776111027633604,5.327968520512751,4.6099365006023065,4.766065738069884,4.014107329513205,3.779060335812183,2.417414804689721,2.877699516903067,3.246197358428307,3.353409581560552,3.4832054108983015,4.937680596937943,5.416597099695848,5.087726531203949,3.0063007886223065,2.704219984630649,2.4596670048498614,2.2252917227206233,2.052565281562859,2.496654139587106,3.2284584085128287,3.534940017647066,2.362172906328755,2.579178661861627,2.415153357896887,2.5322019803946603,2.5583592563036452,3.1658451814432476,4.095228949419137,4.9013227166399105,3.826931876876398,5.002950705164414,5.911205856381764,6.223992539365342,6.2716856379544845,7.428716084745354,7.961570653048302,7.310033254843812,6.1278681083443205,5.971507399705376,5.672380043145186,5.4409102325529695,5.172669540616502,5.885521443364182,5.207015974780037,4.824860949786773,4.48577300765367
2026-03-18,UGRD,10 m above ground,34.25,-98.5,3.943066958983346,4.596429430235027,4.85548852231774,4.4647665937971786,4.017758944896421,4.579073606180163,4.186894754868161,3.972133337803119,2.487731856177623,2.918353196574276,3.1930544454716445,3.0645262640556847,2.7591305408311504,3.396404820037996,3.2869648157376012,2.893784060829501,2.180915425401502,2.5590858015002196,2.7379382287628453,3.007236020039101,3.081074369876041,4.145801970924064,4.727127221397091,4.975934315252511,3.1126563395483893,2.9100965163245887,2.54560963679345,2.376156276089314,2.2131010070935817,2.6861182920515394,3.4550469099567915,4.012891967477097,3.3980434147571996,4.385788445982747,5.034651039890885,5.308310854819114,5.522589121611152,7.1934329240068475,8.79372339063579,8.779007848477857,8.01635063067289,7.3081112836311295,6.606942666898948,6.064679613778228,5.430026860192568,6.044249706079466,5.4636971225804025,5.266487825289251,4.003383131572191,3.758143686539329,3.8605852488565366,3.9899881354951714,4.288463439825084,6.026257444367706,5.993825881915564,5.665858823984424,4.623123335841524
2026-03-19,UGRD,10 m above ground,34.25,-98.5,2.5014153102935643,2.926535485300945,3.1304049748815976,2.9886612169900655,2.6454482682676757,2.9760156435215626,3.040212189764822,2.802736670643114,2.1380843179562707,2.680261724555584,3.1369147685335323,3.2674246966034337,3.3883212714104705,4.433481261033069,4.843615747583014,4.929920604725963,3.084926553577922,2.8669176711988493,2.7467065073746086,2.6100146702691256,2.479621946439301,2.954002514971541,3.660814456071564,4.408526816360621,3.7121790132357297,4.546954036785647,5.182609109177205,5.41740905858071,5.8547030274155505,7.81613418570761,9.178110529878891,8.71803131018512,7.182804729761381,6.607150065517276,6.14244119415002,5.826359638275358,5.428335262320729,6.1238315656728926,5.058912909416788,4.6369502431955345,3.7313506506470633,3.884233376747029,4.456709174395664,4.895672502926141,5.168538214706187,6.577491810673797,6.571749792017224,5.905944439390524,4.274274647359844,4.839019762705274,4.8536079312507265,4.782823024808062,5.01562787010368,6.611617961513382,7.865798797538674,8.07033508779702,7.4735708229201405
2026-03-20,UGRD,10 m above ground,34.25,-98.5,2.2519178527055934,2.6278942962224816,3.131507374158247,3.34407128898374,3.237539893325942,4.016007806975109,4.338703545158723,4.53115572913665,2.845022665772394,2.650132328862522,2.472855575847066,2.500406187232129,2.500301337179546,3.0511353007211732,3.719857849158967,4.5483572759207815,3.661648310479943,4.512224275955633,5.151743416406117,5.195250583921018,5.315195602770697,7.180334113744619,8.42045899479044,8.215754424938364,7.076513681277175,6.344940220846359,5.790832679859734,5.50352344067058,5.109946254881979,5.971248390343188,5.5259439651603905,5.336487968044261,4.358364886011435,4.525554300813294,4.7557248705507105,4.732877454574656,4.639377501283073,5.605186577928541,5.404374559427942,4.717022434763754,3.811946585589795,3.710262962699991,3.2992430865576026,3.153479279120754,3.203627121733696,4.484942966365033,5.198670182912377,5.919385951893629,4.6757963344484725,5.631726664013463,6.54988259739477,6.947951529236581,6.956493198657002,8.140071713298564,8.394576586662966,7.948167890072616,6.9494245506512335
2026-03-21,UGRD,10 m above ground,34.25,-98.5,3.0219017470378455,3.077086188856938,3.0149040088259738,2.8454675256327437,2.599390374814688,3.183725167014727,3.8366111047616407,4.60773624968793,3.5253002102258684,4.304192120335475,5.1320741369917995,5.199507292763229,5.378543621697979,7.100524233923064,8.127336182735823,7.874934375072409,6.682884276812826,5.899931653269044,5.2034741712443395,4.80542492007883,4.5380453963117136,5.598713799065708,5.419145317729531,5.339652470711567,4.439063936656974,4.2559944955397375,4.3283898323436105,4.200807465469152,3.995253851324146,4.899201532155747,4.498748053223052,3.8533032435003554,3.7007446257586176,4.04447083470046,4.134072937913432,3.9082508175141832,3.9636414874603014,5.471147610643998,6.110679868510159,6.022125539444454,4.324156744469947,4.296657377968307,4.230717273701637,4.2186761958588015,4.325176018437185,6.149133272054471,6.9828178265753795,7.245768972131776,6.900399087510883,6.882958943764124,6.1877888620405095,5.676198836941609,5.429820521261076,5.492155700310669,5.071116396088895,5.192577987133325,5.29967569161315
2026-03-22,UGRD,10 m above ground,34.25,-98.5,2.703064783687311,3.36711219837208,3.3220600231838233,3.174549537647821,3.1724680616067915,4.014670735403136,4.448803430255822,4.446786439703805,3.52236009723105,3.4789939780565886,3.3908738174470816,3.255511497596238,3.261720597975809,4.127254859115513,4.531745734149736,4.514912152612929,3.671056463333009,3.5350796285162085,3.462229298520842,3.337975250619185,3.3108100674423646,4.228596931133289,4.603869759128888,4.58715784227355,3.7284252966168663,3.6095216837964967,3.497327342388284,3.409109594397745,3.3542702732993614,4.231208925048089,4.608746827690635,4.551634187118204,3.6809504892078304,3.5773153765757746,3.480716856805146,3.388447222566171,3.363376033151229,4.268046362487211,4.722502911937654,4.613386370099468,3.6764726723487033,3.591794831064938,3.491108341863141,3.406512449298131,3.3420200977784633,4.189714257887076,4.626510125635159,4.586941155539183,3.7417448206192665,3.645157407266269,3.4823151328757724,3.378659884263498,3.35953508700086,4.2000157657583355,4.49186984982865,4.466291663200696,3.6747963040430607
2026-03-23,UGRD,10 m above ground,34.25,-98.5,2.703064783687311,3.36711219837208,3.3220600231838233,3.174549537647821,3.1724680616067915,4.014670735403136,4.448803430255822,4.446786439703805,3.52236009723105,3.4789939780565886,3.3908738174470816,3.255511497596238,3.261720597975809,4.127254859115513,4.531745734149736,4.514912152612929,3.671056463333009,3.5350796285162085,3.462229298520842,3.337975250619185,3.3108100674423646,4.228596931133289,4.603869759128888,4.58715784227355,3.7284252966168663,3.6095216837964967,3.497327342388284,3.409109594397745,3.3542702732993614,4.231208925048089,4.608746827690635,4.551634187118204,3.6809504892078304,3.5773153765757746,3.480716856805146,3.388447222566171,3.363376033151229,4.268046362487211,4.722502911937654,4.613386370099468,3.6764726723487033,3.591794831064938,3.491108341863141,3.406512449298131,3.3420200977784633,4.189714257887076,4.626510125635159,4.586941155539183,3.7417448206192665,3.645157407266269,3.4823151328757724,3.378659884263498,3.35953508700086,4.2000157657583355,4.49186984982865,4.466291663200696,3.6747963040430607
2026-03-24,UGRD,10 m above ground,34.25,-98.5,4.070674835877476,3.89441084541646,3.825176240650395,3.5937527836189087,3.3914925820469293,4.583593742432401,4.380457716264011,3.975986586325353,3.309208801875844,3.610086990026188,3.8023259909212346,3.633605582036358,3.550584367880318,5.022313737587854,5.537322621487169,5.5931144900896745,3.735816993262677,4.082014495943598,4.521393984563204,4.9182866854963265,5.294152224243987,7.394235133318363,8.655672177365972,8.323528211718845,7.484846683160166,7.491300568552428,6.914020260985085,6.876752475240263,7.016018472134305,7.700964244180764,7.672196359088017,7.325659423071093,5.611169199785466,4.1302299986162865,3.759165570483801,3.432244590741926,3.4688353911023704,5.547947928221157,5.822447800128877,5.940220937853217,4.258910129135655,3.811154993867324,3.781309705782068,3.56162395106371,3.642720489464126,5.119542956325042,6.0043976926788085,6.364998382353017,5.1505716051218124,5.6504638378853915,6.113994264553924,6.369781708566279,6.592122680857303,8.150048567556139,8.914732901002456,8.389307203682492,7.4722282957587565
2026-03-25,UGRD,10 m above ground,34.25,-98.5,3.1105154760489815,3.435107783037551,3.4506222465215375,3.337442838656586,3.448957849250289,5.221959087581821,6.187713691712959,6.318036435045659,4.26187394625642,4.459368106825963,4.808577854879138,4.978424980578221,5.142631712135122,7.252092542789216,8.407014073705213,8.364927042024286,7.81801602586463,7.736848353547343,6.850284708222478,6.485771583753879,6.558241367978701,6.8672179755627685,6.763049852890304,6.966386813390254,5.621853687851141,4.467076846219721,4.025813167048334,3.7225443343578015,3.6954314531309778,5.700657293051754,5.761295448290628,5.7533574537643615,4.448498664388178,4.482098080834527,4.755044911771813,4.937752842870413,5.149622966704399,6.546881024058774,7.389607098815765,7.557624512749821,5.9776412662706875,6.287647819034078,6.899256539595816,6.8809138154138,6.759280766839708,7.817204441340088,8.104466657443332,7.5952306061700865,6.257129869371133,6.424597852196134,6.775797310924269,6.731259283093827,6.787913204914963,8.385578956036476,9.37785411576196,9.24247611564265,8.712137121307514
2026-03-26,UGRD,10 m above ground,34.25,-98.5,4.162639073554603,4.394130829249664,5.021942832409131,5.354548876992311,5.49422848437824,7.511775543647809,8.400368451057318,8.38491109357644,7.631534459009185,7.504452045621379,6.6541681442686595,6.361231078759944,6.399915501529514,6.861769968814755,6.990271690732758,7.018882446000289,5.451290143319724,4.180997534960921,3.7923400176535464,3.5676241099774484,3.655523234169866,5.846091118031223,6.206714683506734,6.491093395278023,4.943870841276398,4.662765498617314,4.871846066534431,4.873068907585225,4.8999560816418954,6.558297687655055,7.258968943621285,7.406568962095832,5.5062202999049585,5.816220782368158,6.369013135181314,6.3466618852873635,6.262868977911831,7.698789821396668,8.1467163450893,7.677173742489268,6.6022199129192085,6.841995760577078,7.118578951522434,7.024444851240858,6.857642197092197,8.201002629025865,8.913555949006469,8.50378680189977,7.564196141683456,8.105416623778858,8.531951525251657,7.875534727789146,6.968321180853958,7.231405832419705,6.645309240801399,5.578412702346014,4.589863893220059
2026-03-27,UGRD,10 m above ground,34.25,-98.5,7.780368111559169,7.528068605515068,6.780184878715569,6.54895666566817,6.729563236593914,7.3478778189781,7.537054606484902,7.601239062235436,6.1447254730290775,4.635180567003001,4.0389650508460155,3.663098323435974,3.4744601891514515,5.690201542371543,5.9998459036630205,6.290905423951258,4.818895169317928,4.343823554830668,4.538440305002755,4.555567053223885,4.649911792606143,6.641133962619334,7.420980596717697,7.476792688899768,5.40332642295402,5.429635524661995,5.796402727074593,5.74537714332227,5.708361721209679,7.480218834479066,7.985098596684669,8.050350586070577,7.073273508495696,7.409613483704402,8.262394470473339,8.274620635151548,8.204952034211953,9.490823806122307,9.9926091749608,9.16057554454484,8.02765933366949,6.285245472186972,5.361530380649649,5.149721687551242,4.809510925413059,5.87294792971481,5.363488143474928,5.079971410965687,4.261162965881763,4.718360590686265,5.520048920834494,6.1294129882645985,6.473309198303998,7.009275717592453,6.908082470619082,6.175446250456939,4.978569013338924
2026-03-28,UGRD,10 m above ground,34.25,-98.5,6.405601274822839,4.842543775414424,4.337147162115318,3.724675866617572,3.337016528581552,5.2207848815145885,5.56061216747486,5.964035851378533,4.651812751398007,4.361765972369389,4.59338437338926,4.637294265541082,4.7126066376128755,6.633954818885252,7.232432291741617,7.183235385050704,5.016789979891083,5.170569571205396,5.6344081990071055,5.793188662039899,5.935299420188043,7.838946213191472,8.621206011208958,8.456062540381307,7.439192890621841,7.627310419020986,8.242802973609948,8.373808664369482,8.198974943034068,9.080085392841426,9.20305495643969,7.887575656641502,6.396380686998727,4.672402515618123,4.1144064194567616,4.250463703250196,4.191641442725158,5.047115130293948,4.822879380760854,5.09954681179409,4.927477833561689,5.120109084701797,4.929957716594308,4.999610521159562,5.130447259525411,5.257005199282139,4.880439390687656,4.144506457896153,3.4863736471311944,3.4622387198495663,3.398691212214545,3.504510581466429,3.612172954065569,3.9981663227283017,4.12196545124167,4.993107020300389,6.137230220239113
2026-03-29,UGRD,10 m above ground,34.25,-98.5,2.703064783687311,3.36711219837208,3.3220600231838233,3.174549537647821,3.1724680616067915,4.014670735403136,4.448803430255822,4.446786439703805,3.52236009723105,3.4789939780565886,3.3908738174470816,3.255511497596238,3.261720597975809,4.127254859115513,4.531745734149736,4.514912152612929,3.671056463333009,3.5350796285162085,3.462229298520842,3.337975250619185,3.3108100674423646,4.228596931133289,4.603869759128888,4.58715784227355,3.7284252966168663,3.6095216837964967,3.497327342388284,3.409109594397745,3.3542702732993614,4.231208925048089,4.608746827690635,4.551634187118204,3.6809504892078304,3.5773153765757746,3.480716856805146,3.388447222566171,3.363376033151229,4.268046362487211,4.722502911937654,4.613386370099468,3.6764726723487033,3.591794831064938,3.491108341863141,3.406512449298131,3.3420200977784633,4.189714257887076,4.626510125635159,4.586941155539183,3.7417448206192665,3.645157407266269,3.4823151328757724,3.378659884263498,3.35953508700086,4.2000157657583355,4.49186984982865,4.466291663200696,3.6747963040430607
2026-03-30,UGRD,10 m above ground,34.25,-98.5,2.703064783687311,3.36711219837208,3.3220600231838233,3.174549537647821,3.1724680616067915,4.014670735403136,4.448803430255822,4.446786439703805,3.52236009723105,3.4789939780565886,3.3908738174470816,3.255511497596238,3.261720597975809,4.127254859115513,4.531745734149736,4.514912152612929,3.671056463333009,3.5350796285162085,3.462229298520842,3.337975250619185,3.3108100674423646,4.228596931133289,4.603869759128888,4.58715784227355,3.7284252966168663,3.6095216837964967,3.497327342388284,3.409109594397745,3.3542702732993614,4.231208925048089,4.608746827690635,4.551634187118204,3.6809504892078304,3.5773153765757746,3.480716856805146,3.388447222566171,3.363376033151229,4.268046362487211,4.722502911937654,4.613386370099468,3.6764726723487033,3.591794831064938,3.491108341863141,3.406512449298131,3.3420200977784633,4.189714257887076,4.626510125635159,4.586941155539183,3.7417448206192665,3.645157407266269,3.4823151328757724,3.378659884263498,3.35953508700086,4.2000157657583355,4.49186984982865,4.466291663200696,3.6747963040430607
2026-03-31,UGRD,10 m above ground,34.25,-98.5,2.703064783687311,3.36711219837208,3.3220600231838233,3.174549537647821,3.1724680616067915,4.014670735403136,4.448803430255822,4.446786439703805,3.52236009723105,3.4789939780565886,3.3908738174470816,3.255511497596238,3.261720597975809,4.127254859115513,4.531745734149736,4.514912152612929,3.671056463333009,3.5350796285162085,3.462229298520842,3.337975250619185,3.3108100674423646,4.228596931133289,4.603869759128888,4.58715784227355,3.7284252966168663,3.6095216837964967,3.497327342388284,3.409109594397745,3.3542702732993614,4.231208925048089,4.608746827690635,4.551634187118204,3.6809504892078304,3.5773153765757746,3.480716856805146,3.388447222566171,3.363376033151229,4.268046362487211,4.722502911937654,4.613386370099468,3.6764726723487033,3.591794831064938,3.491108341863141,3.406512449298131,3.3420200977784633,4.189714257887076,4.626510125635159,4.586941155539183,3.7417448206192665,3.645157407266269,3.4823151328757724,3.378659884263498,3.35953508700086,4.2000157657583355,4.49186984982865,4.466291663200696,3.6747963040430607
2026-04-01,UGRD,10 m above ground,34.25,-98.5,2.703064783687311,3.36711219837208,3.3220600231838233,3.174549537647821,3.1724680616067915,4.014670735403136,4.448803430255822,4.446786439703805,3.52236009723105,3.4789939780565886,3.3908738174470816,3.255511497596238,3.261720597975809,4.127254859115513,4.531745734149736,4.514912152612929,3.671056463333009,3.5350796285162085,3.462229298520842,3.337975250619185,3.3108100674423646,4.228596931133289,4.603869759128888,4.58715784227355,3.7284252966168663,3.6095216837964967,3.497327342388284,3.409109594397745,3.3542702732993614,4.231208925048089,4.608746827690635,4.551634187118204,3.6809504892078304,3.5773153765757746,3.480716856805146,3.388447222566171,3.363376033151229,4.268046362487211,4.722502911937654,4.613386370099468,3.6764726723487033,3.591794831064938,3.491108341863141,3.406512449298131,3.3420200977784633,4.189714257887076,4.626510125635159,4.586941155539183,3.7417448206192665,3.645157407266269,3.4823151328757724,3.378659884263498,3.35953508700086,4.2000157657583355,4.49186984982865,4.466291663200696,3.6747963040430607
2026-04-02,UGRD,10 m above ground,34.25,-98.5,2.703064783687311,3.36711219837208,3.3220600231838233,3.174549537647821,3.1724680616067915,4.014670735403136,4.448803430255822,4.446786439703805,3.52236009723105,3.4789939780565886,3.3908738174470816,3.255511497596238,3.261720597975809,4.127254859115513,4.531745734149736,4.514912152612929,3.671056463333009,3.5350796285162085,3.462229298520842,3.337975250619185,3.3108100674423646,4.228596931133289,4.603869759128888,4.58715784227355,3.7284252966168663,3.6095216837964967,3.497327342388284,3.409109594397745,3.3542702732993614,4.231208925048089,4.608746827690635,4.551634187118204,3.6809504892078304,3.5773153765757746,3.480716856805146,3.388447222566171,3.363376033151229,4.268046362487211,4.722502911937654,4.613386370099468,3.6764726723487033,3.591794831064938,3.491108341863141,3.406512449298131,3.3420200977784633,4.189714257887076,4.626510125635159,4.586941155539183,3.7417448206192665,3.645157407266269,3.4823151328757724,3.378659884263498,3.35953508700086,4.2000157657583355,4.49186984982865,4.466291663200696,3.6747963040430607
2026-04-03,UGRD,10 m above ground,34.25,-98.5,2.703064783687311,3.36711219837208,3.3220600231838233,3.174549537647821,3.1724680616067915,4.014670735403136,4.448803430255822,4.446786439703805,3.52236009723105,3.4789939780565886,3.3908738174470816,3.255511497596238,3.261720597975809,4.127254859115513,4.531745734149736,4.514912152612929,3.671056463333009,3.5350796285162085,3.462229298520842,3.337975250619185,3.3108100674423646,4.228596931133289,4.603869759128888,4.58715784227355,3.7284252966168663,3.6095216837964967,3.497327342388284,3.409109594397745,3.3542702732993614,4.231208925048089,4.608746827690635,4.551634187118204,3.6809504892078304,3.5773153765757746,3.480716856805146,3.388447222566171,3.363376033151229,4.268046362487211,4.722502911937654,4.613386370099468,3.6764726723487033,3.591794831064938,3.491108341863141,3.406512449298131,3.3420200977784633,4.189714257887076,4.626510125635159,4.586941155539183,3.7417448206192665,3.645157407266269,3.4823151328757724,3.378659884263498,3.35953508700086,4.2000157657583355,4.49186984982865,4.466291663200696,3.6747963040430607
2026-04-04,UGRD,10 m above ground,34.25,-98.5,2.703064783687311,3.36711219837208,3.3220600231838233,3.174549537647821,3.1724680616067915,4.014670735403136,4.448803430255822,4.446786439703805,3.52236009723105,3.4789939780565886,3.3908738174470816,3.255511497596238,3.261720597975809,4.127254859115513,4.531745734149736,4.514912152612929,3.671056463333009,3.5350796285162085,3.462229298520842,3.337975250619185,3.3108100674423646,4.228596931133289,4.603869759128888,4.58715784227355,3.7284252966168663,3.6095216837964967,3.497327342388284,3.409109594397745,3.3542702732993614,4.231208925048089,4.608746827690635,4.551634187118204,3.6809504892078304,3.5773153765757746,3.480716856805146,3.388447222566171,3.363376033151229,4.268046362487211,4.722502911937654,4.613386370099468,3.6764726723487033,3.591794831064938,3.491108341863141,3.406512449298131,3.3420200977784633,4.189714257887076,4.626510125635159,4.586941155539183,3.7417448206192665,3.645157407266269,3.4823151328757724,3.378659884263498,3.35953508700086,4.2000157657583355,4.49186984982865,4.466291663200696,3.6747963040430607
2026-04-05,UGRD,10 m above ground,34.25,-98.5,2.703064783687311,3.36711219837208,3.3220600231838233,3.174549537647821,3.1724680616067915,4.014670735403136,4.448803430255822,4.446786439703805,3.52236009723105,3.4789939780565886,3.3908738174470816,3.255511497596238,3.261720597975809,4.127254859115513,4.531745734149736,4.514912152612929,3.671056463333009,3.5350796285162085,3.462229298520842,3.337975250619185,3.3108100674423646,4.228596931133289,4.603869759128888,4.58715784227355,3.7284252966168663,3.6095216837964967,3.497327342388284,3.409109594397745,3.3542702732993614,4.231208925048089,4.608746827690635,4.551634187118204,3.6809504892078304,3.5773153765757746,3.480716856805146,3.388447222566171,3.363376033151229,4.268046362487211,4.722502911937654,4.613386370099468,3.6764726723487033,3.591794831064938,3.491108341863141,3.406512449298131,3.3420200977784633,4.189714257887076,4.626510125635159,4.586941155539183,3.7417448206192665,3.645157407266269,3.4823151328757724,3.378659884263498,3.35953508700086,4.2000157657583355,4.49186984982865,4.466291663200696,3.6747963040430607
2026-04-06,UGRD,10 m above ground,34.25,-98.5,2.703064783687311,3.36711219837208,3.3220600231838233,3.174549537647821,3.1724680616067915,4.014670735403136,4.448803430255822,4.446786439703805,3.52236009723105,3.4789939780565886,3.3908738174470816,3.255511497596238,3.261720597975809,4.127254859115513,4.531745734149736,4.514912152612929,3.671056463333009,3.5350796285162085,3.462229298520842,3.337975250619185,3.3108100674423646,4.228596931133289,4.603869759128888,4.58715784227355,3.7284252966168663,3.6095216837964967,3.497327342388284,3.409109594397745,3.3542702732993614,4.231208925048089,4.608746827690635,4.551634187118204,3.6809504892078304,3.5773153765757746,3.480716856805146,3.388447222566171,3.363376033151229,4.268046362487211,4.722502911937654,4.613386370099468,3.6764726723487033,3.591794831064938,3.491108341863141,3.406512449298131,3.3420200977784633,4.189714257887076,4.626510125635159,4.586941155539183,3.7417448206192665,3.645157407266269,3.4823151328757724,3.378659884263498,3.35953508700086,4.2000157657583355,4.49186984982865,4.466291663200696,3.6747963040430607
2026-04-07,UGRD,10 m above ground,34.25,-98.5,3.697701319366322,3.941116866281136,3.960569163525681,4.078745608694576,4.32987406185087,5.344663266157382,5.342064371383396,5.2910933407111385,4.507498772314599,4.9930676730356245,5.315360240174612,5.244233297983776,5.317226029392778,7.216278353757078,7.955641163752519,7.408507823733309,5.386740581050615,4.653742069763945,4.615148775301209,4.268547445422458,4.00086469766013,5.3653067169774085,5.711295989074193,5.260339266840569,4.501603528334273,5.0021812741138065,4.9456151536812545,4.313361258158775,3.8636300528080487,4.752788083877945,4.526019157386283,4.050260670094689,3.734852123058365,3.467503809148072,3.1984073524173464,3.331736143123055,3.5061904888506934,4.608333559285045,5.372481516440647,5.621153793415518,5.141926706828918,5.367842225522358,5.95282043760761,6.310531156062973,6.371538826448317,7.579244538279606,8.375240021401755,8.145215832586555,7.692735356005169,7.6903770515258065,8.132970228125755,8.277138425649454,8.29748810262221,8.76333015837427,9.135836255491256,8.425954554284614,6.667688294039135
2026-04-08,UGRD,10 m above ground,34.25,-98.5,4.5171103402102775,4.944169096926805,5.207405882959299,5.195252166915948,5.273804240996534,7.044031091124397,7.91460831727559,7.177776840389899,5.042189375030198,4.324756699429483,4.178718665254111,3.6693621557619664,3.437059652395057,5.1106771147344885,5.557365345471882,5.4414094556260935,4.473852800064959,4.929572807956278,5.0991104154148665,4.814084737572578,4.0819246363044215,5.2170867314585685,5.117425021902857,4.34406806366101,4.0318284939450635,3.741039019100418,3.4742135274830392,3.5251858945032777,3.7045917654632903,5.069328437716939,5.900856880340633,6.04554223934175,5.548984902992916,5.864669055737096,6.546348521545017,6.892630535141924,7.205281925441663,8.15043980964994,8.60188342456769,8.264897499582359,7.28474336445605,7.072104323151904,7.129219820027053,7.0724707999295555,6.903723420857975,7.975132570170691,8.465068450098006,8.01388744150758,7.1801254934620085,7.086389209422632,7.054815089606615,6.78100893339572,6.475440256454842,7.39813896480301,8.279219036843438,8.916646048668078,8.447318268986004
2026-04-09,UGRD,10 m above ground,34.25,-98.5,4.709843941123809,4.083939215980836,3.8651626431459856,3.304406935375372,3.1660941977758723,4.918886823787597,5.631230259338254,5.59494796988646,5.069597780785628,4.973094786259702,4.680026198028925,4.151050281193483,3.8699161595036977,4.728933015118731,4.44721353607472,3.865746040993801,3.561280463300079,3.63471031245077,3.472935329406008,3.5271078174434924,3.872196177818816,5.219127257181492,6.1844519310530846,6.221562751531622,5.570599029815882,5.9311913726525365,6.485896689227619,6.816310805437928,7.113127880139501,8.105864745003489,8.536490177498742,7.953496967211045,6.8680735744794585,6.89955996571485,7.065625297576187,6.856810490551487,6.556734580894611,7.173952599069885,7.828541749731524,7.585107694774221,6.888495309716853,7.069196900542339,7.085032970506335,6.73681397843394,6.474193236540556,7.839799121609885,8.47781844030851,8.430697050654333,8.205917519159362,8.093851458413555,8.051928213447649,7.355045863756436,6.470747921551362,7.170232650252435,7.007127324462957,6.258917407869298,3.9853220986462494
2026-04-10,UGRD,10 m above ground,34.25,-98.5,5.076934197683697,5.240043202172698,4.809826446610249,4.002802927519,3.802315484167618,4.6637160479260755,4.306421850963302,3.823634037382027,3.5254435150979377,3.2238656838540933,3.189260146577636,3.255511497596238,3.4327977190022714,4.691319823877325,5.6920311920155555,5.761114066331281,5.330146558051943,5.572454989853785,6.152575265829723,6.323753401700612,6.546475077320378,7.794946551571636,8.317337863885202,7.768092326716756,6.873321269650161,7.023551823215593,7.134619986115286,7.105270439323202,6.684017602565926,7.48456822180769,7.899539828666251,7.648408611819569,6.87180589059155,7.049260099891896,7.211639516273567,6.8762969716599525,6.478263320927875,7.34961909423037,7.843931432053246,7.306442079868304,6.58724997274747,6.333662135304275,5.986693538352557,5.647661489409864,5.594028190199014,7.107661627856654,7.595989779249277,7.094554831357266,5.040419898894356,3.874295214578827,3.5600440016524435,3.160897494737408,2.847924258152124,4.073166389831229,5.127915551149583,5.36328548995498,4.4818147173335126
2026-04-11,UGRD,10 m above ground,34.25,-98.5,3.4539523892293564,3.27434422235077,3.0531740950571593,2.9683505468428737,3.21606604443598,4.457501338888722,5.35257734790761,5.52428250066481,5.102284535026904,5.431482159357811,5.881979233818492,5.952956496275989,6.235496426287186,7.546241556871486,8.008689643398121,7.649034965833408,6.913110329112115,7.050354089732647,7.31169821658434,7.087821634128407,6.747239261327534,7.713660487672239,8.04930837888261,7.896090073145153,7.0188433715950005,7.221861421461791,7.448614635742357,7.1350059979191025,6.628037009005816,7.581439902293477,8.091717037165067,7.634963565874263,7.210037088289626,6.823465561593033,6.192302237360289,5.532749607433412,5.129680011212782,6.019542713315227,5.9225266277355235,5.440472738014817,3.8558044840277024,3.663689637469647,3.587591778948031,3.314230856782112,3.1651141308123316,4.760560943233296,5.702140593700011,5.96238597866965,4.919535969364225,4.986904352706708,5.3355542537770315,5.493339771185553,5.819812946410757,7.292585093172943,7.8415369819824114,7.485689001656283,6.919145198659798
2026-04-12,UGRD,10 m above ground,34.25,-98.5,5.233316107383821,5.626676493256245,6.071749883591228,6.063202609868169,6.3596513145834415,7.305036001101966,7.754556546771642,7.332922643487921,6.5495870341527525,6.693202556597436,6.9203976083082654,6.822893496162723,6.5831818482459115,7.484198759819702,7.968092225293143,7.687207516870078,6.826568932297838,6.894876668337615,7.026734476388631,6.805047947310932,6.357300480353385,7.429970134173477,8.027751927498837,7.598597617510475,7.039502308063776,6.924692352134867,6.844916270089943,6.2752552044245125,6.168651090865551,7.303197505640127,7.821985210263358,7.3158107094102895,5.4994666816538595,4.46519944018854,4.0111194182881285,3.620815959383574,3.3394760326102224,4.385757435158544,5.441719175939861,5.972634714336863,4.592079822842805,5.035150632985509,5.467451522217517,5.730970677712744,5.638129151788886,7.095089648320805,7.958232591117607,7.816512661234272,7.395744385020409,7.388801337247814,7.045037607456951,6.318481269908955,5.937097044069851,7.171299102011522,7.226194640418262,6.617197134532816,5.6010147981895955
2026-04-13,UGRD,10 m above ground,34.25,-98.5,6.678011252849811,6.751673506135582,6.876487757010049,6.663215049919268,6.332129612710046,7.128208767483466,7.663468116369752,7.453893113798942,6.693286243810125,6.83072658833288,6.803626956283086,6.433086779863283,6.063001752283747,7.4966907909720515,8.099681321920137,7.617540580333927,6.936425610958066,6.726076013458148,6.439757980220968,5.928322968880472,5.917980657743927,7.0084358081068,7.6717099905731665,7.321513071431704,5.874668142206958,5.023564634437859,4.282010081837721,4.010680448889994,3.622681693371456,4.678334894963976,5.13999029385027,5.567657184272068,4.20468720645943,4.613669728613358,5.028692935737925,5.096514965147584,5.448595678058673,7.038832802135142,8.243133647032469,8.414394963783732,8.102820429324318,8.119015492650863,8.028402675271643,7.08900626088818,6.024996742070837,6.804689259860648,6.6030387349923645,6.620972339390331,4.784031293703849,3.863921074569744,3.6500480708684377,3.6355600903175542,3.230543289589696,4.164998473688237,3.890473603797291,3.975532455443778,3.3428957477594397
2026-04-14,UGRD,10 m above ground,34.25,-98.5,6.906459376258076,7.142819109326409,7.143240026273225,6.566698107717108,6.134973804570244,7.242123691018918,7.810504768490821,7.748681022719882,6.9373544292768266,7.067876937856976,6.388672620842986,6.048913776452288,5.700143708792399,6.626048446206782,7.250926524625559,7.214466352254471,6.168320791193384,5.25541422815526,4.6236807861131,4.326314053829625,4.299686543674385,5.422681438238116,5.766257313250702,5.857209541038284,4.145625854696133,4.295802300678218,4.554086266355475,4.761650116787765,5.106136360026631,6.991375397626909,8.201724824904737,8.430688351344065,8.114954016297535,8.21176232295536,8.508396887983045,8.28997981223335,7.966334392176544,8.923123061065617,8.934143271215653,8.42832432424754,6.058152887006449,3.892333987281823,3.5451185417323257,3.7276489498811753,3.6921635375424726,5.137922049620228,5.312608519626911,5.0846181666035335,3.3381183078266705,3.383756298230987,3.48851351781689,3.4696760083035127,3.595218803097776,5.226614134832664,5.376828876243081,5.085409631176349,4.346218161971447
2026-04-15,UGRD,10 m above ground,34.25,-98.5,6.752526172649929,6.6234305878437425,6.034817459025991,5.522089946012636,5.504995969154499,6.422528676107616,6.950236785943211,6.737407585160356,5.398497141711273,4.447804647714652,4.077494915170642,3.644118506968957,3.5616653239148164,4.419729009436299,4.784505138925725,5.006103388026521,3.7471610430835702,3.9913713985059935,4.413762425561925,4.780818072637503,5.082542585080686,6.939113527737698,8.069541719767019,8.1527431740884,8.198088134943902,8.241405251630075,8.266122585673418,7.353363642358508,6.666441737363227,7.731675537350817,7.439359305550751,7.122890928305042,4.773590501725694,3.33585116353494,3.141933182587871,2.8855109319949523,2.836833992335754,3.974163271132193,4.2485930470391935,4.205012884726983,2.9856968237426735,3.3010688626248204,3.6855074081967967,3.846773535294213,4.135568938709675,6.186410845777166,7.3561527288711455,7.498837825758274,6.627221778762023,6.687864286426597,6.572452973474897,5.94027818000753,5.45164723308354,6.540628814785162,6.027281351172766,4.923114822759713,3.521424617665147
2026-04-16,UGRD,10 m above ground,34.25,-98.5,5.353156445155419,4.453428005059328,3.8608849844719666,3.659952187884569,3.464919080455247,4.3469336944072765,4.919945200508915,5.259290480215572,3.9613655857481223,4.223627340735943,4.718168701248288,5.11360447938144,5.5272666403292305,7.482900541577422,8.384209928367742,8.319655384033837,8.291804606561277,8.052405745107034,7.659492878531379,6.635484954943162,5.831606902865321,7.175934497245295,7.024926531974886,6.682988800391014,4.297260426409147,3.1616443558892695,3.047806547935043,2.571109565483741,2.3147340285348053,3.249490583433384,3.7645933441021735,4.209760024727265,2.7952486730948305,3.45865560014139,3.762958398724476,3.867459733666516,3.966400519994529,6.053869994289954,7.416566474042767,7.45818713663298,6.357318218068834,6.284341212884929,6.293839095603904,5.790298444204278,5.228663191094957,6.323284714799858,6.1856878509509325,5.199471726885207,4.034585902815494,3.4795023248097627,3.0899592253404737,2.7350204270952503,2.51159401520617,3.4265344826200823,4.078929668810236,4.281951368833642,4.016214349263348
2026-04-17,UGRD,10 m above ground,34.25,-98.5,4.276113499336487,4.681519154126381,5.112959141324597,5.365362015386929,5.648408182432931,7.596045462852049,8.335916601862278,8.380372795256328,8.454290476036007,7.987690701853237,7.027816948584304,5.899863763455217,5.215279294131011,6.700370089245498,6.737627083795341,6.794427711052215,4.402911562379179,2.7798075094493218,2.7704041739197542,2.862893223243803,2.9238631628282836,4.53187263252494,5.271011230967655,5.239647788039143,4.0170323919430295,4.195065314104946,3.9620494093562897,3.6532235177252113,3.3542702732993614,4.794865361194233,5.830724491971737,6.393958385322474,5.223849710829769,5.53937748821132,5.689465606295757,5.281329117006225,4.730716671185424,6.1957930361688565,6.092184628534612,5.423996946146079,4.311903789107095,3.804973520169886,3.5501928796338658,3.3446827919691184,3.283992905386081,4.78535571666578,5.995091920762533,6.363457217181537,5.50578315423763,5.681572900920341,6.149985396144787,6.3755798700076785,6.558949241245109,8.369410793236934,9.303142695485596,8.709992732915016,7.986965779821502
2026-04-18,UGRD,10 m above ground,34.25,-98.5,7.950547580691433,7.584567984132381,6.98293932326823,6.040693204750626,5.375558652819613,6.569446255363369,6.712756455966927,6.796394851431785,4.385693103777884,2.76010201867728,2.7985185612316323,3.011875192826648,3.115483216813698,4.865100357978061,5.482299304163623,5.307412679274399,3.862717620252255,3.781918600184848,3.486711622392878,3.149887292844295,2.9004437057639088,4.284250612884737,5.132654446652109,5.8457328103070605,4.755160872109283,5.131158316181966,5.381917772916108,5.05783116130416,4.679409950222011,6.28499635966605,6.454936599541068,5.854356178596926,4.554538516241319,4.108471423828006,3.804750810412659,3.415824967963281,3.2088733803978133,4.307518420081493,5.361309016567532,5.712231606848375,5.062864754425595,5.065330122472689,5.405396237999364,5.743583968409226,6.072646164329741,7.731646256537763,8.680459012259542,8.29203291709854,7.316207131962773,6.816584469801367,6.303426772289844,5.942644000208415,5.613427527610543,6.6227725756880895,6.463512425202276,5.783619450606106,4.598930661281809
2026-04-19,UGRD,10 m above ground,34.25,-98.5,4.40877454310521,2.6045301848720976,2.5258399048612428,2.683791376848589,2.7972755688595696,4.293388174954316,5.159994216458055,4.995467247977242,3.3827639465168753,3.630516713989288,3.626891958441041,3.275398823378073,2.9898603232229064,4.370906033582893,5.206382926928193,5.816493256561563,4.543411839423979,4.958875488201061,5.329061986740227,5.161316474654473,4.852861513526722,6.532189430395141,7.050530955081541,6.502288387434082,5.328475525092364,5.023810246956263,4.655386984908976,4.123141831899511,3.791865406517876,4.884020279249675,5.786447447150625,6.179570130661645,5.622079855382191,5.777892281798405,6.256815228689847,6.275090502882078,6.252358173232004,7.601097009008165,8.073302414186553,7.701723723215029,6.944117835337995,6.5337110996909615,5.811097168158435,5.627730698979501,5.112114507792374,5.726896398322134,5.147901398641071,4.600458042355113,3.4511292101414917,2.8975357746737123,3.32377132698152,3.2981323854860345,3.631525055692533,4.740508068190859,4.370897996636984,4.276500467100039,4.119782397986729
2026-04-20,UGRD,10 m above ground,34.25,-98.5,3.435457383591177,3.604324914988517,3.5744168032578743,3.137941163661958,2.8533883013212993,4.1377789342042,4.938377657616598,5.741080924495211,4.62333553455413,4.901608841384617,5.172246861681256,4.959921493372586,4.768921033727575,6.569074801017488,7.269325305397015,6.856725593137687,5.850781921278131,5.705830970811151,5.09281774343349,4.335154450436547,3.862287830696842,4.71592436633366,5.468966066011718,5.868625736173863,5.319752496882554,5.482845648926451,6.016125810089484,5.943719538572411,5.864729818260198,7.0505708425716165,7.299032907537253,6.595209568180147,5.904881252322751,5.692904303195855,5.773941844570476,5.815688685771253,5.875497149989434,6.482577352482856,5.901962535451924,5.057923078458863,3.6050610188618832,3.1714914651409387,3.283057925163393,3.280778379779269,3.17826789436766,4.605226466815509,4.717256414680898,4.7445563921088105,4.535403527438975,4.267178341190353,3.66539265396216,3.502670198164267,3.269495668960676,3.70260148087456,3.586886585022233,3.631639166297611,3.356659188316844
2026-04-21,UGRD,10 m above ground,34.25,-98.5,4.590312928880312,5.047530374434254,5.462417372209323,5.078218110611309,4.652497903730664,6.341570563089901,6.944244016866705,6.799997876822638,5.799586589344535,5.58095500773473,5.180286663814799,4.498905048905634,4.034039471896432,4.899381871876146,5.620553344181061,5.981135246103639,5.052902945751153,5.147335184438085,5.600084313235902,5.656258983176061,5.860533765825021,7.20638024516952,7.592079731740061,6.97321588851365,6.037914768659251,5.272912032818395,4.979228474582719,4.550924008108797,4.301171887385138,5.235950752600561,5.307610466331509,5.07934760915264,4.152887630142789,3.8034514471841017,4.117692665101404,4.116262037323482,4.157548722523851,5.269689917226691,4.941144191722267,4.716688328213774,4.166655243839662,4.0837798379633545,3.863330268571585,3.734447558103129,3.602358457024154,4.717249621011886,5.225090398640034,5.608514301894755,5.298626920255577,5.666806939207597,6.439160707670807,6.788362801901995,7.277794463301887,7.976985317067426,8.103921337796983,7.824510317319076,6.280719437796244
2026-04-22,UGRD,10 m above ground,34.25,-98.5,5.507438987509887,5.291101661585282,5.060954269360263,4.359723276763013,3.956743920952871,4.9824366344750715,5.79289032678291,6.177267607974233,5.269520350158851,5.159022651022857,5.421481117457613,5.4237978517319165,5.492556844902887,7.0646123530774325,7.712204441182443,7.481596298686476,7.331016420017026,7.1077187766737335,6.227686281821159,5.24143676971655,4.648452174102416,4.955467956116227,4.393942347257424,4.575419393818898,3.978978650905193,3.6915487604428305,3.417091480848071,3.148411578989602,3.094783721190855,4.52068251664684,4.589256321234026,4.546681044665766,4.4942950269772,4.878713569588523,4.890473469628459,4.653837812891971,4.464220353428204,5.541386252928333,6.073474235316899,6.154478768083078,5.984881958075068,6.377029621482082,6.42781532446757,6.23184607900855,6.593343457860045,7.830978904637527,8.469932684258751,8.22867707145187,7.383256297120158,6.8428241487833725,6.499855938035436,6.4151878799962505,5.880926347789913,6.666899460342766,6.0845132011593055,5.293642586161071,3.6747963040430607
2026-04-23,UGRD,10 m above ground,34.25,-98.5,5.120371511522318,4.878845806447362,5.30148138947318,5.583775089977912,5.741108725073785,7.351189736183585,7.92253360771135,7.539642956914374,7.076669307825197,6.707197923936895,5.392593975612597,4.455392457141405,4.177419764455548,4.916128207288617,4.447264444059622,4.400295182940662,3.682916987992236,3.2345257016573457,3.282332973252963,3.0395300336545006,2.7473748700002494,3.6326882923692096,3.7234558279978103,3.835055647584645,3.5619111240529477,3.903217048156947,3.8466920363350647,3.866480329299282,3.841265480911041,4.766476360203427,5.339491996364834,5.4810894307442855,4.998674951434056,5.091987950238668,5.591388728670503,5.70060700239767,6.068816091737899,6.958574673286295,7.490318662156017,7.478311960828363,6.1587193199182675,5.285350323972338,4.589516691031361,3.967903681096962,3.736520251410488,4.629292302581247,4.113587901052081,3.5523992460982505,2.7739845785364556,3.246666980430816,3.0486986053524765,2.830855519170014,3.0027170543557946,4.035266382901099,4.46805510585833,4.284015237282834,3.300816531515598
2026-04-24,UGRD,10 m above ground,34.25,-98.5,7.097682142271557,6.293947071075927,5.404003128691668,4.347569980073404,3.9240272297762986,4.333907552790162,4.083955830163637,4.188477675664485,3.6457070128886353,3.4551886648804975,3.3339628480648926,3.1924780519709284,3.1095285916930777,4.5990125220941405,4.5375757807697426,4.2047657773748455,3.653974272738914,4.202958702888472,3.986645591240399,3.831103943411175,3.728851635908436,4.822317963434685,5.271721899494581,5.205663030193217,4.5925208389424474,4.9187636043944565,5.554458457451325,5.755930703319467,5.959382048665912,7.090881176944026,7.626193017433022,8.210049080299985,7.327578206983078,6.46427074693078,5.904749255234173,5.224677643616136,4.215037771975377,4.651114424683449,4.247954974582507,3.895345366750851,3.523913627617151,3.543676488441142,3.163988699841907,2.8507641841209495,2.7098225606669906,3.553917806433554,3.9359545806733767,3.89767256929645,3.311850053052453,3.2800543689756747,2.93199610425721,2.738942080998923,2.653488789083739,3.673741345615949,3.905976130039612,3.929044955098639,3.3492433169459224
2026-04-25,UGRD,10 m above ground,34.25,-98.5,3.2987444504033254,2.8815806976015494,2.8070962044751577,2.9501697414917945,2.961244404942056,4.04248518958547,4.146040027396451,4.009756275343561,3.756314977390277,3.91335568318168,3.99723580311763,3.8120978931507783,3.505837539322699,4.317266885589963,4.448394305469601,4.452242264059575,4.006486710730722,4.403072408395028,5.102948051265512,5.5373116974563406,5.737382887665551,7.3233571011826495,8.208897010511524,8.320758899795143,7.415151597277617,6.499604268601669,5.522302573450476,4.449290811976589,3.6713323999177447,4.051178417584855,3.3667074165090822,2.9986317014581036,3.0943134732612547,3.646322351046435,3.3548667856089036,2.9485539390696394,3.0612099169510283,4.433575382385417,4.815495280541107,4.551953994401827,3.2376340576647467,2.6976496336121394,2.4224311153876883,2.363482329907084,2.4712259790868227,3.5889697697113547,4.175783655987619,4.092044782127403,3.473664601715719,3.384299084512273,3.2771427929572994,3.349936709363164,3.385902500491665,4.264633553293502,4.729477436941815,4.808661560382629,4.109815255950172
2026-04-26,UGRD,10 m above ground,34.25,-98.5,3.5008708636185526,3.50038430731386,3.495824787794828,3.246544580625379,3.2593812201557686,4.416677282404017,4.817745775695913,4.948725055843369,4.502476687646912,4.8637249550107,5.653510048521875,5.934600057170231,6.21147297361697,7.445068117850165,8.289378909162537,8.285011830955483,6.93825678518053,6.177403647282805,5.470998886776116,4.129421848476036,3.4896336501590626,3.994015545437927,3.495782289233869,3.46937540452375,3.716887697485989,3.91637927259372,3.773902984310358,3.4594553187785384,3.3232687437911235,4.372553832898598,4.638252196360338,4.474692586178033,3.1168543713969217,2.77639168701987,2.620863805345298,2.428192155573913,2.281042263604023,3.247691545336514,3.4047939327400156,3.510849679585556,2.9685869002564944,2.6592308139152347,2.6310326861763635,2.624626298075185,2.975138323193506,4.110515576929683,4.4518670274909375,4.850543969741217,4.34385621004458,3.8524459680071024,3.5046054467455727,3.398972478416393,3.3779591775702595,4.328013993916555,4.263935212443926,4.01798225505928,2.909793432511132
2026-04-27,UGRD,10 m above ground,34.25,-98.5,4.7716476039564615,4.798381394144041,5.448505525673486,5.805741881972251,5.873063096488467,6.58233318522775,7.521242756591133,7.704610496978581,6.6678959781703755,5.518308813814806,5.078292865591283,4.149505490112473,3.5291034196682753,3.877115744143502,3.472499378419062,3.359078084980106,3.6874794124577743,3.858012519464097,3.6249846277596496,3.3418040262214825,3.1355660473398093,4.141625178259601,4.445275216618635,4.504694764406657,3.4177078043671907,3.001977327858537,2.8799003681838338,2.652622958587825,2.510514226517103,3.6347258509896143,3.761888962742295,3.558735701453368,3.021095948456497,2.891873988218621,2.6213361532021304,2.719508628329054,3.0161207010448328,4.383668505488569,5.118509942498555,5.250614354616172,4.875050595050594,4.23070897673357,4.052765978392017,3.8519792954148535,3.487927237427562,4.378196456971516,4.425891880138536,4.176551082529039,2.9567246890798864,2.7616460333320014,2.845318681258446,2.739922443704076,2.659079112812539,3.7202242786529327,3.8569873146011,3.9601250935425263,3.419596716995807
2026-04-28,UGRD,10 m above ground,34.25,-98.5,6.35283609652268,5.277284605031467,5.075689079106879,4.267813409236641,3.548599637848027,3.877860426807538,3.5078417518611062,3.327740158053497,3.440964959600062,3.61091220224552,3.4987233236177193,3.5414362509338955,3.4909898048917185,4.512729517259234,4.60221013983811,4.576893694079559,3.714682821816078,3.0615372398990264,2.659494928277807,2.6267306428861517,2.524143364575628,3.5724625007441877,3.9339813250790288,3.856224534642239,3.0786500198914393,2.731295132742298,2.3788662004530794,2.4844683058983557,2.7092720077287726,3.887493778573247,4.358321025360555,4.548243183782097,3.8376729998930017,3.4294947394131423,3.1098261187741736,2.881782073508848,2.7995873237114037,3.652916546046297,3.788193528323776,3.741627594964245,2.845462930182635,2.5582569409960407,2.574799130610352,2.6310707867828182,2.5574402095953883,3.73111296235957,4.271304565584421,4.280916143962413,3.413475891207572,3.5484367943866086,3.636876473836423,3.279564550607675,2.913082103792007,4.079732167462989,4.577350325820734,4.84570408515258,3.7164244086675766
2026-04-29,UGRD,10 m above ground,34.25,-98.5,4.124930292890573,4.127458118165549,3.899746668631239,3.8277206001965487,3.7002668973320647,4.897457800788389,4.998363935269081,4.975178759906601,3.713681650506953,3.024257345998538,2.7512177321977194,2.5885350463247514,2.398596873171912,3.544070235880724,3.6894093630282048,3.8668407955538417,2.855334509996319,2.3810145703036536,2.0632401822087036,2.217532500235301,2.2823303766257093,3.298930846308618,3.812751969562187,4.031980185135149,3.393492768906336,2.6873352491254647,2.4129599552815804,2.356389014296509,2.3200515943401614,3.383464232957856,3.5669354118065817,3.594553666291557,2.8026073016431106,2.660172924366645,2.6817027751665625,2.70800258304579,2.7261654726086952,4.14140663442104,4.823532009120411,5.126466264101227,4.175392389304946,4.67416705926692,4.848913762045164,4.268364552194507,3.870214090844245,5.390631131060392,6.188228673639029,6.34137261330651,5.569096387273449,5.584141346850915,5.113664938563778,4.146652113038929,3.850471224230471,4.842954818796429,4.858977934984564,4.607214982837796,4.224893467653796
2026-04-30,UGRD,10 m above ground,34.25,-98.5,3.700313038224998,2.900693893768607,2.8140966909342424,2.7699554863640494,2.6823097893001653,3.858907350278604,4.069175192498821,4.25615630091786,3.5077824042078616,2.713640932900363,2.471063818205203,2.399031305693678,2.377504216723477,3.2813196042463897,3.4775287311179826,3.5226961418512297,2.822632425307793,2.228531019730553,1.9813656684737049,1.921312181966398,2.0206178224539344,2.6756768221344465,3.1775457998542302,3.327650082186734,2.5275566529452496,2.7988214385251973,3.2200854973369104,3.499989758867586,3.4114142939614256,4.970341053075501,5.552259843664676,5.742806563694334,4.788929867351605,5.393048870977135,5.91335859453655,5.623065679240307,5.419201353634735,7.225544829728559,7.653761241604582,7.077888295891114,6.261897788723139,5.766849544803668,5.582174815441228,5.344066780276619,5.39517266831716,6.25365966114719,6.140761801476704,6.032315060971641,5.828777988271897,5.103298485148692,4.523046543601399,3.967707510024965,3.3707475743289903,4.2000157657583355,4.543075428997781,4.469654907799414,3.079183169688128
2026-05-01,UGRD,10 m above ground,34.25,-98.5,3.5869311503234385,2.7905426153913857,2.672217412287786,2.7730313447764816,2.672052987863516,3.9402213767872096,4.1413632623846794,4.116241026639753,3.1622493701097145,2.401432043323197,1.9829405793140935,1.8382394500089183,1.9197119493933663,2.793329779937754,3.5091741001173355,3.5748032317714005,2.494116125767783,2.9347385885650814,3.526488056065011,3.955235534886372,4.162808700048725,5.99713371855947,6.593478748352249,6.274642285614588,5.2308942750711225,5.5129353948147735,5.80170302746314,5.40410412086224,5.30473160566466,6.979938697187022,7.209790454116213,6.625302956730177,5.896898463103621,4.916506872806391,4.504953562378802,4.259276035440595,3.8632255910929336,4.2456434793055475,4.632556100697839,5.023331944494938,4.403298096616503,4.161589800814436,3.3988321513906152,2.6799961924936375,2.4411831396566583,3.273620434567719,3.5549646356679405,4.294212870861642,3.507880757221516,2.7308024159959077,2.6576469845419317,2.4159649776093985,2.281516485178063,3.380876086127113,3.750287680287905,3.933346077589132,3.2205046672766553
2026-05-02,UGRD,10 m above ground,34.25,-98.5,3.34276050036433,2.5424193970064723,2.118472905118752,1.931544999605012,2.1026575709854907,2.9672152377293006,3.656483002734326,3.7868617931214352,2.5970267250032473,3.038549096972815,3.67765606300812,4.138934926044346,4.359768017195687,6.208712618134825,6.381549870924964,5.797887574491786,4.6281563211813435,4.480623328494544,4.553954275975059,4.373031138472426,4.303308211795753,6.123155069505588,6.664899989230314,6.357166556582593,5.830863518185453,6.358619625967038,6.106015184088033,5.730564938220448,5.8385390112626006,6.319204416846567,6.472241710178477,6.032368127460463,5.178933599298846,4.314426169090611,3.9016251382905143,3.599498292609673,3.744747976939247,4.541490777761863,4.855688093727529,5.36678747505869,5.134512692602931,4.3083431373016285,4.202402281006774,4.180142098543345,3.918195799788353,4.7827589798936065,5.190672998046768,5.22356017805095,3.4951394727813208,3.654224965476538,3.7531793525562303,3.4841434340672204,3.182336625084006,4.3371782882878485,4.485394430177889,4.17083679178576,3.157566987352076
2026-05-03,UGRD,10 m above ground,34.25,-98.5,2.523866045446673,2.8011259865058156,3.446687019877248,3.8755191476273985,3.9901157216149032,5.809283211936851,6.208310022566108,5.749342128527838,4.438639099704597,4.55998468650557,4.8112917514918605,4.684665504247503,4.543965710386375,6.201079552452661,6.543763732182652,6.216758275949993,5.746624313831149,5.7070618787976874,5.502188008296945,5.101944467411061,5.055218642248106,5.8640334660849565,5.871076844378664,5.4735733832591675,4.660395461318633,4.2713548933417425,3.717623539920483,3.0454829168440805,2.8526581476783384,3.494060792866101,3.5897339305325247,3.7195032371809704,4.002722927249282,3.791905864361948,3.63125384123192,3.6294036769165734,3.480560021523898,4.469408853726378,4.952446900371115,4.792544368263687,3.6268974804089193,4.03050352977893,3.786592691302766,3.4494735479637155,3.235119283209696,4.272942993118223,4.267387568794021,4.162771722766328,3.2515319586724147,2.873878749574697,2.612760427725111,2.4251236923520816,2.1293081557354228,2.7294255847667275,3.5288384277000646,4.4122050939628465,4.742249847376597
2026-05-04,UGRD,10 m above ground,34.25,-98.5,4.170201502746551,4.235599973315283,4.748241703546412,4.794141925706867,4.621536531459849,6.466893805049789,6.983820506805487,6.682848548876352,6.193442856038132,6.023897522831998,5.122877400900116,4.699363980227615,4.25761102876878,4.952608402946627,5.139204568426745,5.08800213227923,4.412894118364789,4.223989807669685,3.953682373553447,3.34485006329531,3.09417005679458,3.646676228330872,4.068856102696112,4.30624437243635,4.095768226512452,3.698603515766429,3.4583053348068495,3.3332340147916786,3.258140467909408,4.333757149855277,4.616929038554315,4.7083198768231,3.508608622960779,4.074575524458812,4.475141063717112,3.952926680407887,3.729643168857724,4.978657863719782,5.037431523317166,4.656566500378781,3.4068958210707248,2.8976870498404796,2.558958765935758,2.203202773312372,1.9617827157618697,2.559715452632619,3.237883273015489,3.397544178761342,3.7213490635404702,3.80793146653484,3.265479676649142,2.8755835368291507,2.919488733061285,3.592957729956358,3.5112483404560804,3.5519960193644695,3.735807256810188
2026-05-05,UGRD,10 m above ground,34.25,-98.5,5.988823732085017,5.9377322236786565,5.130522932047352,4.677785046939553,4.566985517731265,5.129980818580174,5.356173218985314,5.106718078187782,4.431297150052462,4.089850659565278,3.825238323043593,3.344254886743004,3.2684753016310863,3.715710378801279,4.015816665543371,3.922797452905875,3.214826913878256,2.957283815016552,3.0209615767342304,3.037942213742916,2.9727050290598447,4.227825127700083,4.633022451475952,4.561543811963153,3.5641780006027917,4.126655223421444,4.629247493709444,4.547027645565167,4.369837207223831,5.667431677981693,5.460782090897915,4.930749319803308,3.493884616534096,2.502780520779144,1.901690273738847,1.88369961238616,2.294960820845934,3.7040918890514063,4.581461291850871,4.6811366930772005,4.345488696089372,4.994786985312719,4.607065207752976,4.298003738725228,4.6080076389892515,5.323838893159667,5.396306942920119,5.168824505729551,3.7821694658826575,3.1229318863712505,2.87291707221529,3.0247081455270948,3.0789140405131348,4.447922807849043,4.936726955780889,5.079514270411199,4.620854949365251
2026-05-06,UGRD,10 m above ground,34.25,-98.5,4.4300009192520395,3.98236898961812,3.837818633681832,3.54548300134724,3.497364462435157,4.091518119609647,4.488003532517785,4.5377256681522695,3.3090066980432447,2.5008919105206653,2.684749088507706,2.910317879376629,2.9825364667793934,4.1112152359450675,4.554740212169893,4.341386463132355,3.0272424622238696,3.2199802966979414,3.319912474610774,3.166368029519022,3.2884161323393104,4.762516748887255,4.883370418278635,4.56654892944145,3.4062487322201447,2.791207607415419,2.4975106195428354,2.290719038246244,2.3210567872125965,3.4314219717912646,4.1077944536222635,4.046293247959457,4.090385009794382,3.9834549051519383,4.363054881648364,4.815326268043725,5.381747250239752,6.990942746977428,7.246887662976258,6.937819099958977,4.981697366014012,3.197661110328932,2.5674562391954625,2.5504556237412443,2.5437901379699204,4.12168240739615,5.050731228695275,5.6284664790525865,5.22208494996141,5.9359890837031095,6.298898854501186,5.973607400754279,5.621704894140251,6.878631489509184,6.976799718967328,6.392661947955745,5.331429118463357
2026-05-07,UGRD,10 m above ground,34.25,-98.5,3.375675106417183,2.367678409757664,2.477113855409349,2.67651950817642,2.7115004836520065,4.022704581381395,4.475633584699969,4.416646085882725,2.892392952158654,3.2088196951794243,3.382312447439247,3.333551648121733,3.3606455863044187,4.686085021991913,4.777672710947555,4.605626161306057,3.5441250247018052,2.774863470152841,2.546247158169037,2.3898083728736577,2.491064009635206,3.26098759894057,3.7526452624436746,3.7203617560696784,3.5373492189982705,3.109386566918115,2.680142854185527,2.7459170320940895,2.949525927247688,3.502160268690946,4.119661960941442,4.318834751218631,3.4034829890681237,3.05896525862231,2.8667285966167357,2.5794117323775643,2.416730264259859,3.431930694656401,3.967573063395381,4.237650562538364,3.607844565245963,4.529806495697121,5.125121981154194,5.2349220693647025,5.139570999756133,6.98557204544407,7.199440667542108,6.452608043814189,4.854772553597574,3.7437362300253865,3.789495569815398,3.703210615180713,4.0593402981835425,5.709881777681858,5.769915025162682,5.318458012794185,3.849465627555849
2026-05-08,UGRD,10 m above ground,34.25,-98.5,2.9767692280718885,3.165700432122269,3.3572233848320066,3.193994323013569,3.3015497660044977,4.605469940863381,4.556648297558184,4.330509745106527,3.454752909831168,2.9326430466257714,2.682647039315501,2.7929124027138816,2.795548589059135,3.674132416401915,3.829133887798693,3.884863113712915,3.7170630248106913,3.499628987840026,3.1309238699484623,3.0783836462864453,3.2299968435457576,3.9274786837692743,4.325237049143375,4.340850203114497,3.734418233662607,3.51383031542302,3.228967392826755,2.881253464003646,2.578600303578548,3.5707566052692017,4.052762461617841,4.169035373061984,3.41772723938943,3.9719570454353086,4.481673020702942,4.716048649168242,4.811425065454959,6.590992969192446,6.843644718358954,6.356233927044491,4.852807138519751,4.0798299467645665,3.762679552321755,3.580830249458666,3.714646073558906,5.03329514540247,5.306145234304914,5.05695761158557,3.627670719282825,3.20250930798114,3.2005981694728645,3.079609860296898,3.0958452710582556,4.211565128275041,3.945536511840591,3.8137523500559247,3.797174796723049
2026-05-09,UGRD,10 m above ground,34.25,-98.5,3.5727633779755648,2.988819037345636,2.7738386194221363,2.6331828369547594,2.632525685298369,3.4550459117509336,3.8395864488742952,3.913994378094382,3.5020350926680437,3.2237567162459806,3.0093811462217017,3.085965957807467,3.1663923047883893,3.955988774170351,4.0410872948754655,4.093769708875043,3.5071459629782593,3.5839821908455236,3.3549011169218277,3.0830981287802257,2.7357823995870403,3.7311889966601193,4.123382798283979,4.18384614785985,3.552369618645363,3.93850973204421,4.165813737583461,4.223254381271952,4.16936717732232,5.8586791500443045,5.695872720905717,5.26330220510372,4.306963598507194,3.595401819434186,3.1127443767597445,2.746670172731304,2.648988322898857,3.530943355416232,3.8148808039764304,3.976072481066072,3.0903376575399975,3.125055356454525,3.0926510683288537,3.296303088411691,3.4656880633620597,5.334627702413749,5.910612028455089,6.067458219385033,5.486578546868342,5.662372861843977,5.380163079082474,4.988089355539396,4.664193531539777,5.972969626350655,6.362233728674266,6.235605365887926,5.41187843139447
2026-05-10,UGRD,10 m above ground,34.25,-98.5,3.500813723632271,3.2313152098753903,3.2485484110878624,3.2027554533528595,3.066502049472286,3.528535884839828,3.7317364887383793,3.865292523373044,3.2378251730799885,3.1479478127651417,3.039977603855732,2.8237793726372495,2.5744046577228836,3.27675820756414,3.615748872567897,3.7781426242084497,3.219396752749022,3.7448946760811177,4.087265715413244,4.135276856869423,4.0201602671345995,5.616974778745208,5.60558575969133,5.140587435155391,4.244183129946617,3.4279259219201403,2.8682760708078674,2.563312738710729,2.476302985620193,3.496664106325736,4.162225447269979,4.257761532726619,3.101662041320373,3.2310178904376285,3.1038220418509117,3.1002064958927766,3.399716441326164,5.1804566085134205,6.066737794554947,6.277309413752855,5.915351355642018,6.561809706124151,6.49705920555142,6.031592727968949,5.7980876108467845,7.038369809255825,6.8474464390127086,6.058000178683505,5.332849700255118,5.436075649080406,5.284896376103815,4.927770402965814,4.852959737124307,6.309681032940945,6.929092735644106,6.997656600625805,6.341518225183345
2026-05-11,UGRD,10 m above ground,34.25,-98.5,3.0586356316233125,2.914333967682567,3.0019765555688225,2.68924518567513,2.4272940008278523,3.2446958629078395,3.733798647347688,3.830135253685598,3.1318233107504385,3.6800083463177247,4.177644204660737,4.328014545673618,4.40671995267362,6.1844699151947955,6.435539448659286,5.969996382245997,4.814974206534332,3.748254468344359,3.4021808125632917,3.100375354957281,3.096698189467288,4.474927732848925,4.911079252440068,4.921624847786964,3.582988626095828,3.3286404908737577,3.2400882333763255,3.232479868566114,3.4192681374098424,5.110874584276479,5.571202611961788,5.645758509583125,5.272579619609696,5.577728325602436,5.709515712600391,5.431432157333625,5.540977274816259,7.21773032958654,7.569928762476484,7.245587513079845,6.362883703528647,5.801699440888289,5.548730532024195,4.834570118634824,4.442676502531486,5.301618126011565,5.224091104358953,4.941742889400921,4.101905992247482,3.635103153652645,3.223606187318208,2.966879466534568,2.9635899593379915,3.945940684621844,4.2341599089862445,4.264006266826323,3.951382961193112
2026-05-12,UGRD,10 m above ground,34.25,-98.5,3.125287905402579,3.466684164182295,3.871594737815358,3.898940313380354,3.746488309981826,5.379886148884233,5.7754838423913135,5.536186103884234,4.457026815363584,3.5962872181536016,3.213225740802831,2.9183499053620654,2.855089091519446,4.107004544906736,4.648322966496755,4.767788980721671,3.6295044707844935,3.5356660690775494,3.497446232153382,3.676116913152351,4.085989540413614,5.9535542464880375,6.4986457575871786,6.458087444327179,6.237123376406098,6.0555003667954095,5.807247271569667,5.210418620879999,4.742392970226643,6.038910304868047,5.909684367914828,5.4925016806850895,4.632366320676165,4.283621394628964,4.167790296791223,3.959890998858924,3.845709990217435,5.370045070405642,6.058015214454098,6.29073789543562,6.139426369793686,6.372956447390855,6.4975451897388075,5.9291863131300655,6.0330991034258155,7.606349891580666,7.799461119871221,7.690505931570675,7.131110408759426,6.295307320346623,5.5821867595191925,5.129553110222542,4.983425637470986,5.970507899606936,6.162544916753408,5.664647220490666,4.950741409896358
2026-05-13,UGRD,10 m above ground,34.25,-98.5,4.191004222920259,3.436453222868858,3.2024464937487434,3.020193510847397,3.023491959602697,4.436549308410001,4.9384646950552,4.977695615338352,3.8353273745909946,3.570622976846903,3.5240003871308447,3.558466175952613,3.815486053354851,5.651255835060489,6.064669992927983,6.073400059400648,5.673365919427733,5.759520395547396,5.588020097454848,5.115198556798094,4.811504768657429,6.09625143956581,6.033594028954575,5.464649506804605,4.630510295413543,4.3913004438913275,4.244995259756404,4.002908661464957,3.91942904493736,5.3169760769183725,5.542546143708525,5.665651588473942,5.599775280216249,4.72791476930778,4.521403515712064,4.443456610485161,5.157780767298349,7.354207460982587,8.098107353330333,8.199742886401523,7.775891407777888,8.083820137503054,8.437897294153842,8.29211428689547,8.153553762392749,9.332617588394502,9.774139786233954,9.46008139115282,8.973117144021819,7.408337537663411,5.765295080889252,5.2980649075209385,5.304500912940946,5.6788330397634965,5.160241127141264,4.987708192263582,3.685594535582455
2026-05-14,UGRD,10 m above ground,34.25,-98.5,3.5104648084261254,3.2081621523155066,3.2632413294431117,3.3286663833259835,3.63853740238686,5.662442359875237,6.217931459314148,6.127193421283627,5.680039566295729,5.817421440581232,5.558218063728808,4.994611796889451,4.646346727212626,5.828426367462322,5.987383485299599,5.878713294691187,5.325361190030007,5.505667244367407,5.037900426873614,4.613363257141188,4.50471537657959,5.9780177681507105,6.190091148454219,6.1149907581098395,5.938078751332965,5.745342432585682,5.334384811460716,5.220670836561215,5.622116312616152,7.666172461459269,8.40475368263522,8.583428479876753,7.9563249143796035,7.768833075791914,7.720870193633715,6.680493261092855,6.356665094047101,7.641709854400848,8.079205589747627,8.532311404800385,8.13240734202284,5.810150213332085,4.499854967633242,4.158448091557489,3.217928380116456,3.8098856441491096,3.756220081015268,3.5545955509380223,3.3128405079199297,3.1208924771539923,3.0569986586624376,3.061517931731157,3.099734517400317,4.288775907681433,4.554147173729162,4.055736386873633,4.049318919614259
2026-05-15,UGRD,10 m above ground,34.25,-98.5,5.206493871894842,5.21783086522867,4.881517836501333,4.359482890480278,4.136486782834328,5.570715429523075,6.016493314843236,6.2838161741404,5.673131245224387,6.106040479090176,5.813921366494977,5.053865458364712,4.711591088299459,5.833527430437264,6.312592287395013,6.211006823710505,5.767012979761288,5.952749380415781,5.709518273774688,5.461573856422346,5.890867984013808,7.596349238678658,8.376914817473594,8.640150634889363,8.307399194822429,8.046767659795435,7.706975032307663,7.1519627297504895,6.8924318237248885,8.133173872420212,8.591537855249715,8.5982727100467,8.410262893063535,7.932084494344425,7.151197926529926,5.896103056564486,5.154431456440715,5.87958875820659,5.244819315429043,4.7348590660935255,3.948606544796396,3.0752456451967816,2.846910315160601,2.7811289153753824,3.0130143432099947,4.026799170193172,4.422045112923475,4.936375253656028,4.566411975531768,3.858789553785712,3.512013961811586,3.2075242880438255,3.1393253590649004,3.730861086898632,3.452841872105366,3.459474048129762,3.460013465810232
2026-05-16,UGRD,10 m above ground,34.25,-98.5,5.682846625693144,6.189354543285128,5.767490483688253,4.777152881577008,4.254446291349512,5.651805300164021,5.936447335432217,6.063303940769873,5.810357736669867,6.189799324393187,6.043090596659922,5.762218712651571,6.147753795970553,7.928623457644801,8.707197216003607,8.76342768721183,8.246068602736958,7.809286967823272,7.441553253203552,6.645806501687973,6.46647024591242,7.65431810308927,7.842800098043595,7.895756126783217,8.00082940902825,7.201490522312093,6.880800964569438,6.047617839882862,5.448687667547888,6.283245690104674,6.159922209190884,5.413837193595952,4.367563559812625,4.015330343174952,4.005210420782891,3.771302532547415,3.4519727206731057,4.048230918225953,4.046314051984037,4.195464285250738,3.8300775128170854,3.4626275276099294,3.0865797700540583,3.132773358011217,3.3117661896213275,3.962269142831554,3.784046206153201,3.7066488403210127,3.5345338934645336,3.3540430322342583,3.194845905555363,2.995447450524247,2.905523498550082,3.845214677527858,3.7702334517421834,4.005790098116419,3.806667329805224
2026-05-17,UGRD,10 m above ground,34.25,-98.5,5.911755404346258,6.43539344485904,5.901423040267699,5.448500742451481,5.904849071682472,7.7497902481230305,8.390425905605778,8.496333333756017,7.979611563369159,8.016071213060629,7.566115905233248,6.832069761228371,6.464612332241079,7.642853319856021,7.968346507614716,8.138576575338266,7.95700384619208,7.57403354676053,7.351647531632805,6.6481911290764915,6.187047749012508,6.788279735901124,5.948663654206986,4.932393496986253,4.253915140167615,3.659063683662048,3.422471545346085,3.4851575434257853,3.509735500332245,4.178259945017546,3.99892273166952,4.058746375015435,3.951336440001323,3.798051253528498,3.6156383667014262,3.4820798679207225,3.6267808348827977,4.268046362487211,4.338379273758468,4.29837744227135,3.897669673406597,3.731328957892501,3.524522061177552,3.391136552197155,3.103209792185732,3.6175281733374254,3.657801211463142,3.778043841039829,3.9352555606858055,3.724122979461947,3.5235520120025337,3.147309619434427,3.080581449220153,3.9010046465486248,3.990776359498632,3.477695893814494,2.723501203648434
2026-05-18,UGRD,10 m above ground,34.25,-98.5,7.785373391940202,7.800123134757534,7.626241930475439,6.8448906074620615,6.217580504743059,7.340285104233745,8.001686646834003,8.145892616465922,7.972104294219922,7.541030360862139,6.9938730129633395,6.094054084687509,5.8307049639593505,6.3941604260946345,5.796291940074601,5.193536976518985,4.222469448938806,3.374906946171743,3.4603819532631457,3.564875955237901,3.479830624356545,4.144870137096191,3.9569639419657103,4.031216953192412,4.0653881588910785,3.827022751902189,3.4216134113312275,3.2211055171584495,3.5337566304491324,4.0721680940884095,4.193716796291511,4.183802559388188,3.9549659530465617,3.8686111247368,3.3505620610894855,3.381952225892787,3.363376033151229,3.9119302129128943,4.679130978451347,4.572931111205262,4.387633324841056,4.013544505586026,3.225671424322101,2.820382643454725,2.759031113692501,3.653928558838354,3.5852888114726427,3.0608218442029145,2.565642282399531,2.5130690689612396,2.196607118747385,2.0746092080756044,1.9674242583898385,2.64824370183603,3.355234828853537,3.285696576678041,2.8861052944399197
2026-05-19,UGRD,10 m above ground,34.25,-98.5,7.449902553652954,7.074689198411243,6.554319095311684,5.746581782733491,5.369793333733494,6.294950580445844,5.838579399295796,5.0963956454880694,4.233286682451798,3.678664478967599,3.5039084329011647,3.538332432518289,3.584391681762754,4.239515850230058,4.050494023068776,4.159549252792585,4.038693905505825,3.7320140549993335,3.226031913065039,3.230986055506479,3.3733039588224374,3.83009674753285,3.8553717428459144,4.020052269690101,4.0573113059483195,3.6736689517300145,3.193574532958518,3.233279091119875,3.1641733136477006,3.527252611159571,4.029557667839798,3.791956879063196,3.057270780625968,2.7817024690737298,2.415692196422129,2.278338087920072,1.9971642992637209,2.7158163987867843,2.9351989576639284,2.591928000779719,2.3730807292052436,2.1126429244724068,2.0031932007873845,1.7711639537570123,1.6900854636511564,2.269705397568515,2.8951292084750904,3.170760151613466,2.838111703512314,2.7733564941353386,2.439634933053455,2.2505608282978526,2.271468111708121,3.300511756579287,3.8515691035891426,4.05743939516173,3.760121523115764
2026-05-20,UGRD,10 m above ground,34.25,-98.5,4.070180489212616,3.348337693505887,3.3589070267911683,3.493160492147404,3.3977240629171357,4.102969893914423,3.8130372066578033,4.093471271844791,3.756351991056059,3.5914609325757203,3.134563657751422,2.9881087336877963,3.329493162194314,4.224838407404086,4.403182793538768,4.269377831145212,4.084745594881186,4.263176145518177,3.939684016606266,3.7700076581470814,3.705232942491699,3.8991391109723734,4.287552007928552,3.9940576886618406,3.3082731441551916,3.0469619172493942,2.885906151307047,2.7870992420695915,2.574366954396977,3.3848497762879335,3.6503334921263386,3.539678818709203,2.8600998990589925,2.646296305451946,2.211678784764988,2.180433858970698,1.898571649478044,2.431031925106202,2.779205530623834,3.039519817043658,2.97520144200377,2.951395374056751,2.6543827184638933,2.2265586922954963,2.1780202896573417,3.2820461212216108,3.94245389047473,4.301340048385548,3.960600155667093,3.194675099487882,2.7949352377482697,2.457278046554317,2.392799976504066,3.372051465200551,4.092134967666913,4.2659177577745035,3.77047738210869
2026-05-21,UGRD,10 m above ground,34.25,-98.5,3.5419972002892344,3.2450260489665403,2.896182761919913,2.8784970057261723,2.9931628761506532,3.630490734954434,3.674047702289742,3.967909531285738,4.113495666238644,4.12043263377056,3.578077026113819,3.370545262535976,3.2577639703540457,3.493385414328102,3.483949899146036,3.1383232580350224,2.755169603113176,2.342348560088069,1.9904691332948947,1.8997452434951905,1.763897892513782,2.010286889395423,2.194086791169622,2.369724353471746,2.3297101768054436,2.3375662704621076,2.0567267455206664,1.8770266246127267,1.7813638546677948,2.410060650774488,2.5856361421573153,2.795229000604429,2.9694865089928077,2.8906815553380567,2.521918976951534,2.217198903983622,2.19219641862271,3.042410370592031,3.3951393746574423,3.4128965595234604,3.482432572398774,3.188802222988759,2.842613671414809,2.399806729681604,2.422870461623864,3.7622383647325,4.516601535368779,4.312146279326482,3.9732567495600266,3.5920324455705503,3.3994612153036448,3.434588065721692,3.831068596512137,4.91893069388599,5.383668097994423,5.407327257789469,4.671942306069832
2026-05-22,UGRD,10 m above ground,34.25,-98.5,3.76483346259222,3.6408472094241624,3.2966363891420833,3.251437229753209,3.206711032856506,3.531257536739341,3.3702340075633863,3.176254094982612,3.0211691651493977,2.612458527856906,2.0712446716744317,1.86245719019927,1.6490887976733957,1.8579764117659927,1.9721967480931497,2.0944537677747608,2.212876140957296,2.4033802675663014,2.053865257163742,1.9088854852522772,1.7188295832821858,2.148885634908041,2.7236472701256935,3.058466414471141,3.074436249407972,3.1291015166395084,2.800204374438441,2.33300259616293,2.1458743009788916,2.760945490066712,3.484272427042706,3.9603523725556538,3.768340845727126,3.058944086423189,2.7033124293957167,2.3759112037273353,2.2799868412415707,3.282880655253054,3.6713044885798864,3.921374877707578,3.550448804535842,3.065055874440411,2.7026835000848193,2.3914301026162574,2.3716944222974012,3.5177828168704055,4.056822202872867,3.9455694148219136,3.4037178445429284,2.8269258987517536,2.6517052074085954,2.5895906871301255,2.808848624642379,3.6574705138095776,4.072636909058167,4.054089926610145,3.421223887358493
2026-05-23,UGRD,10 m above ground,34.25,-98.5,2.7838277064050794,2.3739651046522283,2.0624312187577876,1.9460122068961776,1.745723461152474,2.002774973534227,2.344903185299533,2.6486061679495174,2.570606493292949,2.641453892420867,2.4457444663926977,2.0428687028361434,1.9183974262550785,2.71962828235825,3.3222376787255965,3.827970869994059,3.4147150840852944,3.2968427738017865,2.9145193974094097,2.4886471809120936,2.3604900406518805,3.33128583187373,3.516569590809284,3.887372981095428,3.74435169531281,3.0788404977327977,2.7330968435938985,2.3800565556295883,2.2993409955033535,3.3966032551581886,3.935633590970423,3.9863833913593334,3.5263556485181775,3.1951301402182204,2.8124805554668195,2.4778714173504732,2.426598958530346,3.266370918599297,3.7408113373297303,3.9590983477520294,3.4374269255166756,3.154146524258549,2.7690747667425883,2.57386581139576,2.3735595059400083,2.8624164531047027,3.2060018245218735,3.3108308793879297,2.79717714297968,2.8096533178366014,2.9230500406892905,2.871695763046133,2.8999693656610246,4.523825004254173,5.0872567972878295,5.2352250123552775,4.803242470094084
2026-05-24,UGRD,10 m above ground,34.25,-98.5,2.333578479118356,2.2326917684213896,2.052658130662132,1.8990712026317211,1.801482005366452,2.417131604484719,3.1533116592632173,3.848902802296183,3.6023509376366687,3.259352778816533,2.9987854385015744,2.695623775103915,2.7277120746749643,3.9720281954961414,4.201208038141132,4.233072845376666,3.905030966659128,3.4004925493368807,2.9619360272398643,2.496069730045769,2.33994929735507,3.3130592492279938,3.793540702371103,4.032053910820589,3.5219921660050955,3.173694129701708,2.6938158726460593,2.2737107326567885,2.2509828127804754,3.017372399841137,2.9079486484392456,2.72963694447184,2.912226600819321,2.812438909108008,2.3622667375459754,1.948576874236062,1.954715741996095,2.766834589493123,3.070429233223085,2.981844268917518,2.3687284588124147,2.304778190719465,2.2630307386931503,2.302074457690688,2.2632770192826577,2.876580511732504,3.343795661856218,3.4737469722510492,3.622605904841345,3.646493994643702,3.4101705450540605,3.1373657731531432,3.242342393876795,4.018909427759375,4.291174177774293,4.305079149992594,4.236726907076549
2026-05-25,UGRD,10 m above ground,34.25,-98.5,3.305540303787976,3.360030849365343,3.1595898953652797,2.7592303892701153,2.512037386191616,3.6138932538980897,4.100620017756251,4.179057037447295,3.5310934639926423,3.3753957818701825,2.9511984142523104,2.4297414769089576,2.2525489358485222,3.1448041519042267,3.860183444652205,3.8774471166170983,3.4370588325029865,2.9268007714225126,2.5542476174024262,2.2271984871305017,2.180173125096835,3.000153889466238,3.4758787734322425,3.326225698090996,2.8681394673758622,2.702455240713982,2.338355921666165,2.1752284403730133,2.141454090022333,2.808917344403712,2.958699344520837,3.0150998069634243,3.043338250773963,2.8267110348453155,2.4265086382706818,2.1776312237007716,2.054352805413549,2.2879688761647787,2.381981984360821,2.594196943165998,2.908647434259738,2.9561877075232452,2.524663192981483,2.3902028552067422,2.8570710897100566,4.0065790643901895,4.624355656639609,5.007833965363103,4.855831901820379,4.718443602722976,4.5008821286846,4.432390767184026,4.553472711095456,5.713476111321424,6.345991383228921,6.246809548452397,4.960441554795601
2026-05-26,UGRD,10 m above ground,34.25,-98.5,3.737607687833695,3.3948061546056127,2.844296280017943,2.2645206489348766,2.1428007288952604,2.979996221972182,3.418785389412604,3.7347567293941006,3.217351832029886,2.726212326623489,2.193009647309944,2.0439749027702123,1.8951501744663823,2.61774721856591,3.241645802154456,3.294218748083864,2.6471265574107345,2.421158557191131,2.234979407815267,2.057328958797947,2.178376691780971,2.844344078612412,3.297473534208915,3.562807748230533,3.258831730804326,2.8324496182612173,2.616661988562646,2.464458394959456,2.2673664024082036,3.0101012993587415,2.9882033120486557,3.0381549741496707,2.947352446320652,3.02597132764563,2.612351668543272,2.3048884409169617,2.2478150019054723,3.3393531857920573,3.93827050390544,4.454898971636365,4.095062986478162,4.041182715575534,3.914974437053419,3.7786315805234225,4.050972470231132,5.158312232816838,5.168839527963039,5.092984705690402,4.090071463541804,3.441520657655414,3.1576829568191407,2.6569021708277196,2.288953732435256,2.843869026018213,2.752317896823187,2.685620062417705,2.4617986604100244
2026-05-27,UGRD,10 m above ground,34.25,-98.5,2.9629539236566043,2.541561659386926,2.188486653594765,1.9377437941814044,1.7741168433412993,2.3485502137973686,2.9373385007772597,3.247154161584688,2.8414149954058043,2.465525432710975,2.226185272883938,2.315493584485926,2.542468852830254,3.4787984044115943,3.868170054549823,3.932921915758476,3.3957020599618097,2.994402762613843,2.631401474206429,2.4063938344059683,2.292531892522346,2.6759119084793417,2.799280948940889,3.1519809207944407,3.0748297610129782,2.8989781688030765,2.4262559608988785,2.4736085916331874,2.6450991100718957,3.7860825971855543,4.08903205044831,4.058266751286917,3.9580909947271063,3.826033658873923,3.4614934741299073,2.81886781978064,2.56047624888451,3.267972876947093,3.236561935547821,2.941213803263988,2.6521915492604364,2.613905109948663,2.284682144581903,2.1290749283454584,2.0369490609515024,3.1374935188782067,4.2378076205340545,5.238511455630872,5.298762345949979,5.083327631790823,4.412436949802796,4.653048051818753,4.801842935834311,6.070041243169154,6.345448217472679,6.182469794286993,4.796773867481441
2026-05-28,UGRD,10 m above ground,34.25,-98.5,2.881465879210882,2.5498073788348776,2.459042384954422,2.5187763070867426,2.7174736745307855,3.78669069897773,4.185087187544735,4.040838894505094,3.5437912639008675,3.38770454586505,2.993967834853588,2.6741085321623146,2.5291880711267822,2.8625707540405605,3.055298032760811,3.0458951149980393,3.258781770590703,3.2882622434124125,2.894287482612425,2.8774209119670404,3.095482826188656,4.203548191123803,4.724178377861715,4.996685442972124,4.767091995305353,4.650195329241326,4.40443076309595,4.180179601662964,3.726525899774577,4.443097068317046,4.1839785812825205,3.826501239148128,3.3027647343851636,3.211159148952934,2.8266414885739133,2.3442730198406014,2.08533041855242,2.833981674392816,2.9166543223790344,3.092269628792997,3.0327038584453208,2.9066367436816227,2.606537919871424,2.378406789328796,2.4792973809285312,3.139271209057938,3.1826191702465745,3.5578698565051887,3.5468704604779693,3.5482862877150985,3.2307654909115544,3.0119126787506283,2.9247688683831505,4.10603844375984,4.380809792329847,4.6771831440754355,4.273635944102083
2026-05-29,UGRD,10 m above ground,34.25,-98.5,3.5122691618783763,3.344686740356571,3.000922808465109,2.764908896513266,2.6061051273796716,3.0207564869114503,3.2943472429503777,3.2639503525049975,3.0070767708182293,3.167393670354769,2.8241763489364526,2.5250060006001367,2.8171237131601816,4.2056823848107845,4.798867854101301,4.877833385582875,4.6070335391530675,4.674648962504363,4.720796281185707,4.4962988405616375,4.1106426554166555,4.83154810722821,4.585766542374503,4.0276357821586775,3.2027245324921436,3.192612476131333,2.7493343720819396,2.304424246251434,2.08084686824306,3.0027703959566017,3.341592867278921,3.9120550739841455,4.141413355921767,3.316933315756204,2.8030004681138516,2.5763022534475803,2.738666653863241,4.140150223474905,4.516816688171918,4.739154198790313,4.25871298987366,3.3978459227114204,3.0580873605654917,2.7416848629146906,2.644001454684496,3.984566323879123,3.948423857007503,3.852978584643481,3.3541157236760855,3.28609244958138,3.2868027355068072,2.975452746095442,3.078237047226553,4.300620954552915,4.563601201759326,4.514416433126131,3.9502476145237626
2026-05-30,UGRD,10 m above ground,34.25,-98.5,3.1499794289113083,2.894035943268253,2.684028953133746,2.5903940649189066,2.716243805984404,4.049888308734143,4.704174064850619,4.866607955170563,4.927232145651534,4.290798327087998,4.117986023864862,3.719315786470298,3.6904150049838673,4.506437647749922,4.357178224216263,3.88978268220525,3.1966577655762554,2.9492144719632254,2.429417864051364,2.160811181231248,2.05655335590503,2.979420833539635,3.2217097676495134,3.568232884413407,3.608851719242206,2.827399693452918,2.5358633132834223,2.523881286760351,2.673756485839945,3.847685924529656,4.41088382469726,4.6583870494019175,4.498456054188814,3.972773777471188,3.2655907855239787,3.2140466304247512,3.3181338483350085,4.763608010576796,4.686270041605296,4.603225045730584,3.883290135070864,3.484149308858869,3.3702707329911012,3.0846665285018275,3.04442045634412,4.252160712005459,4.541671173639592,4.680436582699367,4.05722536739596,4.172603759227112,3.758802418897459,3.378659884263498,3.457042907879097,5.063207083769708,5.096279864227286,4.652336217144148,3.6340190394407377
2026-05-31,UGRD,10 m above ground,34.25,-98.5,4.885725711978497,3.981530946614663,3.742726666713033,3.6779166177248954,3.422038091014474,4.258503150375518,4.152408791620601,3.674590650949552,3.1352962390038064,3.0191846884744313,2.6349978785232833,2.2230831951766943,2.043886870657325,3.0167946692246086,3.3936097528570666,3.827632389655432,4.102613463656521,3.394009727619858,3.2575226799760877,3.0984545121721165,3.145461344436055,4.73375739736832,5.184094082945293,5.564211097393238,5.258325151035822,4.448858764561766,3.64088533289773,3.3212559192974815,3.4015875039705525,4.489264742623578,4.248274182916451,4.175953017160547,3.595905343956341,3.322673588985035,2.924531085581481,2.576898085944386,2.3277000917791786,3.4174308886341915,3.6387207714125847,3.8444618997970257,3.1375636079762086,3.1413739103357283,3.305670519332621,3.339514130971809,3.2958955071353424,4.836268537969467,5.240939541420691,5.129910823316855,4.694988160195127,4.429003967651605,4.299441241733048,4.107465610580421,3.983692196193664,5.458691520190465,5.8428716690560645,5.670800238725505,4.939796522126139
