"2024-01-01 00:00:00","2024-01-01 00:00:00","UGRD","10 m above ground",-98.5,34.25,-3.22
"2024-01-01 00:00:00","2024-01-01 00:00:00","UGRD","10 m above ground",-98.25,34.25,-3.18
"2024-01-01 00:00:00","2024-01-01 00:00:00","UGRD","10 m above ground",-98,34.25,-3.32
"2024-01-01 00:00:00","2024-01-01 00:00:00","UGRD","10 m above ground",-97.75,34.25,-3.25
"2024-01-01 00:00:00","2024-01-01 00:00:00","UGRD","10 m above ground",-97.5,34.25,-3.15
"2024-01-01 00:00:00","2024-01-01 00:00:00","UGRD","10 m above ground",-97.25,34.25,-2.95
"2024-01-01 00:00:00","2024-01-01 00:00:00","UGRD","10 m above ground",-97,34.25,-2.84
"2024-01-01 00:00:00","2024-01-01 00:00:00","UGRD","10 m above ground",-96.75,34.25,-2.45
"2024-01-01 00:00:00","2024-01-01 00:00:00","UGRD","10 m above ground",-96.5,34.25,-2.11
"2024-01-01 00:00:00","2024-01-01 00:00:00","UGRD","10 m above ground",-96.25,34.25,-1.48
"2024-01-01 00:00:00","2024-01-01 00:00:00","UGRD","10 m above ground",-96,34.25,-0.74
"2024-01-01 00:00:00","2024-01-01 00:00:00","UGRD","10 m above ground",-95.75,34.25,-0.7
"2024-01-01 00:00:00","2024-01-01 00:00:00","UGRD","10 m above ground",-95.5,34.25,-0.63
"2024-01-01 00:00:00","2024-01-01 00:00:00","UGRD","10 m above ground",-95.25,34.25,-0.16
"2024-01-01 00:00:00","2024-01-01 00:00:00","UGRD","10 m above ground",-95,34.25,-0.13
"2024-01-01 00:00:00","2024-01-01 00:00:00","UGRD","10 m above ground",-94.75,34.25,-0.32
"2024-01-01 00:00:00","2024-01-01 00:00:00","UGRD","10 m above ground",-94.5,34.25,-0.51
"2024-01-01 00:00:00","2024-01-01 00:00:00","UGRD","10 m above ground",-94.25,34.25,-0.89
"2024-01-01 00:00:00","2024-01-01 00:00:00","UGRD","10 m above ground",-94,34.25,-0.85
"2024-01-01 00:00:00","2024-01-01 00:00:00","UGRD","10 m above ground",-93.75,34.25,0.14
"2024-01-01 00:00:00","2024-01-01 00:00:00","UGRD","10 m above ground",-93.5,34.25,0.44
"2024-01-01 00:00:00","2024-01-01 00:00:00","UGRD","10 m above ground",-93.25,34.25,0.48
"2024-01-01 00:00:00","2024-01-01 00:00:00","UGRD","10 m above ground",-93,34.25,0.41
"2024-01-01 00:00:00","2024-01-01 00:00:00","UGRD","10 m above ground",-92.75,34.25,0.19
"2024-01-01 00:00:00","2024-01-01 00:00:00","UGRD","10 m above ground",-92.5,34.25,-0.25
"2024-01-01 00:00:00","2024-01-01 00:00:00","UGRD","10 m above ground",-92.25,34.25,-0.39
"2024-01-01 00:00:00","2024-01-01 00:00:00","UGRD","10 m above ground",-92,34.25,-0.17
"2024-01-01 00:00:00","2024-01-01 00:00:00","UGRD","10 m above ground",-91.75,34.25,-0.57
"2024-01-01 00:00:00","2024-01-01 00:00:00","UGRD","10 m above ground",-91.5,34.25,-0.52
"2024-01-01 00:00:00","2024-01-01 00:00:00","UGRD","10 m above ground",-91.25,34.25,-0.58
"2024-01-01 00:00:00","2024-01-01 00:00:00","UGRD","10 m above ground",-91,34.25,-0.22
"2024-01-01 00:00:00","2024-01-01 00:00:00","UGRD","10 m above ground",-90.75,34.25,0.19
"2024-01-01 00:00:00","2024-01-01 00:00:00","UGRD","10 m above ground",-90.5,34.25,0.79
"2024-01-01 00:00:00","2024-01-01 00:00:00","UGRD","10 m above ground",-90.25,34.25,1.42
"2024-01-01 00:00:00","2024-01-01 00:00:00","UGRD","10 m above ground",-90,34.25,1.75
"2024-01-01 00:00:00","2024-01-01 00:00:00","UGRD","10 m above ground",-89.75,34.25,1.69
"2024-01-01 00:00:00","2024-01-01 00:00:00","UGRD","10 m above ground",-89.5,34.25,1.62
"2024-01-01 00:00:00","2024-01-01 00:00:00","UGRD","10 m above ground",-89.25,34.25,1.98
"2024-01-01 00:00:00","2024-01-01 00:00:00","UGRD","10 m above ground",-89,34.25,2.54
"2024-01-01 00:00:00","2024-01-01 00:00:00","UGRD","10 m above ground",-88.75,34.25,2.74
"2024-01-01 00:00:00","2024-01-01 00:00:00","UGRD","10 m above ground",-88.5,34.25,2.13
"2024-01-01 00:00:00","2024-01-01 00:00:00","UGRD","10 m above ground",-98.5,34.5,-3.38
"2024-01-01 00:00:00","2024-01-01 00:00:00","UGRD","10 m above ground",-98.25,34.5,-3.02
"2024-01-01 00:00:00","2024-01-01 00:00:00","UGRD","10 m above ground",-98,34.5,-3.29
"2024-01-01 00:00:00","2024-01-01 00:00:00","UGRD","10 m above ground",-97.75,34.5,-3.32
"2024-01-01 00:00:00","2024-01-01 00:00:00","UGRD","10 m above ground",-97.5,34.5,-3.26
"2024-01-01 00:00:00","2024-01-01 00:00:00","UGRD","10 m above ground",-97.25,34.5,-2.68
"2024-01-01 00:00:00","2024-01-01 00:00:00","UGRD","10 m above ground",-97,34.5,-2.89
"2024-01-01 00:00:00","2024-01-01 00:00:00","UGRD","10 m above ground",-96.75,34.5,-2.91
"2024-01-01 00:00:00","2024-01-01 00:00:00","UGRD","10 m above ground",-96.5,34.5,-1.84
"2024-01-01 00:00:00","2024-01-01 00:00:00","UGRD","10 m above ground",-96.25,34.5,-1.56
"2024-01-01 00:00:00","2024-01-01 00:00:00","UGRD","10 m above ground",-96,34.5,-1.35
"2024-01-01 00:00:00","2024-01-01 00:00:00","UGRD","10 m above ground",-95.75,34.5,-0.78
"2024-01-01 00:00:00","2024-01-01 00:00:00","UGRD","10 m above ground",-95.5,34.5,-0.88
"2024-01-01 00:00:00","2024-01-01 00:00:00","UGRD","10 m above ground",-95.25,34.5,-0.39
"2024-01-01 00:00:00","2024-01-01 00:00:00","UGRD","10 m above ground",-95,34.5,0.11
"2024-01-01 00:00:00","2024-01-01 00:00:00","UGRD","10 m above ground",-94.75,34.5,0.28
"2024-01-01 00:00:00","2024-01-01 00:00:00","UGRD","10 m above ground",-94.5,34.5,-0.02
"2024-01-01 00:00:00","2024-01-01 00:00:00","UGRD","10 m above ground",-94.25,34.5,-0.69
"2024-01-01 00:00:00","2024-01-01 00:00:00","UGRD","10 m above ground",-94,34.5,-0.42
"2024-01-01 00:00:00","2024-01-01 00:00:00","UGRD","10 m above ground",-93.75,34.5,0.55
"2024-01-01 00:00:00","2024-01-01 00:00:00","UGRD","10 m above ground",-93.5,34.5,0.04
"2024-01-01 00:00:00","2024-01-01 00:00:00","UGRD","10 m above ground",-93.25,34.5,-0.55
"2024-01-01 00:00:00","2024-01-01 00:00:00","UGRD","10 m above ground",-93,34.5,-0.74
"2024-01-01 00:00:00","2024-01-01 00:00:00","UGRD","10 m above ground",-92.75,34.5,-0.76
"2024-01-01 00:00:00","2024-01-01 00:00:00","UGRD","10 m above ground",-92.5,34.5,-1.1
"2024-01-01 00:00:00","2024-01-01 00:00:00","UGRD","10 m above ground",-92.25,34.5,-0.96
"2024-01-01 00:00:00","2024-01-01 00:00:00","UGRD","10 m above ground",-92,34.5,-1.09
"2024-01-01 00:00:00","2024-01-01 00:00:00","UGRD","10 m above ground",-91.75,34.5,-1.2
"2024-01-01 00:00:00","2024-01-01 00:00:00","UGRD","10 m above ground",-91.5,34.5,-1.81
"2024-01-01 00:00:00","2024-01-01 00:00:00","UGRD","10 m above ground",-91.25,34.5,-1.57
"2024-01-01 00:00:00","2024-01-01 00:00:00","UGRD","10 m above ground",-91,34.5,-1.27
"2024-01-01 00:00:00","2024-01-01 00:00:00","UGRD","10 m above ground",-90.75,34.5,-0.95
"2024-01-01 00:00:00","2024-01-01 00:00:00","UGRD","10 m above ground",-90.5,34.5,-0.51
"2024-01-01 00:00:00","2024-01-01 00:00:00","UGRD","10 m above ground",-90.25,34.5,-0.1
"2024-01-01 00:00:00","2024-01-01 00:00:00","UGRD","10 m above ground",-90,34.5,0.45
"2024-01-01 00:00:00","2024-01-01 00:00:00","UGRD","10 m above ground",-89.75,34.5,0.76
"2024-01-01 00:00:00","2024-01-01 00:00:00","UGRD","10 m above ground",-89.5,34.5,1.18
"2024-01-01 00:00:00","2024-01-01 00:00:00","UGRD","10 m above ground",-89.25,34.5,1.75
"2024-01-01 00:00:00","2024-01-01 00:00:00","UGRD","10 m above ground",-89,34.5,2.17
"2024-01-01 00:00:00","2024-01-01 00:00:00","UGRD","10 m above ground",-88.75,34.5,2.53
"2024-01-01 00:00:00","2024-01-01 00:00:00","UGRD","10 m above ground",-88.5,34.5,2.3
"2024-01-01 00:00:00","2024-01-01 00:00:00","UGRD","10 m above ground",-98.5,34.75,-3.29
"2024-01-01 00:00:00","2024-01-01 00:00:00","UGRD","10 m above ground",-98.25,34.75,-2.88
"2024-01-01 00:00:00","2024-01-01 00:00:00","UGRD","10 m above ground",-98,34.75,-2.9
"2024-01-01 00:00:00","2024-01-01 00:00:00","UGRD","10 m above ground",-97.75,34.75,-2.84
"2024-01-01 00:00:00","2024-01-01 00:00:00","UGRD","10 m above ground",-97.5,34.75,-2.96
"2024-01-01 00:00:00","2024-01-01 00:00:00","UGRD","10 m above ground",-97.25,34.75,-3.26
"2024-01-01 00:00:00","2024-01-01 00:00:00","UGRD","10 m above ground",-97,34.75,-2.96
"2024-01-01 00:00:00","2024-01-01 00:00:00","UGRD","10 m above ground",-96.75,34.75,-2.6
"2024-01-01 00:00:00","2024-01-01 00:00:00","UGRD","10 m above ground",-96.5,34.75,-2.1
"2024-01-01 00:00:00","2024-01-01 00:00:00","UGRD","10 m above ground",-96.25,34.75,-1.98
"2024-01-01 00:00:00","2024-01-01 00:00:00","UGRD","10 m above ground",-96,34.75,-1.98
"2024-01-01 00:00:00","2024-01-01 00:00:00","UGRD","10 m above ground",-95.75,34.75,-0.96
"2024-01-01 00:00:00","2024-01-01 00:00:00","UGRD","10 m above ground",-95.5,34.75,-0.49
"2024-01-01 00:00:00","2024-01-01 00:00:00","UGRD","10 m above ground",-95.25,34.75,-0.87
"2024-01-01 00:00:00","2024-01-01 00:00:00","UGRD","10 m above ground",-95,34.75,-0.29
"2024-01-01 00:00:00","2024-01-01 00:00:00","UGRD","10 m above ground",-94.75,34.75,0.76
"2024-01-01 00:00:00","2024-01-01 00:00:00","UGRD","10 m above ground",-94.5,34.75,1
"2024-01-01 00:00:00","2024-01-01 00:00:00","UGRD","10 m above ground",-94.25,34.75,0.1
"2024-01-01 00:00:00","2024-01-01 00:00:00","UGRD","10 m above ground",-94,34.75,0.84
"2024-01-01 00:00:00","2024-01-01 00:00:00","UGRD","10 m above ground",-93.75,34.75,1.33
"2024-01-01 00:00:00","2024-01-01 00:00:00","UGRD","10 m above ground",-93.5,34.75,-0.32
"2024-01-01 00:00:00","2024-01-01 00:00:00","UGRD","10 m above ground",-93.25,34.75,-0.25
"2024-01-01 00:00:00","2024-01-01 00:00:00","UGRD","10 m above ground",-93,34.75,-0.36
"2024-01-01 00:00:00","2024-01-01 00:00:00","UGRD","10 m above ground",-92.75,34.75,-1.61
"2024-01-01 00:00:00","2024-01-01 00:00:00","UGRD","10 m above ground",-92.5,34.75,-1.18
"2024-01-01 00:00:00","2024-01-01 00:00:00","UGRD","10 m above ground",-92.25,34.75,-0.83
"2024-01-01 00:00:00","2024-01-01 00:00:00","UGRD","10 m above ground",-92,34.75,-1.15
"2024-01-01 00:00:00","2024-01-01 00:00:00","UGRD","10 m above ground",-91.75,34.75,-2.33
"2024-01-01 00:00:00","2024-01-01 00:00:00","UGRD","10 m above ground",-91.5,34.75,-2.26
"2024-01-01 00:00:00","2024-01-01 00:00:00","UGRD","10 m above ground",-91.25,34.75,-1.49
"2024-01-01 00:00:00","2024-01-01 00:00:00","UGRD","10 m above ground",-91,34.75,-1.08
"2024-01-01 00:00:00","2024-01-01 00:00:00","UGRD","10 m above ground",-90.75,34.75,-0.37
"2024-01-01 00:00:00","2024-01-01 00:00:00","UGRD","10 m above ground",-90.5,34.75,0.13
"2024-01-01 00:00:00","2024-01-01 00:00:00","UGRD","10 m above ground",-90.25,34.75,0.27
"2024-01-01 00:00:00","2024-01-01 00:00:00","UGRD","10 m above ground",-90,34.75,0.57
"2024-01-01 00:00:00","2024-01-01 00:00:00","UGRD","10 m above ground",-89.75,34.75,0.45
"2024-01-01 00:00:00","2024-01-01 00:00:00","UGRD","10 m above ground",-89.5,34.75,0.63
"2024-01-01 00:00:00","2024-01-01 00:00:00","UGRD","10 m above ground",-89.25,34.75,1.08
"2024-01-01 00:00:00","2024-01-01 00:00:00","UGRD","10 m above ground",-89,34.75,1.51
"2024-01-01 00:00:00","2024-01-01 00:00:00","UGRD","10 m above ground",-88.75,34.75,1.75
"2024-01-01 00:00:00","2024-01-01 00:00:00","UGRD","10 m above ground",-88.5,34.75,2.06
"2024-01-01 00:00:00","2024-01-01 00:00:00","UGRD","10 m above ground",-98.5,35,-3.15
"2024-01-01 00:00:00","2024-01-01 00:00:00","UGRD","10 m above ground",-98.25,35,-3.13
"2024-01-01 00:00:00","2024-01-01 00:00:00","UGRD","10 m above ground",-98,35,-2.53
"2024-01-01 00:00:00","2024-01-01 00:00:00","UGRD","10 m above ground",-97.75,35,-2.46
"2024-01-01 00:00:00","2024-01-01 00:00:00","UGRD","10 m above ground",-97.5,35,-2.93
"2024-01-01 00:00:00","2024-01-01 00:00:00","UGRD","10 m above ground",-97.25,35,-3.2
"2024-01-01 00:00:00","2024-01-01 00:00:00","UGRD","10 m above ground",-97,35,-2.42
"2024-01-01 00:00:00","2024-01-01 00:00:00","UGRD","10 m above ground",-96.75,35,-2.14
"2024-01-01 00:00:00","2024-01-01 00:00:00","UGRD","10 m above ground",-96.5,35,-2.27
"2024-01-01 00:00:00","2024-01-01 00:00:00","UGRD","10 m above ground",-96.25,35,-2.13
"2024-01-01 00:00:00","2024-01-01 00:00:00","UGRD","10 m above ground",-96,35,-1.67
"2024-01-01 00:00:00","2024-01-01 00:00:00","UGRD","10 m above ground",-95.75,35,-0.92
"2024-01-01 00:00:00","2024-01-01 00:00:00","UGRD","10 m above ground",-95.5,35,-0.47
"2024-01-01 00:00:00","2024-01-01 00:00:00","UGRD","10 m above ground",-95.25,35,-0.68
"2024-01-01 00:00:00","2024-01-01 00:00:00","UGRD","10 m above ground",-95,35,-0.02
"2024-01-01 00:00:00","2024-01-01 00:00:00","UGRD","10 m above ground",-94.75,35,0.49
"2024-01-01 00:00:00","2024-01-01 00:00:00","UGRD","10 m above ground",-94.5,35,0.46
"2024-01-01 00:00:00","2024-01-01 00:00:00","UGRD","10 m above ground",-94.25,35,0.91
"2024-01-01 00:00:00","2024-01-01 00:00:00","UGRD","10 m above ground",-94,35,1.69
"2024-01-01 00:00:00","2024-01-01 00:00:00","UGRD","10 m above ground",-93.75,35,0.8
"2024-01-01 00:00:00","2024-01-01 00:00:00","UGRD","10 m above ground",-93.5,35,-0.13
"2024-01-01 00:00:00","2024-01-01 00:00:00","UGRD","10 m above ground",-93.25,35,0.52
"2024-01-01 00:00:00","2024-01-01 00:00:00","UGRD","10 m above ground",-93,35,-1.14
"2024-01-01 00:00:00","2024-01-01 00:00:00","UGRD","10 m above ground",-92.75,35,-1.62
"2024-01-01 00:00:00","2024-01-01 00:00:00","UGRD","10 m above ground",-92.5,35,-0.84
"2024-01-01 00:00:00","2024-01-01 00:00:00","UGRD","10 m above ground",-92.25,35,-0.81
"2024-01-01 00:00:00","2024-01-01 00:00:00","UGRD","10 m above ground",-92,35,-1.19
"2024-01-01 00:00:00","2024-01-01 00:00:00","UGRD","10 m above ground",-91.75,35,-1.94
"2024-01-01 00:00:00","2024-01-01 00:00:00","UGRD","10 m above ground",-91.5,35,-1.93
"2024-01-01 00:00:00","2024-01-01 00:00:00","UGRD","10 m above ground",-91.25,35,-1.35
"2024-01-01 00:00:00","2024-01-01 00:00:00","UGRD","10 m above ground",-91,35,-0.57
"2024-01-01 00:00:00","2024-01-01 00:00:00","UGRD","10 m above ground",-90.75,35,0.19
"2024-01-01 00:00:00","2024-01-01 00:00:00","UGRD","10 m above ground",-90.5,35,0.46
"2024-01-01 00:00:00","2024-01-01 00:00:00","UGRD","10 m above ground",-90.25,35,0.4
"2024-01-01 00:00:00","2024-01-01 00:00:00","UGRD","10 m above ground",-90,35,0.47
"2024-01-01 00:00:00","2024-01-01 00:00:00","UGRD","10 m above ground",-89.75,35,0.22
"2024-01-01 00:00:00","2024-01-01 00:00:00","UGRD","10 m above ground",-89.5,35,0.52
"2024-01-01 00:00:00","2024-01-01 00:00:00","UGRD","10 m above ground",-89.25,35,0.65
"2024-01-01 00:00:00","2024-01-01 00:00:00","UGRD","10 m above ground",-89,35,1.06
"2024-01-01 00:00:00","2024-01-01 00:00:00","UGRD","10 m above ground",-88.75,35,1.19
"2024-01-01 00:00:00","2024-01-01 00:00:00","UGRD","10 m above ground",-88.5,35,1.51
"2024-01-01 00:00:00","2024-01-01 00:00:00","UGRD","10 m above ground",-98.5,35.25,-3
"2024-01-01 00:00:00","2024-01-01 00:00:00","UGRD","10 m above ground",-98.25,35.25,-3.13
"2024-01-01 00:00:00","2024-01-01 00:00:00","UGRD","10 m above ground",-98,35.25,-2.94
"2024-01-01 00:00:00","2024-01-01 00:00:00","UGRD","10 m above ground",-97.75,35.25,-2.68
"2024-01-01 00:00:00","2024-01-01 00:00:00","UGRD","10 m above ground",-97.5,35.25,-2.84
"2024-01-01 00:00:00","2024-01-01 00:00:00","UGRD","10 m above ground",-97.25,35.25,-2.85
"2024-01-01 00:00:00","2024-01-01 00:00:00","UGRD","10 m above ground",-97,35.25,-2.4
"2024-01-01 00:00:00","2024-01-01 00:00:00","UGRD","10 m above ground",-96.75,35.25,-2.13
"2024-01-01 00:00:00","2024-01-01 00:00:00","UGRD","10 m above ground",-96.5,35.25,-1.92
"2024-01-01 00:00:00","2024-01-01 00:00:00","UGRD","10 m above ground",-96.25,35.25,-1.94
"2024-01-01 00:00:00","2024-01-01 00:00:00","UGRD","10 m above ground",-96,35.25,-1.48
"2024-01-01 00:00:00","2024-01-01 00:00:00","UGRD","10 m above ground",-95.75,35.25,-1.3
"2024-01-01 00:00:00","2024-01-01 00:00:00","UGRD","10 m above ground",-95.5,35.25,-0.48
"2024-01-01 00:00:00","2024-01-01 00:00:00","UGRD","10 m above ground",-95.25,35.25,-0.38
"2024-01-01 00:00:00","2024-01-01 00:00:00","UGRD","10 m above ground",-95,35.25,-0.2
"2024-01-01 00:00:00","2024-01-01 00:00:00","UGRD","10 m above ground",-94.75,35.25,0.55
"2024-01-01 00:00:00","2024-01-01 00:00:00","UGRD","10 m above ground",-94.5,35.25,0.91
"2024-01-01 00:00:00","2024-01-01 00:00:00","UGRD","10 m above ground",-94.25,35.25,1.24
"2024-01-01 00:00:00","2024-01-01 00:00:00","UGRD","10 m above ground",-94,35.25,0.71
"2024-01-01 00:00:00","2024-01-01 00:00:00","UGRD","10 m above ground",-93.75,35.25,-0.85
"2024-01-01 00:00:00","2024-01-01 00:00:00","UGRD","10 m above ground",-93.5,35.25,0.34
"2024-01-01 00:00:00","2024-01-01 00:00:00","UGRD","10 m above ground",-93.25,35.25,-0.04
"2024-01-01 00:00:00","2024-01-01 00:00:00","UGRD","10 m above ground",-93,35.25,-1.58
"2024-01-01 00:00:00","2024-01-01 00:00:00","UGRD","10 m above ground",-92.75,35.25,-1.48
"2024-01-01 00:00:00","2024-01-01 00:00:00","UGRD","10 m above ground",-92.5,35.25,-1.11
"2024-01-01 00:00:00","2024-01-01 00:00:00","UGRD","10 m above ground",-92.25,35.25,-1.28
"2024-01-01 00:00:00","2024-01-01 00:00:00","UGRD","10 m above ground",-92,35.25,-0.96
"2024-01-01 00:00:00","2024-01-01 00:00:00","UGRD","10 m above ground",-91.75,35.25,-1.19
"2024-01-01 00:00:00","2024-01-01 00:00:00","UGRD","10 m above ground",-91.5,35.25,-1.23
"2024-01-01 00:00:00","2024-01-01 00:00:00","UGRD","10 m above ground",-91.25,35.25,-0.39
"2024-01-01 00:00:00","2024-01-01 00:00:00","UGRD","10 m above ground",-91,35.25,0.36
"2024-01-01 00:00:00","2024-01-01 00:00:00","UGRD","10 m above ground",-90.75,35.25,0.8
"2024-01-01 00:00:00","2024-01-01 00:00:00","UGRD","10 m above ground",-90.5,35.25,0.6
"2024-01-01 00:00:00","2024-01-01 00:00:00","UGRD","10 m above ground",-90.25,35.25,0.42
"2024-01-01 00:00:00","2024-01-01 00:00:00","UGRD","10 m above ground",-90,35.25,0.08
"2024-01-01 00:00:00","2024-01-01 00:00:00","UGRD","10 m above ground",-89.75,35.25,0.27
"2024-01-01 00:00:00","2024-01-01 00:00:00","UGRD","10 m above ground",-89.5,35.25,0.5
"2024-01-01 00:00:00","2024-01-01 00:00:00","UGRD","10 m above ground",-89.25,35.25,0.56
"2024-01-01 00:00:00","2024-01-01 00:00:00","UGRD","10 m above ground",-89,35.25,0.66
"2024-01-01 00:00:00","2024-01-01 00:00:00","UGRD","10 m above ground",-88.75,35.25,0.76
"2024-01-01 00:00:00","2024-01-01 00:00:00","UGRD","10 m above ground",-88.5,35.25,1.23
"2024-01-01 00:00:00","2024-01-01 00:00:00","UGRD","10 m above ground",-98.5,35.5,-2.76
"2024-01-01 00:00:00","2024-01-01 00:00:00","UGRD","10 m above ground",-98.25,35.5,-2.88
"2024-01-01 00:00:00","2024-01-01 00:00:00","UGRD","10 m above ground",-98,35.5,-2.78
"2024-01-01 00:00:00","2024-01-01 00:00:00","UGRD","10 m above ground",-97.75,35.5,-2.42
"2024-01-01 00:00:00","2024-01-01 00:00:00","UGRD","10 m above ground",-97.5,35.5,-2.43
"2024-01-01 00:00:00","2024-01-01 00:00:00","UGRD","10 m above ground",-97.25,35.5,-2.58
"2024-01-01 00:00:00","2024-01-01 00:00:00","UGRD","10 m above ground",-97,35.5,-2.36
"2024-01-01 00:00:00","2024-01-01 00:00:00","UGRD","10 m above ground",-96.75,35.5,-2.03
"2024-01-01 00:00:00","2024-01-01 00:00:00","UGRD","10 m above ground",-96.5,35.5,-1.82
"2024-01-01 00:00:00","2024-01-01 00:00:00","UGRD","10 m above ground",-96.25,35.5,-1.86
"2024-01-01 00:00:00","2024-01-01 00:00:00","UGRD","10 m above ground",-96,35.5,-1.76
"2024-01-01 00:00:00","2024-01-01 00:00:00","UGRD","10 m above ground",-95.75,35.5,-0.97
"2024-01-01 00:00:00","2024-01-01 00:00:00","UGRD","10 m above ground",-95.5,35.5,-1.02
"2024-01-01 00:00:00","2024-01-01 00:00:00","UGRD","10 m above ground",-95.25,35.5,-0.29
"2024-01-01 00:00:00","2024-01-01 00:00:00","UGRD","10 m above ground",-95,35.5,-0.2
"2024-01-01 00:00:00","2024-01-01 00:00:00","UGRD","10 m above ground",-94.75,35.5,0.04
"2024-01-01 00:00:00","2024-01-01 00:00:00","UGRD","10 m above ground",-94.5,35.5,0.19
"2024-01-01 00:00:00","2024-01-01 00:00:00","UGRD","10 m above ground",-94.25,35.5,0.33
"2024-01-01 00:00:00","2024-01-01 00:00:00","UGRD","10 m above ground",-94,35.5,0.08
"2024-01-01 00:00:00","2024-01-01 00:00:00","UGRD","10 m above ground",-93.75,35.5,-0.64
"2024-01-01 00:00:00","2024-01-01 00:00:00","UGRD","10 m above ground",-93.5,35.5,-0.21
"2024-01-01 00:00:00","2024-01-01 00:00:00","UGRD","10 m above ground",-93.25,35.5,-0.74
"2024-01-01 00:00:00","2024-01-01 00:00:00","UGRD","10 m above ground",-93,35.5,-0.61
"2024-01-01 00:00:00","2024-01-01 00:00:00","UGRD","10 m above ground",-92.75,35.5,-0.58
"2024-01-01 00:00:00","2024-01-01 00:00:00","UGRD","10 m above ground",-92.5,35.5,-0.63
"2024-01-01 00:00:00","2024-01-01 00:00:00","UGRD","10 m above ground",-92.25,35.5,-0.57
"2024-01-01 00:00:00","2024-01-01 00:00:00","UGRD","10 m above ground",-92,35.5,-0.3
"2024-01-01 00:00:00","2024-01-01 00:00:00","UGRD","10 m above ground",-91.75,35.5,-0.61
"2024-01-01 00:00:00","2024-01-01 00:00:00","UGRD","10 m above ground",-91.5,35.5,0.06
"2024-01-01 00:00:00","2024-01-01 00:00:00","UGRD","10 m above ground",-91.25,35.5,0.7
"2024-01-01 00:00:00","2024-01-01 00:00:00","UGRD","10 m above ground",-91,35.5,0.81
"2024-01-01 00:00:00","2024-01-01 00:00:00","UGRD","10 m above ground",-90.75,35.5,0.53
"2024-01-01 00:00:00","2024-01-01 00:00:00","UGRD","10 m above ground",-90.5,35.5,0.3
"2024-01-01 00:00:00","2024-01-01 00:00:00","UGRD","10 m above ground",-90.25,35.5,-0.11
"2024-01-01 00:00:00","2024-01-01 00:00:00","UGRD","10 m above ground",-90,35.5,-0.05
"2024-01-01 00:00:00","2024-01-01 00:00:00","UGRD","10 m above ground",-89.75,35.5,0.45
"2024-01-01 00:00:00","2024-01-01 00:00:00","UGRD","10 m above ground",-89.5,35.5,0.66
"2024-01-01 00:00:00","2024-01-01 00:00:00","UGRD","10 m above ground",-89.25,35.5,0.7
"2024-01-01 00:00:00","2024-01-01 00:00:00","UGRD","10 m above ground",-89,35.5,0.77
"2024-01-01 00:00:00","2024-01-01 00:00:00","UGRD","10 m above ground",-88.75,35.5,1.01
"2024-01-01 00:00:00","2024-01-01 00:00:00","UGRD","10 m above ground",-88.5,35.5,1.14
"2024-01-01 00:00:00","2024-01-01 00:00:00","UGRD","10 m above ground",-98.5,35.75,-2.79
"2024-01-01 00:00:00","2024-01-01 00:00:00","UGRD","10 m above ground",-98.25,35.75,-2.46
"2024-01-01 00:00:00","2024-01-01 00:00:00","UGRD","10 m above ground",-98,35.75,-1.99
"2024-01-01 00:00:00","2024-01-01 00:00:00","UGRD","10 m above ground",-97.75,35.75,-2.16
"2024-01-01 00:00:00","2024-01-01 00:00:00","UGRD","10 m above ground",-97.5,35.75,-2.11
"2024-01-01 00:00:00","2024-01-01 00:00:00","UGRD","10 m above ground",-97.25,35.75,-2.19
"2024-01-01 00:00:00","2024-01-01 00:00:00","UGRD","10 m above ground",-97,35.75,-2.29
"2024-01-01 00:00:00","2024-01-01 00:00:00","UGRD","10 m above ground",-96.75,35.75,-2.13
"2024-01-01 00:00:00","2024-01-01 00:00:00","UGRD","10 m above ground",-96.5,35.75,-2.06
"2024-01-01 00:00:00","2024-01-01 00:00:00","UGRD","10 m above ground",-96.25,35.75,-1.88
"2024-01-01 00:00:00","2024-01-01 00:00:00","UGRD","10 m above ground",-96,35.75,-1.56
"2024-01-01 00:00:00","2024-01-01 00:00:00","UGRD","10 m above ground",-95.75,35.75,-1.35
"2024-01-01 00:00:00","2024-01-01 00:00:00","UGRD","10 m above ground",-95.5,35.75,-1.21
"2024-01-01 00:00:00","2024-01-01 00:00:00","UGRD","10 m above ground",-95.25,35.75,-0.61
"2024-01-01 00:00:00","2024-01-01 00:00:00","UGRD","10 m above ground",-95,35.75,-0.64
"2024-01-01 00:00:00","2024-01-01 00:00:00","UGRD","10 m above ground",-94.75,35.75,-0.59
"2024-01-01 00:00:00","2024-01-01 00:00:00","UGRD","10 m above ground",-94.5,35.75,-0.5
"2024-01-01 00:00:00","2024-01-01 00:00:00","UGRD","10 m above ground",-94.25,35.75,-0.63
"2024-01-01 00:00:00","2024-01-01 00:00:00","UGRD","10 m above ground",-94,35.75,-0.89
"2024-01-01 00:00:00","2024-01-01 00:00:00","UGRD","10 m above ground",-93.75,35.75,-0.28
"2024-01-01 00:00:00","2024-01-01 00:00:00","UGRD","10 m above ground",-93.5,35.75,-0.09
"2024-01-01 00:00:00","2024-01-01 00:00:00","UGRD","10 m above ground",-93.25,35.75,-0.78
"2024-01-01 00:00:00","2024-01-01 00:00:00","UGRD","10 m above ground",-93,35.75,-0.55
"2024-01-01 00:00:00","2024-01-01 00:00:00","UGRD","10 m above ground",-92.75,35.75,0.15
"2024-01-01 00:00:00","2024-01-01 00:00:00","UGRD","10 m above ground",-92.5,35.75,0.27
"2024-01-01 00:00:00","2024-01-01 00:00:00","UGRD","10 m above ground",-92.25,35.75,0.16
"2024-01-01 00:00:00","2024-01-01 00:00:00","UGRD","10 m above ground",-92,35.75,0.08
"2024-01-01 00:00:00","2024-01-01 00:00:00","UGRD","10 m above ground",-91.75,35.75,0.12
"2024-01-01 00:00:00","2024-01-01 00:00:00","UGRD","10 m above ground",-91.5,35.75,0.71
"2024-01-01 00:00:00","2024-01-01 00:00:00","UGRD","10 m above ground",-91.25,35.75,0.85
"2024-01-01 00:00:00","2024-01-01 00:00:00","UGRD","10 m above ground",-91,35.75,0.48
"2024-01-01 00:00:00","2024-01-01 00:00:00","UGRD","10 m above ground",-90.75,35.75,-0.06
"2024-01-01 00:00:00","2024-01-01 00:00:00","UGRD","10 m above ground",-90.5,35.75,-0.37
"2024-01-01 00:00:00","2024-01-01 00:00:00","UGRD","10 m above ground",-90.25,35.75,-0.04
"2024-01-01 00:00:00","2024-01-01 00:00:00","UGRD","10 m above ground",-90,35.75,0.44
"2024-01-01 00:00:00","2024-01-01 00:00:00","UGRD","10 m above ground",-89.75,35.75,0.68
"2024-01-01 00:00:00","2024-01-01 00:00:00","UGRD","10 m above ground",-89.5,35.75,0.76
"2024-01-01 00:00:00","2024-01-01 00:00:00","UGRD","10 m above ground",-89.25,35.75,0.78
"2024-01-01 00:00:00","2024-01-01 00:00:00","UGRD","10 m above ground",-89,35.75,0.72
"2024-01-01 00:00:00","2024-01-01 00:00:00","UGRD","10 m above ground",-88.75,35.75,0.81
"2024-01-01 00:00:00","2024-01-01 00:00:00","UGRD","10 m above ground",-88.5,35.75,0.96
"2024-01-01 00:00:00","2024-01-01 00:00:00","UGRD","10 m above ground",-98.5,36,-2.56
"2024-01-01 00:00:00","2024-01-01 00:00:00","UGRD","10 m above ground",-98.25,36,-1.83
"2024-01-01 00:00:00","2024-01-01 00:00:00","UGRD","10 m above ground",-98,36,-1.61
"2024-01-01 00:00:00","2024-01-01 00:00:00","UGRD","10 m above ground",-97.75,36,-1.93
"2024-01-01 00:00:00","2024-01-01 00:00:00","UGRD","10 m above ground",-97.5,36,-1.94
"2024-01-01 00:00:00","2024-01-01 00:00:00","UGRD","10 m above ground",-97.25,36,-1.92
"2024-01-01 00:00:00","2024-01-01 00:00:00","UGRD","10 m above ground",-97,36,-2.38
"2024-01-01 00:00:00","2024-01-01 00:00:00","UGRD","10 m above ground",-96.75,36,-2.29
"2024-01-01 00:00:00","2024-01-01 00:00:00","UGRD","10 m above ground",-96.5,36,-2.07
"2024-01-01 00:00:00","2024-01-01 00:00:00","UGRD","10 m above ground",-96.25,36,-1.5
"2024-01-01 00:00:00","2024-01-01 00:00:00","UGRD","10 m above ground",-96,36,-1.4
"2024-01-01 00:00:00","2024-01-01 00:00:00","UGRD","10 m above ground",-95.75,36,-1.1
"2024-01-01 00:00:00","2024-01-01 00:00:00","UGRD","10 m above ground",-95.5,36,-1.15
"2024-01-01 00:00:00","2024-01-01 00:00:00","UGRD","10 m above ground",-95.25,36,-0.85
"2024-01-01 00:00:00","2024-01-01 00:00:00","UGRD","10 m above ground",-95,36,-1.05
"2024-01-01 00:00:00","2024-01-01 00:00:00","UGRD","10 m above ground",-94.75,36,-1.15
"2024-01-01 00:00:00","2024-01-01 00:00:00","UGRD","10 m above ground",-94.5,36,-1.45
"2024-01-01 00:00:00","2024-01-01 00:00:00","UGRD","10 m above ground",-94.25,36,-1.15
"2024-01-01 00:00:00","2024-01-01 00:00:00","UGRD","10 m above ground",-94,36,-0.67
"2024-01-01 00:00:00","2024-01-01 00:00:00","UGRD","10 m above ground",-93.75,36,-0.83
"2024-01-01 00:00:00","2024-01-01 00:00:00","UGRD","10 m above ground",-93.5,36,-0.41
"2024-01-01 00:00:00","2024-01-01 00:00:00","UGRD","10 m above ground",-93.25,36,0.08
"2024-01-01 00:00:00","2024-01-01 00:00:00","UGRD","10 m above ground",-93,36,0.08
"2024-01-01 00:00:00","2024-01-01 00:00:00","UGRD","10 m above ground",-92.75,36,0.69
"2024-01-01 00:00:00","2024-01-01 00:00:00","UGRD","10 m above ground",-92.5,36,0.5
"2024-01-01 00:00:00","2024-01-01 00:00:00","UGRD","10 m above ground",-92.25,36,0.5
"2024-01-01 00:00:00","2024-01-01 00:00:00","UGRD","10 m above ground",-92,36,0.27
"2024-01-01 00:00:00","2024-01-01 00:00:00","UGRD","10 m above ground",-91.75,36,0.85
"2024-01-01 00:00:00","2024-01-01 00:00:00","UGRD","10 m above ground",-91.5,36,0.86
"2024-01-01 00:00:00","2024-01-01 00:00:00","UGRD","10 m above ground",-91.25,36,0.79
"2024-01-01 00:00:00","2024-01-01 00:00:00","UGRD","10 m above ground",-91,36,-0.17
"2024-01-01 00:00:00","2024-01-01 00:00:00","UGRD","10 m above ground",-90.75,36,-0.62
"2024-01-01 00:00:00","2024-01-01 00:00:00","UGRD","10 m above ground",-90.5,36,0.03
"2024-01-01 00:00:00","2024-01-01 00:00:00","UGRD","10 m above ground",-90.25,36,0.6
"2024-01-01 00:00:00","2024-01-01 00:00:00","UGRD","10 m above ground",-90,36,0.81
"2024-01-01 00:00:00","2024-01-01 00:00:00","UGRD","10 m above ground",-89.75,36,0.68
"2024-01-01 00:00:00","2024-01-01 00:00:00","UGRD","10 m above ground",-89.5,36,0.56
"2024-01-01 00:00:00","2024-01-01 00:00:00","UGRD","10 m above ground",-89.25,36,0.66
"2024-01-01 00:00:00","2024-01-01 00:00:00","UGRD","10 m above ground",-89,36,0.6
"2024-01-01 00:00:00","2024-01-01 00:00:00","UGRD","10 m above ground",-88.75,36,0.67
"2024-01-01 00:00:00","2024-01-01 00:00:00","UGRD","10 m above ground",-88.5,36,0.78
"2024-01-01 00:00:00","2024-01-01 00:00:00","UGRD","10 m above ground",-98.5,36.25,-2.1
"2024-01-01 00:00:00","2024-01-01 00:00:00","UGRD","10 m above ground",-98.25,36.25,-1.53
"2024-01-01 00:00:00","2024-01-01 00:00:00","UGRD","10 m above ground",-98,36.25,-1.49
"2024-01-01 00:00:00","2024-01-01 00:00:00","UGRD","10 m above ground",-97.75,36.25,-1.57
"2024-01-01 00:00:00","2024-01-01 00:00:00","UGRD","10 m above ground",-97.5,36.25,-1.67
"2024-01-01 00:00:00","2024-01-01 00:00:00","UGRD","10 m above ground",-97.25,36.25,-1.54
"2024-01-01 00:00:00","2024-01-01 00:00:00","UGRD","10 m above ground",-97,36.25,-2.15
"2024-01-01 00:00:00","2024-01-01 00:00:00","UGRD","10 m above ground",-96.75,36.25,-2.2
"2024-01-01 00:00:00","2024-01-01 00:00:00","UGRD","10 m above ground",-96.5,36.25,-1.74
"2024-01-01 00:00:00","2024-01-01 00:00:00","UGRD","10 m above ground",-96.25,36.25,-1.47
"2024-01-01 00:00:00","2024-01-01 00:00:00","UGRD","10 m above ground",-96,36.25,-1.12
"2024-01-01 00:00:00","2024-01-01 00:00:00","UGRD","10 m above ground",-95.75,36.25,-0.88
"2024-01-01 00:00:00","2024-01-01 00:00:00","UGRD","10 m above ground",-95.5,36.25,-1.19
"2024-01-01 00:00:00","2024-01-01 00:00:00","UGRD","10 m above ground",-95.25,36.25,-1.45
"2024-01-01 00:00:00","2024-01-01 00:00:00","UGRD","10 m above ground",-95,36.25,-1
"2024-01-01 00:00:00","2024-01-01 00:00:00","UGRD","10 m above ground",-94.75,36.25,-1.14
"2024-01-01 00:00:00","2024-01-01 00:00:00","UGRD","10 m above ground",-94.5,36.25,-1.07
"2024-01-01 00:00:00","2024-01-01 00:00:00","UGRD","10 m above ground",-94.25,36.25,-1.03
"2024-01-01 00:00:00","2024-01-01 00:00:00","UGRD","10 m above ground",-94,36.25,-0.56
"2024-01-01 00:00:00","2024-01-01 00:00:00","UGRD","10 m above ground",-93.75,36.25,-0.45
"2024-01-01 00:00:00","2024-01-01 00:00:00","UGRD","10 m above ground",-93.5,36.25,-0.33
"2024-01-01 00:00:00","2024-01-01 00:00:00","UGRD","10 m above ground",-93.25,36.25,0.92
"2024-01-01 00:00:00","2024-01-01 00:00:00","UGRD","10 m above ground",-93,36.25,0.77
"2024-01-01 00:00:00","2024-01-01 00:00:00","UGRD","10 m above ground",-92.75,36.25,0.61
"2024-01-01 00:00:00","2024-01-01 00:00:00","UGRD","10 m above ground",-92.5,36.25,0.65
"2024-01-01 00:00:00","2024-01-01 00:00:00","UGRD","10 m above ground",-92.25,36.25,0.36
"2024-01-01 00:00:00","2024-01-01 00:00:00","UGRD","10 m above ground",-92,36.25,0.82
"2024-01-01 00:00:00","2024-01-01 00:00:00","UGRD","10 m above ground",-91.75,36.25,1.19
"2024-01-01 00:00:00","2024-01-01 00:00:00","UGRD","10 m above ground",-91.5,36.25,0.76
"2024-01-01 00:00:00","2024-01-01 00:00:00","UGRD","10 m above ground",-91.25,36.25,0.17
"2024-01-01 00:00:00","2024-01-01 00:00:00","UGRD","10 m above ground",-91,36.25,-0.36
"2024-01-01 00:00:00","2024-01-01 00:00:00","UGRD","10 m above ground",-90.75,36.25,0
"2024-01-01 00:00:00","2024-01-01 00:00:00","UGRD","10 m above ground",-90.5,36.25,0.74
"2024-01-01 00:00:00","2024-01-01 00:00:00","UGRD","10 m above ground",-90.25,36.25,0.91
"2024-01-01 00:00:00","2024-01-01 00:00:00","UGRD","10 m above ground",-90,36.25,0.93
"2024-01-01 00:00:00","2024-01-01 00:00:00","UGRD","10 m above ground",-89.75,36.25,0.81
"2024-01-01 00:00:00","2024-01-01 00:00:00","UGRD","10 m above ground",-89.5,36.25,0.57
"2024-01-01 00:00:00","2024-01-01 00:00:00","UGRD","10 m above ground",-89.25,36.25,0.31
"2024-01-01 00:00:00","2024-01-01 00:00:00","UGRD","10 m above ground",-89,36.25,0.31
"2024-01-01 00:00:00","2024-01-01 00:00:00","UGRD","10 m above ground",-88.75,36.25,0.41
"2024-01-01 00:00:00","2024-01-01 00:00:00","UGRD","10 m above ground",-88.5,36.25,0.58
"2024-01-01 00:00:00","2024-01-01 00:00:00","UGRD","10 m above ground",-98.5,36.5,-1.82
"2024-01-01 00:00:00","2024-01-01 00:00:00","UGRD","10 m above ground",-98.25,36.5,-1.57
"2024-01-01 00:00:00","2024-01-01 00:00:00","UGRD","10 m above ground",-98,36.5,-1.5
"2024-01-01 00:00:00","2024-01-01 00:00:00","UGRD","10 m above ground",-97.75,36.5,-1.24
"2024-01-01 00:00:00","2024-01-01 00:00:00","UGRD","10 m above ground",-97.5,36.5,-1.49
"2024-01-01 00:00:00","2024-01-01 00:00:00","UGRD","10 m above ground",-97.25,36.5,-1.32
"2024-01-01 00:00:00","2024-01-01 00:00:00","UGRD","10 m above ground",-97,36.5,-1.74
"2024-01-01 00:00:00","2024-01-01 00:00:00","UGRD","10 m above ground",-96.75,36.5,-2.06
"2024-01-01 00:00:00","2024-01-01 00:00:00","UGRD","10 m above ground",-96.5,36.5,-1.63
"2024-01-01 00:00:00","2024-01-01 00:00:00","UGRD","10 m above ground",-96.25,36.5,-1.41
"2024-01-01 00:00:00","2024-01-01 00:00:00","UGRD","10 m above ground",-96,36.5,-1.25
"2024-01-01 00:00:00","2024-01-01 00:00:00","UGRD","10 m above ground",-95.75,36.5,-1.24
"2024-01-01 00:00:00","2024-01-01 00:00:00","UGRD","10 m above ground",-95.5,36.5,-1.47
"2024-01-01 00:00:00","2024-01-01 00:00:00","UGRD","10 m above ground",-95.25,36.5,-1.34
"2024-01-01 00:00:00","2024-01-01 00:00:00","UGRD","10 m above ground",-95,36.5,-1.16
"2024-01-01 00:00:00","2024-01-01 00:00:00","UGRD","10 m above ground",-94.75,36.5,-0.79
"2024-01-01 00:00:00","2024-01-01 00:00:00","UGRD","10 m above ground",-94.5,36.5,-0.6
"2024-01-01 00:00:00","2024-01-01 00:00:00","UGRD","10 m above ground",-94.25,36.5,-0.34
"2024-01-01 00:00:00","2024-01-01 00:00:00","UGRD","10 m above ground",-94,36.5,-0.48
"2024-01-01 00:00:00","2024-01-01 00:00:00","UGRD","10 m above ground",-93.75,36.5,-0.17
"2024-01-01 00:00:00","2024-01-01 00:00:00","UGRD","10 m above ground",-93.5,36.5,0.4
"2024-01-01 00:00:00","2024-01-01 00:00:00","UGRD","10 m above ground",-93.25,36.5,0.62
"2024-01-01 00:00:00","2024-01-01 00:00:00","UGRD","10 m above ground",-93,36.5,0.78
"2024-01-01 00:00:00","2024-01-01 00:00:00","UGRD","10 m above ground",-92.75,36.5,0.7
"2024-01-01 00:00:00","2024-01-01 00:00:00","UGRD","10 m above ground",-92.5,36.5,0.57
"2024-01-01 00:00:00","2024-01-01 00:00:00","UGRD","10 m above ground",-92.25,36.5,0.73
"2024-01-01 00:00:00","2024-01-01 00:00:00","UGRD","10 m above ground",-92,36.5,0.97
"2024-01-01 00:00:00","2024-01-01 00:00:00","UGRD","10 m above ground",-91.75,36.5,0.62
"2024-01-01 00:00:00","2024-01-01 00:00:00","UGRD","10 m above ground",-91.5,36.5,0.31
"2024-01-01 00:00:00","2024-01-01 00:00:00","UGRD","10 m above ground",-91.25,36.5,0.05
"2024-01-01 00:00:00","2024-01-01 00:00:00","UGRD","10 m above ground",-91,36.5,0.41
"2024-01-01 00:00:00","2024-01-01 00:00:00","UGRD","10 m above ground",-90.75,36.5,1.09
"2024-01-01 00:00:00","2024-01-01 00:00:00","UGRD","10 m above ground",-90.5,36.5,1.08
"2024-01-01 00:00:00","2024-01-01 00:00:00","UGRD","10 m above ground",-90.25,36.5,0.81
"2024-01-01 00:00:00","2024-01-01 00:00:00","UGRD","10 m above ground",-90,36.5,0.86
"2024-01-01 00:00:00","2024-01-01 00:00:00","UGRD","10 m above ground",-89.75,36.5,0.65
"2024-01-01 00:00:00","2024-01-01 00:00:00","UGRD","10 m above ground",-89.5,36.5,0.39
"2024-01-01 00:00:00","2024-01-01 00:00:00","UGRD","10 m above ground",-89.25,36.5,0.1
"2024-01-01 00:00:00","2024-01-01 00:00:00","UGRD","10 m above ground",-89,36.5,-0.04
"2024-01-01 00:00:00","2024-01-01 00:00:00","UGRD","10 m above ground",-88.75,36.5,0.09
"2024-01-01 00:00:00","2024-01-01 00:00:00","UGRD","10 m above ground",-88.5,36.5,0.52
"2024-01-01 00:00:00","2024-01-01 00:00:00","UGRD","10 m above ground",-98.5,36.75,-1.7
"2024-01-01 00:00:00","2024-01-01 00:00:00","UGRD","10 m above ground",-98.25,36.75,-2.03
"2024-01-01 00:00:00","2024-01-01 00:00:00","UGRD","10 m above ground",-98,36.75,-1.48
"2024-01-01 00:00:00","2024-01-01 00:00:00","UGRD","10 m above ground",-97.75,36.75,-1.07
"2024-01-01 00:00:00","2024-01-01 00:00:00","UGRD","10 m above ground",-97.5,36.75,-1.5
"2024-01-01 00:00:00","2024-01-01 00:00:00","UGRD","10 m above ground",-97.25,36.75,-1.29
"2024-01-01 00:00:00","2024-01-01 00:00:00","UGRD","10 m above ground",-97,36.75,-1.26
"2024-01-01 00:00:00","2024-01-01 00:00:00","UGRD","10 m above ground",-96.75,36.75,-1.77
"2024-01-01 00:00:00","2024-01-01 00:00:00","UGRD","10 m above ground",-96.5,36.75,-1.54
"2024-01-01 00:00:00","2024-01-01 00:00:00","UGRD","10 m above ground",-96.25,36.75,-1.19
"2024-01-01 00:00:00","2024-01-01 00:00:00","UGRD","10 m above ground",-96,36.75,-0.93
"2024-01-01 00:00:00","2024-01-01 00:00:00","UGRD","10 m above ground",-95.75,36.75,-0.9
"2024-01-01 00:00:00","2024-01-01 00:00:00","UGRD","10 m above ground",-95.5,36.75,-1
"2024-01-01 00:00:00","2024-01-01 00:00:00","UGRD","10 m above ground",-95.25,36.75,-1.13
"2024-01-01 00:00:00","2024-01-01 00:00:00","UGRD","10 m above ground",-95,36.75,-0.94
"2024-01-01 00:00:00","2024-01-01 00:00:00","UGRD","10 m above ground",-94.75,36.75,-0.64
"2024-01-01 00:00:00","2024-01-01 00:00:00","UGRD","10 m above ground",-94.5,36.75,-0.75
"2024-01-01 00:00:00","2024-01-01 00:00:00","UGRD","10 m above ground",-94.25,36.75,-0.55
"2024-01-01 00:00:00","2024-01-01 00:00:00","UGRD","10 m above ground",-94,36.75,-0.43
"2024-01-01 00:00:00","2024-01-01 00:00:00","UGRD","10 m above ground",-93.75,36.75,0.08
"2024-01-01 00:00:00","2024-01-01 00:00:00","UGRD","10 m above ground",-93.5,36.75,0.71
"2024-01-01 00:00:00","2024-01-01 00:00:00","UGRD","10 m above ground",-93.25,36.75,0.64
"2024-01-01 00:00:00","2024-01-01 00:00:00","UGRD","10 m above ground",-93,36.75,0.5
"2024-01-01 00:00:00","2024-01-01 00:00:00","UGRD","10 m above ground",-92.75,36.75,0.79
"2024-01-01 00:00:00","2024-01-01 00:00:00","UGRD","10 m above ground",-92.5,36.75,0.5
"2024-01-01 00:00:00","2024-01-01 00:00:00","UGRD","10 m above ground",-92.25,36.75,0.54
"2024-01-01 00:00:00","2024-01-01 00:00:00","UGRD","10 m above ground",-92,36.75,0.5
"2024-01-01 00:00:00","2024-01-01 00:00:00","UGRD","10 m above ground",-91.75,36.75,0.39
"2024-01-01 00:00:00","2024-01-01 00:00:00","UGRD","10 m above ground",-91.5,36.75,0.34
"2024-01-01 00:00:00","2024-01-01 00:00:00","UGRD","10 m above ground",-91.25,36.75,0.52
"2024-01-01 00:00:00","2024-01-01 00:00:00","UGRD","10 m above ground",-91,36.75,1.06
"2024-01-01 00:00:00","2024-01-01 00:00:00","UGRD","10 m above ground",-90.75,36.75,1.11
"2024-01-01 00:00:00","2024-01-01 00:00:00","UGRD","10 m above ground",-90.5,36.75,0.82
"2024-01-01 00:00:00","2024-01-01 00:00:00","UGRD","10 m above ground",-90.25,36.75,0.81
"2024-01-01 00:00:00","2024-01-01 00:00:00","UGRD","10 m above ground",-90,36.75,0.49
"2024-01-01 00:00:00","2024-01-01 00:00:00","UGRD","10 m above ground",-89.75,36.75,0.4
"2024-01-01 00:00:00","2024-01-01 00:00:00","UGRD","10 m above ground",-89.5,36.75,0.41
"2024-01-01 00:00:00","2024-01-01 00:00:00","UGRD","10 m above ground",-89.25,36.75,0.2
"2024-01-01 00:00:00","2024-01-01 00:00:00","UGRD","10 m above ground",-89,36.75,0.17
"2024-01-01 00:00:00","2024-01-01 00:00:00","UGRD","10 m above ground",-88.75,36.75,0.41
"2024-01-01 00:00:00","2024-01-01 00:00:00","UGRD","10 m above ground",-88.5,36.75,0.84
"2024-01-01 00:00:00","2024-01-01 00:00:00","UGRD","10 m above ground",-98.5,37,-1.77
"2024-01-01 00:00:00","2024-01-01 00:00:00","UGRD","10 m above ground",-98.25,37,-1.88
"2024-01-01 00:00:00","2024-01-01 00:00:00","UGRD","10 m above ground",-98,37,-1.36
"2024-01-01 00:00:00","2024-01-01 00:00:00","UGRD","10 m above ground",-97.75,37,-0.9
"2024-01-01 00:00:00","2024-01-01 00:00:00","UGRD","10 m above ground",-97.5,37,-1.24
"2024-01-01 00:00:00","2024-01-01 00:00:00","UGRD","10 m above ground",-97.25,37,-1.29
"2024-01-01 00:00:00","2024-01-01 00:00:00","UGRD","10 m above ground",-97,37,-0.92
"2024-01-01 00:00:00","2024-01-01 00:00:00","UGRD","10 m above ground",-96.75,37,-1.28
"2024-01-01 00:00:00","2024-01-01 00:00:00","UGRD","10 m above ground",-96.5,37,-1.12
"2024-01-01 00:00:00","2024-01-01 00:00:00","UGRD","10 m above ground",-96.25,37,-0.8
"2024-01-01 00:00:00","2024-01-01 00:00:00","UGRD","10 m above ground",-96,37,-0.79
"2024-01-01 00:00:00","2024-01-01 00:00:00","UGRD","10 m above ground",-95.75,37,-0.81
"2024-01-01 00:00:00","2024-01-01 00:00:00","UGRD","10 m above ground",-95.5,37,-0.93
"2024-01-01 00:00:00","2024-01-01 00:00:00","UGRD","10 m above ground",-95.25,37,-0.96
"2024-01-01 00:00:00","2024-01-01 00:00:00","UGRD","10 m above ground",-95,37,-0.74
"2024-01-01 00:00:00","2024-01-01 00:00:00","UGRD","10 m above ground",-94.75,37,-0.64
"2024-01-01 00:00:00","2024-01-01 00:00:00","UGRD","10 m above ground",-94.5,37,-0.66
"2024-01-01 00:00:00","2024-01-01 00:00:00","UGRD","10 m above ground",-94.25,37,-0.6
"2024-01-01 00:00:00","2024-01-01 00:00:00","UGRD","10 m above ground",-94,37,-0.32
"2024-01-01 00:00:00","2024-01-01 00:00:00","UGRD","10 m above ground",-93.75,37,0.31
"2024-01-01 00:00:00","2024-01-01 00:00:00","UGRD","10 m above ground",-93.5,37,0.73
"2024-01-01 00:00:00","2024-01-01 00:00:00","UGRD","10 m above ground",-93.25,37,0.1
"2024-01-01 00:00:00","2024-01-01 00:00:00","UGRD","10 m above ground",-93,37,0.38
"2024-01-01 00:00:00","2024-01-01 00:00:00","UGRD","10 m above ground",-92.75,37,0.62
"2024-01-01 00:00:00","2024-01-01 00:00:00","UGRD","10 m above ground",-92.5,37,0.39
"2024-01-01 00:00:00","2024-01-01 00:00:00","UGRD","10 m above ground",-92.25,37,0.23
"2024-01-01 00:00:00","2024-01-01 00:00:00","UGRD","10 m above ground",-92,37,0.23
"2024-01-01 00:00:00","2024-01-01 00:00:00","UGRD","10 m above ground",-91.75,37,0.56
"2024-01-01 00:00:00","2024-01-01 00:00:00","UGRD","10 m above ground",-91.5,37,0.63
"2024-01-01 00:00:00","2024-01-01 00:00:00","UGRD","10 m above ground",-91.25,37,0.99
"2024-01-01 00:00:00","2024-01-01 00:00:00","UGRD","10 m above ground",-91,37,1.05
"2024-01-01 00:00:00","2024-01-01 00:00:00","UGRD","10 m above ground",-90.75,37,0.97
"2024-01-01 00:00:00","2024-01-01 00:00:00","UGRD","10 m above ground",-90.5,37,0.79
"2024-01-01 00:00:00","2024-01-01 00:00:00","UGRD","10 m above ground",-90.25,37,0.66
"2024-01-01 00:00:00","2024-01-01 00:00:00","UGRD","10 m above ground",-90,37,0.62
"2024-01-01 00:00:00","2024-01-01 00:00:00","UGRD","10 m above ground",-89.75,37,0.52
"2024-01-01 00:00:00","2024-01-01 00:00:00","UGRD","10 m above ground",-89.5,37,0.36
"2024-01-01 00:00:00","2024-01-01 00:00:00","UGRD","10 m above ground",-89.25,37,0.55
"2024-01-01 00:00:00","2024-01-01 00:00:00","UGRD","10 m above ground",-89,37,1
"2024-01-01 00:00:00","2024-01-01 00:00:00","UGRD","10 m above ground",-88.75,37,1.21
"2024-01-01 00:00:00","2024-01-01 00:00:00","UGRD","10 m above ground",-88.5,37,1.09
"2024-01-01 00:00:00","2024-01-01 00:00:00","UGRD","10 m above ground",-98.5,37.25,-1.78
"2024-01-01 00:00:00","2024-01-01 00:00:00","UGRD","10 m above ground",-98.25,37.25,-1.83
"2024-01-01 00:00:00","2024-01-01 00:00:00","UGRD","10 m above ground",-98,37.25,-1.52
"2024-01-01 00:00:00","2024-01-01 00:00:00","UGRD","10 m above ground",-97.75,37.25,-0.84
"2024-01-01 00:00:00","2024-01-01 00:00:00","UGRD","10 m above ground",-97.5,37.25,-0.84
"2024-01-01 00:00:00","2024-01-01 00:00:00","UGRD","10 m above ground",-97.25,37.25,-1.15
"2024-01-01 00:00:00","2024-01-01 00:00:00","UGRD","10 m above ground",-97,37.25,-0.83
"2024-01-01 00:00:00","2024-01-01 00:00:00","UGRD","10 m above ground",-96.75,37.25,-1
"2024-01-01 00:00:00","2024-01-01 00:00:00","UGRD","10 m above ground",-96.5,37.25,-1.1
"2024-01-01 00:00:00","2024-01-01 00:00:00","UGRD","10 m above ground",-96.25,37.25,-0.93
"2024-01-01 00:00:00","2024-01-01 00:00:00","UGRD","10 m above ground",-96,37.25,-0.74
"2024-01-01 00:00:00","2024-01-01 00:00:00","UGRD","10 m above ground",-95.75,37.25,-0.65
"2024-01-01 00:00:00","2024-01-01 00:00:00","UGRD","10 m above ground",-95.5,37.25,-0.62
"2024-01-01 00:00:00","2024-01-01 00:00:00","UGRD","10 m above ground",-95.25,37.25,-0.67
"2024-01-01 00:00:00","2024-01-01 00:00:00","UGRD","10 m above ground",-95,37.25,-0.48
"2024-01-01 00:00:00","2024-01-01 00:00:00","UGRD","10 m above ground",-94.75,37.25,-0.35
"2024-01-01 00:00:00","2024-01-01 00:00:00","UGRD","10 m above ground",-94.5,37.25,-0.42
"2024-01-01 00:00:00","2024-01-01 00:00:00","UGRD","10 m above ground",-94.25,37.25,-0.43
"2024-01-01 00:00:00","2024-01-01 00:00:00","UGRD","10 m above ground",-94,37.25,-0.23
"2024-01-01 00:00:00","2024-01-01 00:00:00","UGRD","10 m above ground",-93.75,37.25,0.35
"2024-01-01 00:00:00","2024-01-01 00:00:00","UGRD","10 m above ground",-93.5,37.25,0.35
"2024-01-01 00:00:00","2024-01-01 00:00:00","UGRD","10 m above ground",-93.25,37.25,0.1
"2024-01-01 00:00:00","2024-01-01 00:00:00","UGRD","10 m above ground",-93,37.25,0.65
"2024-01-01 00:00:00","2024-01-01 00:00:00","UGRD","10 m above ground",-92.75,37.25,0.76
"2024-01-01 00:00:00","2024-01-01 00:00:00","UGRD","10 m above ground",-92.5,37.25,0.29
"2024-01-01 00:00:00","2024-01-01 00:00:00","UGRD","10 m above ground",-92.25,37.25,0.3
"2024-01-01 00:00:00","2024-01-01 00:00:00","UGRD","10 m above ground",-92,37.25,0.52
"2024-01-01 00:00:00","2024-01-01 00:00:00","UGRD","10 m above ground",-91.75,37.25,0.81
"2024-01-01 00:00:00","2024-01-01 00:00:00","UGRD","10 m above ground",-91.5,37.25,0.93
"2024-01-01 00:00:00","2024-01-01 00:00:00","UGRD","10 m above ground",-91.25,37.25,1.07
"2024-01-01 00:00:00","2024-01-01 00:00:00","UGRD","10 m above ground",-91,37.25,1.1
"2024-01-01 00:00:00","2024-01-01 00:00:00","UGRD","10 m above ground",-90.75,37.25,0.97
"2024-01-01 00:00:00","2024-01-01 00:00:00","UGRD","10 m above ground",-90.5,37.25,0.8
"2024-01-01 00:00:00","2024-01-01 00:00:00","UGRD","10 m above ground",-90.25,37.25,0.81
"2024-01-01 00:00:00","2024-01-01 00:00:00","UGRD","10 m above ground",-90,37.25,0.9
"2024-01-01 00:00:00","2024-01-01 00:00:00","UGRD","10 m above ground",-89.75,37.25,0.63
"2024-01-01 00:00:00","2024-01-01 00:00:00","UGRD","10 m above ground",-89.5,37.25,0.78
"2024-01-01 00:00:00","2024-01-01 00:00:00","UGRD","10 m above ground",-89.25,37.25,1.26
"2024-01-01 00:00:00","2024-01-01 00:00:00","UGRD","10 m above ground",-89,37.25,1.65
"2024-01-01 00:00:00","2024-01-01 00:00:00","UGRD","10 m above ground",-88.75,37.25,1.45
"2024-01-01 00:00:00","2024-01-01 00:00:00","UGRD","10 m above ground",-88.5,37.25,1.28
"2024-01-01 00:00:00","2024-01-01 00:00:00","UGRD","10 m above ground",-98.5,37.5,-1.5
"2024-01-01 00:00:00","2024-01-01 00:00:00","UGRD","10 m above ground",-98.25,37.5,-1.39
"2024-01-01 00:00:00","2024-01-01 00:00:00","UGRD","10 m above ground",-98,37.5,-1.31
"2024-01-01 00:00:00","2024-01-01 00:00:00","UGRD","10 m above ground",-97.75,37.5,-0.92
"2024-01-01 00:00:00","2024-01-01 00:00:00","UGRD","10 m above ground",-97.5,37.5,-0.79
"2024-01-01 00:00:00","2024-01-01 00:00:00","UGRD","10 m above ground",-97.25,37.5,-1.01
"2024-01-01 00:00:00","2024-01-01 00:00:00","UGRD","10 m above ground",-97,37.5,-0.73
"2024-01-01 00:00:00","2024-01-01 00:00:00","UGRD","10 m above ground",-96.75,37.5,-0.79
"2024-01-01 00:00:00","2024-01-01 00:00:00","UGRD","10 m above ground",-96.5,37.5,-0.72
"2024-01-01 00:00:00","2024-01-01 00:00:00","UGRD","10 m above ground",-96.25,37.5,-0.49
"2024-01-01 00:00:00","2024-01-01 00:00:00","UGRD","10 m above ground",-96,37.5,-0.32
"2024-01-01 00:00:00","2024-01-01 00:00:00","UGRD","10 m above ground",-95.75,37.5,-0.34
"2024-01-01 00:00:00","2024-01-01 00:00:00","UGRD","10 m above ground",-95.5,37.5,-0.34
"2024-01-01 00:00:00","2024-01-01 00:00:00","UGRD","10 m above ground",-95.25,37.5,-0.33
"2024-01-01 00:00:00","2024-01-01 00:00:00","UGRD","10 m above ground",-95,37.5,-0.33
"2024-01-01 00:00:00","2024-01-01 00:00:00","UGRD","10 m above ground",-94.75,37.5,-0.34
"2024-01-01 00:00:00","2024-01-01 00:00:00","UGRD","10 m above ground",-94.5,37.5,-0.41
"2024-01-01 00:00:00","2024-01-01 00:00:00","UGRD","10 m above ground",-94.25,37.5,-0.33
"2024-01-01 00:00:00","2024-01-01 00:00:00","UGRD","10 m above ground",-94,37.5,-0.13
"2024-01-01 00:00:00","2024-01-01 00:00:00","UGRD","10 m above ground",-93.75,37.5,0.19
"2024-01-01 00:00:00","2024-01-01 00:00:00","UGRD","10 m above ground",-93.5,37.5,0.19
"2024-01-01 00:00:00","2024-01-01 00:00:00","UGRD","10 m above ground",-93.25,37.5,0.29
"2024-01-01 00:00:00","2024-01-01 00:00:00","UGRD","10 m above ground",-93,37.5,0.72
"2024-01-01 00:00:00","2024-01-01 00:00:00","UGRD","10 m above ground",-92.75,37.5,0.57
"2024-01-01 00:00:00","2024-01-01 00:00:00","UGRD","10 m above ground",-92.5,37.5,0.27
"2024-01-01 00:00:00","2024-01-01 00:00:00","UGRD","10 m above ground",-92.25,37.5,0.55
"2024-01-01 00:00:00","2024-01-01 00:00:00","UGRD","10 m above ground",-92,37.5,0.89
"2024-01-01 00:00:00","2024-01-01 00:00:00","UGRD","10 m above ground",-91.75,37.5,1.19
"2024-01-01 00:00:00","2024-01-01 00:00:00","UGRD","10 m above ground",-91.5,37.5,1.37
"2024-01-01 00:00:00","2024-01-01 00:00:00","UGRD","10 m above ground",-91.25,37.5,1.22
"2024-01-01 00:00:00","2024-01-01 00:00:00","UGRD","10 m above ground",-91,37.5,1.15
"2024-01-01 00:00:00","2024-01-01 00:00:00","UGRD","10 m above ground",-90.75,37.5,1.04
"2024-01-01 00:00:00","2024-01-01 00:00:00","UGRD","10 m above ground",-90.5,37.5,1.07
"2024-01-01 00:00:00","2024-01-01 00:00:00","UGRD","10 m above ground",-90.25,37.5,1.07
"2024-01-01 00:00:00","2024-01-01 00:00:00","UGRD","10 m above ground",-90,37.5,1.27
"2024-01-01 00:00:00","2024-01-01 00:00:00","UGRD","10 m above ground",-89.75,37.5,1.64
"2024-01-01 00:00:00","2024-01-01 00:00:00","UGRD","10 m above ground",-89.5,37.5,1.55
"2024-01-01 00:00:00","2024-01-01 00:00:00","UGRD","10 m above ground",-89.25,37.5,1.67
"2024-01-01 00:00:00","2024-01-01 00:00:00","UGRD","10 m above ground",-89,37.5,1.75
"2024-01-01 00:00:00","2024-01-01 00:00:00","UGRD","10 m above ground",-88.75,37.5,1.62
"2024-01-01 00:00:00","2024-01-01 00:00:00","UGRD","10 m above ground",-88.5,37.5,1.78
"2024-01-01 00:00:00","2024-01-01 00:00:00","UGRD","10 m above ground",-98.5,37.75,-1.11
"2024-01-01 00:00:00","2024-01-01 00:00:00","UGRD","10 m above ground",-98.25,37.75,-1.03
"2024-01-01 00:00:00","2024-01-01 00:00:00","UGRD","10 m above ground",-98,37.75,-1.03
"2024-01-01 00:00:00","2024-01-01 00:00:00","UGRD","10 m above ground",-97.75,37.75,-0.9
"2024-01-01 00:00:00","2024-01-01 00:00:00","UGRD","10 m above ground",-97.5,37.75,-0.81
"2024-01-01 00:00:00","2024-01-01 00:00:00","UGRD","10 m above ground",-97.25,37.75,-0.52
"2024-01-01 00:00:00","2024-01-01 00:00:00","UGRD","10 m above ground",-97,37.75,-0.2
"2024-01-01 00:00:00","2024-01-01 00:00:00","UGRD","10 m above ground",-96.75,37.75,-0.4
"2024-01-01 00:00:00","2024-01-01 00:00:00","UGRD","10 m above ground",-96.5,37.75,-0.06
"2024-01-01 00:00:00","2024-01-01 00:00:00","UGRD","10 m above ground",-96.25,37.75,0.04
"2024-01-01 00:00:00","2024-01-01 00:00:00","UGRD","10 m above ground",-96,37.75,-0.09
"2024-01-01 00:00:00","2024-01-01 00:00:00","UGRD","10 m above ground",-95.75,37.75,-0.29
"2024-01-01 00:00:00","2024-01-01 00:00:00","UGRD","10 m above ground",-95.5,37.75,-0.17
"2024-01-01 00:00:00","2024-01-01 00:00:00","UGRD","10 m above ground",-95.25,37.75,-0.27
"2024-01-01 00:00:00","2024-01-01 00:00:00","UGRD","10 m above ground",-95,37.75,-0.28
"2024-01-01 00:00:00","2024-01-01 00:00:00","UGRD","10 m above ground",-94.75,37.75,-0.25
"2024-01-01 00:00:00","2024-01-01 00:00:00","UGRD","10 m above ground",-94.5,37.75,-0.38
"2024-01-01 00:00:00","2024-01-01 00:00:00","UGRD","10 m above ground",-94.25,37.75,-0.2
"2024-01-01 00:00:00","2024-01-01 00:00:00","UGRD","10 m above ground",-94,37.75,0.02
"2024-01-01 00:00:00","2024-01-01 00:00:00","UGRD","10 m above ground",-93.75,37.75,0.12
"2024-01-01 00:00:00","2024-01-01 00:00:00","UGRD","10 m above ground",-93.5,37.75,0.27
"2024-01-01 00:00:00","2024-01-01 00:00:00","UGRD","10 m above ground",-93.25,37.75,0.37
"2024-01-01 00:00:00","2024-01-01 00:00:00","UGRD","10 m above ground",-93,37.75,0.59
"2024-01-01 00:00:00","2024-01-01 00:00:00","UGRD","10 m above ground",-92.75,37.75,0.71
"2024-01-01 00:00:00","2024-01-01 00:00:00","UGRD","10 m above ground",-92.5,37.75,0.69
"2024-01-01 00:00:00","2024-01-01 00:00:00","UGRD","10 m above ground",-92.25,37.75,0.82
"2024-01-01 00:00:00","2024-01-01 00:00:00","UGRD","10 m above ground",-92,37.75,1.01
"2024-01-01 00:00:00","2024-01-01 00:00:00","UGRD","10 m above ground",-91.75,37.75,1.5
"2024-01-01 00:00:00","2024-01-01 00:00:00","UGRD","10 m above ground",-91.5,37.75,1.15
"2024-01-01 00:00:00","2024-01-01 00:00:00","UGRD","10 m above ground",-91.25,37.75,1.16
"2024-01-01 00:00:00","2024-01-01 00:00:00","UGRD","10 m above ground",-91,37.75,1.25
"2024-01-01 00:00:00","2024-01-01 00:00:00","UGRD","10 m above ground",-90.75,37.75,1.27
"2024-01-01 00:00:00","2024-01-01 00:00:00","UGRD","10 m above ground",-90.5,37.75,1.52
"2024-01-01 00:00:00","2024-01-01 00:00:00","UGRD","10 m above ground",-90.25,37.75,1.61
"2024-01-01 00:00:00","2024-01-01 00:00:00","UGRD","10 m above ground",-90,37.75,2.15
"2024-01-01 00:00:00","2024-01-01 00:00:00","UGRD","10 m above ground",-89.75,37.75,2.27
"2024-01-01 00:00:00","2024-01-01 00:00:00","UGRD","10 m above ground",-89.5,37.75,2.11
"2024-01-01 00:00:00","2024-01-01 00:00:00","UGRD","10 m above ground",-89.25,37.75,2.02
"2024-01-01 00:00:00","2024-01-01 00:00:00","UGRD","10 m above ground",-89,37.75,2.1
"2024-01-01 00:00:00","2024-01-01 00:00:00","UGRD","10 m above ground",-88.75,37.75,2.32
"2024-01-01 00:00:00","2024-01-01 00:00:00","UGRD","10 m above ground",-88.5,37.75,2.41
"2024-01-01 00:00:00","2024-01-01 00:00:00","UGRD","10 m above ground",-98.5,38,-0.88
"2024-01-01 00:00:00","2024-01-01 00:00:00","UGRD","10 m above ground",-98.25,38,-0.9
"2024-01-01 00:00:00","2024-01-01 00:00:00","UGRD","10 m above ground",-98,38,-0.85
"2024-01-01 00:00:00","2024-01-01 00:00:00","UGRD","10 m above ground",-97.75,38,-0.75
"2024-01-01 00:00:00","2024-01-01 00:00:00","UGRD","10 m above ground",-97.5,38,-0.6
"2024-01-01 00:00:00","2024-01-01 00:00:00","UGRD","10 m above ground",-97.25,38,-0.11
"2024-01-01 00:00:00","2024-01-01 00:00:00","UGRD","10 m above ground",-97,38,0.2
"2024-01-01 00:00:00","2024-01-01 00:00:00","UGRD","10 m above ground",-96.75,38,-0.05
"2024-01-01 00:00:00","2024-01-01 00:00:00","UGRD","10 m above ground",-96.5,38,0.16
"2024-01-01 00:00:00","2024-01-01 00:00:00","UGRD","10 m above ground",-96.25,38,0.17
"2024-01-01 00:00:00","2024-01-01 00:00:00","UGRD","10 m above ground",-96,38,-0.22
"2024-01-01 00:00:00","2024-01-01 00:00:00","UGRD","10 m above ground",-95.75,38,-0.35
"2024-01-01 00:00:00","2024-01-01 00:00:00","UGRD","10 m above ground",-95.5,38,-0.13
"2024-01-01 00:00:00","2024-01-01 00:00:00","UGRD","10 m above ground",-95.25,38,-0.27
"2024-01-01 00:00:00","2024-01-01 00:00:00","UGRD","10 m above ground",-95,38,-0.18
"2024-01-01 00:00:00","2024-01-01 00:00:00","UGRD","10 m above ground",-94.75,38,-0.02
"2024-01-01 00:00:00","2024-01-01 00:00:00","UGRD","10 m above ground",-94.5,38,-0.18
"2024-01-01 00:00:00","2024-01-01 00:00:00","UGRD","10 m above ground",-94.25,38,0.09
"2024-01-01 00:00:00","2024-01-01 00:00:00","UGRD","10 m above ground",-94,38,0.23
"2024-01-01 00:00:00","2024-01-01 00:00:00","UGRD","10 m above ground",-93.75,38,0.12
"2024-01-01 00:00:00","2024-01-01 00:00:00","UGRD","10 m above ground",-93.5,38,0.31
"2024-01-01 00:00:00","2024-01-01 00:00:00","UGRD","10 m above ground",-93.25,38,0.65
"2024-01-01 00:00:00","2024-01-01 00:00:00","UGRD","10 m above ground",-93,38,0.77
"2024-01-01 00:00:00","2024-01-01 00:00:00","UGRD","10 m above ground",-92.75,38,0.87
"2024-01-01 00:00:00","2024-01-01 00:00:00","UGRD","10 m above ground",-92.5,38,1.08
"2024-01-01 00:00:00","2024-01-01 00:00:00","UGRD","10 m above ground",-92.25,38,1.56
"2024-01-01 00:00:00","2024-01-01 00:00:00","UGRD","10 m above ground",-92,38,1.24
"2024-01-01 00:00:00","2024-01-01 00:00:00","UGRD","10 m above ground",-91.75,38,1.21
"2024-01-01 00:00:00","2024-01-01 00:00:00","UGRD","10 m above ground",-91.5,38,1.03
"2024-01-01 00:00:00","2024-01-01 00:00:00","UGRD","10 m above ground",-91.25,38,1.19
"2024-01-01 00:00:00","2024-01-01 00:00:00","UGRD","10 m above ground",-91,38,1.35
"2024-01-01 00:00:00","2024-01-01 00:00:00","UGRD","10 m above ground",-90.75,38,1.79
"2024-01-01 00:00:00","2024-01-01 00:00:00","UGRD","10 m above ground",-90.5,38,1.97
"2024-01-01 00:00:00","2024-01-01 00:00:00","UGRD","10 m above ground",-90.25,38,2.21
"2024-01-01 00:00:00","2024-01-01 00:00:00","UGRD","10 m above ground",-90,38,2.57
"2024-01-01 00:00:00","2024-01-01 00:00:00","UGRD","10 m above ground",-89.75,38,2.79
"2024-01-01 00:00:00","2024-01-01 00:00:00","UGRD","10 m above ground",-89.5,38,2.55
"2024-01-01 00:00:00","2024-01-01 00:00:00","UGRD","10 m above ground",-89.25,38,2.39
"2024-01-01 00:00:00","2024-01-01 00:00:00","UGRD","10 m above ground",-89,38,2.61
"2024-01-01 00:00:00","2024-01-01 00:00:00","UGRD","10 m above ground",-88.75,38,3.13
"2024-01-01 00:00:00","2024-01-01 00:00:00","UGRD","10 m above ground",-88.5,38,3.29
"2024-01-01 00:00:00","2024-01-01 00:00:00","UGRD","10 m above ground",-98.5,38.25,-0.79
"2024-01-01 00:00:00","2024-01-01 00:00:00","UGRD","10 m above ground",-98.25,38.25,-0.83
"2024-01-01 00:00:00","2024-01-01 00:00:00","UGRD","10 m above ground",-98,38.25,-0.64
"2024-01-01 00:00:00","2024-01-01 00:00:00","UGRD","10 m above ground",-97.75,38.25,-0.54
"2024-01-01 00:00:00","2024-01-01 00:00:00","UGRD","10 m above ground",-97.5,38.25,-0.47
"2024-01-01 00:00:00","2024-01-01 00:00:00","UGRD","10 m above ground",-97.25,38.25,0.23
"2024-01-01 00:00:00","2024-01-01 00:00:00","UGRD","10 m above ground",-97,38.25,0.56
"2024-01-01 00:00:00","2024-01-01 00:00:00","UGRD","10 m above ground",-96.75,38.25,0.07
"2024-01-01 00:00:00","2024-01-01 00:00:00","UGRD","10 m above ground",-96.5,38.25,0.18
"2024-01-01 00:00:00","2024-01-01 00:00:00","UGRD","10 m above ground",-96.25,38.25,0.29
"2024-01-01 00:00:00","2024-01-01 00:00:00","UGRD","10 m above ground",-96,38.25,-0.09
"2024-01-01 00:00:00","2024-01-01 00:00:00","UGRD","10 m above ground",-95.75,38.25,-0.3
"2024-01-01 00:00:00","2024-01-01 00:00:00","UGRD","10 m above ground",-95.5,38.25,-0.13
"2024-01-01 00:00:00","2024-01-01 00:00:00","UGRD","10 m above ground",-95.25,38.25,-0.02
"2024-01-01 00:00:00","2024-01-01 00:00:00","UGRD","10 m above ground",-95,38.25,0.12
"2024-01-01 00:00:00","2024-01-01 00:00:00","UGRD","10 m above ground",-94.75,38.25,0.42
"2024-01-01 00:00:00","2024-01-01 00:00:00","UGRD","10 m above ground",-94.5,38.25,0.3
"2024-01-01 00:00:00","2024-01-01 00:00:00","UGRD","10 m above ground",-94.25,38.25,0.55
"2024-01-01 00:00:00","2024-01-01 00:00:00","UGRD","10 m above ground",-94,38.25,0.65
"2024-01-01 00:00:00","2024-01-01 00:00:00","UGRD","10 m above ground",-93.75,38.25,0.38
"2024-01-01 00:00:00","2024-01-01 00:00:00","UGRD","10 m above ground",-93.5,38.25,0.59
"2024-01-01 00:00:00","2024-01-01 00:00:00","UGRD","10 m above ground",-93.25,38.25,0.77
"2024-01-01 00:00:00","2024-01-01 00:00:00","UGRD","10 m above ground",-93,38.25,0.87
"2024-01-01 00:00:00","2024-01-01 00:00:00","UGRD","10 m above ground",-92.75,38.25,0.88
"2024-01-01 00:00:00","2024-01-01 00:00:00","UGRD","10 m above ground",-92.5,38.25,1.11
"2024-01-01 00:00:00","2024-01-01 00:00:00","UGRD","10 m above ground",-92.25,38.25,1.44
"2024-01-01 00:00:00","2024-01-01 00:00:00","UGRD","10 m above ground",-92,38.25,1.41
"2024-01-01 00:00:00","2024-01-01 00:00:00","UGRD","10 m above ground",-91.75,38.25,1.31
"2024-01-01 00:00:00","2024-01-01 00:00:00","UGRD","10 m above ground",-91.5,38.25,1.66
"2024-01-01 00:00:00","2024-01-01 00:00:00","UGRD","10 m above ground",-91.25,38.25,1.92
"2024-01-01 00:00:00","2024-01-01 00:00:00","UGRD","10 m above ground",-91,38.25,1.89
"2024-01-01 00:00:00","2024-01-01 00:00:00","UGRD","10 m above ground",-90.75,38.25,2.24
"2024-01-01 00:00:00","2024-01-01 00:00:00","UGRD","10 m above ground",-90.5,38.25,2.48
"2024-01-01 00:00:00","2024-01-01 00:00:00","UGRD","10 m above ground",-90.25,38.25,2.98
"2024-01-01 00:00:00","2024-01-01 00:00:00","UGRD","10 m above ground",-90,38.25,3.24
"2024-01-01 00:00:00","2024-01-01 00:00:00","UGRD","10 m above ground",-89.75,38.25,3.12
"2024-01-01 00:00:00","2024-01-01 00:00:00","UGRD","10 m above ground",-89.5,38.25,3.45
"2024-01-01 00:00:00","2024-01-01 00:00:00","UGRD","10 m above ground",-89.25,38.25,3.77
"2024-01-01 00:00:00","2024-01-01 00:00:00","UGRD","10 m above ground",-89,38.25,3.67
"2024-01-01 00:00:00","2024-01-01 00:00:00","UGRD","10 m above ground",-88.75,38.25,3.56
"2024-01-01 00:00:00","2024-01-01 00:00:00","UGRD","10 m above ground",-88.5,38.25,3.43
"2024-01-01 00:00:00","2024-01-01 00:00:00","UGRD","10 m above ground",-98.5,38.5,-0.74
"2024-01-01 00:00:00","2024-01-01 00:00:00","UGRD","10 m above ground",-98.25,38.5,-0.89
"2024-01-01 00:00:00","2024-01-01 00:00:00","UGRD","10 m above ground",-98,38.5,-0.47
"2024-01-01 00:00:00","2024-01-01 00:00:00","UGRD","10 m above ground",-97.75,38.5,-0.36
"2024-01-01 00:00:00","2024-01-01 00:00:00","UGRD","10 m above ground",-97.5,38.5,-0.3
"2024-01-01 00:00:00","2024-01-01 00:00:00","UGRD","10 m above ground",-97.25,38.5,0.32
"2024-01-01 00:00:00","2024-01-01 00:00:00","UGRD","10 m above ground",-97,38.5,0.73
"2024-01-01 00:00:00","2024-01-01 00:00:00","UGRD","10 m above ground",-96.75,38.5,0.19
"2024-01-01 00:00:00","2024-01-01 00:00:00","UGRD","10 m above ground",-96.5,38.5,0.26
"2024-01-01 00:00:00","2024-01-01 00:00:00","UGRD","10 m above ground",-96.25,38.5,0.46
"2024-01-01 00:00:00","2024-01-01 00:00:00","UGRD","10 m above ground",-96,38.5,0.1
"2024-01-01 00:00:00","2024-01-01 00:00:00","UGRD","10 m above ground",-95.75,38.5,-0.09
"2024-01-01 00:00:00","2024-01-01 00:00:00","UGRD","10 m above ground",-95.5,38.5,0.11
"2024-01-01 00:00:00","2024-01-01 00:00:00","UGRD","10 m above ground",-95.25,38.5,0.31
"2024-01-01 00:00:00","2024-01-01 00:00:00","UGRD","10 m above ground",-95,38.5,0.47
"2024-01-01 00:00:00","2024-01-01 00:00:00","UGRD","10 m above ground",-94.75,38.5,0.88
"2024-01-01 00:00:00","2024-01-01 00:00:00","UGRD","10 m above ground",-94.5,38.5,0.76
"2024-01-01 00:00:00","2024-01-01 00:00:00","UGRD","10 m above ground",-94.25,38.5,1.01
"2024-01-01 00:00:00","2024-01-01 00:00:00","UGRD","10 m above ground",-94,38.5,0.91
"2024-01-01 00:00:00","2024-01-01 00:00:00","UGRD","10 m above ground",-93.75,38.5,0.77
"2024-01-01 00:00:00","2024-01-01 00:00:00","UGRD","10 m above ground",-93.5,38.5,0.88
"2024-01-01 00:00:00","2024-01-01 00:00:00","UGRD","10 m above ground",-93.25,38.5,0.89
"2024-01-01 00:00:00","2024-01-01 00:00:00","UGRD","10 m above ground",-93,38.5,1.09
"2024-01-01 00:00:00","2024-01-01 00:00:00","UGRD","10 m above ground",-92.75,38.5,1.49
"2024-01-01 00:00:00","2024-01-01 00:00:00","UGRD","10 m above ground",-92.5,38.5,1.51
"2024-01-01 00:00:00","2024-01-01 00:00:00","UGRD","10 m above ground",-92.25,38.5,1.4
"2024-01-01 00:00:00","2024-01-01 00:00:00","UGRD","10 m above ground",-92,38.5,1.39
"2024-01-01 00:00:00","2024-01-01 00:00:00","UGRD","10 m above ground",-91.75,38.5,1.39
"2024-01-01 00:00:00","2024-01-01 00:00:00","UGRD","10 m above ground",-91.5,38.5,1.75
"2024-01-01 00:00:00","2024-01-01 00:00:00","UGRD","10 m above ground",-91.25,38.5,2.3
"2024-01-01 00:00:00","2024-01-01 00:00:00","UGRD","10 m above ground",-91,38.5,2.72
"2024-01-01 00:00:00","2024-01-01 00:00:00","UGRD","10 m above ground",-90.75,38.5,2.53
"2024-01-01 00:00:00","2024-01-01 00:00:00","UGRD","10 m above ground",-90.5,38.5,2.94
"2024-01-01 00:00:00","2024-01-01 00:00:00","UGRD","10 m above ground",-90.25,38.5,3.58
"2024-01-01 00:00:00","2024-01-01 00:00:00","UGRD","10 m above ground",-90,38.5,3.75
"2024-01-01 00:00:00","2024-01-01 00:00:00","UGRD","10 m above ground",-89.75,38.5,3.96
"2024-01-01 00:00:00","2024-01-01 00:00:00","UGRD","10 m above ground",-89.5,38.5,3.99
"2024-01-01 00:00:00","2024-01-01 00:00:00","UGRD","10 m above ground",-89.25,38.5,3.92
"2024-01-01 00:00:00","2024-01-01 00:00:00","UGRD","10 m above ground",-89,38.5,4.12
"2024-01-01 00:00:00","2024-01-01 00:00:00","UGRD","10 m above ground",-88.75,38.5,4.19
"2024-01-01 00:00:00","2024-01-01 00:00:00","UGRD","10 m above ground",-88.5,38.5,3.97
"2024-01-01 00:00:00","2024-01-01 00:00:00","UGRD","10 m above ground",-98.5,38.75,-0.62
"2024-01-01 00:00:00","2024-01-01 00:00:00","UGRD","10 m above ground",-98.25,38.75,-0.81
"2024-01-01 00:00:00","2024-01-01 00:00:00","UGRD","10 m above ground",-98,38.75,-0.18
"2024-01-01 00:00:00","2024-01-01 00:00:00","UGRD","10 m above ground",-97.75,38.75,-0.21
"2024-01-01 00:00:00","2024-01-01 00:00:00","UGRD","10 m above ground",-97.5,38.75,-0.27
"2024-01-01 00:00:00","2024-01-01 00:00:00","UGRD","10 m above ground",-97.25,38.75,0.42
"2024-01-01 00:00:00","2024-01-01 00:00:00","UGRD","10 m above ground",-97,38.75,1.03
"2024-01-01 00:00:00","2024-01-01 00:00:00","UGRD","10 m above ground",-96.75,38.75,0.43
"2024-01-01 00:00:00","2024-01-01 00:00:00","UGRD","10 m above ground",-96.5,38.75,0.42
"2024-01-01 00:00:00","2024-01-01 00:00:00","UGRD","10 m above ground",-96.25,38.75,0.67
"2024-01-01 00:00:00","2024-01-01 00:00:00","UGRD","10 m above ground",-96,38.75,0.32
"2024-01-01 00:00:00","2024-01-01 00:00:00","UGRD","10 m above ground",-95.75,38.75,0.15
"2024-01-01 00:00:00","2024-01-01 00:00:00","UGRD","10 m above ground",-95.5,38.75,0.26
"2024-01-01 00:00:00","2024-01-01 00:00:00","UGRD","10 m above ground",-95.25,38.75,0.43
"2024-01-01 00:00:00","2024-01-01 00:00:00","UGRD","10 m above ground",-95,38.75,0.71
"2024-01-01 00:00:00","2024-01-01 00:00:00","UGRD","10 m above ground",-94.75,38.75,1.15
"2024-01-01 00:00:00","2024-01-01 00:00:00","UGRD","10 m above ground",-94.5,38.75,1.08
"2024-01-01 00:00:00","2024-01-01 00:00:00","UGRD","10 m above ground",-94.25,38.75,1.31
"2024-01-01 00:00:00","2024-01-01 00:00:00","UGRD","10 m above ground",-94,38.75,1.27
"2024-01-01 00:00:00","2024-01-01 00:00:00","UGRD","10 m above ground",-93.75,38.75,1.11
"2024-01-01 00:00:00","2024-01-01 00:00:00","UGRD","10 m above ground",-93.5,38.75,1
"2024-01-01 00:00:00","2024-01-01 00:00:00","UGRD","10 m above ground",-93.25,38.75,1.07
"2024-01-01 00:00:00","2024-01-01 00:00:00","UGRD","10 m above ground",-93,38.75,1.25
"2024-01-01 00:00:00","2024-01-01 00:00:00","UGRD","10 m above ground",-92.75,38.75,1.46
"2024-01-01 00:00:00","2024-01-01 00:00:00","UGRD","10 m above ground",-92.5,38.75,1.46
"2024-01-01 00:00:00","2024-01-01 00:00:00","UGRD","10 m above ground",-92.25,38.75,1.6
"2024-01-01 00:00:00","2024-01-01 00:00:00","UGRD","10 m above ground",-92,38.75,1.61
"2024-01-01 00:00:00","2024-01-01 00:00:00","UGRD","10 m above ground",-91.75,38.75,1.59
"2024-01-01 00:00:00","2024-01-01 00:00:00","UGRD","10 m above ground",-91.5,38.75,1.97
"2024-01-01 00:00:00","2024-01-01 00:00:00","UGRD","10 m above ground",-91.25,38.75,2.2
"2024-01-01 00:00:00","2024-01-01 00:00:00","UGRD","10 m above ground",-91,38.75,2.74
"2024-01-01 00:00:00","2024-01-01 00:00:00","UGRD","10 m above ground",-90.75,38.75,3.46
"2024-01-01 00:00:00","2024-01-01 00:00:00","UGRD","10 m above ground",-90.5,38.75,3.52
"2024-01-01 00:00:00","2024-01-01 00:00:00","UGRD","10 m above ground",-90.25,38.75,3.79
"2024-01-01 00:00:00","2024-01-01 00:00:00","UGRD","10 m above ground",-90,38.75,4.28
"2024-01-01 00:00:00","2024-01-01 00:00:00","UGRD","10 m above ground",-89.75,38.75,4.39
"2024-01-01 00:00:00","2024-01-01 00:00:00","UGRD","10 m above ground",-89.5,38.75,4.23
"2024-01-01 00:00:00","2024-01-01 00:00:00","UGRD","10 m above ground",-89.25,38.75,4.25
"2024-01-01 00:00:00","2024-01-01 00:00:00","UGRD","10 m above ground",-89,38.75,4.44
"2024-01-01 00:00:00","2024-01-01 00:00:00","UGRD","10 m above ground",-88.75,38.75,4.42
"2024-01-01 00:00:00","2024-01-01 00:00:00","UGRD","10 m above ground",-88.5,38.75,4.07
"2024-01-01 00:00:00","2024-01-01 00:00:00","UGRD","10 m above ground",-98.5,39,-0.48
"2024-01-01 00:00:00","2024-01-01 00:00:00","UGRD","10 m above ground",-98.25,39,-0.68
"2024-01-01 00:00:00","2024-01-01 00:00:00","UGRD","10 m above ground",-98,39,-0.04
"2024-01-01 00:00:00","2024-01-01 00:00:00","UGRD","10 m above ground",-97.75,39,-0.02
"2024-01-01 00:00:00","2024-01-01 00:00:00","UGRD","10 m above ground",-97.5,39,0.01
"2024-01-01 00:00:00","2024-01-01 00:00:00","UGRD","10 m above ground",-97.25,39,0.61
"2024-01-01 00:00:00","2024-01-01 00:00:00","UGRD","10 m above ground",-97,39,1.11
"2024-01-01 00:00:00","2024-01-01 00:00:00","UGRD","10 m above ground",-96.75,39,0.31
"2024-01-01 00:00:00","2024-01-01 00:00:00","UGRD","10 m above ground",-96.5,39,0.47
"2024-01-01 00:00:00","2024-01-01 00:00:00","UGRD","10 m above ground",-96.25,39,0.92
"2024-01-01 00:00:00","2024-01-01 00:00:00","UGRD","10 m above ground",-96,39,0.51
"2024-01-01 00:00:00","2024-01-01 00:00:00","UGRD","10 m above ground",-95.75,39,0.39
"2024-01-01 00:00:00","2024-01-01 00:00:00","UGRD","10 m above ground",-95.5,39,0.54
"2024-01-01 00:00:00","2024-01-01 00:00:00","UGRD","10 m above ground",-95.25,39,0.64
"2024-01-01 00:00:00","2024-01-01 00:00:00","UGRD","10 m above ground",-95,39,0.95
"2024-01-01 00:00:00","2024-01-01 00:00:00","UGRD","10 m above ground",-94.75,39,1.34
"2024-01-01 00:00:00","2024-01-01 00:00:00","UGRD","10 m above ground",-94.5,39,1.33
"2024-01-01 00:00:00","2024-01-01 00:00:00","UGRD","10 m above ground",-94.25,39,1.7
"2024-01-01 00:00:00","2024-01-01 00:00:00","UGRD","10 m above ground",-94,39,1.72
"2024-01-01 00:00:00","2024-01-01 00:00:00","UGRD","10 m above ground",-93.75,39,1.3
"2024-01-01 00:00:00","2024-01-01 00:00:00","UGRD","10 m above ground",-93.5,39,0.82
"2024-01-01 00:00:00","2024-01-01 00:00:00","UGRD","10 m above ground",-93.25,39,0.93
"2024-01-01 00:00:00","2024-01-01 00:00:00","UGRD","10 m above ground",-93,39,1.33
"2024-01-01 00:00:00","2024-01-01 00:00:00","UGRD","10 m above ground",-92.75,39,1.36
"2024-01-01 00:00:00","2024-01-01 00:00:00","UGRD","10 m above ground",-92.5,39,1.48
"2024-01-01 00:00:00","2024-01-01 00:00:00","UGRD","10 m above ground",-92.25,39,1.69
"2024-01-01 00:00:00","2024-01-01 00:00:00","UGRD","10 m above ground",-92,39,1.82
"2024-01-01 00:00:00","2024-01-01 00:00:00","UGRD","10 m above ground",-91.75,39,1.87
"2024-01-01 00:00:00","2024-01-01 00:00:00","UGRD","10 m above ground",-91.5,39,2.09
"2024-01-01 00:00:00","2024-01-01 00:00:00","UGRD","10 m above ground",-91.25,39,2.66
"2024-01-01 00:00:00","2024-01-01 00:00:00","UGRD","10 m above ground",-91,39,3.27
"2024-01-01 00:00:00","2024-01-01 00:00:00","UGRD","10 m above ground",-90.75,39,3.57
"2024-01-01 00:00:00","2024-01-01 00:00:00","UGRD","10 m above ground",-90.5,39,3.85
"2024-01-01 00:00:00","2024-01-01 00:00:00","UGRD","10 m above ground",-90.25,39,4.16
"2024-01-01 00:00:00","2024-01-01 00:00:00","UGRD","10 m above ground",-90,39,4.19
"2024-01-01 00:00:00","2024-01-01 00:00:00","UGRD","10 m above ground",-89.75,39,4.34
"2024-01-01 00:00:00","2024-01-01 00:00:00","UGRD","10 m above ground",-89.5,39,4.46
"2024-01-01 00:00:00","2024-01-01 00:00:00","UGRD","10 m above ground",-89.25,39,4.54
"2024-01-01 00:00:00","2024-01-01 00:00:00","UGRD","10 m above ground",-89,39,4.53
"2024-01-01 00:00:00","2024-01-01 00:00:00","UGRD","10 m above ground",-88.75,39,4.52
"2024-01-01 00:00:00","2024-01-01 00:00:00","UGRD","10 m above ground",-88.5,39,4.32
"2024-01-01 00:00:00","2024-01-01 00:00:00","UGRD","10 m above ground",-98.5,39.25,-0.22
"2024-01-01 00:00:00","2024-01-01 00:00:00","UGRD","10 m above ground",-98.25,39.25,-0.37
"2024-01-01 00:00:00","2024-01-01 00:00:00","UGRD","10 m above ground",-98,39.25,0.12
"2024-01-01 00:00:00","2024-01-01 00:00:00","UGRD","10 m above ground",-97.75,39.25,0.2
"2024-01-01 00:00:00","2024-01-01 00:00:00","UGRD","10 m above ground",-97.5,39.25,0.26
"2024-01-01 00:00:00","2024-01-01 00:00:00","UGRD","10 m above ground",-97.25,39.25,0.72
"2024-01-01 00:00:00","2024-01-01 00:00:00","UGRD","10 m above ground",-97,39.25,0.8
"2024-01-01 00:00:00","2024-01-01 00:00:00","UGRD","10 m above ground",-96.75,39.25,0.25
"2024-01-01 00:00:00","2024-01-01 00:00:00","UGRD","10 m above ground",-96.5,39.25,0.65
"2024-01-01 00:00:00","2024-01-01 00:00:00","UGRD","10 m above ground",-96.25,39.25,0.92
"2024-01-01 00:00:00","2024-01-01 00:00:00","UGRD","10 m above ground",-96,39.25,0.47
"2024-01-01 00:00:00","2024-01-01 00:00:00","UGRD","10 m above ground",-95.75,39.25,0.53
"2024-01-01 00:00:00","2024-01-01 00:00:00","UGRD","10 m above ground",-95.5,39.25,0.71
"2024-01-01 00:00:00","2024-01-01 00:00:00","UGRD","10 m above ground",-95.25,39.25,0.97
"2024-01-01 00:00:00","2024-01-01 00:00:00","UGRD","10 m above ground",-95,39.25,1.31
"2024-01-01 00:00:00","2024-01-01 00:00:00","UGRD","10 m above ground",-94.75,39.25,1.68
"2024-01-01 00:00:00","2024-01-01 00:00:00","UGRD","10 m above ground",-94.5,39.25,2.07
"2024-01-01 00:00:00","2024-01-01 00:00:00","UGRD","10 m above ground",-94.25,39.25,1.95
"2024-01-01 00:00:00","2024-01-01 00:00:00","UGRD","10 m above ground",-94,39.25,1.77
"2024-01-01 00:00:00","2024-01-01 00:00:00","UGRD","10 m above ground",-93.75,39.25,1.31
"2024-01-01 00:00:00","2024-01-01 00:00:00","UGRD","10 m above ground",-93.5,39.25,0.69
"2024-01-01 00:00:00","2024-01-01 00:00:00","UGRD","10 m above ground",-93.25,39.25,0.94
"2024-01-01 00:00:00","2024-01-01 00:00:00","UGRD","10 m above ground",-93,39.25,1.32
"2024-01-01 00:00:00","2024-01-01 00:00:00","UGRD","10 m above ground",-92.75,39.25,1.29
"2024-01-01 00:00:00","2024-01-01 00:00:00","UGRD","10 m above ground",-92.5,39.25,1.38
"2024-01-01 00:00:00","2024-01-01 00:00:00","UGRD","10 m above ground",-92.25,39.25,1.72
"2024-01-01 00:00:00","2024-01-01 00:00:00","UGRD","10 m above ground",-92,39.25,1.78
"2024-01-01 00:00:00","2024-01-01 00:00:00","UGRD","10 m above ground",-91.75,39.25,1.93
"2024-01-01 00:00:00","2024-01-01 00:00:00","UGRD","10 m above ground",-91.5,39.25,2.36
"2024-01-01 00:00:00","2024-01-01 00:00:00","UGRD","10 m above ground",-91.25,39.25,2.94
"2024-01-01 00:00:00","2024-01-01 00:00:00","UGRD","10 m above ground",-91,39.25,3.36
"2024-01-01 00:00:00","2024-01-01 00:00:00","UGRD","10 m above ground",-90.75,39.25,3.57
"2024-01-01 00:00:00","2024-01-01 00:00:00","UGRD","10 m above ground",-90.5,39.25,3.82
"2024-01-01 00:00:00","2024-01-01 00:00:00","UGRD","10 m above ground",-90.25,39.25,3.93
"2024-01-01 00:00:00","2024-01-01 00:00:00","UGRD","10 m above ground",-90,39.25,4.07
"2024-01-01 00:00:00","2024-01-01 00:00:00","UGRD","10 m above ground",-89.75,39.25,4.42
"2024-01-01 00:00:00","2024-01-01 00:00:00","UGRD","10 m above ground",-89.5,39.25,4.54
"2024-01-01 00:00:00","2024-01-01 00:00:00","UGRD","10 m above ground",-89.25,39.25,4.58
"2024-01-01 00:00:00","2024-01-01 00:00:00","UGRD","10 m above ground",-89,39.25,4.55
"2024-01-01 00:00:00","2024-01-01 00:00:00","UGRD","10 m above ground",-88.75,39.25,4.53
"2024-01-01 00:00:00","2024-01-01 00:00:00","UGRD","10 m above ground",-88.5,39.25,4.63
"2024-01-01 00:00:00","2024-01-01 00:00:00","UGRD","10 m above ground",-98.5,39.5,-0.12
"2024-01-01 00:00:00","2024-01-01 00:00:00","UGRD","10 m above ground",-98.25,39.5,0.01
"2024-01-01 00:00:00","2024-01-01 00:00:00","UGRD","10 m above ground",-98,39.5,0.29
"2024-01-01 00:00:00","2024-01-01 00:00:00","UGRD","10 m above ground",-97.75,39.5,0.26
"2024-01-01 00:00:00","2024-01-01 00:00:00","UGRD","10 m above ground",-97.5,39.5,0.45
"2024-01-01 00:00:00","2024-01-01 00:00:00","UGRD","10 m above ground",-97.25,39.5,0.66
"2024-01-01 00:00:00","2024-01-01 00:00:00","UGRD","10 m above ground",-97,39.5,0.45
"2024-01-01 00:00:00","2024-01-01 00:00:00","UGRD","10 m above ground",-96.75,39.5,0.44
"2024-01-01 00:00:00","2024-01-01 00:00:00","UGRD","10 m above ground",-96.5,39.5,0.83
"2024-01-01 00:00:00","2024-01-01 00:00:00","UGRD","10 m above ground",-96.25,39.5,0.85
"2024-01-01 00:00:00","2024-01-01 00:00:00","UGRD","10 m above ground",-96,39.5,0.54
"2024-01-01 00:00:00","2024-01-01 00:00:00","UGRD","10 m above ground",-95.75,39.5,0.92
"2024-01-01 00:00:00","2024-01-01 00:00:00","UGRD","10 m above ground",-95.5,39.5,1.22
"2024-01-01 00:00:00","2024-01-01 00:00:00","UGRD","10 m above ground",-95.25,39.5,1.39
"2024-01-01 00:00:00","2024-01-01 00:00:00","UGRD","10 m above ground",-95,39.5,1.69
"2024-01-01 00:00:00","2024-01-01 00:00:00","UGRD","10 m above ground",-94.75,39.5,2.15
"2024-01-01 00:00:00","2024-01-01 00:00:00","UGRD","10 m above ground",-94.5,39.5,2.25
"2024-01-01 00:00:00","2024-01-01 00:00:00","UGRD","10 m above ground",-94.25,39.5,2.13
"2024-01-01 00:00:00","2024-01-01 00:00:00","UGRD","10 m above ground",-94,39.5,1.85
"2024-01-01 00:00:00","2024-01-01 00:00:00","UGRD","10 m above ground",-93.75,39.5,1.09
"2024-01-01 00:00:00","2024-01-01 00:00:00","UGRD","10 m above ground",-93.5,39.5,0.74
"2024-01-01 00:00:00","2024-01-01 00:00:00","UGRD","10 m above ground",-93.25,39.5,0.98
"2024-01-01 00:00:00","2024-01-01 00:00:00","UGRD","10 m above ground",-93,39.5,1.13
"2024-01-01 00:00:00","2024-01-01 00:00:00","UGRD","10 m above ground",-92.75,39.5,1.29
"2024-01-01 00:00:00","2024-01-01 00:00:00","UGRD","10 m above ground",-92.5,39.5,1.52
"2024-01-01 00:00:00","2024-01-01 00:00:00","UGRD","10 m above ground",-92.25,39.5,1.65
"2024-01-01 00:00:00","2024-01-01 00:00:00","UGRD","10 m above ground",-92,39.5,1.84
"2024-01-01 00:00:00","2024-01-01 00:00:00","UGRD","10 m above ground",-91.75,39.5,2.22
"2024-01-01 00:00:00","2024-01-01 00:00:00","UGRD","10 m above ground",-91.5,39.5,2.48
"2024-01-01 00:00:00","2024-01-01 00:00:00","UGRD","10 m above ground",-91.25,39.5,2.88
"2024-01-01 00:00:00","2024-01-01 00:00:00","UGRD","10 m above ground",-91,39.5,3.51
"2024-01-01 00:00:00","2024-01-01 00:00:00","UGRD","10 m above ground",-90.75,39.5,3.46
"2024-01-01 00:00:00","2024-01-01 00:00:00","UGRD","10 m above ground",-90.5,39.5,3.6
"2024-01-01 00:00:00","2024-01-01 00:00:00","UGRD","10 m above ground",-90.25,39.5,3.91
"2024-01-01 00:00:00","2024-01-01 00:00:00","UGRD","10 m above ground",-90,39.5,4.31
"2024-01-01 00:00:00","2024-01-01 00:00:00","UGRD","10 m above ground",-89.75,39.5,4.53
"2024-01-01 00:00:00","2024-01-01 00:00:00","UGRD","10 m above ground",-89.5,39.5,4.53
"2024-01-01 00:00:00","2024-01-01 00:00:00","UGRD","10 m above ground",-89.25,39.5,4.33
"2024-01-01 00:00:00","2024-01-01 00:00:00","UGRD","10 m above ground",-89,39.5,4.29
"2024-01-01 00:00:00","2024-01-01 00:00:00","UGRD","10 m above ground",-88.75,39.5,4.49
"2024-01-01 00:00:00","2024-01-01 00:00:00","UGRD","10 m above ground",-88.5,39.5,4.72
"2024-01-01 00:00:00","2024-01-01 00:00:00","UGRD","10 m above ground",-98.5,39.75,0.19
"2024-01-01 00:00:00","2024-01-01 00:00:00","UGRD","10 m above ground",-98.25,39.75,0.23
"2024-01-01 00:00:00","2024-01-01 00:00:00","UGRD","10 m above ground",-98,39.75,0.51
"2024-01-01 00:00:00","2024-01-01 00:00:00","UGRD","10 m above ground",-97.75,39.75,0.35
"2024-01-01 00:00:00","2024-01-01 00:00:00","UGRD","10 m above ground",-97.5,39.75,0.3
"2024-01-01 00:00:00","2024-01-01 00:00:00","UGRD","10 m above ground",-97.25,39.75,0.34
"2024-01-01 00:00:00","2024-01-01 00:00:00","UGRD","10 m above ground",-97,39.75,0.51
"2024-01-01 00:00:00","2024-01-01 00:00:00","UGRD","10 m above ground",-96.75,39.75,0.69
"2024-01-01 00:00:00","2024-01-01 00:00:00","UGRD","10 m above ground",-96.5,39.75,0.86
"2024-01-01 00:00:00","2024-01-01 00:00:00","UGRD","10 m above ground",-96.25,39.75,0.78
"2024-01-01 00:00:00","2024-01-01 00:00:00","UGRD","10 m above ground",-96,39.75,0.98
"2024-01-01 00:00:00","2024-01-01 00:00:00","UGRD","10 m above ground",-95.75,39.75,1.48
"2024-01-01 00:00:00","2024-01-01 00:00:00","UGRD","10 m above ground",-95.5,39.75,1.68
"2024-01-01 00:00:00","2024-01-01 00:00:00","UGRD","10 m above ground",-95.25,39.75,1.78
"2024-01-01 00:00:00","2024-01-01 00:00:00","UGRD","10 m above ground",-95,39.75,2.14
"2024-01-01 00:00:00","2024-01-01 00:00:00","UGRD","10 m above ground",-94.75,39.75,2.36
"2024-01-01 00:00:00","2024-01-01 00:00:00","UGRD","10 m above ground",-94.5,39.75,2.28
"2024-01-01 00:00:00","2024-01-01 00:00:00","UGRD","10 m above ground",-94.25,39.75,2.31
"2024-01-01 00:00:00","2024-01-01 00:00:00","UGRD","10 m above ground",-94,39.75,1.57
"2024-01-01 00:00:00","2024-01-01 00:00:00","UGRD","10 m above ground",-93.75,39.75,0.84
"2024-01-01 00:00:00","2024-01-01 00:00:00","UGRD","10 m above ground",-93.5,39.75,0.91
"2024-01-01 00:00:00","2024-01-01 00:00:00","UGRD","10 m above ground",-93.25,39.75,0.99
"2024-01-01 00:00:00","2024-01-01 00:00:00","UGRD","10 m above ground",-93,39.75,1.13
"2024-01-01 00:00:00","2024-01-01 00:00:00","UGRD","10 m above ground",-92.75,39.75,1.32
"2024-01-01 00:00:00","2024-01-01 00:00:00","UGRD","10 m above ground",-92.5,39.75,1.9
"2024-01-01 00:00:00","2024-01-01 00:00:00","UGRD","10 m above ground",-92.25,39.75,1.98
"2024-01-01 00:00:00","2024-01-01 00:00:00","UGRD","10 m above ground",-92,39.75,2.04
"2024-01-01 00:00:00","2024-01-01 00:00:00","UGRD","10 m above ground",-91.75,39.75,2.38
"2024-01-01 00:00:00","2024-01-01 00:00:00","UGRD","10 m above ground",-91.5,39.75,2.64
"2024-01-01 00:00:00","2024-01-01 00:00:00","UGRD","10 m above ground",-91.25,39.75,3.02
"2024-01-01 00:00:00","2024-01-01 00:00:00","UGRD","10 m above ground",-91,39.75,3.36
"2024-01-01 00:00:00","2024-01-01 00:00:00","UGRD","10 m above ground",-90.75,39.75,3.36
"2024-01-01 00:00:00","2024-01-01 00:00:00","UGRD","10 m above ground",-90.5,39.75,3.52
"2024-01-01 00:00:00","2024-01-01 00:00:00","UGRD","10 m above ground",-90.25,39.75,3.82
"2024-01-01 00:00:00","2024-01-01 00:00:00","UGRD","10 m above ground",-90,39.75,3.99
"2024-01-01 00:00:00","2024-01-01 00:00:00","UGRD","10 m above ground",-89.75,39.75,4.21
"2024-01-01 00:00:00","2024-01-01 00:00:00","UGRD","10 m above ground",-89.5,39.75,4.19
"2024-01-01 00:00:00","2024-01-01 00:00:00","UGRD","10 m above ground",-89.25,39.75,3.9
"2024-01-01 00:00:00","2024-01-01 00:00:00","UGRD","10 m above ground",-89,39.75,4
"2024-01-01 00:00:00","2024-01-01 00:00:00","UGRD","10 m above ground",-88.75,39.75,4.44
"2024-01-01 00:00:00","2024-01-01 00:00:00","UGRD","10 m above ground",-88.5,39.75,4.75
"2024-01-01 00:00:00","2024-01-01 00:00:00","UGRD","10 m above ground",-98.5,40,0.49
"2024-01-01 00:00:00","2024-01-01 00:00:00","UGRD","10 m above ground",-98.25,40,0.41
"2024-01-01 00:00:00","2024-01-01 00:00:00","UGRD","10 m above ground",-98,40,0.33
"2024-01-01 00:00:00","2024-01-01 00:00:00","UGRD","10 m above ground",-97.75,40,0.36
"2024-01-01 00:00:00","2024-01-01 00:00:00","UGRD","10 m above ground",-97.5,40,0.41
"2024-01-01 00:00:00","2024-01-01 00:00:00","UGRD","10 m above ground",-97.25,40,0.61
"2024-01-01 00:00:00","2024-01-01 00:00:00","UGRD","10 m above ground",-97,40,0.83
"2024-01-01 00:00:00","2024-01-01 00:00:00","UGRD","10 m above ground",-96.75,40,1.02
"2024-01-01 00:00:00","2024-01-01 00:00:00","UGRD","10 m above ground",-96.5,40,0.94
"2024-01-01 00:00:00","2024-01-01 00:00:00","UGRD","10 m above ground",-96.25,40,0.85
"2024-01-01 00:00:00","2024-01-01 00:00:00","UGRD","10 m above ground",-96,40,1.22
"2024-01-01 00:00:00","2024-01-01 00:00:00","UGRD","10 m above ground",-95.75,40,1.62
"2024-01-01 00:00:00","2024-01-01 00:00:00","UGRD","10 m above ground",-95.5,40,1.73
"2024-01-01 00:00:00","2024-01-01 00:00:00","UGRD","10 m above ground",-95.25,40,2.13
"2024-01-01 00:00:00","2024-01-01 00:00:00","UGRD","10 m above ground",-95,40,2.46
"2024-01-01 00:00:00","2024-01-01 00:00:00","UGRD","10 m above ground",-94.75,40,2.43
"2024-01-01 00:00:00","2024-01-01 00:00:00","UGRD","10 m above ground",-94.5,40,2.46
"2024-01-01 00:00:00","2024-01-01 00:00:00","UGRD","10 m above ground",-94.25,40,1.83
"2024-01-01 00:00:00","2024-01-01 00:00:00","UGRD","10 m above ground",-94,40,0.95
"2024-01-01 00:00:00","2024-01-01 00:00:00","UGRD","10 m above ground",-93.75,40,0.92
"2024-01-01 00:00:00","2024-01-01 00:00:00","UGRD","10 m above ground",-93.5,40,1
"2024-01-01 00:00:00","2024-01-01 00:00:00","UGRD","10 m above ground",-93.25,40,1.2
"2024-01-01 00:00:00","2024-01-01 00:00:00","UGRD","10 m above ground",-93,40,1.33
"2024-01-01 00:00:00","2024-01-01 00:00:00","UGRD","10 m above ground",-92.75,40,1.52
"2024-01-01 00:00:00","2024-01-01 00:00:00","UGRD","10 m above ground",-92.5,40,2.13
"2024-01-01 00:00:00","2024-01-01 00:00:00","UGRD","10 m above ground",-92.25,40,2.32
"2024-01-01 00:00:00","2024-01-01 00:00:00","UGRD","10 m above ground",-92,40,2.22
"2024-01-01 00:00:00","2024-01-01 00:00:00","UGRD","10 m above ground",-91.75,40,2.57
"2024-01-01 00:00:00","2024-01-01 00:00:00","UGRD","10 m above ground",-91.5,40,2.65
"2024-01-01 00:00:00","2024-01-01 00:00:00","UGRD","10 m above ground",-91.25,40,3.15
"2024-01-01 00:00:00","2024-01-01 00:00:00","UGRD","10 m above ground",-91,40,3.34
"2024-01-01 00:00:00","2024-01-01 00:00:00","UGRD","10 m above ground",-90.75,40,3.33
"2024-01-01 00:00:00","2024-01-01 00:00:00","UGRD","10 m above ground",-90.5,40,3.43
"2024-01-01 00:00:00","2024-01-01 00:00:00","UGRD","10 m above ground",-90.25,40,3.46
"2024-01-01 00:00:00","2024-01-01 00:00:00","UGRD","10 m above ground",-90,40,3.68
"2024-01-01 00:00:00","2024-01-01 00:00:00","UGRD","10 m above ground",-89.75,40,3.65
"2024-01-01 00:00:00","2024-01-01 00:00:00","UGRD","10 m above ground",-89.5,40,3.6
"2024-01-01 00:00:00","2024-01-01 00:00:00","UGRD","10 m above ground",-89.25,40,3.93
"2024-01-01 00:00:00","2024-01-01 00:00:00","UGRD","10 m above ground",-89,40,4.32
"2024-01-01 00:00:00","2024-01-01 00:00:00","UGRD","10 m above ground",-88.75,40,4.52
"2024-01-01 00:00:00","2024-01-01 00:00:00","UGRD","10 m above ground",-88.5,40,4.66
"2024-01-01 00:00:00","2024-01-01 00:00:00","UGRD","10 m above ground",-98.5,40.25,0.49
"2024-01-01 00:00:00","2024-01-01 00:00:00","UGRD","10 m above ground",-98.25,40.25,0.33
"2024-01-01 00:00:00","2024-01-01 00:00:00","UGRD","10 m above ground",-98,40.25,0.54
"2024-01-01 00:00:00","2024-01-01 00:00:00","UGRD","10 m above ground",-97.75,40.25,0.95
"2024-01-01 00:00:00","2024-01-01 00:00:00","UGRD","10 m above ground",-97.5,40.25,0.7
"2024-01-01 00:00:00","2024-01-01 00:00:00","UGRD","10 m above ground",-97.25,40.25,0.84
"2024-01-01 00:00:00","2024-01-01 00:00:00","UGRD","10 m above ground",-97,40.25,1.1
"2024-01-01 00:00:00","2024-01-01 00:00:00","UGRD","10 m above ground",-96.75,40.25,1.2
"2024-01-01 00:00:00","2024-01-01 00:00:00","UGRD","10 m above ground",-96.5,40.25,0.88
"2024-01-01 00:00:00","2024-01-01 00:00:00","UGRD","10 m above ground",-96.25,40.25,0.98
"2024-01-01 00:00:00","2024-01-01 00:00:00","UGRD","10 m above ground",-96,40.25,1.39
"2024-01-01 00:00:00","2024-01-01 00:00:00","UGRD","10 m above ground",-95.75,40.25,1.35
"2024-01-01 00:00:00","2024-01-01 00:00:00","UGRD","10 m above ground",-95.5,40.25,1.74
"2024-01-01 00:00:00","2024-01-01 00:00:00","UGRD","10 m above ground",-95.25,40.25,2.52
"2024-01-01 00:00:00","2024-01-01 00:00:00","UGRD","10 m above ground",-95,40.25,2.7
"2024-01-01 00:00:00","2024-01-01 00:00:00","UGRD","10 m above ground",-94.75,40.25,2.56
"2024-01-01 00:00:00","2024-01-01 00:00:00","UGRD","10 m above ground",-94.5,40.25,2.05
"2024-01-01 00:00:00","2024-01-01 00:00:00","UGRD","10 m above ground",-94.25,40.25,1.05
"2024-01-01 00:00:00","2024-01-01 00:00:00","UGRD","10 m above ground",-94,40.25,0.89
"2024-01-01 00:00:00","2024-01-01 00:00:00","UGRD","10 m above ground",-93.75,40.25,1.2
"2024-01-01 00:00:00","2024-01-01 00:00:00","UGRD","10 m above ground",-93.5,40.25,1.24
"2024-01-01 00:00:00","2024-01-01 00:00:00","UGRD","10 m above ground",-93.25,40.25,1.53
"2024-01-01 00:00:00","2024-01-01 00:00:00","UGRD","10 m above ground",-93,40.25,1.64
"2024-01-01 00:00:00","2024-01-01 00:00:00","UGRD","10 m above ground",-92.75,40.25,1.72
"2024-01-01 00:00:00","2024-01-01 00:00:00","UGRD","10 m above ground",-92.5,40.25,2.12
"2024-01-01 00:00:00","2024-01-01 00:00:00","UGRD","10 m above ground",-92.25,40.25,2.34
"2024-01-01 00:00:00","2024-01-01 00:00:00","UGRD","10 m above ground",-92,40.25,2.55
"2024-01-01 00:00:00","2024-01-01 00:00:00","UGRD","10 m above ground",-91.75,40.25,2.61
"2024-01-01 00:00:00","2024-01-01 00:00:00","UGRD","10 m above ground",-91.5,40.25,2.66
"2024-01-01 00:00:00","2024-01-01 00:00:00","UGRD","10 m above ground",-91.25,40.25,3.25
"2024-01-01 00:00:00","2024-01-01 00:00:00","UGRD","10 m above ground",-91,40.25,3.31
"2024-01-01 00:00:00","2024-01-01 00:00:00","UGRD","10 m above ground",-90.75,40.25,3.24
"2024-01-01 00:00:00","2024-01-01 00:00:00","UGRD","10 m above ground",-90.5,40.25,3.2
"2024-01-01 00:00:00","2024-01-01 00:00:00","UGRD","10 m above ground",-90.25,40.25,3.28
"2024-01-01 00:00:00","2024-01-01 00:00:00","UGRD","10 m above ground",-90,40.25,3.42
"2024-01-01 00:00:00","2024-01-01 00:00:00","UGRD","10 m above ground",-89.75,40.25,3.38
"2024-01-01 00:00:00","2024-01-01 00:00:00","UGRD","10 m above ground",-89.5,40.25,3.39
"2024-01-01 00:00:00","2024-01-01 00:00:00","UGRD","10 m above ground",-89.25,40.25,3.73
"2024-01-01 00:00:00","2024-01-01 00:00:00","UGRD","10 m above ground",-89,40.25,4.19
"2024-01-01 00:00:00","2024-01-01 00:00:00","UGRD","10 m above ground",-88.75,40.25,4.66
"2024-01-01 00:00:00","2024-01-01 00:00:00","UGRD","10 m above ground",-88.5,40.25,4.84
"2024-01-01 00:00:00","2024-01-01 00:00:00","UGRD","10 m above ground",-98.5,40.5,0.49
"2024-01-01 00:00:00","2024-01-01 00:00:00","UGRD","10 m above ground",-98.25,40.5,0.6
"2024-01-01 00:00:00","2024-01-01 00:00:00","UGRD","10 m above ground",-98,40.5,1.14
"2024-01-01 00:00:00","2024-01-01 00:00:00","UGRD","10 m above ground",-97.75,40.5,1.15
"2024-01-01 00:00:00","2024-01-01 00:00:00","UGRD","10 m above ground",-97.5,40.5,0.79
"2024-01-01 00:00:00","2024-01-01 00:00:00","UGRD","10 m above ground",-97.25,40.5,0.99
"2024-01-01 00:00:00","2024-01-01 00:00:00","UGRD","10 m above ground",-97,40.5,1.17
"2024-01-01 00:00:00","2024-01-01 00:00:00","UGRD","10 m above ground",-96.75,40.5,1.17
"2024-01-01 00:00:00","2024-01-01 00:00:00","UGRD","10 m above ground",-96.5,40.5,0.94
"2024-01-01 00:00:00","2024-01-01 00:00:00","UGRD","10 m above ground",-96.25,40.5,0.93
"2024-01-01 00:00:00","2024-01-01 00:00:00","UGRD","10 m above ground",-96,40.5,1.28
"2024-01-01 00:00:00","2024-01-01 00:00:00","UGRD","10 m above ground",-95.75,40.5,1.31
"2024-01-01 00:00:00","2024-01-01 00:00:00","UGRD","10 m above ground",-95.5,40.5,2.19
"2024-01-01 00:00:00","2024-01-01 00:00:00","UGRD","10 m above ground",-95.25,40.5,2.92
"2024-01-01 00:00:00","2024-01-01 00:00:00","UGRD","10 m above ground",-95,40.5,2.96
"2024-01-01 00:00:00","2024-01-01 00:00:00","UGRD","10 m above ground",-94.75,40.5,2.15
"2024-01-01 00:00:00","2024-01-01 00:00:00","UGRD","10 m above ground",-94.5,40.5,1.07
"2024-01-01 00:00:00","2024-01-01 00:00:00","UGRD","10 m above ground",-94.25,40.5,0.75
"2024-01-01 00:00:00","2024-01-01 00:00:00","UGRD","10 m above ground",-94,40.5,1.17
"2024-01-01 00:00:00","2024-01-01 00:00:00","UGRD","10 m above ground",-93.75,40.5,1.35
"2024-01-01 00:00:00","2024-01-01 00:00:00","UGRD","10 m above ground",-93.5,40.5,1.49
"2024-01-01 00:00:00","2024-01-01 00:00:00","UGRD","10 m above ground",-93.25,40.5,1.67
"2024-01-01 00:00:00","2024-01-01 00:00:00","UGRD","10 m above ground",-93,40.5,1.67
"2024-01-01 00:00:00","2024-01-01 00:00:00","UGRD","10 m above ground",-92.75,40.5,1.85
"2024-01-01 00:00:00","2024-01-01 00:00:00","UGRD","10 m above ground",-92.5,40.5,2.16
"2024-01-01 00:00:00","2024-01-01 00:00:00","UGRD","10 m above ground",-92.25,40.5,2.4
"2024-01-01 00:00:00","2024-01-01 00:00:00","UGRD","10 m above ground",-92,40.5,2.44
"2024-01-01 00:00:00","2024-01-01 00:00:00","UGRD","10 m above ground",-91.75,40.5,2.53
"2024-01-01 00:00:00","2024-01-01 00:00:00","UGRD","10 m above ground",-91.5,40.5,2.75
"2024-01-01 00:00:00","2024-01-01 00:00:00","UGRD","10 m above ground",-91.25,40.5,3.08
"2024-01-01 00:00:00","2024-01-01 00:00:00","UGRD","10 m above ground",-91,40.5,3.11
"2024-01-01 00:00:00","2024-01-01 00:00:00","UGRD","10 m above ground",-90.75,40.5,3.06
"2024-01-01 00:00:00","2024-01-01 00:00:00","UGRD","10 m above ground",-90.5,40.5,3.13
"2024-01-01 00:00:00","2024-01-01 00:00:00","UGRD","10 m above ground",-90.25,40.5,3.26
"2024-01-01 00:00:00","2024-01-01 00:00:00","UGRD","10 m above ground",-90,40.5,3.08
"2024-01-01 00:00:00","2024-01-01 00:00:00","UGRD","10 m above ground",-89.75,40.5,3.11
"2024-01-01 00:00:00","2024-01-01 00:00:00","UGRD","10 m above ground",-89.5,40.5,3.23
"2024-01-01 00:00:00","2024-01-01 00:00:00","UGRD","10 m above ground",-89.25,40.5,3.23
"2024-01-01 00:00:00","2024-01-01 00:00:00","UGRD","10 m above ground",-89,40.5,3.42
"2024-01-01 00:00:00","2024-01-01 00:00:00","UGRD","10 m above ground",-88.75,40.5,4.11
"2024-01-01 00:00:00","2024-01-01 00:00:00","UGRD","10 m above ground",-88.5,40.5,4.76
"2024-01-01 00:00:00","2024-01-01 00:00:00","UGRD","10 m above ground",-98.5,40.75,0.52
"2024-01-01 00:00:00","2024-01-01 00:00:00","UGRD","10 m above ground",-98.25,40.75,1.03
"2024-01-01 00:00:00","2024-01-01 00:00:00","UGRD","10 m above ground",-98,40.75,1.35
"2024-01-01 00:00:00","2024-01-01 00:00:00","UGRD","10 m above ground",-97.75,40.75,0.9
"2024-01-01 00:00:00","2024-01-01 00:00:00","UGRD","10 m above ground",-97.5,40.75,0.84
"2024-01-01 00:00:00","2024-01-01 00:00:00","UGRD","10 m above ground",-97.25,40.75,1.12
"2024-01-01 00:00:00","2024-01-01 00:00:00","UGRD","10 m above ground",-97,40.75,1.28
"2024-01-01 00:00:00","2024-01-01 00:00:00","UGRD","10 m above ground",-96.75,40.75,1.21
"2024-01-01 00:00:00","2024-01-01 00:00:00","UGRD","10 m above ground",-96.5,40.75,1.06
"2024-01-01 00:00:00","2024-01-01 00:00:00","UGRD","10 m above ground",-96.25,40.75,0.95
"2024-01-01 00:00:00","2024-01-01 00:00:00","UGRD","10 m above ground",-96,40.75,0.94
"2024-01-01 00:00:00","2024-01-01 00:00:00","UGRD","10 m above ground",-95.75,40.75,1.74
"2024-01-01 00:00:00","2024-01-01 00:00:00","UGRD","10 m above ground",-95.5,40.75,2.7
"2024-01-01 00:00:00","2024-01-01 00:00:00","UGRD","10 m above ground",-95.25,40.75,3.12
"2024-01-01 00:00:00","2024-01-01 00:00:00","UGRD","10 m above ground",-95,40.75,2.15
"2024-01-01 00:00:00","2024-01-01 00:00:00","UGRD","10 m above ground",-94.75,40.75,1.03
"2024-01-01 00:00:00","2024-01-01 00:00:00","UGRD","10 m above ground",-94.5,40.75,0.8
"2024-01-01 00:00:00","2024-01-01 00:00:00","UGRD","10 m above ground",-94.25,40.75,0.93
"2024-01-01 00:00:00","2024-01-01 00:00:00","UGRD","10 m above ground",-94,40.75,1.18
"2024-01-01 00:00:00","2024-01-01 00:00:00","UGRD","10 m above ground",-93.75,40.75,1.35
"2024-01-01 00:00:00","2024-01-01 00:00:00","UGRD","10 m above ground",-93.5,40.75,1.53
"2024-01-01 00:00:00","2024-01-01 00:00:00","UGRD","10 m above ground",-93.25,40.75,1.56
"2024-01-01 00:00:00","2024-01-01 00:00:00","UGRD","10 m above ground",-93,40.75,1.74
"2024-01-01 00:00:00","2024-01-01 00:00:00","UGRD","10 m above ground",-92.75,40.75,1.97
"2024-01-01 00:00:00","2024-01-01 00:00:00","UGRD","10 m above ground",-92.5,40.75,2.12
"2024-01-01 00:00:00","2024-01-01 00:00:00","UGRD","10 m above ground",-92.25,40.75,2.21
"2024-01-01 00:00:00","2024-01-01 00:00:00","UGRD","10 m above ground",-92,40.75,2.35
"2024-01-01 00:00:00","2024-01-01 00:00:00","UGRD","10 m above ground",-91.75,40.75,2.57
"2024-01-01 00:00:00","2024-01-01 00:00:00","UGRD","10 m above ground",-91.5,40.75,2.93
"2024-01-01 00:00:00","2024-01-01 00:00:00","UGRD","10 m above ground",-91.25,40.75,2.86
"2024-01-01 00:00:00","2024-01-01 00:00:00","UGRD","10 m above ground",-91,40.75,2.82
"2024-01-01 00:00:00","2024-01-01 00:00:00","UGRD","10 m above ground",-90.75,40.75,2.83
"2024-01-01 00:00:00","2024-01-01 00:00:00","UGRD","10 m above ground",-90.5,40.75,2.97
"2024-01-01 00:00:00","2024-01-01 00:00:00","UGRD","10 m above ground",-90.25,40.75,2.83
"2024-01-01 00:00:00","2024-01-01 00:00:00","UGRD","10 m above ground",-90,40.75,2.82
"2024-01-01 00:00:00","2024-01-01 00:00:00","UGRD","10 m above ground",-89.75,40.75,2.9
"2024-01-01 00:00:00","2024-01-01 00:00:00","UGRD","10 m above ground",-89.5,40.75,2.88
"2024-01-01 00:00:00","2024-01-01 00:00:00","UGRD","10 m above ground",-89.25,40.75,3.19
"2024-01-01 00:00:00","2024-01-01 00:00:00","UGRD","10 m above ground",-89,40.75,3.41
"2024-01-01 00:00:00","2024-01-01 00:00:00","UGRD","10 m above ground",-88.75,40.75,3.7
"2024-01-01 00:00:00","2024-01-01 00:00:00","UGRD","10 m above ground",-88.5,40.75,4.03
"2024-01-01 00:00:00","2024-01-01 00:00:00","UGRD","10 m above ground",-98.5,41,0.35
"2024-01-01 00:00:00","2024-01-01 00:00:00","UGRD","10 m above ground",-98.25,41,0.96
"2024-01-01 00:00:00","2024-01-01 00:00:00","UGRD","10 m above ground",-98,41,0.9
"2024-01-01 00:00:00","2024-01-01 00:00:00","UGRD","10 m above ground",-97.75,41,0.51
"2024-01-01 00:00:00","2024-01-01 00:00:00","UGRD","10 m above ground",-97.5,41,0.84
"2024-01-01 00:00:00","2024-01-01 00:00:00","UGRD","10 m above ground",-97.25,41,1.13
"2024-01-01 00:00:00","2024-01-01 00:00:00","UGRD","10 m above ground",-97,41,1.28
"2024-01-01 00:00:00","2024-01-01 00:00:00","UGRD","10 m above ground",-96.75,41,0.95
"2024-01-01 00:00:00","2024-01-01 00:00:00","UGRD","10 m above ground",-96.5,41,0.67
"2024-01-01 00:00:00","2024-01-01 00:00:00","UGRD","10 m above ground",-96.25,41,0.81
"2024-01-01 00:00:00","2024-01-01 00:00:00","UGRD","10 m above ground",-96,41,1.3
"2024-01-01 00:00:00","2024-01-01 00:00:00","UGRD","10 m above ground",-95.75,41,2.28
"2024-01-01 00:00:00","2024-01-01 00:00:00","UGRD","10 m above ground",-95.5,41,3.01
"2024-01-01 00:00:00","2024-01-01 00:00:00","UGRD","10 m above ground",-95.25,41,2.83
"2024-01-01 00:00:00","2024-01-01 00:00:00","UGRD","10 m above ground",-95,41,1.06
"2024-01-01 00:00:00","2024-01-01 00:00:00","UGRD","10 m above ground",-94.75,41,0.84
"2024-01-01 00:00:00","2024-01-01 00:00:00","UGRD","10 m above ground",-94.5,41,0.77
"2024-01-01 00:00:00","2024-01-01 00:00:00","UGRD","10 m above ground",-94.25,41,0.91
"2024-01-01 00:00:00","2024-01-01 00:00:00","UGRD","10 m above ground",-94,41,1.13
"2024-01-01 00:00:00","2024-01-01 00:00:00","UGRD","10 m above ground",-93.75,41,1.38
"2024-01-01 00:00:00","2024-01-01 00:00:00","UGRD","10 m above ground",-93.5,41,1.41
"2024-01-01 00:00:00","2024-01-01 00:00:00","UGRD","10 m above ground",-93.25,41,1.47
"2024-01-01 00:00:00","2024-01-01 00:00:00","UGRD","10 m above ground",-93,41,1.73
"2024-01-01 00:00:00","2024-01-01 00:00:00","UGRD","10 m above ground",-92.75,41,1.99
"2024-01-01 00:00:00","2024-01-01 00:00:00","UGRD","10 m above ground",-92.5,41,2.06
"2024-01-01 00:00:00","2024-01-01 00:00:00","UGRD","10 m above ground",-92.25,41,2.19
"2024-01-01 00:00:00","2024-01-01 00:00:00","UGRD","10 m above ground",-92,41,2.31
"2024-01-01 00:00:00","2024-01-01 00:00:00","UGRD","10 m above ground",-91.75,41,2.43
"2024-01-01 00:00:00","2024-01-01 00:00:00","UGRD","10 m above ground",-91.5,41,2.69
"2024-01-01 00:00:00","2024-01-01 00:00:00","UGRD","10 m above ground",-91.25,41,2.61
"2024-01-01 00:00:00","2024-01-01 00:00:00","UGRD","10 m above ground",-91,41,2.64
"2024-01-01 00:00:00","2024-01-01 00:00:00","UGRD","10 m above ground",-90.75,41,2.71
"2024-01-01 00:00:00","2024-01-01 00:00:00","UGRD","10 m above ground",-90.5,41,2.82
"2024-01-01 00:00:00","2024-01-01 00:00:00","UGRD","10 m above ground",-90.25,41,2.55
"2024-01-01 00:00:00","2024-01-01 00:00:00","UGRD","10 m above ground",-90,41,2.53
"2024-01-01 00:00:00","2024-01-01 00:00:00","UGRD","10 m above ground",-89.75,41,2.82
"2024-01-01 00:00:00","2024-01-01 00:00:00","UGRD","10 m above ground",-89.5,41,2.93
"2024-01-01 00:00:00","2024-01-01 00:00:00","UGRD","10 m above ground",-89.25,41,3.06
"2024-01-01 00:00:00","2024-01-01 00:00:00","UGRD","10 m above ground",-89,41,3.18
"2024-01-01 00:00:00","2024-01-01 00:00:00","UGRD","10 m above ground",-88.75,41,3.26
"2024-01-01 00:00:00","2024-01-01 00:00:00","UGRD","10 m above ground",-88.5,41,3.24
"2024-01-01 00:00:00","2024-01-01 00:00:00","UGRD","10 m above ground",-98.5,41.25,0.7
"2024-01-01 00:00:00","2024-01-01 00:00:00","UGRD","10 m above ground",-98.25,41.25,0.76
"2024-01-01 00:00:00","2024-01-01 00:00:00","UGRD","10 m above ground",-98,41.25,0.47
"2024-01-01 00:00:00","2024-01-01 00:00:00","UGRD","10 m above ground",-97.75,41.25,0.46
"2024-01-01 00:00:00","2024-01-01 00:00:00","UGRD","10 m above ground",-97.5,41.25,0.98
"2024-01-01 00:00:00","2024-01-01 00:00:00","UGRD","10 m above ground",-97.25,41.25,1.08
"2024-01-01 00:00:00","2024-01-01 00:00:00","UGRD","10 m above ground",-97,41.25,1
"2024-01-01 00:00:00","2024-01-01 00:00:00","UGRD","10 m above ground",-96.75,41.25,0.63
"2024-01-01 00:00:00","2024-01-01 00:00:00","UGRD","10 m above ground",-96.5,41.25,0.45
"2024-01-01 00:00:00","2024-01-01 00:00:00","UGRD","10 m above ground",-96.25,41.25,1
"2024-01-01 00:00:00","2024-01-01 00:00:00","UGRD","10 m above ground",-96,41.25,1.84
"2024-01-01 00:00:00","2024-01-01 00:00:00","UGRD","10 m above ground",-95.75,41.25,2.18
"2024-01-01 00:00:00","2024-01-01 00:00:00","UGRD","10 m above ground",-95.5,41.25,3.28
"2024-01-01 00:00:00","2024-01-01 00:00:00","UGRD","10 m above ground",-95.25,41.25,2.21
"2024-01-01 00:00:00","2024-01-01 00:00:00","UGRD","10 m above ground",-95,41.25,0.71
"2024-01-01 00:00:00","2024-01-01 00:00:00","UGRD","10 m above ground",-94.75,41.25,0.68
"2024-01-01 00:00:00","2024-01-01 00:00:00","UGRD","10 m above ground",-94.5,41.25,0.69
"2024-01-01 00:00:00","2024-01-01 00:00:00","UGRD","10 m above ground",-94.25,41.25,1.01
"2024-01-01 00:00:00","2024-01-01 00:00:00","UGRD","10 m above ground",-94,41.25,1.15
"2024-01-01 00:00:00","2024-01-01 00:00:00","UGRD","10 m above ground",-93.75,41.25,1.17
"2024-01-01 00:00:00","2024-01-01 00:00:00","UGRD","10 m above ground",-93.5,41.25,1.23
"2024-01-01 00:00:00","2024-01-01 00:00:00","UGRD","10 m above ground",-93.25,41.25,1.66
"2024-01-01 00:00:00","2024-01-01 00:00:00","UGRD","10 m above ground",-93,41.25,1.9
"2024-01-01 00:00:00","2024-01-01 00:00:00","UGRD","10 m above ground",-92.75,41.25,1.89
"2024-01-01 00:00:00","2024-01-01 00:00:00","UGRD","10 m above ground",-92.5,41.25,2.05
"2024-01-01 00:00:00","2024-01-01 00:00:00","UGRD","10 m above ground",-92.25,41.25,2
"2024-01-01 00:00:00","2024-01-01 00:00:00","UGRD","10 m above ground",-92,41.25,2.14
"2024-01-01 00:00:00","2024-01-01 00:00:00","UGRD","10 m above ground",-91.75,41.25,2.3
"2024-01-01 00:00:00","2024-01-01 00:00:00","UGRD","10 m above ground",-91.5,41.25,2.36
"2024-01-01 00:00:00","2024-01-01 00:00:00","UGRD","10 m above ground",-91.25,41.25,2.43
"2024-01-01 00:00:00","2024-01-01 00:00:00","UGRD","10 m above ground",-91,41.25,2.61
"2024-01-01 00:00:00","2024-01-01 00:00:00","UGRD","10 m above ground",-90.75,41.25,2.67
"2024-01-01 00:00:00","2024-01-01 00:00:00","UGRD","10 m above ground",-90.5,41.25,2.59
"2024-01-01 00:00:00","2024-01-01 00:00:00","UGRD","10 m above ground",-90.25,41.25,2.18
"2024-01-01 00:00:00","2024-01-01 00:00:00","UGRD","10 m above ground",-90,41.25,2.55
"2024-01-01 00:00:00","2024-01-01 00:00:00","UGRD","10 m above ground",-89.75,41.25,2.79
"2024-01-01 00:00:00","2024-01-01 00:00:00","UGRD","10 m above ground",-89.5,41.25,2.95
"2024-01-01 00:00:00","2024-01-01 00:00:00","UGRD","10 m above ground",-89.25,41.25,2.94
"2024-01-01 00:00:00","2024-01-01 00:00:00","UGRD","10 m above ground",-89,41.25,2.94
"2024-01-01 00:00:00","2024-01-01 00:00:00","UGRD","10 m above ground",-88.75,41.25,2.98
"2024-01-01 00:00:00","2024-01-01 00:00:00","UGRD","10 m above ground",-88.5,41.25,3.23
"2024-01-01 00:00:00","2024-01-01 00:00:00","UGRD","10 m above ground",-98.5,41.5,0.62
"2024-01-01 00:00:00","2024-01-01 00:00:00","UGRD","10 m above ground",-98.25,41.5,0.87
"2024-01-01 00:00:00","2024-01-01 00:00:00","UGRD","10 m above ground",-98,41.5,0.74
"2024-01-01 00:00:00","2024-01-01 00:00:00","UGRD","10 m above ground",-97.75,41.5,0.98
"2024-01-01 00:00:00","2024-01-01 00:00:00","UGRD","10 m above ground",-97.5,41.5,1.36
"2024-01-01 00:00:00","2024-01-01 00:00:00","UGRD","10 m above ground",-97.25,41.5,0.92
"2024-01-01 00:00:00","2024-01-01 00:00:00","UGRD","10 m above ground",-97,41.5,0.76
"2024-01-01 00:00:00","2024-01-01 00:00:00","UGRD","10 m above ground",-96.75,41.5,0.55
"2024-01-01 00:00:00","2024-01-01 00:00:00","UGRD","10 m above ground",-96.5,41.5,0.63
"2024-01-01 00:00:00","2024-01-01 00:00:00","UGRD","10 m above ground",-96.25,41.5,1.54
"2024-01-01 00:00:00","2024-01-01 00:00:00","UGRD","10 m above ground",-96,41.5,2.17
"2024-01-01 00:00:00","2024-01-01 00:00:00","UGRD","10 m above ground",-95.75,41.5,2.59
"2024-01-01 00:00:00","2024-01-01 00:00:00","UGRD","10 m above ground",-95.5,41.5,3.36
"2024-01-01 00:00:00","2024-01-01 00:00:00","UGRD","10 m above ground",-95.25,41.5,1.47
"2024-01-01 00:00:00","2024-01-01 00:00:00","UGRD","10 m above ground",-95,41.5,0.54
"2024-01-01 00:00:00","2024-01-01 00:00:00","UGRD","10 m above ground",-94.75,41.5,0.64
"2024-01-01 00:00:00","2024-01-01 00:00:00","UGRD","10 m above ground",-94.5,41.5,0.8
"2024-01-01 00:00:00","2024-01-01 00:00:00","UGRD","10 m above ground",-94.25,41.5,1.14
"2024-01-01 00:00:00","2024-01-01 00:00:00","UGRD","10 m above ground",-94,41.5,1.18
"2024-01-01 00:00:00","2024-01-01 00:00:00","UGRD","10 m above ground",-93.75,41.5,1.13
"2024-01-01 00:00:00","2024-01-01 00:00:00","UGRD","10 m above ground",-93.5,41.5,1.45
"2024-01-01 00:00:00","2024-01-01 00:00:00","UGRD","10 m above ground",-93.25,41.5,1.71
"2024-01-01 00:00:00","2024-01-01 00:00:00","UGRD","10 m above ground",-93,41.5,1.78
"2024-01-01 00:00:00","2024-01-01 00:00:00","UGRD","10 m above ground",-92.75,41.5,1.73
"2024-01-01 00:00:00","2024-01-01 00:00:00","UGRD","10 m above ground",-92.5,41.5,1.78
"2024-01-01 00:00:00","2024-01-01 00:00:00","UGRD","10 m above ground",-92.25,41.5,1.76
"2024-01-01 00:00:00","2024-01-01 00:00:00","UGRD","10 m above ground",-92,41.5,2.18
"2024-01-01 00:00:00","2024-01-01 00:00:00","UGRD","10 m above ground",-91.75,41.5,2.42
"2024-01-01 00:00:00","2024-01-01 00:00:00","UGRD","10 m above ground",-91.5,41.5,2.2
"2024-01-01 00:00:00","2024-01-01 00:00:00","UGRD","10 m above ground",-91.25,41.5,2.31
"2024-01-01 00:00:00","2024-01-01 00:00:00","UGRD","10 m above ground",-91,41.5,2.35
"2024-01-01 00:00:00","2024-01-01 00:00:00","UGRD","10 m above ground",-90.75,41.5,2.21
"2024-01-01 00:00:00","2024-01-01 00:00:00","UGRD","10 m above ground",-90.5,41.5,2.54
"2024-01-01 00:00:00","2024-01-01 00:00:00","UGRD","10 m above ground",-90.25,41.5,2.3
"2024-01-01 00:00:00","2024-01-01 00:00:00","UGRD","10 m above ground",-90,41.5,2.39
"2024-01-01 00:00:00","2024-01-01 00:00:00","UGRD","10 m above ground",-89.75,41.5,2.52
"2024-01-01 00:00:00","2024-01-01 00:00:00","UGRD","10 m above ground",-89.5,41.5,2.73
"2024-01-01 00:00:00","2024-01-01 00:00:00","UGRD","10 m above ground",-89.25,41.5,2.69
"2024-01-01 00:00:00","2024-01-01 00:00:00","UGRD","10 m above ground",-89,41.5,2.58
"2024-01-01 00:00:00","2024-01-01 00:00:00","UGRD","10 m above ground",-88.75,41.5,2.65
"2024-01-01 00:00:00","2024-01-01 00:00:00","UGRD","10 m above ground",-88.5,41.5,3.12
"2024-01-01 00:00:00","2024-01-01 00:00:00","UGRD","10 m above ground",-98.5,41.75,0.65
"2024-01-01 00:00:00","2024-01-01 00:00:00","UGRD","10 m above ground",-98.25,41.75,1.05
"2024-01-01 00:00:00","2024-01-01 00:00:00","UGRD","10 m above ground",-98,41.75,1.13
"2024-01-01 00:00:00","2024-01-01 00:00:00","UGRD","10 m above ground",-97.75,41.75,1.4
"2024-01-01 00:00:00","2024-01-01 00:00:00","UGRD","10 m above ground",-97.5,41.75,1.2
"2024-01-01 00:00:00","2024-01-01 00:00:00","UGRD","10 m above ground",-97.25,41.75,0.83
"2024-01-01 00:00:00","2024-01-01 00:00:00","UGRD","10 m above ground",-97,41.75,0.82
"2024-01-01 00:00:00","2024-01-01 00:00:00","UGRD","10 m above ground",-96.75,41.75,0.82
"2024-01-01 00:00:00","2024-01-01 00:00:00","UGRD","10 m above ground",-96.5,41.75,1.07
"2024-01-01 00:00:00","2024-01-01 00:00:00","UGRD","10 m above ground",-96.25,41.75,2.33
"2024-01-01 00:00:00","2024-01-01 00:00:00","UGRD","10 m above ground",-96,41.75,2.53
"2024-01-01 00:00:00","2024-01-01 00:00:00","UGRD","10 m above ground",-95.75,41.75,3.11
"2024-01-01 00:00:00","2024-01-01 00:00:00","UGRD","10 m above ground",-95.5,41.75,2.5
"2024-01-01 00:00:00","2024-01-01 00:00:00","UGRD","10 m above ground",-95.25,41.75,0.75
"2024-01-01 00:00:00","2024-01-01 00:00:00","UGRD","10 m above ground",-95,41.75,0.62
"2024-01-01 00:00:00","2024-01-01 00:00:00","UGRD","10 m above ground",-94.75,41.75,0.75
"2024-01-01 00:00:00","2024-01-01 00:00:00","UGRD","10 m above ground",-94.5,41.75,1
"2024-01-01 00:00:00","2024-01-01 00:00:00","UGRD","10 m above ground",-94.25,41.75,1.16
"2024-01-01 00:00:00","2024-01-01 00:00:00","UGRD","10 m above ground",-94,41.75,1.03
"2024-01-01 00:00:00","2024-01-01 00:00:00","UGRD","10 m above ground",-93.75,41.75,1.28
"2024-01-01 00:00:00","2024-01-01 00:00:00","UGRD","10 m above ground",-93.5,41.75,1.65
"2024-01-01 00:00:00","2024-01-01 00:00:00","UGRD","10 m above ground",-93.25,41.75,1.72
"2024-01-01 00:00:00","2024-01-01 00:00:00","UGRD","10 m above ground",-93,41.75,1.55
"2024-01-01 00:00:00","2024-01-01 00:00:00","UGRD","10 m above ground",-92.75,41.75,1.43
"2024-01-01 00:00:00","2024-01-01 00:00:00","UGRD","10 m above ground",-92.5,41.75,1.52
"2024-01-01 00:00:00","2024-01-01 00:00:00","UGRD","10 m above ground",-92.25,41.75,1.8
"2024-01-01 00:00:00","2024-01-01 00:00:00","UGRD","10 m above ground",-92,41.75,2.27
"2024-01-01 00:00:00","2024-01-01 00:00:00","UGRD","10 m above ground",-91.75,41.75,2.18
"2024-01-01 00:00:00","2024-01-01 00:00:00","UGRD","10 m above ground",-91.5,41.75,2.02
"2024-01-01 00:00:00","2024-01-01 00:00:00","UGRD","10 m above ground",-91.25,41.75,2.25
"2024-01-01 00:00:00","2024-01-01 00:00:00","UGRD","10 m above ground",-91,41.75,1.97
"2024-01-01 00:00:00","2024-01-01 00:00:00","UGRD","10 m above ground",-90.75,41.75,2.22
"2024-01-01 00:00:00","2024-01-01 00:00:00","UGRD","10 m above ground",-90.5,41.75,2.56
"2024-01-01 00:00:00","2024-01-01 00:00:00","UGRD","10 m above ground",-90.25,41.75,2.21
"2024-01-01 00:00:00","2024-01-01 00:00:00","UGRD","10 m above ground",-90,41.75,2.21
"2024-01-01 00:00:00","2024-01-01 00:00:00","UGRD","10 m above ground",-89.75,41.75,2.41
"2024-01-01 00:00:00","2024-01-01 00:00:00","UGRD","10 m above ground",-89.5,41.75,2.43
"2024-01-01 00:00:00","2024-01-01 00:00:00","UGRD","10 m above ground",-89.25,41.75,2.32
"2024-01-01 00:00:00","2024-01-01 00:00:00","UGRD","10 m above ground",-89,41.75,2.38
"2024-01-01 00:00:00","2024-01-01 00:00:00","UGRD","10 m above ground",-88.75,41.75,2.63
"2024-01-01 00:00:00","2024-01-01 00:00:00","UGRD","10 m above ground",-88.5,41.75,2.83
"2024-01-01 00:00:00","2024-01-01 00:00:00","VGRD","10 m above ground",-98.5,34.25,-5.03
"2024-01-01 00:00:00","2024-01-01 00:00:00","VGRD","10 m above ground",-98.25,34.25,-5.15
"2024-01-01 00:00:00","2024-01-01 00:00:00","VGRD","10 m above ground",-98,34.25,-5.35
"2024-01-01 00:00:00","2024-01-01 00:00:00","VGRD","10 m above ground",-97.75,34.25,-5.57
"2024-01-01 00:00:00","2024-01-01 00:00:00","VGRD","10 m above ground",-97.5,34.25,-5.68
"2024-01-01 00:00:00","2024-01-01 00:00:00","VGRD","10 m above ground",-97.25,34.25,-5.51
"2024-01-01 00:00:00","2024-01-01 00:00:00","VGRD","10 m above ground",-97,34.25,-5.54
"2024-01-01 00:00:00","2024-01-01 00:00:00","VGRD","10 m above ground",-96.75,34.25,-5.47
"2024-01-01 00:00:00","2024-01-01 00:00:00","VGRD","10 m above ground",-96.5,34.25,-6.44
"2024-01-01 00:00:00","2024-01-01 00:00:00","VGRD","10 m above ground",-96.25,34.25,-6.7
"2024-01-01 00:00:00","2024-01-01 00:00:00","VGRD","10 m above ground",-96,34.25,-5.78
"2024-01-01 00:00:00","2024-01-01 00:00:00","VGRD","10 m above ground",-95.75,34.25,-4.72
"2024-01-01 00:00:00","2024-01-01 00:00:00","VGRD","10 m above ground",-95.5,34.25,-4.16
"2024-01-01 00:00:00","2024-01-01 00:00:00","VGRD","10 m above ground",-95.25,34.25,-4.21
"2024-01-01 00:00:00","2024-01-01 00:00:00","VGRD","10 m above ground",-95,34.25,-3.34
"2024-01-01 00:00:00","2024-01-01 00:00:00","VGRD","10 m above ground",-94.75,34.25,-2.48
"2024-01-01 00:00:00","2024-01-01 00:00:00","VGRD","10 m above ground",-94.5,34.25,-2.2
"2024-01-01 00:00:00","2024-01-01 00:00:00","VGRD","10 m above ground",-94.25,34.25,-1.94
"2024-01-01 00:00:00","2024-01-01 00:00:00","VGRD","10 m above ground",-94,34.25,-2.38
"2024-01-01 00:00:00","2024-01-01 00:00:00","VGRD","10 m above ground",-93.75,34.25,-2.51
"2024-01-01 00:00:00","2024-01-01 00:00:00","VGRD","10 m above ground",-93.5,34.25,-1.87
"2024-01-01 00:00:00","2024-01-01 00:00:00","VGRD","10 m above ground",-93.25,34.25,-1.68
"2024-01-01 00:00:00","2024-01-01 00:00:00","VGRD","10 m above ground",-93,34.25,-1.5
"2024-01-01 00:00:00","2024-01-01 00:00:00","VGRD","10 m above ground",-92.75,34.25,-1.57
"2024-01-01 00:00:00","2024-01-01 00:00:00","VGRD","10 m above ground",-92.5,34.25,-1.95
"2024-01-01 00:00:00","2024-01-01 00:00:00","VGRD","10 m above ground",-92.25,34.25,-2.35
"2024-01-01 00:00:00","2024-01-01 00:00:00","VGRD","10 m above ground",-92,34.25,-2.8
"2024-01-01 00:00:00","2024-01-01 00:00:00","VGRD","10 m above ground",-91.75,34.25,-3.2
"2024-01-01 00:00:00","2024-01-01 00:00:00","VGRD","10 m above ground",-91.5,34.25,-3.36
"2024-01-01 00:00:00","2024-01-01 00:00:00","VGRD","10 m above ground",-91.25,34.25,-3.38
"2024-01-01 00:00:00","2024-01-01 00:00:00","VGRD","10 m above ground",-91,34.25,-2.89
"2024-01-01 00:00:00","2024-01-01 00:00:00","VGRD","10 m above ground",-90.75,34.25,-3.38
"2024-01-01 00:00:00","2024-01-01 00:00:00","VGRD","10 m above ground",-90.5,34.25,-3
"2024-01-01 00:00:00","2024-01-01 00:00:00","VGRD","10 m above ground",-90.25,34.25,-2.15
"2024-01-01 00:00:00","2024-01-01 00:00:00","VGRD","10 m above ground",-90,34.25,-0.87
"2024-01-01 00:00:00","2024-01-01 00:00:00","VGRD","10 m above ground",-89.75,34.25,0.04
"2024-01-01 00:00:00","2024-01-01 00:00:00","VGRD","10 m above ground",-89.5,34.25,0.51
"2024-01-01 00:00:00","2024-01-01 00:00:00","VGRD","10 m above ground",-89.25,34.25,0.68
"2024-01-01 00:00:00","2024-01-01 00:00:00","VGRD","10 m above ground",-89,34.25,0.78
"2024-01-01 00:00:00","2024-01-01 00:00:00","VGRD","10 m above ground",-88.75,34.25,0.7
"2024-01-01 00:00:00","2024-01-01 00:00:00","VGRD","10 m above ground",-88.5,34.25,0.85
"2024-01-01 00:00:00","2024-01-01 00:00:00","VGRD","10 m above ground",-98.5,34.5,-4.98
"2024-01-01 00:00:00","2024-01-01 00:00:00","VGRD","10 m above ground",-98.25,34.5,-4.98
"2024-01-01 00:00:00","2024-01-01 00:00:00","VGRD","10 m above ground",-98,34.5,-4.95
"2024-01-01 00:00:00","2024-01-01 00:00:00","VGRD","10 m above ground",-97.75,34.5,-5.31
"2024-01-01 00:00:00","2024-01-01 00:00:00","VGRD","10 m above ground",-97.5,34.5,-5.69
"2024-01-01 00:00:00","2024-01-01 00:00:00","VGRD","10 m above ground",-97.25,34.5,-5.18
"2024-01-01 00:00:00","2024-01-01 00:00:00","VGRD","10 m above ground",-97,34.5,-5.96
"2024-01-01 00:00:00","2024-01-01 00:00:00","VGRD","10 m above ground",-96.75,34.5,-6.53
"2024-01-01 00:00:00","2024-01-01 00:00:00","VGRD","10 m above ground",-96.5,34.5,-6.62
"2024-01-01 00:00:00","2024-01-01 00:00:00","VGRD","10 m above ground",-96.25,34.5,-6.41
"2024-01-01 00:00:00","2024-01-01 00:00:00","VGRD","10 m above ground",-96,34.5,-5.26
"2024-01-01 00:00:00","2024-01-01 00:00:00","VGRD","10 m above ground",-95.75,34.5,-4.4
"2024-01-01 00:00:00","2024-01-01 00:00:00","VGRD","10 m above ground",-95.5,34.5,-4.17
"2024-01-01 00:00:00","2024-01-01 00:00:00","VGRD","10 m above ground",-95.25,34.5,-4.25
"2024-01-01 00:00:00","2024-01-01 00:00:00","VGRD","10 m above ground",-95,34.5,-3.39
"2024-01-01 00:00:00","2024-01-01 00:00:00","VGRD","10 m above ground",-94.75,34.5,-2.69
"2024-01-01 00:00:00","2024-01-01 00:00:00","VGRD","10 m above ground",-94.5,34.5,-1.94
"2024-01-01 00:00:00","2024-01-01 00:00:00","VGRD","10 m above ground",-94.25,34.5,-1.94
"2024-01-01 00:00:00","2024-01-01 00:00:00","VGRD","10 m above ground",-94,34.5,-2.26
"2024-01-01 00:00:00","2024-01-01 00:00:00","VGRD","10 m above ground",-93.75,34.5,-2.32
"2024-01-01 00:00:00","2024-01-01 00:00:00","VGRD","10 m above ground",-93.5,34.5,-1.98
"2024-01-01 00:00:00","2024-01-01 00:00:00","VGRD","10 m above ground",-93.25,34.5,-2.04
"2024-01-01 00:00:00","2024-01-01 00:00:00","VGRD","10 m above ground",-93,34.5,-2.06
"2024-01-01 00:00:00","2024-01-01 00:00:00","VGRD","10 m above ground",-92.75,34.5,-2.06
"2024-01-01 00:00:00","2024-01-01 00:00:00","VGRD","10 m above ground",-92.5,34.5,-2.13
"2024-01-01 00:00:00","2024-01-01 00:00:00","VGRD","10 m above ground",-92.25,34.5,-2.84
"2024-01-01 00:00:00","2024-01-01 00:00:00","VGRD","10 m above ground",-92,34.5,-3.58
"2024-01-01 00:00:00","2024-01-01 00:00:00","VGRD","10 m above ground",-91.75,34.5,-3.66
"2024-01-01 00:00:00","2024-01-01 00:00:00","VGRD","10 m above ground",-91.5,34.5,-3.95
"2024-01-01 00:00:00","2024-01-01 00:00:00","VGRD","10 m above ground",-91.25,34.5,-3.88
"2024-01-01 00:00:00","2024-01-01 00:00:00","VGRD","10 m above ground",-91,34.5,-4.39
"2024-01-01 00:00:00","2024-01-01 00:00:00","VGRD","10 m above ground",-90.75,34.5,-4.6
"2024-01-01 00:00:00","2024-01-01 00:00:00","VGRD","10 m above ground",-90.5,34.5,-4.5
"2024-01-01 00:00:00","2024-01-01 00:00:00","VGRD","10 m above ground",-90.25,34.5,-4.22
"2024-01-01 00:00:00","2024-01-01 00:00:00","VGRD","10 m above ground",-90,34.5,-3.39
"2024-01-01 00:00:00","2024-01-01 00:00:00","VGRD","10 m above ground",-89.75,34.5,-2.39
"2024-01-01 00:00:00","2024-01-01 00:00:00","VGRD","10 m above ground",-89.5,34.5,-1.57
"2024-01-01 00:00:00","2024-01-01 00:00:00","VGRD","10 m above ground",-89.25,34.5,-0.88
"2024-01-01 00:00:00","2024-01-01 00:00:00","VGRD","10 m above ground",-89,34.5,-0.27
"2024-01-01 00:00:00","2024-01-01 00:00:00","VGRD","10 m above ground",-88.75,34.5,0.27
"2024-01-01 00:00:00","2024-01-01 00:00:00","VGRD","10 m above ground",-88.5,34.5,0.65
"2024-01-01 00:00:00","2024-01-01 00:00:00","VGRD","10 m above ground",-98.5,34.75,-6.07
"2024-01-01 00:00:00","2024-01-01 00:00:00","VGRD","10 m above ground",-98.25,34.75,-6.33
"2024-01-01 00:00:00","2024-01-01 00:00:00","VGRD","10 m above ground",-98,34.75,-6.14
"2024-01-01 00:00:00","2024-01-01 00:00:00","VGRD","10 m above ground",-97.75,34.75,-5.65
"2024-01-01 00:00:00","2024-01-01 00:00:00","VGRD","10 m above ground",-97.5,34.75,-5.48
"2024-01-01 00:00:00","2024-01-01 00:00:00","VGRD","10 m above ground",-97.25,34.75,-5.86
"2024-01-01 00:00:00","2024-01-01 00:00:00","VGRD","10 m above ground",-97,34.75,-6.07
"2024-01-01 00:00:00","2024-01-01 00:00:00","VGRD","10 m above ground",-96.75,34.75,-5.78
"2024-01-01 00:00:00","2024-01-01 00:00:00","VGRD","10 m above ground",-96.5,34.75,-6.02
"2024-01-01 00:00:00","2024-01-01 00:00:00","VGRD","10 m above ground",-96.25,34.75,-6.25
"2024-01-01 00:00:00","2024-01-01 00:00:00","VGRD","10 m above ground",-96,34.75,-6.13
"2024-01-01 00:00:00","2024-01-01 00:00:00","VGRD","10 m above ground",-95.75,34.75,-4.38
"2024-01-01 00:00:00","2024-01-01 00:00:00","VGRD","10 m above ground",-95.5,34.75,-3.8
"2024-01-01 00:00:00","2024-01-01 00:00:00","VGRD","10 m above ground",-95.25,34.75,-3.25
"2024-01-01 00:00:00","2024-01-01 00:00:00","VGRD","10 m above ground",-95,34.75,-2.64
"2024-01-01 00:00:00","2024-01-01 00:00:00","VGRD","10 m above ground",-94.75,34.75,-1.94
"2024-01-01 00:00:00","2024-01-01 00:00:00","VGRD","10 m above ground",-94.5,34.75,-1.74
"2024-01-01 00:00:00","2024-01-01 00:00:00","VGRD","10 m above ground",-94.25,34.75,-1.66
"2024-01-01 00:00:00","2024-01-01 00:00:00","VGRD","10 m above ground",-94,34.75,-2.12
"2024-01-01 00:00:00","2024-01-01 00:00:00","VGRD","10 m above ground",-93.75,34.75,-1.69
"2024-01-01 00:00:00","2024-01-01 00:00:00","VGRD","10 m above ground",-93.5,34.75,-1.85
"2024-01-01 00:00:00","2024-01-01 00:00:00","VGRD","10 m above ground",-93.25,34.75,-2.16
"2024-01-01 00:00:00","2024-01-01 00:00:00","VGRD","10 m above ground",-93,34.75,-2.05
"2024-01-01 00:00:00","2024-01-01 00:00:00","VGRD","10 m above ground",-92.75,34.75,-2.91
"2024-01-01 00:00:00","2024-01-01 00:00:00","VGRD","10 m above ground",-92.5,34.75,-3.46
"2024-01-01 00:00:00","2024-01-01 00:00:00","VGRD","10 m above ground",-92.25,34.75,-3.77
"2024-01-01 00:00:00","2024-01-01 00:00:00","VGRD","10 m above ground",-92,34.75,-3.87
"2024-01-01 00:00:00","2024-01-01 00:00:00","VGRD","10 m above ground",-91.75,34.75,-4.15
"2024-01-01 00:00:00","2024-01-01 00:00:00","VGRD","10 m above ground",-91.5,34.75,-4.29
"2024-01-01 00:00:00","2024-01-01 00:00:00","VGRD","10 m above ground",-91.25,34.75,-4.92
"2024-01-01 00:00:00","2024-01-01 00:00:00","VGRD","10 m above ground",-91,34.75,-5.21
"2024-01-01 00:00:00","2024-01-01 00:00:00","VGRD","10 m above ground",-90.75,34.75,-4.8
"2024-01-01 00:00:00","2024-01-01 00:00:00","VGRD","10 m above ground",-90.5,34.75,-4.48
"2024-01-01 00:00:00","2024-01-01 00:00:00","VGRD","10 m above ground",-90.25,34.75,-4.16
"2024-01-01 00:00:00","2024-01-01 00:00:00","VGRD","10 m above ground",-90,34.75,-3.21
"2024-01-01 00:00:00","2024-01-01 00:00:00","VGRD","10 m above ground",-89.75,34.75,-3.05
"2024-01-01 00:00:00","2024-01-01 00:00:00","VGRD","10 m above ground",-89.5,34.75,-2.53
"2024-01-01 00:00:00","2024-01-01 00:00:00","VGRD","10 m above ground",-89.25,34.75,-2.33
"2024-01-01 00:00:00","2024-01-01 00:00:00","VGRD","10 m above ground",-89,34.75,-2.06
"2024-01-01 00:00:00","2024-01-01 00:00:00","VGRD","10 m above ground",-88.75,34.75,-1.41
"2024-01-01 00:00:00","2024-01-01 00:00:00","VGRD","10 m above ground",-88.5,34.75,-1.06
"2024-01-01 00:00:00","2024-01-01 00:00:00","VGRD","10 m above ground",-98.5,35,-4.73
"2024-01-01 00:00:00","2024-01-01 00:00:00","VGRD","10 m above ground",-98.25,35,-5.14
"2024-01-01 00:00:00","2024-01-01 00:00:00","VGRD","10 m above ground",-98,35,-5.49
"2024-01-01 00:00:00","2024-01-01 00:00:00","VGRD","10 m above ground",-97.75,35,-5.56
"2024-01-01 00:00:00","2024-01-01 00:00:00","VGRD","10 m above ground",-97.5,35,-6.11
"2024-01-01 00:00:00","2024-01-01 00:00:00","VGRD","10 m above ground",-97.25,35,-6.26
"2024-01-01 00:00:00","2024-01-01 00:00:00","VGRD","10 m above ground",-97,35,-6.25
"2024-01-01 00:00:00","2024-01-01 00:00:00","VGRD","10 m above ground",-96.75,35,-5.88
"2024-01-01 00:00:00","2024-01-01 00:00:00","VGRD","10 m above ground",-96.5,35,-6.17
"2024-01-01 00:00:00","2024-01-01 00:00:00","VGRD","10 m above ground",-96.25,35,-6.21
"2024-01-01 00:00:00","2024-01-01 00:00:00","VGRD","10 m above ground",-96,35,-5.25
"2024-01-01 00:00:00","2024-01-01 00:00:00","VGRD","10 m above ground",-95.75,35,-4.4
"2024-01-01 00:00:00","2024-01-01 00:00:00","VGRD","10 m above ground",-95.5,35,-3.99
"2024-01-01 00:00:00","2024-01-01 00:00:00","VGRD","10 m above ground",-95.25,35,-3.72
"2024-01-01 00:00:00","2024-01-01 00:00:00","VGRD","10 m above ground",-95,35,-3.64
"2024-01-01 00:00:00","2024-01-01 00:00:00","VGRD","10 m above ground",-94.75,35,-2.98
"2024-01-01 00:00:00","2024-01-01 00:00:00","VGRD","10 m above ground",-94.5,35,-2.02
"2024-01-01 00:00:00","2024-01-01 00:00:00","VGRD","10 m above ground",-94.25,35,-1.92
"2024-01-01 00:00:00","2024-01-01 00:00:00","VGRD","10 m above ground",-94,35,-1.93
"2024-01-01 00:00:00","2024-01-01 00:00:00","VGRD","10 m above ground",-93.75,35,-1.38
"2024-01-01 00:00:00","2024-01-01 00:00:00","VGRD","10 m above ground",-93.5,35,-1.92
"2024-01-01 00:00:00","2024-01-01 00:00:00","VGRD","10 m above ground",-93.25,35,-1.96
"2024-01-01 00:00:00","2024-01-01 00:00:00","VGRD","10 m above ground",-93,35,-1.64
"2024-01-01 00:00:00","2024-01-01 00:00:00","VGRD","10 m above ground",-92.75,35,-2.73
"2024-01-01 00:00:00","2024-01-01 00:00:00","VGRD","10 m above ground",-92.5,35,-3.09
"2024-01-01 00:00:00","2024-01-01 00:00:00","VGRD","10 m above ground",-92.25,35,-3.4
"2024-01-01 00:00:00","2024-01-01 00:00:00","VGRD","10 m above ground",-92,35,-3.86
"2024-01-01 00:00:00","2024-01-01 00:00:00","VGRD","10 m above ground",-91.75,35,-4.17
"2024-01-01 00:00:00","2024-01-01 00:00:00","VGRD","10 m above ground",-91.5,35,-4.99
"2024-01-01 00:00:00","2024-01-01 00:00:00","VGRD","10 m above ground",-91.25,35,-5.36
"2024-01-01 00:00:00","2024-01-01 00:00:00","VGRD","10 m above ground",-91,35,-5.19
"2024-01-01 00:00:00","2024-01-01 00:00:00","VGRD","10 m above ground",-90.75,35,-4.81
"2024-01-01 00:00:00","2024-01-01 00:00:00","VGRD","10 m above ground",-90.5,35,-4.4
"2024-01-01 00:00:00","2024-01-01 00:00:00","VGRD","10 m above ground",-90.25,35,-4.19
"2024-01-01 00:00:00","2024-01-01 00:00:00","VGRD","10 m above ground",-90,35,-3.99
"2024-01-01 00:00:00","2024-01-01 00:00:00","VGRD","10 m above ground",-89.75,35,-3.73
"2024-01-01 00:00:00","2024-01-01 00:00:00","VGRD","10 m above ground",-89.5,35,-3.65
"2024-01-01 00:00:00","2024-01-01 00:00:00","VGRD","10 m above ground",-89.25,35,-3.11
"2024-01-01 00:00:00","2024-01-01 00:00:00","VGRD","10 m above ground",-89,35,-3.09
"2024-01-01 00:00:00","2024-01-01 00:00:00","VGRD","10 m above ground",-88.75,35,-2.55
"2024-01-01 00:00:00","2024-01-01 00:00:00","VGRD","10 m above ground",-88.5,35,-2.9
"2024-01-01 00:00:00","2024-01-01 00:00:00","VGRD","10 m above ground",-98.5,35.25,-5.1
"2024-01-01 00:00:00","2024-01-01 00:00:00","VGRD","10 m above ground",-98.25,35.25,-5.12
"2024-01-01 00:00:00","2024-01-01 00:00:00","VGRD","10 m above ground",-98,35.25,-5.51
"2024-01-01 00:00:00","2024-01-01 00:00:00","VGRD","10 m above ground",-97.75,35.25,-5.66
"2024-01-01 00:00:00","2024-01-01 00:00:00","VGRD","10 m above ground",-97.5,35.25,-5.69
"2024-01-01 00:00:00","2024-01-01 00:00:00","VGRD","10 m above ground",-97.25,35.25,-5.59
"2024-01-01 00:00:00","2024-01-01 00:00:00","VGRD","10 m above ground",-97,35.25,-5.84
"2024-01-01 00:00:00","2024-01-01 00:00:00","VGRD","10 m above ground",-96.75,35.25,-5.83
"2024-01-01 00:00:00","2024-01-01 00:00:00","VGRD","10 m above ground",-96.5,35.25,-5.91
"2024-01-01 00:00:00","2024-01-01 00:00:00","VGRD","10 m above ground",-96.25,35.25,-5.8
"2024-01-01 00:00:00","2024-01-01 00:00:00","VGRD","10 m above ground",-96,35.25,-5.46
"2024-01-01 00:00:00","2024-01-01 00:00:00","VGRD","10 m above ground",-95.75,35.25,-5.33
"2024-01-01 00:00:00","2024-01-01 00:00:00","VGRD","10 m above ground",-95.5,35.25,-4.36
"2024-01-01 00:00:00","2024-01-01 00:00:00","VGRD","10 m above ground",-95.25,35.25,-4.75
"2024-01-01 00:00:00","2024-01-01 00:00:00","VGRD","10 m above ground",-95,35.25,-4.13
"2024-01-01 00:00:00","2024-01-01 00:00:00","VGRD","10 m above ground",-94.75,35.25,-3.46
"2024-01-01 00:00:00","2024-01-01 00:00:00","VGRD","10 m above ground",-94.5,35.25,-3.03
"2024-01-01 00:00:00","2024-01-01 00:00:00","VGRD","10 m above ground",-94.25,35.25,-2.65
"2024-01-01 00:00:00","2024-01-01 00:00:00","VGRD","10 m above ground",-94,35.25,-2.07
"2024-01-01 00:00:00","2024-01-01 00:00:00","VGRD","10 m above ground",-93.75,35.25,-1.8
"2024-01-01 00:00:00","2024-01-01 00:00:00","VGRD","10 m above ground",-93.5,35.25,-2.11
"2024-01-01 00:00:00","2024-01-01 00:00:00","VGRD","10 m above ground",-93.25,35.25,-2.49
"2024-01-01 00:00:00","2024-01-01 00:00:00","VGRD","10 m above ground",-93,35.25,-2.56
"2024-01-01 00:00:00","2024-01-01 00:00:00","VGRD","10 m above ground",-92.75,35.25,-3.59
"2024-01-01 00:00:00","2024-01-01 00:00:00","VGRD","10 m above ground",-92.5,35.25,-3.84
"2024-01-01 00:00:00","2024-01-01 00:00:00","VGRD","10 m above ground",-92.25,35.25,-4.27
"2024-01-01 00:00:00","2024-01-01 00:00:00","VGRD","10 m above ground",-92,35.25,-4.25
"2024-01-01 00:00:00","2024-01-01 00:00:00","VGRD","10 m above ground",-91.75,35.25,-4.7
"2024-01-01 00:00:00","2024-01-01 00:00:00","VGRD","10 m above ground",-91.5,35.25,-5.35
"2024-01-01 00:00:00","2024-01-01 00:00:00","VGRD","10 m above ground",-91.25,35.25,-5.37
"2024-01-01 00:00:00","2024-01-01 00:00:00","VGRD","10 m above ground",-91,35.25,-4.81
"2024-01-01 00:00:00","2024-01-01 00:00:00","VGRD","10 m above ground",-90.75,35.25,-4.02
"2024-01-01 00:00:00","2024-01-01 00:00:00","VGRD","10 m above ground",-90.5,35.25,-3.67
"2024-01-01 00:00:00","2024-01-01 00:00:00","VGRD","10 m above ground",-90.25,35.25,-3.66
"2024-01-01 00:00:00","2024-01-01 00:00:00","VGRD","10 m above ground",-90,35.25,-3.53
"2024-01-01 00:00:00","2024-01-01 00:00:00","VGRD","10 m above ground",-89.75,35.25,-3.81
"2024-01-01 00:00:00","2024-01-01 00:00:00","VGRD","10 m above ground",-89.5,35.25,-3.84
"2024-01-01 00:00:00","2024-01-01 00:00:00","VGRD","10 m above ground",-89.25,35.25,-3.6
"2024-01-01 00:00:00","2024-01-01 00:00:00","VGRD","10 m above ground",-89,35.25,-3.17
"2024-01-01 00:00:00","2024-01-01 00:00:00","VGRD","10 m above ground",-88.75,35.25,-3.29
"2024-01-01 00:00:00","2024-01-01 00:00:00","VGRD","10 m above ground",-88.5,35.25,-4.02
"2024-01-01 00:00:00","2024-01-01 00:00:00","VGRD","10 m above ground",-98.5,35.5,-5.37
"2024-01-01 00:00:00","2024-01-01 00:00:00","VGRD","10 m above ground",-98.25,35.5,-5.51
"2024-01-01 00:00:00","2024-01-01 00:00:00","VGRD","10 m above ground",-98,35.5,-5.65
"2024-01-01 00:00:00","2024-01-01 00:00:00","VGRD","10 m above ground",-97.75,35.5,-5.71
"2024-01-01 00:00:00","2024-01-01 00:00:00","VGRD","10 m above ground",-97.5,35.5,-5.43
"2024-01-01 00:00:00","2024-01-01 00:00:00","VGRD","10 m above ground",-97.25,35.5,-5.25
"2024-01-01 00:00:00","2024-01-01 00:00:00","VGRD","10 m above ground",-97,35.5,-5.22
"2024-01-01 00:00:00","2024-01-01 00:00:00","VGRD","10 m above ground",-96.75,35.5,-5.31
"2024-01-01 00:00:00","2024-01-01 00:00:00","VGRD","10 m above ground",-96.5,35.5,-5.4
"2024-01-01 00:00:00","2024-01-01 00:00:00","VGRD","10 m above ground",-96.25,35.5,-5.32
"2024-01-01 00:00:00","2024-01-01 00:00:00","VGRD","10 m above ground",-96,35.5,-5.16
"2024-01-01 00:00:00","2024-01-01 00:00:00","VGRD","10 m above ground",-95.75,35.5,-5.4
"2024-01-01 00:00:00","2024-01-01 00:00:00","VGRD","10 m above ground",-95.5,35.5,-5.91
"2024-01-01 00:00:00","2024-01-01 00:00:00","VGRD","10 m above ground",-95.25,35.5,-3.64
"2024-01-01 00:00:00","2024-01-01 00:00:00","VGRD","10 m above ground",-95,35.5,-3.83
"2024-01-01 00:00:00","2024-01-01 00:00:00","VGRD","10 m above ground",-94.75,35.5,-3.86
"2024-01-01 00:00:00","2024-01-01 00:00:00","VGRD","10 m above ground",-94.5,35.5,-3.16
"2024-01-01 00:00:00","2024-01-01 00:00:00","VGRD","10 m above ground",-94.25,35.5,-3.31
"2024-01-01 00:00:00","2024-01-01 00:00:00","VGRD","10 m above ground",-94,35.5,-2.56
"2024-01-01 00:00:00","2024-01-01 00:00:00","VGRD","10 m above ground",-93.75,35.5,-2.36
"2024-01-01 00:00:00","2024-01-01 00:00:00","VGRD","10 m above ground",-93.5,35.5,-2.5
"2024-01-01 00:00:00","2024-01-01 00:00:00","VGRD","10 m above ground",-93.25,35.5,-2.7
"2024-01-01 00:00:00","2024-01-01 00:00:00","VGRD","10 m above ground",-93,35.5,-3.04
"2024-01-01 00:00:00","2024-01-01 00:00:00","VGRD","10 m above ground",-92.75,35.5,-3.99
"2024-01-01 00:00:00","2024-01-01 00:00:00","VGRD","10 m above ground",-92.5,35.5,-4.16
"2024-01-01 00:00:00","2024-01-01 00:00:00","VGRD","10 m above ground",-92.25,35.5,-3.87
"2024-01-01 00:00:00","2024-01-01 00:00:00","VGRD","10 m above ground",-92,35.5,-3.3
"2024-01-01 00:00:00","2024-01-01 00:00:00","VGRD","10 m above ground",-91.75,35.5,-3.84
"2024-01-01 00:00:00","2024-01-01 00:00:00","VGRD","10 m above ground",-91.5,35.5,-4.27
"2024-01-01 00:00:00","2024-01-01 00:00:00","VGRD","10 m above ground",-91.25,35.5,-4.56
"2024-01-01 00:00:00","2024-01-01 00:00:00","VGRD","10 m above ground",-91,35.5,-4.24
"2024-01-01 00:00:00","2024-01-01 00:00:00","VGRD","10 m above ground",-90.75,35.5,-4.03
"2024-01-01 00:00:00","2024-01-01 00:00:00","VGRD","10 m above ground",-90.5,35.5,-4.14
"2024-01-01 00:00:00","2024-01-01 00:00:00","VGRD","10 m above ground",-90.25,35.5,-4.36
"2024-01-01 00:00:00","2024-01-01 00:00:00","VGRD","10 m above ground",-90,35.5,-4.4
"2024-01-01 00:00:00","2024-01-01 00:00:00","VGRD","10 m above ground",-89.75,35.5,-4.28
"2024-01-01 00:00:00","2024-01-01 00:00:00","VGRD","10 m above ground",-89.5,35.5,-4.03
"2024-01-01 00:00:00","2024-01-01 00:00:00","VGRD","10 m above ground",-89.25,35.5,-3.88
"2024-01-01 00:00:00","2024-01-01 00:00:00","VGRD","10 m above ground",-89,35.5,-3.58
"2024-01-01 00:00:00","2024-01-01 00:00:00","VGRD","10 m above ground",-88.75,35.5,-3.69
"2024-01-01 00:00:00","2024-01-01 00:00:00","VGRD","10 m above ground",-88.5,35.5,-3.76
"2024-01-01 00:00:00","2024-01-01 00:00:00","VGRD","10 m above ground",-98.5,35.75,-5.32
"2024-01-01 00:00:00","2024-01-01 00:00:00","VGRD","10 m above ground",-98.25,35.75,-5.15
"2024-01-01 00:00:00","2024-01-01 00:00:00","VGRD","10 m above ground",-98,35.75,-4.72
"2024-01-01 00:00:00","2024-01-01 00:00:00","VGRD","10 m above ground",-97.75,35.75,-5.04
"2024-01-01 00:00:00","2024-01-01 00:00:00","VGRD","10 m above ground",-97.5,35.75,-5.11
"2024-01-01 00:00:00","2024-01-01 00:00:00","VGRD","10 m above ground",-97.25,35.75,-4.87
"2024-01-01 00:00:00","2024-01-01 00:00:00","VGRD","10 m above ground",-97,35.75,-4.88
"2024-01-01 00:00:00","2024-01-01 00:00:00","VGRD","10 m above ground",-96.75,35.75,-5.3
"2024-01-01 00:00:00","2024-01-01 00:00:00","VGRD","10 m above ground",-96.5,35.75,-5.63
"2024-01-01 00:00:00","2024-01-01 00:00:00","VGRD","10 m above ground",-96.25,35.75,-5.3
"2024-01-01 00:00:00","2024-01-01 00:00:00","VGRD","10 m above ground",-96,35.75,-5.37
"2024-01-01 00:00:00","2024-01-01 00:00:00","VGRD","10 m above ground",-95.75,35.75,-5.77
"2024-01-01 00:00:00","2024-01-01 00:00:00","VGRD","10 m above ground",-95.5,35.75,-5.84
"2024-01-01 00:00:00","2024-01-01 00:00:00","VGRD","10 m above ground",-95.25,35.75,-3.81
"2024-01-01 00:00:00","2024-01-01 00:00:00","VGRD","10 m above ground",-95,35.75,-3.77
"2024-01-01 00:00:00","2024-01-01 00:00:00","VGRD","10 m above ground",-94.75,35.75,-3.66
"2024-01-01 00:00:00","2024-01-01 00:00:00","VGRD","10 m above ground",-94.5,35.75,-3.23
"2024-01-01 00:00:00","2024-01-01 00:00:00","VGRD","10 m above ground",-94.25,35.75,-3.12
"2024-01-01 00:00:00","2024-01-01 00:00:00","VGRD","10 m above ground",-94,35.75,-3.32
"2024-01-01 00:00:00","2024-01-01 00:00:00","VGRD","10 m above ground",-93.75,35.75,-2.37
"2024-01-01 00:00:00","2024-01-01 00:00:00","VGRD","10 m above ground",-93.5,35.75,-2.37
"2024-01-01 00:00:00","2024-01-01 00:00:00","VGRD","10 m above ground",-93.25,35.75,-2.66
"2024-01-01 00:00:00","2024-01-01 00:00:00","VGRD","10 m above ground",-93,35.75,-3.33
"2024-01-01 00:00:00","2024-01-01 00:00:00","VGRD","10 m above ground",-92.75,35.75,-3.59
"2024-01-01 00:00:00","2024-01-01 00:00:00","VGRD","10 m above ground",-92.5,35.75,-3.71
"2024-01-01 00:00:00","2024-01-01 00:00:00","VGRD","10 m above ground",-92.25,35.75,-3.53
"2024-01-01 00:00:00","2024-01-01 00:00:00","VGRD","10 m above ground",-92,35.75,-3.16
"2024-01-01 00:00:00","2024-01-01 00:00:00","VGRD","10 m above ground",-91.75,35.75,-3.77
"2024-01-01 00:00:00","2024-01-01 00:00:00","VGRD","10 m above ground",-91.5,35.75,-4.12
"2024-01-01 00:00:00","2024-01-01 00:00:00","VGRD","10 m above ground",-91.25,35.75,-4.4
"2024-01-01 00:00:00","2024-01-01 00:00:00","VGRD","10 m above ground",-91,35.75,-4.55
"2024-01-01 00:00:00","2024-01-01 00:00:00","VGRD","10 m above ground",-90.75,35.75,-4.72
"2024-01-01 00:00:00","2024-01-01 00:00:00","VGRD","10 m above ground",-90.5,35.75,-5.07
"2024-01-01 00:00:00","2024-01-01 00:00:00","VGRD","10 m above ground",-90.25,35.75,-5.2
"2024-01-01 00:00:00","2024-01-01 00:00:00","VGRD","10 m above ground",-90,35.75,-4.85
"2024-01-01 00:00:00","2024-01-01 00:00:00","VGRD","10 m above ground",-89.75,35.75,-4.53
"2024-01-01 00:00:00","2024-01-01 00:00:00","VGRD","10 m above ground",-89.5,35.75,-4.18
"2024-01-01 00:00:00","2024-01-01 00:00:00","VGRD","10 m above ground",-89.25,35.75,-4.11
"2024-01-01 00:00:00","2024-01-01 00:00:00","VGRD","10 m above ground",-89,35.75,-3.84
"2024-01-01 00:00:00","2024-01-01 00:00:00","VGRD","10 m above ground",-88.75,35.75,-3.75
"2024-01-01 00:00:00","2024-01-01 00:00:00","VGRD","10 m above ground",-88.5,35.75,-3.68
"2024-01-01 00:00:00","2024-01-01 00:00:00","VGRD","10 m above ground",-98.5,36,-5.2
"2024-01-01 00:00:00","2024-01-01 00:00:00","VGRD","10 m above ground",-98.25,36,-4.86
"2024-01-01 00:00:00","2024-01-01 00:00:00","VGRD","10 m above ground",-98,36,-4.63
"2024-01-01 00:00:00","2024-01-01 00:00:00","VGRD","10 m above ground",-97.75,36,-4.67
"2024-01-01 00:00:00","2024-01-01 00:00:00","VGRD","10 m above ground",-97.5,36,-5.03
"2024-01-01 00:00:00","2024-01-01 00:00:00","VGRD","10 m above ground",-97.25,36,-4.92
"2024-01-01 00:00:00","2024-01-01 00:00:00","VGRD","10 m above ground",-97,36,-4.97
"2024-01-01 00:00:00","2024-01-01 00:00:00","VGRD","10 m above ground",-96.75,36,-5.4
"2024-01-01 00:00:00","2024-01-01 00:00:00","VGRD","10 m above ground",-96.5,36,-5.65
"2024-01-01 00:00:00","2024-01-01 00:00:00","VGRD","10 m above ground",-96.25,36,-5.25
"2024-01-01 00:00:00","2024-01-01 00:00:00","VGRD","10 m above ground",-96,36,-5.15
"2024-01-01 00:00:00","2024-01-01 00:00:00","VGRD","10 m above ground",-95.75,36,-5.2
"2024-01-01 00:00:00","2024-01-01 00:00:00","VGRD","10 m above ground",-95.5,36,-5.14
"2024-01-01 00:00:00","2024-01-01 00:00:00","VGRD","10 m above ground",-95.25,36,-3.66
"2024-01-01 00:00:00","2024-01-01 00:00:00","VGRD","10 m above ground",-95,36,-4.35
"2024-01-01 00:00:00","2024-01-01 00:00:00","VGRD","10 m above ground",-94.75,36,-4.27
"2024-01-01 00:00:00","2024-01-01 00:00:00","VGRD","10 m above ground",-94.5,36,-4.6
"2024-01-01 00:00:00","2024-01-01 00:00:00","VGRD","10 m above ground",-94.25,36,-3.78
"2024-01-01 00:00:00","2024-01-01 00:00:00","VGRD","10 m above ground",-94,36,-3.19
"2024-01-01 00:00:00","2024-01-01 00:00:00","VGRD","10 m above ground",-93.75,36,-3.03
"2024-01-01 00:00:00","2024-01-01 00:00:00","VGRD","10 m above ground",-93.5,36,-2.7
"2024-01-01 00:00:00","2024-01-01 00:00:00","VGRD","10 m above ground",-93.25,36,-2.06
"2024-01-01 00:00:00","2024-01-01 00:00:00","VGRD","10 m above ground",-93,36,-2.57
"2024-01-01 00:00:00","2024-01-01 00:00:00","VGRD","10 m above ground",-92.75,36,-2.92
"2024-01-01 00:00:00","2024-01-01 00:00:00","VGRD","10 m above ground",-92.5,36,-2.9
"2024-01-01 00:00:00","2024-01-01 00:00:00","VGRD","10 m above ground",-92.25,36,-2.87
"2024-01-01 00:00:00","2024-01-01 00:00:00","VGRD","10 m above ground",-92,36,-3.3
"2024-01-01 00:00:00","2024-01-01 00:00:00","VGRD","10 m above ground",-91.75,36,-4.54
"2024-01-01 00:00:00","2024-01-01 00:00:00","VGRD","10 m above ground",-91.5,36,-3.38
"2024-01-01 00:00:00","2024-01-01 00:00:00","VGRD","10 m above ground",-91.25,36,-3.86
"2024-01-01 00:00:00","2024-01-01 00:00:00","VGRD","10 m above ground",-91,36,-4.43
"2024-01-01 00:00:00","2024-01-01 00:00:00","VGRD","10 m above ground",-90.75,36,-5.16
"2024-01-01 00:00:00","2024-01-01 00:00:00","VGRD","10 m above ground",-90.5,36,-5.34
"2024-01-01 00:00:00","2024-01-01 00:00:00","VGRD","10 m above ground",-90.25,36,-5.18
"2024-01-01 00:00:00","2024-01-01 00:00:00","VGRD","10 m above ground",-90,36,-4.9
"2024-01-01 00:00:00","2024-01-01 00:00:00","VGRD","10 m above ground",-89.75,36,-4.55
"2024-01-01 00:00:00","2024-01-01 00:00:00","VGRD","10 m above ground",-89.5,36,-4.58
"2024-01-01 00:00:00","2024-01-01 00:00:00","VGRD","10 m above ground",-89.25,36,-4.43
"2024-01-01 00:00:00","2024-01-01 00:00:00","VGRD","10 m above ground",-89,36,-4.22
"2024-01-01 00:00:00","2024-01-01 00:00:00","VGRD","10 m above ground",-88.75,36,-4.02
"2024-01-01 00:00:00","2024-01-01 00:00:00","VGRD","10 m above ground",-88.5,36,-3.74
"2024-01-01 00:00:00","2024-01-01 00:00:00","VGRD","10 m above ground",-98.5,36.25,-4.39
"2024-01-01 00:00:00","2024-01-01 00:00:00","VGRD","10 m above ground",-98.25,36.25,-3.91
"2024-01-01 00:00:00","2024-01-01 00:00:00","VGRD","10 m above ground",-98,36.25,-3.72
"2024-01-01 00:00:00","2024-01-01 00:00:00","VGRD","10 m above ground",-97.75,36.25,-3.68
"2024-01-01 00:00:00","2024-01-01 00:00:00","VGRD","10 m above ground",-97.5,36.25,-4.17
"2024-01-01 00:00:00","2024-01-01 00:00:00","VGRD","10 m above ground",-97.25,36.25,-4.23
"2024-01-01 00:00:00","2024-01-01 00:00:00","VGRD","10 m above ground",-97,36.25,-3.91
"2024-01-01 00:00:00","2024-01-01 00:00:00","VGRD","10 m above ground",-96.75,36.25,-4.22
"2024-01-01 00:00:00","2024-01-01 00:00:00","VGRD","10 m above ground",-96.5,36.25,-4.38
"2024-01-01 00:00:00","2024-01-01 00:00:00","VGRD","10 m above ground",-96.25,36.25,-4.05
"2024-01-01 00:00:00","2024-01-01 00:00:00","VGRD","10 m above ground",-96,36.25,-4.05
"2024-01-01 00:00:00","2024-01-01 00:00:00","VGRD","10 m above ground",-95.75,36.25,-4.01
"2024-01-01 00:00:00","2024-01-01 00:00:00","VGRD","10 m above ground",-95.5,36.25,-4.12
"2024-01-01 00:00:00","2024-01-01 00:00:00","VGRD","10 m above ground",-95.25,36.25,-4.41
"2024-01-01 00:00:00","2024-01-01 00:00:00","VGRD","10 m above ground",-95,36.25,-3.79
"2024-01-01 00:00:00","2024-01-01 00:00:00","VGRD","10 m above ground",-94.75,36.25,-4.3
"2024-01-01 00:00:00","2024-01-01 00:00:00","VGRD","10 m above ground",-94.5,36.25,-4.14
"2024-01-01 00:00:00","2024-01-01 00:00:00","VGRD","10 m above ground",-94.25,36.25,-3.79
"2024-01-01 00:00:00","2024-01-01 00:00:00","VGRD","10 m above ground",-94,36.25,-2.74
"2024-01-01 00:00:00","2024-01-01 00:00:00","VGRD","10 m above ground",-93.75,36.25,-2.4
"2024-01-01 00:00:00","2024-01-01 00:00:00","VGRD","10 m above ground",-93.5,36.25,-2.76
"2024-01-01 00:00:00","2024-01-01 00:00:00","VGRD","10 m above ground",-93.25,36.25,-2.58
"2024-01-01 00:00:00","2024-01-01 00:00:00","VGRD","10 m above ground",-93,36.25,-3.18
"2024-01-01 00:00:00","2024-01-01 00:00:00","VGRD","10 m above ground",-92.75,36.25,-2.76
"2024-01-01 00:00:00","2024-01-01 00:00:00","VGRD","10 m above ground",-92.5,36.25,-2.25
"2024-01-01 00:00:00","2024-01-01 00:00:00","VGRD","10 m above ground",-92.25,36.25,-2.44
"2024-01-01 00:00:00","2024-01-01 00:00:00","VGRD","10 m above ground",-92,36.25,-3.54
"2024-01-01 00:00:00","2024-01-01 00:00:00","VGRD","10 m above ground",-91.75,36.25,-4.12
"2024-01-01 00:00:00","2024-01-01 00:00:00","VGRD","10 m above ground",-91.5,36.25,-2.59
"2024-01-01 00:00:00","2024-01-01 00:00:00","VGRD","10 m above ground",-91.25,36.25,-2.6
"2024-01-01 00:00:00","2024-01-01 00:00:00","VGRD","10 m above ground",-91,36.25,-4.21
"2024-01-01 00:00:00","2024-01-01 00:00:00","VGRD","10 m above ground",-90.75,36.25,-4.83
"2024-01-01 00:00:00","2024-01-01 00:00:00","VGRD","10 m above ground",-90.5,36.25,-4.51
"2024-01-01 00:00:00","2024-01-01 00:00:00","VGRD","10 m above ground",-90.25,36.25,-4.45
"2024-01-01 00:00:00","2024-01-01 00:00:00","VGRD","10 m above ground",-90,36.25,-4.49
"2024-01-01 00:00:00","2024-01-01 00:00:00","VGRD","10 m above ground",-89.75,36.25,-4.39
"2024-01-01 00:00:00","2024-01-01 00:00:00","VGRD","10 m above ground",-89.5,36.25,-4.17
"2024-01-01 00:00:00","2024-01-01 00:00:00","VGRD","10 m above ground",-89.25,36.25,-4.21
"2024-01-01 00:00:00","2024-01-01 00:00:00","VGRD","10 m above ground",-89,36.25,-4.63
"2024-01-01 00:00:00","2024-01-01 00:00:00","VGRD","10 m above ground",-88.75,36.25,-4.53
"2024-01-01 00:00:00","2024-01-01 00:00:00","VGRD","10 m above ground",-88.5,36.25,-4.35
"2024-01-01 00:00:00","2024-01-01 00:00:00","VGRD","10 m above ground",-98.5,36.5,-3.62
"2024-01-01 00:00:00","2024-01-01 00:00:00","VGRD","10 m above ground",-98.25,36.5,-3.71
"2024-01-01 00:00:00","2024-01-01 00:00:00","VGRD","10 m above ground",-98,36.5,-3.78
"2024-01-01 00:00:00","2024-01-01 00:00:00","VGRD","10 m above ground",-97.75,36.5,-3.24
"2024-01-01 00:00:00","2024-01-01 00:00:00","VGRD","10 m above ground",-97.5,36.5,-3.4
"2024-01-01 00:00:00","2024-01-01 00:00:00","VGRD","10 m above ground",-97.25,36.5,-3.89
"2024-01-01 00:00:00","2024-01-01 00:00:00","VGRD","10 m above ground",-97,36.5,-3.6
"2024-01-01 00:00:00","2024-01-01 00:00:00","VGRD","10 m above ground",-96.75,36.5,-3.75
"2024-01-01 00:00:00","2024-01-01 00:00:00","VGRD","10 m above ground",-96.5,36.5,-4.23
"2024-01-01 00:00:00","2024-01-01 00:00:00","VGRD","10 m above ground",-96.25,36.5,-4.44
"2024-01-01 00:00:00","2024-01-01 00:00:00","VGRD","10 m above ground",-96,36.5,-4.51
"2024-01-01 00:00:00","2024-01-01 00:00:00","VGRD","10 m above ground",-95.75,36.5,-4.39
"2024-01-01 00:00:00","2024-01-01 00:00:00","VGRD","10 m above ground",-95.5,36.5,-4.08
"2024-01-01 00:00:00","2024-01-01 00:00:00","VGRD","10 m above ground",-95.25,36.5,-4.12
"2024-01-01 00:00:00","2024-01-01 00:00:00","VGRD","10 m above ground",-95,36.5,-3.72
"2024-01-01 00:00:00","2024-01-01 00:00:00","VGRD","10 m above ground",-94.75,36.5,-3.29
"2024-01-01 00:00:00","2024-01-01 00:00:00","VGRD","10 m above ground",-94.5,36.5,-2.6
"2024-01-01 00:00:00","2024-01-01 00:00:00","VGRD","10 m above ground",-94.25,36.5,-2.41
"2024-01-01 00:00:00","2024-01-01 00:00:00","VGRD","10 m above ground",-94,36.5,-2.55
"2024-01-01 00:00:00","2024-01-01 00:00:00","VGRD","10 m above ground",-93.75,36.5,-1.96
"2024-01-01 00:00:00","2024-01-01 00:00:00","VGRD","10 m above ground",-93.5,36.5,-2.07
"2024-01-01 00:00:00","2024-01-01 00:00:00","VGRD","10 m above ground",-93.25,36.5,-1.51
"2024-01-01 00:00:00","2024-01-01 00:00:00","VGRD","10 m above ground",-93,36.5,-1.72
"2024-01-01 00:00:00","2024-01-01 00:00:00","VGRD","10 m above ground",-92.75,36.5,-1.88
"2024-01-01 00:00:00","2024-01-01 00:00:00","VGRD","10 m above ground",-92.5,36.5,-1.99
"2024-01-01 00:00:00","2024-01-01 00:00:00","VGRD","10 m above ground",-92.25,36.5,-2.58
"2024-01-01 00:00:00","2024-01-01 00:00:00","VGRD","10 m above ground",-92,36.5,-3.42
"2024-01-01 00:00:00","2024-01-01 00:00:00","VGRD","10 m above ground",-91.75,36.5,-3.1
"2024-01-01 00:00:00","2024-01-01 00:00:00","VGRD","10 m above ground",-91.5,36.5,-3.67
"2024-01-01 00:00:00","2024-01-01 00:00:00","VGRD","10 m above ground",-91.25,36.5,-3.95
"2024-01-01 00:00:00","2024-01-01 00:00:00","VGRD","10 m above ground",-91,36.5,-3.99
"2024-01-01 00:00:00","2024-01-01 00:00:00","VGRD","10 m above ground",-90.75,36.5,-3.83
"2024-01-01 00:00:00","2024-01-01 00:00:00","VGRD","10 m above ground",-90.5,36.5,-3.31
"2024-01-01 00:00:00","2024-01-01 00:00:00","VGRD","10 m above ground",-90.25,36.5,-3.62
"2024-01-01 00:00:00","2024-01-01 00:00:00","VGRD","10 m above ground",-90,36.5,-3.93
"2024-01-01 00:00:00","2024-01-01 00:00:00","VGRD","10 m above ground",-89.75,36.5,-4.29
"2024-01-01 00:00:00","2024-01-01 00:00:00","VGRD","10 m above ground",-89.5,36.5,-4.35
"2024-01-01 00:00:00","2024-01-01 00:00:00","VGRD","10 m above ground",-89.25,36.5,-4.2
"2024-01-01 00:00:00","2024-01-01 00:00:00","VGRD","10 m above ground",-89,36.5,-4.41
"2024-01-01 00:00:00","2024-01-01 00:00:00","VGRD","10 m above ground",-88.75,36.5,-4.57
"2024-01-01 00:00:00","2024-01-01 00:00:00","VGRD","10 m above ground",-88.5,36.5,-4.77
"2024-01-01 00:00:00","2024-01-01 00:00:00","VGRD","10 m above ground",-98.5,36.75,-3.16
"2024-01-01 00:00:00","2024-01-01 00:00:00","VGRD","10 m above ground",-98.25,36.75,-3.91
"2024-01-01 00:00:00","2024-01-01 00:00:00","VGRD","10 m above ground",-98,36.75,-3.7
"2024-01-01 00:00:00","2024-01-01 00:00:00","VGRD","10 m above ground",-97.75,36.75,-3.22
"2024-01-01 00:00:00","2024-01-01 00:00:00","VGRD","10 m above ground",-97.5,36.75,-3.17
"2024-01-01 00:00:00","2024-01-01 00:00:00","VGRD","10 m above ground",-97.25,36.75,-3.83
"2024-01-01 00:00:00","2024-01-01 00:00:00","VGRD","10 m above ground",-97,36.75,-3.88
"2024-01-01 00:00:00","2024-01-01 00:00:00","VGRD","10 m above ground",-96.75,36.75,-3.8
"2024-01-01 00:00:00","2024-01-01 00:00:00","VGRD","10 m above ground",-96.5,36.75,-4.21
"2024-01-01 00:00:00","2024-01-01 00:00:00","VGRD","10 m above ground",-96.25,36.75,-4.36
"2024-01-01 00:00:00","2024-01-01 00:00:00","VGRD","10 m above ground",-96,36.75,-4.05
"2024-01-01 00:00:00","2024-01-01 00:00:00","VGRD","10 m above ground",-95.75,36.75,-3.77
"2024-01-01 00:00:00","2024-01-01 00:00:00","VGRD","10 m above ground",-95.5,36.75,-3.32
"2024-01-01 00:00:00","2024-01-01 00:00:00","VGRD","10 m above ground",-95.25,36.75,-3.39
"2024-01-01 00:00:00","2024-01-01 00:00:00","VGRD","10 m above ground",-95,36.75,-3.28
"2024-01-01 00:00:00","2024-01-01 00:00:00","VGRD","10 m above ground",-94.75,36.75,-3.13
"2024-01-01 00:00:00","2024-01-01 00:00:00","VGRD","10 m above ground",-94.5,36.75,-2.79
"2024-01-01 00:00:00","2024-01-01 00:00:00","VGRD","10 m above ground",-94.25,36.75,-2.4
"2024-01-01 00:00:00","2024-01-01 00:00:00","VGRD","10 m above ground",-94,36.75,-2.99
"2024-01-01 00:00:00","2024-01-01 00:00:00","VGRD","10 m above ground",-93.75,36.75,-2.66
"2024-01-01 00:00:00","2024-01-01 00:00:00","VGRD","10 m above ground",-93.5,36.75,-2.14
"2024-01-01 00:00:00","2024-01-01 00:00:00","VGRD","10 m above ground",-93.25,36.75,-1.61
"2024-01-01 00:00:00","2024-01-01 00:00:00","VGRD","10 m above ground",-93,36.75,-1.77
"2024-01-01 00:00:00","2024-01-01 00:00:00","VGRD","10 m above ground",-92.75,36.75,-2.59
"2024-01-01 00:00:00","2024-01-01 00:00:00","VGRD","10 m above ground",-92.5,36.75,-2.57
"2024-01-01 00:00:00","2024-01-01 00:00:00","VGRD","10 m above ground",-92.25,36.75,-2.75
"2024-01-01 00:00:00","2024-01-01 00:00:00","VGRD","10 m above ground",-92,36.75,-3.29
"2024-01-01 00:00:00","2024-01-01 00:00:00","VGRD","10 m above ground",-91.75,36.75,-3.07
"2024-01-01 00:00:00","2024-01-01 00:00:00","VGRD","10 m above ground",-91.5,36.75,-3.23
"2024-01-01 00:00:00","2024-01-01 00:00:00","VGRD","10 m above ground",-91.25,36.75,-3.33
"2024-01-01 00:00:00","2024-01-01 00:00:00","VGRD","10 m above ground",-91,36.75,-3.22
"2024-01-01 00:00:00","2024-01-01 00:00:00","VGRD","10 m above ground",-90.75,36.75,-2.98
"2024-01-01 00:00:00","2024-01-01 00:00:00","VGRD","10 m above ground",-90.5,36.75,-3.34
"2024-01-01 00:00:00","2024-01-01 00:00:00","VGRD","10 m above ground",-90.25,36.75,-3.27
"2024-01-01 00:00:00","2024-01-01 00:00:00","VGRD","10 m above ground",-90,36.75,-3.61
"2024-01-01 00:00:00","2024-01-01 00:00:00","VGRD","10 m above ground",-89.75,36.75,-4.3
"2024-01-01 00:00:00","2024-01-01 00:00:00","VGRD","10 m above ground",-89.5,36.75,-4.77
"2024-01-01 00:00:00","2024-01-01 00:00:00","VGRD","10 m above ground",-89.25,36.75,-4.65
"2024-01-01 00:00:00","2024-01-01 00:00:00","VGRD","10 m above ground",-89,36.75,-4.17
"2024-01-01 00:00:00","2024-01-01 00:00:00","VGRD","10 m above ground",-88.75,36.75,-4.17
"2024-01-01 00:00:00","2024-01-01 00:00:00","VGRD","10 m above ground",-88.5,36.75,-4.3
"2024-01-01 00:00:00","2024-01-01 00:00:00","VGRD","10 m above ground",-98.5,37,-3.31
"2024-01-01 00:00:00","2024-01-01 00:00:00","VGRD","10 m above ground",-98.25,37,-3.55
"2024-01-01 00:00:00","2024-01-01 00:00:00","VGRD","10 m above ground",-98,37,-3.51
"2024-01-01 00:00:00","2024-01-01 00:00:00","VGRD","10 m above ground",-97.75,37,-3.41
"2024-01-01 00:00:00","2024-01-01 00:00:00","VGRD","10 m above ground",-97.5,37,-3.05
"2024-01-01 00:00:00","2024-01-01 00:00:00","VGRD","10 m above ground",-97.25,37,-3.42
"2024-01-01 00:00:00","2024-01-01 00:00:00","VGRD","10 m above ground",-97,37,-3.62
"2024-01-01 00:00:00","2024-01-01 00:00:00","VGRD","10 m above ground",-96.75,37,-3.3
"2024-01-01 00:00:00","2024-01-01 00:00:00","VGRD","10 m above ground",-96.5,37,-3.09
"2024-01-01 00:00:00","2024-01-01 00:00:00","VGRD","10 m above ground",-96.25,37,-3.56
"2024-01-01 00:00:00","2024-01-01 00:00:00","VGRD","10 m above ground",-96,37,-3.69
"2024-01-01 00:00:00","2024-01-01 00:00:00","VGRD","10 m above ground",-95.75,37,-3.69
"2024-01-01 00:00:00","2024-01-01 00:00:00","VGRD","10 m above ground",-95.5,37,-3.42
"2024-01-01 00:00:00","2024-01-01 00:00:00","VGRD","10 m above ground",-95.25,37,-3.47
"2024-01-01 00:00:00","2024-01-01 00:00:00","VGRD","10 m above ground",-95,37,-3.45
"2024-01-01 00:00:00","2024-01-01 00:00:00","VGRD","10 m above ground",-94.75,37,-3.45
"2024-01-01 00:00:00","2024-01-01 00:00:00","VGRD","10 m above ground",-94.5,37,-3.36
"2024-01-01 00:00:00","2024-01-01 00:00:00","VGRD","10 m above ground",-94.25,37,-3.31
"2024-01-01 00:00:00","2024-01-01 00:00:00","VGRD","10 m above ground",-94,37,-3.33
"2024-01-01 00:00:00","2024-01-01 00:00:00","VGRD","10 m above ground",-93.75,37,-3.35
"2024-01-01 00:00:00","2024-01-01 00:00:00","VGRD","10 m above ground",-93.5,37,-3.16
"2024-01-01 00:00:00","2024-01-01 00:00:00","VGRD","10 m above ground",-93.25,37,-2.98
"2024-01-01 00:00:00","2024-01-01 00:00:00","VGRD","10 m above ground",-93,37,-2.93
"2024-01-01 00:00:00","2024-01-01 00:00:00","VGRD","10 m above ground",-92.75,37,-2.76
"2024-01-01 00:00:00","2024-01-01 00:00:00","VGRD","10 m above ground",-92.5,37,-3.07
"2024-01-01 00:00:00","2024-01-01 00:00:00","VGRD","10 m above ground",-92.25,37,-3.16
"2024-01-01 00:00:00","2024-01-01 00:00:00","VGRD","10 m above ground",-92,37,-2.96
"2024-01-01 00:00:00","2024-01-01 00:00:00","VGRD","10 m above ground",-91.75,37,-3.14
"2024-01-01 00:00:00","2024-01-01 00:00:00","VGRD","10 m above ground",-91.5,37,-2.96
"2024-01-01 00:00:00","2024-01-01 00:00:00","VGRD","10 m above ground",-91.25,37,-2.8
"2024-01-01 00:00:00","2024-01-01 00:00:00","VGRD","10 m above ground",-91,37,-2.46
"2024-01-01 00:00:00","2024-01-01 00:00:00","VGRD","10 m above ground",-90.75,37,-2.42
"2024-01-01 00:00:00","2024-01-01 00:00:00","VGRD","10 m above ground",-90.5,37,-2.47
"2024-01-01 00:00:00","2024-01-01 00:00:00","VGRD","10 m above ground",-90.25,37,-2.64
"2024-01-01 00:00:00","2024-01-01 00:00:00","VGRD","10 m above ground",-90,37,-3.35
"2024-01-01 00:00:00","2024-01-01 00:00:00","VGRD","10 m above ground",-89.75,37,-3.88
"2024-01-01 00:00:00","2024-01-01 00:00:00","VGRD","10 m above ground",-89.5,37,-4.7
"2024-01-01 00:00:00","2024-01-01 00:00:00","VGRD","10 m above ground",-89.25,37,-4.68
"2024-01-01 00:00:00","2024-01-01 00:00:00","VGRD","10 m above ground",-89,37,-4.34
"2024-01-01 00:00:00","2024-01-01 00:00:00","VGRD","10 m above ground",-88.75,37,-3.85
"2024-01-01 00:00:00","2024-01-01 00:00:00","VGRD","10 m above ground",-88.5,37,-3.57
"2024-01-01 00:00:00","2024-01-01 00:00:00","VGRD","10 m above ground",-98.5,37.25,-3.85
"2024-01-01 00:00:00","2024-01-01 00:00:00","VGRD","10 m above ground",-98.25,37.25,-3.75
"2024-01-01 00:00:00","2024-01-01 00:00:00","VGRD","10 m above ground",-98,37.25,-3.64
"2024-01-01 00:00:00","2024-01-01 00:00:00","VGRD","10 m above ground",-97.75,37.25,-3.6
"2024-01-01 00:00:00","2024-01-01 00:00:00","VGRD","10 m above ground",-97.5,37.25,-3.09
"2024-01-01 00:00:00","2024-01-01 00:00:00","VGRD","10 m above ground",-97.25,37.25,-3.2
"2024-01-01 00:00:00","2024-01-01 00:00:00","VGRD","10 m above ground",-97,37.25,-3.65
"2024-01-01 00:00:00","2024-01-01 00:00:00","VGRD","10 m above ground",-96.75,37.25,-3.57
"2024-01-01 00:00:00","2024-01-01 00:00:00","VGRD","10 m above ground",-96.5,37.25,-3.66
"2024-01-01 00:00:00","2024-01-01 00:00:00","VGRD","10 m above ground",-96.25,37.25,-3.94
"2024-01-01 00:00:00","2024-01-01 00:00:00","VGRD","10 m above ground",-96,37.25,-3.89
"2024-01-01 00:00:00","2024-01-01 00:00:00","VGRD","10 m above ground",-95.75,37.25,-3.71
"2024-01-01 00:00:00","2024-01-01 00:00:00","VGRD","10 m above ground",-95.5,37.25,-3.5
"2024-01-01 00:00:00","2024-01-01 00:00:00","VGRD","10 m above ground",-95.25,37.25,-3.33
"2024-01-01 00:00:00","2024-01-01 00:00:00","VGRD","10 m above ground",-95,37.25,-3.11
"2024-01-01 00:00:00","2024-01-01 00:00:00","VGRD","10 m above ground",-94.75,37.25,-3.06
"2024-01-01 00:00:00","2024-01-01 00:00:00","VGRD","10 m above ground",-94.5,37.25,-3.04
"2024-01-01 00:00:00","2024-01-01 00:00:00","VGRD","10 m above ground",-94.25,37.25,-3.01
"2024-01-01 00:00:00","2024-01-01 00:00:00","VGRD","10 m above ground",-94,37.25,-3.09
"2024-01-01 00:00:00","2024-01-01 00:00:00","VGRD","10 m above ground",-93.75,37.25,-3.17
"2024-01-01 00:00:00","2024-01-01 00:00:00","VGRD","10 m above ground",-93.5,37.25,-3.19
"2024-01-01 00:00:00","2024-01-01 00:00:00","VGRD","10 m above ground",-93.25,37.25,-3.33
"2024-01-01 00:00:00","2024-01-01 00:00:00","VGRD","10 m above ground",-93,37.25,-3.49
"2024-01-01 00:00:00","2024-01-01 00:00:00","VGRD","10 m above ground",-92.75,37.25,-3.36
"2024-01-01 00:00:00","2024-01-01 00:00:00","VGRD","10 m above ground",-92.5,37.25,-3.56
"2024-01-01 00:00:00","2024-01-01 00:00:00","VGRD","10 m above ground",-92.25,37.25,-3.52
"2024-01-01 00:00:00","2024-01-01 00:00:00","VGRD","10 m above ground",-92,37.25,-2.96
"2024-01-01 00:00:00","2024-01-01 00:00:00","VGRD","10 m above ground",-91.75,37.25,-2.69
"2024-01-01 00:00:00","2024-01-01 00:00:00","VGRD","10 m above ground",-91.5,37.25,-2.6
"2024-01-01 00:00:00","2024-01-01 00:00:00","VGRD","10 m above ground",-91.25,37.25,-2.24
"2024-01-01 00:00:00","2024-01-01 00:00:00","VGRD","10 m above ground",-91,37.25,-2.04
"2024-01-01 00:00:00","2024-01-01 00:00:00","VGRD","10 m above ground",-90.75,37.25,-1.66
"2024-01-01 00:00:00","2024-01-01 00:00:00","VGRD","10 m above ground",-90.5,37.25,-1.5
"2024-01-01 00:00:00","2024-01-01 00:00:00","VGRD","10 m above ground",-90.25,37.25,-1.81
"2024-01-01 00:00:00","2024-01-01 00:00:00","VGRD","10 m above ground",-90,37.25,-2.37
"2024-01-01 00:00:00","2024-01-01 00:00:00","VGRD","10 m above ground",-89.75,37.25,-2.98
"2024-01-01 00:00:00","2024-01-01 00:00:00","VGRD","10 m above ground",-89.5,37.25,-3.2
"2024-01-01 00:00:00","2024-01-01 00:00:00","VGRD","10 m above ground",-89.25,37.25,-3.05
"2024-01-01 00:00:00","2024-01-01 00:00:00","VGRD","10 m above ground",-89,37.25,-2.87
"2024-01-01 00:00:00","2024-01-01 00:00:00","VGRD","10 m above ground",-88.75,37.25,-2.63
"2024-01-01 00:00:00","2024-01-01 00:00:00","VGRD","10 m above ground",-88.5,37.25,-2.85
"2024-01-01 00:00:00","2024-01-01 00:00:00","VGRD","10 m above ground",-98.5,37.5,-4.06
"2024-01-01 00:00:00","2024-01-01 00:00:00","VGRD","10 m above ground",-98.25,37.5,-3.93
"2024-01-01 00:00:00","2024-01-01 00:00:00","VGRD","10 m above ground",-98,37.5,-3.74
"2024-01-01 00:00:00","2024-01-01 00:00:00","VGRD","10 m above ground",-97.75,37.5,-3.86
"2024-01-01 00:00:00","2024-01-01 00:00:00","VGRD","10 m above ground",-97.5,37.5,-3.95
"2024-01-01 00:00:00","2024-01-01 00:00:00","VGRD","10 m above ground",-97.25,37.5,-4.06
"2024-01-01 00:00:00","2024-01-01 00:00:00","VGRD","10 m above ground",-97,37.5,-4
"2024-01-01 00:00:00","2024-01-01 00:00:00","VGRD","10 m above ground",-96.75,37.5,-3.88
"2024-01-01 00:00:00","2024-01-01 00:00:00","VGRD","10 m above ground",-96.5,37.5,-3.74
"2024-01-01 00:00:00","2024-01-01 00:00:00","VGRD","10 m above ground",-96.25,37.5,-3.56
"2024-01-01 00:00:00","2024-01-01 00:00:00","VGRD","10 m above ground",-96,37.5,-3.41
"2024-01-01 00:00:00","2024-01-01 00:00:00","VGRD","10 m above ground",-95.75,37.5,-3.29
"2024-01-01 00:00:00","2024-01-01 00:00:00","VGRD","10 m above ground",-95.5,37.5,-3.18
"2024-01-01 00:00:00","2024-01-01 00:00:00","VGRD","10 m above ground",-95.25,37.5,-3
"2024-01-01 00:00:00","2024-01-01 00:00:00","VGRD","10 m above ground",-95,37.5,-2.92
"2024-01-01 00:00:00","2024-01-01 00:00:00","VGRD","10 m above ground",-94.75,37.5,-2.98
"2024-01-01 00:00:00","2024-01-01 00:00:00","VGRD","10 m above ground",-94.5,37.5,-3.03
"2024-01-01 00:00:00","2024-01-01 00:00:00","VGRD","10 m above ground",-94.25,37.5,-3.1
"2024-01-01 00:00:00","2024-01-01 00:00:00","VGRD","10 m above ground",-94,37.5,-3.11
"2024-01-01 00:00:00","2024-01-01 00:00:00","VGRD","10 m above ground",-93.75,37.5,-3.2
"2024-01-01 00:00:00","2024-01-01 00:00:00","VGRD","10 m above ground",-93.5,37.5,-3.19
"2024-01-01 00:00:00","2024-01-01 00:00:00","VGRD","10 m above ground",-93.25,37.5,-3.3
"2024-01-01 00:00:00","2024-01-01 00:00:00","VGRD","10 m above ground",-93,37.5,-3.12
"2024-01-01 00:00:00","2024-01-01 00:00:00","VGRD","10 m above ground",-92.75,37.5,-3.17
"2024-01-01 00:00:00","2024-01-01 00:00:00","VGRD","10 m above ground",-92.5,37.5,-3.28
"2024-01-01 00:00:00","2024-01-01 00:00:00","VGRD","10 m above ground",-92.25,37.5,-2.81
"2024-01-01 00:00:00","2024-01-01 00:00:00","VGRD","10 m above ground",-92,37.5,-2.87
"2024-01-01 00:00:00","2024-01-01 00:00:00","VGRD","10 m above ground",-91.75,37.5,-3.15
"2024-01-01 00:00:00","2024-01-01 00:00:00","VGRD","10 m above ground",-91.5,37.5,-3.62
"2024-01-01 00:00:00","2024-01-01 00:00:00","VGRD","10 m above ground",-91.25,37.5,-2.9
"2024-01-01 00:00:00","2024-01-01 00:00:00","VGRD","10 m above ground",-91,37.5,-2.6
"2024-01-01 00:00:00","2024-01-01 00:00:00","VGRD","10 m above ground",-90.75,37.5,-2.3
"2024-01-01 00:00:00","2024-01-01 00:00:00","VGRD","10 m above ground",-90.5,37.5,-2.15
"2024-01-01 00:00:00","2024-01-01 00:00:00","VGRD","10 m above ground",-90.25,37.5,-2.32
"2024-01-01 00:00:00","2024-01-01 00:00:00","VGRD","10 m above ground",-90,37.5,-2.35
"2024-01-01 00:00:00","2024-01-01 00:00:00","VGRD","10 m above ground",-89.75,37.5,-2.77
"2024-01-01 00:00:00","2024-01-01 00:00:00","VGRD","10 m above ground",-89.5,37.5,-2.23
"2024-01-01 00:00:00","2024-01-01 00:00:00","VGRD","10 m above ground",-89.25,37.5,-1.87
"2024-01-01 00:00:00","2024-01-01 00:00:00","VGRD","10 m above ground",-89,37.5,-1.78
"2024-01-01 00:00:00","2024-01-01 00:00:00","VGRD","10 m above ground",-88.75,37.5,-1.69
"2024-01-01 00:00:00","2024-01-01 00:00:00","VGRD","10 m above ground",-88.5,37.5,-1.68
"2024-01-01 00:00:00","2024-01-01 00:00:00","VGRD","10 m above ground",-98.5,37.75,-3.88
"2024-01-01 00:00:00","2024-01-01 00:00:00","VGRD","10 m above ground",-98.25,37.75,-3.63
"2024-01-01 00:00:00","2024-01-01 00:00:00","VGRD","10 m above ground",-98,37.75,-3.54
"2024-01-01 00:00:00","2024-01-01 00:00:00","VGRD","10 m above ground",-97.75,37.75,-3.58
"2024-01-01 00:00:00","2024-01-01 00:00:00","VGRD","10 m above ground",-97.5,37.75,-3.76
"2024-01-01 00:00:00","2024-01-01 00:00:00","VGRD","10 m above ground",-97.25,37.75,-3.87
"2024-01-01 00:00:00","2024-01-01 00:00:00","VGRD","10 m above ground",-97,37.75,-3.62
"2024-01-01 00:00:00","2024-01-01 00:00:00","VGRD","10 m above ground",-96.75,37.75,-3.36
"2024-01-01 00:00:00","2024-01-01 00:00:00","VGRD","10 m above ground",-96.5,37.75,-3.14
"2024-01-01 00:00:00","2024-01-01 00:00:00","VGRD","10 m above ground",-96.25,37.75,-3.01
"2024-01-01 00:00:00","2024-01-01 00:00:00","VGRD","10 m above ground",-96,37.75,-2.97
"2024-01-01 00:00:00","2024-01-01 00:00:00","VGRD","10 m above ground",-95.75,37.75,-3.05
"2024-01-01 00:00:00","2024-01-01 00:00:00","VGRD","10 m above ground",-95.5,37.75,-3.07
"2024-01-01 00:00:00","2024-01-01 00:00:00","VGRD","10 m above ground",-95.25,37.75,-3.01
"2024-01-01 00:00:00","2024-01-01 00:00:00","VGRD","10 m above ground",-95,37.75,-3.17
"2024-01-01 00:00:00","2024-01-01 00:00:00","VGRD","10 m above ground",-94.75,37.75,-3.14
"2024-01-01 00:00:00","2024-01-01 00:00:00","VGRD","10 m above ground",-94.5,37.75,-3.12
"2024-01-01 00:00:00","2024-01-01 00:00:00","VGRD","10 m above ground",-94.25,37.75,-3.23
"2024-01-01 00:00:00","2024-01-01 00:00:00","VGRD","10 m above ground",-94,37.75,-3.25
"2024-01-01 00:00:00","2024-01-01 00:00:00","VGRD","10 m above ground",-93.75,37.75,-3.18
"2024-01-01 00:00:00","2024-01-01 00:00:00","VGRD","10 m above ground",-93.5,37.75,-2.86
"2024-01-01 00:00:00","2024-01-01 00:00:00","VGRD","10 m above ground",-93.25,37.75,-3.09
"2024-01-01 00:00:00","2024-01-01 00:00:00","VGRD","10 m above ground",-93,37.75,-2.5
"2024-01-01 00:00:00","2024-01-01 00:00:00","VGRD","10 m above ground",-92.75,37.75,-2.8
"2024-01-01 00:00:00","2024-01-01 00:00:00","VGRD","10 m above ground",-92.5,37.75,-3.17
"2024-01-01 00:00:00","2024-01-01 00:00:00","VGRD","10 m above ground",-92.25,37.75,-2.39
"2024-01-01 00:00:00","2024-01-01 00:00:00","VGRD","10 m above ground",-92,37.75,-2.38
"2024-01-01 00:00:00","2024-01-01 00:00:00","VGRD","10 m above ground",-91.75,37.75,-3.27
"2024-01-01 00:00:00","2024-01-01 00:00:00","VGRD","10 m above ground",-91.5,37.75,-2.77
"2024-01-01 00:00:00","2024-01-01 00:00:00","VGRD","10 m above ground",-91.25,37.75,-2.81
"2024-01-01 00:00:00","2024-01-01 00:00:00","VGRD","10 m above ground",-91,37.75,-3.07
"2024-01-01 00:00:00","2024-01-01 00:00:00","VGRD","10 m above ground",-90.75,37.75,-2.91
"2024-01-01 00:00:00","2024-01-01 00:00:00","VGRD","10 m above ground",-90.5,37.75,-2.91
"2024-01-01 00:00:00","2024-01-01 00:00:00","VGRD","10 m above ground",-90.25,37.75,-2.87
"2024-01-01 00:00:00","2024-01-01 00:00:00","VGRD","10 m above ground",-90,37.75,-3.09
"2024-01-01 00:00:00","2024-01-01 00:00:00","VGRD","10 m above ground",-89.75,37.75,-3.34
"2024-01-01 00:00:00","2024-01-01 00:00:00","VGRD","10 m above ground",-89.5,37.75,-2.73
"2024-01-01 00:00:00","2024-01-01 00:00:00","VGRD","10 m above ground",-89.25,37.75,-2.11
"2024-01-01 00:00:00","2024-01-01 00:00:00","VGRD","10 m above ground",-89,37.75,-2.25
"2024-01-01 00:00:00","2024-01-01 00:00:00","VGRD","10 m above ground",-88.75,37.75,-2.18
"2024-01-01 00:00:00","2024-01-01 00:00:00","VGRD","10 m above ground",-88.5,37.75,-1.8
"2024-01-01 00:00:00","2024-01-01 00:00:00","VGRD","10 m above ground",-98.5,38,-3.51
"2024-01-01 00:00:00","2024-01-01 00:00:00","VGRD","10 m above ground",-98.25,38,-3.56
"2024-01-01 00:00:00","2024-01-01 00:00:00","VGRD","10 m above ground",-98,38,-3.55
"2024-01-01 00:00:00","2024-01-01 00:00:00","VGRD","10 m above ground",-97.75,38,-3.54
"2024-01-01 00:00:00","2024-01-01 00:00:00","VGRD","10 m above ground",-97.5,38,-3.52
"2024-01-01 00:00:00","2024-01-01 00:00:00","VGRD","10 m above ground",-97.25,38,-3.57
"2024-01-01 00:00:00","2024-01-01 00:00:00","VGRD","10 m above ground",-97,38,-3.39
"2024-01-01 00:00:00","2024-01-01 00:00:00","VGRD","10 m above ground",-96.75,38,-3.19
"2024-01-01 00:00:00","2024-01-01 00:00:00","VGRD","10 m above ground",-96.5,38,-3.1
"2024-01-01 00:00:00","2024-01-01 00:00:00","VGRD","10 m above ground",-96.25,38,-3.09
"2024-01-01 00:00:00","2024-01-01 00:00:00","VGRD","10 m above ground",-96,38,-3.15
"2024-01-01 00:00:00","2024-01-01 00:00:00","VGRD","10 m above ground",-95.75,38,-3.23
"2024-01-01 00:00:00","2024-01-01 00:00:00","VGRD","10 m above ground",-95.5,38,-3.3
"2024-01-01 00:00:00","2024-01-01 00:00:00","VGRD","10 m above ground",-95.25,38,-3.3
"2024-01-01 00:00:00","2024-01-01 00:00:00","VGRD","10 m above ground",-95,38,-3.4
"2024-01-01 00:00:00","2024-01-01 00:00:00","VGRD","10 m above ground",-94.75,38,-3.24
"2024-01-01 00:00:00","2024-01-01 00:00:00","VGRD","10 m above ground",-94.5,38,-2.93
"2024-01-01 00:00:00","2024-01-01 00:00:00","VGRD","10 m above ground",-94.25,38,-2.92
"2024-01-01 00:00:00","2024-01-01 00:00:00","VGRD","10 m above ground",-94,38,-3.06
"2024-01-01 00:00:00","2024-01-01 00:00:00","VGRD","10 m above ground",-93.75,38,-2.33
"2024-01-01 00:00:00","2024-01-01 00:00:00","VGRD","10 m above ground",-93.5,38,-1.82
"2024-01-01 00:00:00","2024-01-01 00:00:00","VGRD","10 m above ground",-93.25,38,-2.28
"2024-01-01 00:00:00","2024-01-01 00:00:00","VGRD","10 m above ground",-93,38,-1.87
"2024-01-01 00:00:00","2024-01-01 00:00:00","VGRD","10 m above ground",-92.75,38,-1.95
"2024-01-01 00:00:00","2024-01-01 00:00:00","VGRD","10 m above ground",-92.5,38,-2.32
"2024-01-01 00:00:00","2024-01-01 00:00:00","VGRD","10 m above ground",-92.25,38,-2.77
"2024-01-01 00:00:00","2024-01-01 00:00:00","VGRD","10 m above ground",-92,38,-2.44
"2024-01-01 00:00:00","2024-01-01 00:00:00","VGRD","10 m above ground",-91.75,38,-2.65
"2024-01-01 00:00:00","2024-01-01 00:00:00","VGRD","10 m above ground",-91.5,38,-2.26
"2024-01-01 00:00:00","2024-01-01 00:00:00","VGRD","10 m above ground",-91.25,38,-2.63
"2024-01-01 00:00:00","2024-01-01 00:00:00","VGRD","10 m above ground",-91,38,-2.54
"2024-01-01 00:00:00","2024-01-01 00:00:00","VGRD","10 m above ground",-90.75,38,-2.73
"2024-01-01 00:00:00","2024-01-01 00:00:00","VGRD","10 m above ground",-90.5,38,-2.74
"2024-01-01 00:00:00","2024-01-01 00:00:00","VGRD","10 m above ground",-90.25,38,-2.71
"2024-01-01 00:00:00","2024-01-01 00:00:00","VGRD","10 m above ground",-90,38,-3.18
"2024-01-01 00:00:00","2024-01-01 00:00:00","VGRD","10 m above ground",-89.75,38,-3.22
"2024-01-01 00:00:00","2024-01-01 00:00:00","VGRD","10 m above ground",-89.5,38,-2.7
"2024-01-01 00:00:00","2024-01-01 00:00:00","VGRD","10 m above ground",-89.25,38,-2.41
"2024-01-01 00:00:00","2024-01-01 00:00:00","VGRD","10 m above ground",-89,38,-2.36
"2024-01-01 00:00:00","2024-01-01 00:00:00","VGRD","10 m above ground",-88.75,38,-2.23
"2024-01-01 00:00:00","2024-01-01 00:00:00","VGRD","10 m above ground",-88.5,38,-1.79
"2024-01-01 00:00:00","2024-01-01 00:00:00","VGRD","10 m above ground",-98.5,38.25,-3.26
"2024-01-01 00:00:00","2024-01-01 00:00:00","VGRD","10 m above ground",-98.25,38.25,-3.26
"2024-01-01 00:00:00","2024-01-01 00:00:00","VGRD","10 m above ground",-98,38.25,-3.27
"2024-01-01 00:00:00","2024-01-01 00:00:00","VGRD","10 m above ground",-97.75,38.25,-3.32
"2024-01-01 00:00:00","2024-01-01 00:00:00","VGRD","10 m above ground",-97.5,38.25,-3.25
"2024-01-01 00:00:00","2024-01-01 00:00:00","VGRD","10 m above ground",-97.25,38.25,-3.44
"2024-01-01 00:00:00","2024-01-01 00:00:00","VGRD","10 m above ground",-97,38.25,-3.34
"2024-01-01 00:00:00","2024-01-01 00:00:00","VGRD","10 m above ground",-96.75,38.25,-3.2
"2024-01-01 00:00:00","2024-01-01 00:00:00","VGRD","10 m above ground",-96.5,38.25,-3.33
"2024-01-01 00:00:00","2024-01-01 00:00:00","VGRD","10 m above ground",-96.25,38.25,-3.42
"2024-01-01 00:00:00","2024-01-01 00:00:00","VGRD","10 m above ground",-96,38.25,-3.41
"2024-01-01 00:00:00","2024-01-01 00:00:00","VGRD","10 m above ground",-95.75,38.25,-3.4
"2024-01-01 00:00:00","2024-01-01 00:00:00","VGRD","10 m above ground",-95.5,38.25,-3.42
"2024-01-01 00:00:00","2024-01-01 00:00:00","VGRD","10 m above ground",-95.25,38.25,-3.33
"2024-01-01 00:00:00","2024-01-01 00:00:00","VGRD","10 m above ground",-95,38.25,-3.3
"2024-01-01 00:00:00","2024-01-01 00:00:00","VGRD","10 m above ground",-94.75,38.25,-2.87
"2024-01-01 00:00:00","2024-01-01 00:00:00","VGRD","10 m above ground",-94.5,38.25,-2.98
"2024-01-01 00:00:00","2024-01-01 00:00:00","VGRD","10 m above ground",-94.25,38.25,-2.91
"2024-01-01 00:00:00","2024-01-01 00:00:00","VGRD","10 m above ground",-94,38.25,-2.74
"2024-01-01 00:00:00","2024-01-01 00:00:00","VGRD","10 m above ground",-93.75,38.25,-2.56
"2024-01-01 00:00:00","2024-01-01 00:00:00","VGRD","10 m above ground",-93.5,38.25,-2.03
"2024-01-01 00:00:00","2024-01-01 00:00:00","VGRD","10 m above ground",-93.25,38.25,-1.95
"2024-01-01 00:00:00","2024-01-01 00:00:00","VGRD","10 m above ground",-93,38.25,-1.44
"2024-01-01 00:00:00","2024-01-01 00:00:00","VGRD","10 m above ground",-92.75,38.25,-1.65
"2024-01-01 00:00:00","2024-01-01 00:00:00","VGRD","10 m above ground",-92.5,38.25,-2.05
"2024-01-01 00:00:00","2024-01-01 00:00:00","VGRD","10 m above ground",-92.25,38.25,-2.51
"2024-01-01 00:00:00","2024-01-01 00:00:00","VGRD","10 m above ground",-92,38.25,-2.92
"2024-01-01 00:00:00","2024-01-01 00:00:00","VGRD","10 m above ground",-91.75,38.25,-2.63
"2024-01-01 00:00:00","2024-01-01 00:00:00","VGRD","10 m above ground",-91.5,38.25,-2.7
"2024-01-01 00:00:00","2024-01-01 00:00:00","VGRD","10 m above ground",-91.25,38.25,-2.78
"2024-01-01 00:00:00","2024-01-01 00:00:00","VGRD","10 m above ground",-91,38.25,-2.41
"2024-01-01 00:00:00","2024-01-01 00:00:00","VGRD","10 m above ground",-90.75,38.25,-2.39
"2024-01-01 00:00:00","2024-01-01 00:00:00","VGRD","10 m above ground",-90.5,38.25,-2.41
"2024-01-01 00:00:00","2024-01-01 00:00:00","VGRD","10 m above ground",-90.25,38.25,-2.94
"2024-01-01 00:00:00","2024-01-01 00:00:00","VGRD","10 m above ground",-90,38.25,-3.21
"2024-01-01 00:00:00","2024-01-01 00:00:00","VGRD","10 m above ground",-89.75,38.25,-3
"2024-01-01 00:00:00","2024-01-01 00:00:00","VGRD","10 m above ground",-89.5,38.25,-3.13
"2024-01-01 00:00:00","2024-01-01 00:00:00","VGRD","10 m above ground",-89.25,38.25,-3.09
"2024-01-01 00:00:00","2024-01-01 00:00:00","VGRD","10 m above ground",-89,38.25,-2.67
"2024-01-01 00:00:00","2024-01-01 00:00:00","VGRD","10 m above ground",-88.75,38.25,-2.18
"2024-01-01 00:00:00","2024-01-01 00:00:00","VGRD","10 m above ground",-88.5,38.25,-1.85
"2024-01-01 00:00:00","2024-01-01 00:00:00","VGRD","10 m above ground",-98.5,38.5,-3.19
"2024-01-01 00:00:00","2024-01-01 00:00:00","VGRD","10 m above ground",-98.25,38.5,-3.36
"2024-01-01 00:00:00","2024-01-01 00:00:00","VGRD","10 m above ground",-98,38.5,-3.49
"2024-01-01 00:00:00","2024-01-01 00:00:00","VGRD","10 m above ground",-97.75,38.5,-3.2
"2024-01-01 00:00:00","2024-01-01 00:00:00","VGRD","10 m above ground",-97.5,38.5,-3.35
"2024-01-01 00:00:00","2024-01-01 00:00:00","VGRD","10 m above ground",-97.25,38.5,-3.68
"2024-01-01 00:00:00","2024-01-01 00:00:00","VGRD","10 m above ground",-97,38.5,-3.66
"2024-01-01 00:00:00","2024-01-01 00:00:00","VGRD","10 m above ground",-96.75,38.5,-3.45
"2024-01-01 00:00:00","2024-01-01 00:00:00","VGRD","10 m above ground",-96.5,38.5,-3.43
"2024-01-01 00:00:00","2024-01-01 00:00:00","VGRD","10 m above ground",-96.25,38.5,-3.37
"2024-01-01 00:00:00","2024-01-01 00:00:00","VGRD","10 m above ground",-96,38.5,-3.33
"2024-01-01 00:00:00","2024-01-01 00:00:00","VGRD","10 m above ground",-95.75,38.5,-3.24
"2024-01-01 00:00:00","2024-01-01 00:00:00","VGRD","10 m above ground",-95.5,38.5,-3.26
"2024-01-01 00:00:00","2024-01-01 00:00:00","VGRD","10 m above ground",-95.25,38.5,-3.03
"2024-01-01 00:00:00","2024-01-01 00:00:00","VGRD","10 m above ground",-95,38.5,-2.79
"2024-01-01 00:00:00","2024-01-01 00:00:00","VGRD","10 m above ground",-94.75,38.5,-2.8
"2024-01-01 00:00:00","2024-01-01 00:00:00","VGRD","10 m above ground",-94.5,38.5,-2.77
"2024-01-01 00:00:00","2024-01-01 00:00:00","VGRD","10 m above ground",-94.25,38.5,-2.78
"2024-01-01 00:00:00","2024-01-01 00:00:00","VGRD","10 m above ground",-94,38.5,-2.56
"2024-01-01 00:00:00","2024-01-01 00:00:00","VGRD","10 m above ground",-93.75,38.5,-2.71
"2024-01-01 00:00:00","2024-01-01 00:00:00","VGRD","10 m above ground",-93.5,38.5,-2.72
"2024-01-01 00:00:00","2024-01-01 00:00:00","VGRD","10 m above ground",-93.25,38.5,-2.61
"2024-01-01 00:00:00","2024-01-01 00:00:00","VGRD","10 m above ground",-93,38.5,-2.35
"2024-01-01 00:00:00","2024-01-01 00:00:00","VGRD","10 m above ground",-92.75,38.5,-2.96
"2024-01-01 00:00:00","2024-01-01 00:00:00","VGRD","10 m above ground",-92.5,38.5,-2.75
"2024-01-01 00:00:00","2024-01-01 00:00:00","VGRD","10 m above ground",-92.25,38.5,-2.38
"2024-01-01 00:00:00","2024-01-01 00:00:00","VGRD","10 m above ground",-92,38.5,-2.37
"2024-01-01 00:00:00","2024-01-01 00:00:00","VGRD","10 m above ground",-91.75,38.5,-2.05
"2024-01-01 00:00:00","2024-01-01 00:00:00","VGRD","10 m above ground",-91.5,38.5,-2.41
"2024-01-01 00:00:00","2024-01-01 00:00:00","VGRD","10 m above ground",-91.25,38.5,-2.95
"2024-01-01 00:00:00","2024-01-01 00:00:00","VGRD","10 m above ground",-91,38.5,-3.11
"2024-01-01 00:00:00","2024-01-01 00:00:00","VGRD","10 m above ground",-90.75,38.5,-2.53
"2024-01-01 00:00:00","2024-01-01 00:00:00","VGRD","10 m above ground",-90.5,38.5,-2.66
"2024-01-01 00:00:00","2024-01-01 00:00:00","VGRD","10 m above ground",-90.25,38.5,-3.19
"2024-01-01 00:00:00","2024-01-01 00:00:00","VGRD","10 m above ground",-90,38.5,-2.96
"2024-01-01 00:00:00","2024-01-01 00:00:00","VGRD","10 m above ground",-89.75,38.5,-2.86
"2024-01-01 00:00:00","2024-01-01 00:00:00","VGRD","10 m above ground",-89.5,38.5,-2.6
"2024-01-01 00:00:00","2024-01-01 00:00:00","VGRD","10 m above ground",-89.25,38.5,-2.38
"2024-01-01 00:00:00","2024-01-01 00:00:00","VGRD","10 m above ground",-89,38.5,-2.36
"2024-01-01 00:00:00","2024-01-01 00:00:00","VGRD","10 m above ground",-88.75,38.5,-2.22
"2024-01-01 00:00:00","2024-01-01 00:00:00","VGRD","10 m above ground",-88.5,38.5,-2.01
"2024-01-01 00:00:00","2024-01-01 00:00:00","VGRD","10 m above ground",-98.5,38.75,-3.11
"2024-01-01 00:00:00","2024-01-01 00:00:00","VGRD","10 m above ground",-98.25,38.75,-3.16
"2024-01-01 00:00:00","2024-01-01 00:00:00","VGRD","10 m above ground",-98,38.75,-3.21
"2024-01-01 00:00:00","2024-01-01 00:00:00","VGRD","10 m above ground",-97.75,38.75,-3.26
"2024-01-01 00:00:00","2024-01-01 00:00:00","VGRD","10 m above ground",-97.5,38.75,-3.34
"2024-01-01 00:00:00","2024-01-01 00:00:00","VGRD","10 m above ground",-97.25,38.75,-3.62
"2024-01-01 00:00:00","2024-01-01 00:00:00","VGRD","10 m above ground",-97,38.75,-3.6
"2024-01-01 00:00:00","2024-01-01 00:00:00","VGRD","10 m above ground",-96.75,38.75,-3.42
"2024-01-01 00:00:00","2024-01-01 00:00:00","VGRD","10 m above ground",-96.5,38.75,-3.56
"2024-01-01 00:00:00","2024-01-01 00:00:00","VGRD","10 m above ground",-96.25,38.75,-3.44
"2024-01-01 00:00:00","2024-01-01 00:00:00","VGRD","10 m above ground",-96,38.75,-3.28
"2024-01-01 00:00:00","2024-01-01 00:00:00","VGRD","10 m above ground",-95.75,38.75,-3.27
"2024-01-01 00:00:00","2024-01-01 00:00:00","VGRD","10 m above ground",-95.5,38.75,-3.29
"2024-01-01 00:00:00","2024-01-01 00:00:00","VGRD","10 m above ground",-95.25,38.75,-3.06
"2024-01-01 00:00:00","2024-01-01 00:00:00","VGRD","10 m above ground",-95,38.75,-2.98
"2024-01-01 00:00:00","2024-01-01 00:00:00","VGRD","10 m above ground",-94.75,38.75,-2.99
"2024-01-01 00:00:00","2024-01-01 00:00:00","VGRD","10 m above ground",-94.5,38.75,-2.88
"2024-01-01 00:00:00","2024-01-01 00:00:00","VGRD","10 m above ground",-94.25,38.75,-2.82
"2024-01-01 00:00:00","2024-01-01 00:00:00","VGRD","10 m above ground",-94,38.75,-2.65
"2024-01-01 00:00:00","2024-01-01 00:00:00","VGRD","10 m above ground",-93.75,38.75,-2.66
"2024-01-01 00:00:00","2024-01-01 00:00:00","VGRD","10 m above ground",-93.5,38.75,-2.66
"2024-01-01 00:00:00","2024-01-01 00:00:00","VGRD","10 m above ground",-93.25,38.75,-2.72
"2024-01-01 00:00:00","2024-01-01 00:00:00","VGRD","10 m above ground",-93,38.75,-2.48
"2024-01-01 00:00:00","2024-01-01 00:00:00","VGRD","10 m above ground",-92.75,38.75,-2.56
"2024-01-01 00:00:00","2024-01-01 00:00:00","VGRD","10 m above ground",-92.5,38.75,-2.34
"2024-01-01 00:00:00","2024-01-01 00:00:00","VGRD","10 m above ground",-92.25,38.75,-2.43
"2024-01-01 00:00:00","2024-01-01 00:00:00","VGRD","10 m above ground",-92,38.75,-2.1
"2024-01-01 00:00:00","2024-01-01 00:00:00","VGRD","10 m above ground",-91.75,38.75,-1.89
"2024-01-01 00:00:00","2024-01-01 00:00:00","VGRD","10 m above ground",-91.5,38.75,-2.9
"2024-01-01 00:00:00","2024-01-01 00:00:00","VGRD","10 m above ground",-91.25,38.75,-3.07
"2024-01-01 00:00:00","2024-01-01 00:00:00","VGRD","10 m above ground",-91,38.75,-3.1
"2024-01-01 00:00:00","2024-01-01 00:00:00","VGRD","10 m above ground",-90.75,38.75,-3.27
"2024-01-01 00:00:00","2024-01-01 00:00:00","VGRD","10 m above ground",-90.5,38.75,-2.87
"2024-01-01 00:00:00","2024-01-01 00:00:00","VGRD","10 m above ground",-90.25,38.75,-2.87
"2024-01-01 00:00:00","2024-01-01 00:00:00","VGRD","10 m above ground",-90,38.75,-3.11
"2024-01-01 00:00:00","2024-01-01 00:00:00","VGRD","10 m above ground",-89.75,38.75,-2.98
"2024-01-01 00:00:00","2024-01-01 00:00:00","VGRD","10 m above ground",-89.5,38.75,-2.45
"2024-01-01 00:00:00","2024-01-01 00:00:00","VGRD","10 m above ground",-89.25,38.75,-1.99
"2024-01-01 00:00:00","2024-01-01 00:00:00","VGRD","10 m above ground",-89,38.75,-1.98
"2024-01-01 00:00:00","2024-01-01 00:00:00","VGRD","10 m above ground",-88.75,38.75,-2.04
"2024-01-01 00:00:00","2024-01-01 00:00:00","VGRD","10 m above ground",-88.5,38.75,-1.93
"2024-01-01 00:00:00","2024-01-01 00:00:00","VGRD","10 m above ground",-98.5,39,-2.78
"2024-01-01 00:00:00","2024-01-01 00:00:00","VGRD","10 m above ground",-98.25,39,-2.89
"2024-01-01 00:00:00","2024-01-01 00:00:00","VGRD","10 m above ground",-98,39,-2.98
"2024-01-01 00:00:00","2024-01-01 00:00:00","VGRD","10 m above ground",-97.75,39,-3.22
"2024-01-01 00:00:00","2024-01-01 00:00:00","VGRD","10 m above ground",-97.5,39,-3.3
"2024-01-01 00:00:00","2024-01-01 00:00:00","VGRD","10 m above ground",-97.25,39,-3.45
"2024-01-01 00:00:00","2024-01-01 00:00:00","VGRD","10 m above ground",-97,39,-3.38
"2024-01-01 00:00:00","2024-01-01 00:00:00","VGRD","10 m above ground",-96.75,39,-3.13
"2024-01-01 00:00:00","2024-01-01 00:00:00","VGRD","10 m above ground",-96.5,39,-3.51
"2024-01-01 00:00:00","2024-01-01 00:00:00","VGRD","10 m above ground",-96.25,39,-3.23
"2024-01-01 00:00:00","2024-01-01 00:00:00","VGRD","10 m above ground",-96,39,-3.21
"2024-01-01 00:00:00","2024-01-01 00:00:00","VGRD","10 m above ground",-95.75,39,-3.28
"2024-01-01 00:00:00","2024-01-01 00:00:00","VGRD","10 m above ground",-95.5,39,-3.27
"2024-01-01 00:00:00","2024-01-01 00:00:00","VGRD","10 m above ground",-95.25,39,-2.89
"2024-01-01 00:00:00","2024-01-01 00:00:00","VGRD","10 m above ground",-95,39,-2.81
"2024-01-01 00:00:00","2024-01-01 00:00:00","VGRD","10 m above ground",-94.75,39,-2.81
"2024-01-01 00:00:00","2024-01-01 00:00:00","VGRD","10 m above ground",-94.5,39,-2.89
"2024-01-01 00:00:00","2024-01-01 00:00:00","VGRD","10 m above ground",-94.25,39,-2.42
"2024-01-01 00:00:00","2024-01-01 00:00:00","VGRD","10 m above ground",-94,39,-2.57
"2024-01-01 00:00:00","2024-01-01 00:00:00","VGRD","10 m above ground",-93.75,39,-2.66
"2024-01-01 00:00:00","2024-01-01 00:00:00","VGRD","10 m above ground",-93.5,39,-2.67
"2024-01-01 00:00:00","2024-01-01 00:00:00","VGRD","10 m above ground",-93.25,39,-2.67
"2024-01-01 00:00:00","2024-01-01 00:00:00","VGRD","10 m above ground",-93,39,-2.57
"2024-01-01 00:00:00","2024-01-01 00:00:00","VGRD","10 m above ground",-92.75,39,-2.49
"2024-01-01 00:00:00","2024-01-01 00:00:00","VGRD","10 m above ground",-92.5,39,-2.47
"2024-01-01 00:00:00","2024-01-01 00:00:00","VGRD","10 m above ground",-92.25,39,-2.5
"2024-01-01 00:00:00","2024-01-01 00:00:00","VGRD","10 m above ground",-92,39,-2.97
"2024-01-01 00:00:00","2024-01-01 00:00:00","VGRD","10 m above ground",-91.75,39,-3.86
"2024-01-01 00:00:00","2024-01-01 00:00:00","VGRD","10 m above ground",-91.5,39,-4.38
"2024-01-01 00:00:00","2024-01-01 00:00:00","VGRD","10 m above ground",-91.25,39,-4.06
"2024-01-01 00:00:00","2024-01-01 00:00:00","VGRD","10 m above ground",-91,39,-3.82
"2024-01-01 00:00:00","2024-01-01 00:00:00","VGRD","10 m above ground",-90.75,39,-3.68
"2024-01-01 00:00:00","2024-01-01 00:00:00","VGRD","10 m above ground",-90.5,39,-3.46
"2024-01-01 00:00:00","2024-01-01 00:00:00","VGRD","10 m above ground",-90.25,39,-3.44
"2024-01-01 00:00:00","2024-01-01 00:00:00","VGRD","10 m above ground",-90,39,-3.28
"2024-01-01 00:00:00","2024-01-01 00:00:00","VGRD","10 m above ground",-89.75,39,-3.02
"2024-01-01 00:00:00","2024-01-01 00:00:00","VGRD","10 m above ground",-89.5,39,-2.58
"2024-01-01 00:00:00","2024-01-01 00:00:00","VGRD","10 m above ground",-89.25,39,-2.18
"2024-01-01 00:00:00","2024-01-01 00:00:00","VGRD","10 m above ground",-89,39,-1.92
"2024-01-01 00:00:00","2024-01-01 00:00:00","VGRD","10 m above ground",-88.75,39,-1.85
"2024-01-01 00:00:00","2024-01-01 00:00:00","VGRD","10 m above ground",-88.5,39,-1.77
"2024-01-01 00:00:00","2024-01-01 00:00:00","VGRD","10 m above ground",-98.5,39.25,-2.74
"2024-01-01 00:00:00","2024-01-01 00:00:00","VGRD","10 m above ground",-98.25,39.25,-2.76
"2024-01-01 00:00:00","2024-01-01 00:00:00","VGRD","10 m above ground",-98,39.25,-2.77
"2024-01-01 00:00:00","2024-01-01 00:00:00","VGRD","10 m above ground",-97.75,39.25,-2.71
"2024-01-01 00:00:00","2024-01-01 00:00:00","VGRD","10 m above ground",-97.5,39.25,-2.96
"2024-01-01 00:00:00","2024-01-01 00:00:00","VGRD","10 m above ground",-97.25,39.25,-3.23
"2024-01-01 00:00:00","2024-01-01 00:00:00","VGRD","10 m above ground",-97,39.25,-3.4
"2024-01-01 00:00:00","2024-01-01 00:00:00","VGRD","10 m above ground",-96.75,39.25,-3.52
"2024-01-01 00:00:00","2024-01-01 00:00:00","VGRD","10 m above ground",-96.5,39.25,-3.61
"2024-01-01 00:00:00","2024-01-01 00:00:00","VGRD","10 m above ground",-96.25,39.25,-3.17
"2024-01-01 00:00:00","2024-01-01 00:00:00","VGRD","10 m above ground",-96,39.25,-3.39
"2024-01-01 00:00:00","2024-01-01 00:00:00","VGRD","10 m above ground",-95.75,39.25,-3.76
"2024-01-01 00:00:00","2024-01-01 00:00:00","VGRD","10 m above ground",-95.5,39.25,-3.54
"2024-01-01 00:00:00","2024-01-01 00:00:00","VGRD","10 m above ground",-95.25,39.25,-3.28
"2024-01-01 00:00:00","2024-01-01 00:00:00","VGRD","10 m above ground",-95,39.25,-2.86
"2024-01-01 00:00:00","2024-01-01 00:00:00","VGRD","10 m above ground",-94.75,39.25,-2.73
"2024-01-01 00:00:00","2024-01-01 00:00:00","VGRD","10 m above ground",-94.5,39.25,-2.96
"2024-01-01 00:00:00","2024-01-01 00:00:00","VGRD","10 m above ground",-94.25,39.25,-2.36
"2024-01-01 00:00:00","2024-01-01 00:00:00","VGRD","10 m above ground",-94,39.25,-2.39
"2024-01-01 00:00:00","2024-01-01 00:00:00","VGRD","10 m above ground",-93.75,39.25,-2.64
"2024-01-01 00:00:00","2024-01-01 00:00:00","VGRD","10 m above ground",-93.5,39.25,-2.8
"2024-01-01 00:00:00","2024-01-01 00:00:00","VGRD","10 m above ground",-93.25,39.25,-2.9
"2024-01-01 00:00:00","2024-01-01 00:00:00","VGRD","10 m above ground",-93,39.25,-2.9
"2024-01-01 00:00:00","2024-01-01 00:00:00","VGRD","10 m above ground",-92.75,39.25,-2.73
"2024-01-01 00:00:00","2024-01-01 00:00:00","VGRD","10 m above ground",-92.5,39.25,-2.8
"2024-01-01 00:00:00","2024-01-01 00:00:00","VGRD","10 m above ground",-92.25,39.25,-3.6
"2024-01-01 00:00:00","2024-01-01 00:00:00","VGRD","10 m above ground",-92,39.25,-4.4
"2024-01-01 00:00:00","2024-01-01 00:00:00","VGRD","10 m above ground",-91.75,39.25,-4.58
"2024-01-01 00:00:00","2024-01-01 00:00:00","VGRD","10 m above ground",-91.5,39.25,-4.52
"2024-01-01 00:00:00","2024-01-01 00:00:00","VGRD","10 m above ground",-91.25,39.25,-4.56
"2024-01-01 00:00:00","2024-01-01 00:00:00","VGRD","10 m above ground",-91,39.25,-4.22
"2024-01-01 00:00:00","2024-01-01 00:00:00","VGRD","10 m above ground",-90.75,39.25,-3.94
"2024-01-01 00:00:00","2024-01-01 00:00:00","VGRD","10 m above ground",-90.5,39.25,-3.69
"2024-01-01 00:00:00","2024-01-01 00:00:00","VGRD","10 m above ground",-90.25,39.25,-3.54
"2024-01-01 00:00:00","2024-01-01 00:00:00","VGRD","10 m above ground",-90,39.25,-3.29
"2024-01-01 00:00:00","2024-01-01 00:00:00","VGRD","10 m above ground",-89.75,39.25,-3.1
"2024-01-01 00:00:00","2024-01-01 00:00:00","VGRD","10 m above ground",-89.5,39.25,-2.8
"2024-01-01 00:00:00","2024-01-01 00:00:00","VGRD","10 m above ground",-89.25,39.25,-2.49
"2024-01-01 00:00:00","2024-01-01 00:00:00","VGRD","10 m above ground",-89,39.25,-2.04
"2024-01-01 00:00:00","2024-01-01 00:00:00","VGRD","10 m above ground",-88.75,39.25,-1.7
"2024-01-01 00:00:00","2024-01-01 00:00:00","VGRD","10 m above ground",-88.5,39.25,-1.53
"2024-01-01 00:00:00","2024-01-01 00:00:00","VGRD","10 m above ground",-98.5,39.5,-2.78
"2024-01-01 00:00:00","2024-01-01 00:00:00","VGRD","10 m above ground",-98.25,39.5,-2.64
"2024-01-01 00:00:00","2024-01-01 00:00:00","VGRD","10 m above ground",-98,39.5,-2.4
"2024-01-01 00:00:00","2024-01-01 00:00:00","VGRD","10 m above ground",-97.75,39.5,-2.55
"2024-01-01 00:00:00","2024-01-01 00:00:00","VGRD","10 m above ground",-97.5,39.5,-2.51
"2024-01-01 00:00:00","2024-01-01 00:00:00","VGRD","10 m above ground",-97.25,39.5,-2.73
"2024-01-01 00:00:00","2024-01-01 00:00:00","VGRD","10 m above ground",-97,39.5,-3.37
"2024-01-01 00:00:00","2024-01-01 00:00:00","VGRD","10 m above ground",-96.75,39.5,-3.71
"2024-01-01 00:00:00","2024-01-01 00:00:00","VGRD","10 m above ground",-96.5,39.5,-3.93
"2024-01-01 00:00:00","2024-01-01 00:00:00","VGRD","10 m above ground",-96.25,39.5,-3.88
"2024-01-01 00:00:00","2024-01-01 00:00:00","VGRD","10 m above ground",-96,39.5,-3.98
"2024-01-01 00:00:00","2024-01-01 00:00:00","VGRD","10 m above ground",-95.75,39.5,-4.02
"2024-01-01 00:00:00","2024-01-01 00:00:00","VGRD","10 m above ground",-95.5,39.5,-3.65
"2024-01-01 00:00:00","2024-01-01 00:00:00","VGRD","10 m above ground",-95.25,39.5,-3.33
"2024-01-01 00:00:00","2024-01-01 00:00:00","VGRD","10 m above ground",-95,39.5,-2.83
"2024-01-01 00:00:00","2024-01-01 00:00:00","VGRD","10 m above ground",-94.75,39.5,-2.8
"2024-01-01 00:00:00","2024-01-01 00:00:00","VGRD","10 m above ground",-94.5,39.5,-2.68
"2024-01-01 00:00:00","2024-01-01 00:00:00","VGRD","10 m above ground",-94.25,39.5,-2.56
"2024-01-01 00:00:00","2024-01-01 00:00:00","VGRD","10 m above ground",-94,39.5,-2.46
"2024-01-01 00:00:00","2024-01-01 00:00:00","VGRD","10 m above ground",-93.75,39.5,-2.77
"2024-01-01 00:00:00","2024-01-01 00:00:00","VGRD","10 m above ground",-93.5,39.5,-2.91
"2024-01-01 00:00:00","2024-01-01 00:00:00","VGRD","10 m above ground",-93.25,39.5,-2.93
"2024-01-01 00:00:00","2024-01-01 00:00:00","VGRD","10 m above ground",-93,39.5,-2.99
"2024-01-01 00:00:00","2024-01-01 00:00:00","VGRD","10 m above ground",-92.75,39.5,-3.12
"2024-01-01 00:00:00","2024-01-01 00:00:00","VGRD","10 m above ground",-92.5,39.5,-3.28
"2024-01-01 00:00:00","2024-01-01 00:00:00","VGRD","10 m above ground",-92.25,39.5,-4.03
"2024-01-01 00:00:00","2024-01-01 00:00:00","VGRD","10 m above ground",-92,39.5,-4.31
"2024-01-01 00:00:00","2024-01-01 00:00:00","VGRD","10 m above ground",-91.75,39.5,-4.25
"2024-01-01 00:00:00","2024-01-01 00:00:00","VGRD","10 m above ground",-91.5,39.5,-4.21
"2024-01-01 00:00:00","2024-01-01 00:00:00","VGRD","10 m above ground",-91.25,39.5,-4.11
"2024-01-01 00:00:00","2024-01-01 00:00:00","VGRD","10 m above ground",-91,39.5,-4.23
"2024-01-01 00:00:00","2024-01-01 00:00:00","VGRD","10 m above ground",-90.75,39.5,-3.93
"2024-01-01 00:00:00","2024-01-01 00:00:00","VGRD","10 m above ground",-90.5,39.5,-3.91
"2024-01-01 00:00:00","2024-01-01 00:00:00","VGRD","10 m above ground",-90.25,39.5,-3.81
"2024-01-01 00:00:00","2024-01-01 00:00:00","VGRD","10 m above ground",-90,39.5,-3.53
"2024-01-01 00:00:00","2024-01-01 00:00:00","VGRD","10 m above ground",-89.75,39.5,-3.13
"2024-01-01 00:00:00","2024-01-01 00:00:00","VGRD","10 m above ground",-89.5,39.5,-2.99
"2024-01-01 00:00:00","2024-01-01 00:00:00","VGRD","10 m above ground",-89.25,39.5,-2.85
"2024-01-01 00:00:00","2024-01-01 00:00:00","VGRD","10 m above ground",-89,39.5,-2.18
"2024-01-01 00:00:00","2024-01-01 00:00:00","VGRD","10 m above ground",-88.75,39.5,-1.59
"2024-01-01 00:00:00","2024-01-01 00:00:00","VGRD","10 m above ground",-88.5,39.5,-1.45
"2024-01-01 00:00:00","2024-01-01 00:00:00","VGRD","10 m above ground",-98.5,39.75,-2.52
"2024-01-01 00:00:00","2024-01-01 00:00:00","VGRD","10 m above ground",-98.25,39.75,-2.39
"2024-01-01 00:00:00","2024-01-01 00:00:00","VGRD","10 m above ground",-98,39.75,-1.99
"2024-01-01 00:00:00","2024-01-01 00:00:00","VGRD","10 m above ground",-97.75,39.75,-2.25
"2024-01-01 00:00:00","2024-01-01 00:00:00","VGRD","10 m above ground",-97.5,39.75,-2.59
"2024-01-01 00:00:00","2024-01-01 00:00:00","VGRD","10 m above ground",-97.25,39.75,-2.66
"2024-01-01 00:00:00","2024-01-01 00:00:00","VGRD","10 m above ground",-97,39.75,-3.37
"2024-01-01 00:00:00","2024-01-01 00:00:00","VGRD","10 m above ground",-96.75,39.75,-3.28
"2024-01-01 00:00:00","2024-01-01 00:00:00","VGRD","10 m above ground",-96.5,39.75,-3.68
"2024-01-01 00:00:00","2024-01-01 00:00:00","VGRD","10 m above ground",-96.25,39.75,-3.88
"2024-01-01 00:00:00","2024-01-01 00:00:00","VGRD","10 m above ground",-96,39.75,-3.89
"2024-01-01 00:00:00","2024-01-01 00:00:00","VGRD","10 m above ground",-95.75,39.75,-3.64
"2024-01-01 00:00:00","2024-01-01 00:00:00","VGRD","10 m above ground",-95.5,39.75,-3.31
"2024-01-01 00:00:00","2024-01-01 00:00:00","VGRD","10 m above ground",-95.25,39.75,-3.09
"2024-01-01 00:00:00","2024-01-01 00:00:00","VGRD","10 m above ground",-95,39.75,-2.79
"2024-01-01 00:00:00","2024-01-01 00:00:00","VGRD","10 m above ground",-94.75,39.75,-2.54
"2024-01-01 00:00:00","2024-01-01 00:00:00","VGRD","10 m above ground",-94.5,39.75,-2.55
"2024-01-01 00:00:00","2024-01-01 00:00:00","VGRD","10 m above ground",-94.25,39.75,-2.56
"2024-01-01 00:00:00","2024-01-01 00:00:00","VGRD","10 m above ground",-94,39.75,-2.63
"2024-01-01 00:00:00","2024-01-01 00:00:00","VGRD","10 m above ground",-93.75,39.75,-2.87
"2024-01-01 00:00:00","2024-01-01 00:00:00","VGRD","10 m above ground",-93.5,39.75,-2.93
"2024-01-01 00:00:00","2024-01-01 00:00:00","VGRD","10 m above ground",-93.25,39.75,-3.02
"2024-01-01 00:00:00","2024-01-01 00:00:00","VGRD","10 m above ground",-93,39.75,-3.28
"2024-01-01 00:00:00","2024-01-01 00:00:00","VGRD","10 m above ground",-92.75,39.75,-3.59
"2024-01-01 00:00:00","2024-01-01 00:00:00","VGRD","10 m above ground",-92.5,39.75,-4.01
"2024-01-01 00:00:00","2024-01-01 00:00:00","VGRD","10 m above ground",-92.25,39.75,-5.22
"2024-01-01 00:00:00","2024-01-01 00:00:00","VGRD","10 m above ground",-92,39.75,-4.92
"2024-01-01 00:00:00","2024-01-01 00:00:00","VGRD","10 m above ground",-91.75,39.75,-4.23
"2024-01-01 00:00:00","2024-01-01 00:00:00","VGRD","10 m above ground",-91.5,39.75,-4.4
"2024-01-01 00:00:00","2024-01-01 00:00:00","VGRD","10 m above ground",-91.25,39.75,-4.3
"2024-01-01 00:00:00","2024-01-01 00:00:00","VGRD","10 m above ground",-91,39.75,-4.4
"2024-01-01 00:00:00","2024-01-01 00:00:00","VGRD","10 m above ground",-90.75,39.75,-4.34
"2024-01-01 00:00:00","2024-01-01 00:00:00","VGRD","10 m above ground",-90.5,39.75,-4.36
"2024-01-01 00:00:00","2024-01-01 00:00:00","VGRD","10 m above ground",-90.25,39.75,-4.13
"2024-01-01 00:00:00","2024-01-01 00:00:00","VGRD","10 m above ground",-90,39.75,-4
"2024-01-01 00:00:00","2024-01-01 00:00:00","VGRD","10 m above ground",-89.75,39.75,-3.41
"2024-01-01 00:00:00","2024-01-01 00:00:00","VGRD","10 m above ground",-89.5,39.75,-2.81
"2024-01-01 00:00:00","2024-01-01 00:00:00","VGRD","10 m above ground",-89.25,39.75,-2.51
"2024-01-01 00:00:00","2024-01-01 00:00:00","VGRD","10 m above ground",-89,39.75,-2.14
"2024-01-01 00:00:00","2024-01-01 00:00:00","VGRD","10 m above ground",-88.75,39.75,-1.96
"2024-01-01 00:00:00","2024-01-01 00:00:00","VGRD","10 m above ground",-88.5,39.75,-1.79
"2024-01-01 00:00:00","2024-01-01 00:00:00","VGRD","10 m above ground",-98.5,40,-2.15
"2024-01-01 00:00:00","2024-01-01 00:00:00","VGRD","10 m above ground",-98.25,40,-2.17
"2024-01-01 00:00:00","2024-01-01 00:00:00","VGRD","10 m above ground",-98,40,-2.48
"2024-01-01 00:00:00","2024-01-01 00:00:00","VGRD","10 m above ground",-97.75,40,-2.7
"2024-01-01 00:00:00","2024-01-01 00:00:00","VGRD","10 m above ground",-97.5,40,-2.63
"2024-01-01 00:00:00","2024-01-01 00:00:00","VGRD","10 m above ground",-97.25,40,-2.64
"2024-01-01 00:00:00","2024-01-01 00:00:00","VGRD","10 m above ground",-97,40,-2.89
"2024-01-01 00:00:00","2024-01-01 00:00:00","VGRD","10 m above ground",-96.75,40,-2.58
"2024-01-01 00:00:00","2024-01-01 00:00:00","VGRD","10 m above ground",-96.5,40,-3.68
"2024-01-01 00:00:00","2024-01-01 00:00:00","VGRD","10 m above ground",-96.25,40,-4.17
"2024-01-01 00:00:00","2024-01-01 00:00:00","VGRD","10 m above ground",-96,40,-4.25
"2024-01-01 00:00:00","2024-01-01 00:00:00","VGRD","10 m above ground",-95.75,40,-3.65
"2024-01-01 00:00:00","2024-01-01 00:00:00","VGRD","10 m above ground",-95.5,40,-3.09
"2024-01-01 00:00:00","2024-01-01 00:00:00","VGRD","10 m above ground",-95.25,40,-3.18
"2024-01-01 00:00:00","2024-01-01 00:00:00","VGRD","10 m above ground",-95,40,-2.74
"2024-01-01 00:00:00","2024-01-01 00:00:00","VGRD","10 m above ground",-94.75,40,-2.61
"2024-01-01 00:00:00","2024-01-01 00:00:00","VGRD","10 m above ground",-94.5,40,-2.81
"2024-01-01 00:00:00","2024-01-01 00:00:00","VGRD","10 m above ground",-94.25,40,-2.74
"2024-01-01 00:00:00","2024-01-01 00:00:00","VGRD","10 m above ground",-94,40,-3
"2024-01-01 00:00:00","2024-01-01 00:00:00","VGRD","10 m above ground",-93.75,40,-3.38
"2024-01-01 00:00:00","2024-01-01 00:00:00","VGRD","10 m above ground",-93.5,40,-3.23
"2024-01-01 00:00:00","2024-01-01 00:00:00","VGRD","10 m above ground",-93.25,40,-3.52
"2024-01-01 00:00:00","2024-01-01 00:00:00","VGRD","10 m above ground",-93,40,-3.54
"2024-01-01 00:00:00","2024-01-01 00:00:00","VGRD","10 m above ground",-92.75,40,-3.61
"2024-01-01 00:00:00","2024-01-01 00:00:00","VGRD","10 m above ground",-92.5,40,-4.24
"2024-01-01 00:00:00","2024-01-01 00:00:00","VGRD","10 m above ground",-92.25,40,-4.84
"2024-01-01 00:00:00","2024-01-01 00:00:00","VGRD","10 m above ground",-92,40,-5.1
"2024-01-01 00:00:00","2024-01-01 00:00:00","VGRD","10 m above ground",-91.75,40,-4.61
"2024-01-01 00:00:00","2024-01-01 00:00:00","VGRD","10 m above ground",-91.5,40,-4.52
"2024-01-01 00:00:00","2024-01-01 00:00:00","VGRD","10 m above ground",-91.25,40,-4.51
"2024-01-01 00:00:00","2024-01-01 00:00:00","VGRD","10 m above ground",-91,40,-4.48
"2024-01-01 00:00:00","2024-01-01 00:00:00","VGRD","10 m above ground",-90.75,40,-4.58
"2024-01-01 00:00:00","2024-01-01 00:00:00","VGRD","10 m above ground",-90.5,40,-4.5
"2024-01-01 00:00:00","2024-01-01 00:00:00","VGRD","10 m above ground",-90.25,40,-4.45
"2024-01-01 00:00:00","2024-01-01 00:00:00","VGRD","10 m above ground",-90,40,-4.78
"2024-01-01 00:00:00","2024-01-01 00:00:00","VGRD","10 m above ground",-89.75,40,-4.42
"2024-01-01 00:00:00","2024-01-01 00:00:00","VGRD","10 m above ground",-89.5,40,-3.67
"2024-01-01 00:00:00","2024-01-01 00:00:00","VGRD","10 m above ground",-89.25,40,-3.01
"2024-01-01 00:00:00","2024-01-01 00:00:00","VGRD","10 m above ground",-89,40,-2.72
"2024-01-01 00:00:00","2024-01-01 00:00:00","VGRD","10 m above ground",-88.75,40,-2.29
"2024-01-01 00:00:00","2024-01-01 00:00:00","VGRD","10 m above ground",-88.5,40,-1.97
"2024-01-01 00:00:00","2024-01-01 00:00:00","VGRD","10 m above ground",-98.5,40.25,-2.26
"2024-01-01 00:00:00","2024-01-01 00:00:00","VGRD","10 m above ground",-98.25,40.25,-2.48
"2024-01-01 00:00:00","2024-01-01 00:00:00","VGRD","10 m above ground",-98,40.25,-2.53
"2024-01-01 00:00:00","2024-01-01 00:00:00","VGRD","10 m above ground",-97.75,40.25,-2.25
"2024-01-01 00:00:00","2024-01-01 00:00:00","VGRD","10 m above ground",-97.5,40.25,-1.93
"2024-01-01 00:00:00","2024-01-01 00:00:00","VGRD","10 m above ground",-97.25,40.25,-2.04
"2024-01-01 00:00:00","2024-01-01 00:00:00","VGRD","10 m above ground",-97,40.25,-2.14
"2024-01-01 00:00:00","2024-01-01 00:00:00","VGRD","10 m above ground",-96.75,40.25,-2.39
"2024-01-01 00:00:00","2024-01-01 00:00:00","VGRD","10 m above ground",-96.5,40.25,-3.32
"2024-01-01 00:00:00","2024-01-01 00:00:00","VGRD","10 m above ground",-96.25,40.25,-3.95
"2024-01-01 00:00:00","2024-01-01 00:00:00","VGRD","10 m above ground",-96,40.25,-3.98
"2024-01-01 00:00:00","2024-01-01 00:00:00","VGRD","10 m above ground",-95.75,40.25,-3.9
"2024-01-01 00:00:00","2024-01-01 00:00:00","VGRD","10 m above ground",-95.5,40.25,-3.29
"2024-01-01 00:00:00","2024-01-01 00:00:00","VGRD","10 m above ground",-95.25,40.25,-3.24
"2024-01-01 00:00:00","2024-01-01 00:00:00","VGRD","10 m above ground",-95,40.25,-2.82
"2024-01-01 00:00:00","2024-01-01 00:00:00","VGRD","10 m above ground",-94.75,40.25,-2.55
"2024-01-01 00:00:00","2024-01-01 00:00:00","VGRD","10 m above ground",-94.5,40.25,-2.67
"2024-01-01 00:00:00","2024-01-01 00:00:00","VGRD","10 m above ground",-94.25,40.25,-3.02
"2024-01-01 00:00:00","2024-01-01 00:00:00","VGRD","10 m above ground",-94,40.25,-3.4
"2024-01-01 00:00:00","2024-01-01 00:00:00","VGRD","10 m above ground",-93.75,40.25,-3.52
"2024-01-01 00:00:00","2024-01-01 00:00:00","VGRD","10 m above ground",-93.5,40.25,-3.62
"2024-01-01 00:00:00","2024-01-01 00:00:00","VGRD","10 m above ground",-93.25,40.25,-3.66
"2024-01-01 00:00:00","2024-01-01 00:00:00","VGRD","10 m above ground",-93,40.25,-4.05
"2024-01-01 00:00:00","2024-01-01 00:00:00","VGRD","10 m above ground",-92.75,40.25,-4.15
"2024-01-01 00:00:00","2024-01-01 00:00:00","VGRD","10 m above ground",-92.5,40.25,-4.59
"2024-01-01 00:00:00","2024-01-01 00:00:00","VGRD","10 m above ground",-92.25,40.25,-4.81
"2024-01-01 00:00:00","2024-01-01 00:00:00","VGRD","10 m above ground",-92,40.25,-4.73
"2024-01-01 00:00:00","2024-01-01 00:00:00","VGRD","10 m above ground",-91.75,40.25,-4.67
"2024-01-01 00:00:00","2024-01-01 00:00:00","VGRD","10 m above ground",-91.5,40.25,-4.51
"2024-01-01 00:00:00","2024-01-01 00:00:00","VGRD","10 m above ground",-91.25,40.25,-4.46
"2024-01-01 00:00:00","2024-01-01 00:00:00","VGRD","10 m above ground",-91,40.25,-4.46
"2024-01-01 00:00:00","2024-01-01 00:00:00","VGRD","10 m above ground",-90.75,40.25,-4.69
"2024-01-01 00:00:00","2024-01-01 00:00:00","VGRD","10 m above ground",-90.5,40.25,-4.35
"2024-01-01 00:00:00","2024-01-01 00:00:00","VGRD","10 m above ground",-90.25,40.25,-4.5
"2024-01-01 00:00:00","2024-01-01 00:00:00","VGRD","10 m above ground",-90,40.25,-4.65
"2024-01-01 00:00:00","2024-01-01 00:00:00","VGRD","10 m above ground",-89.75,40.25,-4.65
"2024-01-01 00:00:00","2024-01-01 00:00:00","VGRD","10 m above ground",-89.5,40.25,-4.62
"2024-01-01 00:00:00","2024-01-01 00:00:00","VGRD","10 m above ground",-89.25,40.25,-3.99
"2024-01-01 00:00:00","2024-01-01 00:00:00","VGRD","10 m above ground",-89,40.25,-3.01
"2024-01-01 00:00:00","2024-01-01 00:00:00","VGRD","10 m above ground",-88.75,40.25,-2.51
"2024-01-01 00:00:00","2024-01-01 00:00:00","VGRD","10 m above ground",-88.5,40.25,-2.07
"2024-01-01 00:00:00","2024-01-01 00:00:00","VGRD","10 m above ground",-98.5,40.5,-2.11
"2024-01-01 00:00:00","2024-01-01 00:00:00","VGRD","10 m above ground",-98.25,40.5,-2.47
"2024-01-01 00:00:00","2024-01-01 00:00:00","VGRD","10 m above ground",-98,40.5,-2.26
"2024-01-01 00:00:00","2024-01-01 00:00:00","VGRD","10 m above ground",-97.75,40.5,-1.92
"2024-01-01 00:00:00","2024-01-01 00:00:00","VGRD","10 m above ground",-97.5,40.5,-2.12
"2024-01-01 00:00:00","2024-01-01 00:00:00","VGRD","10 m above ground",-97.25,40.5,-2.27
"2024-01-01 00:00:00","2024-01-01 00:00:00","VGRD","10 m above ground",-97,40.5,-2.23
"2024-01-01 00:00:00","2024-01-01 00:00:00","VGRD","10 m above ground",-96.75,40.5,-2.63
"2024-01-01 00:00:00","2024-01-01 00:00:00","VGRD","10 m above ground",-96.5,40.5,-3.51
"2024-01-01 00:00:00","2024-01-01 00:00:00","VGRD","10 m above ground",-96.25,40.5,-3.32
"2024-01-01 00:00:00","2024-01-01 00:00:00","VGRD","10 m above ground",-96,40.5,-3.34
"2024-01-01 00:00:00","2024-01-01 00:00:00","VGRD","10 m above ground",-95.75,40.5,-3.94
"2024-01-01 00:00:00","2024-01-01 00:00:00","VGRD","10 m above ground",-95.5,40.5,-3.06
"2024-01-01 00:00:00","2024-01-01 00:00:00","VGRD","10 m above ground",-95.25,40.5,-2.67
"2024-01-01 00:00:00","2024-01-01 00:00:00","VGRD","10 m above ground",-95,40.5,-2.45
"2024-01-01 00:00:00","2024-01-01 00:00:00","VGRD","10 m above ground",-94.75,40.5,-3.03
"2024-01-01 00:00:00","2024-01-01 00:00:00","VGRD","10 m above ground",-94.5,40.5,-3.63
"2024-01-01 00:00:00","2024-01-01 00:00:00","VGRD","10 m above ground",-94.25,40.5,-3.54
"2024-01-01 00:00:00","2024-01-01 00:00:00","VGRD","10 m above ground",-94,40.5,-3.84
"2024-01-01 00:00:00","2024-01-01 00:00:00","VGRD","10 m above ground",-93.75,40.5,-4.13
"2024-01-01 00:00:00","2024-01-01 00:00:00","VGRD","10 m above ground",-93.5,40.5,-4.45
"2024-01-01 00:00:00","2024-01-01 00:00:00","VGRD","10 m above ground",-93.25,40.5,-4.48
"2024-01-01 00:00:00","2024-01-01 00:00:00","VGRD","10 m above ground",-93,40.5,-4.54
"2024-01-01 00:00:00","2024-01-01 00:00:00","VGRD","10 m above ground",-92.75,40.5,-4.43
"2024-01-01 00:00:00","2024-01-01 00:00:00","VGRD","10 m above ground",-92.5,40.5,-4.43
"2024-01-01 00:00:00","2024-01-01 00:00:00","VGRD","10 m above ground",-92.25,40.5,-4.66
"2024-01-01 00:00:00","2024-01-01 00:00:00","VGRD","10 m above ground",-92,40.5,-4.9
"2024-01-01 00:00:00","2024-01-01 00:00:00","VGRD","10 m above ground",-91.75,40.5,-4.81
"2024-01-01 00:00:00","2024-01-01 00:00:00","VGRD","10 m above ground",-91.5,40.5,-4.64
"2024-01-01 00:00:00","2024-01-01 00:00:00","VGRD","10 m above ground",-91.25,40.5,-4.52
"2024-01-01 00:00:00","2024-01-01 00:00:00","VGRD","10 m above ground",-91,40.5,-4.61
"2024-01-01 00:00:00","2024-01-01 00:00:00","VGRD","10 m above ground",-90.75,40.5,-4.77
"2024-01-01 00:00:00","2024-01-01 00:00:00","VGRD","10 m above ground",-90.5,40.5,-4.52
"2024-01-01 00:00:00","2024-01-01 00:00:00","VGRD","10 m above ground",-90.25,40.5,-4.7
"2024-01-01 00:00:00","2024-01-01 00:00:00","VGRD","10 m above ground",-90,40.5,-4.46
"2024-01-01 00:00:00","2024-01-01 00:00:00","VGRD","10 m above ground",-89.75,40.5,-4.59
"2024-01-01 00:00:00","2024-01-01 00:00:00","VGRD","10 m above ground",-89.5,40.5,-4.67
"2024-01-01 00:00:00","2024-01-01 00:00:00","VGRD","10 m above ground",-89.25,40.5,-4.84
"2024-01-01 00:00:00","2024-01-01 00:00:00","VGRD","10 m above ground",-89,40.5,-4.68
"2024-01-01 00:00:00","2024-01-01 00:00:00","VGRD","10 m above ground",-88.75,40.5,-4.05
"2024-01-01 00:00:00","2024-01-01 00:00:00","VGRD","10 m above ground",-88.5,40.5,-3.54
"2024-01-01 00:00:00","2024-01-01 00:00:00","VGRD","10 m above ground",-98.5,40.75,-1.8
"2024-01-01 00:00:00","2024-01-01 00:00:00","VGRD","10 m above ground",-98.25,40.75,-1.99
"2024-01-01 00:00:00","2024-01-01 00:00:00","VGRD","10 m above ground",-98,40.75,-1.87
"2024-01-01 00:00:00","2024-01-01 00:00:00","VGRD","10 m above ground",-97.75,40.75,-1.75
"2024-01-01 00:00:00","2024-01-01 00:00:00","VGRD","10 m above ground",-97.5,40.75,-2.25
"2024-01-01 00:00:00","2024-01-01 00:00:00","VGRD","10 m above ground",-97.25,40.75,-2.28
"2024-01-01 00:00:00","2024-01-01 00:00:00","VGRD","10 m above ground",-97,40.75,-2.24
"2024-01-01 00:00:00","2024-01-01 00:00:00","VGRD","10 m above ground",-96.75,40.75,-2.38
"2024-01-01 00:00:00","2024-01-01 00:00:00","VGRD","10 m above ground",-96.5,40.75,-3.29
"2024-01-01 00:00:00","2024-01-01 00:00:00","VGRD","10 m above ground",-96.25,40.75,-3.52
"2024-01-01 00:00:00","2024-01-01 00:00:00","VGRD","10 m above ground",-96,40.75,-3.75
"2024-01-01 00:00:00","2024-01-01 00:00:00","VGRD","10 m above ground",-95.75,40.75,-3.54
"2024-01-01 00:00:00","2024-01-01 00:00:00","VGRD","10 m above ground",-95.5,40.75,-2.75
"2024-01-01 00:00:00","2024-01-01 00:00:00","VGRD","10 m above ground",-95.25,40.75,-2.51
"2024-01-01 00:00:00","2024-01-01 00:00:00","VGRD","10 m above ground",-95,40.75,-2.84
"2024-01-01 00:00:00","2024-01-01 00:00:00","VGRD","10 m above ground",-94.75,40.75,-3.46
"2024-01-01 00:00:00","2024-01-01 00:00:00","VGRD","10 m above ground",-94.5,40.75,-3.42
"2024-01-01 00:00:00","2024-01-01 00:00:00","VGRD","10 m above ground",-94.25,40.75,-3.74
"2024-01-01 00:00:00","2024-01-01 00:00:00","VGRD","10 m above ground",-94,40.75,-4.08
"2024-01-01 00:00:00","2024-01-01 00:00:00","VGRD","10 m above ground",-93.75,40.75,-4.49
"2024-01-01 00:00:00","2024-01-01 00:00:00","VGRD","10 m above ground",-93.5,40.75,-4.33
"2024-01-01 00:00:00","2024-01-01 00:00:00","VGRD","10 m above ground",-93.25,40.75,-4.45
"2024-01-01 00:00:00","2024-01-01 00:00:00","VGRD","10 m above ground",-93,40.75,-4.67
"2024-01-01 00:00:00","2024-01-01 00:00:00","VGRD","10 m above ground",-92.75,40.75,-4.48
"2024-01-01 00:00:00","2024-01-01 00:00:00","VGRD","10 m above ground",-92.5,40.75,-4.45
"2024-01-01 00:00:00","2024-01-01 00:00:00","VGRD","10 m above ground",-92.25,40.75,-4.75
"2024-01-01 00:00:00","2024-01-01 00:00:00","VGRD","10 m above ground",-92,40.75,-4.9
"2024-01-01 00:00:00","2024-01-01 00:00:00","VGRD","10 m above ground",-91.75,40.75,-4.81
"2024-01-01 00:00:00","2024-01-01 00:00:00","VGRD","10 m above ground",-91.5,40.75,-4.76
"2024-01-01 00:00:00","2024-01-01 00:00:00","VGRD","10 m above ground",-91.25,40.75,-4.58
"2024-01-01 00:00:00","2024-01-01 00:00:00","VGRD","10 m above ground",-91,40.75,-4.48
"2024-01-01 00:00:00","2024-01-01 00:00:00","VGRD","10 m above ground",-90.75,40.75,-4.62
"2024-01-01 00:00:00","2024-01-01 00:00:00","VGRD","10 m above ground",-90.5,40.75,-4.64
"2024-01-01 00:00:00","2024-01-01 00:00:00","VGRD","10 m above ground",-90.25,40.75,-4.54
"2024-01-01 00:00:00","2024-01-01 00:00:00","VGRD","10 m above ground",-90,40.75,-4.48
"2024-01-01 00:00:00","2024-01-01 00:00:00","VGRD","10 m above ground",-89.75,40.75,-4.67
"2024-01-01 00:00:00","2024-01-01 00:00:00","VGRD","10 m above ground",-89.5,40.75,-4.6
"2024-01-01 00:00:00","2024-01-01 00:00:00","VGRD","10 m above ground",-89.25,40.75,-5
"2024-01-01 00:00:00","2024-01-01 00:00:00","VGRD","10 m above ground",-89,40.75,-4.96
"2024-01-01 00:00:00","2024-01-01 00:00:00","VGRD","10 m above ground",-88.75,40.75,-4.74
"2024-01-01 00:00:00","2024-01-01 00:00:00","VGRD","10 m above ground",-88.5,40.75,-5.19
"2024-01-01 00:00:00","2024-01-01 00:00:00","VGRD","10 m above ground",-98.5,41,-2.21
"2024-01-01 00:00:00","2024-01-01 00:00:00","VGRD","10 m above ground",-98.25,41,-2.19
"2024-01-01 00:00:00","2024-01-01 00:00:00","VGRD","10 m above ground",-98,41,-2.28
"2024-01-01 00:00:00","2024-01-01 00:00:00","VGRD","10 m above ground",-97.75,41,-2.5
"2024-01-01 00:00:00","2024-01-01 00:00:00","VGRD","10 m above ground",-97.5,41,-2.73
"2024-01-01 00:00:00","2024-01-01 00:00:00","VGRD","10 m above ground",-97.25,41,-2.46
"2024-01-01 00:00:00","2024-01-01 00:00:00","VGRD","10 m above ground",-97,41,-2.47
"2024-01-01 00:00:00","2024-01-01 00:00:00","VGRD","10 m above ground",-96.75,41,-2.53
"2024-01-01 00:00:00","2024-01-01 00:00:00","VGRD","10 m above ground",-96.5,41,-3.28
"2024-01-01 00:00:00","2024-01-01 00:00:00","VGRD","10 m above ground",-96.25,41,-3.76
"2024-01-01 00:00:00","2024-01-01 00:00:00","VGRD","10 m above ground",-96,41,-3.61
"2024-01-01 00:00:00","2024-01-01 00:00:00","VGRD","10 m above ground",-95.75,41,-3.12
"2024-01-01 00:00:00","2024-01-01 00:00:00","VGRD","10 m above ground",-95.5,41,-2.96
"2024-01-01 00:00:00","2024-01-01 00:00:00","VGRD","10 m above ground",-95.25,41,-2.73
"2024-01-01 00:00:00","2024-01-01 00:00:00","VGRD","10 m above ground",-95,41,-2.71
"2024-01-01 00:00:00","2024-01-01 00:00:00","VGRD","10 m above ground",-94.75,41,-2.84
"2024-01-01 00:00:00","2024-01-01 00:00:00","VGRD","10 m above ground",-94.5,41,-3.29
"2024-01-01 00:00:00","2024-01-01 00:00:00","VGRD","10 m above ground",-94.25,41,-3.64
"2024-01-01 00:00:00","2024-01-01 00:00:00","VGRD","10 m above ground",-94,41,-3.86
"2024-01-01 00:00:00","2024-01-01 00:00:00","VGRD","10 m above ground",-93.75,41,-4.05
"2024-01-01 00:00:00","2024-01-01 00:00:00","VGRD","10 m above ground",-93.5,41,-4.28
"2024-01-01 00:00:00","2024-01-01 00:00:00","VGRD","10 m above ground",-93.25,41,-4.52
"2024-01-01 00:00:00","2024-01-01 00:00:00","VGRD","10 m above ground",-93,41,-4.17
"2024-01-01 00:00:00","2024-01-01 00:00:00","VGRD","10 m above ground",-92.75,41,-4.23
"2024-01-01 00:00:00","2024-01-01 00:00:00","VGRD","10 m above ground",-92.5,41,-4.2
"2024-01-01 00:00:00","2024-01-01 00:00:00","VGRD","10 m above ground",-92.25,41,-4.43
"2024-01-01 00:00:00","2024-01-01 00:00:00","VGRD","10 m above ground",-92,41,-4.7
"2024-01-01 00:00:00","2024-01-01 00:00:00","VGRD","10 m above ground",-91.75,41,-4.73
"2024-01-01 00:00:00","2024-01-01 00:00:00","VGRD","10 m above ground",-91.5,41,-4.84
"2024-01-01 00:00:00","2024-01-01 00:00:00","VGRD","10 m above ground",-91.25,41,-4.86
"2024-01-01 00:00:00","2024-01-01 00:00:00","VGRD","10 m above ground",-91,41,-4.62
"2024-01-01 00:00:00","2024-01-01 00:00:00","VGRD","10 m above ground",-90.75,41,-4.6
"2024-01-01 00:00:00","2024-01-01 00:00:00","VGRD","10 m above ground",-90.5,41,-4.47
"2024-01-01 00:00:00","2024-01-01 00:00:00","VGRD","10 m above ground",-90.25,41,-4.37
"2024-01-01 00:00:00","2024-01-01 00:00:00","VGRD","10 m above ground",-90,41,-4.52
"2024-01-01 00:00:00","2024-01-01 00:00:00","VGRD","10 m above ground",-89.75,41,-4.75
"2024-01-01 00:00:00","2024-01-01 00:00:00","VGRD","10 m above ground",-89.5,41,-4.77
"2024-01-01 00:00:00","2024-01-01 00:00:00","VGRD","10 m above ground",-89.25,41,-5
"2024-01-01 00:00:00","2024-01-01 00:00:00","VGRD","10 m above ground",-89,41,-5.16
"2024-01-01 00:00:00","2024-01-01 00:00:00","VGRD","10 m above ground",-88.75,41,-5.25
"2024-01-01 00:00:00","2024-01-01 00:00:00","VGRD","10 m above ground",-88.5,41,-5.63
"2024-01-01 00:00:00","2024-01-01 00:00:00","VGRD","10 m above ground",-98.5,41.25,-1.8
"2024-01-01 00:00:00","2024-01-01 00:00:00","VGRD","10 m above ground",-98.25,41.25,-2.34
"2024-01-01 00:00:00","2024-01-01 00:00:00","VGRD","10 m above ground",-98,41.25,-2.94
"2024-01-01 00:00:00","2024-01-01 00:00:00","VGRD","10 m above ground",-97.75,41.25,-2.92
"2024-01-01 00:00:00","2024-01-01 00:00:00","VGRD","10 m above ground",-97.5,41.25,-3.45
"2024-01-01 00:00:00","2024-01-01 00:00:00","VGRD","10 m above ground",-97.25,41.25,-3.12
"2024-01-01 00:00:00","2024-01-01 00:00:00","VGRD","10 m above ground",-97,41.25,-3.43
"2024-01-01 00:00:00","2024-01-01 00:00:00","VGRD","10 m above ground",-96.75,41.25,-4.04
"2024-01-01 00:00:00","2024-01-01 00:00:00","VGRD","10 m above ground",-96.5,41.25,-4.11
"2024-01-01 00:00:00","2024-01-01 00:00:00","VGRD","10 m above ground",-96.25,41.25,-3.74
"2024-01-01 00:00:00","2024-01-01 00:00:00","VGRD","10 m above ground",-96,41.25,-3.43
"2024-01-01 00:00:00","2024-01-01 00:00:00","VGRD","10 m above ground",-95.75,41.25,-3
"2024-01-01 00:00:00","2024-01-01 00:00:00","VGRD","10 m above ground",-95.5,41.25,-3.02
"2024-01-01 00:00:00","2024-01-01 00:00:00","VGRD","10 m above ground",-95.25,41.25,-2.63
"2024-01-01 00:00:00","2024-01-01 00:00:00","VGRD","10 m above ground",-95,41.25,-2.82
"2024-01-01 00:00:00","2024-01-01 00:00:00","VGRD","10 m above ground",-94.75,41.25,-3.03
"2024-01-01 00:00:00","2024-01-01 00:00:00","VGRD","10 m above ground",-94.5,41.25,-3.18
"2024-01-01 00:00:00","2024-01-01 00:00:00","VGRD","10 m above ground",-94.25,41.25,-3.46
"2024-01-01 00:00:00","2024-01-01 00:00:00","VGRD","10 m above ground",-94,41.25,-3.64
"2024-01-01 00:00:00","2024-01-01 00:00:00","VGRD","10 m above ground",-93.75,41.25,-3.74
"2024-01-01 00:00:00","2024-01-01 00:00:00","VGRD","10 m above ground",-93.5,41.25,-4.45
"2024-01-01 00:00:00","2024-01-01 00:00:00","VGRD","10 m above ground",-93.25,41.25,-4.48
"2024-01-01 00:00:00","2024-01-01 00:00:00","VGRD","10 m above ground",-93,41.25,-3.88
"2024-01-01 00:00:00","2024-01-01 00:00:00","VGRD","10 m above ground",-92.75,41.25,-3.91
"2024-01-01 00:00:00","2024-01-01 00:00:00","VGRD","10 m above ground",-92.5,41.25,-4.37
"2024-01-01 00:00:00","2024-01-01 00:00:00","VGRD","10 m above ground",-92.25,41.25,-4.63
"2024-01-01 00:00:00","2024-01-01 00:00:00","VGRD","10 m above ground",-92,41.25,-4.88
"2024-01-01 00:00:00","2024-01-01 00:00:00","VGRD","10 m above ground",-91.75,41.25,-4.68
"2024-01-01 00:00:00","2024-01-01 00:00:00","VGRD","10 m above ground",-91.5,41.25,-4.67
"2024-01-01 00:00:00","2024-01-01 00:00:00","VGRD","10 m above ground",-91.25,41.25,-4.77
"2024-01-01 00:00:00","2024-01-01 00:00:00","VGRD","10 m above ground",-91,41.25,-4.56
"2024-01-01 00:00:00","2024-01-01 00:00:00","VGRD","10 m above ground",-90.75,41.25,-4.49
"2024-01-01 00:00:00","2024-01-01 00:00:00","VGRD","10 m above ground",-90.5,41.25,-4.33
"2024-01-01 00:00:00","2024-01-01 00:00:00","VGRD","10 m above ground",-90.25,41.25,-4.07
"2024-01-01 00:00:00","2024-01-01 00:00:00","VGRD","10 m above ground",-90,41.25,-4.3
"2024-01-01 00:00:00","2024-01-01 00:00:00","VGRD","10 m above ground",-89.75,41.25,-4.57
"2024-01-01 00:00:00","2024-01-01 00:00:00","VGRD","10 m above ground",-89.5,41.25,-4.69
"2024-01-01 00:00:00","2024-01-01 00:00:00","VGRD","10 m above ground",-89.25,41.25,-4.73
"2024-01-01 00:00:00","2024-01-01 00:00:00","VGRD","10 m above ground",-89,41.25,-4.95
"2024-01-01 00:00:00","2024-01-01 00:00:00","VGRD","10 m above ground",-88.75,41.25,-5.1
"2024-01-01 00:00:00","2024-01-01 00:00:00","VGRD","10 m above ground",-88.5,41.25,-5.12
"2024-01-01 00:00:00","2024-01-01 00:00:00","VGRD","10 m above ground",-98.5,41.5,-1.69
"2024-01-01 00:00:00","2024-01-01 00:00:00","VGRD","10 m above ground",-98.25,41.5,-1.75
"2024-01-01 00:00:00","2024-01-01 00:00:00","VGRD","10 m above ground",-98,41.5,-2.1
"2024-01-01 00:00:00","2024-01-01 00:00:00","VGRD","10 m above ground",-97.75,41.5,-2.66
"2024-01-01 00:00:00","2024-01-01 00:00:00","VGRD","10 m above ground",-97.5,41.5,-2.73
"2024-01-01 00:00:00","2024-01-01 00:00:00","VGRD","10 m above ground",-97.25,41.5,-2.7
"2024-01-01 00:00:00","2024-01-01 00:00:00","VGRD","10 m above ground",-97,41.5,-3.51
"2024-01-01 00:00:00","2024-01-01 00:00:00","VGRD","10 m above ground",-96.75,41.5,-4.25
"2024-01-01 00:00:00","2024-01-01 00:00:00","VGRD","10 m above ground",-96.5,41.5,-4.16
"2024-01-01 00:00:00","2024-01-01 00:00:00","VGRD","10 m above ground",-96.25,41.5,-3.53
"2024-01-01 00:00:00","2024-01-01 00:00:00","VGRD","10 m above ground",-96,41.5,-2.91
"2024-01-01 00:00:00","2024-01-01 00:00:00","VGRD","10 m above ground",-95.75,41.5,-2.89
"2024-01-01 00:00:00","2024-01-01 00:00:00","VGRD","10 m above ground",-95.5,41.5,-2.49
"2024-01-01 00:00:00","2024-01-01 00:00:00","VGRD","10 m above ground",-95.25,41.5,-2.49
"2024-01-01 00:00:00","2024-01-01 00:00:00","VGRD","10 m above ground",-95,41.5,-2.84
"2024-01-01 00:00:00","2024-01-01 00:00:00","VGRD","10 m above ground",-94.75,41.5,-3.02
"2024-01-01 00:00:00","2024-01-01 00:00:00","VGRD","10 m above ground",-94.5,41.5,-3.14
"2024-01-01 00:00:00","2024-01-01 00:00:00","VGRD","10 m above ground",-94.25,41.5,-3.4
"2024-01-01 00:00:00","2024-01-01 00:00:00","VGRD","10 m above ground",-94,41.5,-3.54
"2024-01-01 00:00:00","2024-01-01 00:00:00","VGRD","10 m above ground",-93.75,41.5,-3.63
"2024-01-01 00:00:00","2024-01-01 00:00:00","VGRD","10 m above ground",-93.5,41.5,-3.94
"2024-01-01 00:00:00","2024-01-01 00:00:00","VGRD","10 m above ground",-93.25,41.5,-3.79
"2024-01-01 00:00:00","2024-01-01 00:00:00","VGRD","10 m above ground",-93,41.5,-3.81
"2024-01-01 00:00:00","2024-01-01 00:00:00","VGRD","10 m above ground",-92.75,41.5,-4.04
"2024-01-01 00:00:00","2024-01-01 00:00:00","VGRD","10 m above ground",-92.5,41.5,-4.43
"2024-01-01 00:00:00","2024-01-01 00:00:00","VGRD","10 m above ground",-92.25,41.5,-4.66
"2024-01-01 00:00:00","2024-01-01 00:00:00","VGRD","10 m above ground",-92,41.5,-4.63
"2024-01-01 00:00:00","2024-01-01 00:00:00","VGRD","10 m above ground",-91.75,41.5,-4.21
"2024-01-01 00:00:00","2024-01-01 00:00:00","VGRD","10 m above ground",-91.5,41.5,-4.19
"2024-01-01 00:00:00","2024-01-01 00:00:00","VGRD","10 m above ground",-91.25,41.5,-4.37
"2024-01-01 00:00:00","2024-01-01 00:00:00","VGRD","10 m above ground",-91,41.5,-4.45
"2024-01-01 00:00:00","2024-01-01 00:00:00","VGRD","10 m above ground",-90.75,41.5,-4.39
"2024-01-01 00:00:00","2024-01-01 00:00:00","VGRD","10 m above ground",-90.5,41.5,-4.34
"2024-01-01 00:00:00","2024-01-01 00:00:00","VGRD","10 m above ground",-90.25,41.5,-4.13
"2024-01-01 00:00:00","2024-01-01 00:00:00","VGRD","10 m above ground",-90,41.5,-4.09
"2024-01-01 00:00:00","2024-01-01 00:00:00","VGRD","10 m above ground",-89.75,41.5,-4.23
"2024-01-01 00:00:00","2024-01-01 00:00:00","VGRD","10 m above ground",-89.5,41.5,-4.44
"2024-01-01 00:00:00","2024-01-01 00:00:00","VGRD","10 m above ground",-89.25,41.5,-4.85
"2024-01-01 00:00:00","2024-01-01 00:00:00","VGRD","10 m above ground",-89,41.5,-5.28
"2024-01-01 00:00:00","2024-01-01 00:00:00","VGRD","10 m above ground",-88.75,41.5,-5.39
"2024-01-01 00:00:00","2024-01-01 00:00:00","VGRD","10 m above ground",-88.5,41.5,-5.25
"2024-01-01 00:00:00","2024-01-01 00:00:00","VGRD","10 m above ground",-98.5,41.75,-2.4
"2024-01-01 00:00:00","2024-01-01 00:00:00","VGRD","10 m above ground",-98.25,41.75,-2.41
"2024-01-01 00:00:00","2024-01-01 00:00:00","VGRD","10 m above ground",-98,41.75,-1.67
"2024-01-01 00:00:00","2024-01-01 00:00:00","VGRD","10 m above ground",-97.75,41.75,-1.88
"2024-01-01 00:00:00","2024-01-01 00:00:00","VGRD","10 m above ground",-97.5,41.75,-2.45
"2024-01-01 00:00:00","2024-01-01 00:00:00","VGRD","10 m above ground",-97.25,41.75,-3.02
"2024-01-01 00:00:00","2024-01-01 00:00:00","VGRD","10 m above ground",-97,41.75,-3.54
"2024-01-01 00:00:00","2024-01-01 00:00:00","VGRD","10 m above ground",-96.75,41.75,-4.2
"2024-01-01 00:00:00","2024-01-01 00:00:00","VGRD","10 m above ground",-96.5,41.75,-3.94
"2024-01-01 00:00:00","2024-01-01 00:00:00","VGRD","10 m above ground",-96.25,41.75,-3.12
"2024-01-01 00:00:00","2024-01-01 00:00:00","VGRD","10 m above ground",-96,41.75,-2.75
"2024-01-01 00:00:00","2024-01-01 00:00:00","VGRD","10 m above ground",-95.75,41.75,-2.88
"2024-01-01 00:00:00","2024-01-01 00:00:00","VGRD","10 m above ground",-95.5,41.75,-2.23
"2024-01-01 00:00:00","2024-01-01 00:00:00","VGRD","10 m above ground",-95.25,41.75,-2.71
"2024-01-01 00:00:00","2024-01-01 00:00:00","VGRD","10 m above ground",-95,41.75,-2.87
"2024-01-01 00:00:00","2024-01-01 00:00:00","VGRD","10 m above ground",-94.75,41.75,-2.87
"2024-01-01 00:00:00","2024-01-01 00:00:00","VGRD","10 m above ground",-94.5,41.75,-2.89
"2024-01-01 00:00:00","2024-01-01 00:00:00","VGRD","10 m above ground",-94.25,41.75,-3.01
"2024-01-01 00:00:00","2024-01-01 00:00:00","VGRD","10 m above ground",-94,41.75,-3.43
"2024-01-01 00:00:00","2024-01-01 00:00:00","VGRD","10 m above ground",-93.75,41.75,-3.7
"2024-01-01 00:00:00","2024-01-01 00:00:00","VGRD","10 m above ground",-93.5,41.75,-4.11
"2024-01-01 00:00:00","2024-01-01 00:00:00","VGRD","10 m above ground",-93.25,41.75,-3.8
"2024-01-01 00:00:00","2024-01-01 00:00:00","VGRD","10 m above ground",-93,41.75,-3.64
"2024-01-01 00:00:00","2024-01-01 00:00:00","VGRD","10 m above ground",-92.75,41.75,-4.07
"2024-01-01 00:00:00","2024-01-01 00:00:00","VGRD","10 m above ground",-92.5,41.75,-4.39
"2024-01-01 00:00:00","2024-01-01 00:00:00","VGRD","10 m above ground",-92.25,41.75,-4.5
"2024-01-01 00:00:00","2024-01-01 00:00:00","VGRD","10 m above ground",-92,41.75,-4.49
"2024-01-01 00:00:00","2024-01-01 00:00:00","VGRD","10 m above ground",-91.75,41.75,-4.36
"2024-01-01 00:00:00","2024-01-01 00:00:00","VGRD","10 m above ground",-91.5,41.75,-4.56
"2024-01-01 00:00:00","2024-01-01 00:00:00","VGRD","10 m above ground",-91.25,41.75,-4.3
"2024-01-01 00:00:00","2024-01-01 00:00:00","VGRD","10 m above ground",-91,41.75,-4.46
"2024-01-01 00:00:00","2024-01-01 00:00:00","VGRD","10 m above ground",-90.75,41.75,-4.53
"2024-01-01 00:00:00","2024-01-01 00:00:00","VGRD","10 m above ground",-90.5,41.75,-4.44
"2024-01-01 00:00:00","2024-01-01 00:00:00","VGRD","10 m above ground",-90.25,41.75,-4.19
"2024-01-01 00:00:00","2024-01-01 00:00:00","VGRD","10 m above ground",-90,41.75,-4.33
"2024-01-01 00:00:00","2024-01-01 00:00:00","VGRD","10 m above ground",-89.75,41.75,-3.88
"2024-01-01 00:00:00","2024-01-01 00:00:00","VGRD","10 m above ground",-89.5,41.75,-3.76
"2024-01-01 00:00:00","2024-01-01 00:00:00","VGRD","10 m above ground",-89.25,41.75,-4.64
"2024-01-01 00:00:00","2024-01-01 00:00:00","VGRD","10 m above ground",-89,41.75,-5.49
"2024-01-01 00:00:00","2024-01-01 00:00:00","VGRD","10 m above ground",-88.75,41.75,-5.82
"2024-01-01 00:00:00","2024-01-01 00:00:00","VGRD","10 m above ground",-88.5,41.75,-5.81
